,hsa_js,add_js
0,1.2000000000000002,0.0
1,1.2000000000000002,0.0
2,1.2000000000000002,0.0
3,1.2000000000000002,0.0
4,1.2000000000000002,0.0
5,1.3,0.0
6,1.3,0.0
7,1.3,0.0
8,1.3,0.0
9,1.3,0.0
10,1.3,0.0
11,1.3,0.0
12,1.3,0.0
13,1.3,0.0
14,1.3,0.0
15,1.3,0.0
16,1.3,0.0
17,1.3,0.0
18,1.3,0.0
19,1.3,0.0
20,1.3,0.0
21,1.3,0.0
22,1.3,0.0
23,1.3,0.0
24,1.3,0.0
25,1.3,0.0
26,1.3,0.0
27,2.7,0.0
28,2.7,0.0
29,2.7,0.0
30,2.7,0.0
31,2.7,0.0
32,2.7,0.0
33,2.7,0.0
34,3.1,0.0
35,3.1,0.0
36,3.1,0.0
37,3.1,0.0
38,3.1,0.0
39,3.1,0.0
40,3.1,0.0
41,3.1,0.0
42,3.1,0.0
43,3.1,0.0
44,3.4000000000000004,0.0
45,3.4000000000000004,0.0
46,3.4000000000000004,0.0
47,3.4000000000000004,0.0
48,3.4000000000000004,0.0
49,3.4000000000000004,0.0
50,3.4000000000000004,0.0
51,3.4000000000000004,0.0
52,3.4000000000000004,0.0
53,3.4000000000000004,0.0
54,3.4000000000000004,0.0
55,3.4000000000000004,0.0
56,3.4000000000000004,0.0
57,3.4000000000000004,0.0
58,3.4000000000000004,0.0
59,3.4000000000000004,0.0
60,3.4000000000000004,0.0
61,3.8000000000000003,0.0
62,3.8000000000000003,0.0
63,3.8000000000000003,0.0
64,3.8000000000000003,0.0
65,3.8000000000000003,0.0
66,3.8000000000000003,0.0
67,3.8000000000000003,0.0
68,3.8000000000000003,0.0
69,3.8000000000000003,0.0
70,3.8000000000000003,0.0
71,3.8000000000000003,0.0
72,3.8000000000000003,0.0
73,3.8000000000000003,0.0
74,3.8000000000000003,0.0
75,3.8000000000000003,0.0
76,3.8000000000000003,0.0
77,3.8000000000000003,0.0
78,3.8000000000000003,0.0
79,3.8000000000000003,0.0
80,3.9000000000000004,0.0
81,3.9000000000000004,0.0
82,3.9000000000000004,0.0
83,3.9000000000000004,0.0
84,3.9000000000000004,0.0
85,3.9000000000000004,0.0
86,3.9000000000000004,0.0
87,3.9000000000000004,0.0
88,3.9000000000000004,0.0
89,3.9000000000000004,0.0
90,3.9000000000000004,0.0
91,3.9000000000000004,0.0
92,3.9000000000000004,0.0
93,3.9000000000000004,0.0
94,3.9000000000000004,0.0
95,3.9000000000000004,0.0
96,3.9000000000000004,0.0
97,4.1000000000000005,0.0
98,4.1000000000000005,0.0
99,4.1000000000000005,0.0
100,4.1000000000000005,0.0
101,4.1000000000000005,0.0
102,4.1000000000000005,0.0
103,4.1000000000000005,0.0
104,4.1000000000000005,0.0
105,4.1000000000000005,0.0
106,4.1000000000000005,0.0
107,4.1000000000000005,0.0
108,4.1000000000000005,0.0
109,4.1000000000000005,0.0
110,4.1000000000000005,0.0
111,4.1000000000000005,0.0
112,4.1000000000000005,0.0
113,4.7,0.0
114,4.7,0.0
115,4.7,0.0
116,4.7,0.0
117,4.7,0.0
118,4.7,0.0
119,4.7,0.0
120,4.7,0.0
121,4.7,0.0
122,4.7,0.0
123,4.7,0.0
124,4.7,0.0
125,4.7,0.0
126,4.7,0.0
127,4.7,0.0
128,4.7,0.0
129,4.7,0.0
130,4.7,0.0
131,4.7,0.0
132,4.7,0.0
133,4.7,0.0
134,4.7,0.0
135,4.7,0.0
136,4.7,0.0
137,4.7,0.0
138,4.7,0.0
139,4.7,0.0
140,4.9,0.0
141,4.9,0.0
142,4.9,0.0
143,4.9,0.0
144,4.9,0.0
145,4.9,0.0
146,4.9,0.0
147,4.9,0.0
148,4.9,0.0
149,4.9,0.0
150,4.9,0.0
151,4.9,0.0
152,4.9,0.0
153,4.9,0.0
154,4.9,0.0
155,5.0,0.0
156,5.0,0.0
157,5.0,0.0
158,5.0,0.0
159,5.0,0.0
160,5.0,0.0
161,5.0,0.0
162,5.0,0.0
163,5.0,0.0
164,5.0,0.0
165,5.0,0.0
166,5.0,0.0
167,5.0,0.0
168,5.0,0.0
169,5.0,0.0
170,5.0,0.0
171,5.0,0.0
172,5.2,0.0
173,5.2,0.0
174,5.2,0.0
175,5.2,0.0
176,5.2,0.0
177,5.2,0.0
178,5.2,0.0
179,5.2,0.0
180,5.2,0.0
181,5.2,0.0
182,5.4,0.0
183,5.4,0.0
184,5.4,0.0
185,5.4,0.0
186,5.4,0.0
187,5.4,0.0
188,5.4,0.0
189,5.4,0.0
190,5.4,0.0
191,5.4,0.0
192,5.4,0.0
193,5.4,0.0
194,5.4,0.0
195,5.4,0.0
196,5.5,0.0
197,5.5,0.0
198,5.5,0.0
199,5.5,0.0
200,5.5,0.0
201,5.5,0.0
202,5.5,0.0
203,5.5,0.0
204,5.5,0.0
205,5.5,0.0
206,5.5,0.0
207,5.5,0.0
208,5.5,0.0
209,5.5,0.0
210,5.5,0.0
211,5.5,0.0
212,5.9,0.0
213,5.9,0.0
214,5.9,0.0
215,5.9,0.0
216,5.9,0.0
217,5.9,0.0
218,5.9,0.0
219,5.9,0.0
220,5.9,0.0
221,5.9,0.0
222,5.9,0.0
223,5.9,0.0
224,5.9,0.0
225,5.9,0.0
226,5.9,0.0
227,5.9,0.0
228,5.9,0.0
229,5.9,0.0
230,5.9,0.0
231,5.9,0.0
232,5.9,0.0
233,5.9,0.0
234,5.9,0.0
235,7.800000000000001,0.0
236,7.800000000000001,0.0
237,7.800000000000001,0.0
238,7.800000000000001,0.0
239,7.800000000000001,0.0
240,7.800000000000001,0.0
241,7.800000000000001,0.0
242,7.800000000000001,0.0
243,7.800000000000001,0.0
244,7.800000000000001,0.0
245,7.800000000000001,0.0
246,7.800000000000001,0.0
247,7.800000000000001,0.0
248,7.800000000000001,0.0
249,7.800000000000001,0.0
250,7.800000000000001,0.0
251,7.800000000000001,0.0
252,7.800000000000001,0.0
253,7.800000000000001,0.0
254,7.800000000000001,0.0
255,8.200000000000001,0.0
256,8.200000000000001,0.0
257,8.200000000000001,0.0
258,8.200000000000001,0.0
259,8.200000000000001,0.0
260,8.200000000000001,0.0
261,8.200000000000001,0.0
262,8.200000000000001,0.0
263,8.200000000000001,0.0
264,8.200000000000001,0.0
265,8.200000000000001,0.0
266,8.200000000000001,0.0
267,8.200000000000001,0.0
268,8.200000000000001,0.0
269,8.200000000000001,0.0
270,9.1,0.0
271,9.1,0.0
272,9.1,0.0
273,9.1,0.0
274,9.1,0.0
275,9.1,0.0
276,9.1,0.0
277,9.1,0.0
278,9.1,0.0
279,9.1,0.0
280,9.1,0.0
281,9.1,0.0
282,9.1,0.0
283,9.1,0.0
284,9.1,0.0
285,9.1,0.0
286,9.1,0.0
287,9.1,0.0
288,9.1,0.0
289,9.1,0.0
290,9.1,0.0
291,9.1,0.0
292,9.1,0.0
293,9.1,0.0
294,9.1,0.0
295,9.1,0.0
296,9.1,0.0
297,9.1,0.0
298,9.1,0.0
299,9.1,0.0
300,9.1,0.0
301,9.1,0.0
302,9.1,0.0
303,9.1,0.0
304,9.1,0.0
305,9.1,0.0
306,9.1,0.0
307,9.1,0.0
308,9.1,0.0
309,9.1,0.0
310,9.1,0.0
311,9.1,0.0
312,9.200000000000001,0.0
313,9.200000000000001,0.0
314,9.200000000000001,0.0
315,9.200000000000001,0.0
316,9.200000000000001,0.0
317,9.200000000000001,0.0
318,9.200000000000001,0.0
319,9.200000000000001,0.0
320,9.200000000000001,0.0
321,9.200000000000001,0.0
322,9.200000000000001,0.0
323,9.200000000000001,0.0
324,9.200000000000001,0.0
325,9.200000000000001,0.0
326,9.200000000000001,0.0
327,9.200000000000001,0.0
328,9.200000000000001,0.0
329,9.200000000000001,0.0
330,9.200000000000001,0.0
331,9.200000000000001,0.0
332,9.200000000000001,0.0
333,9.200000000000001,0.0
334,9.200000000000001,0.0
335,9.200000000000001,0.0
336,9.200000000000001,0.0
337,9.700000000000001,0.0
338,9.700000000000001,0.0
339,9.700000000000001,0.0
340,9.700000000000001,0.0
341,9.700000000000001,0.0
342,9.700000000000001,0.0
343,9.700000000000001,0.0
344,9.700000000000001,0.0
345,9.700000000000001,0.0
346,9.700000000000001,0.0
347,9.700000000000001,0.0
348,9.700000000000001,0.0
349,9.700000000000001,0.0
350,9.700000000000001,0.0
351,9.700000000000001,0.0
352,9.700000000000001,0.0
353,9.700000000000001,0.0
354,9.700000000000001,0.0
355,9.700000000000001,0.0
356,9.700000000000001,0.0
357,11.3,0.0
358,11.3,0.0
359,11.3,0.0
360,11.3,0.0
361,11.3,0.0
362,11.3,0.0
363,11.3,0.0
364,11.3,0.0
365,11.3,0.0
366,11.3,0.0
367,11.3,0.0
368,11.3,0.0
369,11.3,0.0
370,11.3,0.0
371,11.3,0.0
372,11.3,0.0
373,11.3,0.0
374,11.3,0.0
375,11.3,0.0
376,11.3,0.0
377,11.3,0.0
378,11.3,0.0
379,11.5,0.0
380,11.5,0.0
381,11.5,0.0
382,11.5,0.0
383,11.5,0.0
384,11.5,0.0
385,11.5,0.0
386,11.5,0.0
387,11.5,0.0
388,11.5,0.0
389,11.5,0.0
390,11.5,0.0
391,11.5,0.0
392,11.5,0.0
393,11.5,0.0
394,11.5,0.0
395,11.5,0.0
396,11.5,0.0
397,11.5,0.0
398,11.5,0.0
399,11.5,0.0
400,11.5,0.0
401,11.5,0.0
402,11.5,0.0
403,11.5,0.0
404,11.5,0.0
405,11.5,0.0
406,11.5,0.0
407,11.5,0.0
408,11.5,0.0
409,11.5,0.0
410,11.5,0.0
411,11.5,0.0
412,11.5,0.0
413,11.5,0.0
414,11.5,0.0
415,11.5,0.0
416,11.5,0.0
417,11.5,0.0
418,11.5,0.0
419,11.5,0.0
420,11.5,0.0
421,11.5,0.0
422,11.5,0.0
423,11.5,0.0
424,11.5,0.0
425,11.5,0.0
426,11.5,0.0
427,11.5,0.0
428,11.600000000000001,0.0
429,11.600000000000001,0.0
430,11.600000000000001,0.0
431,11.600000000000001,0.0
432,11.600000000000001,0.0
433,11.600000000000001,0.0
434,11.600000000000001,0.0
435,11.600000000000001,0.0
436,11.600000000000001,0.0
437,11.600000000000001,0.0
438,11.600000000000001,0.0
439,11.600000000000001,0.0
440,11.600000000000001,0.0
441,11.600000000000001,0.0
442,11.600000000000001,0.0
443,11.600000000000001,0.0
444,11.600000000000001,0.0
445,11.600000000000001,0.0
446,11.600000000000001,0.0
447,11.600000000000001,0.0
448,11.600000000000001,0.0
449,11.600000000000001,0.0
450,11.600000000000001,0.0
451,11.600000000000001,0.0
452,11.600000000000001,0.0
453,11.600000000000001,0.0
454,11.600000000000001,0.0
455,11.600000000000001,0.0
456,11.600000000000001,0.0
457,11.600000000000001,0.0
458,11.600000000000001,0.0
459,11.600000000000001,0.0
460,11.600000000000001,0.0
461,11.600000000000001,0.0
462,11.600000000000001,0.0
463,11.600000000000001,0.0
464,11.600000000000001,0.0
465,12.3,0.0
466,12.3,0.0
467,12.3,0.0
468,12.3,0.0
469,12.3,0.0
470,12.3,0.0
471,12.3,0.0
472,12.3,0.0
473,12.3,0.0
474,12.3,0.0
475,12.3,0.0
476,12.3,0.0
477,12.3,0.0
478,12.3,0.0
479,12.3,0.0
480,12.3,0.0
481,12.3,0.0
482,12.3,0.0
483,12.3,0.0
484,12.3,0.0
485,12.3,0.0
486,12.3,0.0
487,12.3,0.0
488,12.3,0.0
489,12.3,0.0
490,12.3,0.0
491,13.200000000000001,0.0
492,13.200000000000001,0.0
493,13.200000000000001,0.0
494,13.200000000000001,0.0
495,13.200000000000001,0.0
496,13.200000000000001,0.0
497,13.200000000000001,0.0
498,13.200000000000001,0.0
499,13.200000000000001,0.0
500,13.200000000000001,0.0
501,13.200000000000001,0.0
502,13.200000000000001,0.0
503,13.200000000000001,0.0
504,13.200000000000001,0.0
505,13.200000000000001,0.0
506,13.200000000000001,0.0
507,13.200000000000001,0.0
508,13.200000000000001,0.0
509,13.200000000000001,0.0
510,13.200000000000001,0.0
511,13.200000000000001,0.0
512,13.200000000000001,0.0
513,13.200000000000001,0.0
514,13.200000000000001,0.0
515,13.200000000000001,0.0
516,13.8,0.0
517,13.8,0.0
518,13.8,0.0
519,13.8,0.0
520,13.8,0.0
521,13.8,0.0
522,13.8,0.0
523,13.8,0.0
524,13.8,0.0
525,13.8,0.0
526,13.8,0.0
527,13.8,0.0
528,13.8,0.0
529,13.8,0.0
530,13.8,0.0
531,14.8,0.0
532,14.8,0.0
533,14.8,0.0
534,14.8,0.0
535,14.8,0.0
536,14.8,0.0
537,14.8,0.0
538,14.8,0.0
539,14.8,0.0
540,14.8,0.0
541,14.8,0.0
542,14.8,0.0
543,14.8,0.0
544,14.8,0.0
545,14.8,0.0
546,14.8,0.0
547,14.8,0.0
548,14.8,0.0
549,14.8,0.0
550,14.8,0.0
551,14.8,0.0
552,14.8,0.0
553,14.8,0.0
554,14.8,0.0
555,15.100000000000001,0.0
556,15.100000000000001,0.0
557,15.100000000000001,0.0
558,15.100000000000001,0.0
559,15.100000000000001,0.0
560,15.100000000000001,0.0
561,15.100000000000001,0.0
562,15.100000000000001,0.0
563,15.100000000000001,0.0
564,15.100000000000001,0.0
565,15.100000000000001,0.0
566,15.100000000000001,0.0
567,15.100000000000001,0.0
568,15.100000000000001,0.0
569,15.100000000000001,0.0
570,15.100000000000001,0.0
571,15.100000000000001,0.0
572,15.100000000000001,0.0
573,15.100000000000001,0.0
574,15.100000000000001,0.0
575,15.100000000000001,0.0
576,15.100000000000001,0.0
577,15.100000000000001,0.0
578,15.100000000000001,0.0
579,15.100000000000001,0.0
580,15.100000000000001,0.0
581,15.100000000000001,0.0
582,15.100000000000001,0.0
583,15.100000000000001,0.0
584,15.100000000000001,0.0
585,15.100000000000001,0.0
586,15.100000000000001,0.0
587,15.100000000000001,0.0
588,15.100000000000001,0.0
589,15.100000000000001,0.0
590,15.100000000000001,0.0
591,15.100000000000001,0.0
592,15.100000000000001,0.0
593,15.100000000000001,0.0
594,15.100000000000001,0.0
595,15.100000000000001,0.0
596,15.100000000000001,0.0
597,15.100000000000001,0.0
598,15.100000000000001,0.0
599,15.100000000000001,0.0
600,15.100000000000001,0.0
601,15.100000000000001,0.0
602,15.200000000000001,0.0
603,15.200000000000001,0.0
604,15.200000000000001,0.0
605,15.200000000000001,0.0
606,15.200000000000001,0.0
607,15.200000000000001,0.0
608,15.200000000000001,0.0
609,15.200000000000001,0.0
610,15.200000000000001,0.0
611,15.200000000000001,0.0
612,15.200000000000001,0.0
613,15.200000000000001,0.0
614,15.200000000000001,0.0
615,15.200000000000001,0.0
616,15.200000000000001,0.0
617,15.200000000000001,0.0
618,15.200000000000001,0.0
619,15.200000000000001,0.0
620,15.200000000000001,0.0
621,15.200000000000001,0.0
622,15.700000000000001,0.0
623,15.700000000000001,0.0
624,15.700000000000001,0.0
625,15.700000000000001,0.0
626,15.700000000000001,0.0
627,15.700000000000001,0.0
628,15.700000000000001,0.0
629,15.700000000000001,0.0
630,15.700000000000001,0.0
631,15.700000000000001,0.0
632,15.700000000000001,0.0
633,15.700000000000001,0.0
634,15.700000000000001,0.0
635,15.700000000000001,0.0
636,15.700000000000001,0.0
637,15.700000000000001,0.0
638,15.700000000000001,0.0
639,15.8,0.0
640,15.8,0.0
641,15.8,0.0
642,15.8,0.0
643,15.8,0.0
644,15.8,0.0
645,15.8,0.0
646,15.8,0.0
647,15.8,0.0
648,15.8,0.0
649,15.8,0.0
650,15.8,0.0
651,15.8,0.0
652,15.8,0.0
653,15.8,0.0
654,15.8,0.0
655,15.8,0.0
656,15.8,0.0
657,15.9,0.0
658,15.9,0.0
659,15.9,0.0
660,15.9,0.0
661,15.9,0.0
662,15.9,0.0
663,15.9,0.0
664,15.9,0.0
665,15.9,0.0
666,15.9,0.0
667,15.9,0.0
668,15.9,0.0
669,15.9,0.0
670,15.9,0.0
671,15.9,0.0
672,15.9,0.0
673,15.9,0.0
674,15.9,0.0
675,15.9,0.0
676,16.2,0.0
677,16.2,0.0
678,16.2,0.0
679,16.2,0.0
680,16.2,0.0
681,16.2,0.0
682,16.2,0.0
683,16.2,0.0
684,16.2,0.0
685,16.2,0.0
686,16.2,0.0
687,16.2,0.0
688,16.2,0.0
689,16.2,0.0
690,16.2,0.0
691,16.2,0.0
692,16.2,0.0
693,16.2,0.0
694,16.2,0.0
695,16.2,0.0
696,16.2,0.0
697,16.2,0.0
698,16.2,0.0
699,16.2,0.0
700,16.2,0.0
701,16.2,0.0
702,16.2,0.0
703,16.2,0.0
704,16.2,0.0
705,16.2,0.0
706,16.2,0.0
707,16.2,0.0
708,16.2,0.0
709,16.2,0.0
710,16.2,0.0
711,16.2,0.0
712,16.2,0.0
713,16.2,0.0
714,16.2,0.0
715,16.2,0.0
716,16.2,0.0
717,16.5,0.0
718,16.5,0.0
719,16.5,0.0
720,16.5,0.0
721,16.5,0.0
722,16.5,0.0
723,16.5,0.0
724,16.5,0.0
725,16.5,0.0
726,16.5,0.0
727,16.5,0.0
728,16.5,0.0
729,16.5,0.0
730,16.5,0.0
731,16.5,0.0
732,16.5,0.0
733,16.5,0.0
734,16.5,0.008888999386734042
735,16.5,0.03487809324913016
736,16.5,0.046491969568891456
737,16.5,0.046491969568891456
738,16.5,0.046491969568891456
739,16.5,0.07445345001905324
740,16.5,0.07445345001905679
741,16.5,0.07445345001905679
742,16.5,0.07828220045414369
743,16.5,0.13197752473770308
744,16.5,0.146491969568892
745,16.5,0.14938093580626344
746,16.5,0.14938093580626344
747,16.5,0.14938093580626344
748,16.5,0.17445345001905466
749,16.5,0.22076199316017764
750,16.5,0.24649196956889163
751,16.5,0.24649196956889163
752,16.5,0.2665406991198793
753,16.5,0.2744534500190525
754,16.6,0.2744534500190525
755,16.6,0.2744534500190561
756,16.6,0.34649196956889217
757,16.6,0.34649196956889217
758,16.6,0.34649196956889217
759,16.6,0.3493809358062663
760,16.6,0.3493809358062663
761,16.6,0.3493809358062663
762,16.6,0.3493809358062663
763,16.6,0.3493809358062663
764,16.6,0.3493809358062663
765,16.6,0.3493809358062663
766,16.6,0.4319775247377038
767,16.6,0.43487809324912874
768,16.6,0.4493809358062606
769,16.6,0.4493809358062606
770,16.6,0.4493809358062606
771,16.6,0.47445345001905537
772,16.6,0.5050602489516471
773,16.6,0.5319775247377052
774,16.6,0.549380935806262
775,16.6,0.5744534500190568
776,16.6,0.616674125271409
777,16.6,0.6493809358062634
778,16.6,0.6493809358062634
779,16.6,0.6744534500190547
780,16.6,0.6744534500190547
781,16.6,0.6879120879120855
782,16.6,0.6879120879120855
783,16.6,0.7319775247377045
784,16.6,0.7744534500190561
785,16.6,0.8088889993867312
786,16.6,0.8319775247377059
787,16.6,0.8348780932491309
788,16.6,0.8348780932491309
789,16.6,0.8348780932491309
790,16.6,0.8464919695688922
791,16.6,0.8464919695688922
792,16.6,0.8493809358062663
793,16.6,0.8493809358062663
794,16.6,0.8493809358062663
795,16.6,0.8744534500190575
796,16.6,0.8744534500190575
797,16.6,0.8744534500190575
798,16.6,0.8744534500190575
799,16.6,0.9088889993867326
800,16.6,0.9319775247377056
801,16.6,0.9359339001872868
802,16.6,0.9493809358062606
803,16.6,0.9493809358062606
804,16.6,0.9744534500190518
805,16.6,0.9744534500190554
806,16.6,1.02181780009834
807,16.6,1.0359339001872883
808,16.6,1.0464919695688915
809,16.6,1.0464919695688915
810,16.6,1.049380935806262
811,16.6,1.049380935806262
812,16.6,1.0744534500190532
813,16.6,1.1088889993867355
814,16.6,1.1207619931601798
815,16.6,1.1359339001872897
816,16.6,1.1359339001872897
817,16.6,1.1493809358062634
818,16.6,1.1493809358062634
819,16.6,1.1493809358062634
820,16.6,1.1493809358062634
821,16.6,1.1493809358062634
822,16.6,1.1493809358062634
823,16.6,1.1493809358062634
824,16.6,1.1744534500190547
825,16.6,1.1744534500190547
826,16.6,1.2088889993867333
827,16.6,1.2464919695688916
828,16.6,1.2464919695688916
829,16.6,1.2493809358062578
830,16.6,1.3088889993867312
831,16.6,1.328415626605672
832,16.6,1.3348780932491309
833,16.6,1.3464919695688913
834,16.6,1.3493809358062663
835,16.6,1.3493809358062663
836,16.6,1.3493809358062663
837,16.6,1.3493809358062663
838,16.6,1.3744534500190504
839,16.6,1.4359339001872868
840,16.6,1.4493809358062606
841,16.6,1.4493809358062606
842,16.6,1.4493809358062677
843,16.6,1.4879120879120862
844,18.8,1.5319775247377052
845,18.8,1.5319775247377052
846,18.8,1.5359339001872883
847,18.8,1.5464919695688915
848,18.8,1.5744534500190532
849,18.8,1.6493809358062634
850,18.8,1.6493809358062634
851,18.8,1.6493809358062634
852,18.8,1.6493809358062634
853,18.8,1.6493809358062634
854,18.8,1.6744534500190547
855,18.8,1.6744534500190547
856,18.8,1.6879120879120855
857,18.8,1.7493809358062578
858,18.8,1.787912087912087
859,18.8,1.831977524737706
860,18.8,1.8348780932491273
861,18.8,1.8493809358062663
862,18.8,1.8493809358062663
863,18.8,1.8493809358062663
864,18.8,1.8744534500190575
865,18.8,1.9319775247377038
866,18.8,1.9493809358062606
867,18.8,2.0464919695688915
868,18.8,2.0464919695688915
869,18.8,2.0830313979635235
870,18.8,2.1207619931601798
871,18.8,2.1348780932491316
872,18.8,2.1744534500190547
873,18.8,2.1744534500190547
874,18.8,2.1879120879120855
875,18.8,2.2319775247377045
876,18.8,2.2464919695688916
877,18.8,2.274453450019056
878,18.8,2.274453450019056
879,18.8,2.331977524737706
880,18.8,2.331977524737706
881,18.8,2.334878093249131
882,18.8,2.335933900187289
883,18.8,2.346491969568892
884,18.8,2.346491969568892
885,18.8,2.360337349930102
886,18.8,2.3744534500190575
887,18.8,2.3744534500190575
888,18.8,2.4319775247377056
889,18.8,2.4348780932491287
890,18.8,2.4493809358062606
891,18.8,2.4493809358062606
892,18.8,2.4493809358062606
893,18.8,2.4744534500190554
894,18.8,2.5319775247377034
895,18.8,2.5359339001872883
896,18.8,2.549380935806262
897,18.8,2.587912087912084
898,18.8,2.631977524737705
899,18.8,2.631977524737705
900,18.8,2.6348780932491316
901,18.8,2.6348780932491316
902,18.8,2.7284156266056723
903,18.8,2.7656163846209054
904,18.8,2.787912087912087
905,18.8,2.808888999386731
906,18.8,2.831977524737704
907,18.8,2.846491969568892
908,18.8,2.8493809358062663
909,18.8,2.8493809358062663
910,18.8,2.8493809358062663
911,18.8,2.8493809358062663
912,18.8,2.8493809358062663
913,18.8,2.931977524737704
914,18.8,2.931977524737704
915,18.8,2.931977524737704
916,18.8,2.931977524737704
917,18.8,2.931977524737704
918,18.8,2.9348780932491287
919,18.8,2.946491969568892
920,18.8,2.9493809358062606
921,18.8,2.9493809358062606
922,18.8,2.9493809358062606
923,18.8,3.008888999386734
924,18.8,3.031977524737705
925,18.8,3.031977524737705
926,18.8,3.03487809324913
927,18.8,3.057305288979496
928,18.8,3.131977524737705
929,18.8,3.131977524737705
930,18.8,3.131977524737705
931,19.900000000000002,3.146491969568893
932,19.900000000000002,3.1744534500190547
933,19.900000000000002,3.2348780932491294
934,19.900000000000002,3.274453450019056
935,19.900000000000002,3.2879120879120833
936,19.900000000000002,3.288967894850245
937,19.900000000000002,3.334878093249131
938,19.900000000000002,3.374453450019054
939,19.900000000000002,3.374453450019054
940,19.900000000000002,3.374453450019054
941,19.900000000000002,3.377098768501482
942,19.900000000000002,3.38527837170371
943,19.900000000000002,3.3879120879120848
944,19.900000000000002,3.4348780932491287
945,19.900000000000002,3.4493809358062606
946,19.900000000000002,3.4493809358062606
947,19.900000000000002,3.4493809358062606
948,19.900000000000002,3.4493809358062606
949,19.900000000000002,3.4493809358062606
950,19.900000000000002,3.4493809358062606
951,19.900000000000002,3.4493809358062606
952,19.900000000000002,3.474453450019052
953,19.900000000000002,3.474453450019052
954,19.900000000000002,3.4744534500190554
955,19.900000000000002,3.487912087912086
956,19.900000000000002,3.5449024580246267
957,19.900000000000002,3.5464919695688915
958,19.900000000000002,3.5464919695688915
959,19.900000000000002,3.5464919695688915
960,19.900000000000002,3.5744534500190532
961,19.900000000000002,3.5744534500190532
962,19.900000000000002,3.587912087912084
963,19.900000000000002,3.646491969568893
964,19.900000000000002,3.6879120879120855
965,19.900000000000002,3.735933900187291
966,19.900000000000002,3.749380935806265
967,19.900000000000002,3.7744534500190525
968,19.900000000000002,3.774453450019056
969,19.900000000000002,3.774453450019056
970,19.900000000000002,3.846491969568892
971,19.900000000000002,3.8493809358062663
972,19.900000000000002,3.8493809358062663
973,19.900000000000002,3.8493809358062663
974,19.900000000000002,3.8493809358062663
975,19.900000000000002,3.874453450019054
976,19.900000000000002,3.874453450019054
977,19.900000000000002,3.877098768501482
978,19.900000000000002,3.9088889993867326
979,19.900000000000002,3.931977524737704
980,19.900000000000002,3.9348780932491287
981,19.900000000000002,3.9348780932491287
982,19.900000000000002,3.9359339001872904
983,19.900000000000002,3.974453450019052
984,19.900000000000002,3.974453450019052
985,19.900000000000002,3.9744534500190554
986,19.900000000000002,3.9744534500190554
987,19.900000000000002,3.9744534500190554
988,20.1,4.031977524737705
989,20.1,4.031977524737705
990,20.1,4.0464919695688915
991,20.1,4.049380935806262
992,20.1,4.049380935806262
993,20.1,4.049380935806262
994,20.1,4.049380935806262
995,20.1,4.060472709793974
996,20.1,4.074453450019053
997,20.1,4.074453450019053
998,20.1,4.074453450019053
999,20.1,4.087912087912084
1000,20.1,4.131977524737707
1001,20.1,4.134878093249128
1002,20.1,4.134878093249132
1003,20.1,4.134878093249132
1004,20.1,4.13593390018729
1005,20.1,4.174453450019055
1006,20.1,4.174453450019055
1007,20.1,4.208888999386733
1008,20.1,4.234878093249133
1009,20.1,4.249380935806258
1010,20.1,4.249380935806258
1011,20.1,4.274453450019056
1012,20.1,4.274453450019056
1013,20.1,4.274453450019056
1014,20.1,4.331977524737702
1015,20.1,4.331977524737706
1016,20.1,4.346491969568892
1017,20.1,4.346491969568892
1018,20.1,4.349380935806266
1019,20.1,4.349380935806266
1020,20.1,4.349380935806266
1021,20.1,4.349380935806266
1022,20.1,4.349380935806266
1023,20.1,4.3744534500190575
1024,20.1,4.408888999386733
1025,20.1,4.408888999386733
1026,20.1,4.420761993160177
1027,20.1,4.431977524737704
1028,20.1,4.435933900187287
1029,20.1,4.435933900187287
1030,20.1,4.449380935806261
1031,20.1,4.53487809324913
1032,20.1,4.574453450019053
1033,20.1,4.587912087912084
1034,20.200000000000003,4.595569588782258
1035,20.200000000000003,4.646491969568893
1036,20.200000000000003,4.646491969568893
1037,20.200000000000003,4.649380935806263
1038,20.200000000000003,4.649380935806263
1039,20.200000000000003,4.649380935806263
1040,20.200000000000003,4.649380935806263
1041,20.200000000000003,4.659150050552764
1042,20.200000000000003,4.674453450019055
1043,20.200000000000003,4.689629224470853
1044,20.200000000000003,4.7348780932491294
1045,20.200000000000003,4.749380935806265
1046,20.200000000000003,4.749380935806265
1047,20.200000000000003,4.749380935806265
1048,20.200000000000003,4.749380935806265
1049,20.200000000000003,4.749380935806265
1050,20.200000000000003,4.749380935806265
1051,20.200000000000003,4.749380935806265
1052,20.200000000000003,4.749380935806265
1053,20.200000000000003,4.808888999386731
1054,20.200000000000003,4.820761993160179
1055,20.200000000000003,4.831977524737702
1056,20.200000000000003,4.849380935806266
1057,20.200000000000003,4.849380935806266
1058,20.200000000000003,4.849380935806266
1059,20.200000000000003,4.849380935806266
1060,20.200000000000003,4.860337349930102
1061,20.200000000000003,4.874453450019054
1062,20.200000000000003,4.8744534500190575
1063,20.200000000000003,4.931977524737704
1064,20.200000000000003,4.931977524737704
1065,20.200000000000003,4.934878093249129
1066,20.200000000000003,4.934878093249129
1067,20.200000000000003,4.935933900187287
1068,20.200000000000003,4.949380935806268
1069,20.200000000000003,5.031977524737705
1070,20.200000000000003,5.031977524737705
1071,20.200000000000003,5.035933900187288
1072,20.200000000000003,5.049380935806262
1073,20.200000000000003,5.049380935806262
1074,20.200000000000003,5.049380935806262
1075,20.200000000000003,5.049380935806262
1076,20.200000000000003,5.087912087912088
1077,20.200000000000003,5.149380935806263
1078,20.200000000000003,5.149380935806263
1079,20.200000000000003,5.174453450019055
1080,20.200000000000003,5.174453450019055
1081,20.200000000000003,5.220761993160178
1082,20.200000000000003,5.246491969568891
1083,20.200000000000003,5.249380935806265
1084,20.200000000000003,5.274453450019056
1085,20.200000000000003,5.274453450019056
1086,20.200000000000003,5.331977524737702
1087,20.200000000000003,5.331977524737702
1088,20.200000000000003,5.349380935806266
1089,20.200000000000003,5.349380935806266
1090,20.200000000000003,5.349380935806266
1091,20.400000000000002,5.349380935806266
1092,20.400000000000002,5.349380935806266
1093,20.400000000000002,5.349380935806266
1094,20.400000000000002,5.349380935806266
1095,20.400000000000002,5.349380935806266
1096,20.400000000000002,5.3744534500190575
1097,20.400000000000002,5.3744534500190575
1098,20.400000000000002,5.431977524737704
1099,20.400000000000002,5.431977524737704
1100,20.400000000000002,5.446491969568892
1101,20.400000000000002,5.505327101254704
1102,20.400000000000002,5.508888999386734
1103,20.400000000000002,5.532105149752201
1104,20.400000000000002,5.5464919695688915
1105,20.400000000000002,5.5464919695688915
1106,20.400000000000002,5.5464919695688915
1107,20.400000000000002,5.549380935806262
1108,20.400000000000002,5.549380935806269
1109,20.400000000000002,5.574453450019053
1110,20.400000000000002,5.574453450019057
1111,20.400000000000002,5.574453450019057
1112,20.400000000000002,5.631977524737703
1113,20.400000000000002,5.631977524737707
1114,20.400000000000002,5.631977524737707
1115,20.400000000000002,5.7319775247377045
1116,20.400000000000002,5.749380935806265
1117,20.400000000000002,5.749380935806265
1118,20.400000000000002,5.749380935806265
1119,20.400000000000002,5.749380935806265
1120,20.400000000000002,5.774453450019056
1121,20.400000000000002,5.820761993160179
1122,20.400000000000002,5.831977524737706
1123,20.400000000000002,5.834878093249127
1124,20.400000000000002,5.835933900187289
1125,20.400000000000002,5.849380935806266
1126,20.400000000000002,5.874453450019054
1127,20.400000000000002,5.874453450019054
1128,20.400000000000002,5.874453450019054
1129,20.400000000000002,5.874453450019054
1130,20.400000000000002,5.874453450019054
1131,20.400000000000002,5.874453450019054
1132,20.400000000000002,5.874453450019054
1133,20.400000000000002,5.8744534500190575
1134,20.400000000000002,5.8744534500190575
1135,20.400000000000002,5.8744534500190575
1136,20.400000000000002,5.8744534500190575
1137,20.400000000000002,5.908888999386733
1138,20.400000000000002,5.92841562660567
1139,20.400000000000002,5.946491969568894
1140,20.400000000000002,5.946491969568894
1141,20.400000000000002,5.949380935806268
1142,20.400000000000002,6.001370725805113
1143,20.400000000000002,6.0218178000983436
1144,20.400000000000002,6.035933900187288
1145,20.400000000000002,6.035933900187292
1146,20.400000000000002,6.074453450019053
1147,20.400000000000002,6.074453450019053
1148,20.400000000000002,6.131977524737707
1149,20.400000000000002,6.174453450019055
1150,20.700000000000003,6.174453450019055
1151,20.700000000000003,6.234878093249133
1152,20.700000000000003,6.259150050552762
1153,20.700000000000003,6.331977524737706
1154,20.700000000000003,6.340284752954435
1155,20.700000000000003,6.349380935806266
1156,20.700000000000003,6.408888999386733
1157,20.700000000000003,6.431977524737704
1158,20.700000000000003,6.431977524737704
1159,20.700000000000003,6.431977524737704
1160,20.700000000000003,6.449380935806268
1161,20.700000000000003,6.535933900187288
1162,20.700000000000003,6.574453450019057
1163,20.700000000000003,6.649380935806263
1164,20.700000000000003,6.674453450019055
1165,20.700000000000003,6.674453450019055
1166,20.700000000000003,6.7319775247377045
1167,20.700000000000003,6.750715197321533
1168,20.700000000000003,6.774453450019056
1169,20.700000000000003,6.774453450019056
1170,20.700000000000003,6.774453450019056
1171,20.700000000000003,6.774453450019056
1172,20.700000000000003,6.774453450019056
1173,20.700000000000003,6.787912087912087
1174,20.700000000000003,6.808888999386731
1175,20.700000000000003,6.808888999386735
1176,20.700000000000003,6.8744534500190575
1177,20.700000000000003,6.921817800098342
1178,20.700000000000003,6.949380935806261
1179,20.700000000000003,6.949380935806268
1180,20.700000000000003,6.949380935806268
1181,20.700000000000003,6.974453450019055
1182,20.700000000000003,6.974453450019055
1183,20.700000000000003,6.978282200454146
1184,20.700000000000003,7.031977524737705
1185,20.700000000000003,7.046491969568893
1186,20.700000000000003,7.060337349930101
1187,20.700000000000003,7.131977524737703
1188,20.700000000000003,7.146491969568893
1189,20.700000000000003,7.149380935806263
1190,20.700000000000003,7.149380935806263
1191,20.700000000000003,7.149380935806263
1192,20.700000000000003,7.149380935806263
1193,21.1,7.2319775247377045
1194,21.1,7.246491969568891
1195,21.1,7.249380935806265
1196,21.1,7.249380935806265
1197,21.1,7.249380935806265
1198,21.1,7.249380935806265
1199,21.1,7.274453450019056
1200,21.1,7.288967894850245
1201,21.1,7.331977524737706
1202,21.1,7.334878093249131
1203,21.1,7.349380935806266
1204,21.1,7.349380935806266
1205,21.1,7.387912087912085
1206,21.1,7.431977524737704
1207,21.1,7.431977524737704
1208,21.1,7.449380935806268
1209,21.1,7.449380935806268
1210,21.1,7.474453450019055
1211,21.1,7.531977524737705
1212,21.1,7.5464919695688915
1213,21.1,7.549380935806262
1214,21.1,7.549380935806269
1215,21.1,7.557305288979489
1216,21.1,7.631977524737703
1217,21.1,7.631977524737703
1218,21.1,7.634878093249132
1219,21.1,7.634878093249132
1220,21.1,7.646491969568893
1221,21.1,7.657305288979494
1222,21.1,7.674453450019055
1223,21.1,7.674453450019055
1224,21.1,7.6879120879120855
1225,21.1,7.7319775247377045
1226,21.3,7.735933900187291
1227,21.3,7.774453450019056
1228,21.3,7.774453450019056
1229,21.3,7.774453450019056
1230,21.3,7.774453450019056
1231,21.3,7.774453450019056
1232,21.3,7.774453450019056
1233,21.3,7.831977524737706
1234,21.3,7.831977524737706
1235,21.3,7.834878093249131
1236,21.3,7.849380935806266
1237,21.3,7.849380935806266
1238,21.3,7.849380935806266
1239,21.3,7.849380935806266
1240,21.3,7.849380935806266
1241,21.3,7.849380935806266
1242,21.3,7.849380935806266
1243,21.3,7.849380935806266
1244,21.3,7.849380935806266
1245,21.3,7.8744534500190575
1246,21.3,7.8744534500190575
1247,21.3,7.887912087912088
1248,21.3,7.931977524737704
1249,21.3,8.001498350819617
1250,21.3,8.008888999386734
1251,21.3,8.031977524737705
1252,21.3,8.035933900187288
1253,21.3,8.04938093580627
1254,21.3,8.04938093580627
1255,21.3,8.060337349930101
1256,21.3,8.066540699119884
1257,21.3,8.074453450019053
1258,21.3,8.074453450019053
1259,21.3,8.108888999386732
1260,21.3,8.146491969568892
1261,21.3,8.235933900187291
1262,21.3,8.244902458024626
1263,21.3,8.24649196956889
1264,21.3,8.249380935806258
1265,21.3,8.249380935806258
1266,21.3,8.249380935806265
1267,21.3,8.249380935806265
1268,21.3,8.249380935806265
1269,21.3,8.249380935806265
1270,21.3,8.249380935806265
1271,21.3,8.249380935806265
1272,21.3,8.249380935806265
1273,21.3,8.249380935806265
1274,21.3,8.274453450019056
1275,21.3,8.331977524737702
1276,21.3,8.331977524737702
1277,21.3,8.331977524737702
1278,21.3,8.331977524737702
1279,21.3,8.331977524737706
1280,21.3,8.331977524737706
1281,21.3,8.334878093249127
1282,21.3,8.374453450019057
1283,21.3,8.374453450019057
1284,21.3,8.431977524737704
1285,21.3,8.431977524737704
1286,21.3,8.431977524737704
1287,21.3,8.487912087912086
1288,21.3,8.53487809324913
1289,21.3,8.53487809324913
1290,21.3,8.54938093580627
1291,21.3,8.54938093580627
1292,21.3,8.54938093580627
1293,21.5,8.560337349930101
1294,21.5,8.574453450019053
1295,21.5,8.631977524737707
1296,21.5,8.631977524737707
1297,21.5,8.674453450019055
1298,21.5,8.687912087912085
1299,21.5,8.708888999386733
1300,21.5,8.731977524737708
1301,21.5,8.735933900187291
1302,21.5,8.749380935806265
1303,21.5,8.749380935806265
1304,21.5,8.749380935806265
1305,21.5,8.749380935806265
1306,21.5,8.749380935806265
1307,21.5,8.749380935806265
1308,21.5,8.749380935806265
1309,21.5,8.749380935806265
1310,21.5,8.835933900187293
1311,21.5,8.846491969568891
1312,21.5,8.87445345001905
1313,21.5,8.931977524737704
1314,21.5,8.946491969568893
1315,21.5,8.974453450019059
1316,21.5,8.974453450019059
1317,21.5,8.978282200454146
1318,21.5,9.074453450019053
1319,21.5,9.074453450019053
1320,22.0,9.074453450019053
1321,22.0,9.087912087912084
1322,22.0,9.174453450019055
1323,22.0,9.174453450019055
1324,22.0,9.174453450019055
1325,22.0,9.174453450019055
1326,22.0,9.174453450019055
1327,22.0,9.231977524737704
1328,22.0,9.3053271012547
1329,22.0,9.331977524737706
1330,22.0,9.335933900187289
1331,22.0,9.349380935806266
1332,22.0,9.349380935806266
1333,22.0,9.349380935806266
1334,22.0,9.37445345001905
1335,22.0,9.391729236073118
1336,22.0,9.431977524737707
1337,22.0,9.446491969568893
1338,22.0,9.44938093580626
1339,22.0,9.44938093580626
1340,22.0,9.44938093580626
1341,22.0,9.44938093580626
1342,22.0,9.44938093580626
1343,22.0,9.474453450019059
1344,22.0,9.631977524737703
1345,22.0,9.674453450019055
1346,22.0,9.674453450019055
1347,22.0,9.734878093249133
1348,22.0,9.746491969568893
1349,22.0,9.749380935806265
1350,22.0,9.749380935806265
1351,22.0,9.749380935806265
1352,22.0,9.749380935806265
1353,22.0,9.749380935806265
1354,22.0,9.760337349930104
1355,22.0,9.774453450019056
1356,22.0,9.787912087912083
1357,22.0,9.831977524737706
1358,22.0,9.87445345001905
1359,22.0,9.931977524737704
1360,22.0,9.931977524737704
1361,22.0,9.931977524737704
1362,22.0,9.934878093249129
1363,22.0,9.94938093580626
1364,22.0,9.94938093580626
1365,22.0,9.94938093580626
1366,22.0,9.974453450019059
1367,22.0,10.03487809324913
1368,22.0,10.074453450019053
1369,22.0,10.074453450019053
1370,22.0,10.074453450019053
1371,22.0,10.074453450019053
1372,22.0,10.146491969568892
1373,23.6,10.23487809324913
1374,23.6,10.23487809324913
1375,23.6,10.249380935806265
1376,23.6,10.249380935806265
1377,23.6,10.249380935806265
1378,23.6,10.249380935806265
1379,23.6,10.249380935806265
1380,23.6,10.249380935806265
1381,23.6,10.249380935806265
1382,23.6,10.274453450019056
1383,23.6,10.274453450019056
1384,23.6,10.287912087912087
1385,23.6,10.291729236073117
1386,23.6,10.331977524737706
1387,23.6,10.334878093249127
1388,23.6,10.378282200454148
1389,23.6,10.449380935806268
1390,23.6,10.508888999386734
1391,23.6,10.531977524737705
1392,23.6,10.557305288979496
1393,23.6,10.574453450019053
1394,23.6,10.608888999386732
1395,23.6,10.63593390018729
1396,23.6,10.649380935806263
1397,23.6,10.649380935806263
1398,23.6,10.649380935806263
1399,23.6,10.649380935806263
1400,23.6,10.649380935806263
1401,23.6,10.731977524737704
1402,23.6,10.73487809324913
1403,23.6,10.73487809324913
1404,23.6,10.735933900187288
1405,23.6,10.774453450019056
1406,24.8,10.774453450019056
1407,24.8,10.831977524737706
1408,24.8,10.931977524737707
1409,24.8,10.934878093249129
1410,24.8,10.934878093249132
1411,24.8,10.935933900187287
1412,24.8,10.974453450019059
1413,24.8,10.974453450019059
1414,24.8,10.99793645268758
1415,24.8,11.020761993160178
1416,24.8,11.049380935806262
1417,24.8,11.049380935806262
1418,24.8,11.074453450019053
1419,24.8,11.074453450019053
1420,24.8,11.074453450019053
1421,24.8,11.074453450019053
1422,24.8,11.074453450019053
1423,24.8,11.074453450019053
1424,24.8,11.074453450019053
1425,24.8,11.174453450019055
1426,24.8,11.231977524737704
1427,24.8,11.246491969568893
1428,24.8,11.274453450019056
1429,24.8,11.274453450019056
1430,24.8,11.274453450019056
1431,24.8,11.274453450019056
1432,24.8,11.274453450019056
1433,24.8,11.274453450019056
1434,24.8,11.278282200454147
1435,24.8,11.335933900187293
1436,24.8,11.37445345001905
1437,24.8,11.374453450019057
1438,24.8,11.408888999386733
1439,24.8,11.431977524737704
1440,24.8,11.431977524737707
1441,24.8,11.434878093249129
1442,24.8,11.474453450019059
1443,24.8,11.531977524737705
1444,24.8,11.531977524737705
1445,24.8,11.54938093580627
1446,24.8,11.54938093580627
1447,24.8,11.631977524737707
1448,24.8,11.674453450019055
1449,24.8,11.731977524737704
1450,24.8,11.74649196956889
1451,24.8,11.774453450019056
1452,24.8,11.831977524737702
1453,24.8,11.83487809324913
1454,24.8,11.849380935806266
1455,24.8,11.849380935806266
1456,24.8,11.87445345001905
1457,24.8,11.874453450019057
1458,24.8,11.874453450019057
1459,24.8,11.887912087912085
1460,24.8,11.887912087912088
1461,24.8,11.908888999386733
1462,24.8,11.931977524737704
1463,24.8,11.931977524737704
1464,24.8,11.931977524737707
1465,24.8,11.949380935806268
1466,24.8,11.949380935806268
1467,24.8,11.949380935806268
1468,24.8,11.949380935806268
1469,24.8,11.949380935806268
1470,24.8,12.031977524737705
1471,24.8,12.031977524737705
1472,24.8,12.035933900187288
1473,24.8,12.049380935806255
1474,24.8,12.049380935806255
1475,24.8,12.049380935806255
1476,24.8,12.131977524737707
1477,24.8,12.146491969568892
1478,24.8,12.174453450019055
1479,24.8,12.187912087912085
1480,24.8,12.231977524737704
1481,24.8,12.231977524737708
1482,24.8,12.231977524737708
1483,24.8,12.234878093249133
1484,24.8,12.234878093249133
1485,24.8,12.249380935806258
1486,24.8,12.249380935806258
1487,24.8,12.249380935806258
1488,24.8,12.249380935806258
1489,24.8,12.274453450019056
1490,24.8,12.274453450019056
1491,24.8,12.288967894850245
1492,24.8,12.357305288979493
1493,24.8,12.359150050552763
1494,24.8,12.387912087912088
1495,24.8,12.408888999386733
1496,24.8,12.408888999386733
1497,24.8,12.44649196956889
1498,24.8,12.449380935806268
1499,24.8,12.449380935806268
1500,24.8,12.449380935806268
1501,24.8,12.459150050552765
1502,24.8,12.474453450019059
1503,24.8,12.487912087912086
1504,24.8,12.54649196956889
1505,24.8,12.54649196956889
1506,25.1,12.549380935806262
1507,25.1,12.549380935806262
1508,25.1,12.549380935806262
1509,25.1,12.54938093580627
1510,25.1,12.54938093580627
1511,25.1,12.54938093580627
1512,25.1,12.574453450019053
1513,25.1,12.587912087912084
1514,25.1,12.631977524737707
1515,25.1,12.631977524737707
1516,25.1,12.631977524737707
1517,25.1,12.631977524737707
1518,25.1,12.634878093249132
1519,25.1,12.674453450019055
1520,25.1,12.687912087912085
1521,25.1,12.720761993160181
1522,25.1,12.731977524737708
1523,25.1,12.731977524737708
1524,25.1,12.734878093249133
1525,25.1,12.774453450019056
1526,25.1,12.774453450019056
1527,25.1,12.808888999386735
1528,25.1,12.831977524737702
1529,25.1,12.831977524737706
1530,25.1,12.849380935806266
1531,25.1,12.849380935806266
1532,25.1,12.849380935806266
1533,25.1,12.849380935806266
1534,25.1,12.87445345001905
1535,25.1,12.87445345001905
1536,25.1,12.874453450019057
1537,25.1,12.874453450019057
1538,25.1,12.931977524737704
1539,25.1,12.94938093580626
1540,25.1,12.94938093580626
1541,25.1,12.974453450019059
1542,25.1,12.974453450019059
1543,25.1,13.04938093580627
1544,25.1,13.04938093580627
1545,25.1,13.074453450019053
1546,25.1,13.074453450019053
1547,25.1,13.074453450019053
1548,25.1,13.074453450019053
1549,25.1,13.087912087912084
1550,25.1,13.108888999386735
1551,25.1,13.108888999386735
1552,25.1,13.149380935806263
1553,25.1,13.149380935806263
1554,25.1,13.231977524737701
1555,25.1,13.231977524737701
1556,25.1,13.274453450019056
1557,25.1,13.287912087912087
1558,25.1,13.287912087912087
1559,25.1,13.331977524737706
1560,25.1,13.331977524737706
1561,25.1,13.374453450019057
1562,25.1,13.387912087912088
1563,25.1,13.487912087912086
1564,25.1,13.505327101254704
1565,25.1,13.531977524737705
1566,25.1,13.531977524737705
1567,25.1,13.531977524737705
1568,25.1,13.531977524737705
1569,25.1,13.674453450019055
1570,25.1,13.687912087912085
1571,25.1,13.731977524737704
1572,25.1,13.731977524737708
1573,25.1,13.731977524737708
1574,25.1,13.731977524737708
1575,25.1,13.774453450019056
1576,25.1,13.787912087912087
1577,25.1,13.849380935806266
1578,25.1,13.849380935806266
1579,25.1,13.849380935806266
1580,25.1,13.857305288979493
1581,25.1,13.957305288979494
1582,25.1,13.974453450019052
1583,25.1,14.060337349930101
1584,25.1,14.062584323670297
1585,25.1,14.074453450019053
1586,25.1,14.108888999386735
1587,25.1,14.131977524737703
1588,25.700000000000003,14.131977524737707
1589,25.700000000000003,14.149380935806263
1590,25.700000000000003,14.149380935806263
1591,25.700000000000003,14.149380935806263
1592,25.700000000000003,14.149380935806263
1593,25.700000000000003,14.149380935806263
1594,25.700000000000003,14.149380935806263
1595,25.700000000000003,14.174453450019055
1596,25.700000000000003,14.174453450019055
1597,25.700000000000003,14.187912087912085
1598,25.700000000000003,14.231977524737704
1599,25.700000000000003,14.231977524737708
1600,25.700000000000003,14.231977524737708
1601,25.700000000000003,14.23487809324913
1602,25.700000000000003,14.235933900187291
1603,25.700000000000003,14.335933900187293
1604,25.700000000000003,14.346491969568891
1605,25.700000000000003,14.349380935806266
1606,25.700000000000003,14.349380935806266
1607,25.700000000000003,14.449380935806268
1608,25.700000000000003,14.48791208791209
1609,25.700000000000003,14.48791208791209
1610,25.700000000000003,14.488967894850244
1611,25.700000000000003,14.520761993160178
1612,25.700000000000003,14.531977524737705
1613,25.700000000000003,14.53487809324913
1614,25.700000000000003,14.53487809324913
1615,25.700000000000003,14.53487809324913
1616,25.700000000000003,14.574453450019053
1617,25.700000000000003,14.574453450019053
1618,25.700000000000003,14.631977524737707
1619,25.700000000000003,14.631977524737707
1620,25.700000000000003,14.649380935806263
1621,25.700000000000003,14.649380935806263
1622,25.700000000000003,14.649380935806263
1623,25.700000000000003,14.649380935806263
1624,25.700000000000003,14.649380935806263
1625,25.700000000000003,14.649380935806263
1626,25.700000000000003,14.660337349930103
1627,25.700000000000003,14.674453450019055
1628,25.700000000000003,14.687912087912085
1629,25.700000000000003,14.734878093249133
1630,25.700000000000003,14.734878093249133
1631,25.700000000000003,14.734878093249133
1632,25.700000000000003,14.787912087912087
1633,25.700000000000003,14.846491969568895
1634,25.700000000000003,14.849380935806266
1635,25.700000000000003,14.849380935806266
1636,25.700000000000003,14.849380935806266
1637,25.700000000000003,14.849380935806266
1638,25.700000000000003,14.849380935806266
1639,25.700000000000003,14.849380935806266
1640,25.700000000000003,14.849380935806266
1641,25.700000000000003,14.849380935806266
1642,25.700000000000003,14.874453450019057
1643,25.700000000000003,14.887912087912081
1644,25.700000000000003,14.887912087912081
1645,25.700000000000003,14.931977524737704
1646,25.700000000000003,14.93593390018729
1647,25.700000000000003,14.946491969568893
1648,25.700000000000003,14.960337349930107
1649,25.700000000000003,14.974453450019059
1650,25.700000000000003,15.03487809324913
1651,25.700000000000003,15.03487809324913
1652,25.700000000000003,15.03487809324913
1653,25.700000000000003,15.035933900187292
1654,25.700000000000003,15.04649196956889
1655,25.700000000000003,15.04938093580627
1656,25.700000000000003,15.074453450019053
1657,25.700000000000003,15.074453450019053
1658,25.700000000000003,15.07445345001906
1659,25.700000000000003,15.131977524737707
1660,25.700000000000003,15.174453450019055
1661,25.700000000000003,15.174453450019055
1662,25.700000000000003,15.331977524737702
1663,25.700000000000003,15.331977524737706
1664,25.700000000000003,15.331977524737706
1665,25.700000000000003,15.335933900187289
1666,25.700000000000003,15.377098768501483
1667,25.700000000000003,15.431977524737704
1668,25.700000000000003,15.434878093249129
1669,25.700000000000003,15.474453450019059
1670,25.700000000000003,15.53487809324913
1671,25.700000000000003,15.53487809324913
1672,25.700000000000003,15.53487809324913
1673,25.700000000000003,15.53487809324913
1674,25.700000000000003,15.535933900187292
1675,25.700000000000003,15.54649196956889
1676,25.700000000000003,15.574453450019053
1677,25.700000000000003,15.574453450019053
1678,25.700000000000003,15.574453450019053
1679,25.700000000000003,15.608888999386735
1680,25.700000000000003,15.631977524737703
1681,25.700000000000003,15.708888999386737
1682,25.700000000000003,15.72841562660567
1683,25.700000000000003,15.731977524737708
1684,25.700000000000003,15.762584323670293
1685,25.700000000000003,15.808888999386735
1686,25.700000000000003,15.821817800098344
1687,25.700000000000003,15.831977524737702
1688,25.700000000000003,15.831977524737706
1689,25.700000000000003,15.831977524737706
1690,25.700000000000003,15.849380935806266
1691,25.700000000000003,15.849380935806266
1692,25.700000000000003,15.849380935806266
1693,25.700000000000003,15.908888999386733
1694,25.700000000000003,15.931977524737704
1695,25.700000000000003,15.931977524737704
1696,25.700000000000003,15.931977524737704
1697,25.700000000000003,15.931977524737707
1698,25.700000000000003,15.93593390018729
1699,25.700000000000003,15.94938093580626
1700,26.700000000000003,15.94938093580626
1701,26.700000000000003,15.94938093580626
1702,26.700000000000003,15.966540699119882
1703,26.700000000000003,15.974453450019059
1704,26.700000000000003,15.974453450019059
1705,26.700000000000003,16.02076199316018
1706,26.700000000000003,16.03593390018729
1707,26.700000000000003,16.049380935806262
1708,26.700000000000003,16.04938093580627
1709,26.700000000000003,16.074453450019053
1710,26.700000000000003,16.074453450019053
1711,26.700000000000003,16.074453450019053
1712,26.700000000000003,16.074453450019053
1713,26.700000000000003,16.074453450019053
1714,26.700000000000003,16.089629224470855
1715,26.700000000000003,16.108888999386735
1716,26.700000000000003,16.131977524737707
1717,26.700000000000003,16.17445345001906
1718,26.700000000000003,16.17445345001906
1719,26.700000000000003,16.24649196956889
1720,26.700000000000003,16.246491969568893
1721,26.700000000000003,16.246491969568893
1722,26.700000000000003,16.287912087912087
1723,26.700000000000003,16.335933900187293
1724,26.700000000000003,16.349380935806266
1725,26.700000000000003,16.349380935806266
1726,26.700000000000003,16.349380935806266
1727,26.700000000000003,16.349380935806266
1728,26.700000000000003,16.37445345001905
1729,26.700000000000003,16.431977524737704
1730,26.700000000000003,16.431977524737704
1731,26.700000000000003,16.431977524737707
1732,26.700000000000003,16.43487809324913
1733,26.700000000000003,16.446491969568893
1734,26.700000000000003,16.449380935806268
1735,26.700000000000003,16.449380935806268
1736,26.700000000000003,16.47445345001906
1737,26.700000000000003,16.47445345001906
1738,26.700000000000003,16.47445345001906
1739,26.700000000000003,16.47445345001906
1740,26.700000000000003,16.508888999386734
1741,26.700000000000003,16.531977524737705
1742,26.700000000000003,16.531977524737705
1743,26.700000000000003,16.549380935806262
1744,26.700000000000003,16.549380935806262
1745,26.700000000000003,16.549380935806262
1746,26.700000000000003,16.574453450019053
1747,26.700000000000003,16.574453450019053
1748,26.700000000000003,16.574453450019053
1749,26.700000000000003,16.574453450019053
1750,26.700000000000003,16.574453450019053
1751,26.700000000000003,16.587912087912084
1752,26.700000000000003,16.73593390018729
1753,26.700000000000003,16.746491969568893
1754,26.700000000000003,16.760337349930104
1755,26.700000000000003,16.774453450019056
1756,26.700000000000003,16.787912087912087
1757,26.700000000000003,16.834878093249134
1758,26.700000000000003,16.835933900187285
1759,26.700000000000003,16.849380935806266
1760,26.700000000000003,16.94938093580626
1761,26.700000000000003,16.949380935806268
1762,26.700000000000003,16.97445345001906
1763,26.700000000000003,16.97445345001906
1764,26.700000000000003,16.98791208791209
1765,26.700000000000003,17.031977524737705
1766,26.700000000000003,17.046491969568894
1767,26.700000000000003,17.04938093580627
1768,26.700000000000003,17.074453450019053
1769,26.700000000000003,17.074453450019053
1770,26.700000000000003,17.074453450019053
1771,26.700000000000003,17.074453450019053
1772,26.700000000000003,17.074453450019053
1773,26.700000000000003,17.149380935806263
1774,26.700000000000003,17.149380935806263
1775,26.700000000000003,17.149380935806263
1776,26.700000000000003,17.149380935806263
1777,26.700000000000003,17.149380935806263
1778,26.700000000000003,17.149380935806263
1779,26.700000000000003,17.149380935806263
1780,26.700000000000003,17.149380935806263
1781,26.700000000000003,17.149380935806263
1782,26.700000000000003,17.17445345001906
1783,26.700000000000003,17.17445345001906
1784,26.700000000000003,17.17445345001906
1785,26.700000000000003,17.17445345001906
1786,26.700000000000003,17.187912087912085
1787,26.700000000000003,17.187912087912085
1788,26.700000000000003,17.249380935806258
1789,26.700000000000003,17.30888899938674
1790,26.700000000000003,17.34938093580626
1791,26.700000000000003,17.34938093580626
1792,26.700000000000003,17.37445345001905
1793,26.700000000000003,17.37445345001905
1794,26.700000000000003,17.38791208791209
1795,26.700000000000003,17.38791208791209
1796,26.700000000000003,17.408888999386733
1797,26.700000000000003,17.408888999386733
1798,26.700000000000003,17.435933900187294
1799,26.700000000000003,17.44938093580626
1800,26.700000000000003,17.44938093580626
1801,26.700000000000003,17.47445345001906
1802,26.700000000000003,17.47445345001906
1803,26.700000000000003,17.47445345001906
1804,26.700000000000003,17.47445345001906
1805,26.700000000000003,17.48791208791209
1806,26.700000000000003,17.508888999386734
1807,26.700000000000003,17.574453450019053
1808,26.700000000000003,17.574453450019053
1809,26.700000000000003,17.63487809324913
1810,26.700000000000003,17.63593390018729
1811,26.700000000000003,17.657305288979497
1812,26.700000000000003,17.674453450019055
1813,26.700000000000003,17.674453450019055
1814,26.700000000000003,17.674453450019055
1815,26.700000000000003,17.749380935806265
1816,26.700000000000003,17.749380935806265
1817,26.700000000000003,17.749380935806265
1818,26.700000000000003,17.749380935806265
1819,26.700000000000003,17.77445345001905
1820,26.700000000000003,17.777098768501485
1821,26.700000000000003,17.788967894850245
1822,26.700000000000003,17.80888899938674
1823,26.700000000000003,17.834878093249134
1824,26.700000000000003,17.834878093249134
1825,26.700000000000003,17.87445345001905
1826,26.700000000000003,17.93487809324913
1827,26.700000000000003,17.93487809324913
1828,26.700000000000003,17.94649196956889
1829,26.700000000000003,17.94938093580626
1830,26.700000000000003,17.94938093580626
1831,26.700000000000003,17.94938093580626
1832,26.700000000000003,17.97445345001906
1833,26.700000000000003,17.97445345001906
1834,26.700000000000003,18.031977524737705
1835,26.700000000000003,18.06033734993011
1836,26.700000000000003,18.074453450019053
1837,26.700000000000003,18.08896789485025
1838,26.700000000000003,18.131977524737707
1839,26.700000000000003,18.13487809324913
1840,26.700000000000003,18.146491969568892
1841,26.700000000000003,18.174453450019055
1842,26.700000000000003,18.260337349930104
1843,26.700000000000003,18.274453450019056
1844,27.200000000000003,18.274453450019056
1845,27.200000000000003,18.274453450019056
1846,27.200000000000003,18.287912087912087
1847,27.200000000000003,18.331977524737706
1848,27.200000000000003,18.331977524737706
1849,27.200000000000003,18.331977524737706
1850,27.200000000000003,18.357305288979493
1851,27.200000000000003,18.408888999386733
1852,27.200000000000003,18.431977524737707
1853,27.200000000000003,18.47445345001906
1854,27.200000000000003,18.47445345001906
1855,27.200000000000003,18.48791208791209
1856,27.200000000000003,18.48791208791209
1857,27.200000000000003,18.48791208791209
1858,27.200000000000003,18.48791208791209
1859,27.200000000000003,18.531977524737705
1860,27.200000000000003,18.531977524737705
1861,27.200000000000003,18.531977524737705
1862,27.200000000000003,18.531977524737705
1863,27.200000000000003,18.53487809324913
1864,27.200000000000003,18.546491969568894
1865,27.200000000000003,18.565484892181725
1866,27.200000000000003,18.574453450019053
1867,27.200000000000003,18.58896789485025
1868,27.200000000000003,18.674453450019055
1869,27.200000000000003,18.687912087912085
1870,27.200000000000003,18.731977524737708
1871,27.200000000000003,18.731977524737708
1872,27.200000000000003,18.734878093249126
1873,27.200000000000003,18.734878093249133
1874,27.200000000000003,18.746491969568893
1875,27.200000000000003,18.749380935806258
1876,27.200000000000003,18.749380935806258
1877,27.200000000000003,18.787912087912087
1878,27.200000000000003,18.80888899938674
1879,27.200000000000003,18.80888899938674
1880,27.200000000000003,18.80888899938674
1881,27.200000000000003,18.831977524737706
1882,27.200000000000003,18.834878093249134
1883,27.200000000000003,18.84649196956889
1884,27.200000000000003,18.908888999386733
1885,27.200000000000003,18.931977524737704
1886,27.200000000000003,18.97445345001906
1887,27.200000000000003,18.98791208791209
1888,27.200000000000003,19.03487809324913
1889,27.200000000000003,19.03487809324913
1890,27.200000000000003,19.03593390018729
1891,27.200000000000003,19.065484892181725
1892,27.200000000000003,19.074453450019053
1893,27.200000000000003,19.074453450019053
1894,27.200000000000003,19.074453450019053
1895,27.200000000000003,19.146491969568892
1896,27.200000000000003,19.146491969568892
1897,27.200000000000003,19.174453450019055
1898,27.200000000000003,19.20888899938673
1899,27.200000000000003,19.20888899938673
1900,27.200000000000003,19.231977524737704
1901,27.200000000000003,19.231977524737704
1902,27.200000000000003,19.231977524737704
1903,27.200000000000003,19.260337349930104
1904,27.200000000000003,19.274453450019056
1905,27.200000000000003,19.274453450019056
1906,27.200000000000003,19.30888899938674
1907,27.200000000000003,19.30888899938674
1908,27.200000000000003,19.334878093249134
1909,27.200000000000003,19.34649196956889
1910,27.200000000000003,19.44938093580626
1911,27.200000000000003,19.44938093580626
1912,27.200000000000003,19.47445345001906
1913,27.200000000000003,19.47445345001906
1914,27.200000000000003,19.489629224470853
1915,27.200000000000003,19.546491969568894
1916,27.200000000000003,19.546491969568894
1917,27.200000000000003,19.574453450019053
1918,27.200000000000003,19.631977524737707
1919,27.200000000000003,19.631977524737707
1920,27.200000000000003,19.631977524737707
1921,27.200000000000003,19.63487809324913
1922,27.200000000000003,19.63593390018729
1923,27.200000000000003,19.649380935806263
1924,27.200000000000003,19.649380935806263
1925,27.200000000000003,19.649380935806263
1926,27.200000000000003,19.649380935806263
1927,27.200000000000003,19.649380935806263
1928,27.200000000000003,19.649380935806263
1929,27.200000000000003,19.649380935806263
1930,27.200000000000003,19.649380935806263
1931,27.200000000000003,19.65915005055276
1932,27.200000000000003,19.70888899938673
1933,27.200000000000003,19.731977524737708
1934,27.200000000000003,19.731977524737708
1935,27.200000000000003,19.734878093249133
1936,27.200000000000003,19.734878093249133
1937,27.200000000000003,19.734878093249133
1938,27.200000000000003,19.73593390018729
1939,27.200000000000003,19.746491969568893
1940,27.200000000000003,19.774453450019056
1941,27.200000000000003,19.80888899938674
1942,27.200000000000003,19.831977524737706
1943,27.200000000000003,19.931977524737704
1944,27.200000000000003,19.94649196956889
1945,27.200000000000003,19.966540699119882
1946,27.200000000000003,19.97445345001906
1947,27.200000000000003,19.97445345001906
1948,27.200000000000003,19.987912087912083
1949,27.200000000000003,20.031977524737705
1950,27.200000000000003,20.04649196956889
1951,27.200000000000003,20.087912087912084
1952,27.200000000000003,20.131977524737707
1953,27.200000000000003,20.131977524737707
1954,27.200000000000003,20.13487809324913
1955,27.200000000000003,20.13593390018729
1956,27.200000000000003,20.187912087912085
1957,27.200000000000003,20.208888999386737
1958,27.200000000000003,20.234878093249133
1959,27.200000000000003,20.234878093249133
1960,27.200000000000003,20.33197752473771
1961,27.200000000000003,20.33197752473771
1962,27.200000000000003,20.466540699119882
1963,27.200000000000003,20.531977524737705
1964,27.200000000000003,20.531977524737705
1965,27.200000000000003,20.531977524737705
1966,27.200000000000003,20.587912087912084
1967,27.200000000000003,20.587912087912084
1968,27.200000000000003,20.63487809324913
1969,27.200000000000003,20.646491969568892
1970,27.200000000000003,20.674453450019055
1971,27.200000000000003,20.674453450019055
1972,27.200000000000003,20.674453450019055
1973,27.200000000000003,20.73593390018729
1974,27.200000000000003,20.73593390018729
1975,27.200000000000003,20.749380935806258
1976,27.200000000000003,20.787912087912087
1977,27.200000000000003,20.80888899938674
1978,27.200000000000003,20.835933900187293
1979,27.200000000000003,20.846491969568895
1980,27.200000000000003,20.883031397963524
1981,27.200000000000003,20.908888999386733
1982,27.200000000000003,20.931977524737704
1983,27.200000000000003,20.931977524737704
1984,27.900000000000002,20.94938093580626
1985,27.900000000000002,20.94938093580626
1986,27.900000000000002,20.94938093580626
1987,27.900000000000002,20.94938093580626
1988,27.900000000000002,20.94938093580626
1989,27.900000000000002,20.94938093580626
1990,27.900000000000002,20.97445345001906
1991,27.900000000000002,20.97445345001906
1992,27.900000000000002,20.97445345001906
1993,27.900000000000002,21.031977524737705
1994,27.900000000000002,21.031977524737705
1995,27.900000000000002,21.031977524737705
1996,27.900000000000002,21.074453450019053
1997,27.900000000000002,21.074453450019053
1998,27.900000000000002,21.074453450019053
1999,27.900000000000002,21.108888999386735
2000,27.900000000000002,21.23593390018729
2001,27.900000000000002,21.249380935806265
2002,27.900000000000002,21.249380935806265
2003,27.900000000000002,21.25730528897949
2004,27.900000000000002,21.28791208791208
2005,27.900000000000002,21.33197752473771
2006,27.900000000000002,21.34649196956889
2007,27.900000000000002,21.349380935806266
2008,27.900000000000002,21.349380935806266
2009,27.900000000000002,21.449380935806268
2010,27.900000000000002,21.449380935806268
2011,27.900000000000002,21.449380935806268
2012,27.900000000000002,21.449380935806268
2013,27.900000000000002,21.631977524737707
2014,27.900000000000002,21.649380935806263
2015,27.900000000000002,21.649380935806263
2016,27.900000000000002,21.649380935806263
2017,27.900000000000002,21.649380935806263
2018,27.900000000000002,21.649380935806263
2019,27.900000000000002,21.674453450019055
2020,27.900000000000002,21.674453450019055
2021,27.900000000000002,21.746491969568893
2022,27.900000000000002,21.77709876850148
2023,27.900000000000002,21.778282200454147
2024,27.900000000000002,21.83197752473771
2025,27.900000000000002,21.874453450019057
2026,27.900000000000002,21.874453450019057
2027,27.900000000000002,21.931977524737704
2028,27.900000000000002,21.931977524737704
2029,27.900000000000002,21.94938093580626
2030,27.900000000000002,21.94938093580626
2031,27.900000000000002,21.94938093580626
2032,27.900000000000002,21.97445345001906
2033,27.900000000000002,21.97445345001906
2034,27.900000000000002,21.97445345001906
2035,27.900000000000002,21.97445345001906
2036,27.900000000000002,21.97445345001906
2037,27.900000000000002,21.97445345001906
2038,27.900000000000002,21.991729236073112
2039,27.900000000000002,22.087912087912084
2040,27.900000000000002,22.087912087912084
2041,27.900000000000002,22.160337349930103
2042,27.900000000000002,22.174453450019055
2043,27.900000000000002,22.287912087912087
2044,27.900000000000002,22.349380935806266
2045,27.900000000000002,22.349380935806266
2046,27.900000000000002,22.37445345001905
2047,27.900000000000002,22.37445345001905
2048,27.900000000000002,22.408888999386733
2049,27.900000000000002,22.410339283642443
2050,27.900000000000002,22.43487809324913
2051,27.900000000000002,22.43487809324913
2052,27.900000000000002,22.47445345001906
2053,27.900000000000002,22.47445345001906
2054,27.900000000000002,22.47445345001906
2055,27.900000000000002,22.47445345001906
2056,27.900000000000002,22.47445345001906
2057,27.900000000000002,22.508888999386734
2058,27.900000000000002,22.531977524737705
2059,27.900000000000002,22.54649196956889
2060,27.900000000000002,22.587912087912084
2061,27.900000000000002,22.58896789485025
2062,27.900000000000002,22.608888999386735
2063,27.900000000000002,22.608888999386735
2064,27.900000000000002,22.631977524737707
2065,27.900000000000002,22.631977524737707
2066,27.900000000000002,22.63593390018729
2067,27.900000000000002,22.649380935806263
2068,27.900000000000002,22.649380935806263
2069,27.900000000000002,22.649380935806263
2070,27.900000000000002,22.649380935806263
2071,27.900000000000002,22.649380935806263
2072,27.900000000000002,22.649380935806263
2073,27.900000000000002,22.649380935806263
2074,27.900000000000002,22.749380935806272
2075,27.900000000000002,22.749380935806272
2076,27.900000000000002,22.774453450019056
2077,27.900000000000002,22.774453450019056
2078,29.5,22.774453450019056
2079,29.5,22.778282200454147
2080,29.5,22.80888899938674
2081,29.5,22.83197752473771
2082,29.5,22.834878093249134
2083,29.5,22.874453450019057
2084,29.5,22.874453450019057
2085,29.5,22.874453450019057
2086,29.5,22.874453450019057
2087,29.5,22.874453450019057
2088,29.5,22.931977524737704
2089,29.5,22.935933900187294
2090,29.5,22.97445345001906
2091,29.5,22.97445345001906
2092,29.5,22.97445345001906
2093,29.5,22.97445345001906
2094,29.5,23.008888999386734
2095,29.5,23.03593390018729
2096,29.5,23.059150050552766
2097,29.5,23.074453450019053
2098,29.5,23.07445345001906
2099,29.5,23.087912087912084
2100,29.5,23.087912087912084
2101,29.5,23.131977524737707
2102,29.5,23.131977524737707
2103,29.5,23.13487809324913
2104,29.5,23.13487809324913
2105,29.5,23.149380935806263
2106,29.5,23.149380935806263
2107,29.5,23.149380935806263
2108,29.5,23.149380935806263
2109,29.5,23.149380935806263
2110,29.5,23.174453450019055
2111,29.5,23.174453450019055
2112,29.5,23.174453450019055
2113,29.5,23.231977524737708
2114,29.5,23.234878093249126
2115,29.5,23.274453450019056
2116,29.5,23.33197752473771
2117,29.5,23.33197752473771
2118,29.5,23.374453450019057
2119,29.5,23.38791208791208
2120,29.5,23.408888999386733
2121,29.5,23.435933900187294
2122,29.5,23.449125685777272
2123,29.5,23.47445345001906
2124,29.5,23.47445345001906
2125,29.5,23.47445345001906
2126,29.5,23.47445345001906
2127,29.5,23.47445345001906
2128,29.5,23.48791208791209
2129,29.5,23.528415626605668
2130,29.5,23.531977524737705
2131,29.5,23.534878093249137
2132,29.5,23.587912087912084
2133,29.5,23.731977524737708
2134,30.200000000000003,23.731977524737708
2135,30.200000000000003,23.749380935806258
2136,30.200000000000003,23.749380935806258
2137,30.200000000000003,23.749380935806258
2138,30.200000000000003,23.749380935806258
2139,30.200000000000003,23.749380935806258
2140,30.200000000000003,23.749380935806258
2141,30.200000000000003,23.749380935806258
2142,30.200000000000003,23.83197752473771
2143,30.200000000000003,23.834878093249134
2144,30.200000000000003,23.834878093249134
2145,30.200000000000003,23.93487809324913
2146,30.200000000000003,23.97445345001906
2147,30.200000000000003,23.97445345001906
2148,30.200000000000003,24.031977524737705
2149,30.200000000000003,24.031977524737705
2150,30.200000000000003,24.128415626605676
2151,30.200000000000003,24.135933900187297
2152,30.200000000000003,24.234878093249126
2153,30.200000000000003,24.234878093249126
2154,30.200000000000003,24.234878093249126
2155,30.200000000000003,24.246491969568893
2156,30.200000000000003,24.274453450019056
2157,30.200000000000003,24.274453450019056
2158,30.200000000000003,24.274453450019056
2159,30.200000000000003,24.287912087912087
2160,30.200000000000003,24.33197752473771
2161,30.200000000000003,24.37445345001905
2162,30.200000000000003,24.374453450019057
2163,30.200000000000003,24.374453450019057
2164,30.200000000000003,24.374453450019057
2165,30.200000000000003,24.374453450019057
2166,30.200000000000003,24.405327101254702
2167,30.200000000000003,24.43487809324913
2168,30.200000000000003,24.43487809324913
2169,30.200000000000003,24.47445345001906
2170,30.200000000000003,24.47445345001906
2171,30.200000000000003,24.47445345001906
2172,30.200000000000003,24.531977524737705
2173,30.200000000000003,24.531977524737705
2174,30.200000000000003,24.53487809324913
2175,30.200000000000003,24.53593390018729
2176,30.200000000000003,24.53593390018729
2177,30.200000000000003,24.53593390018729
2178,30.200000000000003,24.587912087912084
2179,30.200000000000003,24.631977524737707
2180,30.200000000000003,24.63487809324913
2181,30.200000000000003,24.63593390018729
2182,30.200000000000003,24.774453450019056
2183,30.200000000000003,24.787912087912087
2184,30.200000000000003,24.834878093249134
2185,30.200000000000003,24.849380935806266
2186,30.200000000000003,24.849380935806266
2187,30.200000000000003,24.849380935806266
2188,30.200000000000003,24.849380935806266
2189,30.200000000000003,24.859150050552763
2190,31.3,24.88791208791208
2191,31.3,24.931977524737704
2192,31.3,24.931977524737704
2193,31.3,24.931977524737704
2194,31.3,24.934878093249136
2195,31.3,24.94938093580626
2196,31.3,25.087912087912084
2197,31.3,25.13487809324913
2198,31.3,25.149380935806263
2199,31.3,25.149380935806263
2200,31.3,25.149380935806263
2201,31.3,25.187912087912085
2202,31.3,25.231977524737708
2203,31.3,25.274453450019056
2204,31.3,25.274453450019056
2205,31.3,25.274453450019056
2206,31.3,25.349380935806266
2207,31.3,25.349380935806266
2208,31.3,25.374453450019057
2209,31.3,25.374453450019057
2210,31.3,25.37828220045414
2211,31.3,25.431977524737704
2212,31.3,25.43487809324913
2213,31.3,25.43487809324913
2214,31.3,25.47445345001906
2215,31.3,25.48791208791209
2216,31.3,25.48791208791209
2217,31.3,25.48791208791209
2218,31.3,25.508888999386734
2219,31.3,25.63487809324913
2220,31.3,25.73593390018729
2221,31.3,25.774453450019056
2222,31.3,25.820761993160183
2223,31.3,25.931977524737704
2224,31.3,25.97445345001906
2225,31.3,25.97445345001906
2226,31.3,25.97445345001906
2227,31.3,25.97445345001906
2228,31.3,25.97445345001906
2229,31.3,25.97445345001906
2230,31.3,26.049380935806255
2231,31.3,26.074453450019053
2232,31.3,26.108888999386735
2233,31.3,26.131977524737707
2234,31.3,26.17445345001906
2235,31.3,26.262584323670293
2236,31.3,26.334878093249134
2237,31.3,26.349380935806266
2238,31.3,26.349380935806266
2239,31.3,26.349380935806266
2240,31.3,26.349380935806266
2241,31.3,26.349380935806266
2242,31.3,26.349380935806266
2243,31.3,26.349380935806266
2244,31.3,26.349380935806266
2245,31.3,26.37445345001905
2246,31.3,26.374453450019057
2247,31.3,26.374453450019057
2248,31.3,26.374453450019057
2249,31.3,26.374453450019057
2250,31.3,26.405327101254702
2251,31.3,26.431977524737704
2252,31.3,26.47828220045415
2253,31.3,26.549380935806255
2254,31.3,26.577098768501486
2255,31.3,26.631977524737707
2256,31.3,26.63487809324913
2257,31.3,26.66033734993011
2258,31.3,26.67445345001906
2259,31.3,26.746491969568893
2260,31.3,26.83197752473771
2261,31.3,26.835933900187285
2262,31.3,26.87445345001905
2263,33.800000000000004,26.874453450019057
2264,33.800000000000004,26.874453450019057
2265,33.800000000000004,26.874453450019057
2266,33.800000000000004,26.874453450019057
2267,33.800000000000004,26.874453450019057
2268,33.800000000000004,26.874453450019057
2269,33.800000000000004,26.978282200454142
2270,33.800000000000004,26.98791208791209
2271,33.800000000000004,27.108888999386735
2272,33.800000000000004,27.131977524737707
2273,33.800000000000004,27.174453450019055
2274,33.800000000000004,27.174453450019055
2275,33.800000000000004,27.178282200454145
2276,33.800000000000004,27.249380935806258
2277,33.800000000000004,27.249380935806258
2278,33.800000000000004,27.249380935806258
2279,33.800000000000004,27.249380935806272
2280,33.800000000000004,27.30888899938674
2281,33.800000000000004,27.431977524737704
2282,33.800000000000004,27.47445345001906
2283,33.800000000000004,27.47445345001906
2284,33.800000000000004,27.516801750285914
2285,33.800000000000004,27.535933900187295
2286,33.800000000000004,27.566540699119884
2287,33.800000000000004,27.574453450019053
2288,33.800000000000004,27.574453450019053
2289,33.800000000000004,27.574453450019053
2290,33.800000000000004,27.574453450019053
2291,33.800000000000004,27.574453450019053
2292,33.800000000000004,27.574453450019053
2293,33.800000000000004,27.587912087912084
2294,33.800000000000004,27.646491969568892
2295,33.800000000000004,27.874453450019057
2296,33.800000000000004,27.874453450019057
2297,33.800000000000004,27.874453450019057
2298,33.800000000000004,27.874453450019057
2299,33.800000000000004,27.931977524737704
2300,33.800000000000004,27.931977524737704
2301,33.800000000000004,27.93487809324913
2302,33.800000000000004,27.98791208791209
2303,33.800000000000004,28.031977524737712
2304,33.800000000000004,28.049125685777266
2305,33.800000000000004,28.131977524737707
2306,33.800000000000004,28.131977524737707
2307,33.800000000000004,28.33197752473771
2308,33.800000000000004,28.374453450019057
2309,33.800000000000004,28.374453450019057
2310,33.800000000000004,28.374453450019057
2311,33.800000000000004,28.47445345001906
2312,33.800000000000004,28.48791208791209
2313,33.800000000000004,28.531977524737712
2314,33.800000000000004,28.54938093580627
2315,33.800000000000004,28.57445345001906
2316,33.800000000000004,28.749380935806272
2317,33.800000000000004,28.774453450019056
2318,33.800000000000004,28.774453450019056
2319,33.800000000000004,28.774453450019056
2320,33.800000000000004,28.774453450019056
2321,33.800000000000004,28.83197752473771
2322,33.800000000000004,28.834878093249134
2323,33.800000000000004,28.834878093249134
2324,33.800000000000004,28.849380935806266
2325,33.800000000000004,28.87445345001905
2326,33.800000000000004,28.88791208791209
2327,33.800000000000004,28.88791208791209
2328,33.800000000000004,28.931977524737704
2329,33.800000000000004,28.931977524737704
2330,33.800000000000004,28.931977524737704
2331,33.800000000000004,29.031977524737705
2332,33.800000000000004,29.04938093580627
2333,33.800000000000004,29.04938093580627
2334,33.800000000000004,29.149380935806263
2335,37.9,29.149380935806263
2336,37.9,29.174453450019055
2337,37.9,29.208888999386737
2338,37.9,29.2319775247377
2339,37.9,29.246491969568893
2340,37.9,29.33197752473771
2341,37.9,29.33197752473771
2342,37.9,29.334878093249134
2343,37.9,29.36086718711153
2344,37.9,29.587912087912084
2345,37.9,29.63487809324913
2346,37.9,29.749380935806272
2347,37.9,29.749380935806272
2348,37.9,29.774453450019056
2349,37.9,29.83197752473771
2350,37.9,29.83197752473771
2351,37.9,29.83197752473771
2352,37.9,29.834878093249134
2353,37.9,29.87445345001905
2354,37.9,29.88791208791209
2355,37.9,29.946491969568896
2356,37.9,29.97445345001906
2357,37.9,30.008888999386734
2358,37.9,30.031977524737705
2359,37.9,30.13487809324913
2360,37.9,30.13487809324913
2361,37.9,30.174453450019048
2362,37.9,30.174453450019048
2363,37.9,30.174453450019048
2364,37.9,30.205593953557756
2365,37.9,30.246491969568893
2366,37.9,30.287912087912087
2367,37.9,30.30888899938674
2368,37.9,30.33197752473771
2369,37.9,30.335933900187285
2370,37.9,30.38791208791209
2371,37.9,30.431977524737704
2372,37.9,30.446491969568896
2373,37.9,30.474453450019052
2374,37.9,30.531977524737705
2375,37.9,30.531977524737705
2376,37.9,30.57445345001906
2377,37.9,30.57445345001906
2378,37.9,30.646491969568892
2379,37.9,30.674453450019055
2380,37.9,30.674453450019055
2381,37.9,30.67445345001906
2382,37.9,30.67445345001906
2383,37.9,30.67445345001906
2384,37.9,30.67445345001906
2385,37.9,30.708888999386737
2386,37.9,30.749380935806272
2387,37.9,30.749380935806272
2388,37.9,30.749380935806272
2389,37.9,30.749380935806272
2390,37.9,30.749380935806272
2391,37.9,30.787912087912087
2392,37.9,30.787912087912087
2393,37.9,30.83197752473771
2394,37.9,30.83197752473771
2395,37.9,30.83197752473771
2396,37.9,30.834878093249134
2397,37.9,30.878282200454148
2398,37.9,30.931977524737704
2399,37.9,30.935933900187294
2400,37.9,30.97445345001906
2401,37.9,31.031977524737705
2402,37.9,31.108888999386735
2403,37.9,31.131977524737707
2404,37.9,31.13487809324913
2405,37.9,31.17445345001906
2406,37.9,31.22076199316018
2407,37.9,31.25915005055277
2408,37.9,31.274453450019056
2409,37.9,31.30888899938674
2410,37.9,31.374453450019057
2411,37.9,31.44938093580626
2412,37.9,31.44938093580626
2413,37.9,31.44938093580626
2414,37.9,31.44938093580626
2415,37.9,31.44938093580626
2416,37.9,31.508888999386734
2417,37.9,31.578282200454144
2418,37.9,31.63487809324913
2419,38.0,31.649380935806263
2420,38.0,31.708888999386737
2421,38.0,31.708888999386737
2422,38.0,31.931977524737704
2423,38.0,31.935933900187294
2424,38.0,31.97445345001906
2425,38.0,31.97445345001906
2426,38.0,32.04649196956889
2427,38.0,32.04938093580627
2428,38.0,32.08791208791209
2429,38.0,32.13487809324913
2430,38.0,32.187912087912096
2431,38.0,32.187912087912096
2432,38.0,32.27445345001905
2433,38.0,32.33487809324913
2434,38.0,32.387912087912085
2435,38.0,32.388967894850246
2436,38.0,32.431977524737704
2437,38.0,32.44490245802463
2438,38.0,32.474453450019055
2439,38.0,32.474453450019055
2440,38.0,32.549380935806255
2441,38.0,32.549380935806255
2442,38.0,32.549380935806255
2443,38.0,32.574453450019064
2444,38.0,32.64938093580626
2445,38.0,32.73593390018729
2446,38.0,32.74649196956889
2447,38.0,32.77445345001905
2448,38.0,32.83197752473771
2449,38.0,32.83197752473771
2450,38.0,32.83197752473771
2451,38.0,32.87445345001905
2452,38.0,32.87709876850148
2453,38.0,32.887912087912085
2454,38.0,32.90888899938674
2455,38.0,32.931977524737704
2456,38.0,32.931977524737704
2457,38.0,32.931977524737704
2458,38.0,32.974453450019055
2459,38.0,32.974453450019055
2460,38.0,33.031977524737705
2461,38.0,33.03197752473771
2462,38.0,33.108888999386735
2463,38.0,33.23593390018729
2464,38.0,33.349380935806266
2465,38.0,33.349380935806266
2466,38.0,33.431977524737704
2467,38.0,33.431977524737704
2468,38.0,33.431977524737704
2469,38.0,33.474453450019055
2470,38.0,33.474453450019055
2471,38.0,33.48791208791209
2472,38.0,33.52181780009834
2473,38.0,33.54938093580627
2474,38.0,33.58791208791209
2475,38.0,33.73487809324914
2476,38.0,33.849380935806266
2477,38.0,33.849380935806266
2478,38.0,33.849380935806266
2479,38.0,33.887912087912085
2480,38.0,33.935933900187294
2481,38.0,34.02076199316018
2482,38.0,34.031977524737705
2483,38.0,34.17445345001906
2484,38.0,34.17445345001906
2485,38.0,34.20888899938674
2486,38.0,34.20888899938674
2487,38.0,34.32076199316018
2488,38.0,34.33487809324913
2489,38.0,34.387912087912085
2490,38.0,34.387912087912085
2491,38.0,34.387912087912085
2492,38.0,34.387912087912085
2493,38.0,34.434878093249125
2494,38.0,34.474453450019055
2495,38.0,34.477098768501484
2496,38.0,34.67445345001906
2497,38.0,34.68896789485025
2498,38.0,34.70888899938674
2499,38.0,34.73197752473771
2500,43.300000000000004,34.78791208791209
2501,43.300000000000004,34.83197752473771
2502,43.300000000000004,34.931977524737704
2503,43.300000000000004,34.934878093249125
2504,43.300000000000004,34.974453450019055
2505,43.300000000000004,34.974453450019055
2506,43.300000000000004,35.13197752473771
2507,43.300000000000004,35.1464919695689
2508,43.300000000000004,35.14938093580626
2509,43.300000000000004,35.14938093580626
2510,43.300000000000004,35.14938093580626
2511,43.300000000000004,35.14938093580626
2512,43.300000000000004,35.18791208791208
2513,43.300000000000004,35.18791208791208
2514,43.300000000000004,35.23487809324914
2515,43.300000000000004,35.27445345001905
2516,43.300000000000004,35.27445345001905
2517,43.300000000000004,35.27445345001905
2518,43.300000000000004,35.328415626605675
2519,43.300000000000004,35.33197752473771
2520,43.300000000000004,35.33197752473771
2521,43.300000000000004,35.33487809324913
2522,43.300000000000004,35.37445345001905
2523,43.300000000000004,35.40888899938674
2524,43.300000000000004,35.474453450019055
2525,43.300000000000004,35.54649196956889
2526,43.300000000000004,35.57445345001905
2527,43.300000000000004,35.57445345001905
2528,43.300000000000004,35.64649196956889
2529,43.300000000000004,35.7319775247377
2530,43.300000000000004,35.73197752473771
2531,43.300000000000004,35.93197752473771
2532,43.300000000000004,35.98791208791209
2533,43.300000000000004,36.07445345001905
2534,43.300000000000004,36.08791208791209
2535,43.300000000000004,36.13197752473771
2536,43.300000000000004,36.14938093580626
2537,43.300000000000004,36.23197752473771
2538,43.300000000000004,36.33197752473771
2539,43.300000000000004,36.608888999386735
2540,43.300000000000004,36.63197752473771
2541,43.300000000000004,36.687912087912096
2542,43.300000000000004,36.83487809324913
2543,43.300000000000004,37.04938093580627
2544,43.300000000000004,37.04938093580627
2545,43.300000000000004,37.04938093580627
2546,43.300000000000004,37.04938093580627
2547,43.300000000000004,37.23487809324912
2548,43.300000000000004,37.28791208791209
2549,43.300000000000004,37.64938093580626
2550,43.300000000000004,37.64938093580626
2551,43.300000000000004,37.64938093580626
2552,43.300000000000004,37.64938093580626
2553,43.300000000000004,37.64938093580626
2554,43.300000000000004,37.64938093580626
2555,43.300000000000004,37.64938093580626
2556,43.300000000000004,37.77445345001905
2557,43.300000000000004,38.034878093249134
2558,43.300000000000004,38.04649196956889
2559,43.300000000000004,38.12841562660567
2560,43.300000000000004,38.13593390018728
2561,43.300000000000004,38.283031397963526
2562,43.300000000000004,38.508888999386734
2563,43.300000000000004,38.58791208791209
2564,43.300000000000004,38.64938093580626
2565,43.300000000000004,38.87445345001905
2566,43.300000000000004,38.87445345001905
2567,43.300000000000004,38.935933900187294
2568,43.300000000000004,39.24938093580627
2569,43.300000000000004,39.24938093580627
2570,43.300000000000004,39.43487809324914
2571,43.300000000000004,39.574453450019064
2572,43.300000000000004,39.64938093580626
2573,43.300000000000004,39.64938093580626
2574,43.300000000000004,39.64938093580626
2575,43.300000000000004,39.73197752473771
2576,43.300000000000004,39.73487809324912
2577,43.300000000000004,39.74938093580627
2578,43.300000000000004,39.74938093580627
2579,43.300000000000004,39.77445345001905
2580,43.300000000000004,39.80888899938674
2581,43.300000000000004,39.849380935806266
2582,43.300000000000004,40.04938093580627
2583,43.300000000000004,40.04938093580627
2584,43.300000000000004,40.04938093580627
2585,43.300000000000004,40.07445345001905
2586,43.300000000000004,40.07445345001905
2587,43.300000000000004,40.07445345001905
2588,43.300000000000004,40.07445345001905
2589,43.300000000000004,40.349380935806266
2590,43.300000000000004,40.349380935806266
2591,43.300000000000004,40.58303139796352
2592,43.300000000000004,40.58791208791209
2593,43.300000000000004,40.68791208791208
2594,43.300000000000004,40.94938093580626
2595,43.300000000000004,40.94938093580626
2596,43.300000000000004,40.94938093580626
2597,43.300000000000004,40.94938093580626
2598,43.300000000000004,40.94938093580626
2599,43.300000000000004,41.031977524737705
2600,63.1,41.08791208791209
2601,63.1,41.27445345001905
2602,63.1,41.27445345001905
2603,63.1,41.28791208791209
2604,63.1,41.387912087912085
2605,63.1,41.44938093580626
2606,63.1,41.616674125271416
2607,63.1,41.7319775247377
2608,63.1,41.83197752473771
2609,63.1,41.83487809324913
2610,63.1,41.87445345001905
2611,63.1,41.87445345001905
2612,63.1,41.87445345001905
2613,63.1,41.90888899938673
2614,63.1,42.00888899938674
2615,63.1,42.00888899938674
2616,63.1,42.034878093249134
2617,63.1,42.08791208791209
2618,63.1,42.13487809324913
2619,63.1,42.13487809324913
2620,63.1,42.349380935806266
2621,63.1,42.349380935806266
2622,63.1,42.349380935806266
2623,63.1,42.349380935806266
2624,63.1,42.349380935806266
2625,63.1,42.53197752473771
2626,63.1,42.83197752473771
2627,63.1,42.934878093249125
2628,63.1,42.974453450019055
2629,63.1,42.974453450019055
2630,63.1,43.03197752473771
2631,63.1,43.03197752473771
2632,63.1,43.035933900187295
2633,63.1,43.049380935806255
2634,63.1,43.049380935806255
2635,63.1,43.049380935806255
2636,63.1,43.049380935806255
2637,63.1,43.049380935806255
2638,63.1,43.049380935806255
2639,63.1,43.07445345001905
2640,63.1,43.40888899938673
2641,63.1,43.460867187111525
2642,63.1,43.53593390018729
2643,63.1,43.58791208791209
2644,63.1,43.87445345001905
2645,63.1,43.94938093580626
2646,63.1,43.94938093580626
2647,63.1,43.94938093580626
2648,63.1,43.94938093580626
2649,63.1,43.94938093580626
2650,63.1,43.94938093580626
2651,63.1,43.94938093580626
2652,63.1,44.04938093580627
2653,63.1,44.04938093580627
2654,63.1,44.04938093580627
2655,63.1,44.13197752473771
2656,63.1,44.54938093580627
2657,63.1,44.54938093580627
2658,63.1,44.54938093580627
2659,63.1,44.54938093580627
2660,63.1,44.54938093580627
2661,63.1,44.54938093580627
2662,63.1,44.54938093580627
2663,63.1,44.63197752473771
2664,63.1,44.63487809324913
2665,63.1,44.674453450019044
2666,63.1,44.674453450019044
2667,63.1,44.70888899938673
2668,63.1,44.7319775247377
2669,63.1,44.94938093580626
2670,63.1,44.94938093580626
2671,63.1,44.94938093580626
2672,63.1,45.03197752473771
2673,63.1,45.07445345001905
2674,63.1,45.08791208791209
2675,63.1,45.08791208791209
2676,63.1,45.349380935806266
2677,63.1,45.37445345001905
2678,63.1,45.37445345001905
2679,63.1,45.37445345001905
2680,63.1,45.40888899938673
2681,63.1,45.73487809324912
2682,63.1,45.78791208791209
2683,63.1,45.849380935806266
2684,63.1,45.849380935806266
2685,63.1,45.849380935806266
2686,63.1,45.849380935806266
2687,63.1,45.849380935806266
2688,63.1,45.849380935806266
2689,63.1,45.849380935806266
2690,63.1,46.031977524737705
2691,63.1,46.41604760247293
2692,63.1,46.54649196956889
2693,63.1,46.67445345001906
2694,63.1,46.74938093580627
2695,63.1,46.74938093580627
2696,63.1,46.74938093580627
2697,63.1,46.74938093580627
2698,63.1,46.74938093580627
2699,63.1,46.74938093580627
2700,63.1,46.78791208791209
2701,63.1,46.849380935806266
2702,63.1,46.87445345001906
2703,63.1,46.90888899938673
2704,63.1,46.974453450019055
2705,63.1,47.2319775247377
2706,63.1,47.27445345001905
2707,63.1,47.33487809324913
2708,63.1,47.435933900187294
2709,63.1,47.44938093580626
2710,63.1,47.44938093580626
2711,63.1,47.44938093580626
2712,63.1,47.44938093580626
2713,63.1,47.73197752473771
2714,63.1,47.74938093580627
2715,63.1,47.74938093580627
2716,63.1,47.74938093580627
2717,63.1,47.74938093580627
2718,63.1,47.74938093580627
2719,63.1,47.74938093580627
2720,63.1,47.74938093580627
2721,63.1,47.74938093580627
2722,63.1,47.74938093580627
2723,63.1,47.74938093580627
2724,63.1,47.74938093580627
2725,63.1,47.74938093580627
2726,63.1,47.74938093580627
2727,63.1,47.74938093580627
2728,63.1,47.74938093580627
2729,63.1,47.74938093580627
2730,63.1,47.87445345001906
2731,63.1,47.87445345001906
2732,63.1,47.887912087912085
2733,63.1,48.24938093580627
2734,63.1,48.24938093580627
2735,63.1,48.24938093580627
2736,63.1,48.24938093580627
2737,63.1,48.24938093580627
2738,63.1,48.24938093580627
2739,63.1,48.24938093580627
2740,63.1,48.24938093580627
2741,63.1,48.24938093580627
2742,63.1,48.24938093580627
2743,63.1,48.24938093580627
2744,63.1,48.24938093580627
2745,63.1,48.24938093580627
2746,63.1,48.24938093580627
2747,63.1,48.24938093580627
2748,63.1,48.24938093580627
2749,63.1,48.27445345001905
2750,63.1,48.54490245802462
2751,63.1,48.74938093580626
2752,63.1,48.81604760247292
2753,63.1,48.94938093580626
2754,63.1,48.94938093580626
2755,63.1,48.94938093580626
2756,63.1,48.94938093580626
2757,63.1,48.94938093580626
2758,63.1,48.94938093580626
2759,63.1,48.94938093580626
2760,63.1,48.94938093580626
2761,63.1,48.94938093580626
2762,63.1,49.48791208791209
2763,63.1,49.549380935806255
2764,63.1,49.57445345001905
2765,63.1,49.77445345001905
2766,63.1,49.835933900187285
2767,63.1,49.887912087912085
2768,63.1,50.16033734993011
2769,63.1,50.216047602472926
2770,63.1,50.48791208791209
2771,63.1,50.64938093580626
2772,63.1,50.64938093580626
2773,63.1,50.674453450019044
2774,63.1,50.674453450019044
2775,63.1,50.674453450019044
2776,63.1,50.674453450019044
2777,63.1,50.716047602472926
2778,63.1,50.7319775247377
2779,63.1,50.73487809324912
2780,63.1,50.77445345001905
2781,63.1,50.94938093580626
2782,63.1,50.94938093580626
2783,63.1,51.474453450019055
2784,63.1,51.474453450019055
2785,63.1,51.63197752473771
2786,63.1,51.67445345001906
2787,63.1,51.74938093580627
2788,63.1,51.74938093580627
2789,63.1,51.74938093580627
2790,63.1,51.74938093580627
2791,63.1,51.74938093580627
2792,63.1,51.74938093580627
2793,63.1,51.74938093580627
2794,63.1,51.74938093580627
2795,63.1,51.74938093580627
2796,63.1,51.74938093580627
2797,63.1,51.74938093580627
2798,63.1,51.74938093580627
2799,63.1,51.74938093580627
2800,63.1,51.84649196956889
2801,63.1,51.931977524737704
2802,63.1,52.14938093580626
2803,63.1,52.24938093580626
2804,63.1,52.24938093580626
2805,63.1,52.31604760247292
2806,63.1,52.31604760247292
2807,63.1,52.349380935806266
2808,63.1,52.349380935806266
2809,63.1,52.349380935806266
2810,63.1,52.349380935806266
2811,63.1,52.349380935806266
2812,63.1,52.687912087912096
2813,63.1,52.891868463361675
2814,63.1,52.94938093580626
2815,63.1,53.28791208791209
2816,63.1,53.349380935806266
2817,63.1,53.349380935806266
2818,63.1,53.349380935806266
2819,63.1,53.349380935806266
2820,63.1,53.349380935806266
2821,63.1,53.3879120879121
2822,63.1,53.7319775247377
2823,63.1,53.74938093580626
2824,63.1,53.74938093580626
2825,63.1,53.74938093580626
2826,63.1,54.04938093580627
2827,63.1,54.04938093580627
2828,63.1,54.04938093580627
2829,63.1,54.04938093580627
2830,63.1,54.04938093580627
2831,63.1,54.04938093580627
2832,65.9,54.04938093580627
2833,65.9,54.13487809324913
2834,65.9,54.14938093580626
2835,65.9,54.27445345001905
2836,65.9,54.74938093580626
2837,65.9,54.74938093580626
2838,65.9,54.83197752473771
2839,65.9,54.83197752473771
2840,65.9,54.849380935806266
2841,65.9,54.849380935806266
2842,65.9,54.849380935806266
2843,65.9,54.849380935806266
2844,65.9,54.849380935806266
2845,65.9,54.849380935806266
2846,65.9,54.849380935806266
2847,65.9,54.849380935806266
2848,65.9,54.849380935806266
2849,65.9,54.849380935806266
2850,65.9,54.931977524737704
2851,65.9,55.17445345001906
2852,65.9,55.708888999386744
2853,65.9,55.7319775247377
2854,65.9,55.74938093580626
2855,65.9,55.77445345001905
2856,65.9,55.77445345001905
2857,65.9,55.78791208791209
2858,65.9,55.81604760247292
2859,65.9,55.81604760247292
2860,65.9,56.14938093580626
2861,65.9,56.216047602472926
2862,65.9,56.434878093249125
2863,65.9,56.5319775247377
2864,65.9,56.68791208791208
2865,65.9,56.74938093580626
2866,65.9,56.77445345001905
2867,65.9,56.78791208791209
2868,65.9,56.81604760247292
2869,65.9,56.81604760247292
2870,65.9,56.81604760247292
2871,65.9,56.849380935806266
2872,65.9,56.849380935806266
2873,65.9,56.849380935806266
2874,65.9,56.865484892181726
2875,65.9,56.91604760247293
2876,65.9,56.931977524737704
2877,65.9,57.14938093580626
2878,65.9,57.14938093580626
2879,65.9,57.14938093580626
2880,65.9,57.14938093580626
2881,65.9,57.14938093580626
2882,65.9,57.14938093580626
2883,65.9,57.14938093580626
2884,65.9,57.216047602472926
2885,65.9,57.216047602472926
2886,65.9,57.24938093580626
2887,65.9,57.24938093580626
2888,65.9,57.25839590273978
2889,65.9,57.34938093580625
2890,65.9,57.34938093580625
2891,65.9,57.34938093580625
2892,65.9,57.34938093580625
2893,65.9,57.34938093580625
2894,65.9,57.34938093580625
2895,65.9,57.37445345001906
2896,65.9,57.37445345001906
2897,65.9,57.37445345001906
2898,65.9,57.51604760247292
2899,65.9,57.67445345001906
2900,65.9,57.67445345001906
2901,65.9,57.687912087912096
2902,65.9,57.80506024895165
2903,65.9,57.974453450019055
2904,65.9,57.974453450019055
2905,65.9,58.00888899938674
2906,65.9,58.17445345001906
2907,65.9,58.30506024895165
2908,65.9,58.474453450019055
2909,65.9,58.474453450019055
2910,65.9,58.474453450019055
2911,65.9,58.474453450019055
2912,65.9,58.474453450019055
2913,65.9,58.731977524737715
2914,65.9,58.94938093580626
2915,65.9,58.94938093580626
2916,65.9,58.94938093580626
2917,65.9,58.94938093580626
2918,65.9,59.03197752473771
2919,65.9,59.0603373499301
2920,65.9,59.07445345001905
2921,65.9,59.07445345001905
2922,65.9,59.07445345001905
2923,65.9,59.231977524737715
2924,65.9,59.28791208791209
2925,65.9,59.446491969568896
2926,65.9,59.57445345001905
2927,65.9,59.57445345001905
2928,65.9,59.57445345001905
2929,65.9,59.64938093580626
2930,65.9,59.74938093580626
2931,65.9,59.74938093580626
2932,65.9,59.74938093580626
2933,65.9,59.74938093580626
2934,65.9,59.74938093580626
2935,65.9,59.849380935806266
2936,65.9,59.849380935806266
2937,65.9,59.849380935806266
2938,65.9,59.849380935806266
2939,65.9,60.44938093580626
2940,65.9,60.44938093580626
2941,65.9,60.549380935806255
2942,65.9,60.549380935806255
2943,65.9,60.549380935806255
2944,65.9,61.049380935806255
2945,65.9,61.049380935806255
2946,65.9,61.049380935806255
2947,65.9,61.11604760247292
2948,65.9,61.14938093580626
2949,65.9,61.14938093580626
2950,65.9,61.174453450019044
2951,65.9,61.174453450019044
2952,65.9,61.174453450019044
2953,65.9,61.216047602472926
2954,65.9,61.216047602472926
2955,65.9,61.216047602472926
2956,65.9,61.216047602472926
2957,65.9,61.216047602472926
2958,65.9,61.216047602472926
2959,65.9,61.216047602472926
2960,65.9,61.216047602472926
2961,65.9,61.63197752473771
2962,65.9,61.64938093580626
2963,65.9,61.64938093580626
2964,65.9,61.64938093580626
2965,65.9,61.64938093580626
2966,65.9,61.691729236073115
2967,65.9,61.716047602472926
2968,65.9,61.716047602472926
2969,65.9,61.716047602472926
2970,65.9,61.716047602472926
2971,65.9,61.716047602472926
2972,65.9,61.849380935806266
2973,65.9,61.849380935806266
2974,65.9,61.849380935806266
2975,65.9,61.849380935806266
2976,65.9,61.849380935806266
2977,65.9,61.849380935806266
2978,65.9,61.849380935806266
2979,65.9,61.849380935806266
2980,65.9,61.849380935806266
2981,65.9,62.03197752473771
2982,65.9,62.049380935806255
2983,65.9,62.049380935806255
2984,65.9,62.049380935806255
2985,65.9,62.049380935806255
2986,65.9,62.049380935806255
2987,65.9,62.07445345001905
2988,65.9,62.07445345001905
2989,65.9,62.07445345001905
2990,65.9,62.11604760247292
2991,65.9,62.11604760247292
2992,65.9,62.17445345001906
2993,65.9,62.17445345001906
2994,65.9,62.17445345001906
2995,65.9,62.17445345001906
2996,65.9,62.17445345001906
2997,65.9,62.44938093580626
2998,65.9,62.44938093580626
2999,65.9,62.44938093580626
3000,65.9,62.44938093580626
3001,65.9,62.44938093580626
3002,65.9,62.44938093580626
3003,65.9,62.44938093580626
3004,65.9,62.44938093580626
3005,65.9,62.44938093580626
3006,65.9,62.474453450019055
3007,65.9,62.51604760247292
3008,65.9,62.51604760247292
3009,65.9,62.51604760247292
3010,65.9,62.51604760247292
3011,65.9,62.51604760247292
3012,65.9,62.51604760247292
3013,65.9,62.63197752473771
3014,65.9,62.63487809324913
3015,65.9,62.67445345001906
3016,65.9,62.67445345001906
3017,65.9,62.78791208791209
3018,65.9,63.07445345001905
3019,65.9,63.07445345001905
3020,65.9,63.07445345001905
3021,65.9,63.24938093580627
3022,65.9,63.24938093580627
3023,65.9,63.24938093580627
3024,65.9,63.33197752473771
3025,65.9,63.349380935806266
3026,65.9,63.349380935806266
3027,65.9,63.349380935806266
3028,65.9,63.349380935806266
3029,65.9,63.349380935806266
3030,65.9,63.349380935806266
3031,65.9,63.349380935806266
3032,65.9,63.608888999386735
3033,65.9,63.73593390018729
3034,65.9,63.974453450019055
3035,65.9,63.974453450019055
3036,65.9,64.34938093580627
3037,65.9,64.34938093580627
3038,65.9,64.34938093580627
3039,65.9,64.34938093580627
3040,65.9,64.34938093580627
3041,72.53333333333333,64.34938093580627
3042,72.53333333333333,64.34938093580627
3043,72.53333333333333,64.34938093580627
3044,72.53333333333333,64.34938093580627
3045,72.53333333333333,64.34938093580627
3046,72.53333333333333,64.34938093580627
3047,72.53333333333333,64.34938093580627
3048,72.53333333333333,64.34938093580627
3049,72.53333333333333,64.34938093580627
3050,72.53333333333333,64.39172923607312
3051,72.53333333333333,64.54938093580625
3052,72.53333333333333,64.61604760247292
3053,72.53333333333333,64.61604760247292
3054,72.53333333333333,64.61604760247292
3055,72.53333333333333,64.61604760247292
3056,72.53333333333333,64.61604760247292
3057,72.53333333333333,64.61604760247292
3058,72.53333333333333,64.61604760247292
3059,72.53333333333333,64.74938093580627
3060,72.53333333333333,64.84938093580627
3061,72.53333333333333,64.84938093580627
3062,72.53333333333333,64.84938093580627
3063,72.53333333333333,64.84938093580627
3064,72.53333333333333,64.84938093580627
3065,72.53333333333333,64.84938093580627
3066,72.53333333333333,64.84938093580627
3067,72.53333333333333,64.84938093580627
3068,72.53333333333333,64.84938093580627
3069,72.53333333333333,64.84938093580627
3070,72.53333333333333,64.84938093580627
3071,72.53333333333333,64.84938093580627
3072,72.53333333333333,64.84938093580627
3073,72.53333333333333,64.84938093580627
3074,72.53333333333333,64.84938093580627
3075,72.53333333333333,64.84938093580627
3076,72.53333333333333,64.84938093580627
3077,72.53333333333333,64.84938093580627
3078,72.53333333333333,64.87445345001906
3079,72.53333333333333,64.87445345001906
3080,72.53333333333333,64.87445345001906
3081,72.53333333333333,64.87445345001906
3082,72.53333333333333,64.87445345001906
3083,72.53333333333333,64.97445345001906
3084,72.53333333333333,65.30822766976613
3085,72.53333333333333,65.33487809324913
3086,72.53333333333333,65.57445345001905
3087,72.53333333333333,65.87445345001906
3088,72.53333333333333,65.87445345001906
3089,72.53333333333333,65.87445345001906
3090,72.53333333333333,65.87445345001906
3091,72.53333333333333,66.04938093580625
3092,72.53333333333333,66.04938093580625
3093,72.53333333333333,66.04938093580625
3094,72.53333333333333,66.04938093580625
3095,72.53333333333333,66.04938093580625
3096,72.53333333333333,66.04938093580625
3097,72.53333333333333,66.11604760247292
3098,72.53333333333333,66.11604760247292
3099,72.53333333333333,66.11604760247292
3100,72.53333333333333,66.11604760247292
3101,72.53333333333333,66.11604760247292
3102,72.53333333333333,66.11604760247292
3103,72.53333333333333,66.11604760247292
3104,72.53333333333333,66.11604760247292
3105,72.53333333333333,66.11604760247292
3106,72.53333333333333,66.11604760247292
3107,72.53333333333333,66.11604760247292
3108,72.53333333333333,66.37445345001906
3109,72.53333333333333,66.37445345001906
3110,72.53333333333333,66.37445345001906
3111,72.53333333333333,66.87445345001905
3112,72.53333333333333,66.87445345001905
3113,72.53333333333333,66.90888899938673
3114,72.53333333333333,66.94112011668571
3115,72.53333333333333,66.94938093580626
3116,72.53333333333333,66.94938093580626
3117,72.53333333333333,66.94938093580626
3118,72.53333333333333,66.94938093580626
3119,72.53333333333333,66.94938093580626
3120,72.53333333333333,66.94938093580626
3121,72.53333333333333,67.03197752473771
3122,72.53333333333333,67.04938093580625
3123,72.53333333333333,67.04938093580625
3124,72.53333333333333,67.04938093580625
3125,72.53333333333333,67.04938093580625
3126,72.53333333333333,67.04938093580625
3127,72.53333333333333,67.04938093580625
3128,72.53333333333333,67.04938093580625
3129,72.53333333333333,67.04938093580625
3130,72.53333333333333,67.04938093580625
3131,72.53333333333333,67.04938093580625
3132,72.53333333333333,67.07445345001905
3133,72.53333333333333,67.07445345001905
3134,72.53333333333333,67.07445345001905
3135,72.53333333333333,67.07445345001905
3136,72.53333333333333,67.07445345001905
3137,72.53333333333333,67.18791208791208
3138,72.53333333333333,67.57445345001905
3139,72.53333333333333,67.6319775247377
3140,72.53333333333333,67.6319775247377
3141,72.53333333333333,67.6319775247377
3142,72.53333333333333,67.67445345001904
3143,72.53333333333333,68.04938093580627
3144,72.53333333333333,68.04938093580627
3145,72.53333333333333,68.04938093580627
3146,72.53333333333333,68.04938093580627
3147,72.53333333333333,68.04938093580627
3148,72.53333333333333,68.14938093580626
3149,72.53333333333333,68.14938093580626
3150,72.53333333333333,68.14938093580626
3151,72.53333333333333,68.14938093580626
3152,72.53333333333333,68.14938093580626
3153,72.53333333333333,68.14938093580626
3154,72.53333333333333,68.14938093580626
3155,72.53333333333333,68.14938093580626
3156,72.53333333333333,68.14938093580626
3157,72.53333333333333,68.14938093580626
3158,72.53333333333333,68.14938093580626
3159,72.53333333333333,68.14938093580626
3160,72.53333333333333,68.1656163846209
3161,72.53333333333333,68.1879120879121
3162,72.53333333333333,68.1879120879121
3163,72.53333333333333,68.54938093580627
3164,72.53333333333333,68.54938093580627
3165,72.53333333333333,68.64938093580626
3166,72.53333333333333,68.64938093580626
3167,72.53333333333333,68.64938093580626
3168,72.53333333333333,68.64938093580626
3169,72.53333333333333,68.64938093580626
3170,72.53333333333333,68.64938093580626
3171,72.53333333333333,68.64938093580626
3172,72.53333333333333,68.64938093580626
3173,72.53333333333333,68.64938093580626
3174,72.53333333333333,68.64938093580626
3175,72.53333333333333,68.84112011668572
3176,72.53333333333333,68.84938093580627
3177,72.53333333333333,68.84938093580627
3178,72.53333333333333,68.84938093580627
3179,72.53333333333333,68.84938093580627
3180,72.53333333333333,68.84938093580627
3181,72.53333333333333,68.84938093580627
3182,72.53333333333333,68.84938093580627
3183,72.53333333333333,68.84938093580627
3184,72.53333333333333,68.84938093580627
3185,72.53333333333333,68.84938093580627
3186,72.53333333333333,68.84938093580627
3187,72.53333333333333,68.84938093580627
3188,72.53333333333333,68.84938093580627
3189,72.53333333333333,68.91604760247293
3190,72.53333333333333,68.91604760247293
3191,72.53333333333333,68.91604760247293
3192,72.53333333333333,68.91604760247293
3193,72.53333333333333,68.91604760247293
3194,72.53333333333333,68.91604760247293
3195,72.53333333333333,68.91604760247293
3196,72.53333333333333,68.91604760247293
3197,72.53333333333333,68.91604760247293
3198,72.53333333333333,68.91604760247293
3199,72.53333333333333,68.91604760247293
3200,72.53333333333333,69.03487809324912
3201,72.53333333333333,69.07445345001905
3202,72.53333333333333,69.23197752473772
3203,72.53333333333333,69.44938093580626
3204,72.53333333333333,69.44938093580626
3205,72.53333333333333,69.44938093580626
3206,72.53333333333333,69.44938093580626
3207,72.53333333333333,69.49172923607311
3208,72.53333333333333,69.54938093580625
3209,72.53333333333333,69.54938093580625
3210,72.53333333333333,69.54938093580625
3211,72.53333333333333,69.54938093580625
3212,72.53333333333333,69.54938093580625
3213,72.53333333333333,69.54938093580625
3214,72.53333333333333,69.54938093580625
3215,72.53333333333333,69.54938093580625
3216,72.53333333333333,69.54938093580625
3217,72.53333333333333,69.54938093580625
3218,72.53333333333333,69.54938093580625
3219,72.53333333333333,69.54938093580625
3220,72.53333333333333,69.54938093580625
3221,72.53333333333333,69.54938093580625
3222,72.53333333333333,69.54938093580625
3223,72.53333333333333,69.54938093580625
3224,72.53333333333333,69.54938093580625
3225,72.53333333333333,69.54938093580625
3226,72.53333333333333,69.6319775247377
3227,72.53333333333333,69.8625843236703
3228,72.53333333333333,69.87445345001906
3229,72.53333333333333,69.87445345001906
3230,72.53333333333333,69.87445345001906
3231,72.53333333333333,69.90888899938673
3232,72.53333333333333,69.9879120879121
3233,72.53333333333333,70.1359339001873
3234,72.53333333333333,70.14938093580626
3235,72.53333333333333,70.24938093580626
3236,72.53333333333333,70.24938093580626
3237,72.53333333333333,70.24938093580626
3238,72.53333333333333,70.24938093580626
3239,72.53333333333333,70.24938093580626
3240,72.53333333333333,70.24938093580626
3241,72.53333333333333,70.24938093580626
3242,72.53333333333333,70.24938093580626
3243,72.53333333333333,70.24938093580626
3244,72.53333333333333,70.24938093580626
3245,72.53333333333333,70.24938093580626
3246,72.53333333333333,70.24938093580626
3247,72.53333333333333,70.24938093580626
3248,72.53333333333333,70.24938093580626
3249,72.53333333333333,70.24938093580626
3250,72.53333333333333,70.27445345001905
3251,72.53333333333333,70.29172923607311
3252,72.53333333333333,70.29172923607311
3253,72.53333333333333,70.44938093580626
3254,72.53333333333333,70.44938093580626
3255,72.53333333333333,70.44938093580626
3256,72.53333333333333,70.44938093580626
3257,72.53333333333333,70.44938093580626
3258,72.53333333333333,70.44938093580626
3259,72.53333333333333,70.44938093580626
3260,72.53333333333333,70.47445345001906
3261,72.53333333333333,70.49172923607311
3262,72.53333333333333,70.51604760247292
3263,72.53333333333333,70.51604760247292
3264,72.53333333333333,70.51604760247292
3265,72.53333333333333,70.55839590273978
3266,72.53333333333333,70.83487809324913
3267,72.53333333333333,70.8879120879121
3268,72.53333333333333,70.97445345001906
3269,72.53333333333333,70.97445345001906
3270,72.53333333333333,71.03593390018729
3271,72.53333333333333,71.07445345001905
3272,72.53333333333333,71.14938093580626
3273,72.53333333333333,71.14938093580626
3274,72.53333333333333,71.14938093580626
3275,72.53333333333333,71.21604760247293
3276,72.53333333333333,71.21604760247293
3277,72.53333333333333,71.21604760247293
3278,72.53333333333333,71.21604760247293
3279,72.53333333333333,71.21604760247293
3280,72.53333333333333,71.4319775247377
3281,72.53333333333333,71.47445345001906
3282,72.53333333333333,71.58791208791209
3283,72.53333333333333,71.87445345001905
3284,72.53333333333333,71.87445345001905
3285,72.53333333333333,72.17445345001906
3286,72.53333333333333,72.17445345001906
3287,72.53333333333333,72.27445345001905
3288,72.53333333333333,72.34112011668572
3289,72.53333333333333,72.3879120879121
3290,72.53333333333333,72.42581671721942
3291,72.53333333333333,72.53333333333333
3292,72.53333333333333,72.53333333333333
3293,72.53333333333333,72.53333333333333
3294,72.53333333333333,72.53333333333333
3295,72.53333333333333,72.53333333333333
3296,72.53333333333333,72.53333333333333
3297,72.53333333333333,72.53333333333333
3298,72.53333333333333,72.53333333333333
3299,72.53333333333333,72.53333333333333
3300,72.53333333333333,72.53333333333333
3301,72.53333333333333,72.53333333333333
3302,72.53333333333333,72.53333333333333
3303,72.53333333333333,72.53333333333333
3304,72.53333333333333,72.53333333333333
3305,72.53333333333333,72.53333333333333
3306,72.53333333333333,72.53333333333333
3307,72.53333333333333,72.53333333333333
3308,72.53333333333333,72.53333333333333
3309,72.53333333333333,72.53333333333333
3310,72.53333333333333,72.53333333333333
3311,72.53333333333333,72.53333333333333
3312,72.53333333333333,72.53333333333333
3313,72.53333333333333,72.53333333333333
3314,72.53333333333333,72.53333333333333
3315,72.53333333333333,72.53333333333333
3316,72.53333333333333,72.53333333333333
3317,72.53333333333333,72.53333333333333
3318,72.53333333333333,72.53333333333333
3319,72.53333333333333,72.53333333333333
3320,72.53333333333333,72.53333333333333
3321,72.53333333333333,72.53333333333333
3322,72.53333333333333,72.53333333333333
3323,72.53333333333333,72.53333333333333
3324,72.53333333333333,72.53333333333333
3325,72.53333333333333,72.53333333333333
3326,72.53333333333333,72.53333333333333
3327,72.53333333333333,72.53333333333333
3328,72.53333333333333,72.53333333333333
3329,72.53333333333333,72.53333333333333
3330,72.53333333333333,72.53333333333333
3331,72.53333333333333,72.53333333333333
3332,72.53333333333333,72.53333333333333
3333,72.53333333333333,72.53333333333333
3334,72.53333333333333,72.53333333333333
3335,72.53333333333333,72.53333333333333
3336,72.53333333333333,72.53333333333333
3337,72.53333333333333,72.53333333333333
3338,72.53333333333333,72.53333333333333
3339,72.53333333333333,72.53333333333333
3340,72.53333333333333,72.53333333333333
3341,72.53333333333333,72.53333333333333
3342,72.53333333333333,72.53333333333333
3343,72.53333333333333,72.53333333333333
3344,72.53333333333333,72.53333333333333
3345,72.53333333333333,72.53333333333333
3346,72.53333333333333,72.53333333333333
3347,72.53333333333333,72.53333333333333
3348,72.53333333333333,72.53333333333333
3349,72.53333333333333,72.53333333333333
3350,72.53333333333333,72.53333333333333
3351,72.53333333333333,72.53333333333333
3352,72.53333333333333,72.53333333333333
3353,72.53333333333333,72.53333333333333
3354,72.53333333333333,72.53333333333333
3355,72.53333333333333,72.53333333333333
3356,72.53333333333333,72.53333333333333
3357,72.53333333333333,72.53333333333333
3358,72.53333333333333,72.53333333333333
3359,72.53333333333333,72.53333333333333
3360,72.53333333333333,72.53333333333333
3361,72.53333333333333,72.53333333333333
3362,72.53333333333333,72.53333333333333
3363,72.53333333333333,72.53333333333333
3364,72.53333333333333,72.53333333333333
3365,72.53333333333333,72.53333333333333
3366,72.53333333333333,72.53333333333333
3367,72.53333333333333,72.53333333333333
3368,72.53333333333333,72.53333333333333
3369,72.53333333333333,72.53333333333333
3370,72.53333333333333,72.53333333333333
3371,72.53333333333333,72.53333333333333
3372,72.53333333333333,72.53333333333333
3373,72.53333333333333,72.53333333333333
3374,72.53333333333333,72.53333333333333
3375,72.53333333333333,72.53333333333333
3376,72.53333333333333,72.53333333333333
3377,72.53333333333333,72.53333333333333
3378,72.53333333333333,72.53333333333333
3379,72.53333333333333,72.53333333333333
3380,72.53333333333333,72.53333333333333
3381,72.53333333333333,72.53333333333333
3382,72.53333333333333,72.53333333333333
3383,72.53333333333333,72.53333333333333
3384,72.53333333333333,72.53333333333333
3385,72.53333333333333,72.53333333333333
3386,72.53333333333333,72.53333333333333
3387,72.53333333333333,72.53333333333333
3388,72.53333333333333,72.53333333333333
3389,72.53333333333333,72.53333333333333
3390,72.53333333333333,72.53333333333333
3391,72.53333333333333,72.53333333333333
3392,72.53333333333333,72.53333333333333
3393,72.53333333333333,72.53333333333333
3394,72.53333333333333,72.53333333333333
3395,72.53333333333333,72.53333333333333
3396,72.53333333333333,72.53333333333333
3397,72.53333333333333,72.53333333333333
3398,72.53333333333333,72.53333333333333
3399,72.53333333333333,72.53333333333333
3400,72.53333333333333,72.53333333333333
3401,72.53333333333333,72.53333333333333
3402,72.53333333333333,72.53333333333333
3403,72.53333333333333,72.53333333333333
3404,72.53333333333333,72.53333333333333
3405,72.53333333333333,72.53333333333333
3406,72.53333333333333,72.53333333333333
3407,72.53333333333333,72.53333333333333
3408,72.53333333333333,72.53333333333333
3409,72.53333333333333,72.53333333333333
3410,72.53333333333333,72.53333333333333
3411,72.53333333333333,72.53333333333333
3412,72.53333333333333,72.53333333333333
3413,72.53333333333333,72.53333333333333
3414,72.53333333333333,72.53333333333333
3415,72.53333333333333,72.53333333333333
3416,72.53333333333333,72.53333333333333
3417,72.53333333333333,72.53333333333333
3418,72.53333333333333,72.53333333333333
3419,72.53333333333333,72.53333333333333
3420,72.53333333333333,72.53333333333333
3421,72.53333333333333,72.53333333333333
3422,72.53333333333333,72.53333333333333
3423,72.53333333333333,72.53333333333333
3424,72.53333333333333,72.53333333333333
3425,72.53333333333333,72.53333333333333
3426,72.53333333333333,72.53333333333333
3427,72.53333333333333,72.53333333333333
3428,72.53333333333333,72.53333333333333
3429,72.53333333333333,72.53333333333333
3430,72.53333333333333,72.53333333333333
3431,72.53333333333333,72.53333333333333
3432,72.53333333333333,72.53333333333333
3433,72.53333333333333,72.53333333333333
3434,72.53333333333333,72.53333333333333
3435,72.53333333333333,72.53333333333333
3436,72.53333333333333,72.53333333333333
3437,72.53333333333333,72.53333333333333
3438,72.53333333333333,72.53333333333333
3439,72.53333333333333,72.53333333333333
3440,72.53333333333333,72.53333333333333
3441,72.53333333333333,72.53333333333333
3442,72.53333333333333,72.53333333333333
3443,72.53333333333333,72.53333333333333
3444,72.53333333333333,72.53333333333333
3445,72.53333333333333,72.53333333333333
3446,72.53333333333333,72.53333333333333
3447,72.53333333333333,72.53333333333333
3448,72.53333333333333,72.53333333333333
3449,72.53333333333333,72.53333333333333
3450,72.53333333333333,72.53333333333333
3451,72.53333333333333,72.53333333333333
3452,72.53333333333333,72.53333333333333
3453,72.53333333333333,72.53333333333333
3454,72.53333333333333,72.53333333333333
3455,72.53333333333333,72.53333333333333
3456,72.53333333333333,72.53333333333333
3457,72.53333333333333,72.53333333333333
3458,72.53333333333333,72.53333333333333
3459,72.53333333333333,72.53333333333333
3460,72.53333333333333,72.53333333333333
3461,72.53333333333333,72.53333333333333
3462,72.53333333333333,72.53333333333333
3463,72.53333333333333,72.53333333333333
3464,72.53333333333333,72.53333333333333
3465,72.53333333333333,72.53333333333333
3466,72.53333333333333,72.53333333333333
3467,72.53333333333333,72.53333333333333
3468,72.53333333333333,72.53333333333333
3469,72.53333333333333,72.53333333333333
3470,72.53333333333333,72.53333333333333
3471,72.53333333333333,72.53333333333333
3472,72.53333333333333,72.53333333333333
3473,72.53333333333333,72.53333333333333
3474,72.53333333333333,72.53333333333333
3475,72.53333333333333,72.53333333333333
3476,72.53333333333333,72.53333333333333
3477,72.53333333333333,72.53333333333333
3478,72.53333333333333,72.53333333333333
3479,72.53333333333333,72.53333333333333
3480,72.53333333333333,72.53333333333333
3481,72.53333333333333,72.53333333333333
3482,72.53333333333333,72.53333333333333
3483,72.53333333333333,72.53333333333333
3484,72.53333333333333,72.53333333333333
3485,72.53333333333333,72.53333333333333
3486,72.53333333333333,72.53333333333333
3487,72.53333333333333,72.53333333333333
3488,72.53333333333333,72.53333333333333
3489,72.53333333333333,72.53333333333333
3490,72.53333333333333,72.53333333333333
3491,72.53333333333333,72.53333333333333
3492,72.53333333333333,72.53333333333333
3493,72.53333333333333,72.53333333333333
3494,72.53333333333333,72.53333333333333
3495,72.53333333333333,72.53333333333333
3496,72.53333333333333,72.53333333333333
3497,72.53333333333333,72.53333333333333
3498,72.53333333333333,72.53333333333333
3499,72.53333333333333,72.53333333333333
3500,72.53333333333333,72.53333333333333
3501,72.53333333333333,72.53333333333333
3502,72.53333333333333,72.53333333333333
3503,72.53333333333333,72.53333333333333
3504,72.53333333333333,72.53333333333333
3505,72.53333333333333,72.53333333333333
3506,72.53333333333333,72.53333333333333
3507,72.53333333333333,72.53333333333333
3508,72.53333333333333,72.53333333333333
3509,72.53333333333333,72.53333333333333
3510,72.53333333333333,72.53333333333333
3511,72.53333333333333,72.53333333333333
3512,72.53333333333333,72.53333333333333
3513,72.53333333333333,72.53333333333333
3514,72.53333333333333,72.53333333333333
3515,72.53333333333333,72.53333333333333
3516,72.53333333333333,72.53333333333333
3517,72.53333333333333,72.53333333333333
3518,72.53333333333333,72.53333333333333
3519,72.53333333333333,72.53333333333333
3520,72.53333333333333,72.53333333333333
3521,72.53333333333333,72.53333333333333
3522,72.53333333333333,72.53333333333333
3523,72.53333333333333,72.53333333333333
3524,72.53333333333333,72.53333333333333
3525,72.53333333333333,72.53333333333333
3526,72.53333333333333,72.53333333333333
3527,72.53333333333333,72.53333333333333
3528,72.53333333333333,72.53333333333333
3529,72.53333333333333,72.53333333333333
3530,72.53333333333333,72.53333333333333
3531,72.53333333333333,72.53333333333333
3532,72.53333333333333,72.53333333333333
3533,72.53333333333333,72.53333333333333
3534,72.53333333333333,72.53333333333333
3535,72.53333333333333,72.53333333333333
3536,72.53333333333333,72.53333333333333
3537,72.53333333333333,72.53333333333333
3538,72.53333333333333,72.53333333333333
3539,72.53333333333333,72.53333333333333
3540,72.53333333333333,72.53333333333333
3541,72.53333333333333,72.53333333333333
3542,72.53333333333333,72.53333333333333
3543,72.53333333333333,72.53333333333333
3544,72.53333333333333,72.53333333333333
3545,72.53333333333333,72.53333333333333
3546,72.53333333333333,72.53333333333333
3547,72.53333333333333,72.53333333333333
3548,72.53333333333333,72.53333333333333
3549,72.53333333333333,72.53333333333333
3550,72.53333333333333,72.53333333333333
3551,72.53333333333333,72.53333333333333
3552,72.53333333333333,72.53333333333333
3553,72.53333333333333,72.53333333333333
3554,72.53333333333333,72.53333333333333
3555,72.53333333333333,72.53333333333333
3556,72.53333333333333,72.53333333333333
3557,72.53333333333333,72.53333333333333
3558,72.53333333333333,72.53333333333333
3559,72.53333333333333,72.53333333333333
3560,72.53333333333333,72.53333333333333
3561,72.53333333333333,72.53333333333333
3562,72.53333333333333,72.53333333333333
3563,72.53333333333333,72.53333333333333
3564,72.53333333333333,72.53333333333333
3565,72.53333333333333,72.53333333333333
3566,72.53333333333333,72.53333333333333
3567,72.53333333333333,72.53333333333333
3568,72.53333333333333,72.53333333333333
3569,72.53333333333333,72.53333333333333
3570,72.53333333333333,72.53333333333333
3571,72.53333333333333,72.53333333333333
3572,72.53333333333333,72.53333333333333
3573,72.53333333333333,72.53333333333333
3574,72.53333333333333,72.53333333333333
3575,72.53333333333333,72.53333333333333
3576,72.53333333333333,72.53333333333333
3577,72.53333333333333,72.53333333333333
3578,72.53333333333333,72.53333333333333
3579,72.53333333333333,72.53333333333333
3580,72.53333333333333,72.53333333333333
3581,72.53333333333333,72.53333333333333
3582,72.53333333333333,72.53333333333333
3583,72.53333333333333,72.53333333333333
3584,72.53333333333333,72.53333333333333
3585,72.53333333333333,72.53333333333333
3586,72.53333333333333,72.53333333333333
3587,72.53333333333333,72.53333333333333
3588,72.53333333333333,72.53333333333333
3589,72.53333333333333,72.53333333333333
3590,72.53333333333333,72.53333333333333
3591,72.53333333333333,72.53333333333333
3592,72.53333333333333,72.53333333333333
3593,72.53333333333333,72.53333333333333
3594,72.53333333333333,72.53333333333333
3595,72.53333333333333,72.53333333333333
3596,72.53333333333333,72.53333333333333
3597,72.53333333333333,72.53333333333333
3598,72.53333333333333,72.53333333333333
3599,72.53333333333333,72.53333333333333
3600,72.53333333333333,72.53333333333333
3601,72.53333333333333,72.53333333333333
3602,72.53333333333333,72.53333333333333
3603,72.53333333333333,72.53333333333333
3604,72.53333333333333,72.53333333333333
3605,72.53333333333333,72.53333333333333
3606,72.53333333333333,72.53333333333333
3607,72.53333333333333,72.53333333333333
3608,72.53333333333333,72.53333333333333
3609,72.53333333333333,72.53333333333333
3610,72.53333333333333,72.53333333333333
3611,72.53333333333333,72.53333333333333
3612,72.53333333333333,72.53333333333333
3613,72.53333333333333,72.53333333333333
3614,72.53333333333333,72.53333333333333
3615,72.53333333333333,72.53333333333333
3616,72.53333333333333,72.53333333333333
3617,72.53333333333333,72.53333333333333
3618,72.53333333333333,72.53333333333333
3619,72.53333333333333,72.53333333333333
3620,72.53333333333333,72.53333333333333
3621,72.53333333333333,72.53333333333333
3622,72.53333333333333,72.53333333333333
3623,72.53333333333333,72.53333333333333
3624,72.53333333333333,72.53333333333333
3625,72.53333333333333,72.53333333333333
3626,72.53333333333333,72.53333333333333
3627,72.53333333333333,72.53333333333333
3628,72.53333333333333,72.53333333333333
3629,72.53333333333333,72.53333333333333
3630,72.53333333333333,72.53333333333333
3631,72.53333333333333,72.53333333333333
3632,72.53333333333333,72.53333333333333
3633,72.53333333333333,72.53333333333333
3634,72.53333333333333,72.53333333333333
3635,72.53333333333333,72.53333333333333
3636,72.53333333333333,72.53333333333333
3637,72.53333333333333,72.53333333333333
3638,72.53333333333333,72.53333333333333
3639,72.53333333333333,72.53333333333333
3640,72.53333333333333,72.53333333333333
3641,72.53333333333333,72.53333333333333
3642,72.53333333333333,72.53333333333333
3643,72.53333333333333,72.53333333333333
3644,72.53333333333333,72.53333333333333
3645,72.53333333333333,72.53333333333333
3646,72.53333333333333,72.53333333333333
3647,72.53333333333333,72.53333333333333
3648,72.53333333333333,72.53333333333333
3649,72.53333333333333,72.53333333333333
3650,72.53333333333333,72.53333333333333
3651,72.53333333333333,72.53333333333333
3652,72.53333333333333,72.53333333333333
3653,72.53333333333333,72.53333333333333
3654,72.53333333333333,72.53333333333333
3655,72.53333333333333,72.53333333333333
3656,72.53333333333333,72.53333333333333
3657,72.53333333333333,72.53333333333333
3658,72.53333333333333,72.53333333333333
3659,72.53333333333333,72.53333333333333
3660,72.53333333333333,72.53333333333333
3661,72.53333333333333,72.53333333333333
3662,72.53333333333333,72.53333333333333
3663,72.53333333333333,72.53333333333333
3664,72.53333333333333,72.53333333333333
3665,72.53333333333333,72.53333333333333
3666,72.53333333333333,72.53333333333333
3667,72.53333333333333,72.53333333333333
3668,72.53333333333333,72.53333333333333
3669,72.53333333333333,72.53333333333333
3670,72.53333333333333,72.53333333333333
3671,72.53333333333333,72.53333333333333
3672,72.53333333333333,72.53333333333333
3673,72.53333333333333,72.53333333333333
3674,72.53333333333333,72.53333333333333
3675,72.53333333333333,72.53333333333333
3676,72.53333333333333,72.53333333333333
3677,72.53333333333333,72.53333333333333
3678,72.53333333333333,72.53333333333333
3679,72.53333333333333,72.53333333333333
3680,72.53333333333333,72.53333333333333
3681,72.53333333333333,72.53333333333333
3682,72.53333333333333,72.53333333333333
3683,72.53333333333333,72.53333333333333
3684,72.53333333333333,72.53333333333333
3685,72.53333333333333,72.53333333333333
3686,72.53333333333333,72.53333333333333
3687,72.53333333333333,72.53333333333333
3688,72.53333333333333,72.53333333333333
3689,72.53333333333333,72.53333333333333
3690,72.53333333333333,72.53333333333333
3691,72.53333333333333,72.53333333333333
3692,72.53333333333333,72.53333333333333
3693,72.53333333333333,72.53333333333333
3694,72.53333333333333,72.53333333333333
3695,72.53333333333333,72.53333333333333
3696,72.53333333333333,72.53333333333333
3697,72.53333333333333,72.53333333333333
3698,72.53333333333333,72.53333333333333
3699,72.53333333333333,72.53333333333333
3700,72.53333333333333,72.53333333333333
3701,72.53333333333333,72.53333333333333
3702,72.53333333333333,72.53333333333333
3703,72.53333333333333,72.53333333333333
3704,72.53333333333333,72.53333333333333
3705,72.53333333333333,72.53333333333333
3706,72.53333333333333,72.53333333333333
3707,72.53333333333333,72.53333333333333
3708,72.53333333333333,72.53333333333333
3709,72.53333333333333,72.53333333333333
3710,72.53333333333333,72.53333333333333
3711,72.53333333333333,72.53333333333333
3712,72.53333333333333,72.53333333333333
3713,72.53333333333333,72.53333333333333
3714,72.53333333333333,72.53333333333333
3715,72.53333333333333,72.53333333333333
3716,72.53333333333333,72.53333333333333
3717,72.53333333333333,72.53333333333333
3718,72.53333333333333,72.53333333333333
3719,72.53333333333333,72.53333333333333
3720,72.53333333333333,72.53333333333333
3721,72.53333333333333,72.53333333333333
3722,72.53333333333333,72.53333333333333
3723,72.53333333333333,72.53333333333333
3724,72.53333333333333,72.53333333333333
3725,72.53333333333333,72.53333333333333
3726,72.53333333333333,72.53333333333333
3727,72.53333333333333,72.53333333333333
3728,72.53333333333333,72.53333333333333
3729,72.53333333333333,72.53333333333333
3730,72.53333333333333,72.53333333333333
3731,72.53333333333333,72.53333333333333
3732,72.53333333333333,72.53333333333333
3733,72.53333333333333,72.53333333333333
3734,72.53333333333333,72.53333333333333
3735,72.53333333333333,72.53333333333333
3736,72.53333333333333,72.53333333333333
3737,72.53333333333333,72.53333333333333
3738,72.53333333333333,72.53333333333333
3739,72.53333333333333,72.53333333333333
3740,72.53333333333333,72.53333333333333
3741,72.53333333333333,72.53333333333333
3742,72.53333333333333,72.53333333333333
3743,72.53333333333333,72.53333333333333
3744,72.53333333333333,72.53333333333333
3745,72.53333333333333,72.53333333333333
3746,72.53333333333333,72.53333333333333
3747,72.53333333333333,72.53333333333333
3748,72.53333333333333,72.53333333333333
3749,72.53333333333333,72.53333333333333
3750,72.53333333333333,72.53333333333333
3751,72.53333333333333,72.53333333333333
3752,72.53333333333333,72.53333333333333
3753,72.53333333333333,72.53333333333333
3754,72.53333333333333,72.53333333333333
3755,72.53333333333333,72.53333333333333
3756,72.53333333333333,72.53333333333333
3757,72.53333333333333,72.53333333333333
3758,72.53333333333333,72.53333333333333
3759,72.53333333333333,72.53333333333333
3760,72.53333333333333,72.53333333333333
3761,72.53333333333333,72.53333333333333
3762,72.53333333333333,72.53333333333333
3763,72.53333333333333,72.53333333333333
3764,72.53333333333333,72.53333333333333
3765,72.53333333333333,72.53333333333333
3766,72.53333333333333,72.53333333333333
3767,72.53333333333333,72.53333333333333
3768,72.53333333333333,72.53333333333333
3769,72.53333333333333,72.53333333333333
3770,72.53333333333333,72.53333333333333
3771,72.53333333333333,72.53333333333333
3772,72.53333333333333,72.53333333333333
3773,72.53333333333333,72.53333333333333
3774,72.53333333333333,72.53333333333333
3775,72.53333333333333,72.53333333333333
3776,72.53333333333333,72.53333333333333
3777,72.53333333333333,72.53333333333333
3778,72.53333333333333,72.53333333333333
3779,72.53333333333333,72.53333333333333
3780,72.53333333333333,72.53333333333333
3781,72.53333333333333,72.53333333333333
3782,72.53333333333333,72.53333333333333
3783,72.53333333333333,72.53333333333333
3784,72.53333333333333,72.53333333333333
3785,72.53333333333333,72.53333333333333
3786,72.53333333333333,72.53333333333333
3787,72.53333333333333,72.53333333333333
3788,72.53333333333333,72.53333333333333
3789,72.53333333333333,72.53333333333333
3790,72.53333333333333,72.53333333333333
3791,72.53333333333333,72.53333333333333
3792,72.53333333333333,72.53333333333333
3793,72.53333333333333,72.53333333333333
3794,72.53333333333333,72.53333333333333
3795,72.53333333333333,72.53333333333333
3796,72.53333333333333,72.53333333333333
3797,72.53333333333333,72.53333333333333
3798,72.53333333333333,72.53333333333333
3799,72.53333333333333,72.53333333333333
3800,72.53333333333333,72.53333333333333
3801,72.53333333333333,72.53333333333333
3802,72.53333333333333,72.53333333333333
3803,72.53333333333333,72.53333333333333
3804,72.53333333333333,72.53333333333333
3805,72.53333333333333,72.53333333333333
3806,72.53333333333333,72.53333333333333
3807,72.53333333333333,72.53333333333333
3808,72.53333333333333,72.53333333333333
3809,72.53333333333333,72.53333333333333
3810,72.53333333333333,72.53333333333333
3811,72.53333333333333,72.53333333333333
3812,72.53333333333333,72.53333333333333
3813,72.53333333333333,72.53333333333333
3814,72.53333333333333,72.53333333333333
3815,72.53333333333333,72.53333333333333
3816,72.53333333333333,72.53333333333333
3817,72.53333333333333,72.53333333333333
3818,72.53333333333333,72.53333333333333
3819,72.53333333333333,72.53333333333333
3820,72.53333333333333,72.53333333333333
3821,72.53333333333333,72.53333333333333
3822,72.53333333333333,72.53333333333333
3823,72.53333333333333,72.53333333333333
3824,72.53333333333333,72.53333333333333
3825,72.53333333333333,72.53333333333333
3826,72.53333333333333,72.53333333333333
3827,72.53333333333333,72.53333333333333
3828,72.53333333333333,72.53333333333333
3829,72.53333333333333,72.53333333333333
3830,72.53333333333333,72.53333333333333
3831,72.53333333333333,72.53333333333333
3832,72.53333333333333,72.53333333333333
3833,72.53333333333333,72.53333333333333
3834,72.53333333333333,72.53333333333333
3835,72.53333333333333,72.53333333333333
3836,72.53333333333333,72.53333333333333
3837,72.53333333333333,72.53333333333333
3838,72.53333333333333,72.53333333333333
3839,72.53333333333333,72.53333333333333
3840,72.53333333333333,72.53333333333333
3841,72.53333333333333,72.53333333333333
3842,72.53333333333333,72.53333333333333
3843,72.53333333333333,72.53333333333333
3844,72.53333333333333,72.53333333333333
3845,72.53333333333333,72.53333333333333
3846,72.53333333333333,72.53333333333333
3847,72.53333333333333,72.53333333333333
3848,72.53333333333333,72.53333333333333
3849,72.53333333333333,72.53333333333333
3850,72.53333333333333,72.53333333333333
3851,72.53333333333333,72.53333333333333
3852,72.53333333333333,72.53333333333333
3853,72.53333333333333,72.53333333333333
3854,72.53333333333333,72.53333333333333
3855,72.53333333333333,72.53333333333333
3856,72.53333333333333,72.53333333333333
3857,72.53333333333333,72.53333333333333
3858,72.53333333333333,72.53333333333333
3859,72.53333333333333,72.53333333333333
3860,72.53333333333333,72.53333333333333
3861,72.53333333333333,72.53333333333333
3862,72.53333333333333,72.53333333333333
3863,72.53333333333333,72.53333333333333
3864,72.53333333333333,72.53333333333333
3865,72.53333333333333,72.53333333333333
3866,72.53333333333333,72.53333333333333
3867,72.53333333333333,72.53333333333333
3868,72.53333333333333,72.53333333333333
3869,72.53333333333333,72.53333333333333
3870,72.53333333333333,72.53333333333333
3871,72.53333333333333,72.53333333333333
3872,72.53333333333333,72.53333333333333
3873,72.53333333333333,72.53333333333333
3874,72.53333333333333,72.53333333333333
3875,72.53333333333333,72.53333333333333
3876,72.53333333333333,72.53333333333333
3877,72.53333333333333,72.53333333333333
3878,72.53333333333333,72.53333333333333
3879,72.53333333333333,72.53333333333333
3880,72.53333333333333,72.53333333333333
3881,72.53333333333333,72.53333333333333
3882,72.53333333333333,72.53333333333333
3883,72.53333333333333,72.53333333333333
3884,72.53333333333333,72.53333333333333
3885,72.53333333333333,72.53333333333333
3886,72.53333333333333,72.53333333333333
3887,72.53333333333333,72.53333333333333
3888,72.53333333333333,72.53333333333333
3889,72.53333333333333,72.53333333333333
3890,72.53333333333333,72.53333333333333
3891,72.53333333333333,72.53333333333333
3892,72.53333333333333,72.53333333333333
3893,72.53333333333333,72.53333333333333
3894,72.53333333333333,72.53333333333333
3895,72.53333333333333,72.53333333333333
3896,72.53333333333333,72.53333333333333
3897,72.53333333333333,72.53333333333333
3898,72.53333333333333,72.53333333333333
3899,72.53333333333333,72.53333333333333
3900,72.53333333333333,72.53333333333333
3901,72.53333333333333,72.53333333333333
3902,72.53333333333333,72.53333333333333
3903,72.53333333333333,72.53333333333333
3904,72.53333333333333,72.53333333333333
3905,72.53333333333333,72.53333333333333
3906,72.53333333333333,72.53333333333333
3907,72.53333333333333,72.53333333333333
3908,72.53333333333333,72.53333333333333
3909,72.53333333333333,72.53333333333333
3910,72.53333333333333,72.53333333333333
3911,72.53333333333333,72.53333333333333
3912,72.53333333333333,72.53333333333333
3913,72.53333333333333,72.53333333333333
3914,72.53333333333333,72.53333333333333
3915,72.53333333333333,72.53333333333333
3916,72.53333333333333,72.53333333333333
3917,72.53333333333333,72.53333333333333
3918,72.53333333333333,72.53333333333333
3919,72.53333333333333,72.53333333333333
3920,72.53333333333333,72.53333333333333
3921,72.53333333333333,72.53333333333333
3922,72.53333333333333,72.53333333333333
3923,72.53333333333333,72.53333333333333
3924,72.53333333333333,72.53333333333333
3925,72.53333333333333,72.53333333333333
3926,72.53333333333333,72.53333333333333
3927,72.53333333333333,72.53333333333333
3928,72.53333333333333,72.53333333333333
3929,72.53333333333333,72.53333333333333
3930,72.53333333333333,72.53333333333333
3931,72.53333333333333,72.53333333333333
3932,72.53333333333333,72.53333333333333
3933,72.53333333333333,72.53333333333333
3934,72.53333333333333,72.53333333333333
3935,72.53333333333333,72.53333333333333
3936,72.53333333333333,72.53333333333333
3937,72.53333333333333,72.53333333333333
3938,72.53333333333333,72.53333333333333
3939,72.53333333333333,72.53333333333333
3940,72.53333333333333,72.53333333333333
3941,72.53333333333333,72.53333333333333
3942,72.53333333333333,72.53333333333333
3943,72.53333333333333,72.53333333333333
3944,72.53333333333333,72.53333333333333
3945,72.53333333333333,72.53333333333333
3946,72.53333333333333,72.53333333333333
3947,72.53333333333333,72.53333333333333
3948,72.53333333333333,72.53333333333333
3949,72.53333333333333,72.53333333333333
3950,72.53333333333333,72.53333333333333
3951,72.53333333333333,72.53333333333333
3952,72.53333333333333,72.53333333333333
3953,72.53333333333333,72.53333333333333
3954,72.53333333333333,72.53333333333333
3955,72.53333333333333,72.53333333333333
3956,72.53333333333333,72.53333333333333
3957,72.53333333333333,72.53333333333333
3958,72.53333333333333,72.53333333333333
3959,72.53333333333333,72.53333333333333
3960,72.53333333333333,72.53333333333333
3961,72.53333333333333,72.53333333333333
3962,72.53333333333333,72.53333333333333
3963,72.53333333333333,72.53333333333333
3964,72.53333333333333,72.53333333333333
3965,72.53333333333333,72.53333333333333
3966,72.53333333333333,72.53333333333333
3967,72.53333333333333,72.53333333333333
3968,72.53333333333333,72.53333333333333
3969,72.53333333333333,72.53333333333333
3970,72.53333333333333,72.53333333333333
3971,72.53333333333333,72.53333333333333
3972,72.53333333333333,72.53333333333333
3973,72.53333333333333,72.53333333333333
3974,72.53333333333333,72.53333333333333
3975,72.53333333333333,72.53333333333333
3976,72.53333333333333,72.53333333333333
3977,72.53333333333333,72.53333333333333
3978,72.53333333333333,72.53333333333333
3979,72.53333333333333,72.53333333333333
3980,72.53333333333333,72.53333333333333
3981,72.53333333333333,72.53333333333333
3982,72.53333333333333,72.53333333333333
3983,72.53333333333333,72.53333333333333
3984,72.53333333333333,72.53333333333333
3985,72.53333333333333,72.53333333333333
3986,72.53333333333333,72.53333333333333
3987,72.53333333333333,72.53333333333333
3988,72.53333333333333,72.53333333333333
3989,72.53333333333333,72.53333333333333
3990,72.53333333333333,72.53333333333333
3991,72.53333333333333,72.53333333333333
3992,72.53333333333333,72.53333333333333
3993,72.53333333333333,72.53333333333333
3994,72.53333333333333,72.53333333333333
3995,72.53333333333333,72.53333333333333
3996,72.53333333333333,72.53333333333333
3997,72.53333333333333,72.53333333333333
3998,72.53333333333333,72.53333333333333
3999,72.53333333333333,72.53333333333333
4000,72.53333333333333,72.53333333333333
4001,72.53333333333333,72.53333333333333
4002,72.53333333333333,72.53333333333333
4003,72.53333333333333,72.53333333333333
4004,72.53333333333333,72.53333333333333
4005,72.53333333333333,72.53333333333333
4006,72.53333333333333,72.53333333333333
4007,72.53333333333333,72.53333333333333
4008,72.53333333333333,72.53333333333333
4009,72.53333333333333,72.53333333333333
4010,72.53333333333333,72.53333333333333
4011,72.53333333333333,72.53333333333333
4012,72.53333333333333,72.53333333333333
4013,72.53333333333333,72.53333333333333
4014,72.53333333333333,72.53333333333333
4015,72.53333333333333,72.53333333333333
4016,72.53333333333333,72.53333333333333
4017,72.53333333333333,72.53333333333333
4018,72.53333333333333,72.53333333333333
4019,72.53333333333333,72.53333333333333
4020,72.53333333333333,72.53333333333333
4021,72.53333333333333,72.53333333333333
4022,72.53333333333333,72.53333333333333
4023,72.53333333333333,72.53333333333333
4024,72.53333333333333,72.53333333333333
4025,72.53333333333333,72.53333333333333
4026,72.53333333333333,72.53333333333333
4027,72.53333333333333,72.53333333333333
4028,72.53333333333333,72.53333333333333
4029,72.53333333333333,72.53333333333333
4030,72.53333333333333,72.53333333333333
4031,72.53333333333333,72.53333333333333
4032,72.53333333333333,72.53333333333333
4033,72.53333333333333,72.53333333333333
4034,72.53333333333333,72.53333333333333
4035,72.53333333333333,72.53333333333333
4036,72.53333333333333,72.53333333333333
4037,72.53333333333333,72.53333333333333
4038,72.53333333333333,72.53333333333333
4039,72.53333333333333,72.53333333333333
4040,72.53333333333333,72.53333333333333
4041,72.53333333333333,72.53333333333333
4042,72.53333333333333,72.53333333333333
4043,72.53333333333333,72.53333333333333
4044,72.53333333333333,72.53333333333333
4045,72.53333333333333,72.53333333333333
4046,72.53333333333333,72.53333333333333
4047,72.53333333333333,72.53333333333333
4048,72.53333333333333,72.53333333333333
4049,72.53333333333333,72.53333333333333
4050,72.53333333333333,72.53333333333333
4051,72.53333333333333,72.53333333333333
4052,72.53333333333333,72.53333333333333
4053,72.53333333333333,72.53333333333333
4054,72.53333333333333,72.53333333333333
4055,72.53333333333333,72.53333333333333
4056,72.53333333333333,72.53333333333333
4057,72.53333333333333,72.53333333333333
4058,72.53333333333333,72.53333333333333
4059,72.53333333333333,72.53333333333333
4060,72.53333333333333,72.53333333333333
4061,72.53333333333333,72.53333333333333
4062,72.53333333333333,72.53333333333333
4063,72.53333333333333,72.53333333333333
4064,72.53333333333333,72.53333333333333
4065,72.53333333333333,72.53333333333333
4066,72.53333333333333,72.53333333333333
4067,72.53333333333333,72.53333333333333
4068,72.53333333333333,72.53333333333333
4069,72.53333333333333,72.53333333333333
4070,72.53333333333333,72.53333333333333
4071,72.53333333333333,72.53333333333333
4072,72.53333333333333,72.53333333333333
4073,72.53333333333333,72.53333333333333
4074,72.53333333333333,72.53333333333333
4075,72.53333333333333,72.53333333333333
4076,72.53333333333333,72.53333333333333
4077,72.53333333333333,72.53333333333333
4078,72.53333333333333,72.53333333333333
4079,72.53333333333333,72.53333333333333
4080,72.53333333333333,72.53333333333333
4081,72.53333333333333,72.53333333333333
4082,72.53333333333333,72.53333333333333
4083,72.53333333333333,72.53333333333333
4084,72.53333333333333,72.53333333333333
4085,72.53333333333333,72.53333333333333
4086,72.53333333333333,72.53333333333333
4087,72.53333333333333,72.53333333333333
4088,72.53333333333333,72.53333333333333
4089,72.53333333333333,72.53333333333333
4090,72.53333333333333,72.53333333333333
4091,72.53333333333333,72.53333333333333
4092,72.53333333333333,72.53333333333333
4093,72.53333333333333,72.53333333333333
4094,72.53333333333333,72.53333333333333
4095,72.53333333333333,72.53333333333333
4096,72.53333333333333,72.53333333333333
4097,72.53333333333333,72.53333333333333
4098,72.53333333333333,72.53333333333333
4099,72.53333333333333,72.53333333333333
4100,72.53333333333333,72.53333333333333
4101,72.53333333333333,72.53333333333333
4102,72.53333333333333,72.53333333333333
4103,72.53333333333333,72.53333333333333
4104,72.53333333333333,72.53333333333333
4105,72.53333333333333,72.53333333333333
4106,72.53333333333333,72.53333333333333
4107,72.53333333333333,72.53333333333333
4108,72.53333333333333,72.53333333333333
4109,72.53333333333333,72.53333333333333
4110,72.53333333333333,72.53333333333333
4111,72.53333333333333,72.53333333333333
4112,72.53333333333333,72.53333333333333
4113,72.53333333333333,72.53333333333333
4114,72.53333333333333,72.53333333333333
4115,72.53333333333333,72.53333333333333
4116,72.53333333333333,72.53333333333333
4117,72.53333333333333,72.53333333333333
4118,72.53333333333333,72.53333333333333
4119,72.53333333333333,72.53333333333333
4120,72.53333333333333,72.53333333333333
4121,72.53333333333333,72.53333333333333
4122,72.53333333333333,72.53333333333333
4123,72.53333333333333,72.53333333333333
4124,72.53333333333333,72.53333333333333
4125,72.53333333333333,72.53333333333333
4126,72.53333333333333,72.53333333333333
4127,72.53333333333333,72.53333333333333
4128,72.53333333333333,72.53333333333333
4129,72.53333333333333,72.53333333333333
4130,72.53333333333333,72.53333333333333
4131,72.53333333333333,72.53333333333333
4132,72.53333333333333,72.53333333333333
4133,72.53333333333333,72.53333333333333
4134,72.53333333333333,72.53333333333333
4135,72.53333333333333,72.53333333333333
4136,72.53333333333333,72.53333333333333
4137,72.53333333333333,72.53333333333333
4138,72.53333333333333,72.53333333333333
4139,72.53333333333333,72.53333333333333
4140,72.53333333333333,72.53333333333333
4141,72.53333333333333,72.53333333333333
4142,72.53333333333333,72.53333333333333
4143,72.53333333333333,72.53333333333333
4144,72.53333333333333,72.53333333333333
4145,72.53333333333333,72.53333333333333
4146,72.53333333333333,72.53333333333333
4147,72.53333333333333,72.53333333333333
4148,72.53333333333333,72.53333333333333
4149,72.53333333333333,72.53333333333333
4150,72.53333333333333,72.53333333333333
4151,72.53333333333333,72.53333333333333
4152,72.53333333333333,72.53333333333333
4153,72.53333333333333,72.53333333333333
4154,72.53333333333333,72.53333333333333
4155,72.53333333333333,72.53333333333333
4156,72.53333333333333,72.53333333333333
4157,72.53333333333333,72.53333333333333
4158,72.53333333333333,72.53333333333333
4159,72.53333333333333,72.53333333333333
4160,72.53333333333333,72.53333333333333
4161,72.53333333333333,72.53333333333333
4162,72.53333333333333,72.53333333333333
4163,72.53333333333333,72.53333333333333
4164,72.53333333333333,72.53333333333333
4165,72.53333333333333,72.53333333333333
4166,72.53333333333333,72.53333333333333
4167,72.53333333333333,72.53333333333333
4168,72.53333333333333,72.53333333333333
4169,72.53333333333333,72.53333333333333
4170,72.53333333333333,72.53333333333333
4171,72.53333333333333,72.53333333333333
4172,72.53333333333333,72.53333333333333
4173,72.53333333333333,72.53333333333333
4174,72.53333333333333,72.53333333333333
4175,72.53333333333333,72.53333333333333
4176,72.53333333333333,72.53333333333333
4177,72.53333333333333,72.53333333333333
4178,72.53333333333333,72.53333333333333
4179,72.53333333333333,72.53333333333333
4180,72.53333333333333,72.53333333333333
4181,72.53333333333333,72.53333333333333
4182,72.53333333333333,72.53333333333333
4183,72.53333333333333,72.53333333333333
4184,72.53333333333333,72.53333333333333
4185,72.53333333333333,72.53333333333333
4186,72.53333333333333,72.53333333333333
4187,72.53333333333333,72.53333333333333
4188,72.53333333333333,72.53333333333333
4189,72.53333333333333,72.53333333333333
4190,72.53333333333333,72.53333333333333
4191,72.53333333333333,72.53333333333333
4192,72.53333333333333,72.53333333333333
4193,72.53333333333333,72.53333333333333
4194,72.53333333333333,72.53333333333333
4195,72.53333333333333,72.53333333333333
4196,72.53333333333333,72.53333333333333
4197,72.53333333333333,72.53333333333333
4198,72.53333333333333,72.53333333333333
4199,72.53333333333333,72.53333333333333
4200,72.53333333333333,72.53333333333333
4201,72.53333333333333,72.53333333333333
4202,72.53333333333333,72.53333333333333
4203,72.53333333333333,72.53333333333333
4204,72.53333333333333,72.53333333333333
4205,72.53333333333333,72.53333333333333
4206,72.53333333333333,72.53333333333333
4207,72.53333333333333,72.53333333333333
4208,72.53333333333333,72.53333333333333
4209,72.53333333333333,72.53333333333333
4210,72.53333333333333,72.53333333333333
4211,72.53333333333333,72.53333333333333
4212,72.53333333333333,72.53333333333333
4213,72.53333333333333,72.53333333333333
4214,72.53333333333333,72.53333333333333
4215,72.53333333333333,72.53333333333333
4216,72.53333333333333,72.53333333333333
4217,72.53333333333333,72.53333333333333
4218,72.53333333333333,72.53333333333333
4219,72.53333333333333,72.53333333333333
4220,72.53333333333333,72.53333333333333
4221,72.53333333333333,72.53333333333333
4222,72.53333333333333,72.53333333333333
4223,72.53333333333333,72.53333333333333
4224,72.53333333333333,72.53333333333333
4225,72.53333333333333,72.53333333333333
4226,72.53333333333333,72.53333333333333
4227,72.53333333333333,72.53333333333333
4228,72.53333333333333,72.53333333333333
4229,72.53333333333333,72.53333333333333
4230,72.53333333333333,72.53333333333333
4231,72.53333333333333,72.53333333333333
4232,72.53333333333333,72.53333333333333
4233,72.53333333333333,72.53333333333333
4234,72.53333333333333,72.53333333333333
4235,72.53333333333333,72.53333333333333
4236,72.53333333333333,72.53333333333333
4237,72.53333333333333,72.53333333333333
4238,72.53333333333333,72.53333333333333
4239,72.53333333333333,72.53333333333333
4240,72.53333333333333,72.53333333333333
4241,72.53333333333333,72.53333333333333
4242,72.53333333333333,72.53333333333333
4243,72.53333333333333,72.53333333333333
4244,72.53333333333333,72.53333333333333
4245,72.53333333333333,72.53333333333333
4246,72.53333333333333,72.53333333333333
4247,72.53333333333333,72.53333333333333
4248,72.53333333333333,72.53333333333333
4249,72.53333333333333,72.53333333333333
4250,72.53333333333333,72.53333333333333
4251,72.53333333333333,72.53333333333333
4252,72.53333333333333,72.53333333333333
4253,72.53333333333333,72.53333333333333
4254,72.53333333333333,72.53333333333333
4255,72.53333333333333,72.53333333333333
4256,72.53333333333333,72.53333333333333
4257,72.53333333333333,72.53333333333333
4258,72.53333333333333,72.53333333333333
4259,72.53333333333333,72.53333333333333
4260,72.53333333333333,72.53333333333333
4261,72.53333333333333,72.53333333333333
4262,72.53333333333333,72.53333333333333
4263,72.53333333333333,72.53333333333333
4264,72.53333333333333,72.53333333333333
4265,72.53333333333333,72.53333333333333
4266,72.53333333333333,72.53333333333333
4267,72.53333333333333,72.53333333333333
4268,72.53333333333333,72.53333333333333
4269,72.53333333333333,72.53333333333333
4270,72.53333333333333,72.53333333333333
4271,72.53333333333333,72.53333333333333
4272,72.53333333333333,72.53333333333333
4273,72.53333333333333,72.53333333333333
4274,72.53333333333333,72.53333333333333
4275,72.53333333333333,72.53333333333333
4276,72.53333333333333,72.53333333333333
4277,72.53333333333333,72.53333333333333
4278,72.53333333333333,72.53333333333333
4279,72.53333333333333,72.53333333333333
4280,72.53333333333333,72.53333333333333
4281,72.53333333333333,72.53333333333333
4282,72.53333333333333,72.53333333333333
4283,72.53333333333333,72.53333333333333
4284,72.53333333333333,72.53333333333333
4285,72.53333333333333,72.53333333333333
4286,72.53333333333333,72.53333333333333
4287,72.53333333333333,72.53333333333333
4288,72.53333333333333,72.53333333333333
4289,72.53333333333333,72.53333333333333
4290,72.53333333333333,72.53333333333333
4291,72.53333333333333,72.53333333333333
4292,72.53333333333333,72.53333333333333
4293,72.53333333333333,72.53333333333333
4294,72.53333333333333,72.53333333333333
4295,72.53333333333333,72.53333333333333
4296,72.53333333333333,72.53333333333333
4297,72.53333333333333,72.53333333333333
4298,72.53333333333333,72.53333333333333
4299,72.53333333333333,72.53333333333333
4300,72.53333333333333,72.53333333333333
4301,72.53333333333333,72.53333333333333
4302,72.53333333333333,72.53333333333333
4303,72.53333333333333,72.53333333333333
4304,72.53333333333333,72.53333333333333
4305,72.53333333333333,72.53333333333333
4306,72.53333333333333,72.53333333333333
4307,72.53333333333333,72.53333333333333
4308,72.53333333333333,72.53333333333333
4309,72.53333333333333,72.53333333333333
4310,72.53333333333333,72.53333333333333
4311,72.53333333333333,72.53333333333333
4312,72.53333333333333,72.53333333333333
4313,72.53333333333333,72.53333333333333
4314,72.53333333333333,72.53333333333333
4315,72.53333333333333,72.53333333333333
4316,72.53333333333333,72.53333333333333
4317,72.53333333333333,72.53333333333333
4318,72.53333333333333,72.53333333333333
4319,72.53333333333333,72.53333333333333
4320,72.53333333333333,72.53333333333333
4321,72.53333333333333,72.53333333333333
4322,72.53333333333333,72.53333333333333
4323,72.53333333333333,72.53333333333333
4324,72.53333333333333,72.53333333333333
4325,72.53333333333333,72.53333333333333
4326,72.53333333333333,72.53333333333333
4327,72.53333333333333,72.53333333333333
4328,72.53333333333333,72.53333333333333
4329,72.53333333333333,72.53333333333333
4330,72.53333333333333,72.53333333333333
4331,72.53333333333333,72.53333333333333
4332,72.53333333333333,72.53333333333333
4333,72.53333333333333,72.53333333333333
4334,72.53333333333333,72.53333333333333
4335,72.53333333333333,72.53333333333333
4336,72.53333333333333,72.53333333333333
4337,72.53333333333333,72.53333333333333
4338,72.53333333333333,72.53333333333333
4339,72.53333333333333,72.53333333333333
4340,72.53333333333333,72.53333333333333
4341,72.53333333333333,72.53333333333333
4342,72.53333333333333,72.53333333333333
4343,72.53333333333333,72.53333333333333
4344,72.53333333333333,72.53333333333333
4345,72.53333333333333,72.53333333333333
4346,72.53333333333333,72.53333333333333
4347,72.53333333333333,72.53333333333333
4348,72.53333333333333,72.53333333333333
4349,72.53333333333333,72.53333333333333
4350,72.53333333333333,72.53333333333333
4351,72.53333333333333,72.53333333333333
4352,72.53333333333333,72.53333333333333
4353,72.53333333333333,72.53333333333333
4354,72.53333333333333,72.53333333333333
4355,72.53333333333333,72.53333333333333
4356,72.53333333333333,72.53333333333333
4357,72.53333333333333,72.53333333333333
4358,72.53333333333333,72.53333333333333
4359,72.53333333333333,72.53333333333333
4360,72.53333333333333,72.53333333333333
4361,72.53333333333333,72.53333333333333
4362,72.53333333333333,72.53333333333333
4363,72.53333333333333,72.53333333333333
4364,72.53333333333333,72.53333333333333
4365,72.53333333333333,72.53333333333333
4366,72.53333333333333,72.53333333333333
4367,72.53333333333333,72.53333333333333
4368,72.53333333333333,72.53333333333333
4369,72.53333333333333,72.53333333333333
4370,72.53333333333333,72.53333333333333
4371,72.53333333333333,72.53333333333333
4372,72.53333333333333,72.53333333333333
4373,72.53333333333333,72.53333333333333
4374,72.53333333333333,72.53333333333333
4375,72.53333333333333,72.53333333333333
4376,72.53333333333333,72.53333333333333
4377,72.53333333333333,72.53333333333333
4378,72.53333333333333,72.53333333333333
4379,72.53333333333333,72.53333333333333
4380,72.53333333333333,72.53333333333333
4381,72.53333333333333,72.53333333333333
4382,72.53333333333333,72.53333333333333
4383,72.53333333333333,72.53333333333333
4384,72.53333333333333,72.53333333333333
4385,72.53333333333333,72.53333333333333
4386,72.53333333333333,72.53333333333333
4387,72.53333333333333,72.53333333333333
4388,72.53333333333333,72.53333333333333
4389,72.53333333333333,72.53333333333333
4390,72.53333333333333,72.53333333333333
4391,72.53333333333333,72.53333333333333
4392,72.53333333333333,72.53333333333333
4393,72.53333333333333,72.53333333333333
4394,72.53333333333333,72.53333333333333
4395,72.53333333333333,72.53333333333333
4396,72.53333333333333,72.53333333333333
4397,72.53333333333333,72.53333333333333
4398,72.53333333333333,72.53333333333333
4399,72.53333333333333,72.53333333333333
4400,72.53333333333333,72.53333333333333
4401,72.53333333333333,72.53333333333333
4402,72.53333333333333,72.53333333333333
4403,72.53333333333333,72.53333333333333
4404,72.53333333333333,72.53333333333333
4405,72.53333333333333,72.53333333333333
4406,72.53333333333333,72.53333333333333
4407,72.53333333333333,72.53333333333333
4408,72.53333333333333,72.53333333333333
4409,72.53333333333333,72.53333333333333
4410,72.53333333333333,72.53333333333333
4411,72.53333333333333,72.53333333333333
4412,72.53333333333333,72.53333333333333
4413,72.53333333333333,72.53333333333333
4414,72.53333333333333,72.53333333333333
4415,72.53333333333333,72.53333333333333
4416,72.53333333333333,72.53333333333333
4417,72.53333333333333,72.53333333333333
4418,72.53333333333333,72.53333333333333
4419,72.53333333333333,72.53333333333333
4420,72.53333333333333,72.53333333333333
4421,72.53333333333333,72.53333333333333
4422,72.53333333333333,72.53333333333333
4423,72.53333333333333,72.53333333333333
4424,72.53333333333333,72.53333333333333
4425,72.53333333333333,72.53333333333333
4426,72.53333333333333,72.53333333333333
4427,72.53333333333333,72.53333333333333
4428,72.53333333333333,72.53333333333333
4429,72.53333333333333,72.53333333333333
4430,72.53333333333333,72.53333333333333
4431,72.53333333333333,72.53333333333333
4432,72.53333333333333,72.53333333333333
4433,72.53333333333333,72.53333333333333
4434,72.53333333333333,72.53333333333333
4435,72.53333333333333,72.53333333333333
4436,72.53333333333333,72.53333333333333
4437,72.53333333333333,72.53333333333333
4438,72.53333333333333,72.53333333333333
4439,72.53333333333333,72.53333333333333
4440,72.53333333333333,72.53333333333333
4441,72.53333333333333,72.53333333333333
4442,72.53333333333333,72.53333333333333
4443,72.53333333333333,72.53333333333333
4444,72.53333333333333,72.53333333333333
4445,72.53333333333333,72.53333333333333
4446,72.53333333333333,72.53333333333333
4447,72.53333333333333,72.53333333333333
4448,72.53333333333333,72.53333333333333
4449,72.53333333333333,72.53333333333333
4450,72.53333333333333,72.53333333333333
4451,72.53333333333333,72.53333333333333
4452,72.53333333333333,72.53333333333333
4453,72.53333333333333,72.53333333333333
4454,72.53333333333333,72.53333333333333
4455,72.53333333333333,72.53333333333333
4456,72.53333333333333,72.53333333333333
4457,72.53333333333333,72.53333333333333
4458,72.53333333333333,72.53333333333333
4459,72.53333333333333,72.53333333333333
4460,72.53333333333333,72.53333333333333
4461,72.53333333333333,72.53333333333333
4462,72.53333333333333,72.53333333333333
4463,72.53333333333333,72.53333333333333
4464,72.53333333333333,72.53333333333333
4465,72.53333333333333,72.53333333333333
4466,72.53333333333333,72.53333333333333
4467,72.53333333333333,72.53333333333333
4468,72.53333333333333,72.53333333333333
4469,72.53333333333333,72.53333333333333
4470,72.53333333333333,72.53333333333333
4471,72.53333333333333,72.53333333333333
4472,72.53333333333333,72.53333333333333
4473,72.53333333333333,72.53333333333333
4474,72.53333333333333,72.53333333333333
4475,72.53333333333333,72.53333333333333
4476,72.53333333333333,72.53333333333333
4477,72.53333333333333,72.53333333333333
4478,72.53333333333333,72.53333333333333
4479,72.53333333333333,72.53333333333333
4480,72.53333333333333,72.53333333333333
4481,72.53333333333333,72.53333333333333
4482,72.53333333333333,72.53333333333333
4483,72.53333333333333,72.53333333333333
4484,72.53333333333333,72.53333333333333
4485,72.53333333333333,72.53333333333333
4486,72.53333333333333,72.53333333333333
4487,72.53333333333333,72.53333333333333
4488,72.53333333333333,72.53333333333333
4489,72.53333333333333,72.53333333333333
4490,72.53333333333333,72.53333333333333
4491,72.53333333333333,72.53333333333333
4492,72.53333333333333,72.53333333333333
4493,72.53333333333333,72.53333333333333
4494,72.53333333333333,72.53333333333333
4495,72.53333333333333,72.53333333333333
4496,72.53333333333333,72.53333333333333
4497,72.53333333333333,72.53333333333333
4498,72.53333333333333,72.53333333333333
4499,72.53333333333333,72.53333333333333
4500,72.53333333333333,72.53333333333333
4501,72.53333333333333,72.53333333333333
4502,72.53333333333333,72.53333333333333
4503,72.53333333333333,72.53333333333333
4504,72.53333333333333,72.53333333333333
4505,72.53333333333333,72.53333333333333
4506,72.53333333333333,72.53333333333333
4507,72.53333333333333,72.53333333333333
4508,72.53333333333333,72.53333333333333
4509,72.53333333333333,72.53333333333333
4510,72.53333333333333,72.53333333333333
4511,72.53333333333333,72.53333333333333
4512,72.53333333333333,72.53333333333333
4513,72.53333333333333,72.53333333333333
4514,72.53333333333333,72.53333333333333
4515,72.53333333333333,72.53333333333333
4516,72.53333333333333,72.53333333333333
4517,72.53333333333333,72.53333333333333
4518,72.53333333333333,72.53333333333333
4519,72.53333333333333,72.53333333333333
4520,72.53333333333333,72.53333333333333
4521,72.53333333333333,72.53333333333333
4522,72.53333333333333,72.53333333333333
4523,72.53333333333333,72.53333333333333
4524,72.53333333333333,72.53333333333333
4525,72.53333333333333,72.53333333333333
4526,72.53333333333333,72.53333333333333
4527,72.53333333333333,72.53333333333333
4528,72.53333333333333,72.53333333333333
4529,72.53333333333333,72.53333333333333
4530,72.53333333333333,72.53333333333333
4531,72.53333333333333,72.53333333333333
4532,72.53333333333333,72.53333333333333
4533,72.53333333333333,72.53333333333333
4534,72.53333333333333,72.53333333333333
4535,72.53333333333333,72.53333333333333
4536,72.53333333333333,72.53333333333333
4537,72.53333333333333,72.53333333333333
4538,72.53333333333333,72.53333333333333
4539,72.53333333333333,72.53333333333333
4540,72.53333333333333,72.53333333333333
4541,72.53333333333333,72.53333333333333
4542,72.53333333333333,72.53333333333333
4543,72.53333333333333,72.53333333333333
4544,72.53333333333333,72.53333333333333
4545,72.53333333333333,72.53333333333333
4546,72.53333333333333,72.53333333333333
4547,72.53333333333333,72.53333333333333
4548,72.53333333333333,72.53333333333333
4549,72.53333333333333,72.53333333333333
4550,72.53333333333333,72.53333333333333
4551,72.53333333333333,72.53333333333333
4552,72.53333333333333,72.53333333333333
4553,72.53333333333333,72.53333333333333
4554,72.53333333333333,72.53333333333333
4555,72.53333333333333,72.53333333333333
4556,72.53333333333333,72.53333333333333
4557,72.53333333333333,72.53333333333333
4558,72.53333333333333,72.53333333333333
4559,72.53333333333333,72.53333333333333
4560,72.53333333333333,72.53333333333333
4561,72.53333333333333,72.53333333333333
4562,72.53333333333333,72.53333333333333
4563,72.53333333333333,72.53333333333333
4564,72.53333333333333,72.53333333333333
4565,72.53333333333333,72.53333333333333
4566,72.53333333333333,72.53333333333333
4567,72.53333333333333,72.53333333333333
4568,72.53333333333333,72.53333333333333
4569,72.53333333333333,72.53333333333333
4570,72.53333333333333,72.53333333333333
4571,72.53333333333333,72.53333333333333
4572,72.53333333333333,72.53333333333333
4573,72.53333333333333,72.53333333333333
4574,72.53333333333333,72.53333333333333
4575,72.53333333333333,72.53333333333333
4576,72.53333333333333,72.53333333333333
4577,72.53333333333333,72.53333333333333
4578,72.53333333333333,72.53333333333333
4579,72.53333333333333,72.53333333333333
4580,72.53333333333333,72.53333333333333
4581,72.53333333333333,72.53333333333333
4582,72.53333333333333,72.53333333333333
4583,72.53333333333333,72.53333333333333
4584,72.53333333333333,72.53333333333333
4585,72.53333333333333,72.53333333333333
4586,72.53333333333333,72.53333333333333
4587,72.53333333333333,72.53333333333333
4588,72.53333333333333,72.53333333333333
4589,72.53333333333333,72.53333333333333
4590,72.53333333333333,72.53333333333333
4591,72.53333333333333,72.53333333333333
4592,72.53333333333333,72.53333333333333
4593,72.53333333333333,72.53333333333333
4594,72.53333333333333,72.53333333333333
4595,72.53333333333333,72.53333333333333
4596,72.53333333333333,72.53333333333333
4597,72.53333333333333,72.53333333333333
4598,72.53333333333333,72.53333333333333
4599,72.53333333333333,72.53333333333333
4600,72.53333333333333,72.53333333333333
4601,72.53333333333333,72.53333333333333
4602,72.53333333333333,72.53333333333333
4603,72.53333333333333,72.53333333333333
4604,72.53333333333333,72.53333333333333
4605,72.53333333333333,72.53333333333333
4606,72.53333333333333,72.53333333333333
4607,72.53333333333333,72.53333333333333
4608,72.53333333333333,72.53333333333333
4609,72.53333333333333,72.53333333333333
4610,72.53333333333333,72.53333333333333
4611,72.53333333333333,72.53333333333333
4612,72.53333333333333,72.53333333333333
4613,72.53333333333333,72.53333333333333
4614,72.53333333333333,72.53333333333333
4615,72.53333333333333,72.53333333333333
4616,72.53333333333333,72.53333333333333
4617,72.53333333333333,72.53333333333333
4618,72.53333333333333,72.53333333333333
4619,72.53333333333333,72.53333333333333
4620,72.53333333333333,72.53333333333333
4621,72.53333333333333,72.53333333333333
4622,72.53333333333333,72.53333333333333
4623,72.53333333333333,72.53333333333333
4624,72.53333333333333,72.53333333333333
4625,72.53333333333333,72.53333333333333
4626,72.53333333333333,72.53333333333333
4627,72.53333333333333,72.53333333333333
4628,72.53333333333333,72.53333333333333
4629,72.53333333333333,72.53333333333333
4630,72.53333333333333,72.53333333333333
4631,72.53333333333333,72.53333333333333
4632,72.53333333333333,72.53333333333333
4633,72.53333333333333,72.53333333333333
4634,72.53333333333333,72.53333333333333
4635,72.53333333333333,72.53333333333333
4636,72.53333333333333,72.53333333333333
4637,72.53333333333333,72.53333333333333
4638,72.53333333333333,72.53333333333333
4639,72.53333333333333,72.53333333333333
4640,72.53333333333333,72.53333333333333
4641,72.53333333333333,72.53333333333333
4642,72.53333333333333,72.53333333333333
4643,72.53333333333333,72.53333333333333
4644,72.53333333333333,72.53333333333333
4645,72.53333333333333,72.53333333333333
4646,72.53333333333333,72.53333333333333
4647,72.53333333333333,72.53333333333333
4648,72.53333333333333,72.53333333333333
4649,72.53333333333333,72.53333333333333
4650,72.53333333333333,72.53333333333333
4651,72.53333333333333,72.53333333333333
4652,72.53333333333333,72.53333333333333
4653,72.53333333333333,72.53333333333333
4654,72.53333333333333,72.53333333333333
4655,72.53333333333333,72.53333333333333
4656,72.53333333333333,72.53333333333333
4657,72.53333333333333,72.53333333333333
4658,72.53333333333333,72.53333333333333
4659,72.53333333333333,72.53333333333333
4660,72.53333333333333,72.53333333333333
4661,72.53333333333333,72.53333333333333
4662,72.53333333333333,72.53333333333333
4663,72.53333333333333,72.53333333333333
4664,72.53333333333333,72.53333333333333
4665,72.53333333333333,72.53333333333333
4666,72.53333333333333,72.53333333333333
4667,72.53333333333333,72.53333333333333
4668,72.53333333333333,72.53333333333333
4669,72.53333333333333,72.53333333333333
4670,72.53333333333333,72.53333333333333
4671,72.53333333333333,72.53333333333333
4672,72.53333333333333,72.53333333333333
4673,72.53333333333333,72.53333333333333
4674,72.53333333333333,72.53333333333333
4675,72.53333333333333,72.53333333333333
4676,72.53333333333333,72.53333333333333
4677,72.53333333333333,72.53333333333333
4678,72.53333333333333,72.53333333333333
4679,72.53333333333333,72.53333333333333
4680,72.53333333333333,72.53333333333333
4681,72.53333333333333,72.53333333333333
4682,72.53333333333333,72.53333333333333
4683,72.53333333333333,72.53333333333333
4684,72.53333333333333,72.53333333333333
4685,72.53333333333333,72.53333333333333
4686,72.53333333333333,72.53333333333333
4687,72.53333333333333,72.53333333333333
4688,72.53333333333333,72.53333333333333
4689,72.53333333333333,72.53333333333333
4690,72.53333333333333,72.53333333333333
4691,72.53333333333333,72.53333333333333
4692,72.53333333333333,72.53333333333333
4693,72.53333333333333,72.53333333333333
4694,72.53333333333333,72.53333333333333
4695,72.53333333333333,72.53333333333333
4696,72.53333333333333,72.53333333333333
4697,72.53333333333333,72.53333333333333
4698,72.53333333333333,72.53333333333333
4699,72.53333333333333,72.53333333333333
4700,72.53333333333333,72.53333333333333
4701,72.53333333333333,72.53333333333333
4702,72.53333333333333,72.53333333333333
4703,72.53333333333333,72.53333333333333
4704,72.53333333333333,72.53333333333333
4705,72.53333333333333,72.53333333333333
4706,72.53333333333333,72.53333333333333
4707,72.53333333333333,72.53333333333333
4708,72.53333333333333,72.53333333333333
4709,72.53333333333333,72.53333333333333
4710,72.53333333333333,72.53333333333333
4711,72.53333333333333,72.53333333333333
4712,72.53333333333333,72.53333333333333
4713,72.53333333333333,72.53333333333333
4714,72.53333333333333,72.53333333333333
4715,72.53333333333333,72.53333333333333
4716,72.53333333333333,72.53333333333333
4717,72.53333333333333,72.53333333333333
4718,72.53333333333333,72.53333333333333
4719,72.53333333333333,72.53333333333333
4720,72.53333333333333,72.53333333333333
4721,72.53333333333333,72.53333333333333
4722,72.53333333333333,72.53333333333333
4723,72.53333333333333,72.53333333333333
4724,72.53333333333333,72.53333333333333
4725,72.53333333333333,72.53333333333333
4726,72.53333333333333,72.53333333333333
4727,72.53333333333333,72.53333333333333
4728,72.53333333333333,72.53333333333333
4729,72.53333333333333,72.53333333333333
4730,72.53333333333333,72.53333333333333
4731,72.53333333333333,72.53333333333333
4732,72.53333333333333,72.53333333333333
4733,72.53333333333333,72.53333333333333
4734,72.53333333333333,72.53333333333333
4735,72.53333333333333,72.53333333333333
4736,72.53333333333333,72.53333333333333
4737,72.53333333333333,72.53333333333333
4738,72.53333333333333,72.53333333333333
4739,72.53333333333333,72.53333333333333
4740,72.53333333333333,72.53333333333333
4741,72.53333333333333,72.53333333333333
4742,72.53333333333333,72.53333333333333
4743,72.53333333333333,72.53333333333333
4744,72.53333333333333,72.53333333333333
4745,72.53333333333333,72.53333333333333
4746,72.53333333333333,72.53333333333333
4747,72.53333333333333,72.53333333333333
4748,72.53333333333333,72.53333333333333
4749,72.53333333333333,72.53333333333333
4750,72.53333333333333,72.53333333333333
4751,72.53333333333333,72.53333333333333
4752,72.53333333333333,72.53333333333333
4753,72.53333333333333,72.53333333333333
4754,72.53333333333333,72.53333333333333
4755,72.53333333333333,72.53333333333333
4756,72.53333333333333,72.53333333333333
4757,72.53333333333333,72.53333333333333
4758,72.53333333333333,72.53333333333333
4759,72.53333333333333,72.53333333333333
4760,72.53333333333333,72.53333333333333
4761,72.53333333333333,72.53333333333333
4762,72.53333333333333,72.53333333333333
4763,72.53333333333333,72.53333333333333
4764,72.53333333333333,72.53333333333333
4765,72.53333333333333,72.53333333333333
4766,72.53333333333333,72.53333333333333
4767,72.53333333333333,72.53333333333333
4768,72.53333333333333,72.53333333333333
4769,72.53333333333333,72.53333333333333
4770,72.53333333333333,72.53333333333333
4771,72.53333333333333,72.53333333333333
4772,72.53333333333333,72.53333333333333
4773,72.53333333333333,72.53333333333333
4774,72.53333333333333,72.53333333333333
4775,72.53333333333333,72.53333333333333
4776,72.53333333333333,72.53333333333333
4777,72.53333333333333,72.53333333333333
4778,72.53333333333333,72.53333333333333
4779,72.53333333333333,72.53333333333333
4780,72.53333333333333,72.53333333333333
4781,72.53333333333333,72.53333333333333
4782,72.53333333333333,72.53333333333333
4783,72.53333333333333,72.53333333333333
4784,72.53333333333333,72.53333333333333
4785,72.53333333333333,72.53333333333333
4786,72.53333333333333,72.53333333333333
4787,72.53333333333333,72.53333333333333
4788,72.53333333333333,72.53333333333333
4789,72.53333333333333,72.53333333333333
4790,72.53333333333333,72.53333333333333
4791,72.53333333333333,72.53333333333333
4792,72.53333333333333,72.53333333333333
4793,72.53333333333333,72.53333333333333
4794,72.53333333333333,72.53333333333333
4795,72.53333333333333,72.53333333333333
4796,72.53333333333333,72.53333333333333
4797,72.53333333333333,72.53333333333333
4798,72.53333333333333,72.53333333333333
4799,72.53333333333333,72.53333333333333
4800,72.53333333333333,72.53333333333333
4801,72.53333333333333,72.53333333333333
4802,72.53333333333333,72.53333333333333
4803,72.53333333333333,72.53333333333333
4804,72.53333333333333,72.53333333333333
4805,72.53333333333333,72.53333333333333
4806,72.53333333333333,72.53333333333333
4807,72.53333333333333,72.53333333333333
4808,72.53333333333333,72.53333333333333
4809,72.53333333333333,72.53333333333333
4810,72.53333333333333,72.53333333333333
4811,72.53333333333333,72.53333333333333
4812,72.53333333333333,72.53333333333333
4813,72.53333333333333,72.53333333333333
4814,72.53333333333333,72.53333333333333
4815,72.53333333333333,72.53333333333333
4816,72.53333333333333,72.53333333333333
4817,72.53333333333333,72.53333333333333
4818,72.53333333333333,72.53333333333333
4819,72.53333333333333,72.53333333333333
4820,72.53333333333333,72.53333333333333
4821,72.53333333333333,72.53333333333333
4822,72.53333333333333,72.53333333333333
4823,72.53333333333333,72.53333333333333
4824,72.53333333333333,72.53333333333333
4825,72.53333333333333,72.53333333333333
4826,72.53333333333333,72.53333333333333
4827,72.53333333333333,72.53333333333333
4828,72.53333333333333,72.53333333333333
4829,72.53333333333333,72.53333333333333
4830,72.53333333333333,72.53333333333333
4831,72.53333333333333,72.53333333333333
4832,72.53333333333333,72.53333333333333
4833,72.53333333333333,72.53333333333333
4834,72.53333333333333,72.53333333333333
4835,72.53333333333333,72.53333333333333
4836,72.53333333333333,72.53333333333333
4837,72.53333333333333,72.53333333333333
4838,72.53333333333333,72.53333333333333
4839,72.53333333333333,72.53333333333333
4840,72.53333333333333,72.53333333333333
4841,72.53333333333333,72.53333333333333
4842,72.53333333333333,72.53333333333333
4843,72.53333333333333,72.53333333333333
4844,72.53333333333333,72.53333333333333
4845,72.53333333333333,72.53333333333333
4846,72.53333333333333,72.53333333333333
4847,72.53333333333333,72.53333333333333
4848,72.53333333333333,72.53333333333333
4849,72.53333333333333,72.53333333333333
4850,72.53333333333333,72.53333333333333
4851,72.53333333333333,72.53333333333333
4852,72.53333333333333,72.53333333333333
4853,72.53333333333333,72.53333333333333
4854,72.53333333333333,72.53333333333333
4855,72.53333333333333,72.53333333333333
4856,72.53333333333333,72.53333333333333
4857,72.53333333333333,72.53333333333333
4858,72.53333333333333,72.53333333333333
4859,72.53333333333333,72.53333333333333
4860,72.53333333333333,72.53333333333333
4861,72.53333333333333,72.53333333333333
4862,72.53333333333333,72.53333333333333
4863,72.53333333333333,72.53333333333333
4864,72.53333333333333,72.53333333333333
4865,72.53333333333333,72.53333333333333
4866,72.53333333333333,72.53333333333333
4867,72.53333333333333,72.53333333333333
4868,72.53333333333333,72.53333333333333
4869,72.53333333333333,72.53333333333333
4870,72.53333333333333,72.53333333333333
4871,72.53333333333333,72.53333333333333
4872,72.53333333333333,72.53333333333333
4873,72.53333333333333,72.53333333333333
4874,72.53333333333333,72.53333333333333
4875,72.53333333333333,72.53333333333333
4876,72.53333333333333,72.53333333333333
4877,72.53333333333333,72.53333333333333
4878,72.53333333333333,72.53333333333333
4879,72.53333333333333,72.53333333333333
4880,72.53333333333333,72.53333333333333
4881,72.53333333333333,72.53333333333333
4882,72.53333333333333,72.53333333333333
4883,72.53333333333333,72.53333333333333
4884,72.53333333333333,72.53333333333333
4885,72.53333333333333,72.53333333333333
4886,72.53333333333333,72.53333333333333
4887,72.53333333333333,72.53333333333333
4888,72.53333333333333,72.53333333333333
4889,72.53333333333333,72.53333333333333
4890,72.53333333333333,72.53333333333333
4891,72.53333333333333,72.53333333333333
4892,72.53333333333333,72.53333333333333
4893,72.53333333333333,72.53333333333333
4894,72.53333333333333,72.53333333333333
4895,72.53333333333333,72.53333333333333
4896,72.53333333333333,72.53333333333333
4897,72.53333333333333,72.53333333333333
4898,72.53333333333333,72.53333333333333
4899,72.53333333333333,72.53333333333333
4900,72.53333333333333,72.53333333333333
4901,72.53333333333333,72.53333333333333
4902,72.53333333333333,72.53333333333333
4903,72.53333333333333,72.53333333333333
4904,72.53333333333333,72.53333333333333
4905,72.53333333333333,72.53333333333333
4906,72.53333333333333,72.53333333333333
4907,72.53333333333333,72.53333333333333
4908,72.53333333333333,72.53333333333333
4909,72.53333333333333,72.53333333333333
4910,72.53333333333333,72.53333333333333
4911,72.53333333333333,72.53333333333333
4912,72.53333333333333,72.53333333333333
4913,72.53333333333333,72.53333333333333
4914,72.53333333333333,72.53333333333333
4915,72.53333333333333,72.53333333333333
4916,72.53333333333333,72.53333333333333
4917,72.53333333333333,72.53333333333333
4918,72.53333333333333,72.53333333333333
4919,72.53333333333333,72.53333333333333
4920,72.53333333333333,72.53333333333333
4921,72.53333333333333,72.53333333333333
4922,72.53333333333333,72.53333333333333
4923,72.53333333333333,72.53333333333333
4924,72.53333333333333,72.53333333333333
4925,72.53333333333333,72.53333333333333
4926,72.53333333333333,72.53333333333333
4927,72.53333333333333,72.53333333333333
4928,72.53333333333333,72.53333333333333
4929,72.53333333333333,72.53333333333333
4930,72.53333333333333,72.53333333333333
4931,72.53333333333333,72.53333333333333
4932,72.53333333333333,72.53333333333333
4933,72.53333333333333,72.53333333333333
4934,72.53333333333333,72.53333333333333
4935,72.53333333333333,72.53333333333333
4936,72.53333333333333,72.53333333333333
4937,72.53333333333333,72.53333333333333
4938,72.53333333333333,72.53333333333333
4939,72.53333333333333,72.53333333333333
4940,72.53333333333333,72.53333333333333
4941,72.53333333333333,72.53333333333333
4942,72.53333333333333,72.53333333333333
4943,72.53333333333333,72.53333333333333
4944,72.53333333333333,72.53333333333333
4945,72.53333333333333,72.53333333333333
4946,72.53333333333333,72.53333333333333
4947,72.53333333333333,72.53333333333333
4948,72.53333333333333,72.53333333333333
4949,72.53333333333333,72.53333333333333
4950,72.53333333333333,72.53333333333333
4951,72.53333333333333,72.53333333333333
4952,72.53333333333333,72.53333333333333
4953,72.53333333333333,72.53333333333333
4954,72.53333333333333,72.53333333333333
4955,72.53333333333333,72.53333333333333
4956,72.53333333333333,72.53333333333333
4957,72.53333333333333,72.53333333333333
4958,72.53333333333333,72.53333333333333
4959,72.53333333333333,72.53333333333333
4960,72.53333333333333,72.53333333333333
4961,72.53333333333333,72.53333333333333
4962,72.53333333333333,72.53333333333333
4963,72.53333333333333,72.53333333333333
4964,72.53333333333333,72.53333333333333
4965,72.53333333333333,72.53333333333333
4966,72.53333333333333,72.53333333333333
4967,72.53333333333333,72.53333333333333
4968,72.53333333333333,72.53333333333333
4969,72.53333333333333,72.53333333333333
4970,72.53333333333333,72.53333333333333
4971,72.53333333333333,72.53333333333333
4972,72.53333333333333,72.53333333333333
4973,72.53333333333333,72.53333333333333
4974,72.53333333333333,72.53333333333333
4975,72.53333333333333,72.53333333333333
4976,72.53333333333333,72.53333333333333
4977,72.53333333333333,72.53333333333333
4978,72.53333333333333,72.53333333333333
4979,72.53333333333333,72.53333333333333
4980,72.53333333333333,72.53333333333333
4981,72.53333333333333,72.53333333333333
4982,72.53333333333333,72.53333333333333
4983,72.53333333333333,72.53333333333333
4984,72.53333333333333,72.53333333333333
4985,72.53333333333333,72.53333333333333
4986,72.53333333333333,72.53333333333333
4987,72.53333333333333,72.53333333333333
4988,72.53333333333333,72.53333333333333
4989,72.53333333333333,72.53333333333333
4990,72.53333333333333,72.53333333333333
4991,72.53333333333333,72.53333333333333
4992,72.53333333333333,72.53333333333333
4993,72.53333333333333,72.53333333333333
4994,72.53333333333333,72.53333333333333
4995,72.53333333333333,72.53333333333333
4996,72.53333333333333,72.53333333333333
4997,72.53333333333333,72.53333333333333
4998,72.53333333333333,72.53333333333333
4999,72.53333333333333,72.53333333333333
