,hsa_js,add_js
0,0.5,0.0
1,0.5,0.0
2,0.5,0.0
3,0.5,0.0
4,0.5,0.0
5,0.5,0.0
6,0.5,0.0
7,0.5,0.0
8,0.5,0.0
9,0.5,0.0
10,0.5,0.0
11,0.7000000000000001,0.0
12,0.7000000000000001,0.0
13,0.8,0.0
14,1.0,0.0
15,1.0,0.0
16,1.0,0.0
17,1.5,0.0
18,1.5,0.0
19,1.6,0.0
20,1.6,0.0
21,1.6,0.0
22,1.7000000000000002,0.0
23,1.7000000000000002,0.0
24,1.7000000000000002,0.0
25,1.7000000000000002,0.0
26,1.7000000000000002,0.0
27,1.7000000000000002,0.0
28,1.7000000000000002,0.0
29,1.7000000000000002,0.0
30,1.7000000000000002,0.0
31,1.7000000000000002,0.0
32,1.7000000000000002,0.0
33,1.7000000000000002,0.0
34,1.7000000000000002,0.0
35,1.7000000000000002,0.0
36,1.7000000000000002,0.0
37,1.7000000000000002,0.0
38,1.7000000000000002,0.0
39,1.7000000000000002,0.0
40,1.7000000000000002,0.0
41,1.7000000000000002,0.0
42,1.7000000000000002,0.0
43,1.7000000000000002,0.0
44,1.7000000000000002,0.0
45,1.7000000000000002,0.0
46,1.7000000000000002,0.0
47,1.7000000000000002,0.0
48,1.7000000000000002,0.0
49,1.7000000000000002,0.0
50,1.9000000000000001,0.0
51,1.9000000000000001,0.0
52,1.9000000000000001,0.0
53,1.9000000000000001,0.0
54,1.9000000000000001,0.0
55,1.9000000000000001,0.0
56,1.9000000000000001,0.0
57,1.9000000000000001,0.0
58,1.9000000000000001,0.0
59,1.9000000000000001,0.0
60,1.9000000000000001,0.0
61,1.9000000000000001,0.0
62,1.9000000000000001,0.0
63,1.9000000000000001,0.0
64,1.9000000000000001,0.0
65,1.9000000000000001,0.0
66,1.9000000000000001,0.0
67,1.9000000000000001,0.0
68,1.9000000000000001,0.0
69,1.9000000000000001,0.0
70,1.9000000000000001,0.0
71,1.9000000000000001,0.0
72,1.9000000000000001,0.0
73,1.9000000000000001,0.0
74,1.9000000000000001,0.0
75,1.9000000000000001,0.0
76,1.9000000000000001,0.0
77,1.9000000000000001,0.0
78,2.0,0.0
79,2.0,0.0
80,2.0,0.0
81,2.2,0.0
82,2.2,0.0
83,2.2,0.0
84,2.2,0.0
85,2.2,0.0
86,2.8000000000000003,0.0
87,2.9000000000000004,0.0
88,2.9000000000000004,0.0
89,2.9000000000000004,0.0
90,2.9000000000000004,0.0
91,2.9000000000000004,0.0
92,3.0,0.0
93,3.0,0.0
94,3.0,0.0
95,3.0,0.0
96,3.0,0.0
97,3.0,0.0
98,3.1,0.0
99,3.4000000000000004,0.0
100,3.4000000000000004,0.0
101,3.4000000000000004,0.0
102,3.4000000000000004,0.0
103,3.4000000000000004,0.0
104,3.4000000000000004,0.0
105,3.4000000000000004,0.0
106,3.4000000000000004,0.0
107,3.4000000000000004,0.0
108,3.4000000000000004,0.0
109,3.4000000000000004,0.0
110,3.4000000000000004,0.0
111,3.4000000000000004,0.0
112,3.4000000000000004,0.0
113,3.4000000000000004,0.0
114,3.4000000000000004,0.0
115,3.4000000000000004,0.0
116,3.4000000000000004,0.0
117,3.4000000000000004,0.0
118,3.4000000000000004,0.0
119,3.4000000000000004,0.0
120,3.4000000000000004,0.0
121,3.4000000000000004,0.0
122,3.4000000000000004,0.0
123,3.4000000000000004,0.0
124,3.4000000000000004,0.0
125,3.4000000000000004,0.0
126,3.4000000000000004,0.0
127,3.7,0.0
128,3.7,0.0
129,3.7,0.0
130,3.7,0.0
131,3.9000000000000004,0.0
132,3.9000000000000004,0.0
133,3.9000000000000004,0.0
134,3.9000000000000004,0.0
135,3.9000000000000004,0.0
136,3.9000000000000004,0.0
137,3.9000000000000004,0.0
138,3.9000000000000004,0.0
139,3.9000000000000004,0.0
140,3.9000000000000004,0.0
141,3.9000000000000004,0.0
142,3.9000000000000004,0.0
143,3.9000000000000004,0.0
144,3.9000000000000004,0.0
145,3.9000000000000004,0.0
146,3.9000000000000004,0.0
147,3.9000000000000004,0.0
148,3.9000000000000004,0.0
149,3.9000000000000004,0.0
150,3.9000000000000004,0.0
151,3.9000000000000004,0.0
152,3.9000000000000004,0.0
153,3.9000000000000004,0.0
154,3.9000000000000004,0.0
155,3.9000000000000004,0.0
156,3.9000000000000004,0.0
157,3.9000000000000004,0.0
158,3.9000000000000004,0.0
159,3.9000000000000004,0.0
160,3.9000000000000004,0.0
161,4.1000000000000005,0.0
162,4.1000000000000005,0.0
163,4.1000000000000005,0.0
164,4.2,0.0
165,4.2,0.0
166,4.2,0.0
167,4.2,0.0
168,4.2,0.0
169,4.2,0.0
170,4.2,0.0
171,4.2,0.0
172,4.2,0.0
173,4.3,0.0
174,4.3,0.0
175,4.3,0.0
176,4.3,0.0
177,4.3,0.0
178,4.3,0.0
179,4.3,0.0
180,4.3,0.0
181,4.3,0.0
182,4.800000000000001,0.0
183,4.800000000000001,0.0
184,4.800000000000001,0.0
185,4.800000000000001,0.0
186,4.800000000000001,0.0
187,4.800000000000001,0.0
188,4.800000000000001,0.0
189,4.800000000000001,0.0
190,4.800000000000001,0.0
191,4.800000000000001,0.0
192,4.800000000000001,0.0
193,4.800000000000001,0.0
194,4.800000000000001,0.0
195,4.800000000000001,0.0
196,4.800000000000001,0.0
197,4.800000000000001,0.0
198,4.800000000000001,0.0
199,4.800000000000001,0.0
200,4.800000000000001,0.0
201,4.800000000000001,0.0
202,4.800000000000001,0.0
203,4.800000000000001,0.0
204,4.800000000000001,0.0
205,4.800000000000001,0.0
206,4.800000000000001,0.0
207,4.800000000000001,0.0
208,4.800000000000001,0.0
209,4.800000000000001,0.0
210,4.800000000000001,0.0
211,4.800000000000001,0.0
212,4.800000000000001,0.0
213,4.800000000000001,0.0
214,4.800000000000001,0.0
215,4.800000000000001,0.0
216,4.800000000000001,0.0
217,4.800000000000001,0.0
218,4.800000000000001,0.0
219,4.800000000000001,0.0
220,5.0,0.0
221,5.0,0.0
222,5.0,0.0
223,5.0,0.0
224,5.0,0.0
225,5.0,0.0
226,5.0,0.0
227,5.0,0.0
228,5.0,0.0
229,5.0,0.0
230,5.0,0.0
231,5.2,0.0
232,5.2,0.0
233,5.2,0.0
234,5.2,0.0
235,5.2,0.0
236,5.2,0.0
237,5.2,0.0
238,5.2,0.0
239,5.2,0.0
240,5.2,0.0
241,5.2,0.0
242,5.2,0.0
243,5.2,0.0
244,5.2,0.0
245,5.2,0.0
246,5.2,0.0
247,5.2,0.0
248,5.2,0.0
249,5.2,0.0
250,5.2,0.0
251,5.2,0.0
252,5.2,0.0
253,5.2,0.0
254,5.2,0.0
255,5.2,0.0
256,5.2,0.0
257,5.2,0.0
258,5.2,0.0
259,5.2,0.0
260,5.2,0.0
261,5.2,0.0
262,5.2,0.0
263,5.2,0.0
264,5.2,0.0
265,5.2,0.0
266,5.300000000000001,0.0
267,5.300000000000001,0.0
268,5.300000000000001,0.0
269,5.300000000000001,0.0
270,5.300000000000001,0.0
271,5.300000000000001,0.0
272,5.4,0.0
273,5.4,0.0
274,5.4,0.0
275,5.4,0.0
276,5.4,0.0
277,5.4,0.0
278,5.5,0.0
279,5.5,0.0
280,5.5,0.0
281,5.5,0.0
282,5.5,0.0
283,5.5,0.0
284,5.5,0.0
285,5.7,0.0
286,5.7,0.0
287,5.7,0.0
288,5.7,0.0
289,6.1000000000000005,0.0
290,6.1000000000000005,0.0
291,6.1000000000000005,0.0
292,6.1000000000000005,0.0
293,6.1000000000000005,0.0
294,6.1000000000000005,0.0
295,6.4,0.0
296,6.4,0.0
297,6.4,0.0
298,6.4,0.0
299,6.4,0.0
300,6.4,0.0
301,6.4,0.0
302,6.4,0.0
303,6.4,0.0
304,6.4,0.0
305,6.4,0.0
306,6.4,0.0
307,6.4,0.0
308,6.4,0.0
309,6.4,0.0
310,6.4,0.0
311,6.4,0.0
312,6.4,0.0
313,6.4,0.0
314,6.4,0.0
315,6.4,0.0
316,6.4,0.0
317,6.4,0.0
318,6.4,0.0
319,6.4,0.0
320,6.4,0.0
321,6.4,0.0
322,6.4,0.0
323,6.4,0.0
324,6.4,0.0
325,6.4,0.0
326,6.4,0.0
327,6.4,0.0
328,6.4,0.0
329,6.4,0.0
330,6.4,0.0
331,6.4,0.0
332,6.4,0.0
333,6.4,0.0
334,6.4,0.0
335,6.4,0.0
336,6.4,0.0
337,6.4,0.0
338,6.4,0.0
339,6.4,0.0
340,6.4,0.0
341,6.4,0.0
342,6.4,0.0
343,6.4,0.0
344,6.4,0.0
345,6.4,0.0
346,6.4,0.0
347,6.4,0.0
348,6.4,0.0
349,6.4,0.0
350,6.4,0.0
351,6.4,0.0
352,6.4,0.0
353,6.4,0.0
354,6.5,0.0
355,6.5,0.0
356,6.5,0.0
357,6.5,0.0
358,6.5,0.0
359,6.5,0.0
360,6.5,0.0
361,6.5,0.0
362,6.5,0.0
363,6.5,0.0
364,6.5,0.0
365,6.5,0.0
366,6.5,0.0
367,6.5,0.0
368,6.5,0.0
369,6.5,0.0
370,6.5,0.0
371,6.5,0.0
372,6.5,0.0
373,6.5,0.0
374,6.5,0.0
375,6.5,0.0
376,6.5,0.0
377,6.5,0.0
378,6.5,0.0
379,6.5,0.0
380,6.5,0.0
381,6.5,0.0
382,6.5,0.0
383,6.5,0.0
384,6.5,0.0
385,6.5,0.0
386,6.5,0.0
387,6.5,0.0
388,6.5,0.0
389,6.5,0.0
390,6.5,0.0
391,6.5,0.0
392,6.5,0.0
393,6.5,0.0
394,6.5,0.0
395,6.6000000000000005,0.0
396,6.6000000000000005,0.0
397,7.0,0.0
398,7.0,0.0
399,7.0,0.0
400,7.0,0.0
401,7.0,0.0
402,7.0,0.0
403,7.0,0.0
404,7.0,0.0
405,7.0,0.0
406,7.0,0.0
407,7.300000000000001,0.0
408,7.300000000000001,0.0
409,7.300000000000001,0.0
410,7.300000000000001,0.0
411,7.300000000000001,0.0
412,7.300000000000001,0.0
413,7.300000000000001,0.0
414,7.300000000000001,0.0
415,7.300000000000001,0.0
416,7.5,0.0
417,7.5,0.0
418,7.5,0.0
419,7.5,0.0
420,7.5,0.0
421,7.5,0.0
422,7.5,0.0
423,7.5,0.0
424,7.5,0.0
425,7.5,0.0
426,7.6000000000000005,0.0
427,7.6000000000000005,0.0
428,7.6000000000000005,0.0
429,7.6000000000000005,0.0
430,7.6000000000000005,0.0
431,7.6000000000000005,0.0
432,7.6000000000000005,0.0
433,7.6000000000000005,0.0
434,7.6000000000000005,0.0
435,7.6000000000000005,0.0
436,7.6000000000000005,0.0
437,7.6000000000000005,0.0
438,7.6000000000000005,0.0
439,7.6000000000000005,0.0
440,7.6000000000000005,0.0
441,7.6000000000000005,0.0
442,7.6000000000000005,0.0
443,7.6000000000000005,0.0
444,7.6000000000000005,0.0
445,7.6000000000000005,0.0
446,7.6000000000000005,0.0
447,7.6000000000000005,0.0
448,7.6000000000000005,0.0
449,7.6000000000000005,0.0
450,7.6000000000000005,0.0
451,7.6000000000000005,0.0
452,7.6000000000000005,0.0
453,7.6000000000000005,0.0
454,7.6000000000000005,0.0
455,7.6000000000000005,0.0
456,7.6000000000000005,0.0
457,7.6000000000000005,0.0
458,7.6000000000000005,0.0
459,7.6000000000000005,0.0
460,7.6000000000000005,0.0
461,7.6000000000000005,0.0
462,7.6000000000000005,0.0
463,7.6000000000000005,0.0
464,7.6000000000000005,0.0
465,7.6000000000000005,0.0
466,7.6000000000000005,0.0
467,7.6000000000000005,0.0
468,7.6000000000000005,0.0
469,7.6000000000000005,0.0
470,7.6000000000000005,0.0
471,7.6000000000000005,0.0
472,8.1,0.0
473,8.1,0.0
474,8.1,0.0
475,8.1,0.0
476,8.1,0.0
477,8.1,0.0
478,8.1,0.0
479,8.1,0.0
480,8.1,0.0
481,8.1,0.0
482,8.1,0.0
483,8.1,0.0
484,8.1,0.0
485,8.1,0.0
486,8.1,0.0
487,8.1,0.0
488,8.200000000000001,0.0
489,8.200000000000001,0.0
490,8.200000000000001,0.0
491,8.200000000000001,0.0
492,8.200000000000001,0.0
493,8.200000000000001,0.0
494,8.200000000000001,0.0
495,8.200000000000001,0.0
496,8.200000000000001,0.0
497,8.200000000000001,0.0
498,8.200000000000001,0.0
499,8.3,0.0
500,8.3,0.0
501,8.3,0.0
502,8.3,0.0
503,8.3,0.0
504,8.5,0.0
505,8.5,0.0
506,8.5,0.0
507,8.5,0.0
508,8.5,0.0
509,8.5,0.0
510,8.5,0.0
511,8.5,0.0
512,8.5,0.0
513,8.5,0.0
514,8.5,0.0
515,8.5,0.0
516,8.5,0.0
517,8.5,0.0
518,8.5,0.0
519,8.5,0.0
520,8.5,0.0
521,8.5,0.0
522,8.5,0.0
523,8.5,0.0
524,8.5,0.0
525,8.5,0.0
526,8.5,0.0
527,8.5,0.0
528,8.5,0.0
529,8.5,0.0
530,8.5,0.0
531,8.5,0.0
532,8.5,0.0
533,8.5,0.0
534,8.5,0.0
535,8.5,0.0
536,8.5,0.0
537,8.5,0.0
538,8.5,0.0
539,8.5,0.0
540,8.5,0.0
541,8.5,0.0
542,8.5,0.0
543,8.5,0.0
544,8.5,0.0
545,8.5,0.0
546,8.5,0.0
547,8.5,0.0
548,8.5,0.0
549,8.5,0.0
550,8.5,0.0
551,8.5,0.0
552,8.5,0.0
553,8.5,0.0
554,8.5,0.0
555,8.5,0.0
556,8.5,0.0
557,8.5,0.0
558,8.5,0.0
559,8.5,0.0
560,8.8,0.0
561,8.8,0.0
562,8.8,0.0
563,8.8,0.0
564,8.8,0.0
565,8.8,0.0
566,8.8,0.0
567,8.8,0.0
568,8.8,0.0
569,8.9,0.0
570,8.9,0.0
571,8.9,0.0
572,8.9,0.0
573,8.9,0.0
574,8.9,0.0
575,8.9,0.0
576,8.9,0.0
577,8.9,0.0
578,8.9,0.0
579,9.1,0.0
580,9.1,0.0
581,9.1,0.0
582,9.1,0.0
583,9.1,0.0
584,9.1,0.0
585,9.1,0.0
586,9.1,0.0
587,9.5,0.0
588,9.5,0.0
589,9.5,0.0
590,9.5,0.0
591,9.5,0.0
592,9.5,0.0
593,9.5,0.0
594,9.5,0.0
595,9.5,0.0
596,9.5,0.0
597,9.5,0.0
598,9.5,0.0
599,9.5,0.0
600,9.5,0.0
601,9.5,0.0
602,9.600000000000001,0.0
603,9.600000000000001,0.0
604,9.600000000000001,0.0
605,9.600000000000001,0.0
606,9.600000000000001,0.0
607,9.600000000000001,0.0
608,9.600000000000001,0.0
609,9.600000000000001,0.0
610,9.600000000000001,0.0
611,9.600000000000001,0.0
612,9.600000000000001,0.0
613,9.600000000000001,0.0
614,9.600000000000001,0.0
615,9.600000000000001,0.0
616,9.600000000000001,0.0
617,9.600000000000001,0.0
618,9.600000000000001,0.0
619,9.600000000000001,0.0
620,10.3,0.0
621,10.3,0.0
622,10.3,0.0
623,10.3,0.0
624,10.3,0.0
625,10.3,0.0
626,10.700000000000001,0.0
627,10.700000000000001,0.0
628,10.700000000000001,0.0
629,10.700000000000001,0.0
630,10.700000000000001,0.0
631,10.700000000000001,0.0
632,10.700000000000001,0.0
633,10.700000000000001,0.0
634,10.700000000000001,0.0
635,11.0,0.0
636,11.0,0.0
637,11.0,0.0
638,11.0,0.0
639,11.0,0.0
640,11.0,0.0
641,11.0,0.0
642,11.0,0.0
643,11.0,0.0
644,11.0,0.0
645,11.0,0.0
646,11.0,0.0
647,11.0,0.0
648,11.0,0.0
649,11.0,0.0
650,11.0,0.0
651,11.100000000000001,0.0
652,11.100000000000001,0.0
653,11.100000000000001,0.0
654,11.100000000000001,0.0
655,11.100000000000001,0.0
656,11.100000000000001,0.0
657,11.100000000000001,0.0
658,11.100000000000001,0.0
659,11.100000000000001,0.0
660,11.100000000000001,0.0
661,11.100000000000001,0.0
662,11.100000000000001,0.0
663,11.3,0.0
664,11.3,0.0
665,11.3,0.0
666,11.3,0.0
667,11.3,0.0
668,11.3,0.0
669,12.3,0.0
670,12.3,0.0
671,12.3,0.0
672,12.3,0.0
673,12.3,0.0
674,12.3,0.0
675,12.3,0.0
676,12.3,0.0
677,12.3,0.0
678,12.3,0.0
679,12.3,0.0
680,12.3,0.0
681,12.3,0.0
682,12.3,0.0
683,12.3,0.0
684,12.3,0.0
685,12.3,0.0
686,12.3,0.0
687,12.3,0.0
688,12.3,0.0
689,12.3,0.0
690,12.3,0.0
691,12.3,0.0
692,12.3,0.0
693,12.3,0.0
694,12.3,0.0
695,12.3,0.0
696,12.3,0.0
697,12.3,0.0
698,12.3,0.0
699,12.3,0.0
700,12.3,0.0
701,12.3,0.0
702,12.3,0.0
703,12.3,0.0
704,12.3,0.0
705,12.3,0.0
706,12.3,0.0
707,12.3,0.0
708,12.3,0.0
709,12.3,0.0
710,12.3,0.0
711,12.3,0.0
712,12.3,0.0
713,12.3,0.0
714,12.3,0.0
715,12.3,0.0
716,12.3,0.0
717,12.3,0.0
718,12.3,0.0
719,12.3,0.0
720,13.700000000000001,0.0
721,13.700000000000001,0.0
722,13.700000000000001,0.0
723,13.700000000000001,0.0
724,13.700000000000001,0.0
725,13.700000000000001,0.0
726,13.700000000000001,0.0
727,13.700000000000001,0.0
728,13.700000000000001,0.0
729,14.3,0.0
730,14.3,0.0
731,14.3,0.0
732,14.3,0.0
733,14.3,0.0
734,14.3,0.0
735,14.3,0.0
736,14.3,0.0
737,14.3,0.0
738,14.3,0.0
739,14.3,0.0
740,14.3,0.0
741,14.3,0.0
742,14.3,0.0
743,14.3,0.0
744,14.3,0.0
745,14.3,0.0
746,14.3,0.0
747,14.3,0.0
748,14.3,0.0
749,14.3,0.0
750,14.3,0.0
751,14.3,0.0
752,14.3,0.0
753,14.3,0.0
754,14.3,0.0
755,14.3,0.0
756,14.3,0.0
757,14.3,0.0
758,14.3,0.0
759,14.3,0.0
760,14.3,0.0
761,14.3,0.0
762,14.3,0.0
763,14.3,0.0
764,14.3,0.0
765,14.3,0.0
766,14.3,0.0
767,14.3,0.0
768,14.3,0.0
769,14.3,0.0
770,14.3,0.0
771,14.3,0.0
772,14.3,0.0
773,14.3,0.0
774,14.3,0.0
775,14.3,0.0
776,14.3,0.0
777,14.3,0.0
778,14.3,0.0
779,14.3,0.0
780,14.3,0.0
781,14.3,0.0
782,14.3,0.0
783,14.3,0.0
784,14.3,0.0
785,14.3,0.0
786,14.3,0.0
787,14.3,0.0
788,14.3,0.0
789,14.3,0.0
790,14.5,0.0
791,14.5,0.0
792,14.5,0.0
793,14.5,0.0
794,14.5,0.0
795,14.5,0.0
796,14.5,0.0
797,14.5,0.0
798,14.5,0.0
799,14.5,0.0
800,14.5,0.0
801,14.5,0.0
802,14.5,0.0
803,14.5,0.0
804,14.5,0.0
805,14.5,0.0
806,14.5,0.0
807,14.700000000000001,0.0
808,14.700000000000001,0.0
809,14.700000000000001,0.0
810,14.700000000000001,0.0
811,14.700000000000001,0.0
812,14.700000000000001,0.0
813,14.700000000000001,0.0
814,14.700000000000001,0.0
815,14.700000000000001,0.0
816,14.700000000000001,0.0
817,14.700000000000001,0.0
818,14.700000000000001,0.0
819,14.700000000000001,0.0
820,14.700000000000001,0.0
821,14.700000000000001,0.0
822,14.700000000000001,0.0
823,14.700000000000001,0.0
824,14.700000000000001,0.0
825,14.700000000000001,0.0
826,14.700000000000001,0.0
827,14.700000000000001,0.0
828,14.700000000000001,0.0
829,14.700000000000001,0.0
830,14.8,0.0
831,14.8,0.0
832,14.8,0.0
833,14.8,0.0
834,14.8,0.0
835,14.8,0.0
836,14.8,0.0
837,14.8,0.0
838,14.8,0.0
839,14.8,0.0
840,15.0,0.0
841,15.0,0.0
842,15.0,0.0
843,15.0,0.0
844,15.0,0.0
845,15.0,0.0
846,15.0,0.0
847,15.0,0.0
848,15.0,0.0
849,15.0,0.0
850,15.0,0.0
851,15.0,0.0
852,15.3,0.0
853,15.3,0.0
854,15.3,0.0
855,15.3,0.0
856,15.3,0.0
857,15.3,0.0
858,15.3,0.0
859,15.3,0.0
860,15.5,0.0
861,15.5,0.0
862,15.5,0.0
863,15.5,0.0
864,15.5,0.0
865,15.5,0.0
866,15.5,0.0
867,15.5,0.0
868,15.5,0.0
869,16.1,0.0
870,16.1,0.0
871,16.1,0.0
872,16.1,0.0
873,16.1,0.0
874,16.1,0.0
875,16.1,0.0
876,16.1,0.0
877,16.1,0.0
878,16.1,0.0
879,16.1,0.0
880,16.1,0.0
881,16.1,0.0
882,16.1,0.0
883,16.1,0.0
884,16.1,0.0
885,16.1,0.0
886,16.1,0.0
887,16.1,0.0
888,16.1,0.0
889,16.1,0.0
890,16.1,0.0
891,16.1,0.0
892,16.1,0.0
893,16.1,0.0
894,16.1,0.0
895,16.1,0.0
896,16.1,0.0
897,16.1,0.0
898,16.1,0.0
899,16.1,0.0
900,16.1,0.0
901,16.1,0.0
902,16.1,0.0
903,16.1,0.0
904,16.1,0.0
905,16.1,0.0
906,16.1,0.0
907,16.1,0.0
908,16.1,0.0
909,16.1,0.0
910,16.1,0.0
911,16.1,0.0
912,16.1,0.0
913,16.1,0.0
914,16.1,0.0
915,16.1,0.0
916,16.1,0.0
917,16.400000000000002,0.0
918,16.400000000000002,0.0
919,16.400000000000002,0.0
920,16.400000000000002,0.0
921,16.400000000000002,0.0
922,16.400000000000002,0.0
923,17.7,0.0
924,17.7,0.0
925,17.7,0.0
926,17.7,0.0
927,17.7,0.0
928,17.7,0.0
929,17.7,0.0
930,17.7,0.0
931,17.7,0.0
932,17.7,0.0
933,17.8,0.0
934,17.8,0.0
935,17.8,0.0
936,17.8,0.0
937,18.0,0.0
938,18.0,0.0
939,18.0,0.03593390018728826
940,18.0,0.03593390018728826
941,18.0,0.046491969568891456
942,18.0,0.04938093580626912
943,18.0,0.04938093580626912
944,18.0,0.07445345001905324
945,18.0,0.07445345001905324
946,18.0,0.07445345001905324
947,18.0,0.10506024895164856
948,18.0,0.13197752473770308
949,18.0,0.13197752473770308
950,18.0,0.13197752473770308
951,18.0,0.13197752473770308
952,18.0,0.17709876850148198
953,18.0,0.26033734993010427
954,18.3,0.2744534500190525
955,18.3,0.30888899938673475
956,18.3,0.34649196956889217
957,18.3,0.3493809358062663
958,18.3,0.3493809358062663
959,18.3,0.3493809358062663
960,18.3,0.3493809358062663
961,18.3,0.37445345001905395
962,18.3,0.37445345001905395
963,18.3,0.4319775247377038
964,18.3,0.4319775247377038
965,18.3,0.4493809358062606
966,18.3,0.4744534500190518
967,18.3,0.4744534500190518
968,18.3,0.47445345001905537
969,18.3,0.4879120879120862
970,18.3,0.549380935806262
971,18.3,0.5744534500190532
972,18.3,0.5744534500190568
973,18.3,0.6449024580246281
974,18.3,0.646491969568892
975,18.3,0.6493809358062634
976,18.3,0.6879120879120855
977,18.3,0.7319775247377045
978,18.3,0.7319775247377045
979,18.3,0.7464919695688916
980,18.3,0.7493809358062649
981,18.3,0.7770987685014825
982,18.3,0.7879120879120869
983,18.3,0.8319775247377041
984,18.3,0.8319775247377041
985,18.3,0.8493809358062663
986,18.3,0.8879120879120848
987,18.3,0.8879120879120848
988,18.3,0.9319775247377056
989,18.3,0.9319775247377056
990,18.3,0.9319775247377056
991,18.3,0.9493809358062606
992,18.3,0.9493809358062606
993,18.3,0.9744534500190554
994,18.3,1.0359339001872883
995,18.3,1.146491969568892
996,18.3,1.2319775247377045
997,18.3,1.2319775247377045
998,18.3,1.2493809358062649
999,18.3,1.274453450019056
1000,18.3,1.274453450019056
1001,18.3,1.3464919695688922
1002,18.3,1.3464919695688922
1003,18.3,1.374453450019054
1004,18.3,1.3879120879120848
1005,18.3,1.4088889993867326
1006,18.3,1.4319775247377038
1007,18.3,1.4319775247377038
1008,18.3,1.4319775247377038
1009,18.3,1.4493809358062606
1010,18.3,1.4603373499301036
1011,18.3,1.4744534500190554
1012,18.3,1.5464919695688915
1013,18.3,1.549380935806262
1014,18.3,1.549380935806262
1015,18.3,1.549380935806262
1016,18.3,1.549380935806262
1017,18.3,1.549380935806262
1018,18.400000000000002,1.5744534500190532
1019,18.400000000000002,1.585278371703711
1020,18.400000000000002,1.631977524737703
1021,18.400000000000002,1.6319775247377049
1022,18.400000000000002,1.6319775247377049
1023,18.400000000000002,1.6319775247377049
1024,18.400000000000002,1.6493809358062634
1025,18.400000000000002,1.6744534500190547
1026,18.400000000000002,1.6744534500190547
1027,18.400000000000002,1.7088889993867333
1028,18.400000000000002,1.7088889993867333
1029,18.400000000000002,1.7319775247377045
1030,18.400000000000002,1.7464919695688916
1031,18.400000000000002,1.7464919695688916
1032,18.400000000000002,1.7464919695688916
1033,18.400000000000002,1.7493809358062649
1034,18.400000000000002,1.7493809358062649
1035,18.7,1.7744534500190525
1036,18.7,1.774453450019056
1037,18.7,1.774453450019056
1038,18.7,1.774453450019056
1039,18.7,1.8319775247377041
1040,18.7,1.8319775247377041
1041,18.7,1.8348780932491309
1042,18.7,1.8464919695688913
1043,18.7,1.8464919695688913
1044,18.7,1.8464919695688922
1045,18.7,1.8464919695688922
1046,18.7,1.8493809358062663
1047,18.7,1.8493809358062663
1048,18.7,1.8493809358062663
1049,18.7,1.8493809358062663
1050,18.7,1.8493809358062663
1051,18.7,1.8493809358062663
1052,18.7,1.8879120879120848
1053,18.7,1.9319775247377038
1054,18.7,1.9464919695688918
1055,18.7,1.9744534500190554
1056,18.7,2.049380935806262
1057,18.7,2.049380935806262
1058,18.7,2.049380935806269
1059,18.7,2.0744534500190532
1060,18.7,2.0744534500190532
1061,18.7,2.087912087912084
1062,18.7,2.087912087912084
1063,18.7,2.131977524737703
1064,18.7,2.1493809358062634
1065,18.7,2.2319775247377045
1066,18.7,2.308888999386731
1067,18.7,2.3464919695688913
1068,18.7,2.374453450019054
1069,18.7,2.374453450019054
1070,18.7,2.374453450019054
1071,18.7,2.431977524737704
1072,18.7,2.4348780932491287
1073,18.7,2.4348780932491287
1074,18.7,2.4493809358062606
1075,18.7,2.4493809358062606
1076,18.7,2.4493809358062606
1077,18.7,2.4493809358062606
1078,18.7,2.4493809358062606
1079,18.7,2.4493809358062606
1080,18.7,2.474453450019052
1081,18.7,2.4744534500190554
1082,18.7,2.501498350819613
1083,18.7,2.5319775247377034
1084,18.7,2.5319775247377034
1085,18.7,2.531977524737705
1086,18.7,2.5464919695688923
1087,18.7,2.5603373499301014
1088,18.7,2.5744534500190532
1089,18.7,2.634878093249128
1090,18.7,2.646491969568892
1091,18.7,2.646491969568893
1092,19.200000000000003,2.7319775247377045
1093,19.200000000000003,2.7464919695688916
1094,19.200000000000003,2.7464919695688916
1095,19.200000000000003,2.834878093249131
1096,19.200000000000003,2.8603373499300986
1097,19.200000000000003,2.874453450019054
1098,19.200000000000003,2.931977524737704
1099,19.200000000000003,2.931977524737704
1100,19.400000000000002,2.974453450019052
1101,19.400000000000002,3.0359339001872883
1102,19.400000000000002,3.0464919695688915
1103,19.400000000000002,3.0744534500190532
1104,19.400000000000002,3.087912087912084
1105,19.400000000000002,3.1088889993867355
1106,19.400000000000002,3.1088889993867355
1107,19.400000000000002,3.131977524737705
1108,19.400000000000002,3.1359339001872897
1109,19.400000000000002,3.1665406991198815
1110,19.400000000000002,3.1744534500190547
1111,19.400000000000002,3.2319775247377045
1112,19.400000000000002,3.2464919695688907
1113,20.0,3.249380935806265
1114,20.0,3.249380935806265
1115,20.0,3.2744534500190525
1116,20.0,3.331977524737704
1117,20.0,3.334878093249131
1118,20.0,3.3493809358062663
1119,20.0,3.3493809358062663
1120,20.0,3.3493809358062663
1121,20.0,3.431977524737704
1122,20.0,3.4348780932491287
1123,20.0,3.446491969568892
1124,20.0,3.4493809358062606
1125,20.1,3.474453450019052
1126,20.1,3.497936452687579
1127,20.1,3.5359339001872883
1128,20.1,3.5359339001872883
1129,20.1,3.5464919695688915
1130,20.1,3.549380935806262
1131,20.1,3.549380935806269
1132,20.1,3.5744534500190532
1133,20.1,3.5744534500190532
1134,20.1,3.6348780932491316
1135,20.1,3.6359339001872897
1136,20.1,3.646491969568893
1137,20.200000000000003,3.6493809358062634
1138,20.200000000000003,3.6493809358062634
1139,20.200000000000003,3.6744534500190547
1140,20.200000000000003,3.6955695887822584
1141,20.200000000000003,3.7359339001872875
1142,20.200000000000003,3.7464919695688925
1143,20.200000000000003,3.7493809358062578
1144,20.200000000000003,3.7744534500190525
1145,20.200000000000003,3.774453450019056
1146,20.200000000000003,3.831977524737704
1147,20.200000000000003,3.831977524737706
1148,21.3,3.835933900187289
1149,21.3,3.849380935806259
1150,21.3,3.857305288979493
1151,21.3,3.874453450019054
1152,21.3,3.8879120879120848
1153,21.3,3.931977524737704
1154,21.3,3.946491969568892
1155,21.3,3.9493809358062606
1156,21.3,3.9493809358062606
1157,21.3,3.9744534500190554
1158,21.3,4.031977524737705
1159,21.3,4.074453450019053
1160,21.3,4.074453450019053
1161,21.3,4.131977524737703
1162,21.3,4.146491969568893
1163,21.3,4.149380935806263
1164,21.3,4.149380935806263
1165,21.3,4.149380935806263
1166,21.3,4.2319775247377045
1167,21.3,4.287912087912087
1168,21.3,4.331977524737706
1169,21.3,4.331977524737706
1170,21.3,4.334878093249131
1171,21.3,4.346491969568892
1172,21.3,4.350715197321533
1173,21.3,4.431977524737704
1174,21.3,4.446491969568892
1175,21.3,4.446491969568892
1176,21.3,4.449380935806261
1177,21.3,4.474453450019052
1178,21.3,4.5053271012547
1179,21.3,4.520761993160178
1180,21.3,4.5464919695688915
1181,21.3,4.5464919695688915
1182,21.3,4.587912087912084
1183,21.3,4.6088889993867355
1184,21.3,4.674453450019055
1185,21.3,4.7319775247377045
1186,21.3,4.7348780932491294
1187,21.3,4.749380935806258
1188,21.3,4.749380935806258
1189,21.3,4.774453450019056
1190,21.3,4.828415626605672
1191,21.3,4.874453450019054
1192,21.3,4.874453450019054
1193,21.3,4.974453450019055
1194,21.3,4.974453450019055
1195,21.3,5.008888999386734
1196,21.3,5.031977524737705
1197,21.3,5.031977524737705
1198,21.3,5.049380935806262
1199,21.3,5.049380935806269
1200,21.3,5.074453450019053
1201,21.3,5.074453450019053
1202,21.3,5.074453450019053
1203,21.3,5.1088889993867355
1204,21.3,5.131977524737703
1205,21.6,5.131977524737707
1206,21.6,5.13593390018729
1207,21.6,5.13593390018729
1208,21.6,5.146491969568893
1209,21.6,5.174453450019055
1210,21.6,5.2319775247377045
1211,21.6,5.235933900187291
1212,21.6,5.274453450019056
1213,21.6,5.331977524737702
1214,21.6,5.349380935806266
1215,21.6,5.374453450019054
1216,21.6,5.374453450019054
1217,21.6,5.374453450019054
1218,21.6,5.408888999386733
1219,21.6,5.431977524737704
1220,21.6,5.434878093249129
1221,21.6,5.434878093249129
1222,21.6,5.446491969568892
1223,22.0,5.474453450019052
1224,22.0,5.474453450019052
1225,22.0,5.531977524737705
1226,22.0,5.531977524737705
1227,22.0,5.549380935806262
1228,22.0,5.549380935806262
1229,22.0,5.574453450019053
1230,22.0,5.574453450019053
1231,22.0,5.631977524737707
1232,22.0,5.649380935806263
1233,22.0,5.674453450019055
1234,22.0,5.674453450019055
1235,22.0,5.732105149752204
1236,22.0,5.749380935806265
1237,22.0,5.821817800098341
1238,22.0,5.831977524737702
1239,22.0,5.849380935806266
1240,22.0,5.874453450019054
1241,22.0,5.887912087912085
1242,22.3,5.931977524737704
1243,22.3,5.949380935806261
1244,22.3,5.949380935806261
1245,22.3,6.035933900187288
1246,22.3,6.134878093249132
1247,22.3,6.149380935806263
1248,22.3,6.149380935806263
1249,22.3,6.149380935806263
1250,22.3,6.174453450019055
1251,22.3,6.174453450019055
1252,22.3,6.208888999386733
1253,22.3,6.2319775247377045
1254,22.3,6.249380935806258
1255,22.3,6.249380935806258
1256,22.3,6.249380935806265
1257,22.3,6.274453450019056
1258,22.3,6.331977524737702
1259,22.3,6.346491969568892
1260,22.8,6.349380935806266
1261,22.8,6.374453450019054
1262,22.8,6.3744534500190575
1263,22.8,6.3744534500190575
1264,22.8,6.43593390018729
1265,22.8,6.474453450019055
1266,22.8,6.520761993160178
1267,22.8,6.531977524737705
1268,22.8,6.531977524737705
1269,22.8,6.574453450019053
1270,22.8,6.634878093249128
1271,22.8,6.634878093249132
1272,22.8,6.657305288979494
1273,23.0,6.674453450019055
1274,23.0,6.7319775247377045
1275,23.0,6.749380935806265
1276,23.0,6.787912087912083
1277,23.0,6.831977524737706
1278,23.0,6.846491969568892
1279,23.0,6.849380935806259
1280,23.0,6.874453450019054
1281,23.0,6.874453450019054
1282,23.0,6.874453450019054
1283,23.0,6.931977524737704
1284,23.700000000000003,6.934878093249132
1285,23.700000000000003,6.946491969568892
1286,23.700000000000003,7.031977524737705
1287,23.700000000000003,7.031977524737705
1288,23.700000000000003,7.049380935806269
1289,23.700000000000003,7.078282200454144
1290,23.700000000000003,7.149380935806263
1291,23.700000000000003,7.2319775247377045
1292,23.700000000000003,7.246491969568891
1293,23.700000000000003,7.249380935806265
1294,23.700000000000003,7.257305288979492
1295,23.700000000000003,7.334878093249131
1296,23.700000000000003,7.335933900187289
1297,23.700000000000003,7.374453450019054
1298,23.700000000000003,7.387912087912085
1299,23.700000000000003,7.388967894850246
1300,23.700000000000003,7.431977524737704
1301,23.700000000000003,7.431977524737704
1302,23.700000000000003,7.431977524737704
1303,23.700000000000003,7.446491969568892
1304,23.700000000000003,7.449380935806261
1305,23.700000000000003,7.449380935806261
1306,23.700000000000003,7.449380935806261
1307,23.700000000000003,7.449380935806261
1308,23.700000000000003,7.449380935806261
1309,23.700000000000003,7.449380935806261
1310,23.700000000000003,7.474453450019052
1311,23.700000000000003,7.487912087912086
1312,23.700000000000003,7.5464919695688915
1313,23.700000000000003,7.549380935806262
1314,23.700000000000003,7.549380935806269
1315,23.700000000000003,7.549380935806269
1316,23.700000000000003,7.574453450019053
1317,23.700000000000003,7.574453450019053
1318,23.700000000000003,7.574453450019053
1319,23.700000000000003,7.588967894850246
1320,23.700000000000003,7.631977524737703
1321,23.700000000000003,7.631977524737703
1322,23.700000000000003,7.646491969568893
1323,23.700000000000003,7.7319775247377045
1324,23.700000000000003,7.749380935806265
1325,23.700000000000003,7.749380935806265
1326,23.700000000000003,7.749380935806265
1327,23.700000000000003,7.774453450019056
1328,23.700000000000003,7.774453450019056
1329,23.700000000000003,7.787912087912083
1330,23.700000000000003,7.846491969568892
1331,23.700000000000003,7.849380935806266
1332,23.700000000000003,7.849380935806266
1333,23.700000000000003,7.8744534500190575
1334,23.700000000000003,7.8744534500190575
1335,23.700000000000003,7.931977524737704
1336,23.700000000000003,7.949380935806261
1337,23.700000000000003,7.949380935806261
1338,23.700000000000003,7.987912087912086
1339,23.700000000000003,8.040284752954431
1340,23.700000000000003,8.131977524737707
1341,23.700000000000003,8.134878093249132
1342,23.700000000000003,8.2053271012547
1343,23.700000000000003,8.249380935806258
1344,23.700000000000003,8.249380935806258
1345,23.700000000000003,8.249380935806258
1346,23.700000000000003,8.249380935806265
1347,23.700000000000003,8.274453450019056
1348,23.700000000000003,8.308888999386735
1349,23.700000000000003,8.360337349930099
1350,24.1,8.37445345001905
1351,24.1,8.37445345001905
1352,24.1,8.374453450019057
1353,24.1,8.44938093580626
1354,24.1,8.44938093580626
1355,24.1,8.474453450019052
1356,24.1,8.474453450019059
1357,24.1,8.474453450019059
1358,24.1,8.487912087912083
1359,24.1,8.531977524737705
1360,24.1,8.54649196956889
1361,24.1,8.54649196956889
1362,24.1,8.549380935806262
1363,24.1,8.54938093580627
1364,24.1,8.54938093580627
1365,24.1,8.574453450019053
1366,24.1,8.649380935806263
1367,24.1,8.649380935806263
1368,24.1,8.674453450019055
1369,24.1,8.687912087912085
1370,24.1,8.731977524737704
1371,24.1,8.749380935806265
1372,24.1,8.749380935806265
1373,24.1,8.759150050552762
1374,24.1,8.808888999386735
1375,24.1,8.831977524737702
1376,24.1,8.831977524737702
1377,24.1,8.831977524737706
1378,24.1,8.831977524737706
1379,24.1,8.849380935806266
1380,24.1,8.859150050552763
1381,24.1,8.87445345001905
1382,24.1,8.887912087912085
1383,25.8,8.946491969568893
1384,25.8,8.974453450019059
1385,25.8,9.031977524737705
1386,25.8,9.031977524737705
1387,25.8,9.074453450019053
1388,25.8,9.108888999386735
1389,25.8,9.131977524737707
1390,25.8,9.131977524737707
1391,25.8,9.131977524737707
1392,25.8,9.131977524737707
1393,25.8,9.134878093249132
1394,25.8,9.134878093249132
1395,25.8,9.149380935806263
1396,25.8,9.174453450019055
1397,25.8,9.249380935806258
1398,25.8,9.249380935806258
1399,25.8,9.278282200454143
1400,25.8,9.287912087912087
1401,25.8,9.308888999386731
1402,25.8,9.320761993160179
1403,25.8,9.349380935806266
1404,25.8,9.37445345001905
1405,25.8,9.374453450019057
1406,26.200000000000003,9.374453450019057
1407,26.200000000000003,9.44938093580626
1408,26.200000000000003,9.44938093580626
1409,26.200000000000003,9.44938093580626
1410,26.200000000000003,9.474453450019052
1411,26.200000000000003,9.474453450019059
1412,26.200000000000003,9.520761993160178
1413,26.200000000000003,9.53487809324913
1414,26.200000000000003,9.53487809324913
1415,26.200000000000003,9.53487809324913
1416,26.200000000000003,9.549380935806262
1417,26.200000000000003,9.608888999386735
1418,26.200000000000003,9.63593390018729
1419,26.200000000000003,9.63593390018729
1420,26.200000000000003,9.731977524737704
1421,26.200000000000003,9.734878093249126
1422,26.200000000000003,9.73487809324913
1423,26.200000000000003,9.749380935806265
1424,26.200000000000003,9.749380935806265
1425,26.200000000000003,9.749380935806265
1426,26.200000000000003,9.774453450019056
1427,26.200000000000003,9.774453450019056
1428,26.200000000000003,9.774453450019056
1429,26.200000000000003,9.777098768501482
1430,26.200000000000003,9.787912087912087
1431,26.200000000000003,9.831977524737706
1432,26.900000000000002,9.87445345001905
1433,26.900000000000002,9.887912087912081
1434,26.900000000000002,9.887912087912081
1435,26.900000000000002,9.931977524737704
1436,26.900000000000002,9.934878093249132
1437,26.900000000000002,9.946491969568893
1438,26.900000000000002,9.94938093580626
1439,26.900000000000002,9.94938093580626
1440,26.900000000000002,9.94938093580626
1441,26.900000000000002,9.974453450019052
1442,26.900000000000002,10.049380935806262
1443,26.900000000000002,10.049380935806262
1444,26.900000000000002,10.04938093580627
1445,26.900000000000002,10.074453450019053
1446,26.900000000000002,10.134878093249132
1447,26.900000000000002,10.134878093249132
1448,26.900000000000002,10.188967894850244
1449,26.900000000000002,10.235933900187291
1450,26.900000000000002,10.246491969568893
1451,26.900000000000002,10.249380935806265
1452,26.900000000000002,10.277098768501482
1453,26.900000000000002,10.349380935806266
1454,26.900000000000002,10.349380935806266
1455,26.900000000000002,10.349380935806266
1456,26.900000000000002,10.431977524737704
1457,26.900000000000002,10.431977524737704
1458,26.900000000000002,10.431977524737704
1459,27.5,10.487912087912083
1460,27.5,10.489629224470853
1461,27.5,10.508888999386734
1462,27.5,10.535933900187288
1463,27.5,10.549380935806262
1464,27.5,10.549380935806262
1465,27.5,10.560337349930101
1466,27.5,10.574453450019053
1467,27.5,10.649380935806263
1468,27.5,10.649380935806263
1469,27.5,10.720761993160178
1470,27.5,10.73487809324913
1471,27.5,10.735933900187291
1472,27.5,10.787912087912087
1473,27.5,10.849380935806266
1474,27.5,10.849380935806266
1475,27.5,10.931977524737704
1476,27.5,10.934878093249129
1477,27.5,10.962584323670292
1478,27.5,11.031977524737705
1479,27.5,11.04649196956889
1480,27.5,11.049380935806255
1481,28.1,11.049380935806262
1482,28.1,11.049380935806262
1483,28.1,11.074453450019053
1484,28.1,11.074453450019053
1485,28.1,11.131977524737707
1486,28.1,11.131977524737707
1487,28.1,11.149380935806263
1488,28.1,11.149380935806263
1489,28.1,11.149380935806263
1490,28.1,11.174453450019055
1491,28.1,11.174453450019055
1492,28.1,11.231977524737704
1493,28.1,11.23487809324913
1494,28.1,11.23487809324913
1495,28.1,11.249380935806258
1496,28.1,11.249380935806265
1497,28.1,11.274453450019056
1498,28.1,11.331977524737702
1499,28.1,11.331977524737706
1500,28.1,11.349380935806266
1501,28.1,11.349380935806266
1502,28.1,11.349380935806266
1503,28.1,11.37445345001905
1504,28.1,11.374453450019057
1505,28.1,11.387912087912085
1506,28.1,11.434878093249129
1507,28.1,11.44938093580626
1508,28.1,11.44938093580626
1509,28.1,11.449380935806268
1510,28.1,11.466540699119882
1511,28.1,11.649380935806263
1512,28.1,11.649380935806263
1513,28.1,11.749380935806258
1514,28.1,11.774453450019056
1515,28.1,11.787912087912087
1516,28.1,11.835933900187289
1517,28.200000000000003,11.87445345001905
1518,28.200000000000003,11.887912087912088
1519,28.200000000000003,11.931977524737707
1520,28.200000000000003,11.931977524737707
1521,28.200000000000003,11.94938093580626
1522,28.200000000000003,11.974453450019059
1523,28.200000000000003,11.974453450019059
1524,28.200000000000003,12.03487809324913
1525,28.200000000000003,12.049380935806262
1526,28.200000000000003,12.049380935806262
1527,28.200000000000003,12.04938093580627
1528,28.200000000000003,12.04938093580627
1529,28.200000000000003,12.074453450019053
1530,28.200000000000003,12.074453450019053
1531,28.200000000000003,12.074453450019053
1532,28.200000000000003,12.074453450019053
1533,28.200000000000003,12.131977524737707
1534,28.200000000000003,12.149380935806263
1535,28.200000000000003,12.174453450019055
1536,28.200000000000003,12.174453450019055
1537,28.200000000000003,12.174453450019055
1538,28.200000000000003,12.249380935806258
1539,28.200000000000003,12.249380935806258
1540,28.200000000000003,12.249380935806265
1541,28.200000000000003,12.249380935806265
1542,28.200000000000003,12.274453450019056
1543,28.200000000000003,12.334878093249127
1544,28.200000000000003,12.346491969568891
1545,28.200000000000003,12.349380935806266
1546,28.200000000000003,12.37445345001905
1547,28.200000000000003,12.431977524737704
1548,28.200000000000003,12.474453450019059
1549,28.200000000000003,12.574453450019053
1550,28.200000000000003,12.634878093249128
1551,28.200000000000003,12.634878093249132
1552,28.200000000000003,12.674453450019055
1553,28.200000000000003,12.674453450019055
1554,28.200000000000003,12.749380935806258
1555,28.200000000000003,12.749380935806265
1556,28.200000000000003,12.778282200454147
1557,28.200000000000003,12.831977524737702
1558,28.200000000000003,12.831977524737706
1559,28.200000000000003,12.835933900187289
1560,28.200000000000003,12.846491969568891
1561,28.200000000000003,12.849380935806266
1562,28.200000000000003,12.931977524737704
1563,28.200000000000003,12.94938093580626
1564,28.200000000000003,12.94938093580626
1565,28.200000000000003,12.965484892181724
1566,28.200000000000003,12.974453450019052
1567,28.200000000000003,13.031977524737705
1568,28.200000000000003,13.03487809324913
1569,28.200000000000003,13.04938093580627
1570,28.200000000000003,13.062584323670293
1571,28.200000000000003,13.131977524737707
1572,28.200000000000003,13.149380935806263
1573,28.200000000000003,13.149380935806263
1574,28.200000000000003,13.174453450019055
1575,28.200000000000003,13.174453450019055
1576,28.200000000000003,13.231977524737704
1577,28.200000000000003,13.231977524737704
1578,28.200000000000003,13.249380935806258
1579,28.200000000000003,13.331977524737702
1580,28.200000000000003,13.331977524737706
1581,28.200000000000003,13.331977524737706
1582,28.200000000000003,13.331977524737706
1583,28.200000000000003,13.33487809324913
1584,28.200000000000003,13.33487809324913
1585,28.200000000000003,13.349380935806266
1586,28.200000000000003,13.349380935806266
1587,28.200000000000003,13.349380935806266
1588,28.200000000000003,13.387912087912085
1589,28.200000000000003,13.431977524737704
1590,28.200000000000003,13.435933900187287
1591,28.200000000000003,13.44649196956889
1592,28.200000000000003,13.45730528897949
1593,28.200000000000003,13.474453450019059
1594,28.200000000000003,13.474453450019059
1595,28.200000000000003,13.508888999386734
1596,28.200000000000003,13.531977524737705
1597,28.200000000000003,13.531977524737705
1598,28.200000000000003,13.549380935806262
1599,28.200000000000003,13.549380935806262
1600,28.200000000000003,13.549380935806262
1601,28.200000000000003,13.549380935806262
1602,28.200000000000003,13.634878093249132
1603,28.200000000000003,13.649380935806263
1604,28.200000000000003,13.649380935806263
1605,29.3,13.649380935806263
1606,29.3,13.649380935806263
1607,29.3,13.849380935806266
1608,29.3,13.87445345001905
1609,29.3,13.87445345001905
1610,29.3,13.934878093249129
1611,29.3,13.949380935806268
1612,29.3,14.035933900187288
1613,29.3,14.049380935806255
1614,29.3,14.049380935806262
1615,29.3,14.04938093580627
1616,29.3,14.091729236073107
1617,29.3,14.108888999386735
1618,29.3,14.128415626605673
1619,29.3,14.131977524737707
1620,29.3,14.174453450019055
1621,29.3,14.174453450019055
1622,29.3,14.231977524737704
1623,29.3,14.249380935806265
1624,29.3,14.249380935806265
1625,29.3,14.249380935806265
1626,29.3,14.274453450019056
1627,29.3,14.331977524737706
1628,29.3,14.335933900187289
1629,29.3,14.349380935806266
1630,29.3,14.359150050552763
1631,29.3,14.37445345001905
1632,29.3,14.387912087912081
1633,29.3,14.388967894850243
1634,29.3,14.431977524737704
1635,29.3,14.474453450019059
1636,29.3,14.474453450019059
1637,29.3,14.53487809324913
1638,29.3,14.54649196956889
1639,29.3,14.54938093580627
1640,29.3,14.54938093580627
1641,29.3,14.54938093580627
1642,29.3,14.557305288979489
1643,29.3,14.574453450019053
1644,29.3,14.587912087912084
1645,29.3,14.674453450019055
1646,29.3,14.74649196956889
1647,29.3,14.749380935806265
1648,29.3,14.774453450019056
1649,29.5,14.787912087912087
1650,29.5,14.787912087912087
1651,29.5,14.835933900187293
1652,29.5,14.849380935806266
1653,29.5,14.908888999386736
1654,29.5,14.931977524737704
1655,29.5,14.931977524737704
1656,29.5,14.931977524737704
1657,29.5,14.934878093249129
1658,29.5,14.94938093580626
1659,29.5,15.049380935806262
1660,29.5,15.049380935806262
1661,29.5,15.04938093580627
1662,29.5,15.074453450019053
1663,29.5,15.108888999386735
1664,29.5,15.131977524737703
1665,29.5,15.149380935806263
1666,29.5,15.149380935806263
1667,29.5,15.149380935806263
1668,29.5,15.174453450019055
1669,29.5,15.235933900187291
1670,29.5,15.249380935806258
1671,29.5,15.249380935806265
1672,29.6,15.287912087912087
1673,29.6,15.331977524737706
1674,29.6,15.331977524737706
1675,29.6,15.44938093580626
1676,29.6,15.44938093580626
1677,29.6,15.457305288979494
1678,29.6,15.54649196956889
1679,29.6,15.54938093580627
1680,29.6,15.649380935806263
1681,29.6,15.649380935806263
1682,29.6,15.649380935806263
1683,29.6,15.649380935806263
1684,29.6,15.66033734993011
1685,29.6,15.689629224470853
1686,29.6,15.731977524737704
1687,29.6,15.731977524737704
1688,29.6,15.749380935806265
1689,29.6,15.774453450019056
1690,29.6,15.774453450019056
1691,29.6,15.774453450019056
1692,29.6,15.849380935806266
1693,29.6,15.849380935806266
1694,29.6,15.87445345001905
1695,29.6,15.908888999386733
1696,29.6,15.931977524737704
1697,31.3,15.931977524737707
1698,31.3,15.931977524737707
1699,31.3,16.008888999386734
1700,31.3,16.07445345001906
1701,31.3,16.131977524737703
1702,31.3,16.234878093249133
1703,31.3,16.274453450019056
1704,31.3,16.34649196956889
1705,31.3,16.349380935806266
1706,31.3,16.349380935806266
1707,31.3,16.349380935806266
1708,31.3,16.349380935806266
1709,31.3,16.349380935806266
1710,31.3,16.374453450019057
1711,31.3,16.408888999386733
1712,31.3,16.431977524737704
1713,31.3,16.44649196956889
1714,31.3,16.449380935806268
1715,31.3,16.465484892181724
1716,31.3,16.474453450019052
1717,31.3,16.488967894850248
1718,31.3,16.53487809324913
1719,31.5,16.574453450019053
1720,31.5,16.574453450019053
1721,31.5,16.574453450019053
1722,31.5,16.57445345001906
1723,31.5,16.587912087912084
1724,31.5,16.58896789485025
1725,31.5,16.646491969568892
1726,31.5,16.646491969568892
1727,31.5,16.649380935806263
1728,31.5,16.649380935806263
1729,31.5,16.674453450019055
1730,31.5,16.687912087912085
1731,31.5,16.731977524737704
1732,31.5,16.774453450019056
1733,31.5,16.774453450019056
1734,31.5,16.787912087912087
1735,31.5,16.787912087912087
1736,31.5,16.831977524737706
1737,31.5,16.834878093249127
1738,31.5,16.834878093249127
1739,31.5,16.84649196956889
1740,31.5,16.84649196956889
1741,31.5,16.846491969568895
1742,31.5,16.908888999386733
1743,31.5,16.908888999386733
1744,31.5,16.931977524737704
1745,31.5,16.935933900187294
1746,31.5,16.94938093580626
1747,31.5,17.03593390018729
1748,31.5,17.04649196956889
1749,31.5,17.0603373499301
1750,31.5,17.074453450019053
1751,31.5,17.131977524737707
1752,31.5,17.131977524737707
1753,31.5,17.208888999386737
1754,31.5,17.208888999386737
1755,31.5,17.234878093249126
1756,31.5,17.334878093249127
1757,31.5,17.349380935806266
1758,31.5,17.37445345001905
1759,31.5,17.374453450019057
1760,31.5,17.374453450019057
1761,31.5,17.378282200454148
1762,31.5,17.43487809324913
1763,31.5,17.43487809324913
1764,31.5,17.435933900187287
1765,31.5,17.446491969568893
1766,31.5,17.44938093580626
1767,31.5,17.44938093580626
1768,31.5,17.44938093580626
1769,31.5,17.47445345001906
1770,31.5,17.54938093580627
1771,31.5,17.54938093580627
1772,31.5,17.574453450019053
1773,31.5,17.608888999386735
1774,31.5,17.708888999386737
1775,31.5,17.734878093249133
1776,31.5,17.749380935806265
1777,31.5,17.774453450019056
1778,31.5,17.774453450019056
1779,31.5,17.774453450019056
1780,31.5,17.774453450019056
1781,31.5,17.787912087912087
1782,31.5,17.787912087912087
1783,31.5,17.80888899938673
1784,31.5,17.831977524737706
1785,31.5,17.84649196956889
1786,31.5,17.849380935806266
1787,31.5,17.849380935806266
1788,31.5,17.87445345001905
1789,31.5,17.87445345001905
1790,31.5,17.931977524737704
1791,31.5,17.93487809324913
1792,31.5,17.97445345001906
1793,31.5,17.97445345001906
1794,31.5,18.031977524737705
1795,31.5,18.04938093580627
1796,31.5,18.04938093580627
1797,31.5,18.074453450019053
1798,31.5,18.074453450019053
1799,31.5,18.149380935806263
1800,31.5,18.149380935806263
1801,31.5,18.149380935806263
1802,31.5,18.231977524737704
1803,31.5,18.249380935806258
1804,31.5,18.249380935806258
1805,31.5,18.249380935806258
1806,31.5,18.36654069911988
1807,31.5,18.374453450019057
1808,31.5,18.374453450019057
1809,31.5,18.38791208791208
1810,31.5,18.408888999386733
1811,31.5,18.408888999386733
1812,31.5,18.408888999386733
1813,31.5,18.408888999386733
1814,31.5,18.42181780009834
1815,31.5,18.431977524737704
1816,31.6,18.44938093580626
1817,31.6,18.44938093580626
1818,31.6,18.44938093580626
1819,31.6,18.449380935806268
1820,31.6,18.474453450019052
1821,31.6,18.47445345001906
1822,31.6,18.47445345001906
1823,31.6,18.574453450019053
1824,31.6,18.574453450019053
1825,31.6,18.574453450019053
1826,31.6,18.631977524737707
1827,31.6,18.63487809324913
1828,31.6,18.646491969568892
1829,31.6,18.649380935806263
1830,31.6,18.687912087912085
1831,31.6,18.731977524737704
1832,31.6,18.731977524737708
1833,32.0,18.734878093249126
1834,32.0,18.7573052889795
1835,32.0,18.834878093249127
1836,32.0,18.835933900187293
1837,32.0,18.849380935806266
1838,32.0,18.908888999386733
1839,32.0,18.93487809324913
1840,32.0,18.94938093580626
1841,32.0,18.97445345001906
1842,32.0,19.008888999386734
1843,32.0,19.03487809324913
1844,32.0,19.046491969568894
1845,32.0,19.049380935806262
1846,32.0,19.049380935806262
1847,32.0,19.074453450019053
1848,32.0,19.074453450019053
1849,32.0,19.149380935806263
1850,32.0,19.17445345001906
1851,32.0,19.249380935806265
1852,32.0,19.274453450019056
1853,34.1,19.274453450019056
1854,34.1,19.331977524737702
1855,34.1,19.331977524737702
1856,34.1,19.331977524737702
1857,34.1,19.53487809324913
1858,34.1,19.53593390018729
1859,34.1,19.549380935806262
1860,34.1,19.574453450019053
1861,34.1,19.608888999386735
1862,34.1,19.649380935806263
1863,34.1,19.649380935806263
1864,34.1,19.674453450019055
1865,34.1,19.674453450019055
1866,34.1,19.734878093249126
1867,34.1,19.734878093249126
1868,34.1,19.73593390018729
1869,34.300000000000004,19.73593390018729
1870,34.300000000000004,19.749380935806265
1871,34.300000000000004,19.787912087912087
1872,34.300000000000004,19.80888899938673
1873,34.300000000000004,19.80888899938674
1874,34.300000000000004,19.835933900187293
1875,34.300000000000004,19.87445345001905
1876,34.300000000000004,19.87445345001905
1877,34.300000000000004,19.87445345001905
1878,34.300000000000004,19.874453450019057
1879,34.300000000000004,19.874453450019057
1880,34.300000000000004,19.908888999386733
1881,34.300000000000004,19.93487809324913
1882,34.300000000000004,19.946491969568893
1883,34.300000000000004,19.949380935806268
1884,34.300000000000004,20.049380935806262
1885,34.300000000000004,20.049380935806262
1886,34.300000000000004,20.13487809324913
1887,34.300000000000004,20.187912087912085
1888,34.300000000000004,20.2319775247377
1889,34.300000000000004,20.249380935806265
1890,34.300000000000004,20.274453450019056
1891,34.300000000000004,20.274453450019056
1892,34.300000000000004,20.287912087912087
1893,34.300000000000004,20.291729236073117
1894,34.300000000000004,20.346491969568895
1895,34.300000000000004,20.349380935806266
1896,34.300000000000004,20.349380935806266
1897,34.300000000000004,20.349380935806266
1898,34.300000000000004,20.349380935806266
1899,34.300000000000004,20.38791208791208
1900,34.300000000000004,20.431977524737704
1901,34.300000000000004,20.435933900187294
1902,34.300000000000004,20.44938093580626
1903,34.300000000000004,20.531977524737705
1904,34.300000000000004,20.53593390018729
1905,34.300000000000004,20.549380935806262
1906,34.300000000000004,20.549380935806262
1907,34.300000000000004,20.549380935806262
1908,34.300000000000004,20.54938093580627
1909,34.300000000000004,20.574453450019053
1910,34.300000000000004,20.574453450019053
1911,34.300000000000004,20.631977524737707
1912,34.300000000000004,20.631977524737707
1913,34.300000000000004,20.63593390018729
1914,34.300000000000004,20.649380935806263
1915,34.300000000000004,20.666540699119878
1916,34.300000000000004,20.70888899938673
1917,34.300000000000004,20.749380935806258
1918,34.300000000000004,20.749380935806258
1919,34.300000000000004,20.774453450019056
1920,34.300000000000004,20.788967894850245
1921,34.300000000000004,20.831977524737702
1922,34.300000000000004,20.849380935806266
1923,34.300000000000004,20.849380935806266
1924,34.300000000000004,20.908888999386733
1925,34.300000000000004,20.931977524737704
1926,34.300000000000004,20.949380935806268
1927,34.300000000000004,21.008888999386734
1928,34.300000000000004,21.028415626605668
1929,34.300000000000004,21.031977524737705
1930,34.300000000000004,21.03487809324913
1931,34.300000000000004,21.03487809324913
1932,34.300000000000004,21.049125685777273
1933,34.300000000000004,21.04938093580627
1934,34.300000000000004,21.04938093580627
1935,34.300000000000004,21.04938093580627
1936,34.300000000000004,21.07445345001906
1937,34.300000000000004,21.077098768501486
1938,34.300000000000004,21.087912087912084
1939,34.300000000000004,21.131977524737707
1940,34.300000000000004,21.131977524737707
1941,34.300000000000004,21.13593390018729
1942,34.300000000000004,21.23593390018729
1943,34.300000000000004,21.249380935806265
1944,34.300000000000004,21.274453450019056
1945,34.300000000000004,21.3053271012547
1946,34.300000000000004,21.33197752473771
1947,34.300000000000004,21.334878093249134
1948,34.300000000000004,21.374453450019057
1949,34.300000000000004,21.38791208791209
1950,34.300000000000004,21.43487809324913
1951,34.300000000000004,21.43487809324913
1952,34.300000000000004,21.4603373499301
1953,34.300000000000004,21.460337349930107
1954,34.300000000000004,21.474453450019052
1955,34.300000000000004,21.47445345001906
1956,34.300000000000004,21.531977524737705
1957,34.300000000000004,21.54649196956889
1958,34.300000000000004,21.54649196956889
1959,34.300000000000004,21.546491969568894
1960,34.300000000000004,21.54938093580627
1961,34.300000000000004,21.54938093580627
1962,34.300000000000004,21.54938093580627
1963,34.300000000000004,21.631977524737707
1964,34.300000000000004,21.631977524737707
1965,34.300000000000004,21.649380935806263
1966,34.300000000000004,21.649380935806263
1967,34.300000000000004,21.649380935806263
1968,34.300000000000004,21.674453450019055
1969,34.300000000000004,21.749380935806265
1970,34.300000000000004,21.774453450019056
1971,34.300000000000004,21.849380935806266
1972,34.300000000000004,21.849380935806266
1973,34.300000000000004,21.849380935806266
1974,34.300000000000004,21.849380935806266
1975,34.300000000000004,21.849380935806266
1976,34.300000000000004,21.849380935806266
1977,34.300000000000004,21.87445345001905
1978,34.300000000000004,21.94938093580626
1979,34.300000000000004,21.94938093580626
1980,34.300000000000004,21.94938093580626
1981,34.300000000000004,22.049380935806255
1982,34.300000000000004,22.049380935806255
1983,34.300000000000004,22.074453450019053
1984,34.300000000000004,22.08791208791209
1985,34.4,22.13593390018729
1986,34.4,22.149380935806263
1987,34.4,22.187912087912093
1988,34.4,22.249380935806258
1989,34.4,22.249380935806258
1990,34.4,22.274453450019056
1991,34.4,22.287912087912087
1992,34.4,22.349380935806266
1993,34.4,22.349380935806266
1994,34.4,22.37445345001905
1995,34.4,22.38791208791208
1996,34.4,22.38791208791208
1997,34.4,22.47445345001906
1998,34.4,22.508888999386734
1999,34.4,22.508888999386734
2000,34.4,22.531977524737705
2001,34.4,22.531977524737705
2002,34.4,22.531977524737705
2003,34.4,22.631977524737707
2004,34.4,22.649380935806263
2005,34.4,22.649380935806263
2006,34.4,22.67445345001906
2007,34.4,22.749380935806258
2008,34.800000000000004,22.80888899938674
2009,34.800000000000004,22.80888899938674
2010,34.800000000000004,22.87445345001905
2011,34.800000000000004,22.88791208791208
2012,34.800000000000004,22.93487809324913
2013,34.800000000000004,23.05730528897949
2014,34.800000000000004,23.131977524737707
2015,34.800000000000004,23.174453450019055
2016,34.800000000000004,23.234878093249133
2017,34.800000000000004,23.249380935806272
2018,34.800000000000004,23.249380935806272
2019,34.800000000000004,23.249380935806272
2020,34.800000000000004,23.249380935806272
2021,34.800000000000004,23.287912087912087
2022,34.800000000000004,23.334878093249127
2023,34.800000000000004,23.349380935806266
2024,34.800000000000004,23.435933900187287
2025,34.800000000000004,23.44938093580626
2026,34.800000000000004,23.44938093580626
2027,34.800000000000004,23.44938093580626
2028,34.800000000000004,23.534878093249137
2029,34.800000000000004,23.549380935806255
2030,35.1,23.54938093580627
2031,35.1,23.54938093580627
2032,35.1,23.54938093580627
2033,35.1,23.5603373499301
2034,35.1,23.587912087912084
2035,35.1,23.631977524737707
2036,35.1,23.631977524737707
2037,35.1,23.674453450019055
2038,35.1,23.7319775247377
2039,35.1,23.774453450019056
2040,35.1,23.774453450019056
2041,35.1,23.849380935806266
2042,35.1,23.849380935806266
2043,35.1,23.874453450019057
2044,35.1,23.874453450019057
2045,35.1,24.031977524737705
2046,35.1,24.035933900187295
2047,35.1,24.049380935806255
2048,35.1,24.049380935806255
2049,35.1,24.04938093580627
2050,35.1,24.074453450019053
2051,35.1,24.13487809324913
2052,35.300000000000004,24.149380935806263
2053,35.300000000000004,24.249380935806272
2054,35.300000000000004,24.274453450019056
2055,35.300000000000004,24.349380935806266
2056,35.300000000000004,24.37445345001905
2057,35.300000000000004,24.374453450019057
2058,35.300000000000004,24.374453450019057
2059,35.300000000000004,24.38791208791209
2060,35.300000000000004,24.431977524737704
2061,35.300000000000004,24.435933900187287
2062,35.300000000000004,24.44938093580626
2063,35.300000000000004,24.459150050552758
2064,35.300000000000004,24.487912087912083
2065,35.300000000000004,24.531977524737705
2066,35.300000000000004,24.549380935806255
2067,35.300000000000004,24.549380935806255
2068,35.300000000000004,24.549380935806255
2069,35.300000000000004,24.549380935806255
2070,35.300000000000004,24.549380935806255
2071,35.300000000000004,24.549380935806255
2072,36.0,24.54938093580627
2073,36.0,24.63487809324913
2074,36.0,24.649380935806263
2075,36.0,24.67445345001906
2076,36.0,24.731977524737708
2077,36.0,24.749380935806272
2078,36.0,24.749380935806272
2079,36.0,24.749380935806272
2080,36.0,24.831977524737702
2081,36.0,24.849380935806266
2082,36.0,24.849380935806266
2083,36.0,24.849380935806266
2084,36.0,24.849380935806266
2085,36.0,25.010339283642445
2086,36.0,25.031977524737705
2087,36.0,25.04938093580627
2088,36.0,25.04938093580627
2089,36.0,25.04938093580627
2090,36.0,25.074453450019053
2091,36.0,25.087912087912084
2092,36.0,25.108888999386735
2093,36.0,25.131977524737707
2094,36.5,25.149380935806263
2095,36.5,25.17445345001906
2096,36.5,25.2319775247377
2097,36.5,25.249380935806258
2098,36.5,25.249380935806258
2099,36.5,25.349380935806266
2100,36.5,25.374453450019057
2101,36.5,25.408888999386733
2102,36.5,25.44938093580626
2103,36.5,25.44938093580626
2104,36.5,25.53487809324913
2105,36.5,25.574453450019053
2106,36.5,25.574453450019053
2107,36.5,25.574453450019053
2108,36.5,25.574453450019053
2109,36.5,25.631977524737707
2110,36.5,25.649380935806263
2111,36.5,25.649380935806263
2112,36.5,25.660337349930103
2113,36.5,25.7319775247377
2114,37.1,25.749380935806272
2115,37.1,25.774453450019056
2116,37.1,25.787912087912087
2117,37.1,25.83197752473771
2118,37.1,25.849380935806266
2119,37.1,25.849380935806266
2120,37.1,25.849380935806266
2121,37.1,25.849380935806266
2122,37.1,25.874453450019057
2123,37.1,25.874453450019057
2124,37.1,25.931977524737704
2125,37.1,25.97445345001906
2126,37.1,25.97445345001906
2127,37.1,25.98791208791209
2128,37.1,26.049380935806255
2129,37.1,26.049380935806255
2130,37.1,26.187912087912085
2131,37.1,26.30888899938674
2132,37.1,26.331977524737702
2133,37.1,26.349380935806266
2134,37.1,26.349380935806266
2135,37.4,26.349380935806266
2136,37.4,26.349380935806266
2137,37.4,26.349380935806266
2138,37.4,26.349380935806266
2139,37.4,26.37445345001905
2140,37.4,26.37445345001905
2141,37.4,26.474453450019052
2142,37.4,26.47828220045415
2143,37.4,26.53487809324913
2144,37.4,26.55915005055276
2145,37.4,26.574453450019053
2146,37.4,26.574453450019053
2147,37.4,26.62841562660567
2148,37.4,26.63593390018729
2149,37.4,26.649380935806263
2150,37.4,26.674453450019055
2151,37.4,26.674453450019055
2152,37.4,26.674453450019055
2153,37.4,26.674453450019055
2154,37.4,26.749380935806258
2155,37.4,26.749380935806258
2156,37.4,26.83197752473771
2157,37.4,26.834878093249134
2158,37.4,26.849380935806266
2159,37.4,26.849380935806266
2160,38.900000000000006,26.849380935806266
2161,38.900000000000006,26.849380935806266
2162,38.900000000000006,26.90559395355776
2163,38.900000000000006,26.94938093580626
2164,38.900000000000006,26.94938093580626
2165,38.900000000000006,26.94938093580626
2166,38.900000000000006,26.97445345001906
2167,38.900000000000006,27.03487809324913
2168,38.900000000000006,27.03487809324913
2169,38.900000000000006,27.049380935806255
2170,38.900000000000006,27.131977524737707
2171,38.900000000000006,27.149380935806263
2172,38.900000000000006,27.149380935806263
2173,38.900000000000006,27.174453450019055
2174,38.900000000000006,27.231977524737708
2175,38.900000000000006,27.249380935806272
2176,38.900000000000006,27.249380935806272
2177,38.900000000000006,27.249380935806272
2178,38.900000000000006,27.249380935806272
2179,38.900000000000006,27.274453450019056
2180,38.900000000000006,27.30888899938674
2181,38.900000000000006,27.349380935806266
2182,38.900000000000006,27.349380935806266
2183,39.0,27.349380935806266
2184,39.0,27.349380935806266
2185,39.0,27.43487809324913
2186,39.0,27.44938093580626
2187,39.0,27.47445345001906
2188,39.0,27.48791208791209
2189,39.0,27.531977524737705
2190,39.0,27.534878093249137
2191,39.0,27.54938093580627
2192,39.0,27.649380935806263
2193,39.0,27.674453450019055
2194,39.0,27.678282200454145
2195,39.0,27.687912087912085
2196,39.0,27.73593390018729
2197,39.0,27.787912087912087
2198,39.0,27.874453450019057
2199,39.0,27.883031397963524
2200,39.0,27.891729236073118
2201,39.0,27.93197752473771
2202,39.0,28.074453450019053
2203,39.0,28.074453450019053
2204,39.0,28.074453450019053
2205,39.0,28.131977524737707
2206,39.0,28.149380935806263
2207,39.0,28.149380935806263
2208,39.0,28.174453450019055
2209,39.0,28.174453450019055
2210,39.0,28.2319775247377
2211,39.0,28.246491969568893
2212,39.0,28.249380935806272
2213,39.0,28.249380935806272
2214,39.0,28.249380935806272
2215,39.0,28.249380935806272
2216,39.0,28.33197752473771
2217,39.0,28.346491969568895
2218,39.0,28.349380935806266
2219,39.0,28.374453450019057
2220,39.0,28.374453450019057
2221,39.0,28.405327101254702
2222,39.0,28.431977524737704
2223,41.800000000000004,28.44938093580626
2224,41.800000000000004,28.44938093580626
2225,41.800000000000004,28.44938093580626
2226,41.800000000000004,28.44938093580626
2227,41.800000000000004,28.44938093580626
2228,41.800000000000004,28.44938093580626
2229,41.800000000000004,28.53487809324913
2230,41.800000000000004,28.631977524737707
2231,41.800000000000004,28.649380935806263
2232,41.800000000000004,28.649380935806263
2233,41.800000000000004,28.731977524737708
2234,41.800000000000004,28.746491969568893
2235,41.800000000000004,28.760337349930104
2236,41.800000000000004,28.774453450019056
2237,41.800000000000004,28.862584323670294
2238,41.800000000000004,28.931977524737704
2239,41.800000000000004,28.97445345001906
2240,41.800000000000004,28.97445345001906
2241,41.800000000000004,29.04649196956889
2242,41.800000000000004,29.074453450019053
2243,41.800000000000004,29.091729236073107
2244,41.800000000000004,29.13487809324913
2245,41.800000000000004,29.13487809324913
2246,41.800000000000004,29.149380935806263
2247,41.800000000000004,29.174453450019055
2248,41.800000000000004,29.174453450019055
2249,41.800000000000004,29.17709876850148
2250,41.800000000000004,29.208888999386737
2251,41.800000000000004,29.231977524737708
2252,41.800000000000004,29.249380935806272
2253,41.800000000000004,29.249380935806272
2254,41.800000000000004,29.274453450019056
2255,41.800000000000004,29.274453450019056
2256,41.800000000000004,29.349380935806266
2257,41.800000000000004,29.349380935806266
2258,41.800000000000004,29.349380935806266
2259,41.800000000000004,29.37445345001905
2260,41.800000000000004,29.47445345001906
2261,41.800000000000004,29.574453450019053
2262,41.800000000000004,29.57445345001906
2263,41.800000000000004,29.631977524737707
2264,41.800000000000004,29.649380935806263
2265,41.800000000000004,29.67445345001906
2266,41.800000000000004,29.687912087912085
2267,41.800000000000004,29.749380935806258
2268,41.800000000000004,29.749380935806258
2269,41.800000000000004,29.749380935806258
2270,41.800000000000004,29.749380935806258
2271,41.800000000000004,29.749380935806258
2272,41.800000000000004,29.83197752473771
2273,41.800000000000004,29.83197752473771
2274,41.800000000000004,29.83197752473771
2275,41.800000000000004,29.846491969568895
2276,45.6,29.849380935806266
2277,45.6,29.87445345001905
2278,45.6,29.874453450019057
2279,45.6,29.88791208791208
2280,45.6,30.031977524737712
2281,45.6,30.04938093580627
2282,45.6,30.04938093580627
2283,45.6,30.074453450019053
2284,45.6,30.074453450019053
2285,45.6,30.074453450019053
2286,45.6,30.174453450019055
2287,45.6,30.249380935806272
2288,45.6,30.249380935806272
2289,45.6,30.331977524737702
2290,45.6,30.33197752473771
2291,45.6,30.33197752473771
2292,45.6,30.33197752473771
2293,45.6,30.346491969568888
2294,45.6,30.37445345001905
2295,45.6,30.37445345001905
2296,45.6,30.374453450019057
2297,45.6,30.374453450019057
2298,45.6,30.374453450019057
2299,45.6,30.408888999386733
2300,45.6,30.47445345001906
2301,45.6,30.47445345001906
2302,45.6,30.48791208791209
2303,45.6,30.48791208791209
2304,45.6,30.53487809324913
2305,45.6,30.57445345001906
2306,45.6,30.649380935806263
2307,45.6,30.67709876850148
2308,45.6,30.73593390018729
2309,45.6,30.749380935806272
2310,45.6,30.774453450019056
2311,45.6,30.831977524737702
2312,45.6,30.849380935806266
2313,45.6,30.849380935806266
2314,45.6,30.87445345001905
2315,45.6,30.94938093580626
2316,45.6,30.94938093580626
2317,45.6,30.94938093580626
2318,45.6,30.94938093580626
2319,45.6,30.94938093580626
2320,45.6,30.94938093580626
2321,45.6,30.94938093580626
2322,45.6,31.049380935806255
2323,45.6,31.049380935806255
2324,45.6,31.049380935806255
2325,45.6,31.04938093580627
2326,45.6,31.04938093580627
2327,45.6,31.074453450019053
2328,45.6,31.074453450019053
2329,45.6,31.149380935806278
2330,45.6,31.149380935806278
2331,45.6,31.149380935806278
2332,45.6,31.149380935806278
2333,45.6,31.174453450019055
2334,45.6,31.174453450019055
2335,45.6,31.17445345001906
2336,45.6,31.17445345001906
2337,45.6,31.17445345001906
2338,45.6,31.187912087912093
2339,45.6,31.220761993160174
2340,45.6,31.234878093249126
2341,45.6,31.249380935806272
2342,45.6,31.249380935806272
2343,45.6,31.249380935806272
2344,45.6,31.249380935806272
2345,45.6,31.249380935806272
2346,45.6,31.249380935806272
2347,45.6,31.346491969568888
2348,45.6,31.349380935806266
2349,46.1,31.374453450019057
2350,46.1,31.37709876850149
2351,46.1,31.408888999386733
2352,46.1,31.48791208791209
2353,46.1,31.531977524737705
2354,46.1,31.549380935806255
2355,46.1,31.549380935806255
2356,46.1,31.549380935806255
2357,46.1,31.54938093580627
2358,46.1,31.649125685777275
2359,46.1,31.674453450019055
2360,46.1,31.674453450019055
2361,46.1,31.687912087912093
2362,46.1,31.687912087912093
2363,46.1,31.73593390018729
2364,46.1,31.749380935806272
2365,46.1,31.749380935806272
2366,46.1,31.749380935806272
2367,46.1,31.774453450019056
2368,46.1,31.774453450019056
2369,46.1,31.774453450019056
2370,46.1,31.83197752473771
2371,46.1,31.83197752473771
2372,46.1,31.849380935806266
2373,46.1,31.859150050552763
2374,46.1,31.97445345001906
2375,46.1,32.034878093249134
2376,46.1,32.074453450019064
2377,46.1,32.074453450019064
2378,46.1,32.14938093580626
2379,46.1,32.14938093580626
2380,46.1,32.14938093580626
2381,46.1,32.174453450019044
2382,46.1,32.17445345001906
2383,46.1,32.187912087912096
2384,46.1,32.20888899938673
2385,46.1,32.2168017502859
2386,46.1,32.23593390018729
2387,46.1,32.27445345001905
2388,46.1,32.37445345001906
2389,46.1,32.37445345001906
2390,46.1,32.431977524737704
2391,46.1,32.534878093249134
2392,46.1,32.64938093580626
2393,46.1,32.64938093580626
2394,46.1,32.64938093580626
2395,46.1,32.67445345001906
2396,46.1,32.67445345001906
2397,46.1,32.67445345001906
2398,46.1,32.67445345001906
2399,46.1,32.73487809324914
2400,46.1,32.83197752473771
2401,46.1,32.87445345001906
2402,46.1,32.87445345001906
2403,46.1,32.87445345001906
2404,46.1,32.887912087912085
2405,46.1,33.14938093580626
2406,46.1,33.14938093580626
2407,46.1,33.17445345001906
2408,46.1,33.23197752473771
2409,46.1,33.23197752473771
2410,46.1,33.33197752473771
2411,46.1,33.349380935806266
2412,46.1,33.349380935806266
2413,46.1,33.349380935806266
2414,46.1,33.37445345001905
2415,46.1,33.431977524737704
2416,46.1,33.478282200454146
2417,46.1,33.508888999386734
2418,46.1,33.534878093249134
2419,46.1,33.549380935806255
2420,46.1,33.549380935806255
2421,46.1,33.549380935806255
2422,46.1,33.549380935806255
2423,46.1,33.57445345001905
2424,46.1,33.57828220045414
2425,46.1,33.64938093580626
2426,46.1,33.64938093580626
2427,46.1,33.67445345001906
2428,46.1,33.70888899938674
2429,46.1,33.77445345001905
2430,46.1,33.77445345001905
2431,46.1,33.77445345001905
2432,46.1,33.87445345001906
2433,46.1,33.87445345001906
2434,46.1,33.87445345001906
2435,46.1,33.94938093580626
2436,46.1,33.94938093580626
2437,46.1,33.94938093580626
2438,46.1,33.974453450019055
2439,46.1,33.974453450019055
2440,46.1,34.04938093580627
2441,46.1,34.04938093580627
2442,46.1,34.04938093580627
2443,46.1,34.04938093580627
2444,46.1,34.04938093580627
2445,46.1,34.04938093580627
2446,46.1,34.04938093580627
2447,46.1,34.08791208791209
2448,46.1,34.13197752473771
2449,46.1,34.13197752473771
2450,46.1,34.14938093580626
2451,46.1,34.14938093580626
2452,46.1,34.14938093580626
2453,46.1,34.17445345001906
2454,46.1,34.18791208791208
2455,46.1,34.20888899938674
2456,46.1,34.24938093580627
2457,46.1,34.24938093580627
2458,46.1,34.33197752473771
2459,46.1,34.43197752473771
2460,46.1,34.474453450019055
2461,46.1,34.474453450019055
2462,46.1,34.474453450019055
2463,46.1,34.478282200454146
2464,46.1,34.53197752473771
2465,46.1,34.534878093249134
2466,46.1,34.534878093249134
2467,46.1,34.54938093580627
2468,46.1,34.54938093580627
2469,46.1,34.54938093580627
2470,46.1,34.54938093580627
2471,46.1,34.54938093580627
2472,46.1,34.54938093580627
2473,46.1,34.63487809324913
2474,46.1,34.64938093580626
2475,46.1,34.64938093580626
2476,46.1,34.67445345001906
2477,46.1,34.67828220045415
2478,46.1,34.74938093580627
2479,46.1,34.74938093580627
2480,46.1,34.74938093580627
2481,46.1,34.74938093580627
2482,46.1,34.835933900187285
2483,46.1,34.849380935806266
2484,46.1,34.887912087912085
2485,46.1,34.934878093249125
2486,46.1,35.049380935806255
2487,46.1,35.049380935806255
2488,46.1,35.049380935806255
2489,46.1,35.049380935806255
2490,46.1,35.049380935806255
2491,46.1,35.049380935806255
2492,46.1,35.049380935806255
2493,46.1,35.049380935806255
2494,46.1,35.049380935806255
2495,46.1,35.049380935806255
2496,46.1,35.049380935806255
2497,46.1,35.07445345001905
2498,46.1,35.08791208791209
2499,46.1,35.108888999386735
2500,48.400000000000006,35.17445345001906
2501,48.400000000000006,35.24938093580627
2502,48.400000000000006,35.24938093580627
2503,48.400000000000006,35.33197752473771
2504,48.400000000000006,35.349380935806266
2505,48.400000000000006,35.349380935806266
2506,48.400000000000006,35.349380935806266
2507,48.400000000000006,35.431977524737704
2508,48.400000000000006,35.44938093580626
2509,48.400000000000006,35.48791208791209
2510,48.400000000000006,35.57445345001905
2511,48.400000000000006,35.58791208791209
2512,48.400000000000006,35.63487809324913
2513,48.400000000000006,35.64938093580626
2514,48.400000000000006,35.64938093580626
2515,48.400000000000006,35.64938093580626
2516,48.400000000000006,35.64938093580626
2517,48.400000000000006,35.64938093580626
2518,48.400000000000006,35.70888899938674
2519,48.400000000000006,35.84649196956889
2520,48.400000000000006,35.87445345001906
2521,48.400000000000006,35.90888899938673
2522,48.400000000000006,35.934878093249125
2523,48.400000000000006,35.94938093580626
2524,48.400000000000006,35.94938093580626
2525,48.400000000000006,35.94938093580626
2526,48.400000000000006,35.96654069911988
2527,48.400000000000006,35.974453450019055
2528,48.400000000000006,35.974453450019055
2529,48.400000000000006,36.031977524737705
2530,48.400000000000006,36.049380935806255
2531,48.400000000000006,36.049380935806255
2532,48.400000000000006,36.049380935806255
2533,48.400000000000006,36.04938093580627
2534,48.400000000000006,36.04938093580627
2535,48.400000000000006,36.04938093580627
2536,48.400000000000006,36.12076199316018
2537,48.400000000000006,36.13197752473771
2538,48.400000000000006,36.13197752473771
2539,48.400000000000006,36.13593390018729
2540,48.400000000000006,36.2319775247377
2541,48.400000000000006,36.24938093580627
2542,48.400000000000006,36.27445345001905
2543,48.400000000000006,36.27445345001905
2544,48.400000000000006,36.349380935806266
2545,48.400000000000006,36.349380935806266
2546,48.400000000000006,36.37445345001905
2547,48.400000000000006,36.37445345001905
2548,48.400000000000006,36.44938093580626
2549,48.400000000000006,36.44938093580626
2550,48.400000000000006,36.44938093580626
2551,48.400000000000006,36.48791208791209
2552,48.400000000000006,36.549380935806255
2553,48.400000000000006,36.549380935806255
2554,48.400000000000006,36.549380935806255
2555,48.400000000000006,36.57445345001905
2556,48.400000000000006,36.64938093580626
2557,48.400000000000006,36.64938093580626
2558,48.400000000000006,36.64938093580626
2559,48.400000000000006,36.64938093580626
2560,48.400000000000006,36.67445345001906
2561,48.6,36.87445345001906
2562,48.6,36.887912087912085
2563,48.6,36.891868463361675
2564,48.6,36.974453450019055
2565,48.6,36.98791208791209
2566,48.6,37.07445345001905
2567,48.6,37.12181780009834
2568,48.6,37.13487809324913
2569,48.6,37.13593390018729
2570,48.6,37.14938093580626
2571,48.6,37.14938093580626
2572,48.6,37.14938093580626
2573,48.6,37.14938093580626
2574,48.6,37.14938093580626
2575,48.6,37.27445345001905
2576,48.6,37.27445345001905
2577,48.6,37.431977524737704
2578,48.6,37.474453450019055
2579,48.6,37.474453450019055
2580,48.6,37.474453450019055
2581,48.6,37.474453450019055
2582,48.6,37.531977524737705
2583,48.6,37.63197752473771
2584,48.6,37.68896789485025
2585,48.6,37.70888899938674
2586,48.6,37.77445345001905
2587,48.6,37.78791208791209
2588,48.6,37.83197752473771
2589,48.6,37.83593390018729
2590,48.6,37.849380935806266
2591,48.6,37.849380935806266
2592,48.6,37.849380935806266
2593,48.6,37.849380935806266
2594,48.6,37.849380935806266
2595,48.6,37.849380935806266
2596,48.6,37.849380935806266
2597,48.6,37.849380935806266
2598,48.6,37.849380935806266
2599,48.6,37.849380935806266
2600,48.6,37.849380935806266
2601,48.6,37.87445345001906
2602,48.6,37.87445345001906
2603,48.6,37.90888899938673
2604,48.6,37.98896789485025
2605,48.6,38.13487809324913
2606,48.6,38.14938093580626
2607,48.6,38.14938093580626
2608,48.6,38.23197752473771
2609,48.6,38.24938093580627
2610,48.6,38.28791208791209
2611,48.6,38.33487809324913
2612,50.5,38.349380935806266
2613,50.5,38.349380935806266
2614,50.5,38.349380935806266
2615,50.5,38.44938093580626
2616,50.5,38.474453450019055
2617,50.5,38.474453450019055
2618,50.5,38.531977524737705
2619,50.5,38.54649196956889
2620,50.5,38.549380935806255
2621,50.5,38.549380935806255
2622,50.5,38.549380935806255
2623,50.5,38.54938093580627
2624,50.5,38.54938093580627
2625,50.5,38.574453450019064
2626,50.5,38.64938093580626
2627,50.5,38.67445345001906
2628,50.5,38.67445345001906
2629,50.5,38.67445345001906
2630,50.5,38.70888899938674
2631,50.5,38.77445345001905
2632,50.5,38.77445345001905
2633,50.5,38.77445345001905
2634,50.5,38.849380935806266
2635,50.5,38.974453450019055
2636,50.5,38.974453450019055
2637,50.5,39.02076199316017
2638,50.5,39.03487809324912
2639,50.5,39.04938093580627
2640,50.5,39.04938093580627
2641,50.5,39.13197752473771
2642,50.5,39.13487809324913
2643,50.5,39.14938093580626
2644,50.5,39.14938093580626
2645,50.5,39.17445345001906
2646,50.5,39.17445345001906
2647,50.5,39.17828220045415
2648,50.5,39.24938093580627
2649,50.5,39.24938093580627
2650,50.5,39.24938093580627
2651,50.5,39.33197752473771
2652,50.5,39.349380935806266
2653,50.5,39.37445345001906
2654,51.1,39.534878093249134
2655,51.1,39.54938093580627
2656,51.1,39.54938093580627
2657,51.1,39.574453450019064
2658,51.1,39.608888999386735
2659,51.1,39.67445345001906
2660,51.1,39.73197752473771
2661,51.1,39.78791208791209
2662,51.1,39.78791208791209
2663,51.1,39.87445345001906
2664,51.1,39.87445345001906
2665,51.1,39.887912087912085
2666,51.1,39.887912087912085
2667,51.1,39.94938093580626
2668,51.1,39.94938093580626
2669,51.1,39.98791208791209
2670,51.1,40.031977524737705
2671,51.1,40.049380935806255
2672,51.1,40.049380935806255
2673,51.1,40.04938093580627
2674,51.1,40.04938093580627
2675,51.1,40.04938093580627
2676,51.1,40.11604760247292
2677,51.1,40.1359339001873
2678,51.1,40.174453450019044
2679,51.1,40.23487809324914
2680,51.1,40.27445345001905
2681,51.1,40.27445345001905
2682,51.1,40.349380935806266
2683,51.1,40.349380935806266
2684,51.1,40.349380935806266
2685,51.1,40.349380935806266
2686,51.1,40.349380935806266
2687,51.1,40.349380935806266
2688,51.1,40.349380935806266
2689,51.1,40.349380935806266
2690,51.1,40.349380935806266
2691,51.1,40.36086718711153
2692,51.1,40.37445345001905
2693,51.1,40.37445345001906
2694,51.1,40.431977524737704
2695,51.1,40.44938093580626
2696,51.1,40.44938093580626
2697,51.1,40.48791208791209
2698,51.1,40.534878093249134
2699,51.1,40.549380935806255
2700,51.1,40.549380935806255
2701,51.1,40.64938093580626
2702,51.1,40.64938093580626
2703,51.1,40.64938093580626
2704,51.1,40.64938093580628
2705,51.1,40.68303139796352
2706,51.1,40.74938093580627
2707,51.1,40.80888899938674
2708,51.1,40.849380935806266
2709,51.1,40.849380935806266
2710,51.1,40.849380935806266
2711,51.1,40.849380935806266
2712,51.1,40.887912087912085
2713,51.1,40.974453450019055
2714,51.1,41.008888999386734
2715,51.1,41.008888999386734
2716,51.1,41.031977524737705
2717,51.1,41.08791208791209
2718,51.1,41.108888999386735
2719,51.1,41.13197752473771
2720,51.1,41.13197752473771
2721,51.1,41.14938093580626
2722,51.1,41.20888899938673
2723,51.1,41.23197752473771
2724,51.1,41.37445345001906
2725,51.1,41.37445345001906
2726,51.1,41.44938093580626
2727,51.1,41.44938093580626
2728,51.1,41.44938093580626
2729,51.1,41.44938093580626
2730,51.1,41.57445345001905
2731,51.1,41.674453450019044
2732,51.1,41.674453450019044
2733,51.1,41.674453450019044
2734,51.1,41.674453450019044
2735,51.1,41.67445345001906
2736,51.1,41.67445345001906
2737,51.1,41.70888899938674
2738,51.1,41.72076199316018
2739,51.1,41.72841562660568
2740,51.1,41.80506024895165
2741,51.1,41.87445345001906
2742,51.1,41.931977524737704
2743,51.1,41.974453450019055
2744,51.1,42.031977524737705
2745,51.1,42.031977524737705
2746,51.1,42.04938093580627
2747,51.1,42.04938093580627
2748,51.1,42.13197752473771
2749,51.1,42.14938093580628
2750,51.1,42.14938093580628
2751,51.1,42.14938093580628
2752,51.1,42.27445345001905
2753,51.1,42.28791208791209
2754,51.1,42.28791208791209
2755,51.1,42.37445345001906
2756,51.1,42.44938093580626
2757,51.1,42.44938093580626
2758,51.1,42.44938093580626
2759,51.1,42.57445345001905
2760,51.1,42.58791208791209
2761,51.1,42.58791208791209
2762,51.1,42.63197752473771
2763,51.1,42.6464919695689
2764,51.1,42.674453450019044
2765,51.1,42.73197752473771
2766,51.1,42.74938093580627
2767,51.1,42.74938093580627
2768,51.1,42.74938093580627
2769,51.1,42.74938093580627
2770,51.1,42.74938093580627
2771,51.1,42.74938093580627
2772,51.1,42.77445345001905
2773,51.1,42.887912087912085
2774,51.1,42.90888899938673
2775,51.1,42.94938093580626
2776,51.1,43.02841562660568
2777,51.1,43.04938093580627
2778,51.1,43.13487809324913
2779,51.1,43.14938093580626
2780,51.1,43.14938093580626
2781,51.1,43.14938093580626
2782,51.1,43.14938093580626
2783,51.1,43.14938093580626
2784,51.1,43.17445345001906
2785,51.1,43.17445345001906
2786,51.1,43.17445345001906
2787,51.1,43.23487809324912
2788,51.1,43.27445345001905
2789,51.1,43.387912087912085
2790,51.1,43.44938093580626
2791,51.1,43.44938093580626
2792,51.1,43.44938093580626
2793,51.1,43.44938093580626
2794,51.1,43.44938093580626
2795,51.1,43.449380935806275
2796,51.1,43.474453450019055
2797,51.1,43.57445345001905
2798,51.1,43.63487809324913
2799,51.1,43.68791208791208
2800,51.1,43.74938093580627
2801,51.1,43.74938093580627
2802,51.1,43.77445345001905
2803,51.1,43.78791208791209
2804,51.1,43.83487809324913
2805,51.1,43.849380935806266
2806,51.1,43.849380935806266
2807,51.1,43.849380935806266
2808,51.1,43.849380935806266
2809,51.1,43.849380935806266
2810,51.1,43.849380935806266
2811,51.1,43.849380935806266
2812,51.1,43.87445345001906
2813,51.1,43.87445345001906
2814,51.1,43.887912087912085
2815,51.1,43.887912087912085
2816,51.1,43.94938093580626
2817,51.1,43.94938093580626
2818,51.1,44.04938093580627
2819,51.1,44.04938093580627
2820,51.1,44.13197752473771
2821,51.1,44.14938093580626
2822,51.1,44.174453450019044
2823,51.1,44.24938093580627
2824,51.1,44.31604760247292
2825,51.1,44.349380935806266
2826,51.1,44.349380935806266
2827,51.1,44.349380935806266
2828,51.1,44.54938093580627
2829,51.1,44.61604760247292
2830,51.1,44.67445345001906
2831,51.1,44.73197752473771
2832,51.1,44.74938093580627
2833,51.1,44.759150050552755
2834,51.1,44.8319775247377
2835,51.1,44.8603373499301
2836,51.1,45.049380935806255
2837,51.1,45.049380935806255
2838,51.1,45.049380935806255
2839,51.1,45.08791208791209
2840,51.1,45.174453450019044
2841,51.1,45.174453450019044
2842,51.1,45.174453450019044
2843,51.1,45.187912087912096
2844,51.1,45.2319775247377
2845,51.1,45.2319775247377
2846,51.1,45.34490245802462
2847,51.1,45.36033734993011
2848,51.1,45.37445345001906
2849,51.1,45.37445345001906
2850,51.1,45.37445345001906
2851,51.1,45.37445345001906
2852,51.1,45.387912087912085
2853,51.1,45.416047602472915
2854,57.900000000000006,45.416047602472915
2855,57.900000000000006,45.534878093249134
2856,57.900000000000006,45.549380935806255
2857,57.900000000000006,45.549380935806255
2858,57.900000000000006,45.549380935806255
2859,57.900000000000006,45.54938093580627
2860,57.900000000000006,45.54938093580627
2861,57.900000000000006,45.54938093580627
2862,57.900000000000006,45.54938093580627
2863,57.900000000000006,45.54938093580627
2864,57.900000000000006,45.57445345001905
2865,57.900000000000006,45.73197752473771
2866,57.900000000000006,45.73487809324912
2867,57.900000000000006,45.74938093580627
2868,57.900000000000006,45.74938093580627
2869,57.900000000000006,45.74938093580627
2870,57.900000000000006,45.77445345001905
2871,57.900000000000006,45.83487809324913
2872,57.900000000000006,45.849380935806266
2873,57.900000000000006,45.849380935806266
2874,57.900000000000006,45.849380935806266
2875,57.900000000000006,45.849380935806266
2876,57.900000000000006,45.849380935806266
2877,57.900000000000006,45.849380935806266
2878,57.900000000000006,45.849380935806266
2879,57.900000000000006,45.849380935806266
2880,57.900000000000006,45.849380935806266
2881,57.900000000000006,45.849380935806266
2882,57.900000000000006,45.94938093580626
2883,57.900000000000006,45.974453450019055
2884,57.900000000000006,45.974453450019055
2885,57.900000000000006,46.031977524737705
2886,57.900000000000006,46.07445345001905
2887,57.900000000000006,46.07445345001905
2888,57.900000000000006,46.074453450019064
2889,57.900000000000006,46.14938093580626
2890,57.900000000000006,46.14938093580626
2891,57.900000000000006,46.23593390018729
2892,57.900000000000006,46.260337349930104
2893,57.900000000000006,46.27445345001905
2894,57.900000000000006,46.27445345001905
2895,57.900000000000006,46.44938093580626
2896,57.900000000000006,46.474453450019055
2897,57.900000000000006,46.474453450019055
2898,57.900000000000006,46.474453450019055
2899,57.900000000000006,46.48791208791209
2900,57.900000000000006,46.531977524737705
2901,57.900000000000006,46.535933900187295
2902,57.900000000000006,46.63487809324913
2903,57.900000000000006,46.74938093580627
2904,57.900000000000006,46.74938093580627
2905,57.900000000000006,46.77445345001905
2906,57.900000000000006,46.77445345001905
2907,57.900000000000006,46.78791208791209
2908,57.900000000000006,46.80888899938674
2909,57.900000000000006,46.83487809324913
2910,57.900000000000006,46.835933900187285
2911,57.900000000000006,46.846491969568895
2912,57.900000000000006,46.849380935806266
2913,57.900000000000006,46.935933900187294
2914,57.900000000000006,47.13487809324913
2915,57.900000000000006,47.174453450019044
2916,57.900000000000006,47.20888899938674
2917,57.900000000000006,47.349380935806266
2918,57.900000000000006,47.349380935806266
2919,57.900000000000006,47.349380935806266
2920,57.900000000000006,47.349380935806266
2921,57.900000000000006,47.349380935806266
2922,57.900000000000006,47.349380935806266
2923,57.900000000000006,47.349380935806266
2924,57.900000000000006,47.3879120879121
2925,57.900000000000006,47.431977524737704
2926,57.900000000000006,47.474453450019055
2927,57.900000000000006,47.474453450019055
2928,57.900000000000006,47.50888899938674
2929,57.900000000000006,47.54938093580627
2930,58.300000000000004,47.54938093580627
2931,58.300000000000004,47.54938093580627
2932,58.300000000000004,47.54938093580627
2933,58.300000000000004,47.54938093580627
2934,58.300000000000004,47.58303139796352
2935,58.300000000000004,47.61667412527141
2936,58.300000000000004,47.63487809324913
2937,58.300000000000004,47.73197752473771
2938,58.300000000000004,47.74938093580627
2939,58.300000000000004,47.74938093580627
2940,58.300000000000004,47.849380935806266
2941,58.300000000000004,47.849380935806266
2942,58.300000000000004,47.87445345001905
2943,58.300000000000004,47.8879120879121
2944,58.300000000000004,47.93197752473771
2945,58.300000000000004,47.94938093580626
2946,58.300000000000004,47.94938093580626
2947,58.300000000000004,47.94938093580626
2948,58.300000000000004,47.974453450019055
2949,58.300000000000004,47.99172923607311
2950,58.300000000000004,48.049380935806255
2951,58.300000000000004,48.049380935806255
2952,58.300000000000004,48.049380935806255
2953,58.300000000000004,48.11604760247292
2954,58.300000000000004,48.11604760247292
2955,58.300000000000004,48.24938093580627
2956,58.300000000000004,48.28791208791209
2957,58.300000000000004,48.3879120879121
2958,58.300000000000004,48.53593390018729
2959,58.300000000000004,48.63197752473771
2960,58.300000000000004,48.63197752473771
2961,58.300000000000004,48.68791208791208
2962,58.300000000000004,48.74649196956889
2963,58.300000000000004,48.74938093580627
2964,58.300000000000004,48.74938093580627
2965,58.300000000000004,48.83197752473771
2966,58.300000000000004,48.849380935806266
2967,58.300000000000004,48.87445345001906
2968,58.300000000000004,48.8879120879121
2969,58.300000000000004,48.91604760247293
2970,58.300000000000004,48.98791208791209
2971,58.300000000000004,49.07445345001905
2972,58.300000000000004,49.07445345001905
2973,58.300000000000004,49.13197752473771
2974,58.300000000000004,49.37445345001906
2975,58.300000000000004,49.37445345001906
2976,58.300000000000004,49.37445345001906
2977,58.300000000000004,49.474453450019055
2978,58.300000000000004,49.474453450019055
2979,58.300000000000004,49.474453450019055
2980,58.300000000000004,49.64938093580626
2981,58.300000000000004,49.64938093580626
2982,58.300000000000004,49.64938093580626
2983,58.300000000000004,49.64938093580626
2984,58.300000000000004,49.64938093580626
2985,58.300000000000004,49.64938093580626
2986,58.300000000000004,49.64938093580626
2987,58.300000000000004,49.64938093580626
2988,58.300000000000004,49.674453450019044
2989,58.300000000000004,49.67445345001906
2990,58.300000000000004,49.67445345001906
2991,58.300000000000004,49.73197752473771
2992,58.300000000000004,49.73487809324914
2993,58.300000000000004,49.74938093580626
2994,58.300000000000004,49.74938093580627
2995,58.300000000000004,49.74938093580627
2996,58.300000000000004,49.74938093580627
2997,58.300000000000004,49.74938093580627
2998,58.300000000000004,49.90506024895164
2999,58.300000000000004,49.94938093580626
3000,58.300000000000004,49.94938093580626
3001,58.300000000000004,49.94938093580626
3002,58.300000000000004,50.00888899938673
3003,58.300000000000004,50.01604760247292
3004,58.300000000000004,50.14938093580628
3005,58.300000000000004,50.14938093580628
3006,58.300000000000004,50.14938093580628
3007,58.300000000000004,50.14938093580628
3008,58.300000000000004,50.24938093580627
3009,58.300000000000004,50.349380935806266
3010,58.300000000000004,50.349380935806266
3011,58.300000000000004,50.349380935806266
3012,58.300000000000004,50.349380935806266
3013,58.300000000000004,50.349380935806266
3014,58.300000000000004,50.349380935806266
3015,58.300000000000004,50.48791208791209
3016,58.300000000000004,50.63197752473771
3017,58.300000000000004,50.63197752473771
3018,58.300000000000004,50.63197752473771
3019,58.300000000000004,50.64938093580626
3020,58.300000000000004,50.64938093580626
3021,58.300000000000004,50.64938093580626
3022,58.300000000000004,50.64938093580626
3023,58.300000000000004,50.64938093580626
3024,58.300000000000004,50.760337349930104
3025,58.300000000000004,50.849380935806266
3026,58.300000000000004,50.849380935806266
3027,58.300000000000004,50.849380935806266
3028,58.300000000000004,50.849380935806266
3029,58.300000000000004,50.849380935806266
3030,58.300000000000004,50.849380935806266
3031,58.300000000000004,50.849380935806266
3032,58.300000000000004,51.00888899938674
3033,58.300000000000004,51.04938093580627
3034,58.300000000000004,51.04938093580627
3035,58.300000000000004,51.04938093580627
3036,58.300000000000004,51.04938093580627
3037,58.300000000000004,51.066540699119884
3038,58.300000000000004,51.08791208791209
3039,58.300000000000004,51.23593390018729
3040,58.300000000000004,51.335933900187285
3041,58.300000000000004,51.349380935806266
3042,58.300000000000004,51.349380935806266
3043,58.300000000000004,51.3879120879121
3044,58.300000000000004,51.431977524737704
3045,58.300000000000004,51.54938093580627
3046,58.300000000000004,51.54938093580627
3047,58.300000000000004,51.54938093580627
3048,58.300000000000004,51.54938093580627
3049,58.300000000000004,51.73197752473771
3050,58.300000000000004,51.73487809324912
3051,58.300000000000004,51.74938093580626
3052,58.300000000000004,51.74938093580626
3053,58.300000000000004,51.74938093580626
3054,58.300000000000004,51.83487809324913
3055,58.300000000000004,51.934878093249125
3056,58.300000000000004,52.231977524737715
3057,58.300000000000004,52.24938093580627
3058,58.300000000000004,52.24938093580627
3059,58.300000000000004,52.24938093580627
3060,58.300000000000004,52.44938093580626
3061,58.300000000000004,52.44938093580626
3062,58.300000000000004,52.58791208791209
3063,58.300000000000004,52.63197752473771
3064,58.300000000000004,52.63487809324913
3065,58.300000000000004,52.64938093580626
3066,58.300000000000004,52.64938093580626
3067,58.300000000000004,52.64938093580626
3068,58.300000000000004,52.67445345001906
3069,58.300000000000004,52.67445345001906
3070,58.300000000000004,52.67445345001906
3071,58.300000000000004,52.74938093580627
3072,58.300000000000004,52.78791208791209
3073,58.300000000000004,52.87445345001906
3074,58.300000000000004,52.934878093249125
3075,58.300000000000004,52.96548489218172
3076,58.300000000000004,53.01604760247292
3077,58.300000000000004,53.231977524737715
3078,58.300000000000004,53.24938093580627
3079,58.300000000000004,53.24938093580627
3080,58.300000000000004,53.24938093580627
3081,58.300000000000004,53.349380935806266
3082,58.300000000000004,53.349380935806266
3083,58.300000000000004,53.349380935806266
3084,58.300000000000004,53.349380935806266
3085,58.300000000000004,53.37445345001906
3086,58.300000000000004,53.37445345001906
3087,58.300000000000004,53.434878093249125
3088,58.300000000000004,53.549380935806255
3089,58.300000000000004,53.549380935806255
3090,58.300000000000004,53.61604760247292
3091,58.300000000000004,53.64938093580626
3092,58.300000000000004,53.64938093580626
3093,58.300000000000004,53.64938093580626
3094,58.300000000000004,53.64938093580626
3095,58.300000000000004,53.64938093580626
3096,58.300000000000004,53.64938093580626
3097,58.300000000000004,53.64938093580626
3098,58.300000000000004,53.64938093580626
3099,58.300000000000004,53.64938093580626
3100,58.300000000000004,53.64938093580626
3101,58.300000000000004,53.74938093580627
3102,58.300000000000004,53.77445345001905
3103,58.300000000000004,53.81604760247292
3104,58.300000000000004,54.01604760247292
3105,58.300000000000004,54.03197752473771
3106,58.300000000000004,54.108888999386735
3107,58.300000000000004,54.11604760247292
3108,58.300000000000004,54.13197752473771
3109,58.300000000000004,54.231977524737715
3110,58.300000000000004,54.24938093580627
3111,58.300000000000004,54.24938093580627
3112,58.300000000000004,54.24938093580627
3113,58.300000000000004,54.24938093580627
3114,58.300000000000004,54.33197752473771
3115,58.300000000000004,54.549380935806255
3116,58.300000000000004,54.549380935806255
3117,58.300000000000004,54.549380935806255
3118,58.300000000000004,54.549380935806255
3119,58.300000000000004,54.61604760247292
3120,58.300000000000004,54.64938093580626
3121,58.300000000000004,54.64938093580626
3122,58.300000000000004,54.64938093580626
3123,58.300000000000004,54.64938093580626
3124,58.300000000000004,54.64938093580626
3125,58.300000000000004,54.64938093580626
3126,58.300000000000004,54.78791208791209
3127,58.300000000000004,55.13197752473771
3128,58.300000000000004,55.14938093580628
3129,58.300000000000004,55.14938093580628
3130,58.300000000000004,55.14938093580628
3131,58.300000000000004,55.18791208791208
3132,58.300000000000004,55.23487809324914
3133,58.300000000000004,55.24938093580627
3134,58.300000000000004,55.24938093580627
3135,58.300000000000004,55.24938093580627
3136,58.300000000000004,55.24938093580627
3137,58.300000000000004,55.24938093580627
3138,58.300000000000004,55.27445345001905
3139,58.300000000000004,55.27445345001905
3140,58.300000000000004,55.27445345001905
3141,58.300000000000004,55.446491969568896
3142,58.300000000000004,55.64938093580628
3143,58.300000000000004,55.74938093580626
3144,58.300000000000004,55.74938093580626
3145,58.300000000000004,55.760867187111536
3146,58.300000000000004,55.808227669766126
3147,58.300000000000004,55.83197752473771
3148,58.300000000000004,55.974453450019055
3149,58.300000000000004,56.03487809324912
3150,58.300000000000004,56.04938093580627
3151,58.300000000000004,56.04938093580627
3152,58.300000000000004,56.14938093580626
3153,58.300000000000004,56.14938093580626
3154,58.300000000000004,56.27445345001905
3155,58.300000000000004,56.28791208791209
3156,58.300000000000004,56.365484892181726
3157,58.300000000000004,56.37445345001906
3158,58.300000000000004,56.37445345001906
3159,58.300000000000004,56.37445345001906
3160,58.300000000000004,56.44938093580626
3161,58.300000000000004,56.44938093580626
3162,58.300000000000004,56.44938093580626
3163,58.300000000000004,56.44938093580626
3164,58.300000000000004,56.474453450019055
3165,58.300000000000004,56.474453450019055
3166,58.300000000000004,56.57445345001905
3167,58.300000000000004,56.674453450019044
3168,58.300000000000004,56.78791208791209
3169,58.300000000000004,56.83197752473771
3170,58.300000000000004,56.949380935806275
3171,58.300000000000004,57.01604760247292
3172,58.300000000000004,57.0319775247377
3173,58.300000000000004,57.10888899938675
3174,58.300000000000004,57.10888899938675
3175,58.300000000000004,57.17445345001906
3176,58.300000000000004,57.231977524737715
3177,58.300000000000004,57.24938093580627
3178,58.300000000000004,57.24938093580627
3179,58.300000000000004,57.37445345001906
3180,58.300000000000004,57.444902458024615
3181,58.300000000000004,57.44938093580626
3182,58.300000000000004,57.44938093580626
3183,58.300000000000004,57.44938093580626
3184,58.300000000000004,57.44938093580626
3185,58.300000000000004,57.474453450019055
3186,58.300000000000004,57.549380935806255
3187,58.300000000000004,57.54938093580627
3188,58.300000000000004,57.54938093580627
3189,58.300000000000004,57.54938093580627
3190,58.300000000000004,57.54938093580627
3191,58.300000000000004,57.54938093580627
3192,58.300000000000004,57.54938093580627
3193,58.300000000000004,57.63197752473771
3194,58.300000000000004,57.64938093580626
3195,58.300000000000004,57.64938093580626
3196,58.300000000000004,57.64938093580626
3197,58.300000000000004,57.64938093580626
3198,58.300000000000004,57.708888999386744
3199,58.300000000000004,57.716047602472926
3200,58.300000000000004,57.93197752473772
3201,58.300000000000004,58.04938093580627
3202,58.300000000000004,58.04938093580627
3203,58.300000000000004,58.04938093580627
3204,58.300000000000004,58.04938093580627
3205,58.300000000000004,58.04938093580627
3206,58.300000000000004,58.04938093580627
3207,58.300000000000004,58.04938093580627
3208,58.300000000000004,58.04938093580627
3209,58.300000000000004,58.04938093580627
3210,58.300000000000004,58.04938093580627
3211,58.300000000000004,58.04938093580627
3212,58.300000000000004,58.07445345001905
3213,58.300000000000004,58.17445345001906
3214,58.300000000000004,58.17445345001906
3215,58.300000000000004,58.17445345001906
3216,58.300000000000004,58.231977524737715
3217,58.300000000000004,58.449380935806275
3218,58.300000000000004,58.474453450019055
3219,58.300000000000004,58.51604760247292
3220,58.300000000000004,58.57445345001905
3221,58.300000000000004,58.57445345001905
3222,58.300000000000004,58.57445345001905
3223,58.300000000000004,58.64938093580628
3224,58.300000000000004,58.64938093580628
3225,58.300000000000004,58.64938093580628
3226,58.300000000000004,58.674453450019044
3227,58.300000000000004,58.687912087912096
3228,58.300000000000004,58.687912087912096
3229,58.300000000000004,58.687912087912096
3230,58.300000000000004,58.731977524737715
3231,58.300000000000004,58.74938093580626
3232,58.300000000000004,58.74938093580626
3233,58.300000000000004,58.74938093580626
3234,58.300000000000004,58.74938093580626
3235,58.300000000000004,58.77445345001907
3236,58.300000000000004,58.79172923607311
3237,58.300000000000004,58.974453450019055
3238,58.300000000000004,58.974453450019055
3239,58.300000000000004,59.18791208791208
3240,58.300000000000004,59.18791208791208
3241,58.300000000000004,59.24938093580627
3242,58.300000000000004,59.27445345001905
3243,58.300000000000004,59.31604760247292
3244,58.300000000000004,59.349380935806266
3245,58.300000000000004,59.349380935806266
3246,58.300000000000004,59.349380935806266
3247,58.300000000000004,59.3879120879121
3248,58.300000000000004,59.41604760247293
3249,58.300000000000004,59.449380935806275
3250,58.300000000000004,59.51604760247292
3251,58.300000000000004,59.549380935806255
3252,58.300000000000004,59.549380935806255
3253,58.300000000000004,59.549380935806255
3254,58.300000000000004,59.549380935806255
3255,58.300000000000004,59.549380935806255
3256,58.300000000000004,59.549380935806255
3257,58.300000000000004,59.549380935806255
3258,58.300000000000004,59.57445345001905
3259,58.300000000000004,59.59172923607311
3260,58.300000000000004,59.7319775247377
3261,58.300000000000004,59.931977524737704
3262,58.300000000000004,60.08791208791209
3263,58.300000000000004,60.108888999386735
3264,58.300000000000004,60.13197752473771
3265,58.300000000000004,60.14938093580626
3266,58.300000000000004,60.14938093580626
3267,58.300000000000004,60.23487809324914
3268,58.300000000000004,60.27445345001907
3269,58.300000000000004,60.349380935806266
3270,58.300000000000004,60.349380935806266
3271,58.300000000000004,60.349380935806266
3272,58.300000000000004,60.349380935806266
3273,58.300000000000004,60.349380935806266
3274,58.300000000000004,60.349380935806266
3275,58.300000000000004,60.349380935806266
3276,58.300000000000004,60.349380935806266
3277,58.300000000000004,60.39172923607312
3278,58.300000000000004,60.474453450019055
3279,58.300000000000004,60.47709876850149
3280,58.300000000000004,60.566540699119884
3281,58.300000000000004,60.77445345001905
3282,58.300000000000004,60.83197752473771
3283,58.300000000000004,60.849380935806266
3284,58.300000000000004,60.87445345001906
3285,58.300000000000004,61.03197752473771
3286,58.300000000000004,61.07445345001905
3287,58.300000000000004,61.14938093580626
3288,58.300000000000004,61.14938093580626
3289,58.300000000000004,61.14938093580626
3290,58.300000000000004,61.14938093580626
3291,58.300000000000004,61.14938093580626
3292,58.300000000000004,61.14938093580626
3293,58.300000000000004,61.14938093580626
3294,58.300000000000004,61.14938093580626
3295,58.300000000000004,61.14938093580626
3296,58.300000000000004,61.17445345001906
3297,58.300000000000004,61.17445345001906
3298,58.300000000000004,61.27445345001905
3299,58.300000000000004,61.27445345001905
3300,58.300000000000004,61.27445345001905
3301,58.300000000000004,61.28791208791209
3302,58.300000000000004,61.31604760247292
3303,58.300000000000004,61.5319775247377
3304,58.300000000000004,61.54938093580627
3305,58.300000000000004,61.54938093580627
3306,58.300000000000004,61.608888999386735
3307,58.300000000000004,61.61604760247292
3308,58.300000000000004,61.762584323670296
3309,58.300000000000004,61.849380935806266
3310,63.800000000000004,61.849380935806266
3311,63.800000000000004,61.849380935806266
3312,63.800000000000004,61.849380935806266
3313,63.800000000000004,61.849380935806266
3314,63.800000000000004,61.849380935806266
3315,63.800000000000004,61.849380935806266
3316,63.800000000000004,61.849380935806266
3317,63.800000000000004,61.849380935806266
3318,63.800000000000004,61.849380935806266
3319,63.800000000000004,61.849380935806266
3320,63.800000000000004,61.849380935806266
3321,63.800000000000004,61.849380935806266
3322,63.800000000000004,61.849380935806266
3323,63.800000000000004,61.849380935806266
3324,63.800000000000004,61.87445345001906
3325,63.800000000000004,61.87445345001906
3326,63.800000000000004,61.94938093580626
3327,63.800000000000004,61.94938093580626
3328,63.800000000000004,61.94938093580626
3329,63.800000000000004,61.94938093580626
3330,63.800000000000004,61.94938093580626
3331,63.800000000000004,61.974453450019055
3332,63.800000000000004,62.04938093580627
3333,63.800000000000004,62.04938093580627
3334,63.800000000000004,62.07445345001905
3335,63.800000000000004,62.09172923607312
3336,63.800000000000004,62.11604760247292
3337,63.800000000000004,62.11604760247292
3338,63.800000000000004,62.15839590273977
3339,63.800000000000004,62.17445345001906
3340,63.800000000000004,62.18791208791208
3341,63.800000000000004,62.24938093580627
3342,63.800000000000004,62.28791208791209
3343,63.800000000000004,62.31604760247292
3344,63.800000000000004,62.37445345001906
3345,63.800000000000004,62.3879120879121
3346,63.800000000000004,62.474453450019055
3347,63.800000000000004,62.474453450019055
3348,63.800000000000004,62.474453450019055
3349,63.800000000000004,62.474453450019055
3350,63.800000000000004,62.48791208791209
3351,63.800000000000004,62.74938093580626
3352,63.800000000000004,62.74938093580626
3353,63.800000000000004,62.74938093580626
3354,63.800000000000004,62.83487809324913
3355,63.800000000000004,63.13197752473771
3356,63.800000000000004,63.174453450019044
3357,63.800000000000004,63.53487809324912
3358,63.800000000000004,63.534878093249134
3359,63.800000000000004,63.57445345001905
3360,63.800000000000004,63.674453450019044
3361,63.800000000000004,63.67445345001906
3362,63.800000000000004,63.67445345001906
3363,63.800000000000004,63.67445345001906
3364,63.800000000000004,63.67445345001906
3365,63.800000000000004,63.974453450019055
3366,63.800000000000004,63.974453450019055
3367,63.800000000000004,63.974453450019055
3368,63.800000000000004,63.974453450019055
3369,63.800000000000004,63.974453450019055
3370,63.800000000000004,63.974453450019055
3371,63.800000000000004,64.08791208791209
3372,63.800000000000004,64.1319775247377
3373,63.800000000000004,64.27445345001905
3374,63.800000000000004,64.5
3375,63.800000000000004,64.5
3376,63.800000000000004,64.5
3377,63.800000000000004,64.5
3378,63.800000000000004,64.5
3379,63.800000000000004,64.5
3380,63.800000000000004,64.5
3381,63.800000000000004,64.5
3382,63.800000000000004,64.5
3383,63.800000000000004,64.5
3384,63.800000000000004,64.5
3385,63.800000000000004,64.5
3386,63.800000000000004,64.5
3387,63.800000000000004,64.5
3388,63.800000000000004,64.5
3389,63.800000000000004,64.5
3390,63.800000000000004,64.5
3391,63.800000000000004,64.5
3392,63.800000000000004,64.5
3393,63.800000000000004,64.5
3394,63.800000000000004,64.5
3395,63.800000000000004,64.5
3396,63.800000000000004,64.5
3397,63.800000000000004,64.5
3398,63.800000000000004,64.5
3399,63.800000000000004,64.5
3400,63.800000000000004,64.5
3401,63.800000000000004,64.5
3402,63.800000000000004,64.5
3403,63.800000000000004,64.5
3404,63.800000000000004,64.5
3405,63.800000000000004,64.5
3406,63.800000000000004,64.5
3407,63.800000000000004,64.5
3408,63.800000000000004,64.5
3409,64.2,64.5
3410,64.2,64.5
3411,64.2,64.5
3412,64.2,64.5
3413,64.2,64.5
3414,64.2,64.5
3415,64.2,64.5
3416,64.2,64.5
3417,64.2,64.5
3418,64.2,64.5
3419,64.2,64.5
3420,64.2,64.5
3421,64.2,64.5
3422,64.2,64.5
3423,64.2,64.5
3424,64.2,64.5
3425,64.2,64.5
3426,64.2,64.5
3427,64.2,64.5
3428,64.2,64.5
3429,64.2,64.5
3430,64.2,64.5
3431,64.2,64.5
3432,64.2,64.5
3433,64.2,64.5
3434,64.2,64.5
3435,64.2,64.5
3436,64.2,64.5
3437,64.2,64.5
3438,64.2,64.5
3439,64.2,64.5
3440,64.2,64.5
3441,64.2,64.5
3442,64.2,64.5
3443,64.2,64.5
3444,64.2,64.5
3445,64.2,64.5
3446,64.2,64.5
3447,64.2,64.5
3448,64.2,64.5
3449,64.2,64.5
3450,64.2,64.5
3451,64.2,64.5
3452,64.2,64.5
3453,64.2,64.5
3454,64.2,64.5
3455,64.2,64.5
3456,64.2,64.5
3457,64.2,64.5
3458,64.2,64.5
3459,64.2,64.5
3460,64.2,64.5
3461,64.2,64.5
3462,64.2,64.5
3463,64.2,64.5
3464,64.2,64.5
3465,64.2,64.5
3466,64.2,64.5
3467,64.2,64.5
3468,64.2,64.5
3469,64.2,64.5
3470,64.2,64.5
3471,64.2,64.5
3472,64.2,64.5
3473,64.2,64.5
3474,64.2,64.5
3475,64.2,64.5
3476,64.2,64.5
3477,64.2,64.5
3478,64.2,64.5
3479,64.2,64.5
3480,64.2,64.5
3481,64.2,64.5
3482,64.5,64.5
3483,64.5,64.5
3484,64.5,64.5
3485,64.5,64.5
3486,64.5,64.5
3487,64.5,64.5
3488,64.5,64.5
3489,64.5,64.5
3490,64.5,64.5
3491,64.5,64.5
3492,64.5,64.5
3493,64.5,64.5
3494,64.5,64.5
3495,64.5,64.5
3496,64.5,64.5
3497,64.5,64.5
3498,64.5,64.5
3499,64.5,64.5
3500,64.5,64.5
3501,64.5,64.5
3502,64.5,64.5
3503,64.5,64.5
3504,64.5,64.5
3505,64.5,64.5
3506,64.5,64.5
3507,64.5,64.5
3508,64.5,64.5
3509,64.5,64.5
3510,64.5,64.5
3511,64.5,64.5
3512,64.5,64.5
3513,64.5,64.5
3514,64.5,64.5
3515,64.5,64.5
3516,64.5,64.5
3517,64.5,64.5
3518,64.5,64.5
3519,64.5,64.5
3520,64.5,64.5
3521,64.5,64.5
3522,64.5,64.5
3523,64.5,64.5
3524,64.5,64.5
3525,64.5,64.5
3526,64.5,64.5
3527,64.5,64.5
3528,64.5,64.5
3529,64.5,64.5
3530,64.5,64.5
3531,64.5,64.5
3532,64.5,64.5
3533,64.5,64.5
3534,64.5,64.5
3535,64.5,64.5
3536,64.5,64.5
3537,64.5,64.5
3538,64.5,64.5
3539,64.5,64.5
3540,64.5,64.5
3541,64.5,64.5
3542,64.5,64.5
3543,64.5,64.5
3544,64.5,64.5
3545,64.5,64.5
3546,64.5,64.5
3547,64.5,64.5
3548,64.5,64.5
3549,64.5,64.5
3550,64.5,64.5
3551,64.5,64.5
3552,64.5,64.5
3553,64.5,64.5
3554,64.5,64.5
3555,64.5,64.5
3556,64.5,64.5
3557,64.5,64.5
3558,64.5,64.5
3559,64.5,64.5
3560,64.5,64.5
3561,64.5,64.5
3562,64.5,64.5
3563,64.5,64.5
3564,64.5,64.5
3565,64.5,64.5
3566,64.5,64.5
3567,64.5,64.5
3568,64.5,64.5
3569,64.5,64.5
3570,64.5,64.5
3571,64.5,64.5
3572,64.5,64.5
3573,64.5,64.5
3574,64.5,64.5
3575,64.5,64.5
3576,64.5,64.5
3577,64.5,64.5
3578,64.5,64.5
3579,64.5,64.5
3580,64.5,64.5
3581,64.5,64.5
3582,64.5,64.5
3583,64.5,64.5
3584,64.5,64.5
3585,64.5,64.5
3586,64.5,64.5
3587,64.5,64.5
3588,64.5,64.5
3589,64.5,64.5
3590,64.5,64.5
3591,64.5,64.5
3592,64.5,64.5
3593,64.5,64.5
3594,64.5,64.5
3595,64.5,64.5
3596,64.5,64.5
3597,64.5,64.5
3598,64.5,64.5
3599,64.5,64.5
3600,64.5,64.5
3601,64.5,64.5
3602,64.5,64.5
3603,64.5,64.5
3604,64.5,64.5
3605,64.5,64.5
3606,64.5,64.5
3607,64.5,64.5
3608,64.5,64.5
3609,64.5,64.5
3610,64.5,64.5
3611,64.5,64.5
3612,64.5,64.5
3613,64.5,64.5
3614,64.5,64.5
3615,64.5,64.5
3616,64.5,64.5
3617,64.5,64.5
3618,64.5,64.5
3619,64.5,64.5
3620,64.5,64.5
3621,64.5,64.5
3622,64.5,64.5
3623,64.5,64.5
3624,64.5,64.5
3625,64.5,64.5
3626,64.5,64.5
3627,64.5,64.5
3628,64.5,64.5
3629,64.5,64.5
3630,64.5,64.5
3631,64.5,64.5
3632,64.5,64.5
3633,64.5,64.5
3634,64.5,64.5
3635,64.5,64.5
3636,64.5,64.5
3637,64.5,64.5
3638,64.5,64.5
3639,64.5,64.5
3640,64.5,64.5
3641,64.5,64.5
3642,64.5,64.5
3643,64.5,64.5
3644,64.5,64.5
3645,64.5,64.5
3646,64.5,64.5
3647,64.5,64.5
3648,64.5,64.5
3649,64.5,64.5
3650,64.5,64.5
3651,64.5,64.5
3652,64.5,64.5
3653,64.5,64.5
3654,64.5,64.5
3655,64.5,64.5
3656,64.5,64.5
3657,64.5,64.5
3658,64.5,64.5
3659,64.5,64.5
3660,64.5,64.5
3661,64.5,64.5
3662,64.5,64.5
3663,64.5,64.5
3664,64.5,64.5
3665,64.5,64.5
3666,64.5,64.5
3667,64.5,64.5
3668,64.5,64.5
3669,64.5,64.5
3670,64.5,64.5
3671,64.5,64.5
3672,64.5,64.5
3673,64.5,64.5
3674,64.5,64.5
3675,64.5,64.5
3676,64.5,64.5
3677,64.5,64.5
3678,64.5,64.5
3679,64.5,64.5
3680,64.5,64.5
3681,64.5,64.5
3682,64.5,64.5
3683,64.5,64.5
3684,64.5,64.5
3685,64.5,64.5
3686,64.5,64.5
3687,64.5,64.5
3688,64.5,64.5
3689,64.5,64.5
3690,64.5,64.5
3691,64.5,64.5
3692,64.5,64.5
3693,64.5,64.5
3694,64.5,64.5
3695,64.5,64.5
3696,64.5,64.5
3697,64.5,64.5
3698,64.5,64.5
3699,64.5,64.5
3700,64.5,64.5
3701,64.5,64.5
3702,64.5,64.5
3703,64.5,64.5
3704,64.5,64.5
3705,64.5,64.5
3706,64.5,64.5
3707,64.5,64.5
3708,64.5,64.5
3709,64.5,64.5
3710,64.5,64.5
3711,64.5,64.5
3712,64.5,64.5
3713,64.5,64.5
3714,64.5,64.5
3715,64.5,64.5
3716,64.5,64.5
3717,64.5,64.5
3718,64.5,64.5
3719,64.5,64.5
3720,64.5,64.5
3721,64.5,64.5
3722,64.5,64.5
3723,64.5,64.5
3724,64.5,64.5
3725,64.5,64.5
3726,64.5,64.5
3727,64.5,64.5
3728,64.5,64.5
3729,64.5,64.5
3730,64.5,64.5
3731,64.5,64.5
3732,64.5,64.5
3733,64.5,64.5
3734,64.5,64.5
3735,64.5,64.5
3736,64.5,64.5
3737,64.5,64.5
3738,64.5,64.5
3739,64.5,64.5
3740,64.5,64.5
3741,64.5,64.5
3742,64.5,64.5
3743,64.5,64.5
3744,64.5,64.5
3745,64.5,64.5
3746,64.5,64.5
3747,64.5,64.5
3748,64.5,64.5
3749,64.5,64.5
3750,64.5,64.5
3751,64.5,64.5
3752,64.5,64.5
3753,64.5,64.5
3754,64.5,64.5
3755,64.5,64.5
3756,64.5,64.5
3757,64.5,64.5
3758,64.5,64.5
3759,64.5,64.5
3760,64.5,64.5
3761,64.5,64.5
3762,64.5,64.5
3763,64.5,64.5
3764,64.5,64.5
3765,64.5,64.5
3766,64.5,64.5
3767,64.5,64.5
3768,64.5,64.5
3769,64.5,64.5
3770,64.5,64.5
3771,64.5,64.5
3772,64.5,64.5
3773,64.5,64.5
3774,64.5,64.5
3775,64.5,64.5
3776,64.5,64.5
3777,64.5,64.5
3778,64.5,64.5
3779,64.5,64.5
3780,64.5,64.5
3781,64.5,64.5
3782,64.5,64.5
3783,64.5,64.5
3784,64.5,64.5
3785,64.5,64.5
3786,64.5,64.5
3787,64.5,64.5
3788,64.5,64.5
3789,64.5,64.5
3790,64.5,64.5
3791,64.5,64.5
3792,64.5,64.5
3793,64.5,64.5
3794,64.5,64.5
3795,64.5,64.5
3796,64.5,64.5
3797,64.5,64.5
3798,64.5,64.5
3799,64.5,64.5
3800,64.5,64.5
3801,64.5,64.5
3802,64.5,64.5
3803,64.5,64.5
3804,64.5,64.5
3805,64.5,64.5
3806,64.5,64.5
3807,64.5,64.5
3808,64.5,64.5
3809,64.5,64.5
3810,64.5,64.5
3811,64.5,64.5
3812,64.5,64.5
3813,64.5,64.5
3814,64.5,64.5
3815,64.5,64.5
3816,64.5,64.5
3817,64.5,64.5
3818,64.5,64.5
3819,64.5,64.5
3820,64.5,64.5
3821,64.5,64.5
3822,64.5,64.5
3823,64.5,64.5
3824,64.5,64.5
3825,64.5,64.5
3826,64.5,64.5
3827,64.5,64.5
3828,64.5,64.5
3829,64.5,64.5
3830,64.5,64.5
3831,64.5,64.5
3832,64.5,64.5
3833,64.5,64.5
3834,64.5,64.5
3835,64.5,64.5
3836,64.5,64.5
3837,64.5,64.5
3838,64.5,64.5
3839,64.5,64.5
3840,64.5,64.5
3841,64.5,64.5
3842,64.5,64.5
3843,64.5,64.5
3844,64.5,64.5
3845,64.5,64.5
3846,64.5,64.5
3847,64.5,64.5
3848,64.5,64.5
3849,64.5,64.5
3850,64.5,64.5
3851,64.5,64.5
3852,64.5,64.5
3853,64.5,64.5
3854,64.5,64.5
3855,64.5,64.5
3856,64.5,64.5
3857,64.5,64.5
3858,64.5,64.5
3859,64.5,64.5
3860,64.5,64.5
3861,64.5,64.5
3862,64.5,64.5
3863,64.5,64.5
3864,64.5,64.5
3865,64.5,64.5
3866,64.5,64.5
3867,64.5,64.5
3868,64.5,64.5
3869,64.5,64.5
3870,64.5,64.5
3871,64.5,64.5
3872,64.5,64.5
3873,64.5,64.5
3874,64.5,64.5
3875,64.5,64.5
3876,64.5,64.5
3877,64.5,64.5
3878,64.5,64.5
3879,64.5,64.5
3880,64.5,64.5
3881,64.5,64.5
3882,64.5,64.5
3883,64.5,64.5
3884,64.5,64.5
3885,64.5,64.5
3886,64.5,64.5
3887,64.5,64.5
3888,64.5,64.5
3889,64.5,64.5
3890,64.5,64.5
3891,64.5,64.5
3892,64.5,64.5
3893,64.5,64.5
3894,64.5,64.5
3895,64.5,64.5
3896,64.5,64.5
3897,64.5,64.5
3898,64.5,64.5
3899,64.5,64.5
3900,64.5,64.5
3901,64.5,64.5
3902,64.5,64.5
3903,64.5,64.5
3904,64.5,64.5
3905,64.5,64.5
3906,64.5,64.5
3907,64.5,64.5
3908,64.5,64.5
3909,64.5,64.5
3910,64.5,64.5
3911,64.5,64.5
3912,64.5,64.5
3913,64.5,64.5
3914,64.5,64.5
3915,64.5,64.5
3916,64.5,64.5
3917,64.5,64.5
3918,64.5,64.5
3919,64.5,64.5
3920,64.5,64.5
3921,64.5,64.5
3922,64.5,64.5
3923,64.5,64.5
3924,64.5,64.5
3925,64.5,64.5
3926,64.5,64.5
3927,64.5,64.5
3928,64.5,64.5
3929,64.5,64.5
3930,64.5,64.5
3931,64.5,64.5
3932,64.5,64.5
3933,64.5,64.5
3934,64.5,64.5
3935,64.5,64.5
3936,64.5,64.5
3937,64.5,64.5
3938,64.5,64.5
3939,64.5,64.5
3940,64.5,64.5
3941,64.5,64.5
3942,64.5,64.5
3943,64.5,64.5
3944,64.5,64.5
3945,64.5,64.5
3946,64.5,64.5
3947,64.5,64.5
3948,64.5,64.5
3949,64.5,64.5
3950,64.5,64.5
3951,64.5,64.5
3952,64.5,64.5
3953,64.5,64.5
3954,64.5,64.5
3955,64.5,64.5
3956,64.5,64.5
3957,64.5,64.5
3958,64.5,64.5
3959,64.5,64.5
3960,64.5,64.5
3961,64.5,64.5
3962,64.5,64.5
3963,64.5,64.5
3964,64.5,64.5
3965,64.5,64.5
3966,64.5,64.5
3967,64.5,64.5
3968,64.5,64.5
3969,64.5,64.5
3970,64.5,64.5
3971,64.5,64.5
3972,64.5,64.5
3973,64.5,64.5
3974,64.5,64.5
3975,64.5,64.5
3976,64.5,64.5
3977,64.5,64.5
3978,64.5,64.5
3979,64.5,64.5
3980,64.5,64.5
3981,64.5,64.5
3982,64.5,64.5
3983,64.5,64.5
3984,64.5,64.5
3985,64.5,64.5
3986,64.5,64.5
3987,64.5,64.5
3988,64.5,64.5
3989,64.5,64.5
3990,64.5,64.5
3991,64.5,64.5
3992,64.5,64.5
3993,64.5,64.5
3994,64.5,64.5
3995,64.5,64.5
3996,64.5,64.5
3997,64.5,64.5
3998,64.5,64.5
3999,64.5,64.5
4000,64.5,64.5
4001,64.5,64.5
4002,64.5,64.5
4003,64.5,64.5
4004,64.5,64.5
4005,64.5,64.5
4006,64.5,64.5
4007,64.5,64.5
4008,64.5,64.5
4009,64.5,64.5
4010,64.5,64.5
4011,64.5,64.5
4012,64.5,64.5
4013,64.5,64.5
4014,64.5,64.5
4015,64.5,64.5
4016,64.5,64.5
4017,64.5,64.5
4018,64.5,64.5
4019,64.5,64.5
4020,64.5,64.5
4021,64.5,64.5
4022,64.5,64.5
4023,64.5,64.5
4024,64.5,64.5
4025,64.5,64.5
4026,64.5,64.5
4027,64.5,64.5
4028,64.5,64.5
4029,64.5,64.5
4030,64.5,64.5
4031,64.5,64.5
4032,64.5,64.5
4033,64.5,64.5
4034,64.5,64.5
4035,64.5,64.5
4036,64.5,64.5
4037,64.5,64.5
4038,64.5,64.5
4039,64.5,64.5
4040,64.5,64.5
4041,64.5,64.5
4042,64.5,64.5
4043,64.5,64.5
4044,64.5,64.5
4045,64.5,64.5
4046,64.5,64.5
4047,64.5,64.5
4048,64.5,64.5
4049,64.5,64.5
4050,64.5,64.5
4051,64.5,64.5
4052,64.5,64.5
4053,64.5,64.5
4054,64.5,64.5
4055,64.5,64.5
4056,64.5,64.5
4057,64.5,64.5
4058,64.5,64.5
4059,64.5,64.5
4060,64.5,64.5
4061,64.5,64.5
4062,64.5,64.5
4063,64.5,64.5
4064,64.5,64.5
4065,64.5,64.5
4066,64.5,64.5
4067,64.5,64.5
4068,64.5,64.5
4069,64.5,64.5
4070,64.5,64.5
4071,64.5,64.5
4072,64.5,64.5
4073,64.5,64.5
4074,64.5,64.5
4075,64.5,64.5
4076,64.5,64.5
4077,64.5,64.5
4078,64.5,64.5
4079,64.5,64.5
4080,64.5,64.5
4081,64.5,64.5
4082,64.5,64.5
4083,64.5,64.5
4084,64.5,64.5
4085,64.5,64.5
4086,64.5,64.5
4087,64.5,64.5
4088,64.5,64.5
4089,64.5,64.5
4090,64.5,64.5
4091,64.5,64.5
4092,64.5,64.5
4093,64.5,64.5
4094,64.5,64.5
4095,64.5,64.5
4096,64.5,64.5
4097,64.5,64.5
4098,64.5,64.5
4099,64.5,64.5
4100,64.5,64.5
4101,64.5,64.5
4102,64.5,64.5
4103,64.5,64.5
4104,64.5,64.5
4105,64.5,64.5
4106,64.5,64.5
4107,64.5,64.5
4108,64.5,64.5
4109,64.5,64.5
4110,64.5,64.5
4111,64.5,64.5
4112,64.5,64.5
4113,64.5,64.5
4114,64.5,64.5
4115,64.5,64.5
4116,64.5,64.5
4117,64.5,64.5
4118,64.5,64.5
4119,64.5,64.5
4120,64.5,64.5
4121,64.5,64.5
4122,64.5,64.5
4123,64.5,64.5
4124,64.5,64.5
4125,64.5,64.5
4126,64.5,64.5
4127,64.5,64.5
4128,64.5,64.5
4129,64.5,64.5
4130,64.5,64.5
4131,64.5,64.5
4132,64.5,64.5
4133,64.5,64.5
4134,64.5,64.5
4135,64.5,64.5
4136,64.5,64.5
4137,64.5,64.5
4138,64.5,64.5
4139,64.5,64.5
4140,64.5,64.5
4141,64.5,64.5
4142,64.5,64.5
4143,64.5,64.5
4144,64.5,64.5
4145,64.5,64.5
4146,64.5,64.5
4147,64.5,64.5
4148,64.5,64.5
4149,64.5,64.5
4150,64.5,64.5
4151,64.5,64.5
4152,64.5,64.5
4153,64.5,64.5
4154,64.5,64.5
4155,64.5,64.5
4156,64.5,64.5
4157,64.5,64.5
4158,64.5,64.5
4159,64.5,64.5
4160,64.5,64.5
4161,64.5,64.5
4162,64.5,64.5
4163,64.5,64.5
4164,64.5,64.5
4165,64.5,64.5
4166,64.5,64.5
4167,64.5,64.5
4168,64.5,64.5
4169,64.5,64.5
4170,64.5,64.5
4171,64.5,64.5
4172,64.5,64.5
4173,64.5,64.5
4174,64.5,64.5
4175,64.5,64.5
4176,64.5,64.5
4177,64.5,64.5
4178,64.5,64.5
4179,64.5,64.5
4180,64.5,64.5
4181,64.5,64.5
4182,64.5,64.5
4183,64.5,64.5
4184,64.5,64.5
4185,64.5,64.5
4186,64.5,64.5
4187,64.5,64.5
4188,64.5,64.5
4189,64.5,64.5
4190,64.5,64.5
4191,64.5,64.5
4192,64.5,64.5
4193,64.5,64.5
4194,64.5,64.5
4195,64.5,64.5
4196,64.5,64.5
4197,64.5,64.5
4198,64.5,64.5
4199,64.5,64.5
4200,64.5,64.5
4201,64.5,64.5
4202,64.5,64.5
4203,64.5,64.5
4204,64.5,64.5
4205,64.5,64.5
4206,64.5,64.5
4207,64.5,64.5
4208,64.5,64.5
4209,64.5,64.5
4210,64.5,64.5
4211,64.5,64.5
4212,64.5,64.5
4213,64.5,64.5
4214,64.5,64.5
4215,64.5,64.5
4216,64.5,64.5
4217,64.5,64.5
4218,64.5,64.5
4219,64.5,64.5
4220,64.5,64.5
4221,64.5,64.5
4222,64.5,64.5
4223,64.5,64.5
4224,64.5,64.5
4225,64.5,64.5
4226,64.5,64.5
4227,64.5,64.5
4228,64.5,64.5
4229,64.5,64.5
4230,64.5,64.5
4231,64.5,64.5
4232,64.5,64.5
4233,64.5,64.5
4234,64.5,64.5
4235,64.5,64.5
4236,64.5,64.5
4237,64.5,64.5
4238,64.5,64.5
4239,64.5,64.5
4240,64.5,64.5
4241,64.5,64.5
4242,64.5,64.5
4243,64.5,64.5
4244,64.5,64.5
4245,64.5,64.5
4246,64.5,64.5
4247,64.5,64.5
4248,64.5,64.5
4249,64.5,64.5
4250,64.5,64.5
4251,64.5,64.5
4252,64.5,64.5
4253,64.5,64.5
4254,64.5,64.5
4255,64.5,64.5
4256,64.5,64.5
4257,64.5,64.5
4258,64.5,64.5
4259,64.5,64.5
4260,64.5,64.5
4261,64.5,64.5
4262,64.5,64.5
4263,64.5,64.5
4264,64.5,64.5
4265,64.5,64.5
4266,64.5,64.5
4267,64.5,64.5
4268,64.5,64.5
4269,64.5,64.5
4270,64.5,64.5
4271,64.5,64.5
4272,64.5,64.5
4273,64.5,64.5
4274,64.5,64.5
4275,64.5,64.5
4276,64.5,64.5
4277,64.5,64.5
4278,64.5,64.5
4279,64.5,64.5
4280,64.5,64.5
4281,64.5,64.5
4282,64.5,64.5
4283,64.5,64.5
4284,64.5,64.5
4285,64.5,64.5
4286,64.5,64.5
4287,64.5,64.5
4288,64.5,64.5
4289,64.5,64.5
4290,64.5,64.5
4291,64.5,64.5
4292,64.5,64.5
4293,64.5,64.5
4294,64.5,64.5
4295,64.5,64.5
4296,64.5,64.5
4297,64.5,64.5
4298,64.5,64.5
4299,64.5,64.5
4300,64.5,64.5
4301,64.5,64.5
4302,64.5,64.5
4303,64.5,64.5
4304,64.5,64.5
4305,64.5,64.5
4306,64.5,64.5
4307,64.5,64.5
4308,64.5,64.5
4309,64.5,64.5
4310,64.5,64.5
4311,64.5,64.5
4312,64.5,64.5
4313,64.5,64.5
4314,64.5,64.5
4315,64.5,64.5
4316,64.5,64.5
4317,64.5,64.5
4318,64.5,64.5
4319,64.5,64.5
4320,64.5,64.5
4321,64.5,64.5
4322,64.5,64.5
4323,64.5,64.5
4324,64.5,64.5
4325,64.5,64.5
4326,64.5,64.5
4327,64.5,64.5
4328,64.5,64.5
4329,64.5,64.5
4330,64.5,64.5
4331,64.5,64.5
4332,64.5,64.5
4333,64.5,64.5
4334,64.5,64.5
4335,64.5,64.5
4336,64.5,64.5
4337,64.5,64.5
4338,64.5,64.5
4339,64.5,64.5
4340,64.5,64.5
4341,64.5,64.5
4342,64.5,64.5
4343,64.5,64.5
4344,64.5,64.5
4345,64.5,64.5
4346,64.5,64.5
4347,64.5,64.5
4348,64.5,64.5
4349,64.5,64.5
4350,64.5,64.5
4351,64.5,64.5
4352,64.5,64.5
4353,64.5,64.5
4354,64.5,64.5
4355,64.5,64.5
4356,64.5,64.5
4357,64.5,64.5
4358,64.5,64.5
4359,64.5,64.5
4360,64.5,64.5
4361,64.5,64.5
4362,64.5,64.5
4363,64.5,64.5
4364,64.5,64.5
4365,64.5,64.5
4366,64.5,64.5
4367,64.5,64.5
4368,64.5,64.5
4369,64.5,64.5
4370,64.5,64.5
4371,64.5,64.5
4372,64.5,64.5
4373,64.5,64.5
4374,64.5,64.5
4375,64.5,64.5
4376,64.5,64.5
4377,64.5,64.5
4378,64.5,64.5
4379,64.5,64.5
4380,64.5,64.5
4381,64.5,64.5
4382,64.5,64.5
4383,64.5,64.5
4384,64.5,64.5
4385,64.5,64.5
4386,64.5,64.5
4387,64.5,64.5
4388,64.5,64.5
4389,64.5,64.5
4390,64.5,64.5
4391,64.5,64.5
4392,64.5,64.5
4393,64.5,64.5
4394,64.5,64.5
4395,64.5,64.5
4396,64.5,64.5
4397,64.5,64.5
4398,64.5,64.5
4399,64.5,64.5
4400,64.5,64.5
4401,64.5,64.5
4402,64.5,64.5
4403,64.5,64.5
4404,64.5,64.5
4405,64.5,64.5
4406,64.5,64.5
4407,64.5,64.5
4408,64.5,64.5
4409,64.5,64.5
4410,64.5,64.5
4411,64.5,64.5
4412,64.5,64.5
4413,64.5,64.5
4414,64.5,64.5
4415,64.5,64.5
4416,64.5,64.5
4417,64.5,64.5
4418,64.5,64.5
4419,64.5,64.5
4420,64.5,64.5
4421,64.5,64.5
4422,64.5,64.5
4423,64.5,64.5
4424,64.5,64.5
4425,64.5,64.5
4426,64.5,64.5
4427,64.5,64.5
4428,64.5,64.5
4429,64.5,64.5
4430,64.5,64.5
4431,64.5,64.5
4432,64.5,64.5
4433,64.5,64.5
4434,64.5,64.5
4435,64.5,64.5
4436,64.5,64.5
4437,64.5,64.5
4438,64.5,64.5
4439,64.5,64.5
4440,64.5,64.5
4441,64.5,64.5
4442,64.5,64.5
4443,64.5,64.5
4444,64.5,64.5
4445,64.5,64.5
4446,64.5,64.5
4447,64.5,64.5
4448,64.5,64.5
4449,64.5,64.5
4450,64.5,64.5
4451,64.5,64.5
4452,64.5,64.5
4453,64.5,64.5
4454,64.5,64.5
4455,64.5,64.5
4456,64.5,64.5
4457,64.5,64.5
4458,64.5,64.5
4459,64.5,64.5
4460,64.5,64.5
4461,64.5,64.5
4462,64.5,64.5
4463,64.5,64.5
4464,64.5,64.5
4465,64.5,64.5
4466,64.5,64.5
4467,64.5,64.5
4468,64.5,64.5
4469,64.5,64.5
4470,64.5,64.5
4471,64.5,64.5
4472,64.5,64.5
4473,64.5,64.5
4474,64.5,64.5
4475,64.5,64.5
4476,64.5,64.5
4477,64.5,64.5
4478,64.5,64.5
4479,64.5,64.5
4480,64.5,64.5
4481,64.5,64.5
4482,64.5,64.5
4483,64.5,64.5
4484,64.5,64.5
4485,64.5,64.5
4486,64.5,64.5
4487,64.5,64.5
4488,64.5,64.5
4489,64.5,64.5
4490,64.5,64.5
4491,64.5,64.5
4492,64.5,64.5
4493,64.5,64.5
4494,64.5,64.5
4495,64.5,64.5
4496,64.5,64.5
4497,64.5,64.5
4498,64.5,64.5
4499,64.5,64.5
4500,64.5,64.5
4501,64.5,64.5
4502,64.5,64.5
4503,64.5,64.5
4504,64.5,64.5
4505,64.5,64.5
4506,64.5,64.5
4507,64.5,64.5
4508,64.5,64.5
4509,64.5,64.5
4510,64.5,64.5
4511,64.5,64.5
4512,64.5,64.5
4513,64.5,64.5
4514,64.5,64.5
4515,64.5,64.5
4516,64.5,64.5
4517,64.5,64.5
4518,64.5,64.5
4519,64.5,64.5
4520,64.5,64.5
4521,64.5,64.5
4522,64.5,64.5
4523,64.5,64.5
4524,64.5,64.5
4525,64.5,64.5
4526,64.5,64.5
4527,64.5,64.5
4528,64.5,64.5
4529,64.5,64.5
4530,64.5,64.5
4531,64.5,64.5
4532,64.5,64.5
4533,64.5,64.5
4534,64.5,64.5
4535,64.5,64.5
4536,64.5,64.5
4537,64.5,64.5
4538,64.5,64.5
4539,64.5,64.5
4540,64.5,64.5
4541,64.5,64.5
4542,64.5,64.5
4543,64.5,64.5
4544,64.5,64.5
4545,64.5,64.5
4546,64.5,64.5
4547,64.5,64.5
4548,64.5,64.5
4549,64.5,64.5
4550,64.5,64.5
4551,64.5,64.5
4552,64.5,64.5
4553,64.5,64.5
4554,64.5,64.5
4555,64.5,64.5
4556,64.5,64.5
4557,64.5,64.5
4558,64.5,64.5
4559,64.5,64.5
4560,64.5,64.5
4561,64.5,64.5
4562,64.5,64.5
4563,64.5,64.5
4564,64.5,64.5
4565,64.5,64.5
4566,64.5,64.5
4567,64.5,64.5
4568,64.5,64.5
4569,64.5,64.5
4570,64.5,64.5
4571,64.5,64.5
4572,64.5,64.5
4573,64.5,64.5
4574,64.5,64.5
4575,64.5,64.5
4576,64.5,64.5
4577,64.5,64.5
4578,64.5,64.5
4579,64.5,64.5
4580,64.5,64.5
4581,64.5,64.5
4582,64.5,64.5
4583,64.5,64.5
4584,64.5,64.5
4585,64.5,64.5
4586,64.5,64.5
4587,64.5,64.5
4588,64.5,64.5
4589,64.5,64.5
4590,64.5,64.5
4591,64.5,64.5
4592,64.5,64.5
4593,64.5,64.5
4594,64.5,64.5
4595,64.5,64.5
4596,64.5,64.5
4597,64.5,64.5
4598,64.5,64.5
4599,64.5,64.5
4600,64.5,64.5
4601,64.5,64.5
4602,64.5,64.5
4603,64.5,64.5
4604,64.5,64.5
4605,64.5,64.5
4606,64.5,64.5
4607,64.5,64.5
4608,64.5,64.5
4609,64.5,64.5
4610,64.5,64.5
4611,64.5,64.5
4612,64.5,64.5
4613,64.5,64.5
4614,64.5,64.5
4615,64.5,64.5
4616,64.5,64.5
4617,64.5,64.5
4618,64.5,64.5
4619,64.5,64.5
4620,64.5,64.5
4621,64.5,64.5
4622,64.5,64.5
4623,64.5,64.5
4624,64.5,64.5
4625,64.5,64.5
4626,64.5,64.5
4627,64.5,64.5
4628,64.5,64.5
4629,64.5,64.5
4630,64.5,64.5
4631,64.5,64.5
4632,64.5,64.5
4633,64.5,64.5
4634,64.5,64.5
4635,64.5,64.5
4636,64.5,64.5
4637,64.5,64.5
4638,64.5,64.5
4639,64.5,64.5
4640,64.5,64.5
4641,64.5,64.5
4642,64.5,64.5
4643,64.5,64.5
4644,64.5,64.5
4645,64.5,64.5
4646,64.5,64.5
4647,64.5,64.5
4648,64.5,64.5
4649,64.5,64.5
4650,64.5,64.5
4651,64.5,64.5
4652,64.5,64.5
4653,64.5,64.5
4654,64.5,64.5
4655,64.5,64.5
4656,64.5,64.5
4657,64.5,64.5
4658,64.5,64.5
4659,64.5,64.5
4660,64.5,64.5
4661,64.5,64.5
4662,64.5,64.5
4663,64.5,64.5
4664,64.5,64.5
4665,64.5,64.5
4666,64.5,64.5
4667,64.5,64.5
4668,64.5,64.5
4669,64.5,64.5
4670,64.5,64.5
4671,64.5,64.5
4672,64.5,64.5
4673,64.5,64.5
4674,64.5,64.5
4675,64.5,64.5
4676,64.5,64.5
4677,64.5,64.5
4678,64.5,64.5
4679,64.5,64.5
4680,64.5,64.5
4681,64.5,64.5
4682,64.5,64.5
4683,64.5,64.5
4684,64.5,64.5
4685,64.5,64.5
4686,64.5,64.5
4687,64.5,64.5
4688,64.5,64.5
4689,64.5,64.5
4690,64.5,64.5
4691,64.5,64.5
4692,64.5,64.5
4693,64.5,64.5
4694,64.5,64.5
4695,64.5,64.5
4696,64.5,64.5
4697,64.5,64.5
4698,64.5,64.5
4699,64.5,64.5
4700,64.5,64.5
4701,64.5,64.5
4702,64.5,64.5
4703,64.5,64.5
4704,64.5,64.5
4705,64.5,64.5
4706,64.5,64.5
4707,64.5,64.5
4708,64.5,64.5
4709,64.5,64.5
4710,64.5,64.5
4711,64.5,64.5
4712,64.5,64.5
4713,64.5,64.5
4714,64.5,64.5
4715,64.5,64.5
4716,64.5,64.5
4717,64.5,64.5
4718,64.5,64.5
4719,64.5,64.5
4720,64.5,64.5
4721,64.5,64.5
4722,64.5,64.5
4723,64.5,64.5
4724,64.5,64.5
4725,64.5,64.5
4726,64.5,64.5
4727,64.5,64.5
4728,64.5,64.5
4729,64.5,64.5
4730,64.5,64.5
4731,64.5,64.5
4732,64.5,64.5
4733,64.5,64.5
4734,64.5,64.5
4735,64.5,64.5
4736,64.5,64.5
4737,64.5,64.5
4738,64.5,64.5
4739,64.5,64.5
4740,64.5,64.5
4741,64.5,64.5
4742,64.5,64.5
4743,64.5,64.5
4744,64.5,64.5
4745,64.5,64.5
4746,64.5,64.5
4747,64.5,64.5
4748,64.5,64.5
4749,64.5,64.5
4750,64.5,64.5
4751,64.5,64.5
4752,64.5,64.5
4753,64.5,64.5
4754,64.5,64.5
4755,64.5,64.5
4756,64.5,64.5
4757,64.5,64.5
4758,64.5,64.5
4759,64.5,64.5
4760,64.5,64.5
4761,64.5,64.5
4762,64.5,64.5
4763,64.5,64.5
4764,64.5,64.5
4765,64.5,64.5
4766,64.5,64.5
4767,64.5,64.5
4768,64.5,64.5
4769,64.5,64.5
4770,64.5,64.5
4771,64.5,64.5
4772,64.5,64.5
4773,64.5,64.5
4774,64.5,64.5
4775,64.5,64.5
4776,64.5,64.5
4777,64.5,64.5
4778,64.5,64.5
4779,64.5,64.5
4780,64.5,64.5
4781,64.5,64.5
4782,64.5,64.5
4783,64.5,64.5
4784,64.5,64.5
4785,64.5,64.5
4786,64.5,64.5
4787,64.5,64.5
4788,64.5,64.5
4789,64.5,64.5
4790,64.5,64.5
4791,64.5,64.5
4792,64.5,64.5
4793,64.5,64.5
4794,64.5,64.5
4795,64.5,64.5
4796,64.5,64.5
4797,64.5,64.5
4798,64.5,64.5
4799,64.5,64.5
4800,64.5,64.5
4801,64.5,64.5
4802,64.5,64.5
4803,64.5,64.5
4804,64.5,64.5
4805,64.5,64.5
4806,64.5,64.5
4807,64.5,64.5
4808,64.5,64.5
4809,64.5,64.5
4810,64.5,64.5
4811,64.5,64.5
4812,64.5,64.5
4813,64.5,64.5
4814,64.5,64.5
4815,64.5,64.5
4816,64.5,64.5
4817,64.5,64.5
4818,64.5,64.5
4819,64.5,64.5
4820,64.5,64.5
4821,64.5,64.5
4822,64.5,64.5
4823,64.5,64.5
4824,64.5,64.5
4825,64.5,64.5
4826,64.5,64.5
4827,64.5,64.5
4828,64.5,64.5
4829,64.5,64.5
4830,64.5,64.5
4831,64.5,64.5
4832,64.5,64.5
4833,64.5,64.5
4834,64.5,64.5
4835,64.5,64.5
4836,64.5,64.5
4837,64.5,64.5
4838,64.5,64.5
4839,64.5,64.5
4840,64.5,64.5
4841,64.5,64.5
4842,64.5,64.5
4843,64.5,64.5
4844,64.5,64.5
4845,64.5,64.5
4846,64.5,64.5
4847,64.5,64.5
4848,64.5,64.5
4849,64.5,64.5
4850,64.5,64.5
4851,64.5,64.5
4852,64.5,64.5
4853,64.5,64.5
4854,64.5,64.5
4855,64.5,64.5
4856,64.5,64.5
4857,64.5,64.5
4858,64.5,64.5
4859,64.5,64.5
4860,64.5,64.5
4861,64.5,64.5
4862,64.5,64.5
4863,64.5,64.5
4864,64.5,64.5
4865,64.5,64.5
4866,64.5,64.5
4867,64.5,64.5
4868,64.5,64.5
4869,64.5,64.5
4870,64.5,64.5
4871,64.5,64.5
4872,64.5,64.5
4873,64.5,64.5
4874,64.5,64.5
4875,64.5,64.5
4876,64.5,64.5
4877,64.5,64.5
4878,64.5,64.5
4879,64.5,64.5
4880,64.5,64.5
4881,64.5,64.5
4882,64.5,64.5
4883,64.5,64.5
4884,64.5,64.5
4885,64.5,64.5
4886,64.5,64.5
4887,64.5,64.5
4888,64.5,64.5
4889,64.5,64.5
4890,64.5,64.5
4891,64.5,64.5
4892,64.5,64.5
4893,64.5,64.5
4894,64.5,64.5
4895,64.5,64.5
4896,64.5,64.5
4897,64.5,64.5
4898,64.5,64.5
4899,64.5,64.5
4900,64.5,64.5
4901,64.5,64.5
4902,64.5,64.5
4903,64.5,64.5
4904,64.5,64.5
4905,64.5,64.5
4906,64.5,64.5
4907,64.5,64.5
4908,64.5,64.5
4909,64.5,64.5
4910,64.5,64.5
4911,64.5,64.5
4912,64.5,64.5
4913,64.5,64.5
4914,64.5,64.5
4915,64.5,64.5
4916,64.5,64.5
4917,64.5,64.5
4918,64.5,64.5
4919,64.5,64.5
4920,64.5,64.5
4921,64.5,64.5
4922,64.5,64.5
4923,64.5,64.5
4924,64.5,64.5
4925,64.5,64.5
4926,64.5,64.5
4927,64.5,64.5
4928,64.5,64.5
4929,64.5,64.5
4930,64.5,64.5
4931,64.5,64.5
4932,64.5,64.5
4933,64.5,64.5
4934,64.5,64.5
4935,64.5,64.5
4936,64.5,64.5
4937,64.5,64.5
4938,64.5,64.5
4939,64.5,64.5
4940,64.5,64.5
4941,64.5,64.5
4942,64.5,64.5
4943,64.5,64.5
4944,64.5,64.5
4945,64.5,64.5
4946,64.5,64.5
4947,64.5,64.5
4948,64.5,64.5
4949,64.5,64.5
4950,64.5,64.5
4951,64.5,64.5
4952,64.5,64.5
4953,64.5,64.5
4954,64.5,64.5
4955,64.5,64.5
4956,64.5,64.5
4957,64.5,64.5
4958,64.5,64.5
4959,64.5,64.5
4960,64.5,64.5
4961,64.5,64.5
4962,64.5,64.5
4963,64.5,64.5
4964,64.5,64.5
4965,64.5,64.5
4966,64.5,64.5
4967,64.5,64.5
4968,64.5,64.5
4969,64.5,64.5
4970,64.5,64.5
4971,64.5,64.5
4972,64.5,64.5
4973,64.5,64.5
4974,64.5,64.5
4975,64.5,64.5
4976,64.5,64.5
4977,64.5,64.5
4978,64.5,64.5
4979,64.5,64.5
4980,64.5,64.5
4981,64.5,64.5
4982,64.5,64.5
4983,64.5,64.5
4984,64.5,64.5
4985,64.5,64.5
4986,64.5,64.5
4987,64.5,64.5
4988,64.5,64.5
4989,64.5,64.5
4990,64.5,64.5
4991,64.5,64.5
4992,64.5,64.5
4993,64.5,64.5
4994,64.5,64.5
4995,64.5,64.5
4996,64.5,64.5
4997,64.5,64.5
4998,64.5,64.5
4999,64.5,64.5
