,hsa_js,add_js
0,0.8,0.0
1,0.8,0.0
2,0.8,0.0
3,0.8,0.0
4,0.8,0.0
5,0.8,0.0
6,0.8,0.0
7,0.8,0.0
8,0.8,0.0
9,0.8,0.0
10,0.8,0.0
11,0.8,0.0
12,0.8,0.0
13,0.8,0.0
14,0.8,0.0
15,0.8,0.0
16,0.8,0.0
17,0.8,0.0
18,0.8,0.0
19,0.8,0.0
20,1.0,0.0
21,1.0,0.0
22,1.0,0.0
23,1.5,0.0
24,1.5,0.0
25,1.5,0.0
26,1.6,0.0
27,1.6,0.0
28,1.6,0.0
29,1.9000000000000001,0.0
30,2.0,0.0
31,2.2,0.0
32,2.2,0.0
33,2.2,0.0
34,2.2,0.0
35,2.2,0.0
36,2.2,0.0
37,2.2,0.0
38,2.2,0.0
39,2.2,0.0
40,2.2,0.0
41,2.2,0.0
42,2.2,0.0
43,2.2,0.0
44,2.2,0.0
45,2.2,0.0
46,2.2,0.0
47,2.2,0.0
48,2.2,0.0
49,2.2,0.0
50,2.2,0.0
51,2.2,0.0
52,2.2,0.0
53,2.2,0.0
54,2.2,0.0
55,2.2,0.0
56,2.2,0.0
57,2.2,0.0
58,2.2,0.0
59,2.2,0.0
60,2.2,0.0
61,2.2,0.0
62,2.2,0.0
63,2.2,0.0
64,2.2,0.0
65,2.2,0.0
66,2.2,0.0
67,2.2,0.0
68,2.2,0.0
69,2.2,0.0
70,2.6,0.0
71,2.6,0.0
72,2.6,0.0
73,2.6,0.0
74,2.6,0.0
75,2.6,0.0
76,2.6,0.0
77,2.6,0.0
78,2.6,0.0
79,2.6,0.0
80,2.6,0.0
81,2.6,0.0
82,2.6,0.0
83,2.6,0.0
84,2.6,0.0
85,2.6,0.0
86,2.6,0.0
87,2.6,0.0
88,2.6,0.0
89,2.6,0.0
90,2.6,0.0
91,2.6,0.0
92,2.6,0.0
93,2.6,0.0
94,2.6,0.0
95,2.6,0.0
96,2.6,0.0
97,2.6,0.0
98,2.6,0.0
99,2.6,0.0
100,2.6,0.0
101,2.6,0.0
102,2.6,0.0
103,2.6,0.0
104,2.6,0.0
105,2.6,0.0
106,2.6,0.0
107,2.6,0.0
108,2.6,0.0
109,2.8000000000000003,0.0
110,2.9000000000000004,0.0
111,2.9000000000000004,0.0
112,2.9000000000000004,0.0
113,2.9000000000000004,0.0
114,2.9000000000000004,0.0
115,2.9000000000000004,0.0
116,3.0,0.0
117,3.0,0.0
118,3.0,0.0
119,3.0,0.0
120,3.0,0.0
121,3.0,0.0
122,3.0,0.0
123,3.1,0.0
124,3.1,0.0
125,3.4000000000000004,0.0
126,3.4000000000000004,0.0
127,3.4000000000000004,0.0
128,3.4000000000000004,0.0
129,3.4000000000000004,0.0
130,3.4000000000000004,0.0
131,3.4000000000000004,0.0
132,3.4000000000000004,0.0
133,3.4000000000000004,0.0
134,3.4000000000000004,0.0
135,3.4000000000000004,0.0
136,3.4000000000000004,0.0
137,3.4000000000000004,0.0
138,3.4000000000000004,0.0
139,3.4000000000000004,0.0
140,3.4000000000000004,0.0
141,3.4000000000000004,0.0
142,3.4000000000000004,0.0
143,3.4000000000000004,0.0
144,3.4000000000000004,0.0
145,3.4000000000000004,0.0
146,3.4000000000000004,0.0
147,3.4000000000000004,0.0
148,3.4000000000000004,0.0
149,3.4000000000000004,0.0
150,3.4000000000000004,0.0
151,3.4000000000000004,0.0
152,3.4000000000000004,0.0
153,3.4000000000000004,0.0
154,3.4000000000000004,0.0
155,3.4000000000000004,0.0
156,3.4000000000000004,0.0
157,3.4000000000000004,0.0
158,3.4000000000000004,0.0
159,3.4000000000000004,0.0
160,3.4000000000000004,0.0
161,3.4000000000000004,0.0
162,3.4000000000000004,0.0
163,3.7,0.0
164,3.7,0.0
165,3.7,0.0
166,3.7,0.0
167,3.7,0.0
168,3.7,0.0
169,3.7,0.0
170,4.1000000000000005,0.0
171,4.1000000000000005,0.0
172,4.1000000000000005,0.0
173,4.2,0.0
174,4.2,0.0
175,4.2,0.0
176,4.2,0.0
177,4.2,0.0
178,4.2,0.0
179,4.2,0.0
180,4.2,0.0
181,4.2,0.0
182,4.3,0.0
183,4.3,0.0
184,4.3,0.0
185,4.3,0.0
186,4.3,0.0
187,4.3,0.0
188,4.3,0.0
189,4.3,0.0
190,4.3,0.0
191,4.3,0.0
192,4.3,0.0
193,4.3,0.0
194,4.3,0.0
195,4.3,0.0
196,4.3,0.0
197,4.3,0.0
198,4.3,0.0
199,4.3,0.0
200,4.3,0.0
201,4.3,0.0
202,4.3,0.0
203,4.3,0.0
204,4.3,0.0
205,4.3,0.0
206,4.3,0.0
207,4.3,0.0
208,4.3,0.0
209,4.3,0.0
210,4.3,0.0
211,4.3,0.0
212,4.3,0.0
213,4.3,0.0
214,4.3,0.0
215,4.3,0.0
216,4.3,0.0
217,4.3,0.0
218,4.3,0.0
219,4.3,0.0
220,4.3,0.0
221,4.3,0.0
222,4.3,0.0
223,4.3,0.0
224,4.3,0.0
225,4.3,0.0
226,4.3,0.0
227,4.3,0.0
228,4.3,0.0
229,4.3,0.0
230,4.3,0.0
231,4.3,0.0
232,4.3,0.0
233,4.3,0.0
234,4.3,0.0
235,4.3,0.0
236,4.3,0.0
237,4.3,0.0
238,4.3,0.0
239,4.3,0.0
240,4.3,0.0
241,4.3,0.0
242,4.3,0.0
243,4.3,0.0
244,4.3,0.0
245,4.3,0.0
246,4.3,0.0
247,4.7,0.0
248,4.7,0.0
249,4.7,0.0
250,4.7,0.0
251,4.7,0.0
252,4.7,0.0
253,4.7,0.0
254,4.7,0.0
255,4.7,0.0
256,4.7,0.0
257,4.7,0.0
258,4.7,0.0
259,4.7,0.0
260,4.7,0.0
261,4.7,0.0
262,4.7,0.0
263,4.7,0.0
264,4.7,0.0
265,4.7,0.0
266,4.7,0.0
267,4.7,0.0
268,4.7,0.0
269,4.7,0.0
270,4.7,0.0
271,4.7,0.0
272,4.7,0.0
273,4.7,0.0
274,4.7,0.0
275,4.7,0.0
276,4.7,0.0
277,4.7,0.0
278,4.7,0.0
279,4.7,0.0
280,4.7,0.0
281,4.7,0.0
282,4.7,0.0
283,4.7,0.0
284,4.7,0.0
285,4.7,0.0
286,4.7,0.0
287,4.7,0.0
288,4.7,0.0
289,4.7,0.0
290,4.7,0.0
291,4.7,0.0
292,4.7,0.0
293,4.7,0.0
294,5.0,0.0
295,5.0,0.0
296,5.0,0.0
297,5.0,0.0
298,5.0,0.0
299,5.0,0.0
300,5.0,0.0
301,5.0,0.0
302,5.0,0.0
303,5.0,0.0
304,5.0,0.0
305,5.0,0.0
306,5.0,0.0
307,5.0,0.0
308,5.0,0.0
309,5.300000000000001,0.0
310,5.300000000000001,0.0
311,5.300000000000001,0.0
312,5.300000000000001,0.0
313,5.300000000000001,0.0
314,5.300000000000001,0.0
315,5.300000000000001,0.0
316,5.300000000000001,0.0
317,5.4,0.0
318,5.4,0.0
319,5.4,0.0
320,5.4,0.0
321,5.4,0.0
322,5.4,0.0
323,5.5,0.0
324,5.5,0.0
325,5.5,0.0
326,5.5,0.0
327,5.5,0.0
328,5.5,0.0
329,5.5,0.0
330,5.5,0.0
331,5.5,0.0
332,5.7,0.0
333,5.7,0.0
334,5.7,0.0
335,5.7,0.0
336,5.7,0.0
337,6.1000000000000005,0.0
338,6.1000000000000005,0.0
339,6.1000000000000005,0.0
340,6.1000000000000005,0.0
341,6.1000000000000005,0.0
342,6.1000000000000005,0.0
343,6.1000000000000005,0.0
344,6.1000000000000005,0.0
345,6.1000000000000005,0.0
346,6.1000000000000005,0.0
347,6.1000000000000005,0.0
348,6.5,0.0
349,6.5,0.0
350,6.5,0.0
351,6.5,0.0
352,6.5,0.0
353,6.5,0.0
354,6.5,0.0
355,6.5,0.0
356,6.5,0.0
357,6.5,0.0
358,6.5,0.0
359,6.5,0.0
360,6.5,0.0
361,6.5,0.0
362,6.5,0.0
363,6.5,0.0
364,6.5,0.0
365,6.5,0.0
366,6.5,0.0
367,6.5,0.0
368,6.5,0.0
369,6.5,0.0
370,6.5,0.0
371,6.5,0.0
372,6.5,0.0
373,6.5,0.0
374,6.5,0.0
375,6.5,0.0
376,6.5,0.0
377,6.5,0.0
378,6.5,0.0
379,6.5,0.0
380,6.5,0.0
381,6.5,0.0
382,6.5,0.0
383,6.5,0.0
384,6.5,0.0
385,6.6000000000000005,0.0
386,6.6000000000000005,0.0
387,7.0,0.0
388,7.0,0.0
389,7.0,0.0
390,7.0,0.0
391,7.0,0.0
392,7.0,0.0
393,7.0,0.0
394,7.0,0.0
395,7.0,0.0
396,7.0,0.0
397,7.300000000000001,0.0
398,7.300000000000001,0.0
399,7.300000000000001,0.0
400,7.300000000000001,0.0
401,7.300000000000001,0.0
402,7.300000000000001,0.0
403,7.300000000000001,0.0
404,7.300000000000001,0.0
405,7.300000000000001,0.0
406,7.5,0.0
407,7.5,0.0
408,7.5,0.0
409,7.5,0.0
410,7.5,0.0
411,7.5,0.0
412,7.5,0.0
413,7.5,0.0
414,7.5,0.0
415,7.6000000000000005,0.0
416,7.6000000000000005,0.0
417,7.6000000000000005,0.0
418,7.6000000000000005,0.0
419,7.6000000000000005,0.0
420,7.6000000000000005,0.0
421,7.6000000000000005,0.0
422,7.6000000000000005,0.0
423,7.6000000000000005,0.0
424,7.6000000000000005,0.0
425,7.6000000000000005,0.0
426,7.6000000000000005,0.0
427,7.800000000000001,0.0
428,7.800000000000001,0.0
429,7.800000000000001,0.0
430,7.800000000000001,0.0
431,7.800000000000001,0.0
432,7.800000000000001,0.0
433,7.800000000000001,0.0
434,7.800000000000001,0.0
435,7.800000000000001,0.0
436,7.800000000000001,0.0
437,7.800000000000001,0.0
438,7.800000000000001,0.0
439,7.800000000000001,0.0
440,7.800000000000001,0.0
441,7.800000000000001,0.0
442,7.800000000000001,0.0
443,7.800000000000001,0.0
444,7.800000000000001,0.0
445,7.800000000000001,0.0
446,7.800000000000001,0.0
447,7.800000000000001,0.0
448,7.800000000000001,0.0
449,7.800000000000001,0.0
450,7.800000000000001,0.0
451,7.800000000000001,0.0
452,7.800000000000001,0.0
453,7.800000000000001,0.0
454,7.800000000000001,0.0
455,7.800000000000001,0.0
456,7.800000000000001,0.0
457,7.800000000000001,0.0
458,7.800000000000001,0.0
459,7.800000000000001,0.0
460,7.800000000000001,0.0
461,7.800000000000001,0.0
462,7.800000000000001,0.0
463,7.800000000000001,0.0
464,7.800000000000001,0.0
465,7.800000000000001,0.0
466,7.800000000000001,0.0
467,7.800000000000001,0.0
468,7.800000000000001,0.0
469,7.800000000000001,0.0
470,7.800000000000001,0.0
471,7.800000000000001,0.0
472,7.800000000000001,0.0
473,7.800000000000001,0.0
474,7.800000000000001,0.0
475,7.800000000000001,0.0
476,7.800000000000001,0.0
477,7.800000000000001,0.0
478,8.0,0.0
479,8.0,0.0
480,8.0,0.0
481,8.0,0.0
482,8.0,0.0
483,8.0,0.0
484,8.0,0.0
485,8.0,0.0
486,8.0,0.0
487,8.0,0.0
488,8.0,0.0
489,8.0,0.0
490,8.0,0.0
491,8.0,0.0
492,8.0,0.0
493,8.0,0.0
494,8.0,0.0
495,8.0,0.0
496,8.0,0.0
497,8.0,0.0
498,8.0,0.0
499,8.0,0.0
500,8.0,0.0
501,8.0,0.0
502,8.0,0.0
503,8.0,0.0
504,8.0,0.0
505,8.0,0.0
506,8.0,0.0
507,8.0,0.0
508,8.0,0.0
509,8.0,0.0
510,8.0,0.0
511,8.0,0.0
512,8.0,0.0
513,8.0,0.0
514,8.0,0.0
515,8.0,0.0
516,8.0,0.0
517,8.0,0.0
518,8.0,0.0
519,8.0,0.0
520,8.0,0.0
521,8.0,0.0
522,8.0,0.0
523,8.0,0.0
524,8.0,0.0
525,8.0,0.0
526,8.0,0.0
527,8.0,0.0
528,8.0,0.0
529,8.0,0.0
530,8.0,0.0
531,8.0,0.0
532,8.0,0.0
533,8.0,0.0
534,8.0,0.0
535,8.0,0.0
536,8.0,0.0
537,8.0,0.0
538,8.0,0.0
539,8.0,0.0
540,8.0,0.0
541,8.0,0.0
542,8.0,0.0
543,8.0,0.0
544,8.0,0.0
545,8.0,0.0
546,8.0,0.0
547,8.0,0.0
548,8.0,0.0
549,8.0,0.0
550,8.0,0.0
551,8.0,0.0
552,8.0,0.0
553,8.0,0.0
554,8.0,0.0
555,8.0,0.0
556,8.0,0.0
557,8.0,0.0
558,8.0,0.0
559,8.0,0.0
560,8.0,0.0
561,8.0,0.0
562,8.0,0.0
563,8.1,0.0
564,8.1,0.0
565,8.1,0.0
566,8.1,0.0
567,8.1,0.0
568,8.1,0.0
569,8.1,0.0
570,8.1,0.0
571,8.1,0.0
572,8.1,0.0
573,8.1,0.0
574,8.1,0.0
575,8.1,0.0
576,8.1,0.0
577,8.1,0.0
578,8.1,0.0
579,8.1,0.0
580,8.1,0.0
581,8.1,0.0
582,8.200000000000001,0.0
583,8.200000000000001,0.0
584,8.200000000000001,0.0
585,8.200000000000001,0.0
586,8.200000000000001,0.0
587,8.200000000000001,0.0
588,8.200000000000001,0.0
589,8.200000000000001,0.0
590,8.200000000000001,0.0
591,8.200000000000001,0.0
592,8.200000000000001,0.0
593,8.200000000000001,0.0
594,8.3,0.0
595,8.3,0.0
596,8.3,0.0
597,8.3,0.0
598,8.3,0.0
599,8.3,0.0
600,8.3,0.0
601,8.3,0.0
602,8.5,0.0
603,8.5,0.0
604,8.5,0.0
605,8.5,0.0
606,8.5,0.0
607,8.5,0.0
608,8.5,0.0
609,8.5,0.0
610,8.5,0.0
611,8.5,0.0
612,8.5,0.0
613,8.8,0.0
614,8.8,0.0
615,8.8,0.0
616,8.8,0.0
617,8.8,0.0
618,8.8,0.0
619,8.8,0.0
620,8.8,0.0
621,8.8,0.0
622,8.8,0.0
623,8.8,0.0
624,8.9,0.0
625,8.9,0.0
626,8.9,0.0
627,8.9,0.0
628,8.9,0.0
629,8.9,0.0
630,8.9,0.0
631,8.9,0.0
632,8.9,0.0
633,8.9,0.0
634,8.9,0.0
635,8.9,0.0
636,8.9,0.0
637,8.9,0.0
638,8.9,0.0
639,8.9,0.0
640,8.9,0.0
641,8.9,0.0
642,8.9,0.0
643,8.9,0.0
644,8.9,0.0
645,8.9,0.0
646,8.9,0.0
647,8.9,0.0
648,8.9,0.0
649,8.9,0.0
650,8.9,0.0
651,8.9,0.0
652,8.9,0.0
653,8.9,0.0
654,8.9,0.0
655,8.9,0.0
656,8.9,0.0
657,8.9,0.0
658,8.9,0.0
659,8.9,0.0
660,8.9,0.0
661,8.9,0.0
662,8.9,0.0
663,8.9,0.0
664,8.9,0.0
665,8.9,0.0
666,8.9,0.0
667,8.9,0.0
668,8.9,0.0
669,8.9,0.0
670,8.9,0.0
671,8.9,0.0
672,8.9,0.0
673,8.9,0.0
674,8.9,0.0
675,8.9,0.0
676,8.9,0.0
677,8.9,0.0
678,8.9,0.0
679,8.9,0.0
680,8.9,0.0
681,8.9,0.0
682,8.9,0.0
683,8.9,0.0
684,8.9,0.0
685,8.9,0.0
686,8.9,0.0
687,8.9,0.0
688,8.9,0.0
689,8.9,0.0
690,8.9,0.0
691,8.9,0.0
692,8.9,0.0
693,8.9,0.0
694,8.9,0.0
695,8.9,0.0
696,8.9,0.0
697,8.9,0.0
698,8.9,0.0
699,8.9,0.0
700,8.9,0.0
701,8.9,0.0
702,8.9,0.0
703,8.9,0.0
704,8.9,0.0
705,8.9,0.0
706,8.9,0.0
707,8.9,0.0
708,8.9,0.0
709,8.9,0.0
710,8.9,0.0
711,8.9,0.0
712,8.9,0.0
713,8.9,0.0
714,8.9,0.0
715,8.9,0.0
716,8.9,0.0
717,9.1,0.0
718,9.1,0.0
719,9.1,0.0
720,9.1,0.0
721,9.1,0.0
722,9.1,0.0
723,9.1,0.0
724,9.1,0.0
725,9.1,0.0
726,9.1,0.0
727,9.1,0.0
728,9.200000000000001,0.0
729,9.200000000000001,0.0
730,9.200000000000001,0.0
731,9.200000000000001,0.0
732,9.200000000000001,0.0
733,9.200000000000001,0.0
734,9.200000000000001,0.0
735,9.200000000000001,0.0
736,9.200000000000001,0.0
737,9.200000000000001,0.0
738,9.200000000000001,0.0
739,9.200000000000001,0.0
740,9.200000000000001,0.0
741,9.200000000000001,0.0
742,9.200000000000001,0.0
743,9.200000000000001,0.0
744,9.200000000000001,0.0
745,9.200000000000001,0.0
746,9.200000000000001,0.0
747,9.200000000000001,0.0
748,9.200000000000001,0.0
749,9.200000000000001,0.0
750,9.200000000000001,0.0
751,9.200000000000001,0.0
752,9.200000000000001,0.0
753,9.200000000000001,0.0
754,9.200000000000001,0.0
755,9.200000000000001,0.0
756,9.200000000000001,0.0
757,9.200000000000001,0.0
758,9.200000000000001,0.0
759,9.200000000000001,0.0
760,9.200000000000001,0.0
761,9.200000000000001,0.0
762,9.200000000000001,0.0
763,9.200000000000001,0.0
764,9.200000000000001,0.0
765,9.200000000000001,0.0
766,9.200000000000001,0.0
767,9.200000000000001,0.0
768,9.200000000000001,0.0
769,9.200000000000001,0.0
770,9.200000000000001,0.0
771,9.200000000000001,0.0
772,9.200000000000001,0.0
773,9.200000000000001,0.0
774,9.200000000000001,0.0
775,9.200000000000001,0.0
776,9.200000000000001,0.0
777,9.200000000000001,0.0
778,9.200000000000001,0.0
779,9.200000000000001,0.0
780,9.200000000000001,0.0
781,9.200000000000001,0.0
782,9.200000000000001,0.0
783,9.200000000000001,0.0
784,9.200000000000001,0.0
785,9.200000000000001,0.0
786,9.200000000000001,0.0
787,9.200000000000001,0.0
788,9.200000000000001,0.0
789,9.200000000000001,0.0
790,9.200000000000001,0.0
791,9.200000000000001,0.0
792,9.200000000000001,0.0
793,9.200000000000001,0.0
794,9.200000000000001,0.0
795,9.200000000000001,0.0
796,9.200000000000001,0.0
797,9.200000000000001,0.0
798,9.200000000000001,0.0
799,9.200000000000001,0.0
800,9.200000000000001,0.0
801,9.200000000000001,0.0
802,9.200000000000001,0.0
803,9.200000000000001,0.0
804,9.200000000000001,0.0
805,9.200000000000001,0.0
806,9.200000000000001,0.0
807,9.5,0.0
808,9.5,0.0
809,9.5,0.0
810,9.5,0.0
811,9.5,0.0
812,9.5,0.0
813,9.5,0.0
814,9.5,0.0
815,9.5,0.0
816,9.5,0.0
817,9.5,0.0
818,9.5,0.0
819,9.5,0.0
820,9.5,0.0
821,9.5,0.0
822,9.5,0.0
823,9.5,0.0
824,9.5,0.0
825,9.5,0.0
826,9.5,0.0
827,9.5,0.0
828,9.5,0.0
829,9.5,0.0
830,9.600000000000001,0.0
831,9.600000000000001,0.0
832,9.600000000000001,0.0
833,9.600000000000001,0.0
834,9.600000000000001,0.0
835,9.600000000000001,0.0
836,9.600000000000001,0.0
837,9.600000000000001,0.0
838,9.600000000000001,0.0
839,9.600000000000001,0.0
840,9.600000000000001,0.0
841,9.600000000000001,0.0
842,9.600000000000001,0.0
843,9.600000000000001,0.0
844,9.600000000000001,0.0
845,9.600000000000001,0.0
846,9.600000000000001,0.0
847,9.600000000000001,0.0
848,9.600000000000001,0.0
849,9.600000000000001,0.0
850,9.600000000000001,0.0
851,9.600000000000001,0.0
852,9.600000000000001,0.0
853,10.3,0.0
854,10.3,0.0
855,10.3,0.0
856,10.3,0.0
857,10.3,0.0
858,10.3,0.0
859,10.3,0.0
860,10.3,0.0
861,10.3,0.0
862,10.3,0.0
863,10.600000000000001,0.0
864,10.600000000000001,0.0
865,10.600000000000001,0.0
866,10.600000000000001,0.0
867,10.600000000000001,0.0
868,10.600000000000001,0.0
869,10.600000000000001,0.0
870,10.600000000000001,0.0
871,10.600000000000001,0.0
872,10.600000000000001,0.0
873,10.600000000000001,0.0
874,10.600000000000001,0.0
875,10.600000000000001,0.0
876,10.600000000000001,0.0
877,10.600000000000001,0.0
878,10.600000000000001,0.0
879,10.600000000000001,0.0
880,10.600000000000001,0.0
881,10.600000000000001,0.0
882,10.600000000000001,0.0
883,10.600000000000001,0.0
884,10.600000000000001,0.0
885,10.600000000000001,0.0
886,10.600000000000001,0.0
887,10.600000000000001,0.0
888,10.600000000000001,0.0
889,10.600000000000001,0.0
890,10.600000000000001,0.0
891,10.600000000000001,0.0
892,10.600000000000001,0.0
893,10.600000000000001,0.0
894,10.600000000000001,0.0
895,10.600000000000001,0.0
896,10.600000000000001,0.0
897,10.600000000000001,0.0
898,10.600000000000001,0.0
899,10.600000000000001,0.0
900,10.600000000000001,0.0
901,10.600000000000001,0.0
902,10.600000000000001,0.0
903,10.600000000000001,0.0
904,10.600000000000001,0.0
905,10.600000000000001,0.0
906,10.600000000000001,0.0
907,10.600000000000001,0.0
908,10.600000000000001,0.0
909,10.600000000000001,0.0
910,10.600000000000001,0.0
911,10.600000000000001,0.0
912,10.600000000000001,0.0
913,10.600000000000001,0.0
914,10.600000000000001,0.0
915,10.700000000000001,0.0
916,10.700000000000001,0.0
917,10.700000000000001,0.0
918,10.700000000000001,0.0
919,10.700000000000001,0.0
920,10.700000000000001,0.0
921,10.700000000000001,0.0
922,10.700000000000001,0.0
923,10.700000000000001,0.0
924,10.700000000000001,0.0
925,10.700000000000001,0.0
926,10.700000000000001,0.0
927,10.700000000000001,0.0
928,10.700000000000001,0.0
929,10.700000000000001,0.0
930,10.700000000000001,0.0
931,10.700000000000001,0.0
932,10.700000000000001,0.0
933,11.0,0.0
934,11.0,0.0
935,11.0,0.0
936,11.0,0.0
937,11.0,0.0
938,11.0,0.0
939,11.0,0.0
940,11.0,0.0
941,11.0,0.0
942,11.0,0.0
943,11.0,0.0
944,11.0,0.0
945,11.0,0.0
946,11.0,0.0
947,11.0,0.0
948,11.0,0.0
949,11.0,0.0
950,11.0,0.0
951,11.0,0.0
952,11.0,0.0
953,11.0,0.0
954,11.0,0.0
955,11.0,0.0
956,11.0,0.0
957,11.100000000000001,0.0
958,11.100000000000001,0.0
959,11.100000000000001,0.0
960,11.100000000000001,0.0
961,11.100000000000001,0.0
962,11.100000000000001,0.0
963,11.100000000000001,0.0
964,11.100000000000001,0.0
965,11.100000000000001,0.0
966,11.100000000000001,0.0
967,11.100000000000001,0.0
968,11.100000000000001,0.0
969,11.100000000000001,0.0
970,11.100000000000001,0.0
971,11.100000000000001,0.0
972,11.100000000000001,0.0
973,11.100000000000001,0.0
974,11.100000000000001,0.0
975,11.100000000000001,0.0
976,11.100000000000001,0.0
977,11.3,0.0
978,11.3,0.0
979,11.3,0.0
980,11.3,0.0
981,11.3,0.0
982,11.3,0.0
983,11.3,0.0
984,11.3,0.0
985,11.3,0.0
986,11.3,0.0
987,13.700000000000001,0.0
988,13.700000000000001,0.0
989,13.700000000000001,0.0
990,13.700000000000001,0.0
991,13.700000000000001,0.0
992,13.700000000000001,0.0
993,13.700000000000001,0.0
994,13.700000000000001,0.0
995,13.700000000000001,0.0
996,13.700000000000001,0.0
997,13.700000000000001,0.0
998,13.700000000000001,0.0
999,13.700000000000001,0.0
1000,14.100000000000001,0.0
1001,14.100000000000001,0.0
1002,14.100000000000001,0.0
1003,14.100000000000001,0.0
1004,14.100000000000001,0.0
1005,14.100000000000001,0.0
1006,14.100000000000001,0.0
1007,14.100000000000001,0.0
1008,14.100000000000001,0.0
1009,14.100000000000001,0.0
1010,14.100000000000001,0.0
1011,14.100000000000001,0.0
1012,14.100000000000001,0.0
1013,14.100000000000001,0.0
1014,14.100000000000001,0.0
1015,14.100000000000001,0.0
1016,14.100000000000001,0.0
1017,14.100000000000001,0.0
1018,14.100000000000001,0.0
1019,14.100000000000001,0.0
1020,14.100000000000001,0.0
1021,14.100000000000001,0.0
1022,14.100000000000001,0.0
1023,14.100000000000001,0.0
1024,14.100000000000001,0.0
1025,14.100000000000001,0.0
1026,14.100000000000001,0.0
1027,14.100000000000001,0.0
1028,14.100000000000001,0.0
1029,14.100000000000001,0.0
1030,14.100000000000001,0.0
1031,14.100000000000001,0.0
1032,14.100000000000001,0.0
1033,14.100000000000001,0.0
1034,14.100000000000001,0.0
1035,14.100000000000001,0.0
1036,14.100000000000001,0.0
1037,14.3,0.0
1038,14.3,0.0
1039,14.3,0.0
1040,14.3,0.0
1041,14.3,0.0
1042,14.3,0.0
1043,14.3,0.0
1044,14.3,0.0
1045,14.3,0.0
1046,14.3,0.0
1047,14.3,0.0
1048,14.3,0.0
1049,14.5,0.0
1050,14.5,0.0
1051,14.5,0.0
1052,14.5,0.0
1053,14.5,0.0
1054,14.5,0.0
1055,14.5,0.0
1056,14.5,0.0
1057,14.5,0.0
1058,14.5,0.0
1059,14.5,0.0
1060,14.5,0.0
1061,14.5,0.0
1062,14.5,0.0
1063,14.5,0.0
1064,14.5,0.0
1065,14.5,0.0
1066,14.5,0.0
1067,14.5,0.0
1068,14.5,0.0
1069,14.5,0.0
1070,14.5,0.0
1071,14.5,0.0
1072,14.5,0.0
1073,14.5,0.0
1074,14.5,0.0
1075,14.5,0.0
1076,14.700000000000001,0.0
1077,14.700000000000001,0.0
1078,14.700000000000001,0.0
1079,14.700000000000001,0.0
1080,14.700000000000001,0.0
1081,14.700000000000001,0.0
1082,14.700000000000001,0.0
1083,14.700000000000001,0.0
1084,14.700000000000001,0.0
1085,14.700000000000001,0.0
1086,14.700000000000001,0.0
1087,14.700000000000001,0.0
1088,14.700000000000001,0.0
1089,14.700000000000001,0.0
1090,14.700000000000001,0.0
1091,14.700000000000001,0.0
1092,14.700000000000001,0.0
1093,14.700000000000001,0.0
1094,14.700000000000001,0.0
1095,14.700000000000001,0.0
1096,14.700000000000001,0.0
1097,14.700000000000001,0.0
1098,14.700000000000001,0.0
1099,14.700000000000001,0.0
1100,14.700000000000001,0.0
1101,14.700000000000001,0.0
1102,14.700000000000001,0.0
1103,14.700000000000001,0.0
1104,14.700000000000001,0.0
1105,14.700000000000001,0.0
1106,14.8,0.0
1107,14.8,0.0
1108,14.8,0.0
1109,14.8,0.0
1110,14.8,0.0
1111,14.8,0.0
1112,14.8,0.0
1113,14.8,0.0
1114,14.8,0.0
1115,14.8,0.0
1116,14.8,0.0
1117,14.8,0.0
1118,14.8,0.0
1119,14.8,0.0
1120,14.8,0.0
1121,14.8,0.0
1122,14.8,0.0
1123,14.8,0.0
1124,14.8,0.0
1125,15.0,0.0
1126,15.0,0.0
1127,15.0,0.0
1128,15.0,0.0
1129,15.0,0.0
1130,15.0,0.0
1131,15.0,0.0
1132,15.0,0.0
1133,15.0,0.0
1134,15.0,0.0
1135,15.0,0.0
1136,15.0,0.0
1137,15.0,0.0
1138,15.0,0.0
1139,15.0,0.0
1140,15.0,0.0
1141,15.0,0.0
1142,15.0,0.0
1143,15.0,0.0
1144,15.3,0.0
1145,15.3,0.0
1146,15.3,0.0
1147,15.3,0.0
1148,15.3,0.0
1149,15.3,0.0
1150,15.3,0.0
1151,15.3,0.0
1152,15.3,0.0
1153,15.3,0.0
1154,15.3,0.0
1155,15.3,0.0
1156,15.5,0.0
1157,15.5,0.0
1158,15.5,0.0
1159,15.5,0.0
1160,15.5,0.0
1161,15.5,0.0
1162,15.5,0.0
1163,15.5,0.0
1164,15.5,0.0
1165,15.5,0.0
1166,15.5,0.0
1167,15.5,0.0
1168,15.5,0.0
1169,15.5,0.0
1170,15.5,0.0
1171,15.5,0.0
1172,16.400000000000002,0.0
1173,16.400000000000002,0.0
1174,16.400000000000002,0.0
1175,16.400000000000002,0.0
1176,16.400000000000002,0.0
1177,16.400000000000002,0.0
1178,16.400000000000002,0.0
1179,16.400000000000002,0.0
1180,16.400000000000002,0.0
1181,16.400000000000002,0.0
1182,16.400000000000002,0.0
1183,16.400000000000002,0.0
1184,17.7,0.0
1185,17.7,0.0
1186,17.7,0.0
1187,17.7,0.0
1188,17.7,0.0
1189,17.7,0.0
1190,17.7,0.0
1191,17.7,0.0
1192,17.7,0.0
1193,17.7,0.0
1194,17.7,0.0
1195,17.8,0.0
1196,17.8,0.0
1197,17.8,0.0
1198,17.8,0.0
1199,17.8,0.0
1200,17.8,0.0
1201,17.8,0.0
1202,17.8,0.0
1203,17.8,0.0
1204,17.8,0.0
1205,17.8,0.0
1206,18.0,0.0
1207,18.0,0.0
1208,18.0,0.0
1209,18.0,0.0
1210,18.0,0.0
1211,18.0,0.0
1212,18.0,0.0
1213,18.0,0.0
1214,18.0,0.0
1215,18.0,0.0
1216,18.0,0.0
1217,18.0,0.008888999386734042
1218,18.0,0.03197752473770521
1219,18.0,0.03197752473770521
1220,18.0,0.03487809324913016
1221,18.0,0.046491969568891456
1222,18.0,0.046491969568891456
1223,18.0,0.046491969568891456
1224,18.0,0.049380935806262016
1225,18.0,0.13197752473770308
1226,18.0,0.13197752473770485
1227,18.0,0.13197752473770485
1228,18.0,0.1449024580246281
1229,18.400000000000002,0.146491969568892
1230,18.400000000000002,0.146491969568892
1231,18.400000000000002,0.14938093580626344
1232,18.400000000000002,0.14938093580626344
1233,18.400000000000002,0.14938093580626344
1234,18.400000000000002,0.14938093580626344
1235,18.400000000000002,0.14938093580626344
1236,18.400000000000002,0.14938093580626344
1237,18.400000000000002,0.17445345001905466
1238,18.400000000000002,0.17445345001905466
1239,18.400000000000002,0.2319775247377045
1240,18.400000000000002,0.2319775247377045
1241,18.400000000000002,0.23487809324912945
1242,18.400000000000002,0.2744534500190561
1243,18.400000000000002,0.2744534500190561
1244,18.400000000000002,0.2744534500190561
1245,18.400000000000002,0.2770987685014825
1246,18.400000000000002,0.33197752473770237
1247,18.400000000000002,0.33197752473770237
1248,18.400000000000002,0.33197752473770237
1249,18.400000000000002,0.34649196956889217
1250,18.400000000000002,0.3493809358062663
1251,19.200000000000003,0.3744534500190575
1252,19.200000000000003,0.38791208791208476
1253,19.200000000000003,0.38791208791208476
1254,19.200000000000003,0.38791208791208476
1255,19.200000000000003,0.3889678948502464
1256,19.200000000000003,0.4493809358062606
1257,19.200000000000003,0.4493809358062606
1258,19.200000000000003,0.4493809358062606
1259,19.200000000000003,0.4744534500190518
1260,19.200000000000003,0.47445345001905537
1261,19.200000000000003,0.5359339001872883
1262,19.200000000000003,0.5464919695688915
1263,19.200000000000003,0.549380935806262
1264,19.400000000000002,0.5493809358062691
1265,19.400000000000002,0.5493809358062691
1266,19.400000000000002,0.5744534500190532
1267,19.400000000000002,0.5744534500190532
1268,19.400000000000002,0.646491969568892
1269,19.400000000000002,0.6493809358062563
1270,19.400000000000002,0.7319775247377045
1271,19.400000000000002,0.7319775247377045
1272,19.400000000000002,0.7319775247377045
1273,19.400000000000002,0.7348780932491294
1274,19.400000000000002,0.7348780932491294
1275,19.400000000000002,0.7464919695688916
1276,19.400000000000002,0.7493809358062578
1277,19.400000000000002,0.7493809358062649
1278,20.0,0.7493809358062649
1279,20.0,0.7493809358062649
1280,20.0,0.7493809358062649
1281,20.0,0.7493809358062649
1282,20.0,0.7852783717037104
1283,20.0,0.8464919695688913
1284,20.0,0.8464919695688913
1285,20.0,0.8464919695688913
1286,20.0,0.8493809358062663
1287,20.0,0.8493809358062663
1288,20.0,0.8654848921817226
1289,20.0,0.8879120879120848
1290,20.1,0.9319775247377038
1291,20.1,0.9319775247377038
1292,20.1,0.9319775247377038
1293,20.1,0.9348780932491287
1294,20.1,0.9348780932491287
1295,20.1,0.9464919695688918
1296,20.1,0.9493809358062606
1297,20.1,0.9493809358062606
1298,20.1,0.9493809358062606
1299,20.1,0.9493809358062606
1300,20.1,0.9493809358062606
1301,20.1,0.9493809358062606
1302,20.1,0.9744534500190554
1303,20.1,0.9879120879120862
1304,20.1,1.008888999386734
1305,20.1,1.0284156266056712
1306,20.1,1.0319775247377052
1307,20.1,1.131977524737703
1308,20.1,1.1493809358062634
1309,20.1,1.1493809358062634
1310,20.1,1.1744534500190547
1311,20.1,1.1744534500190547
1312,20.1,1.1879120879120855
1313,20.1,1.2319775247377045
1314,20.1,1.2319775247377045
1315,20.1,1.2319775247377045
1316,20.1,1.2493809358062649
1317,20.1,1.2493809358062649
1318,20.1,1.2493809358062649
1319,20.1,1.2603373499301007
1320,20.1,1.3207619931601755
1321,20.1,1.331977524737706
1322,20.1,1.3464919695688922
1323,20.1,1.3464919695688922
1324,20.1,1.3464919695688922
1325,20.1,1.3493809358062663
1326,20.1,1.3493809358062663
1327,20.1,1.4319775247377038
1328,20.1,1.4319775247377038
1329,20.1,1.4319775247377038
1330,20.1,1.4493809358062606
1331,20.1,1.4744534500190554
1332,20.1,1.4744534500190554
1333,20.1,1.508888999386734
1334,20.1,1.5348780932491302
1335,20.1,1.549380935806262
1336,20.1,1.549380935806262
1337,20.1,1.549380935806262
1338,20.1,1.5493809358062691
1339,20.1,1.5744534500190532
1340,20.1,1.587912087912084
1341,20.1,1.631977524737703
1342,20.1,1.631977524737703
1343,20.1,1.6319775247377049
1344,20.1,1.6348780932491316
1345,20.1,1.6493809358062634
1346,20.1,1.6603373499301028
1347,20.1,1.6744534500190547
1348,20.1,1.6744534500190547
1349,20.1,1.6744534500190547
1350,20.1,1.6744534500190547
1351,20.1,1.6744534500190547
1352,20.1,1.7319775247377045
1353,20.1,1.734878093249133
1354,20.1,1.734878093249133
1355,20.1,1.7464919695688925
1356,20.1,1.7493809358062578
1357,20.1,1.7493809358062578
1358,20.1,1.774453450019056
1359,20.1,1.8319775247377041
1360,20.1,1.8319775247377041
1361,20.1,1.831977524737706
1362,20.1,1.831977524737706
1363,20.1,1.8464919695688913
1364,20.1,1.8464919695688913
1365,20.1,1.8464919695688922
1366,20.200000000000003,1.874453450019054
1367,20.200000000000003,1.9348780932491287
1368,20.200000000000003,1.9348780932491287
1369,20.200000000000003,1.9348780932491287
1370,20.200000000000003,1.9464919695688918
1371,20.200000000000003,1.9464919695688918
1372,20.200000000000003,1.9464919695688918
1373,20.200000000000003,1.9493809358062606
1374,20.200000000000003,1.9493809358062606
1375,20.200000000000003,1.9493809358062606
1376,20.200000000000003,1.9493809358062606
1377,20.200000000000003,1.9493809358062606
1378,20.200000000000003,1.9493809358062677
1379,20.200000000000003,1.9493809358062677
1380,20.200000000000003,1.9744534500190554
1381,20.200000000000003,1.9879120879120826
1382,21.6,2.031977524737705
1383,21.6,2.049380935806262
1384,21.6,2.0744534500190532
1385,21.6,2.087912087912084
1386,21.6,2.1207619931601798
1387,21.6,2.131977524737703
1388,21.6,2.1359339001872897
1389,21.6,2.1359339001872897
1390,21.6,2.146491969568891
1391,21.6,2.1493809358062634
1392,21.6,2.1493809358062634
1393,21.6,2.1493809358062634
1394,21.6,2.1879120879120855
1395,21.6,2.2319775247377045
1396,21.6,2.2319775247377045
1397,21.6,2.2464919695688916
1398,21.6,2.2493809358062578
1399,21.6,2.2493809358062578
1400,21.6,2.287912087912087
1401,21.6,2.331977524737704
1402,21.6,2.3464919695688913
1403,22.0,2.3493809358062663
1404,22.0,2.374453450019054
1405,22.0,2.374453450019054
1406,22.0,2.435933900187287
1407,22.0,2.4493809358062606
1408,22.0,2.4493809358062677
1409,22.0,2.474453450019052
1410,22.0,2.5319775247377034
1411,22.0,2.5319775247377034
1412,22.0,2.5603373499301014
1413,22.0,2.5744534500190532
1414,22.0,2.6088889993867355
1415,22.0,2.6319775247377066
1416,22.0,2.6359339001872897
1417,22.0,2.646491969568891
1418,22.0,2.646491969568892
1419,22.0,2.6493809358062634
1420,22.0,2.6665406991198815
1421,22.0,2.6744534500190547
1422,22.0,2.6744534500190547
1423,22.0,2.6744534500190547
1424,22.0,2.6744534500190547
1425,22.0,2.7319775247377045
1426,22.3,2.7464919695688916
1427,22.3,2.7464919695688916
1428,22.3,2.7464919695688916
1429,22.3,2.7493809358062578
1430,22.3,2.7493809358062578
1431,22.3,2.7744534500190525
1432,22.3,2.774453450019056
1433,22.3,2.774453450019056
1434,22.3,2.831977524737706
1435,22.3,2.831977524737706
1436,22.3,2.831977524737706
1437,22.3,2.834878093249131
1438,22.3,2.849380935806259
1439,22.3,2.849380935806259
1440,22.3,2.849380935806259
1441,22.3,2.849380935806259
1442,22.3,2.9348780932491287
1443,22.3,2.946491969568892
1444,22.3,2.974453450019052
1445,22.3,3.0359339001872883
1446,22.3,3.049380935806262
1447,22.3,3.0744534500190532
1448,22.3,3.087912087912084
1449,22.3,3.1348780932491316
1450,22.3,3.1359339001872897
1451,22.5,3.1493809358062634
1452,22.5,3.1493809358062634
1453,22.5,3.1493809358062634
1454,22.5,3.1744534500190547
1455,22.5,3.1879120879120855
1456,22.5,3.1955695887822575
1457,22.5,3.2319775247377045
1458,22.5,3.2319775247377045
1459,22.5,3.2319775247377045
1460,22.5,3.2493809358062578
1461,22.5,3.249380935806265
1462,22.5,3.274453450019056
1463,22.5,3.3088889993867348
1464,22.5,3.3088889993867348
1465,22.5,3.331977524737706
1466,22.5,3.331977524737706
1467,22.5,3.349380935806259
1468,22.5,3.349380935806259
1469,22.5,3.349380935806259
1470,22.5,3.349380935806259
1471,22.5,3.3493809358062663
1472,22.5,3.3493809358062663
1473,22.5,3.3493809358062663
1474,22.5,3.3493809358062663
1475,22.5,3.3493809358062663
1476,22.5,3.4088889993867326
1477,22.5,3.431977524737704
1478,22.5,3.431977524737704
1479,22.5,3.4359339001872904
1480,22.5,3.446491969568892
1481,22.5,3.446491969568892
1482,22.5,3.446491969568892
1483,22.5,3.4493809358062606
1484,22.5,3.4493809358062606
1485,22.5,3.4493809358062606
1486,22.5,3.459150050552765
1487,22.5,3.531977524737705
1488,22.5,3.5359339001872883
1489,22.5,3.5464919695688915
1490,22.5,3.549380935806262
1491,22.5,3.549380935806262
1492,22.5,3.5744534500190532
1493,22.5,3.5744534500190532
1494,22.5,3.631977524737703
1495,22.5,3.6493809358062634
1496,22.5,3.6493809358062634
1497,22.5,3.662584323670293
1498,22.5,3.6744534500190547
1499,22.5,3.6744534500190547
1500,22.5,3.6744534500190547
1501,22.5,3.6744534500190547
1502,22.5,3.6879120879120855
1503,22.5,3.7319775247377045
1504,22.5,3.7319775247377045
1505,22.5,3.7493809358062578
1506,22.5,3.7493809358062578
1507,22.5,3.7493809358062578
1508,22.5,3.774453450019056
1509,22.5,3.831977524737704
1510,22.5,3.860337349930102
1511,22.5,3.8879120879120848
1512,22.5,3.931977524737704
1513,22.5,3.9359339001872904
1514,22.5,3.9493809358062606
1515,22.5,3.9493809358062606
1516,22.5,4.0053271012547
1517,22.5,4.031977524737705
1518,22.5,4.031977524737705
1519,22.5,4.074453450019053
1520,22.5,4.131977524737707
1521,22.5,4.149380935806263
1522,22.5,4.174453450019055
1523,22.8,4.174453450019055
1524,22.8,4.174453450019055
1525,22.8,4.2319775247377045
1526,22.8,4.2319775247377045
1527,22.8,4.2319775247377045
1528,22.8,4.235933900187291
1529,22.8,4.249380935806258
1530,22.8,4.249380935806265
1531,22.8,4.249380935806265
1532,22.8,4.259150050552762
1533,22.8,4.2744534500190525
1534,22.8,4.274453450019056
1535,22.8,4.2782822004541465
1536,22.8,4.331977524737702
1537,22.8,4.374453450019054
1538,22.8,4.431977524737704
1539,22.8,4.43593390018729
1540,22.8,4.449380935806268
1541,22.8,4.474453450019055
1542,22.8,4.474453450019055
1543,22.8,4.474453450019055
1544,22.8,4.474453450019055
1545,22.8,4.474453450019055
1546,22.8,4.549380935806262
1547,22.8,4.549380935806262
1548,22.8,4.549380935806262
1549,22.8,4.549380935806262
1550,22.8,4.549380935806262
1551,23.0,4.549380935806262
1552,23.0,4.549380935806262
1553,23.0,4.549380935806262
1554,23.0,4.591729236073114
1555,23.0,4.631977524737707
1556,23.0,4.646491969568891
1557,23.0,4.649380935806263
1558,23.0,4.649380935806263
1559,23.0,4.649380935806263
1560,23.0,4.649380935806263
1561,23.0,4.674453450019055
1562,23.0,4.708888999386733
1563,23.0,4.7319775247377045
1564,23.0,4.7319775247377045
1565,23.0,4.7464919695688925
1566,23.0,4.7464919695688925
1567,23.8,4.749380935806265
1568,23.8,4.831977524737702
1569,23.8,4.831977524737706
1570,23.8,4.846491969568892
1571,23.8,4.874453450019054
1572,23.8,4.874453450019054
1573,23.8,4.946491969568892
1574,23.8,4.949380935806261
1575,23.8,4.949380935806261
1576,23.8,4.949380935806261
1577,23.8,4.949380935806261
1578,23.8,5.008888999386734
1579,23.8,5.031977524737705
1580,23.8,5.031977524737705
1581,23.8,5.049380935806269
1582,23.8,5.050715197321532
1583,23.8,5.074453450019053
1584,23.8,5.074453450019057
1585,23.8,5.089629224470855
1586,23.8,5.1088889993867355
1587,23.8,5.174453450019055
1588,23.8,5.232105149752204
1589,23.8,5.274453450019056
1590,23.8,5.274453450019056
1591,23.8,5.3744534500190575
1592,23.8,5.387912087912085
1593,23.8,5.43593390018729
1594,23.8,5.446491969568892
1595,23.8,5.449380935806261
1596,23.8,5.531977524737705
1597,23.8,5.531977524737705
1598,23.8,5.531977524737705
1599,23.8,5.53487809324913
1600,23.8,5.574453450019053
1601,23.8,5.574453450019057
1602,23.8,5.574453450019057
1603,23.8,5.631977524737703
1604,23.8,5.631977524737707
1605,23.8,5.634878093249132
1606,23.8,5.646491969568893
1607,23.8,5.674453450019055
1608,23.8,5.674453450019055
1609,23.8,5.735933900187291
1610,23.8,5.749380935806265
1611,23.8,5.831977524737702
1612,23.8,5.831977524737702
1613,23.8,5.834878093249131
1614,23.8,5.834878093249131
1615,23.8,5.849380935806259
1616,23.8,5.874453450019054
1617,23.8,5.8744534500190575
1618,23.8,5.888967894850246
1619,23.8,5.931977524737704
1620,23.8,5.934878093249129
1621,23.8,5.949380935806261
1622,23.8,5.949380935806261
1623,23.8,5.949380935806261
1624,23.8,5.957305288979494
1625,23.8,5.977098768501482
1626,23.8,6.049380935806262
1627,23.8,6.049380935806262
1628,23.8,6.049380935806269
1629,23.8,6.049380935806269
1630,24.1,6.134878093249132
1631,24.1,6.149380935806263
1632,24.1,6.149380935806263
1633,24.1,6.149380935806263
1634,24.1,6.149380935806263
1635,24.1,6.149380935806263
1636,24.1,6.149380935806263
1637,24.1,6.149380935806263
1638,24.1,6.149380935806263
1639,24.1,6.174453450019055
1640,24.1,6.178282200454145
1641,24.1,6.191729236073115
1642,24.1,6.208888999386733
1643,24.1,6.249380935806265
1644,24.1,6.249380935806265
1645,24.1,6.2896292244708505
1646,24.1,6.331977524737702
1647,24.1,6.331977524737702
1648,24.1,6.331977524737702
1649,24.1,6.346491969568892
1650,24.1,6.349380935806259
1651,24.1,6.349380935806266
1652,24.1,6.374453450019054
1653,24.1,6.374453450019054
1654,24.1,6.387912087912085
1655,24.1,6.408888999386733
1656,24.1,6.431977524737704
1657,24.1,6.449380935806261
1658,24.1,6.449380935806261
1659,24.1,6.549380935806262
1660,24.1,6.574453450019053
1661,24.1,6.631977524737707
1662,24.1,6.634878093249132
1663,24.1,6.634878093249132
1664,24.1,6.63593390018729
1665,24.1,6.646491969568893
1666,24.1,6.649380935806263
1667,24.1,6.674453450019055
1668,24.1,6.674453450019055
1669,24.1,6.674453450019055
1670,25.8,6.746491969568891
1671,25.8,6.749380935806258
1672,25.8,6.787912087912083
1673,25.8,6.808888999386735
1674,25.8,6.835933900187289
1675,25.8,6.849380935806259
1676,25.8,6.849380935806259
1677,25.8,6.849380935806266
1678,25.8,6.874453450019054
1679,25.8,6.931977524737704
1680,25.8,6.931977524737704
1681,25.8,6.931977524737704
1682,25.8,6.946491969568892
1683,25.8,6.946491969568892
1684,25.8,6.946491969568892
1685,25.8,6.949125685777272
1686,25.8,6.957305288979491
1687,25.8,6.974453450019052
1688,25.8,6.987912087912086
1689,25.8,7.02181780009834
1690,25.8,7.074453450019053
1691,25.8,7.074453450019053
1692,25.8,7.087912087912084
1693,25.8,7.131977524737703
1694,25.8,7.134878093249132
1695,25.8,7.134878093249132
1696,25.8,7.146491969568893
1697,25.8,7.146491969568893
1698,25.8,7.146491969568893
1699,25.8,7.149380935806263
1700,25.8,7.205327101254699
1701,25.8,7.208888999386733
1702,25.8,7.240284752954434
1703,25.8,7.246491969568891
1704,25.8,7.246491969568891
1705,26.200000000000003,7.2464919695688925
1706,26.200000000000003,7.249380935806265
1707,26.200000000000003,7.274453450019056
1708,26.200000000000003,7.274453450019056
1709,26.200000000000003,7.274453450019056
1710,26.200000000000003,7.287912087912087
1711,26.200000000000003,7.331977524737706
1712,26.200000000000003,7.334878093249127
1713,26.200000000000003,7.334878093249131
1714,26.200000000000003,7.349380935806259
1715,26.200000000000003,7.349380935806259
1716,26.200000000000003,7.349380935806259
1717,26.200000000000003,7.349380935806266
1718,26.200000000000003,7.374453450019054
1719,26.200000000000003,7.431977524737704
1720,26.200000000000003,7.449380935806268
1721,26.200000000000003,7.474453450019052
1722,26.200000000000003,7.487912087912083
1723,26.200000000000003,7.508888999386734
1724,26.200000000000003,7.508888999386734
1725,26.200000000000003,7.531977524737705
1726,26.200000000000003,7.535933900187288
1727,26.200000000000003,7.549380935806262
1728,26.200000000000003,7.549380935806262
1729,26.200000000000003,7.549380935806262
1730,26.200000000000003,7.549380935806262
1731,26.200000000000003,7.560337349930101
1732,26.200000000000003,7.574453450019053
1733,26.200000000000003,7.574453450019053
1734,26.200000000000003,7.634878093249132
1735,26.200000000000003,7.63593390018729
1736,26.200000000000003,7.674453450019055
1737,26.200000000000003,7.6879120879120855
1738,26.900000000000002,7.6879120879120855
1739,26.900000000000002,7.749380935806265
1740,26.900000000000002,7.749380935806265
1741,26.900000000000002,7.749380935806265
1742,26.900000000000002,7.846491969568892
1743,26.900000000000002,7.849380935806259
1744,26.900000000000002,7.849380935806259
1745,26.900000000000002,7.849380935806266
1746,26.900000000000002,7.874453450019054
1747,26.900000000000002,7.931977524737704
1748,26.900000000000002,7.949380935806261
1749,26.900000000000002,7.949380935806261
1750,26.900000000000002,7.974453450019055
1751,26.900000000000002,7.987912087912086
1752,26.900000000000002,8.008888999386734
1753,26.900000000000002,8.031977524737705
1754,26.900000000000002,8.031977524737705
1755,26.900000000000002,8.04649196956889
1756,26.900000000000002,8.049380935806262
1757,26.900000000000002,8.049380935806262
1758,26.900000000000002,8.074453450019053
1759,26.900000000000002,8.074453450019053
1760,26.900000000000002,8.074453450019053
1761,26.900000000000002,8.074453450019053
1762,26.900000000000002,8.077098768501482
1763,26.900000000000002,8.131977524737707
1764,26.900000000000002,8.174453450019055
1765,26.900000000000002,8.174453450019055
1766,26.900000000000002,8.208888999386737
1767,26.900000000000002,8.249380935806258
1768,26.900000000000002,8.249380935806265
1769,26.900000000000002,8.249380935806265
1770,26.900000000000002,8.249380935806265
1771,26.900000000000002,8.274453450019056
1772,26.900000000000002,8.274453450019056
1773,26.900000000000002,8.274453450019056
1774,26.900000000000002,8.274453450019056
1775,26.900000000000002,8.331977524737706
1776,26.900000000000002,8.331977524737706
1777,26.900000000000002,8.334878093249127
1778,27.5,8.33487809324913
1779,27.5,8.33487809324913
1780,27.5,8.335933900187289
1781,27.5,8.335933900187289
1782,27.5,8.378282200454144
1783,27.5,8.446491969568893
1784,27.5,8.508888999386734
1785,27.5,8.54649196956889
1786,27.5,8.54649196956889
1787,27.5,8.54649196956889
1788,27.5,8.549380935806262
1789,27.5,8.549380935806262
1790,27.5,8.549380935806262
1791,27.5,8.54938093580627
1792,27.5,8.634878093249132
1793,27.5,8.649380935806263
1794,27.5,8.649380935806263
1795,27.5,8.649380935806263
1796,27.5,8.649380935806263
1797,27.5,8.649380935806263
1798,27.5,8.774453450019056
1799,27.5,8.787912087912083
1800,27.5,8.787912087912087
1801,27.5,8.949380935806268
1802,27.5,8.949380935806268
1803,27.5,8.949380935806268
1804,27.5,8.949380935806268
1805,27.5,8.974453450019059
1806,27.5,9.074453450019053
1807,27.5,9.074453450019053
1808,27.5,9.149380935806263
1809,27.5,9.149380935806263
1810,28.1,9.149380935806263
1811,28.1,9.23487809324913
1812,28.1,9.249380935806258
1813,28.1,9.249380935806265
1814,28.1,9.287912087912087
1815,28.1,9.308888999386735
1816,28.1,9.33487809324913
1817,28.1,9.349380935806266
1818,28.1,9.349380935806266
1819,28.1,9.388967894850246
1820,28.1,9.431977524737704
1821,28.1,9.44938093580626
1822,28.1,9.44938093580626
1823,28.1,9.44938093580626
1824,28.1,9.474453450019059
1825,28.1,9.474453450019059
1826,28.1,9.531977524737705
1827,28.1,9.531977524737705
1828,28.1,9.546491969568894
1829,28.1,9.549380935806255
1830,28.1,9.549380935806262
1831,28.1,9.549380935806262
1832,28.1,9.608888999386735
1833,28.1,9.631977524737707
1834,28.1,9.660337349930103
1835,28.1,9.660337349930103
1836,28.1,9.674453450019055
1837,28.1,9.73487809324913
1838,28.1,9.735933900187288
1839,28.1,9.735933900187291
1840,28.1,9.749380935806265
1841,28.1,9.749380935806265
1842,28.1,9.749380935806265
1843,28.1,9.749380935806265
1844,28.1,9.835933900187289
1845,28.1,9.849380935806266
1846,28.1,9.849380935806266
1847,28.1,9.849380935806266
1848,28.1,9.87445345001905
1849,28.1,9.94938093580626
1850,28.1,9.987912087912086
1851,28.1,10.035933900187288
1852,28.1,10.035933900187288
1853,28.1,10.049380935806262
1854,28.1,10.049380935806262
1855,29.3,10.049380935806262
1856,29.3,10.062584323670293
1857,29.3,10.074453450019053
1858,29.3,10.108888999386735
1859,29.3,10.134878093249132
1860,29.3,10.146491969568892
1861,29.3,10.165484892181723
1862,29.3,10.235933900187291
1863,29.3,10.249380935806258
1864,29.3,10.274453450019056
1865,29.3,10.274453450019056
1866,29.3,10.349380935806266
1867,29.3,10.349380935806266
1868,29.3,10.349380935806266
1869,29.3,10.349380935806266
1870,29.3,10.431977524737704
1871,29.3,10.434878093249129
1872,29.3,10.449380935806268
1873,29.3,10.546491969568894
1874,29.3,10.549380935806262
1875,29.3,10.549380935806262
1876,29.3,10.549380935806262
1877,29.3,10.574453450019053
1878,29.3,10.574453450019053
1879,29.3,10.631977524737707
1880,29.3,10.631977524737707
1881,29.3,10.631977524737707
1882,29.3,10.631977524737707
1883,29.3,10.634878093249128
1884,29.3,10.674453450019055
1885,29.3,10.708888999386733
1886,29.3,10.708888999386733
1887,29.3,10.760337349930104
1888,29.3,10.774453450019056
1889,29.3,10.774453450019056
1890,29.3,10.774453450019056
1891,29.3,10.774453450019056
1892,29.3,10.931977524737704
1893,29.3,10.949380935806268
1894,29.3,10.974453450019052
1895,29.3,11.035933900187288
1896,29.3,11.049380935806262
1897,29.3,11.049380935806262
1898,29.3,11.049380935806262
1899,29.3,11.049380935806262
1900,29.3,11.049380935806262
1901,29.3,11.04938093580627
1902,29.3,11.074453450019053
1903,29.3,11.074453450019053
1904,29.3,11.074453450019053
1905,29.3,11.166540699119885
1906,29.3,11.174453450019055
1907,29.3,11.174453450019055
1908,29.3,11.174453450019055
1909,29.3,11.208888999386737
1910,29.5,11.249380935806258
1911,29.5,11.249380935806258
1912,29.5,11.249380935806258
1913,29.5,11.249380935806258
1914,29.5,11.249380935806258
1915,29.5,11.249380935806265
1916,29.5,11.287912087912087
1917,29.5,11.287912087912087
1918,29.5,11.335933900187289
1919,29.5,11.349380935806266
1920,29.5,11.349380935806266
1921,29.5,11.431977524737704
1922,29.5,11.431977524737707
1923,29.5,11.431977524737707
1924,29.5,11.44649196956889
1925,29.5,11.44938093580626
1926,29.5,11.44938093580626
1927,29.5,11.48791208791209
1928,29.5,11.53487809324913
1929,29.5,11.53487809324913
1930,29.5,11.549380935806262
1931,29.5,11.549380935806262
1932,29.5,11.574453450019053
1933,29.5,11.574453450019053
1934,29.5,11.574453450019053
1935,29.5,11.628415626605669
1936,29.5,11.631977524737707
1937,29.5,11.63593390018729
1938,29.5,11.666540699119881
1939,29.5,11.731977524737704
1940,29.6,11.749380935806258
1941,29.6,11.774453450019056
1942,29.6,11.87445345001905
1943,29.6,11.874453450019057
1944,29.6,11.891729236073111
1945,29.6,11.94938093580626
1946,29.6,11.94938093580626
1947,29.6,12.049380935806262
1948,29.6,12.049380935806262
1949,29.6,12.049380935806262
1950,29.6,12.131977524737707
1951,29.6,12.131977524737707
1952,29.6,12.174453450019055
1953,29.6,12.174453450019055
1954,29.6,12.208888999386737
1955,29.6,12.274453450019056
1956,29.6,12.431977524737704
1957,29.6,12.44938093580626
1958,29.6,12.44938093580626
1959,29.6,12.44938093580626
1960,29.6,12.44938093580626
1961,29.6,12.474453450019052
1962,29.6,12.474453450019052
1963,29.6,12.474453450019059
1964,29.6,12.474453450019059
1965,29.6,12.474453450019059
1966,29.6,12.474453450019059
1967,29.6,12.531977524737705
1968,29.6,12.687912087912085
1969,29.6,12.73487809324913
1970,29.6,12.749380935806258
1971,31.3,12.749380935806258
1972,31.3,12.749380935806258
1973,31.3,12.749380935806258
1974,31.3,12.749380935806265
1975,31.3,12.749380935806265
1976,31.3,12.749380935806265
1977,31.3,12.749380935806265
1978,31.3,12.749380935806265
1979,31.3,12.774453450019056
1980,31.3,12.774453450019056
1981,31.3,12.849380935806266
1982,31.3,12.849380935806266
1983,31.3,12.849380935806266
1984,31.3,12.87445345001905
1985,31.3,12.87445345001905
1986,31.3,12.874453450019057
1987,31.3,12.874453450019057
1988,31.3,12.887912087912085
1989,31.3,12.931977524737704
1990,31.3,12.931977524737704
1991,31.3,12.934878093249129
1992,31.3,12.94649196956889
1993,31.3,12.974453450019052
1994,31.3,12.987912087912083
1995,31.3,12.987912087912083
1996,31.3,13.008888999386734
1997,31.3,13.031977524737705
1998,31.3,13.049380935806262
1999,31.3,13.049380935806262
2000,31.6,13.049380935806262
2001,31.6,13.049380935806262
2002,31.6,13.074453450019053
2003,31.6,13.131977524737703
2004,31.6,13.131977524737707
2005,31.6,13.149380935806263
2006,31.6,13.149380935806263
2007,31.6,13.149380935806263
2008,31.6,13.231977524737708
2009,31.6,13.249380935806258
2010,31.6,13.287912087912087
2011,31.6,13.331977524737706
2012,31.6,13.349380935806266
2013,31.6,13.349380935806266
2014,31.6,13.37445345001905
2015,31.6,13.37445345001905
2016,31.6,13.37445345001905
2017,31.6,13.37445345001905
2018,31.6,13.37445345001905
2019,32.0,13.374453450019057
2020,32.0,13.374453450019057
2021,32.0,13.431977524737704
2022,32.0,13.434878093249132
2023,32.0,13.44938093580626
2024,32.0,13.44938093580626
2025,32.0,13.53487809324913
2026,32.0,13.535933900187288
2027,32.0,13.549380935806262
2028,32.0,13.574453450019053
2029,32.0,13.574453450019053
2030,32.0,13.674453450019055
2031,32.0,13.674453450019055
2032,32.0,13.708888999386733
2033,32.0,13.749380935806258
2034,32.0,13.749380935806258
2035,32.0,13.757305288979492
2036,32.0,13.805593953557757
2037,32.0,13.831977524737706
2038,32.0,13.84938093580626
2039,32.0,13.84938093580626
2040,33.9,13.84938093580626
2041,33.9,13.84938093580626
2042,33.9,13.849380935806266
2043,33.9,13.887912087912085
2044,33.9,13.931977524737704
2045,33.9,13.94938093580626
2046,33.9,13.974453450019052
2047,33.9,14.031977524737705
2048,33.9,14.049380935806262
2049,33.9,14.087912087912084
2050,33.9,14.149380935806263
2051,33.9,14.149380935806263
2052,33.9,14.149380935806263
2053,33.9,14.149380935806263
2054,33.9,14.149380935806263
2055,33.9,14.149380935806263
2056,33.9,14.149380935806263
2057,33.9,14.174453450019055
2058,33.9,14.174453450019055
2059,33.9,14.187912087912085
2060,33.9,14.231977524737704
2061,33.9,14.249380935806265
2062,33.9,14.249380935806265
2063,33.9,14.274453450019056
2064,33.9,14.274453450019056
2065,33.9,14.274453450019056
2066,33.9,14.274453450019056
2067,33.9,14.34938093580626
2068,33.9,14.387912087912081
2069,33.9,14.408888999386736
2070,33.9,14.431977524737704
2071,33.9,14.434878093249129
2072,33.9,14.44938093580626
2073,33.9,14.449380935806268
2074,33.9,14.474453450019052
2075,33.9,14.474453450019052
2076,33.9,14.53487809324913
2077,33.9,14.549380935806262
2078,33.9,14.549380935806262
2079,33.9,14.549380935806262
2080,33.9,14.549380935806262
2081,33.9,14.549380935806262
2082,33.9,14.549380935806262
2083,33.9,14.549380935806262
2084,33.9,14.549380935806262
2085,33.9,14.54938093580627
2086,33.9,14.557305288979489
2087,33.9,14.574453450019053
2088,33.9,14.574453450019053
2089,33.9,14.574453450019053
2090,33.9,14.63593390018729
2091,33.9,14.646491969568892
2092,33.9,14.646491969568892
2093,33.9,14.649380935806263
2094,33.9,14.674453450019055
2095,33.9,14.687912087912085
2096,33.9,14.688967894850244
2097,33.9,14.787912087912087
2098,33.9,14.788967894850245
2099,33.9,14.82181780009834
2100,33.9,14.84938093580626
2101,33.9,14.84938093580626
2102,33.9,14.849380935806266
2103,33.9,14.849380935806266
2104,33.9,14.859150050552763
2105,33.9,14.959150050552765
2106,33.9,14.974453450019052
2107,33.9,15.04649196956889
2108,33.9,15.049380935806262
2109,33.9,15.04938093580627
2110,33.9,15.087912087912084
2111,33.9,15.134878093249132
2112,33.9,15.134878093249132
2113,33.9,15.149380935806263
2114,33.9,15.231977524737708
2115,33.9,15.24649196956889
2116,33.9,15.249380935806265
2117,33.9,15.249380935806265
2118,33.9,15.37445345001905
2119,33.9,15.44938093580626
2120,33.9,15.44938093580626
2121,33.9,15.44938093580626
2122,33.9,15.44938093580626
2123,33.9,15.44938093580626
2124,33.9,15.44938093580626
2125,33.9,15.474453450019052
2126,33.9,15.474453450019052
2127,33.9,15.508888999386734
2128,33.9,15.508888999386734
2129,33.9,15.549380935806262
2130,33.9,15.54938093580627
2131,33.9,15.54938093580627
2132,33.9,15.54938093580627
2133,33.9,15.574453450019053
2134,33.9,15.608888999386735
2135,33.9,15.646491969568892
2136,33.9,15.674453450019055
2137,33.9,15.687912087912085
2138,33.9,15.749380935806265
2139,33.9,15.749380935806265
2140,33.9,15.749380935806265
2141,33.9,15.791729236073117
2142,33.9,15.849380935806266
2143,33.9,15.874453450019057
2144,33.9,15.908888999386733
2145,33.9,15.934878093249129
2146,33.9,15.94938093580626
2147,33.9,15.94938093580626
2148,33.9,15.94938093580626
2149,33.9,15.974453450019059
2150,33.9,15.974453450019059
2151,33.9,15.974453450019059
2152,33.9,15.974453450019059
2153,33.9,16.031977524737705
2154,33.9,16.046491969568894
2155,33.9,16.074453450019053
2156,33.9,16.07445345001906
2157,33.9,16.07445345001906
2158,33.9,16.07445345001906
2159,33.9,16.087912087912084
2160,33.9,16.108888999386735
2161,33.9,16.13593390018729
2162,33.9,16.149380935806263
2163,33.9,16.149380935806263
2164,33.9,16.174453450019055
2165,33.9,16.174453450019055
2166,33.9,16.249380935806258
2167,33.9,16.260337349930104
2168,33.9,16.274453450019056
2169,33.9,16.274453450019056
2170,33.9,16.331977524737706
2171,33.9,16.331977524737706
2172,33.9,16.33197752473771
2173,33.9,16.374453450019057
2174,33.9,16.38791208791209
2175,33.9,16.38791208791209
2176,33.9,16.435933900187287
2177,33.9,16.44938093580626
2178,33.9,16.44938093580626
2179,33.9,16.44938093580626
2180,33.9,16.44938093580626
2181,33.9,16.44938093580626
2182,33.9,16.44938093580626
2183,33.9,16.44938093580626
2184,33.9,16.53487809324913
2185,33.9,16.54938093580627
2186,33.9,16.574453450019053
2187,33.9,16.574453450019053
2188,33.9,16.58896789485025
2189,33.9,16.649380935806263
2190,33.9,16.649380935806263
2191,33.9,16.649380935806263
2192,33.9,16.649380935806263
2193,33.9,16.649380935806263
2194,33.9,16.649380935806263
2195,33.9,16.687912087912085
2196,33.9,16.708888999386737
2197,33.9,16.708888999386737
2198,33.9,16.731977524737704
2199,33.9,16.746491969568893
2200,33.9,16.787912087912087
2201,33.9,16.80888899938673
2202,33.9,16.831977524737706
2203,33.9,16.834878093249127
2204,33.9,16.84649196956889
2205,33.9,16.87445345001905
2206,33.9,16.87445345001905
2207,33.9,16.874453450019057
2208,33.9,16.874453450019057
2209,33.9,16.874453450019057
2210,33.9,16.874453450019057
2211,33.9,16.931977524737707
2212,33.9,16.93487809324913
2213,33.9,16.949380935806268
2214,33.9,16.949380935806268
2215,34.1,16.949380935806268
2216,34.1,16.949380935806268
2217,34.1,16.949380935806268
2218,34.1,16.974453450019052
2219,34.1,17.049380935806262
2220,34.1,17.049380935806262
2221,34.1,17.049380935806262
2222,34.1,17.049380935806262
2223,34.1,17.074453450019053
2224,34.1,17.074453450019053
2225,34.1,17.078282200454144
2226,34.1,17.13487809324913
2227,34.1,17.149380935806263
2228,34.1,17.187912087912085
2229,34.1,17.331977524737706
2230,34.1,17.34938093580626
2231,34.1,17.34938093580626
2232,34.1,17.34938093580626
2233,34.1,17.34938093580626
2234,34.1,17.349380935806266
2235,34.4,17.374453450019057
2236,34.4,17.44938093580626
2237,34.4,17.474453450019052
2238,34.4,17.474453450019052
2239,34.4,17.508888999386734
2240,34.4,17.531977524737705
2241,34.4,17.549380935806262
2242,34.4,17.549380935806262
2243,34.4,17.63487809324913
2244,34.4,17.63487809324913
2245,34.4,17.63487809324913
2246,34.4,17.63593390018729
2247,34.4,17.63593390018729
2248,34.4,17.646491969568892
2249,34.4,17.649380935806263
2250,34.4,17.649380935806263
2251,34.4,17.649380935806263
2252,34.4,17.649380935806263
2253,34.4,17.649380935806263
2254,34.4,17.674453450019055
2255,34.4,17.674453450019055
2256,34.4,17.687912087912085
2257,34.4,17.731977524737704
2258,34.4,17.734878093249133
2259,34.4,17.774453450019056
2260,34.4,17.774453450019056
2261,34.4,17.774453450019056
2262,34.4,17.835933900187285
2263,34.800000000000004,17.84938093580626
2264,34.800000000000004,17.849380935806266
2265,34.800000000000004,17.849380935806266
2266,34.800000000000004,17.849380935806266
2267,34.800000000000004,17.87445345001905
2268,34.800000000000004,17.874453450019057
2269,34.800000000000004,17.908888999386733
2270,34.800000000000004,18.031977524737705
2271,34.800000000000004,18.03487809324913
2272,34.800000000000004,18.049380935806262
2273,34.800000000000004,18.049380935806262
2274,34.800000000000004,18.049380935806262
2275,34.800000000000004,18.049380935806262
2276,34.800000000000004,18.049380935806262
2277,34.800000000000004,18.049380935806262
2278,34.800000000000004,18.04938093580627
2279,34.800000000000004,18.087912087912084
2280,34.800000000000004,18.108888999386735
2281,34.800000000000004,18.146491969568892
2282,34.800000000000004,18.174453450019055
2283,34.800000000000004,18.174453450019055
2284,34.800000000000004,18.174453450019055
2285,34.800000000000004,18.174453450019055
2286,34.800000000000004,18.174453450019055
2287,34.800000000000004,18.187912087912085
2288,34.800000000000004,18.208888999386737
2289,34.800000000000004,18.231977524737704
2290,34.800000000000004,18.231977524737708
2291,35.1,18.249380935806258
2292,35.1,18.249380935806258
2293,35.1,18.249380935806258
2294,35.1,18.260337349930104
2295,35.1,18.274453450019056
2296,35.1,18.274453450019056
2297,35.1,18.274453450019056
2298,35.1,18.431977524737704
2299,35.1,18.43487809324913
2300,35.1,18.44938093580626
2301,35.1,18.47445345001906
2302,35.1,18.546491969568894
2303,35.1,18.549125685777273
2304,35.1,18.549380935806262
2305,35.1,18.549380935806262
2306,35.1,18.549380935806262
2307,35.1,18.574453450019053
2308,35.1,18.574453450019053
2309,35.1,18.649380935806263
2310,35.1,18.674453450019055
2311,35.1,18.674453450019055
2312,35.1,18.67445345001906
2313,35.1,18.67445345001906
2314,35.1,18.70888899938673
2315,35.1,18.734878093249133
2316,35.1,18.749380935806258
2317,35.300000000000004,18.749380935806258
2318,35.300000000000004,18.749380935806258
2319,35.300000000000004,18.774453450019056
2320,35.300000000000004,18.774453450019056
2321,35.300000000000004,18.831977524737702
2322,35.300000000000004,18.831977524737702
2323,35.300000000000004,18.97445345001906
2324,35.300000000000004,19.03487809324913
2325,35.300000000000004,19.03487809324913
2326,35.300000000000004,19.049380935806262
2327,35.300000000000004,19.049380935806262
2328,35.300000000000004,19.049380935806262
2329,35.300000000000004,19.074453450019053
2330,35.300000000000004,19.131977524737707
2331,35.300000000000004,19.131977524737707
2332,35.300000000000004,19.149380935806263
2333,35.300000000000004,19.149380935806263
2334,35.300000000000004,19.149380935806263
2335,35.300000000000004,19.149380935806263
2336,35.300000000000004,19.149380935806263
2337,35.300000000000004,19.17445345001906
2338,35.300000000000004,19.234878093249126
2339,35.300000000000004,19.246491969568893
2340,35.300000000000004,19.249380935806265
2341,35.300000000000004,19.34938093580626
2342,35.300000000000004,19.34938093580626
2343,35.300000000000004,19.34938093580626
2344,35.300000000000004,19.34938093580626
2345,35.300000000000004,19.34938093580626
2346,36.0,19.349380935806266
2347,36.0,19.349380935806266
2348,36.0,19.349380935806266
2349,36.0,19.349380935806266
2350,36.0,19.446491969568893
2351,36.0,19.44938093580626
2352,36.0,19.44938093580626
2353,36.0,19.462584323670296
2354,36.0,19.474453450019052
2355,36.0,19.47445345001906
2356,36.0,19.48791208791209
2357,36.0,19.53593390018729
2358,36.0,19.574453450019053
2359,36.0,19.577098768501482
2360,36.0,19.608888999386735
2361,36.0,19.63487809324913
2362,36.0,19.674453450019055
2363,36.0,19.674453450019055
2364,36.0,19.687912087912085
2365,36.0,19.69186846336167
2366,36.0,19.70888899938673
2367,36.0,19.760337349930104
2368,36.0,19.774453450019056
2369,36.0,19.774453450019056
2370,36.0,19.774453450019056
2371,36.0,19.774453450019056
2372,36.0,19.831977524737702
2373,36.5,19.831977524737702
2374,36.5,19.84938093580626
2375,36.5,19.849380935806266
2376,36.5,19.849380935806266
2377,36.5,19.849380935806266
2378,36.5,19.88791208791208
2379,36.5,19.93487809324913
2380,36.5,19.935933900187294
2381,36.5,19.935933900187294
2382,36.5,19.94938093580626
2383,36.5,19.94938093580626
2384,36.5,19.94938093580626
2385,36.5,19.94938093580626
2386,36.5,19.949380935806268
2387,36.5,19.97445345001906
2388,36.5,20.031977524737705
2389,36.5,20.031977524737705
2390,36.5,20.031977524737705
2391,36.5,20.031977524737705
2392,36.5,20.031977524737705
2393,36.5,20.049380935806262
2394,36.5,20.074453450019053
2395,37.1,20.074453450019053
2396,37.1,20.131977524737707
2397,37.1,20.131977524737707
2398,37.1,20.166540699119878
2399,37.1,20.174453450019055
2400,37.1,20.274453450019056
2401,37.1,20.274453450019056
2402,37.1,20.274453450019056
2403,37.1,20.287912087912087
2404,37.1,20.334878093249134
2405,37.1,20.334878093249134
2406,37.1,20.374453450019057
2407,37.1,20.43487809324913
2408,37.1,20.44938093580626
2409,37.1,20.449380935806268
2410,37.1,20.449380935806268
2411,37.1,20.449380935806268
2412,37.1,20.449380935806268
2413,37.1,20.47445345001906
2414,37.1,20.487912087912083
2415,37.1,20.574453450019053
2416,37.1,20.57445345001906
2417,37.1,20.57445345001906
2418,37.1,20.577098768501486
2419,37.1,20.631977524737707
2420,37.1,20.631977524737707
2421,37.1,20.649380935806263
2422,37.1,20.649380935806263
2423,37.1,20.649380935806263
2424,37.1,20.649380935806263
2425,37.1,20.674453450019055
2426,37.1,20.674453450019055
2427,37.1,20.7319775247377
2428,37.1,20.749380935806258
2429,37.1,20.749380935806258
2430,37.1,20.774453450019056
2431,37.1,20.774453450019056
2432,37.1,20.774453450019056
2433,37.1,20.774453450019056
2434,37.1,20.849380935806266
2435,37.1,20.87445345001905
2436,37.1,20.87445345001905
2437,37.1,20.908888999386733
2438,37.1,20.931977524737704
2439,37.1,20.93487809324913
2440,37.1,20.93487809324913
2441,37.1,20.974453450019052
2442,37.1,20.97445345001906
2443,37.1,21.04649196956889
2444,37.1,21.04649196956889
2445,37.1,21.134878093249124
2446,37.1,21.13487809324913
2447,37.1,21.149380935806263
2448,37.1,21.149380935806263
2449,37.1,21.149380935806263
2450,37.1,21.149380935806263
2451,37.1,21.149380935806263
2452,37.1,21.187912087912085
2453,37.1,21.187912087912085
2454,37.1,21.2053271012547
2455,37.1,21.231977524737708
2456,37.1,21.249380935806258
2457,37.1,21.249380935806258
2458,37.1,21.249380935806258
2459,37.1,21.249380935806258
2460,37.1,21.249380935806265
2461,37.1,21.249380935806265
2462,37.1,21.249380935806265
2463,37.1,21.274453450019056
2464,37.1,21.274453450019056
2465,37.1,21.33197752473771
2466,37.1,21.34938093580626
2467,37.1,21.34938093580626
2468,37.1,21.34938093580626
2469,37.1,21.34938093580626
2470,37.1,21.349380935806266
2471,37.1,21.357305288979493
2472,37.1,21.374453450019057
2473,37.1,21.38791208791208
2474,37.1,21.408888999386733
2475,37.1,21.431977524737704
2476,37.1,21.44938093580626
2477,37.1,21.44938093580626
2478,37.1,21.474453450019052
2479,37.1,21.47445345001906
2480,37.1,21.53487809324913
2481,37.1,21.574453450019053
2482,37.1,21.574453450019053
2483,37.1,21.578282200454144
2484,37.1,21.58791208791209
2485,37.1,21.687912087912085
2486,37.1,21.687912087912085
2487,37.1,21.734878093249133
2488,37.1,21.774453450019056
2489,37.1,21.774453450019056
2490,37.1,21.84938093580626
2491,37.1,21.931977524737704
2492,37.1,21.94938093580626
2493,37.1,21.94938093580626
2494,37.1,21.94938093580626
2495,37.1,21.97445345001906
2496,37.1,21.97445345001906
2497,37.1,21.98791208791209
2498,37.1,22.031977524737705
2499,37.1,22.04938093580627
2500,37.1,22.074453450019053
2501,37.1,22.131977524737707
2502,37.1,22.149380935806263
2503,37.1,22.174453450019055
2504,37.1,22.187912087912085
2505,37.1,22.234878093249126
2506,37.1,22.249380935806272
2507,37.1,22.249380935806272
2508,37.1,22.30888899938673
2509,37.1,22.334878093249127
2510,37.1,22.349380935806266
2511,37.1,22.531977524737705
2512,37.1,22.531977524737705
2513,37.1,22.531977524737705
2514,37.1,22.53487809324913
2515,37.1,22.549380935806255
2516,37.1,22.549380935806255
2517,37.1,22.549380935806255
2518,37.1,22.549380935806255
2519,37.1,22.549380935806255
2520,37.1,22.549380935806255
2521,37.1,22.587912087912084
2522,37.1,22.59172923607312
2523,37.1,22.608888999386735
2524,37.1,22.631977524737707
2525,37.1,22.631977524737707
2526,37.1,22.631977524737707
2527,37.1,22.63593390018729
2528,37.1,22.649380935806263
2529,37.1,22.649380935806263
2530,37.1,22.674453450019055
2531,37.1,22.674453450019055
2532,37.1,22.674453450019055
2533,37.1,22.674453450019055
2534,37.1,22.674453450019055
2535,37.1,22.674453450019055
2536,37.1,22.691729236073115
2537,37.1,22.708888999386737
2538,37.1,22.71680175028591
2539,37.1,22.73593390018729
2540,37.1,22.749380935806272
2541,37.1,22.787912087912087
2542,37.1,22.834878093249127
2543,37.1,22.834878093249134
2544,37.1,22.87445345001905
2545,37.1,22.931977524737704
2546,37.1,23.074453450019053
2547,37.1,23.13487809324913
2548,37.1,23.13487809324913
2549,37.1,23.149380935806263
2550,37.1,23.149380935806263
2551,37.1,23.149380935806263
2552,37.1,23.149380935806263
2553,37.1,23.149380935806263
2554,37.1,23.149380935806263
2555,37.1,23.149380935806263
2556,37.1,23.174453450019055
2557,37.1,23.287912087912087
2558,37.1,23.33197752473771
2559,37.1,23.37828220045414
2560,37.1,23.40888899938674
2561,37.1,23.44938093580626
2562,37.1,23.44938093580626
2563,37.1,23.44938093580626
2564,37.1,23.44938093580626
2565,37.1,23.44938093580626
2566,37.1,23.47445345001906
2567,37.1,23.54938093580627
2568,37.1,23.54938093580627
2569,37.1,23.587912087912084
2570,37.1,23.649380935806263
2571,37.1,23.649380935806263
2572,37.1,23.649380935806263
2573,37.1,23.649380935806263
2574,37.1,23.649380935806263
2575,37.1,23.649380935806263
2576,37.1,23.649380935806263
2577,37.1,23.649380935806263
2578,37.1,23.649380935806263
2579,37.1,23.649380935806263
2580,37.1,23.649380935806263
2581,37.1,23.649380935806263
2582,37.1,23.649380935806263
2583,37.1,23.674453450019055
2584,37.1,23.831977524737702
2585,37.1,23.849380935806266
2586,37.1,23.935933900187287
2587,37.1,23.974453450019052
2588,37.1,24.031977524737705
2589,37.1,24.031977524737705
2590,37.1,24.031977524737705
2591,37.1,24.034878093249137
2592,37.1,24.108888999386735
2593,37.1,24.108888999386735
2594,37.1,24.160337349930103
2595,37.1,24.174453450019055
2596,37.1,24.174453450019055
2597,37.1,24.17445345001906
2598,37.1,24.2319775247377
2599,37.1,24.231977524737708
2600,37.1,24.249380935806258
2601,37.1,24.274453450019056
2602,37.1,24.274453450019056
2603,37.1,24.274453450019056
2604,37.1,24.274453450019056
2605,37.1,24.274453450019056
2606,37.1,24.274453450019056
2607,37.1,24.349380935806266
2608,37.1,24.349380935806266
2609,37.1,24.349380935806266
2610,37.1,24.349380935806266
2611,37.1,24.474453450019052
2612,37.1,24.474453450019052
2613,37.1,24.549380935806255
2614,37.1,24.549380935806255
2615,37.1,24.549380935806255
2616,37.1,24.574453450019053
2617,37.1,24.60506024895165
2618,37.1,24.631977524737707
2619,37.1,24.634878093249124
2620,37.1,24.649380935806263
2621,37.1,24.649380935806263
2622,37.4,24.649380935806263
2623,37.4,24.649380935806263
2624,37.4,24.649380935806263
2625,37.4,24.649380935806263
2626,37.4,24.649380935806263
2627,37.4,24.674453450019055
2628,37.4,24.731977524737708
2629,37.4,24.749380935806258
2630,37.4,24.831977524737702
2631,37.4,24.928415626605673
2632,37.4,24.931977524737704
2633,37.4,25.031977524737705
2634,37.4,25.04938093580627
2635,37.4,25.04938093580627
2636,37.4,25.04938093580627
2637,37.4,25.04938093580627
2638,37.4,25.04938093580627
2639,37.4,25.04938093580627
2640,37.4,25.087912087912084
2641,37.4,25.149380935806263
2642,37.4,25.187912087912085
2643,37.4,25.21033928364244
2644,37.4,25.2319775247377
2645,37.4,25.231977524737708
2646,37.4,25.274453450019056
2647,37.4,25.274453450019056
2648,37.4,25.274453450019056
2649,37.4,25.335933900187293
2650,37.4,25.349380935806266
2651,37.4,25.349380935806266
2652,37.4,25.349380935806266
2653,37.4,25.43487809324913
2654,37.4,25.47445345001906
2655,37.4,25.47445345001906
2656,38.900000000000006,25.47445345001906
2657,38.900000000000006,25.531977524737705
2658,38.900000000000006,25.54938093580627
2659,38.900000000000006,25.54938093580627
2660,38.900000000000006,25.54938093580627
2661,38.900000000000006,25.54938093580627
2662,38.900000000000006,25.54938093580627
2663,38.900000000000006,25.57445345001906
2664,38.900000000000006,25.674453450019055
2665,38.900000000000006,25.674453450019055
2666,38.900000000000006,25.674453450019055
2667,38.900000000000006,25.674453450019055
2668,38.900000000000006,25.735933900187284
2669,38.900000000000006,25.73593390018729
2670,38.900000000000006,25.787912087912087
2671,38.900000000000006,25.888967894850246
2672,38.900000000000006,25.94938093580626
2673,38.900000000000006,25.94938093580626
2674,38.900000000000006,25.94938093580626
2675,38.900000000000006,25.94938093580626
2676,38.900000000000006,25.94938093580626
2677,38.900000000000006,25.94938093580626
2678,38.900000000000006,25.94938093580626
2679,38.900000000000006,25.98791208791209
2680,38.900000000000006,26.031977524737705
2681,38.900000000000006,26.031977524737705
2682,38.900000000000006,26.04649196956889
2683,38.900000000000006,26.049380935806255
2684,38.900000000000006,26.049380935806255
2685,38.900000000000006,26.049380935806255
2686,39.0,26.049380935806255
2687,39.0,26.087912087912084
2688,39.0,26.174453450019055
2689,39.0,26.174453450019055
2690,39.0,26.187912087912085
2691,39.0,26.234878093249126
2692,39.0,26.249380935806258
2693,39.0,26.249380935806258
2694,39.0,26.249380935806258
2695,39.0,26.249380935806258
2696,39.0,26.249380935806258
2697,39.0,26.287912087912087
2698,39.0,26.331977524737702
2699,39.0,26.349380935806266
2700,39.0,26.349380935806266
2701,39.0,26.374453450019057
2702,39.0,26.374453450019057
2703,39.0,26.420761993160177
2704,39.0,26.431977524737704
2705,39.0,26.431977524737704
2706,39.0,26.431977524737704
2707,39.0,26.43487809324913
2708,39.0,26.44938093580626
2709,39.0,26.44938093580626
2710,39.0,26.44938093580626
2711,39.0,26.44938093580626
2712,39.0,26.44938093580626
2713,39.0,26.44938093580626
2714,39.0,26.508888999386734
2715,39.0,26.531977524737705
2716,39.0,26.549380935806255
2717,39.0,26.549380935806255
2718,39.0,26.6319775247377
2719,39.0,26.631977524737707
2720,39.0,26.631977524737707
2721,39.0,26.646491969568892
2722,39.0,26.649380935806263
2723,39.0,26.649380935806263
2724,39.0,26.649380935806263
2725,39.0,26.649380935806263
2726,39.0,26.649380935806263
2727,39.0,26.649380935806263
2728,39.0,26.67445345001906
2729,39.0,26.687912087912085
2730,39.0,26.731977524737708
2731,39.0,26.749380935806258
2732,39.0,26.774453450019056
2733,39.0,26.774453450019056
2734,39.0,26.774453450019056
2735,39.0,26.787912087912087
2736,39.0,26.787912087912087
2737,39.0,26.849380935806266
2738,39.0,26.920761993160177
2739,40.5,26.94938093580626
2740,40.5,26.94938093580626
2741,40.5,26.94938093580626
2742,40.5,26.98303139796352
2743,40.5,26.987912087912083
2744,40.5,27.031977524737705
2745,40.5,27.049380935806255
2746,40.5,27.07445345001906
2747,40.5,27.07445345001906
2748,40.5,27.07445345001906
2749,40.5,27.13487809324913
2750,40.5,27.149380935806263
2751,40.5,27.287912087912087
2752,40.5,27.349380935806266
2753,40.5,27.349380935806266
2754,40.5,27.349380935806266
2755,40.5,27.349380935806266
2756,40.5,27.349380935806266
2757,40.5,27.374453450019057
2758,40.5,27.434878093249136
2759,40.5,27.487912087912083
2760,40.5,27.50888899938674
2761,40.5,27.574453450019053
2762,40.5,27.574453450019053
2763,40.5,27.660337349930096
2764,40.5,27.674453450019055
2765,40.5,27.687912087912085
2766,40.5,27.749380935806258
2767,40.5,27.749380935806258
2768,40.5,27.749380935806258
2769,40.5,27.749380935806258
2770,40.5,27.774453450019056
2771,40.5,27.787912087912087
2772,40.5,27.83197752473771
2773,40.5,27.83197752473771
2774,40.5,27.849380935806266
2775,40.5,27.849380935806266
2776,40.5,27.849380935806266
2777,40.5,27.849380935806266
2778,40.5,27.849380935806266
2779,40.5,27.849380935806266
2780,40.5,27.849380935806266
2781,40.5,27.874453450019057
2782,40.5,27.908888999386733
2783,40.5,27.931977524737704
2784,40.5,27.931977524737704
2785,40.5,27.94938093580626
2786,40.5,27.94938093580626
2787,40.5,27.974453450019052
2788,40.5,27.974453450019052
2789,40.5,27.97445345001906
2790,40.5,27.97445345001906
2791,40.5,28.031977524737705
2792,40.5,28.031977524737705
2793,40.5,28.035933900187295
2794,40.5,28.049380935806255
2795,40.5,28.049380935806255
2796,40.5,28.049380935806255
2797,40.5,28.049380935806255
2798,40.5,28.074453450019053
2799,40.5,28.078282200454144
2800,40.5,28.131977524737707
2801,40.5,28.174453450019055
2802,40.5,28.187912087912085
2803,40.5,28.187912087912085
2804,40.5,28.249380935806272
2805,40.5,28.249380935806272
2806,40.5,28.26086718711153
2807,40.5,28.334878093249127
2808,40.5,28.349380935806266
2809,40.5,28.349380935806266
2810,40.5,28.349380935806266
2811,40.5,28.37445345001905
2812,40.5,28.38791208791208
2813,40.5,28.38791208791209
2814,40.5,28.40888899938674
2815,40.5,28.43487809324913
2816,40.5,28.43487809324913
2817,40.5,28.47445345001906
2818,40.5,28.549380935806255
2819,40.5,28.549380935806255
2820,40.5,28.62076199316018
2821,40.5,28.631977524737707
2822,40.5,28.649380935806263
2823,40.5,28.649380935806263
2824,40.5,28.67709876850148
2825,40.5,28.687912087912085
2826,40.5,28.76654069911988
2827,40.5,28.774453450019056
2828,40.5,28.831977524737702
2829,40.5,28.831977524737702
2830,40.5,28.849380935806266
2831,40.5,28.908888999386733
2832,40.5,28.94938093580626
2833,40.5,28.94938093580626
2834,40.5,28.94938093580626
2835,40.5,28.974453450019052
2836,40.5,28.974453450019052
2837,40.5,29.031977524737712
2838,40.5,29.03593390018729
2839,40.5,29.04649196956889
2840,40.5,29.049380935806255
2841,40.5,29.049380935806255
2842,40.5,29.07445345001906
2843,40.5,29.131977524737707
2844,40.5,29.149380935806263
2845,40.5,29.149380935806263
2846,40.5,29.149380935806263
2847,40.5,29.149380935806263
2848,40.5,29.149380935806263
2849,40.5,29.149380935806263
2850,40.5,29.174453450019055
2851,40.5,29.187912087912085
2852,40.5,29.231977524737708
2853,40.5,29.249380935806258
2854,40.5,29.249380935806258
2855,40.5,29.249380935806272
2856,40.5,29.249380935806272
2857,40.5,29.249380935806272
2858,40.5,29.331977524737702
2859,40.5,29.331977524737702
2860,40.5,29.349380935806266
2861,40.5,29.349380935806266
2862,40.5,29.349380935806266
2863,40.5,29.349380935806266
2864,40.5,29.349380935806266
2865,40.5,29.37445345001905
2866,40.5,29.374453450019057
2867,40.5,29.44938093580626
2868,40.5,29.44938093580626
2869,40.5,29.44938093580626
2870,40.5,29.44938093580626
2871,40.5,29.47445345001906
2872,40.5,29.52076199316018
2873,40.5,29.53487809324913
2874,40.5,29.53487809324913
2875,40.5,29.54938093580627
2876,40.5,29.5603373499301
2877,40.5,29.608888999386735
2878,40.5,29.646491969568892
2879,40.5,29.674453450019055
2880,40.5,29.749380935806258
2881,40.5,29.749380935806258
2882,40.5,29.749380935806258
2883,40.5,29.749380935806258
2884,40.5,29.749380935806258
2885,40.5,29.749380935806258
2886,40.5,29.749380935806272
2887,40.5,29.749380935806272
2888,40.5,29.749380935806272
2889,40.5,29.749380935806272
2890,40.5,29.849380935806266
2891,40.5,29.849380935806266
2892,40.5,29.849380935806266
2893,40.5,29.928415626605673
2894,40.5,29.931977524737704
2895,40.5,29.931977524737704
2896,40.5,29.94938093580626
2897,40.5,29.94938093580626
2898,40.5,29.94938093580626
2899,40.5,29.94938093580626
2900,40.5,29.94938093580626
2901,40.5,29.974453450019052
2902,40.5,30.031977524737705
2903,40.5,30.03487809324913
2904,40.5,30.049380935806255
2905,40.5,30.049380935806255
2906,40.5,30.049380935806255
2907,40.5,30.149380935806263
2908,40.5,30.149380935806263
2909,40.5,30.274453450019056
2910,40.5,30.349380935806266
2911,40.5,30.349380935806266
2912,40.5,30.349380935806266
2913,40.5,30.349380935806266
2914,40.5,30.349380935806266
2915,40.5,30.349380935806266
2916,40.5,30.349380935806266
2917,40.5,30.349380935806266
2918,40.5,30.44938093580626
2919,41.800000000000004,30.44938093580626
2920,41.800000000000004,30.535933900187295
2921,41.800000000000004,30.574453450019053
2922,41.800000000000004,30.574453450019053
2923,41.800000000000004,30.649380935806263
2924,41.800000000000004,30.649380935806263
2925,41.800000000000004,30.649380935806263
2926,41.800000000000004,30.649380935806263
2927,41.800000000000004,30.649380935806263
2928,41.800000000000004,30.649380935806263
2929,41.800000000000004,30.67709876850148
2930,41.800000000000004,30.734878093249133
2931,41.800000000000004,30.749380935806272
2932,41.800000000000004,30.749380935806272
2933,41.800000000000004,30.849380935806266
2934,41.800000000000004,30.849380935806266
2935,41.800000000000004,30.87445345001905
2936,41.800000000000004,30.874453450019057
2937,41.800000000000004,30.908888999386733
2938,41.800000000000004,30.94938093580626
2939,41.800000000000004,30.94938093580626
2940,41.800000000000004,30.94938093580626
2941,41.800000000000004,30.94938093580626
2942,41.800000000000004,30.94938093580626
2943,41.800000000000004,30.94938093580626
2944,41.800000000000004,30.94938093580626
2945,41.800000000000004,30.959150050552758
2946,41.800000000000004,30.97445345001906
2947,41.800000000000004,30.98791208791209
2948,41.800000000000004,31.03487809324913
2949,41.800000000000004,31.034878093249137
2950,41.800000000000004,31.049380935806255
2951,41.800000000000004,31.049380935806255
2952,41.800000000000004,31.049380935806255
2953,41.800000000000004,31.04938093580627
2954,41.800000000000004,31.04938093580627
2955,41.800000000000004,31.04938093580627
2956,41.800000000000004,31.04938093580627
2957,41.800000000000004,31.149380935806263
2958,41.800000000000004,31.174453450019055
2959,41.800000000000004,31.174453450019055
2960,41.800000000000004,31.174453450019055
2961,41.800000000000004,31.287912087912087
2962,41.800000000000004,31.349380935806266
2963,41.800000000000004,31.349380935806266
2964,41.800000000000004,31.37445345001905
2965,41.800000000000004,31.431977524737704
2966,41.800000000000004,31.431977524737704
2967,41.800000000000004,31.48791208791209
2968,41.800000000000004,31.7319775247377
2969,41.800000000000004,31.749380935806272
2970,41.800000000000004,31.749380935806272
2971,41.800000000000004,31.749380935806272
2972,41.800000000000004,31.749380935806272
2973,41.800000000000004,31.80888899938673
2974,41.800000000000004,31.83197752473771
2975,41.800000000000004,31.87445345001905
2976,41.800000000000004,31.931977524737704
2977,41.800000000000004,31.974453450019052
2978,41.800000000000004,31.97445345001906
2979,41.800000000000004,31.97445345001906
2980,41.800000000000004,31.978282200454142
2981,41.800000000000004,32.031977524737705
2982,41.800000000000004,32.08791208791209
2983,41.800000000000004,32.08791208791209
2984,41.800000000000004,32.14938093580626
2985,41.800000000000004,32.14938093580626
2986,41.800000000000004,32.24938093580626
2987,41.800000000000004,32.24938093580626
2988,41.800000000000004,32.24938093580626
2989,41.800000000000004,32.27445345001905
2990,41.800000000000004,32.27445345001905
2991,41.800000000000004,32.27445345001905
2992,41.800000000000004,32.27445345001905
2993,41.800000000000004,32.27445345001905
2994,41.800000000000004,32.27445345001905
2995,41.800000000000004,32.27445345001905
2996,41.800000000000004,32.43487809324914
2997,41.800000000000004,32.44938093580626
2998,41.800000000000004,32.44938093580626
2999,41.800000000000004,32.44938093580626
3000,41.800000000000004,32.44938093580626
3001,41.800000000000004,32.44938093580626
3002,41.800000000000004,32.474453450019055
3003,41.800000000000004,32.508888999386734
3004,41.800000000000004,32.531977524737705
3005,41.800000000000004,32.534878093249134
3006,41.800000000000004,32.549380935806255
3007,41.800000000000004,32.549380935806255
3008,41.800000000000004,32.63197752473771
3009,41.800000000000004,32.67445345001906
3010,41.800000000000004,32.68791208791208
3011,41.800000000000004,32.687912087912096
3012,41.800000000000004,32.78791208791209
3013,41.800000000000004,32.80888899938673
3014,41.800000000000004,32.849380935806266
3015,41.800000000000004,32.849380935806266
3016,41.800000000000004,32.849380935806266
3017,41.800000000000004,32.849380935806266
3018,41.800000000000004,32.849380935806266
3019,41.800000000000004,32.934878093249125
3020,41.800000000000004,33.034878093249134
3021,41.800000000000004,33.07828220045414
3022,41.800000000000004,33.07828220045414
3023,41.800000000000004,33.08791208791209
3024,41.800000000000004,33.08791208791209
3025,41.800000000000004,33.13197752473771
3026,41.800000000000004,33.13197752473771
3027,41.800000000000004,33.14649196956889
3028,41.800000000000004,33.23487809324914
3029,41.800000000000004,33.24938093580627
3030,41.800000000000004,33.24938093580627
3031,41.800000000000004,33.26654069911988
3032,41.800000000000004,33.3319775247377
3033,41.800000000000004,33.33197752473771
3034,41.800000000000004,33.35915005055276
3035,41.800000000000004,33.37445345001906
3036,41.800000000000004,33.37445345001906
3037,41.800000000000004,33.37445345001906
3038,41.800000000000004,33.431977524737704
3039,41.800000000000004,33.534878093249134
3040,41.800000000000004,33.549380935806255
3041,41.800000000000004,33.549380935806255
3042,41.800000000000004,33.549380935806255
3043,41.800000000000004,33.549380935806255
3044,41.800000000000004,33.57445345001905
3045,41.800000000000004,33.57445345001905
3046,41.800000000000004,33.63593390018729
3047,41.800000000000004,33.64938093580626
3048,41.800000000000004,33.64938093580626
3049,41.800000000000004,33.64938093580626
3050,41.800000000000004,33.64938093580626
3051,41.800000000000004,33.64938093580626
3052,41.800000000000004,33.64938093580626
3053,41.800000000000004,33.64938093580626
3054,41.800000000000004,33.64938093580626
3055,41.800000000000004,33.67445345001906
3056,41.800000000000004,33.68791208791208
3057,41.800000000000004,33.70888899938674
3058,41.800000000000004,33.74938093580627
3059,41.800000000000004,33.74938093580627
3060,41.800000000000004,33.74938093580627
3061,41.800000000000004,33.82076199316018
3062,41.800000000000004,33.8319775247377
3063,41.800000000000004,33.849380935806266
3064,41.800000000000004,33.849380935806266
3065,41.800000000000004,33.849380935806266
3066,41.800000000000004,33.931977524737704
3067,41.800000000000004,33.94490245802463
3068,41.800000000000004,33.94938093580626
3069,41.800000000000004,33.94938093580626
3070,41.800000000000004,33.94938093580626
3071,41.800000000000004,33.94938093580626
3072,41.800000000000004,33.98791208791209
3073,41.800000000000004,33.99172923607311
3074,41.800000000000004,34.031977524737705
3075,41.800000000000004,34.049380935806255
3076,41.800000000000004,34.049380935806255
3077,41.800000000000004,34.049380935806255
3078,41.800000000000004,34.14649196956889
3079,41.800000000000004,34.14938093580626
3080,41.800000000000004,34.14938093580626
3081,41.800000000000004,34.27445345001905
3082,41.800000000000004,34.27445345001905
3083,41.800000000000004,34.531977524737705
3084,41.800000000000004,34.53487809324912
3085,41.800000000000004,34.54938093580627
3086,41.800000000000004,34.54938093580627
3087,41.800000000000004,34.63197752473771
3088,41.800000000000004,34.63197752473771
3089,41.800000000000004,34.64938093580626
3090,41.800000000000004,34.83197752473771
3091,41.800000000000004,34.849380935806266
3092,41.800000000000004,34.94938093580626
3093,41.800000000000004,34.94938093580626
3094,41.800000000000004,34.94938093580626
3095,41.800000000000004,34.94938093580626
3096,41.800000000000004,34.94938093580626
3097,41.800000000000004,34.94938093580626
3098,41.800000000000004,34.949380935806275
3099,41.800000000000004,34.949380935806275
3100,41.800000000000004,34.949380935806275
3101,41.800000000000004,34.949380935806275
3102,41.800000000000004,34.949380935806275
3103,41.800000000000004,34.974453450019055
3104,41.800000000000004,34.98791208791208
3105,41.800000000000004,35.04938093580627
3106,41.800000000000004,35.04938093580627
3107,41.800000000000004,35.074453450019064
3108,41.800000000000004,35.074453450019064
3109,41.9,35.074453450019064
3110,41.9,35.074453450019064
3111,41.9,35.14938093580626
3112,41.9,35.16548489218172
3113,41.9,35.17445345001906
3114,41.9,35.17445345001906
3115,41.9,35.24938093580627
3116,41.9,35.24938093580627
3117,41.9,35.24938093580627
3118,41.9,35.27445345001905
3119,41.9,35.27445345001905
3120,41.9,35.474453450019055
3121,41.9,35.549380935806255
3122,41.9,35.549380935806255
3123,41.9,35.549380935806255
3124,41.9,35.549380935806255
3125,41.9,35.549380935806255
3126,41.9,35.58791208791209
3127,41.9,35.67445345001906
3128,41.9,35.70888899938673
3129,41.9,35.74938093580627
3130,41.9,35.75915005055277
3131,41.9,35.77445345001905
3132,41.9,35.783031397963526
3133,41.9,35.8319775247377
3134,41.9,35.849380935806266
3135,41.9,35.849380935806266
3136,41.9,35.849380935806266
3137,41.9,35.849380935806266
3138,41.9,35.849380935806266
3139,41.9,35.849380935806266
3140,41.9,35.849380935806266
3141,41.9,35.94938093580626
3142,41.9,36.008888999386734
3143,41.9,36.13197752473771
3144,41.9,36.13593390018729
3145,41.9,36.17445345001906
3146,41.9,36.17445345001906
3147,41.9,36.17445345001906
3148,41.9,36.24938093580627
3149,41.9,36.24938093580627
3150,41.9,36.24938093580627
3151,41.9,36.24938093580627
3152,41.9,36.24938093580627
3153,41.9,36.24938093580627
3154,41.9,36.28896789485025
3155,41.9,36.32076199316018
3156,41.9,36.349380935806266
3157,41.9,36.37445345001905
3158,41.9,36.58791208791209
3159,41.9,36.64938093580628
3160,41.9,36.64938093580628
3161,41.9,36.64938093580628
3162,41.9,36.64938093580628
3163,41.9,36.64938093580628
3164,41.9,36.64938093580628
3165,41.9,36.64938093580628
3166,41.9,36.80888899938673
3167,41.9,36.846491969568895
3168,41.9,36.849380935806266
3169,41.9,36.849380935806266
3170,41.9,36.849380935806266
3171,41.9,36.849380935806266
3172,41.9,36.849380935806266
3173,41.9,36.849380935806266
3174,41.9,36.849380935806266
3175,41.9,36.887912087912085
3176,41.9,36.931977524737704
3177,41.9,36.93593390018729
3178,41.9,36.946491969568896
3179,41.9,36.94938093580626
3180,41.9,36.94938093580626
3181,41.9,36.974453450019055
3182,41.9,36.974453450019055
3183,41.9,37.00888899938674
3184,41.9,37.14938093580626
3185,41.9,37.2319775247377
3186,41.9,37.2319775247377
3187,41.9,37.24938093580626
3188,41.9,37.27445345001905
3189,41.9,37.27445345001905
3190,41.9,37.28791208791209
3191,41.9,37.349380935806266
3192,41.9,37.349380935806266
3193,41.9,37.37445345001905
3194,41.9,37.37445345001906
3195,41.9,37.37445345001906
3196,41.9,37.44938093580626
3197,41.9,37.44938093580626
3198,41.9,37.44938093580626
3199,41.9,37.44938093580626
3200,41.9,37.44938093580626
3201,41.9,37.44938093580626
3202,41.9,37.44938093580626
3203,41.9,37.44938093580626
3204,41.9,37.44938093580626
3205,41.9,37.44938093580626
3206,41.9,37.44938093580626
3207,41.9,37.44938093580626
3208,41.9,37.44938093580626
3209,41.9,37.44938093580626
3210,41.9,37.44938093580626
3211,41.9,37.474453450019055
3212,41.9,37.73487809324914
3213,41.9,37.974453450019055
3214,41.9,37.98791208791208
3215,41.9,38.07445345001905
3216,41.9,38.07445345001905
3217,41.9,38.07445345001905
3218,41.9,38.07445345001905
3219,41.9,38.074453450019064
3220,41.9,38.17445345001906
3221,41.9,38.28791208791209
3222,41.9,38.33487809324913
3223,41.9,38.346491969568895
3224,41.9,38.349380935806266
3225,41.9,38.349380935806266
3226,41.9,38.349380935806266
3227,41.9,38.349380935806266
3228,41.9,38.43487809324914
3229,41.9,38.48791208791209
3230,41.9,38.57445345001905
3231,41.9,38.61667412527141
3232,41.9,38.67445345001906
3233,41.9,38.73197752473771
3234,41.9,38.74938093580627
3235,41.9,38.74938093580627
3236,41.9,38.74938093580627
3237,41.9,38.77445345001905
3238,41.9,38.77445345001905
3239,41.9,38.791729236073124
3240,41.9,38.83487809324913
3241,41.9,38.83487809324913
3242,41.9,38.849380935806266
3243,41.9,38.849380935806266
3244,41.9,38.849380935806266
3245,41.9,38.849380935806266
3246,41.9,39.2319775247377
3247,41.9,39.27445345001905
3248,41.9,39.27445345001905
3249,41.9,39.33487809324913
3250,41.9,39.36654069911988
3251,41.9,39.37445345001905
3252,41.9,39.431977524737704
3253,41.9,39.474453450019055
3254,41.9,39.534878093249134
3255,41.9,39.64938093580626
3256,41.9,39.64938093580626
3257,41.9,39.64938093580626
3258,41.9,39.64938093580626
3259,41.9,39.64938093580626
3260,41.9,39.8319775247377
3261,41.9,39.83197752473771
3262,41.9,39.931977524737704
3263,41.9,39.931977524737704
3264,41.9,39.98791208791209
3265,41.9,40.031977524737705
3266,41.9,40.031977524737705
3267,41.9,40.07445345001905
3268,41.9,40.14938093580628
3269,41.9,40.14938093580628
3270,41.9,40.14938093580628
3271,41.9,40.14938093580628
3272,41.9,40.24938093580627
3273,41.9,40.24938093580627
3274,41.9,40.24938093580627
3275,41.9,40.24938093580627
3276,41.9,40.24938093580627
3277,41.9,40.24938093580627
3278,41.9,40.24938093580627
3279,41.9,40.24938093580627
3280,41.9,40.24938093580627
3281,41.9,40.24938093580627
3282,41.9,40.24938093580627
3283,41.9,40.24938093580627
3284,41.9,40.24938093580627
3285,41.9,40.24938093580627
3286,41.9,40.24938093580627
3287,41.9,40.24938093580627
3288,41.9,40.24938093580627
3289,41.9,40.24938093580627
3290,41.9,40.24938093580627
3291,41.9,40.24938093580627
3292,41.9,40.30888899938674
3293,41.9,40.40888899938673
3294,41.9,40.44938093580626
3295,41.9,40.44938093580626
3296,41.9,40.44938093580626
3297,41.9,40.44938093580626
3298,41.9,40.44938093580626
3299,41.9,40.508888999386734
3300,41.9,40.58791208791209
3301,41.9,40.64938093580626
3302,41.9,40.64938093580626
3303,41.9,40.64938093580626
3304,41.9,40.64938093580626
3305,41.9,40.64938093580626
3306,41.9,40.64938093580626
3307,41.9,40.64938093580626
3308,41.9,40.64938093580626
3309,41.9,40.674453450019044
3310,41.9,40.674453450019044
3311,41.9,40.674453450019044
3312,41.9,40.68303139796352
3313,41.9,40.77445345001905
3314,41.9,41.031977524737705
3315,41.9,41.18791208791208
3316,41.9,41.18791208791208
3317,41.9,41.328415626605675
3318,41.9,41.33593390018729
3319,41.9,41.40888899938673
3320,41.9,41.434878093249125
3321,41.9,41.50888899938674
3322,41.9,41.531977524737705
3323,41.9,41.53593390018729
3324,41.9,41.54938093580627
3325,41.9,41.54938093580627
3326,41.9,41.54938093580627
3327,41.9,41.54938093580627
3328,41.9,41.54938093580627
3329,41.9,41.57445345001905
3330,41.9,41.64938093580626
3331,41.9,41.64938093580626
3332,41.9,41.64938093580626
3333,41.9,41.64938093580626
3334,41.9,41.64938093580626
3335,41.9,41.66086718711153
3336,41.9,41.67445345001906
3337,41.9,41.67445345001906
3338,41.9,41.67445345001906
3339,41.9,41.691729236073115
3340,41.9,41.78791208791209
3341,41.9,41.83593390018729
3342,41.9,41.849380935806266
3343,41.9,41.849380935806266
3344,41.9,41.849380935806266
3345,41.9,41.9
3346,41.9,41.9
3347,41.9,41.9
3348,41.9,41.9
3349,41.9,41.9
3350,41.9,41.9
3351,41.9,41.9
3352,41.9,41.9
3353,41.9,41.9
3354,41.9,41.9
3355,41.9,41.9
3356,41.9,41.9
3357,41.9,41.9
3358,41.9,41.9
3359,41.9,41.9
3360,41.9,41.9
3361,41.9,41.9
3362,41.9,41.9
3363,41.9,41.9
3364,41.9,41.9
3365,41.9,41.9
3366,41.9,41.9
3367,41.9,41.9
3368,41.9,41.9
3369,41.9,41.9
3370,41.9,41.9
3371,41.9,41.9
3372,41.9,41.9
3373,41.9,41.9
3374,41.9,41.9
3375,41.9,41.9
3376,41.9,41.9
3377,41.9,41.9
3378,41.9,41.9
3379,41.9,41.9
3380,41.9,41.9
3381,41.9,41.9
3382,41.9,41.9
3383,41.9,41.9
3384,41.9,41.9
3385,41.9,41.9
3386,41.9,41.9
3387,41.9,41.9
3388,41.9,41.9
3389,41.9,41.9
3390,41.9,41.9
3391,41.9,41.9
3392,41.9,41.9
3393,41.9,41.9
3394,41.9,41.9
3395,41.9,41.9
3396,41.9,41.9
3397,41.9,41.9
3398,41.9,41.9
3399,41.9,41.9
3400,41.9,41.9
3401,41.9,41.9
3402,41.9,41.9
3403,41.9,41.9
3404,41.9,41.9
3405,41.9,41.9
3406,41.9,41.9
3407,41.9,41.9
3408,41.9,41.9
3409,41.9,41.9
3410,41.9,41.9
3411,41.9,41.9
3412,41.9,41.9
3413,41.9,41.9
3414,41.9,41.9
3415,41.9,41.9
3416,41.9,41.9
3417,41.9,41.9
3418,41.9,41.9
3419,41.9,41.9
3420,41.9,41.9
3421,41.9,41.9
3422,41.9,41.9
3423,41.9,41.9
3424,41.9,41.9
3425,41.9,41.9
3426,41.9,41.9
3427,41.9,41.9
3428,41.9,41.9
3429,41.9,41.9
3430,41.9,41.9
3431,41.9,41.9
3432,41.9,41.9
3433,41.9,41.9
3434,41.9,41.9
3435,41.9,41.9
3436,41.9,41.9
3437,41.9,41.9
3438,41.9,41.9
3439,41.9,41.9
3440,41.9,41.9
3441,41.9,41.9
3442,41.9,41.9
3443,41.9,41.9
3444,41.9,41.9
3445,41.9,41.9
3446,41.9,41.9
3447,41.9,41.9
3448,41.9,41.9
3449,41.9,41.9
3450,41.9,41.9
3451,41.9,41.9
3452,41.9,41.9
3453,41.9,41.9
3454,41.9,41.9
3455,41.9,41.9
3456,41.9,41.9
3457,41.9,41.9
3458,41.9,41.9
3459,41.9,41.9
3460,41.9,41.9
3461,41.9,41.9
3462,41.9,41.9
3463,41.9,41.9
3464,41.9,41.9
3465,41.9,41.9
3466,41.9,41.9
3467,41.9,41.9
3468,41.9,41.9
3469,41.9,41.9
3470,41.9,41.9
3471,41.9,41.9
3472,41.9,41.9
3473,41.9,41.9
3474,41.9,41.9
3475,41.9,41.9
3476,41.9,41.9
3477,41.9,41.9
3478,41.9,41.9
3479,41.9,41.9
3480,41.9,41.9
3481,41.9,41.9
3482,41.9,41.9
3483,41.9,41.9
3484,41.9,41.9
3485,41.9,41.9
3486,41.9,41.9
3487,41.9,41.9
3488,41.9,41.9
3489,41.9,41.9
3490,41.9,41.9
3491,41.9,41.9
3492,41.9,41.9
3493,41.9,41.9
3494,41.9,41.9
3495,41.9,41.9
3496,41.9,41.9
3497,41.9,41.9
3498,41.9,41.9
3499,41.9,41.9
3500,41.9,41.9
3501,41.9,41.9
3502,41.9,41.9
3503,41.9,41.9
3504,41.9,41.9
3505,41.9,41.9
3506,41.9,41.9
3507,41.9,41.9
3508,41.9,41.9
3509,41.9,41.9
3510,41.9,41.9
3511,41.9,41.9
3512,41.9,41.9
3513,41.9,41.9
3514,41.9,41.9
3515,41.9,41.9
3516,41.9,41.9
3517,41.9,41.9
3518,41.9,41.9
3519,41.9,41.9
3520,41.9,41.9
3521,41.9,41.9
3522,41.9,41.9
3523,41.9,41.9
3524,41.9,41.9
3525,41.9,41.9
3526,41.9,41.9
3527,41.9,41.9
3528,41.9,41.9
3529,41.9,41.9
3530,41.9,41.9
3531,41.9,41.9
3532,41.9,41.9
3533,41.9,41.9
3534,41.9,41.9
3535,41.9,41.9
3536,41.9,41.9
3537,41.9,41.9
3538,41.9,41.9
3539,41.9,41.9
3540,41.9,41.9
3541,41.9,41.9
3542,41.9,41.9
3543,41.9,41.9
3544,41.9,41.9
3545,41.9,41.9
3546,41.9,41.9
3547,41.9,41.9
3548,41.9,41.9
3549,41.9,41.9
3550,41.9,41.9
3551,41.9,41.9
3552,41.9,41.9
3553,41.9,41.9
3554,41.9,41.9
3555,41.9,41.9
3556,41.9,41.9
3557,41.9,41.9
3558,41.9,41.9
3559,41.9,41.9
3560,41.9,41.9
3561,41.9,41.9
3562,41.9,41.9
3563,41.9,41.9
3564,41.9,41.9
3565,41.9,41.9
3566,41.9,41.9
3567,41.9,41.9
3568,41.9,41.9
3569,41.9,41.9
3570,41.9,41.9
3571,41.9,41.9
3572,41.9,41.9
3573,41.9,41.9
3574,41.9,41.9
3575,41.9,41.9
3576,41.9,41.9
3577,41.9,41.9
3578,41.9,41.9
3579,41.9,41.9
3580,41.9,41.9
3581,41.9,41.9
3582,41.9,41.9
3583,41.9,41.9
3584,41.9,41.9
3585,41.9,41.9
3586,41.9,41.9
3587,41.9,41.9
3588,41.9,41.9
3589,41.9,41.9
3590,41.9,41.9
3591,41.9,41.9
3592,41.9,41.9
3593,41.9,41.9
3594,41.9,41.9
3595,41.9,41.9
3596,41.9,41.9
3597,41.9,41.9
3598,41.9,41.9
3599,41.9,41.9
3600,41.9,41.9
3601,41.9,41.9
3602,41.9,41.9
3603,41.9,41.9
3604,41.9,41.9
3605,41.9,41.9
3606,41.9,41.9
3607,41.9,41.9
3608,41.9,41.9
3609,41.9,41.9
3610,41.9,41.9
3611,41.9,41.9
3612,41.9,41.9
3613,41.9,41.9
3614,41.9,41.9
3615,41.9,41.9
3616,41.9,41.9
3617,41.9,41.9
3618,41.9,41.9
3619,41.9,41.9
3620,41.9,41.9
3621,41.9,41.9
3622,41.9,41.9
3623,41.9,41.9
3624,41.9,41.9
3625,41.9,41.9
3626,41.9,41.9
3627,41.9,41.9
3628,41.9,41.9
3629,41.9,41.9
3630,41.9,41.9
3631,41.9,41.9
3632,41.9,41.9
3633,41.9,41.9
3634,41.9,41.9
3635,41.9,41.9
3636,41.9,41.9
3637,41.9,41.9
3638,41.9,41.9
3639,41.9,41.9
3640,41.9,41.9
3641,41.9,41.9
3642,41.9,41.9
3643,41.9,41.9
3644,41.9,41.9
3645,41.9,41.9
3646,41.9,41.9
3647,41.9,41.9
3648,41.9,41.9
3649,41.9,41.9
3650,41.9,41.9
3651,41.9,41.9
3652,41.9,41.9
3653,41.9,41.9
3654,41.9,41.9
3655,41.9,41.9
3656,41.9,41.9
3657,41.9,41.9
3658,41.9,41.9
3659,41.9,41.9
3660,41.9,41.9
3661,41.9,41.9
3662,41.9,41.9
3663,41.9,41.9
3664,41.9,41.9
3665,41.9,41.9
3666,41.9,41.9
3667,41.9,41.9
3668,41.9,41.9
3669,41.9,41.9
3670,41.9,41.9
3671,41.9,41.9
3672,41.9,41.9
3673,41.9,41.9
3674,41.9,41.9
3675,41.9,41.9
3676,41.9,41.9
3677,41.9,41.9
3678,41.9,41.9
3679,41.9,41.9
3680,41.9,41.9
3681,41.9,41.9
3682,41.9,41.9
3683,41.9,41.9
3684,41.9,41.9
3685,41.9,41.9
3686,41.9,41.9
3687,41.9,41.9
3688,41.9,41.9
3689,41.9,41.9
3690,41.9,41.9
3691,41.9,41.9
3692,41.9,41.9
3693,41.9,41.9
3694,41.9,41.9
3695,41.9,41.9
3696,41.9,41.9
3697,41.9,41.9
3698,41.9,41.9
3699,41.9,41.9
3700,41.9,41.9
3701,41.9,41.9
3702,41.9,41.9
3703,41.9,41.9
3704,41.9,41.9
3705,41.9,41.9
3706,41.9,41.9
3707,41.9,41.9
3708,41.9,41.9
3709,41.9,41.9
3710,41.9,41.9
3711,41.9,41.9
3712,41.9,41.9
3713,41.9,41.9
3714,41.9,41.9
3715,41.9,41.9
3716,41.9,41.9
3717,41.9,41.9
3718,41.9,41.9
3719,41.9,41.9
3720,41.9,41.9
3721,41.9,41.9
3722,41.9,41.9
3723,41.9,41.9
3724,41.9,41.9
3725,41.9,41.9
3726,41.9,41.9
3727,41.9,41.9
3728,41.9,41.9
3729,41.9,41.9
3730,41.9,41.9
3731,41.9,41.9
3732,41.9,41.9
3733,41.9,41.9
3734,41.9,41.9
3735,41.9,41.9
3736,41.9,41.9
3737,41.9,41.9
3738,41.9,41.9
3739,41.9,41.9
3740,41.9,41.9
3741,41.9,41.9
3742,41.9,41.9
3743,41.9,41.9
3744,41.9,41.9
3745,41.9,41.9
3746,41.9,41.9
3747,41.9,41.9
3748,41.9,41.9
3749,41.9,41.9
3750,41.9,41.9
3751,41.9,41.9
3752,41.9,41.9
3753,41.9,41.9
3754,41.9,41.9
3755,41.9,41.9
3756,41.9,41.9
3757,41.9,41.9
3758,41.9,41.9
3759,41.9,41.9
3760,41.9,41.9
3761,41.9,41.9
3762,41.9,41.9
3763,41.9,41.9
3764,41.9,41.9
3765,41.9,41.9
3766,41.9,41.9
3767,41.9,41.9
3768,41.9,41.9
3769,41.9,41.9
3770,41.9,41.9
3771,41.9,41.9
3772,41.9,41.9
3773,41.9,41.9
3774,41.9,41.9
3775,41.9,41.9
3776,41.9,41.9
3777,41.9,41.9
3778,41.9,41.9
3779,41.9,41.9
3780,41.9,41.9
3781,41.9,41.9
3782,41.9,41.9
3783,41.9,41.9
3784,41.9,41.9
3785,41.9,41.9
3786,41.9,41.9
3787,41.9,41.9
3788,41.9,41.9
3789,41.9,41.9
3790,41.9,41.9
3791,41.9,41.9
3792,41.9,41.9
3793,41.9,41.9
3794,41.9,41.9
3795,41.9,41.9
3796,41.9,41.9
3797,41.9,41.9
3798,41.9,41.9
3799,41.9,41.9
3800,41.9,41.9
3801,41.9,41.9
3802,41.9,41.9
3803,41.9,41.9
3804,41.9,41.9
3805,41.9,41.9
3806,41.9,41.9
3807,41.9,41.9
3808,41.9,41.9
3809,41.9,41.9
3810,41.9,41.9
3811,41.9,41.9
3812,41.9,41.9
3813,41.9,41.9
3814,41.9,41.9
3815,41.9,41.9
3816,41.9,41.9
3817,41.9,41.9
3818,41.9,41.9
3819,41.9,41.9
3820,41.9,41.9
3821,41.9,41.9
3822,41.9,41.9
3823,41.9,41.9
3824,41.9,41.9
3825,41.9,41.9
3826,41.9,41.9
3827,41.9,41.9
3828,41.9,41.9
3829,41.9,41.9
3830,41.9,41.9
3831,41.9,41.9
3832,41.9,41.9
3833,41.9,41.9
3834,41.9,41.9
3835,41.9,41.9
3836,41.9,41.9
3837,41.9,41.9
3838,41.9,41.9
3839,41.9,41.9
3840,41.9,41.9
3841,41.9,41.9
3842,41.9,41.9
3843,41.9,41.9
3844,41.9,41.9
3845,41.9,41.9
3846,41.9,41.9
3847,41.9,41.9
3848,41.9,41.9
3849,41.9,41.9
3850,41.9,41.9
3851,41.9,41.9
3852,41.9,41.9
3853,41.9,41.9
3854,41.9,41.9
3855,41.9,41.9
3856,41.9,41.9
3857,41.9,41.9
3858,41.9,41.9
3859,41.9,41.9
3860,41.9,41.9
3861,41.9,41.9
3862,41.9,41.9
3863,41.9,41.9
3864,41.9,41.9
3865,41.9,41.9
3866,41.9,41.9
3867,41.9,41.9
3868,41.9,41.9
3869,41.9,41.9
3870,41.9,41.9
3871,41.9,41.9
3872,41.9,41.9
3873,41.9,41.9
3874,41.9,41.9
3875,41.9,41.9
3876,41.9,41.9
3877,41.9,41.9
3878,41.9,41.9
3879,41.9,41.9
3880,41.9,41.9
3881,41.9,41.9
3882,41.9,41.9
3883,41.9,41.9
3884,41.9,41.9
3885,41.9,41.9
3886,41.9,41.9
3887,41.9,41.9
3888,41.9,41.9
3889,41.9,41.9
3890,41.9,41.9
3891,41.9,41.9
3892,41.9,41.9
3893,41.9,41.9
3894,41.9,41.9
3895,41.9,41.9
3896,41.9,41.9
3897,41.9,41.9
3898,41.9,41.9
3899,41.9,41.9
3900,41.9,41.9
3901,41.9,41.9
3902,41.9,41.9
3903,41.9,41.9
3904,41.9,41.9
3905,41.9,41.9
3906,41.9,41.9
3907,41.9,41.9
3908,41.9,41.9
3909,41.9,41.9
3910,41.9,41.9
3911,41.9,41.9
3912,41.9,41.9
3913,41.9,41.9
3914,41.9,41.9
3915,41.9,41.9
3916,41.9,41.9
3917,41.9,41.9
3918,41.9,41.9
3919,41.9,41.9
3920,41.9,41.9
3921,41.9,41.9
3922,41.9,41.9
3923,41.9,41.9
3924,41.9,41.9
3925,41.9,41.9
3926,41.9,41.9
3927,41.9,41.9
3928,41.9,41.9
3929,41.9,41.9
3930,41.9,41.9
3931,41.9,41.9
3932,41.9,41.9
3933,41.9,41.9
3934,41.9,41.9
3935,41.9,41.9
3936,41.9,41.9
3937,41.9,41.9
3938,41.9,41.9
3939,41.9,41.9
3940,41.9,41.9
3941,41.9,41.9
3942,41.9,41.9
3943,41.9,41.9
3944,41.9,41.9
3945,41.9,41.9
3946,41.9,41.9
3947,41.9,41.9
3948,41.9,41.9
3949,41.9,41.9
3950,41.9,41.9
3951,41.9,41.9
3952,41.9,41.9
3953,41.9,41.9
3954,41.9,41.9
3955,41.9,41.9
3956,41.9,41.9
3957,41.9,41.9
3958,41.9,41.9
3959,41.9,41.9
3960,41.9,41.9
3961,41.9,41.9
3962,41.9,41.9
3963,41.9,41.9
3964,41.9,41.9
3965,41.9,41.9
3966,41.9,41.9
3967,41.9,41.9
3968,41.9,41.9
3969,41.9,41.9
3970,41.9,41.9
3971,41.9,41.9
3972,41.9,41.9
3973,41.9,41.9
3974,41.9,41.9
3975,41.9,41.9
3976,41.9,41.9
3977,41.9,41.9
3978,41.9,41.9
3979,41.9,41.9
3980,41.9,41.9
3981,41.9,41.9
3982,41.9,41.9
3983,41.9,41.9
3984,41.9,41.9
3985,41.9,41.9
3986,41.9,41.9
3987,41.9,41.9
3988,41.9,41.9
3989,41.9,41.9
3990,41.9,41.9
3991,41.9,41.9
3992,41.9,41.9
3993,41.9,41.9
3994,41.9,41.9
3995,41.9,41.9
3996,41.9,41.9
3997,41.9,41.9
3998,41.9,41.9
3999,41.9,41.9
4000,41.9,41.9
4001,41.9,41.9
4002,41.9,41.9
4003,41.9,41.9
4004,41.9,41.9
4005,41.9,41.9
4006,41.9,41.9
4007,41.9,41.9
4008,41.9,41.9
4009,41.9,41.9
4010,41.9,41.9
4011,41.9,41.9
4012,41.9,41.9
4013,41.9,41.9
4014,41.9,41.9
4015,41.9,41.9
4016,41.9,41.9
4017,41.9,41.9
4018,41.9,41.9
4019,41.9,41.9
4020,41.9,41.9
4021,41.9,41.9
4022,41.9,41.9
4023,41.9,41.9
4024,41.9,41.9
4025,41.9,41.9
4026,41.9,41.9
4027,41.9,41.9
4028,41.9,41.9
4029,41.9,41.9
4030,41.9,41.9
4031,41.9,41.9
4032,41.9,41.9
4033,41.9,41.9
4034,41.9,41.9
4035,41.9,41.9
4036,41.9,41.9
4037,41.9,41.9
4038,41.9,41.9
4039,41.9,41.9
4040,41.9,41.9
4041,41.9,41.9
4042,41.9,41.9
4043,41.9,41.9
4044,41.9,41.9
4045,41.9,41.9
4046,41.9,41.9
4047,41.9,41.9
4048,41.9,41.9
4049,41.9,41.9
4050,41.9,41.9
4051,41.9,41.9
4052,41.9,41.9
4053,41.9,41.9
4054,41.9,41.9
4055,41.9,41.9
4056,41.9,41.9
4057,41.9,41.9
4058,41.9,41.9
4059,41.9,41.9
4060,41.9,41.9
4061,41.9,41.9
4062,41.9,41.9
4063,41.9,41.9
4064,41.9,41.9
4065,41.9,41.9
4066,41.9,41.9
4067,41.9,41.9
4068,41.9,41.9
4069,41.9,41.9
4070,41.9,41.9
4071,41.9,41.9
4072,41.9,41.9
4073,41.9,41.9
4074,41.9,41.9
4075,41.9,41.9
4076,41.9,41.9
4077,41.9,41.9
4078,41.9,41.9
4079,41.9,41.9
4080,41.9,41.9
4081,41.9,41.9
4082,41.9,41.9
4083,41.9,41.9
4084,41.9,41.9
4085,41.9,41.9
4086,41.9,41.9
4087,41.9,41.9
4088,41.9,41.9
4089,41.9,41.9
4090,41.9,41.9
4091,41.9,41.9
4092,41.9,41.9
4093,41.9,41.9
4094,41.9,41.9
4095,41.9,41.9
4096,41.9,41.9
4097,41.9,41.9
4098,41.9,41.9
4099,41.9,41.9
4100,41.9,41.9
4101,41.9,41.9
4102,41.9,41.9
4103,41.9,41.9
4104,41.9,41.9
4105,41.9,41.9
4106,41.9,41.9
4107,41.9,41.9
4108,41.9,41.9
4109,41.9,41.9
4110,41.9,41.9
4111,41.9,41.9
4112,41.9,41.9
4113,41.9,41.9
4114,41.9,41.9
4115,41.9,41.9
4116,41.9,41.9
4117,41.9,41.9
4118,41.9,41.9
4119,41.9,41.9
4120,41.9,41.9
4121,41.9,41.9
4122,41.9,41.9
4123,41.9,41.9
4124,41.9,41.9
4125,41.9,41.9
4126,41.9,41.9
4127,41.9,41.9
4128,41.9,41.9
4129,41.9,41.9
4130,41.9,41.9
4131,41.9,41.9
4132,41.9,41.9
4133,41.9,41.9
4134,41.9,41.9
4135,41.9,41.9
4136,41.9,41.9
4137,41.9,41.9
4138,41.9,41.9
4139,41.9,41.9
4140,41.9,41.9
4141,41.9,41.9
4142,41.9,41.9
4143,41.9,41.9
4144,41.9,41.9
4145,41.9,41.9
4146,41.9,41.9
4147,41.9,41.9
4148,41.9,41.9
4149,41.9,41.9
4150,41.9,41.9
4151,41.9,41.9
4152,41.9,41.9
4153,41.9,41.9
4154,41.9,41.9
4155,41.9,41.9
4156,41.9,41.9
4157,41.9,41.9
4158,41.9,41.9
4159,41.9,41.9
4160,41.9,41.9
4161,41.9,41.9
4162,41.9,41.9
4163,41.9,41.9
4164,41.9,41.9
4165,41.9,41.9
4166,41.9,41.9
4167,41.9,41.9
4168,41.9,41.9
4169,41.9,41.9
4170,41.9,41.9
4171,41.9,41.9
4172,41.9,41.9
4173,41.9,41.9
4174,41.9,41.9
4175,41.9,41.9
4176,41.9,41.9
4177,41.9,41.9
4178,41.9,41.9
4179,41.9,41.9
4180,41.9,41.9
4181,41.9,41.9
4182,41.9,41.9
4183,41.9,41.9
4184,41.9,41.9
4185,41.9,41.9
4186,41.9,41.9
4187,41.9,41.9
4188,41.9,41.9
4189,41.9,41.9
4190,41.9,41.9
4191,41.9,41.9
4192,41.9,41.9
4193,41.9,41.9
4194,41.9,41.9
4195,41.9,41.9
4196,41.9,41.9
4197,41.9,41.9
4198,41.9,41.9
4199,41.9,41.9
4200,41.9,41.9
4201,41.9,41.9
4202,41.9,41.9
4203,41.9,41.9
4204,41.9,41.9
4205,41.9,41.9
4206,41.9,41.9
4207,41.9,41.9
4208,41.9,41.9
4209,41.9,41.9
4210,41.9,41.9
4211,41.9,41.9
4212,41.9,41.9
4213,41.9,41.9
4214,41.9,41.9
4215,41.9,41.9
4216,41.9,41.9
4217,41.9,41.9
4218,41.9,41.9
4219,41.9,41.9
4220,41.9,41.9
4221,41.9,41.9
4222,41.9,41.9
4223,41.9,41.9
4224,41.9,41.9
4225,41.9,41.9
4226,41.9,41.9
4227,41.9,41.9
4228,41.9,41.9
4229,41.9,41.9
4230,41.9,41.9
4231,41.9,41.9
4232,41.9,41.9
4233,41.9,41.9
4234,41.9,41.9
4235,41.9,41.9
4236,41.9,41.9
4237,41.9,41.9
4238,41.9,41.9
4239,41.9,41.9
4240,41.9,41.9
4241,41.9,41.9
4242,41.9,41.9
4243,41.9,41.9
4244,41.9,41.9
4245,41.9,41.9
4246,41.9,41.9
4247,41.9,41.9
4248,41.9,41.9
4249,41.9,41.9
4250,41.9,41.9
4251,41.9,41.9
4252,41.9,41.9
4253,41.9,41.9
4254,41.9,41.9
4255,41.9,41.9
4256,41.9,41.9
4257,41.9,41.9
4258,41.9,41.9
4259,41.9,41.9
4260,41.9,41.9
4261,41.9,41.9
4262,41.9,41.9
4263,41.9,41.9
4264,41.9,41.9
4265,41.9,41.9
4266,41.9,41.9
4267,41.9,41.9
4268,41.9,41.9
4269,41.9,41.9
4270,41.9,41.9
4271,41.9,41.9
4272,41.9,41.9
4273,41.9,41.9
4274,41.9,41.9
4275,41.9,41.9
4276,41.9,41.9
4277,41.9,41.9
4278,41.9,41.9
4279,41.9,41.9
4280,41.9,41.9
4281,41.9,41.9
4282,41.9,41.9
4283,41.9,41.9
4284,41.9,41.9
4285,41.9,41.9
4286,41.9,41.9
4287,41.9,41.9
4288,41.9,41.9
4289,41.9,41.9
4290,41.9,41.9
4291,41.9,41.9
4292,41.9,41.9
4293,41.9,41.9
4294,41.9,41.9
4295,41.9,41.9
4296,41.9,41.9
4297,41.9,41.9
4298,41.9,41.9
4299,41.9,41.9
4300,41.9,41.9
4301,41.9,41.9
4302,41.9,41.9
4303,41.9,41.9
4304,41.9,41.9
4305,41.9,41.9
4306,41.9,41.9
4307,41.9,41.9
4308,41.9,41.9
4309,41.9,41.9
4310,41.9,41.9
4311,41.9,41.9
4312,41.9,41.9
4313,41.9,41.9
4314,41.9,41.9
4315,41.9,41.9
4316,41.9,41.9
4317,41.9,41.9
4318,41.9,41.9
4319,41.9,41.9
4320,41.9,41.9
4321,41.9,41.9
4322,41.9,41.9
4323,41.9,41.9
4324,41.9,41.9
4325,41.9,41.9
4326,41.9,41.9
4327,41.9,41.9
4328,41.9,41.9
4329,41.9,41.9
4330,41.9,41.9
4331,41.9,41.9
4332,41.9,41.9
4333,41.9,41.9
4334,41.9,41.9
4335,41.9,41.9
4336,41.9,41.9
4337,41.9,41.9
4338,41.9,41.9
4339,41.9,41.9
4340,41.9,41.9
4341,41.9,41.9
4342,41.9,41.9
4343,41.9,41.9
4344,41.9,41.9
4345,41.9,41.9
4346,41.9,41.9
4347,41.9,41.9
4348,41.9,41.9
4349,41.9,41.9
4350,41.9,41.9
4351,41.9,41.9
4352,41.9,41.9
4353,41.9,41.9
4354,41.9,41.9
4355,41.9,41.9
4356,41.9,41.9
4357,41.9,41.9
4358,41.9,41.9
4359,41.9,41.9
4360,41.9,41.9
4361,41.9,41.9
4362,41.9,41.9
4363,41.9,41.9
4364,41.9,41.9
4365,41.9,41.9
4366,41.9,41.9
4367,41.9,41.9
4368,41.9,41.9
4369,41.9,41.9
4370,41.9,41.9
4371,41.9,41.9
4372,41.9,41.9
4373,41.9,41.9
4374,41.9,41.9
4375,41.9,41.9
4376,41.9,41.9
4377,41.9,41.9
4378,41.9,41.9
4379,41.9,41.9
4380,41.9,41.9
4381,41.9,41.9
4382,41.9,41.9
4383,41.9,41.9
4384,41.9,41.9
4385,41.9,41.9
4386,41.9,41.9
4387,41.9,41.9
4388,41.9,41.9
4389,41.9,41.9
4390,41.9,41.9
4391,41.9,41.9
4392,41.9,41.9
4393,41.9,41.9
4394,41.9,41.9
4395,41.9,41.9
4396,41.9,41.9
4397,41.9,41.9
4398,41.9,41.9
4399,41.9,41.9
4400,41.9,41.9
4401,41.9,41.9
4402,41.9,41.9
4403,41.9,41.9
4404,41.9,41.9
4405,41.9,41.9
4406,41.9,41.9
4407,41.9,41.9
4408,41.9,41.9
4409,41.9,41.9
4410,41.9,41.9
4411,41.9,41.9
4412,41.9,41.9
4413,41.9,41.9
4414,41.9,41.9
4415,41.9,41.9
4416,41.9,41.9
4417,41.9,41.9
4418,41.9,41.9
4419,41.9,41.9
4420,41.9,41.9
4421,41.9,41.9
4422,41.9,41.9
4423,41.9,41.9
4424,41.9,41.9
4425,41.9,41.9
4426,41.9,41.9
4427,41.9,41.9
4428,41.9,41.9
4429,41.9,41.9
4430,41.9,41.9
4431,41.9,41.9
4432,41.9,41.9
4433,41.9,41.9
4434,41.9,41.9
4435,41.9,41.9
4436,41.9,41.9
4437,41.9,41.9
4438,41.9,41.9
4439,41.9,41.9
4440,41.9,41.9
4441,41.9,41.9
4442,41.9,41.9
4443,41.9,41.9
4444,41.9,41.9
4445,41.9,41.9
4446,41.9,41.9
4447,41.9,41.9
4448,41.9,41.9
4449,41.9,41.9
4450,41.9,41.9
4451,41.9,41.9
4452,41.9,41.9
4453,41.9,41.9
4454,41.9,41.9
4455,41.9,41.9
4456,41.9,41.9
4457,41.9,41.9
4458,41.9,41.9
4459,41.9,41.9
4460,41.9,41.9
4461,41.9,41.9
4462,41.9,41.9
4463,41.9,41.9
4464,41.9,41.9
4465,41.9,41.9
4466,41.9,41.9
4467,41.9,41.9
4468,41.9,41.9
4469,41.9,41.9
4470,41.9,41.9
4471,41.9,41.9
4472,41.9,41.9
4473,41.9,41.9
4474,41.9,41.9
4475,41.9,41.9
4476,41.9,41.9
4477,41.9,41.9
4478,41.9,41.9
4479,41.9,41.9
4480,41.9,41.9
4481,41.9,41.9
4482,41.9,41.9
4483,41.9,41.9
4484,41.9,41.9
4485,41.9,41.9
4486,41.9,41.9
4487,41.9,41.9
4488,41.9,41.9
4489,41.9,41.9
4490,41.9,41.9
4491,41.9,41.9
4492,41.9,41.9
4493,41.9,41.9
4494,41.9,41.9
4495,41.9,41.9
4496,41.9,41.9
4497,41.9,41.9
4498,41.9,41.9
4499,41.9,41.9
4500,41.9,41.9
4501,41.9,41.9
4502,41.9,41.9
4503,41.9,41.9
4504,41.9,41.9
4505,41.9,41.9
4506,41.9,41.9
4507,41.9,41.9
4508,41.9,41.9
4509,41.9,41.9
4510,41.9,41.9
4511,41.9,41.9
4512,41.9,41.9
4513,41.9,41.9
4514,41.9,41.9
4515,41.9,41.9
4516,41.9,41.9
4517,41.9,41.9
4518,41.9,41.9
4519,41.9,41.9
4520,41.9,41.9
4521,41.9,41.9
4522,41.9,41.9
4523,41.9,41.9
4524,41.9,41.9
4525,41.9,41.9
4526,41.9,41.9
4527,41.9,41.9
4528,41.9,41.9
4529,41.9,41.9
4530,41.9,41.9
4531,41.9,41.9
4532,41.9,41.9
4533,41.9,41.9
4534,41.9,41.9
4535,41.9,41.9
4536,41.9,41.9
4537,41.9,41.9
4538,41.9,41.9
4539,41.9,41.9
4540,41.9,41.9
4541,41.9,41.9
4542,41.9,41.9
4543,41.9,41.9
4544,41.9,41.9
4545,41.9,41.9
4546,41.9,41.9
4547,41.9,41.9
4548,41.9,41.9
4549,41.9,41.9
4550,41.9,41.9
4551,41.9,41.9
4552,41.9,41.9
4553,41.9,41.9
4554,41.9,41.9
4555,41.9,41.9
4556,41.9,41.9
4557,41.9,41.9
4558,41.9,41.9
4559,41.9,41.9
4560,41.9,41.9
4561,41.9,41.9
4562,41.9,41.9
4563,41.9,41.9
4564,41.9,41.9
4565,41.9,41.9
4566,41.9,41.9
4567,41.9,41.9
4568,41.9,41.9
4569,41.9,41.9
4570,41.9,41.9
4571,41.9,41.9
4572,41.9,41.9
4573,41.9,41.9
4574,41.9,41.9
4575,41.9,41.9
4576,41.9,41.9
4577,41.9,41.9
4578,41.9,41.9
4579,41.9,41.9
4580,41.9,41.9
4581,41.9,41.9
4582,41.9,41.9
4583,41.9,41.9
4584,41.9,41.9
4585,41.9,41.9
4586,41.9,41.9
4587,41.9,41.9
4588,41.9,41.9
4589,41.9,41.9
4590,41.9,41.9
4591,41.9,41.9
4592,41.9,41.9
4593,41.9,41.9
4594,41.9,41.9
4595,41.9,41.9
4596,41.9,41.9
4597,41.9,41.9
4598,41.9,41.9
4599,41.9,41.9
4600,41.9,41.9
4601,41.9,41.9
4602,41.9,41.9
4603,41.9,41.9
4604,41.9,41.9
4605,41.9,41.9
4606,41.9,41.9
4607,41.9,41.9
4608,41.9,41.9
4609,41.9,41.9
4610,41.9,41.9
4611,41.9,41.9
4612,41.9,41.9
4613,41.9,41.9
4614,41.9,41.9
4615,41.9,41.9
4616,41.9,41.9
4617,41.9,41.9
4618,41.9,41.9
4619,41.9,41.9
4620,41.9,41.9
4621,41.9,41.9
4622,41.9,41.9
4623,41.9,41.9
4624,41.9,41.9
4625,41.9,41.9
4626,41.9,41.9
4627,41.9,41.9
4628,41.9,41.9
4629,41.9,41.9
4630,41.9,41.9
4631,41.9,41.9
4632,41.9,41.9
4633,41.9,41.9
4634,41.9,41.9
4635,41.9,41.9
4636,41.9,41.9
4637,41.9,41.9
4638,41.9,41.9
4639,41.9,41.9
4640,41.9,41.9
4641,41.9,41.9
4642,41.9,41.9
4643,41.9,41.9
4644,41.9,41.9
4645,41.9,41.9
4646,41.9,41.9
4647,41.9,41.9
4648,41.9,41.9
4649,41.9,41.9
4650,41.9,41.9
4651,41.9,41.9
4652,41.9,41.9
4653,41.9,41.9
4654,41.9,41.9
4655,41.9,41.9
4656,41.9,41.9
4657,41.9,41.9
4658,41.9,41.9
4659,41.9,41.9
4660,41.9,41.9
4661,41.9,41.9
4662,41.9,41.9
4663,41.9,41.9
4664,41.9,41.9
4665,41.9,41.9
4666,41.9,41.9
4667,41.9,41.9
4668,41.9,41.9
4669,41.9,41.9
4670,41.9,41.9
4671,41.9,41.9
4672,41.9,41.9
4673,41.9,41.9
4674,41.9,41.9
4675,41.9,41.9
4676,41.9,41.9
4677,41.9,41.9
4678,41.9,41.9
4679,41.9,41.9
4680,41.9,41.9
4681,41.9,41.9
4682,41.9,41.9
4683,41.9,41.9
4684,41.9,41.9
4685,41.9,41.9
4686,41.9,41.9
4687,41.9,41.9
4688,41.9,41.9
4689,41.9,41.9
4690,41.9,41.9
4691,41.9,41.9
4692,41.9,41.9
4693,41.9,41.9
4694,41.9,41.9
4695,41.9,41.9
4696,41.9,41.9
4697,41.9,41.9
4698,41.9,41.9
4699,41.9,41.9
4700,41.9,41.9
4701,41.9,41.9
4702,41.9,41.9
4703,41.9,41.9
4704,41.9,41.9
4705,41.9,41.9
4706,41.9,41.9
4707,41.9,41.9
4708,41.9,41.9
4709,41.9,41.9
4710,41.9,41.9
4711,41.9,41.9
4712,41.9,41.9
4713,41.9,41.9
4714,41.9,41.9
4715,41.9,41.9
4716,41.9,41.9
4717,41.9,41.9
4718,41.9,41.9
4719,41.9,41.9
4720,41.9,41.9
4721,41.9,41.9
4722,41.9,41.9
4723,41.9,41.9
4724,41.9,41.9
4725,41.9,41.9
4726,41.9,41.9
4727,41.9,41.9
4728,41.9,41.9
4729,41.9,41.9
4730,41.9,41.9
4731,41.9,41.9
4732,41.9,41.9
4733,41.9,41.9
4734,41.9,41.9
4735,41.9,41.9
4736,41.9,41.9
4737,41.9,41.9
4738,41.9,41.9
4739,41.9,41.9
4740,41.9,41.9
4741,41.9,41.9
4742,41.9,41.9
4743,41.9,41.9
4744,41.9,41.9
4745,41.9,41.9
4746,41.9,41.9
4747,41.9,41.9
4748,41.9,41.9
4749,41.9,41.9
4750,41.9,41.9
4751,41.9,41.9
4752,41.9,41.9
4753,41.9,41.9
4754,41.9,41.9
4755,41.9,41.9
4756,41.9,41.9
4757,41.9,41.9
4758,41.9,41.9
4759,41.9,41.9
4760,41.9,41.9
4761,41.9,41.9
4762,41.9,41.9
4763,41.9,41.9
4764,41.9,41.9
4765,41.9,41.9
4766,41.9,41.9
4767,41.9,41.9
4768,41.9,41.9
4769,41.9,41.9
4770,41.9,41.9
4771,41.9,41.9
4772,41.9,41.9
4773,41.9,41.9
4774,41.9,41.9
4775,41.9,41.9
4776,41.9,41.9
4777,41.9,41.9
4778,41.9,41.9
4779,41.9,41.9
4780,41.9,41.9
4781,41.9,41.9
4782,41.9,41.9
4783,41.9,41.9
4784,41.9,41.9
4785,41.9,41.9
4786,41.9,41.9
4787,41.9,41.9
4788,41.9,41.9
4789,41.9,41.9
4790,41.9,41.9
4791,41.9,41.9
4792,41.9,41.9
4793,41.9,41.9
4794,41.9,41.9
4795,41.9,41.9
4796,41.9,41.9
4797,41.9,41.9
4798,41.9,41.9
4799,41.9,41.9
4800,41.9,41.9
4801,41.9,41.9
4802,41.9,41.9
4803,41.9,41.9
4804,41.9,41.9
4805,41.9,41.9
4806,41.9,41.9
4807,41.9,41.9
4808,41.9,41.9
4809,41.9,41.9
4810,41.9,41.9
4811,41.9,41.9
4812,41.9,41.9
4813,41.9,41.9
4814,41.9,41.9
4815,41.9,41.9
4816,41.9,41.9
4817,41.9,41.9
4818,41.9,41.9
4819,41.9,41.9
4820,41.9,41.9
4821,41.9,41.9
4822,41.9,41.9
4823,41.9,41.9
4824,41.9,41.9
4825,41.9,41.9
4826,41.9,41.9
4827,41.9,41.9
4828,41.9,41.9
4829,41.9,41.9
4830,41.9,41.9
4831,41.9,41.9
4832,41.9,41.9
4833,41.9,41.9
4834,41.9,41.9
4835,41.9,41.9
4836,41.9,41.9
4837,41.9,41.9
4838,41.9,41.9
4839,41.9,41.9
4840,41.9,41.9
4841,41.9,41.9
4842,41.9,41.9
4843,41.9,41.9
4844,41.9,41.9
4845,41.9,41.9
4846,41.9,41.9
4847,41.9,41.9
4848,41.9,41.9
4849,41.9,41.9
4850,41.9,41.9
4851,41.9,41.9
4852,41.9,41.9
4853,41.9,41.9
4854,41.9,41.9
4855,41.9,41.9
4856,41.9,41.9
4857,41.9,41.9
4858,41.9,41.9
4859,41.9,41.9
4860,41.9,41.9
4861,41.9,41.9
4862,41.9,41.9
4863,41.9,41.9
4864,41.9,41.9
4865,41.9,41.9
4866,41.9,41.9
4867,41.9,41.9
4868,41.9,41.9
4869,41.9,41.9
4870,41.9,41.9
4871,41.9,41.9
4872,41.9,41.9
4873,41.9,41.9
4874,41.9,41.9
4875,41.9,41.9
4876,41.9,41.9
4877,41.9,41.9
4878,41.9,41.9
4879,41.9,41.9
4880,41.9,41.9
4881,41.9,41.9
4882,41.9,41.9
4883,41.9,41.9
4884,41.9,41.9
4885,41.9,41.9
4886,41.9,41.9
4887,41.9,41.9
4888,41.9,41.9
4889,41.9,41.9
4890,41.9,41.9
4891,41.9,41.9
4892,41.9,41.9
4893,41.9,41.9
4894,41.9,41.9
4895,41.9,41.9
4896,41.9,41.9
4897,41.9,41.9
4898,41.9,41.9
4899,41.9,41.9
4900,41.9,41.9
4901,41.9,41.9
4902,41.9,41.9
4903,41.9,41.9
4904,41.9,41.9
4905,41.9,41.9
4906,41.9,41.9
4907,41.9,41.9
4908,41.9,41.9
4909,41.9,41.9
4910,41.9,41.9
4911,41.9,41.9
4912,41.9,41.9
4913,41.9,41.9
4914,41.9,41.9
4915,41.9,41.9
4916,41.9,41.9
4917,41.9,41.9
4918,41.9,41.9
4919,41.9,41.9
4920,41.9,41.9
4921,41.9,41.9
4922,41.9,41.9
4923,41.9,41.9
4924,41.9,41.9
4925,41.9,41.9
4926,41.9,41.9
4927,41.9,41.9
4928,41.9,41.9
4929,41.9,41.9
4930,41.9,41.9
4931,41.9,41.9
4932,41.9,41.9
4933,41.9,41.9
4934,41.9,41.9
4935,41.9,41.9
4936,41.9,41.9
4937,41.9,41.9
4938,41.9,41.9
4939,41.9,41.9
4940,41.9,41.9
4941,41.9,41.9
4942,41.9,41.9
4943,41.9,41.9
4944,41.9,41.9
4945,41.9,41.9
4946,41.9,41.9
4947,41.9,41.9
4948,41.9,41.9
4949,41.9,41.9
4950,41.9,41.9
4951,41.9,41.9
4952,41.9,41.9
4953,41.9,41.9
4954,41.9,41.9
4955,41.9,41.9
4956,41.9,41.9
4957,41.9,41.9
4958,41.9,41.9
4959,41.9,41.9
4960,41.9,41.9
4961,41.9,41.9
4962,41.9,41.9
4963,41.9,41.9
4964,41.9,41.9
4965,41.9,41.9
4966,41.9,41.9
4967,41.9,41.9
4968,41.9,41.9
4969,41.9,41.9
4970,41.9,41.9
4971,41.9,41.9
4972,41.9,41.9
4973,41.9,41.9
4974,41.9,41.9
4975,41.9,41.9
4976,41.9,41.9
4977,41.9,41.9
4978,41.9,41.9
4979,41.9,41.9
4980,41.9,41.9
4981,41.9,41.9
4982,41.9,41.9
4983,41.9,41.9
4984,41.9,41.9
4985,41.9,41.9
4986,41.9,41.9
4987,41.9,41.9
4988,41.9,41.9
4989,41.9,41.9
4990,41.9,41.9
4991,41.9,41.9
4992,41.9,41.9
4993,41.9,41.9
4994,41.9,41.9
4995,41.9,41.9
4996,41.9,41.9
4997,41.9,41.9
4998,41.9,41.9
4999,41.9,41.9
