,hsa_js,add_js
0,0.5,0.0
1,0.5,0.0
2,0.5,0.0
3,0.5,0.0
4,0.5,0.0
5,0.5,0.0
6,0.5,0.0
7,0.5,0.0
8,0.5,0.0
9,0.5,0.0
10,0.5,0.0
11,0.5,0.0
12,0.5,0.0
13,0.6000000000000001,0.0
14,0.7000000000000001,0.0
15,0.7000000000000001,0.0
16,0.7000000000000001,0.0
17,1.0,0.0
18,1.0,0.0
19,1.0,0.0
20,1.0,0.0
21,1.2000000000000002,0.0
22,1.2000000000000002,0.0
23,1.3,0.0
24,1.3,0.0
25,1.5,0.0
26,1.7000000000000002,0.0
27,1.7000000000000002,0.0
28,1.7000000000000002,0.0
29,1.7000000000000002,0.0
30,1.7000000000000002,0.0
31,1.7000000000000002,0.0
32,1.7000000000000002,0.0
33,1.7000000000000002,0.0
34,1.7000000000000002,0.0
35,1.7000000000000002,0.0
36,1.7000000000000002,0.0
37,1.7000000000000002,0.0
38,1.7000000000000002,0.0
39,1.7000000000000002,0.0
40,1.7000000000000002,0.0
41,1.7000000000000002,0.0
42,1.7000000000000002,0.0
43,1.7000000000000002,0.0
44,1.7000000000000002,0.0
45,1.7000000000000002,0.0
46,1.7000000000000002,0.0
47,1.7000000000000002,0.0
48,1.7000000000000002,0.0
49,1.7000000000000002,0.0
50,1.7000000000000002,0.0
51,1.7000000000000002,0.0
52,1.7000000000000002,0.0
53,1.7000000000000002,0.0
54,1.7000000000000002,0.0
55,1.7000000000000002,0.0
56,1.7000000000000002,0.0
57,1.7000000000000002,0.0
58,1.7000000000000002,0.0
59,1.7000000000000002,0.0
60,1.7000000000000002,0.0
61,1.9000000000000001,0.0
62,1.9000000000000001,0.0
63,1.9000000000000001,0.0
64,1.9000000000000001,0.0
65,1.9000000000000001,0.0
66,1.9000000000000001,0.0
67,1.9000000000000001,0.0
68,1.9000000000000001,0.0
69,1.9000000000000001,0.0
70,1.9000000000000001,0.0
71,1.9000000000000001,0.0
72,1.9000000000000001,0.0
73,1.9000000000000001,0.0
74,1.9000000000000001,0.0
75,1.9000000000000001,0.0
76,1.9000000000000001,0.0
77,1.9000000000000001,0.0
78,1.9000000000000001,0.0
79,1.9000000000000001,0.0
80,1.9000000000000001,0.0
81,1.9000000000000001,0.0
82,1.9000000000000001,0.0
83,1.9000000000000001,0.0
84,1.9000000000000001,0.0
85,1.9000000000000001,0.0
86,1.9000000000000001,0.0
87,1.9000000000000001,0.0
88,1.9000000000000001,0.0
89,1.9000000000000001,0.0
90,1.9000000000000001,0.0
91,1.9000000000000001,0.0
92,1.9000000000000001,0.0
93,1.9000000000000001,0.0
94,1.9000000000000001,0.0
95,1.9000000000000001,0.0
96,1.9000000000000001,0.0
97,2.0,0.0
98,2.0,0.0
99,2.0,0.0
100,2.2,0.0
101,2.2,0.0
102,2.2,0.0
103,2.2,0.0
104,2.4000000000000004,0.0
105,2.4000000000000004,0.0
106,2.4000000000000004,0.0
107,2.4000000000000004,0.0
108,2.4000000000000004,0.0
109,2.4000000000000004,0.0
110,2.4000000000000004,0.0
111,2.4000000000000004,0.0
112,2.4000000000000004,0.0
113,2.4000000000000004,0.0
114,2.4000000000000004,0.0
115,2.6,0.0
116,2.6,0.0
117,2.6,0.0
118,2.6,0.0
119,2.6,0.0
120,2.7,0.0
121,2.7,0.0
122,2.7,0.0
123,2.9000000000000004,0.0
124,2.9000000000000004,0.0
125,2.9000000000000004,0.0
126,2.9000000000000004,0.0
127,2.9000000000000004,0.0
128,3.1,0.0
129,3.1,0.0
130,3.1,0.0
131,3.1,0.0
132,3.1,0.0
133,3.1,0.0
134,3.1,0.0
135,3.1,0.0
136,3.1,0.0
137,3.3000000000000003,0.0
138,3.3000000000000003,0.0
139,3.4000000000000004,0.0
140,3.4000000000000004,0.0
141,3.4000000000000004,0.0
142,3.4000000000000004,0.0
143,3.4000000000000004,0.0
144,3.4000000000000004,0.0
145,3.4000000000000004,0.0
146,3.4000000000000004,0.0
147,3.4000000000000004,0.0
148,3.4000000000000004,0.0
149,3.4000000000000004,0.0
150,3.4000000000000004,0.0
151,3.4000000000000004,0.0
152,3.4000000000000004,0.0
153,3.4000000000000004,0.0
154,3.4000000000000004,0.0
155,3.4000000000000004,0.0
156,3.4000000000000004,0.0
157,3.4000000000000004,0.0
158,3.4000000000000004,0.0
159,3.4000000000000004,0.0
160,3.4000000000000004,0.0
161,3.4000000000000004,0.0
162,3.4000000000000004,0.0
163,3.4000000000000004,0.0
164,3.4000000000000004,0.0
165,3.4000000000000004,0.0
166,3.4000000000000004,0.0
167,3.4000000000000004,0.0
168,3.4000000000000004,0.0
169,3.4000000000000004,0.0
170,3.4000000000000004,0.0
171,3.4000000000000004,0.0
172,3.4000000000000004,0.0
173,3.4000000000000004,0.0
174,3.4000000000000004,0.0
175,3.4000000000000004,0.0
176,3.4000000000000004,0.0
177,3.4000000000000004,0.0
178,3.4000000000000004,0.0
179,3.9000000000000004,0.0
180,3.9000000000000004,0.0
181,3.9000000000000004,0.0
182,3.9000000000000004,0.0
183,3.9000000000000004,0.0
184,3.9000000000000004,0.0
185,3.9000000000000004,0.0
186,3.9000000000000004,0.0
187,3.9000000000000004,0.0
188,3.9000000000000004,0.0
189,3.9000000000000004,0.0
190,3.9000000000000004,0.0
191,3.9000000000000004,0.0
192,3.9000000000000004,0.0
193,3.9000000000000004,0.0
194,3.9000000000000004,0.0
195,3.9000000000000004,0.0
196,3.9000000000000004,0.0
197,3.9000000000000004,0.0
198,3.9000000000000004,0.0
199,3.9000000000000004,0.0
200,3.9000000000000004,0.0
201,3.9000000000000004,0.0
202,3.9000000000000004,0.0
203,3.9000000000000004,0.0
204,3.9000000000000004,0.0
205,3.9000000000000004,0.0
206,3.9000000000000004,0.0
207,3.9000000000000004,0.0
208,3.9000000000000004,0.0
209,3.9000000000000004,0.0
210,3.9000000000000004,0.0
211,3.9000000000000004,0.0
212,3.9000000000000004,0.0
213,3.9000000000000004,0.0
214,3.9000000000000004,0.0
215,3.9000000000000004,0.0
216,3.9000000000000004,0.0
217,3.9000000000000004,0.0
218,3.9000000000000004,0.0
219,3.9000000000000004,0.0
220,3.9000000000000004,0.0
221,3.9000000000000004,0.0
222,3.9000000000000004,0.0
223,3.9000000000000004,0.0
224,3.9000000000000004,0.0
225,4.0,0.0
226,4.0,0.0
227,4.0,0.0
228,4.0,0.0
229,4.3,0.0
230,4.3,0.0
231,4.5,0.0
232,4.5,0.0
233,4.800000000000001,0.0
234,4.800000000000001,0.0
235,4.800000000000001,0.0
236,4.800000000000001,0.0
237,4.800000000000001,0.0
238,4.800000000000001,0.0
239,4.800000000000001,0.0
240,4.800000000000001,0.0
241,4.800000000000001,0.0
242,4.800000000000001,0.0
243,4.800000000000001,0.0
244,4.800000000000001,0.0
245,4.800000000000001,0.0
246,4.800000000000001,0.0
247,4.800000000000001,0.0
248,4.800000000000001,0.0
249,4.800000000000001,0.0
250,4.800000000000001,0.0
251,4.800000000000001,0.0
252,4.800000000000001,0.0
253,4.800000000000001,0.0
254,4.800000000000001,0.0
255,4.800000000000001,0.0
256,4.800000000000001,0.0
257,4.800000000000001,0.0
258,4.800000000000001,0.0
259,4.800000000000001,0.0
260,4.800000000000001,0.0
261,4.800000000000001,0.0
262,4.800000000000001,0.0
263,4.800000000000001,0.0
264,4.800000000000001,0.0
265,4.800000000000001,0.0
266,4.800000000000001,0.0
267,4.800000000000001,0.0
268,4.800000000000001,0.0
269,4.800000000000001,0.0
270,4.800000000000001,0.0
271,4.800000000000001,0.0
272,4.800000000000001,0.0
273,4.800000000000001,0.0
274,4.800000000000001,0.0
275,4.800000000000001,0.0
276,4.800000000000001,0.0
277,4.800000000000001,0.0
278,4.800000000000001,0.0
279,4.800000000000001,0.0
280,4.800000000000001,0.0
281,4.800000000000001,0.0
282,4.800000000000001,0.0
283,4.800000000000001,0.0
284,4.800000000000001,0.0
285,4.800000000000001,0.0
286,4.800000000000001,0.0
287,4.800000000000001,0.0
288,4.800000000000001,0.0
289,4.800000000000001,0.0
290,4.800000000000001,0.0
291,4.800000000000001,0.0
292,4.800000000000001,0.0
293,4.800000000000001,0.0
294,4.800000000000001,0.0
295,4.800000000000001,0.0
296,4.800000000000001,0.0
297,5.0,0.0
298,5.0,0.0
299,5.0,0.0
300,5.0,0.0
301,5.0,0.0
302,5.0,0.0
303,5.0,0.0
304,5.0,0.0
305,5.0,0.0
306,5.0,0.0
307,5.0,0.0
308,5.2,0.0
309,5.2,0.0
310,5.2,0.0
311,5.2,0.0
312,5.2,0.0
313,5.2,0.0
314,5.2,0.0
315,5.2,0.0
316,5.2,0.0
317,5.2,0.0
318,5.2,0.0
319,5.2,0.0
320,5.2,0.0
321,5.2,0.0
322,5.2,0.0
323,5.2,0.0
324,5.2,0.0
325,5.2,0.0
326,5.2,0.0
327,5.2,0.0
328,5.2,0.0
329,5.2,0.0
330,5.2,0.0
331,5.2,0.0
332,5.2,0.0
333,5.2,0.0
334,5.2,0.0
335,5.2,0.0
336,5.2,0.0
337,5.2,0.0
338,5.2,0.0
339,5.2,0.0
340,5.2,0.0
341,5.2,0.0
342,5.2,0.0
343,5.2,0.0
344,5.2,0.0
345,5.2,0.0
346,5.2,0.0
347,5.2,0.0
348,5.2,0.0
349,5.2,0.0
350,5.2,0.0
351,5.2,0.0
352,5.2,0.0
353,5.2,0.0
354,5.2,0.0
355,5.2,0.0
356,5.2,0.0
357,5.2,0.0
358,5.2,0.0
359,5.2,0.0
360,5.2,0.0
361,5.2,0.0
362,5.2,0.0
363,5.2,0.0
364,5.2,0.0
365,5.2,0.0
366,5.2,0.0
367,5.2,0.0
368,5.2,0.0
369,5.2,0.0
370,5.2,0.0
371,5.2,0.0
372,5.2,0.0
373,5.2,0.0
374,5.2,0.0
375,5.2,0.0
376,5.2,0.0
377,5.2,0.0
378,5.2,0.0
379,5.300000000000001,0.0
380,5.300000000000001,0.0
381,5.300000000000001,0.0
382,5.300000000000001,0.0
383,5.300000000000001,0.0
384,5.300000000000001,0.0
385,5.300000000000001,0.0
386,5.300000000000001,0.0
387,5.300000000000001,0.0
388,5.300000000000001,0.0
389,5.300000000000001,0.0
390,5.300000000000001,0.0
391,5.5,0.0
392,5.5,0.0
393,5.5,0.0
394,5.5,0.0
395,5.5,0.0
396,5.5,0.0
397,5.5,0.0
398,5.5,0.0
399,5.5,0.0
400,5.7,0.0
401,5.7,0.0
402,5.7,0.0
403,5.7,0.0
404,5.7,0.0
405,5.7,0.0
406,5.9,0.0
407,5.9,0.0
408,5.9,0.0
409,5.9,0.0
410,5.9,0.0
411,5.9,0.0
412,5.9,0.0
413,6.1000000000000005,0.0
414,6.1000000000000005,0.0
415,6.1000000000000005,0.0
416,6.1000000000000005,0.0
417,6.1000000000000005,0.0
418,6.1000000000000005,0.0
419,6.2,0.0
420,6.2,0.0
421,6.2,0.0
422,6.2,0.0
423,6.2,0.0
424,6.2,0.0
425,6.2,0.0
426,6.2,0.0
427,6.2,0.0
428,6.2,0.0
429,6.2,0.0
430,6.2,0.0
431,6.2,0.0
432,6.2,0.0
433,6.2,0.0
434,6.2,0.0
435,6.2,0.0
436,6.4,0.0
437,6.4,0.0
438,6.4,0.0
439,6.4,0.0
440,6.4,0.0
441,6.4,0.0
442,6.4,0.0
443,6.4,0.0
444,6.4,0.0
445,6.4,0.0
446,6.4,0.0
447,6.4,0.0
448,6.4,0.0
449,6.4,0.0
450,6.4,0.0
451,6.4,0.0
452,6.4,0.0
453,6.4,0.0
454,6.4,0.0
455,6.4,0.0
456,6.4,0.0
457,6.4,0.0
458,6.4,0.0
459,6.4,0.0
460,6.4,0.0
461,6.4,0.0
462,6.4,0.0
463,6.4,0.0
464,6.4,0.0
465,6.4,0.0
466,6.4,0.0
467,6.4,0.0
468,6.4,0.0
469,6.4,0.0
470,6.4,0.0
471,6.4,0.0
472,6.4,0.0
473,6.4,0.0
474,6.4,0.0
475,6.4,0.0
476,6.4,0.0
477,6.4,0.0
478,6.4,0.0
479,6.4,0.0
480,6.4,0.0
481,6.4,0.0
482,6.4,0.0
483,6.4,0.0
484,6.4,0.0
485,6.4,0.0
486,6.4,0.0
487,6.4,0.0
488,6.4,0.0
489,6.4,0.0
490,6.4,0.0
491,6.4,0.0
492,6.4,0.0
493,6.4,0.0
494,6.4,0.0
495,6.4,0.0
496,6.4,0.0
497,6.4,0.0
498,6.4,0.0
499,6.4,0.0
500,6.4,0.0
501,6.4,0.0
502,6.4,0.0
503,6.4,0.0
504,6.4,0.0
505,6.4,0.0
506,6.4,0.0
507,6.4,0.0
508,6.4,0.0
509,6.4,0.0
510,6.4,0.0
511,6.4,0.0
512,6.4,0.0
513,6.4,0.0
514,6.4,0.0
515,6.4,0.0
516,6.4,0.0
517,6.4,0.0
518,6.4,0.0
519,6.4,0.0
520,6.4,0.0
521,6.4,0.0
522,6.4,0.0
523,6.4,0.0
524,6.4,0.0
525,6.4,0.0
526,6.4,0.0
527,6.4,0.0
528,6.4,0.0
529,6.4,0.0
530,6.4,0.0
531,6.4,0.0
532,6.4,0.0
533,6.4,0.0
534,6.4,0.0
535,6.4,0.0
536,6.4,0.0
537,6.4,0.0
538,6.4,0.0
539,6.4,0.0
540,6.4,0.0
541,6.4,0.0
542,6.4,0.0
543,6.4,0.0
544,6.5,0.0
545,6.5,0.0
546,6.5,0.0
547,6.5,0.0
548,6.5,0.0
549,6.5,0.0
550,6.5,0.0
551,6.5,0.0
552,6.5,0.0
553,6.5,0.0
554,6.5,0.0
555,6.5,0.0
556,6.5,0.0
557,6.5,0.0
558,6.5,0.0
559,6.5,0.0
560,6.5,0.0
561,6.5,0.0
562,6.5,0.0
563,6.5,0.0
564,6.5,0.0
565,6.5,0.0
566,6.5,0.0
567,6.5,0.0
568,6.5,0.0
569,6.5,0.0
570,6.5,0.0
571,6.5,0.0
572,6.5,0.0
573,6.5,0.0
574,6.5,0.0
575,6.5,0.0
576,6.5,0.0
577,6.5,0.0
578,6.5,0.0
579,6.5,0.0
580,6.5,0.0
581,6.5,0.0
582,6.5,0.0
583,6.5,0.0
584,6.5,0.0
585,6.5,0.0
586,6.5,0.0
587,6.5,0.0
588,6.5,0.0
589,6.5,0.0
590,6.5,0.0
591,6.5,0.0
592,6.5,0.0
593,6.5,0.0
594,6.5,0.0
595,6.5,0.0
596,6.5,0.0
597,6.5,0.0
598,6.5,0.0
599,6.5,0.0
600,6.5,0.0
601,6.5,0.0
602,6.5,0.0
603,6.5,0.0
604,6.5,0.0
605,6.5,0.0
606,6.5,0.0
607,6.5,0.0
608,6.5,0.0
609,6.5,0.0
610,6.5,0.0
611,6.5,0.0
612,6.5,0.0
613,6.5,0.0
614,6.5,0.0
615,6.5,0.0
616,6.5,0.0
617,6.5,0.0
618,6.5,0.0
619,6.5,0.0
620,6.5,0.0
621,6.6000000000000005,0.0
622,6.6000000000000005,0.0
623,6.6000000000000005,0.0
624,6.6000000000000005,0.0
625,6.6000000000000005,0.0
626,6.6000000000000005,0.0
627,6.6000000000000005,0.0
628,6.6000000000000005,0.0
629,6.6000000000000005,0.0
630,6.6000000000000005,0.0
631,6.6000000000000005,0.0
632,6.6000000000000005,0.0
633,6.6000000000000005,0.0
634,6.6000000000000005,0.0
635,6.6000000000000005,0.0
636,6.9,0.0
637,6.9,0.0
638,6.9,0.0
639,6.9,0.0
640,6.9,0.0
641,6.9,0.0
642,6.9,0.0
643,6.9,0.0
644,6.9,0.0
645,7.300000000000001,0.0
646,7.300000000000001,0.0
647,7.300000000000001,0.0
648,7.300000000000001,0.0
649,7.300000000000001,0.0
650,7.300000000000001,0.0
651,7.300000000000001,0.0
652,7.300000000000001,0.0
653,7.300000000000001,0.0
654,7.300000000000001,0.0
655,7.300000000000001,0.0
656,7.300000000000001,0.0
657,7.300000000000001,0.0
658,7.300000000000001,0.0
659,7.300000000000001,0.0
660,7.300000000000001,0.0
661,7.300000000000001,0.0
662,7.300000000000001,0.0
663,7.300000000000001,0.0
664,7.300000000000001,0.0
665,7.6000000000000005,0.0
666,7.6000000000000005,0.0
667,7.6000000000000005,0.0
668,7.6000000000000005,0.0
669,7.6000000000000005,0.0
670,7.6000000000000005,0.0
671,7.6000000000000005,0.0
672,7.6000000000000005,0.0
673,7.6000000000000005,0.0
674,7.6000000000000005,0.0
675,7.6000000000000005,0.0
676,7.6000000000000005,0.0
677,7.6000000000000005,0.0
678,7.6000000000000005,0.0
679,7.6000000000000005,0.0
680,7.6000000000000005,0.0
681,7.6000000000000005,0.0
682,7.6000000000000005,0.0
683,7.6000000000000005,0.0
684,7.6000000000000005,0.0
685,7.6000000000000005,0.0
686,7.6000000000000005,0.0
687,7.6000000000000005,0.0
688,7.6000000000000005,0.0
689,7.6000000000000005,0.0
690,7.6000000000000005,0.0
691,7.6000000000000005,0.0
692,7.6000000000000005,0.0
693,7.6000000000000005,0.0
694,7.6000000000000005,0.0
695,7.6000000000000005,0.0
696,7.6000000000000005,0.0
697,7.6000000000000005,0.0
698,7.6000000000000005,0.0
699,7.6000000000000005,0.0
700,7.6000000000000005,0.0
701,7.6000000000000005,0.0
702,7.6000000000000005,0.0
703,7.6000000000000005,0.0
704,7.6000000000000005,0.0
705,7.6000000000000005,0.0
706,7.6000000000000005,0.0
707,7.6000000000000005,0.0
708,7.6000000000000005,0.0
709,7.6000000000000005,0.0
710,7.6000000000000005,0.0
711,7.6000000000000005,0.0
712,7.6000000000000005,0.0
713,7.6000000000000005,0.0
714,7.6000000000000005,0.0
715,7.6000000000000005,0.0
716,7.6000000000000005,0.0
717,7.6000000000000005,0.0
718,7.6000000000000005,0.0
719,7.6000000000000005,0.0
720,7.6000000000000005,0.0
721,7.6000000000000005,0.0
722,7.6000000000000005,0.0
723,7.6000000000000005,0.0
724,7.6000000000000005,0.0
725,7.9,0.0
726,7.9,0.0
727,7.9,0.0
728,7.9,0.0
729,7.9,0.0
730,7.9,0.0
731,7.9,0.0
732,7.9,0.0
733,7.9,0.0
734,7.9,0.0
735,7.9,0.0
736,7.9,0.0
737,7.9,0.0
738,7.9,0.0
739,7.9,0.0
740,7.9,0.0
741,7.9,0.0
742,7.9,0.0
743,7.9,0.0
744,7.9,0.0
745,7.9,0.0
746,8.0,0.0
747,8.0,0.0
748,8.0,0.0
749,8.0,0.0
750,8.0,0.0
751,8.200000000000001,0.0
752,8.200000000000001,0.0
753,8.200000000000001,0.0
754,8.200000000000001,0.0
755,8.200000000000001,0.0
756,8.200000000000001,0.0
757,8.200000000000001,0.0
758,8.200000000000001,0.0
759,8.5,0.0
760,8.5,0.0
761,8.5,0.0
762,8.5,0.0
763,8.5,0.0
764,8.5,0.0
765,8.5,0.0
766,8.5,0.0
767,8.5,0.0
768,8.5,0.0
769,8.5,0.0
770,8.5,0.0
771,8.5,0.0
772,8.5,0.0
773,8.5,0.0
774,8.5,0.0
775,8.5,0.0
776,8.5,0.0
777,8.5,0.0
778,8.5,0.0
779,8.5,0.0
780,8.5,0.0
781,8.5,0.0
782,8.5,0.0
783,8.5,0.0
784,8.5,0.0
785,8.5,0.0
786,8.5,0.0
787,8.5,0.0
788,8.5,0.0
789,8.5,0.0
790,8.5,0.0
791,8.5,0.0
792,8.5,0.0
793,8.5,0.0
794,8.5,0.0
795,8.5,0.0
796,8.5,0.0
797,8.5,0.0
798,8.5,0.0
799,8.5,0.0
800,8.5,0.0
801,8.5,0.0
802,8.5,0.0
803,8.5,0.0
804,8.5,0.0
805,8.5,0.0
806,8.5,0.0
807,8.5,0.0
808,8.5,0.0
809,8.5,0.0
810,8.5,0.0
811,8.5,0.0
812,8.5,0.0
813,8.5,0.0
814,8.5,0.0
815,8.5,0.0
816,8.5,0.0
817,8.5,0.0
818,8.5,0.0
819,8.5,0.0
820,8.700000000000001,0.0
821,8.700000000000001,0.0
822,8.700000000000001,0.0
823,8.700000000000001,0.0
824,8.700000000000001,0.0
825,8.700000000000001,0.0
826,8.700000000000001,0.0
827,8.700000000000001,0.0
828,8.700000000000001,0.0
829,8.700000000000001,0.0
830,8.700000000000001,0.0
831,8.700000000000001,0.0
832,8.700000000000001,0.0
833,9.0,0.0
834,9.0,0.0
835,9.0,0.0
836,9.0,0.0
837,9.0,0.0
838,9.0,0.0
839,9.0,0.0
840,9.0,0.0
841,9.0,0.0
842,9.0,0.0
843,9.0,0.0
844,9.0,0.0
845,9.700000000000001,0.0
846,9.700000000000001,0.0
847,9.700000000000001,0.0
848,9.700000000000001,0.0
849,9.700000000000001,0.0
850,9.700000000000001,0.0
851,10.100000000000001,0.0
852,10.100000000000001,0.0
853,10.100000000000001,0.0
854,10.100000000000001,0.0
855,10.100000000000001,0.0
856,10.100000000000001,0.0
857,10.100000000000001,0.0
858,10.5,0.0
859,10.5,0.0
860,10.5,0.0
861,10.5,0.0
862,10.5,0.0
863,10.600000000000001,0.0
864,10.600000000000001,0.0
865,10.600000000000001,0.0
866,10.600000000000001,0.0
867,10.600000000000001,0.0
868,10.600000000000001,0.0
869,10.600000000000001,0.0
870,10.600000000000001,0.0
871,10.600000000000001,0.0
872,10.8,0.0
873,10.8,0.0
874,10.8,0.0
875,10.8,0.0
876,10.8,0.0
877,10.8,0.0
878,10.8,0.0
879,10.8,0.0
880,10.8,0.0
881,10.8,0.0
882,10.8,0.0
883,10.8,0.0
884,10.8,0.0
885,10.8,0.0
886,11.100000000000001,0.0
887,11.100000000000001,0.0
888,11.100000000000001,0.0
889,11.100000000000001,0.0
890,11.100000000000001,0.0
891,11.100000000000001,0.0
892,11.100000000000001,0.0
893,11.100000000000001,0.0
894,11.100000000000001,0.0
895,11.100000000000001,0.0
896,11.3,0.0
897,11.3,0.0
898,11.3,0.0
899,11.3,0.0
900,11.3,0.0
901,11.3,0.0
902,11.3,0.0
903,11.3,0.0
904,11.3,0.0
905,11.3,0.0
906,11.3,0.0
907,11.3,0.0
908,11.3,0.0
909,11.3,0.0
910,11.3,0.0
911,11.3,0.0
912,11.5,0.0
913,11.5,0.0
914,11.5,0.0
915,11.5,0.0
916,11.5,0.0
917,11.5,0.0
918,11.5,0.0
919,11.5,0.0
920,11.5,0.0
921,11.5,0.0
922,11.5,0.0
923,11.5,0.0
924,11.700000000000001,0.0
925,11.700000000000001,0.0
926,11.700000000000001,0.0
927,11.700000000000001,0.0
928,11.700000000000001,0.0
929,11.700000000000001,0.0
930,11.700000000000001,0.0
931,11.700000000000001,0.0
932,11.700000000000001,0.0
933,11.700000000000001,0.0
934,11.700000000000001,0.0
935,11.8,0.0
936,11.8,0.0
937,11.8,0.0
938,11.8,0.0
939,11.8,0.0
940,11.8,0.0
941,11.8,0.0
942,11.9,0.0
943,11.9,0.0
944,11.9,0.0
945,11.9,0.0
946,11.9,0.0
947,11.9,0.0
948,11.9,0.0
949,12.3,0.0
950,12.3,0.0
951,12.3,0.0
952,12.3,0.0
953,12.3,0.0
954,12.3,0.0
955,12.3,0.0
956,12.3,0.0
957,12.3,0.0
958,12.3,0.0
959,12.3,0.0
960,12.3,0.0
961,12.3,0.0
962,12.3,0.0
963,12.3,0.0
964,12.3,0.0
965,12.3,0.0
966,12.3,0.0
967,12.3,0.0
968,12.3,0.0
969,12.3,0.0
970,12.3,0.0
971,12.3,0.0
972,12.3,0.0
973,12.3,0.0
974,12.3,0.0
975,12.3,0.0
976,12.3,0.0
977,12.3,0.0
978,12.3,0.0
979,12.3,0.0
980,12.3,0.0
981,12.3,0.0
982,12.3,0.0
983,12.3,0.0
984,12.3,0.0
985,12.3,0.0
986,12.3,0.0
987,12.3,0.0
988,12.3,0.0
989,12.3,0.0
990,12.3,0.0
991,12.3,0.0
992,12.3,0.0
993,12.3,0.0
994,12.3,0.0
995,12.3,0.0
996,12.3,0.0
997,12.3,0.0
998,12.3,0.0
999,12.3,0.0
1000,12.3,0.0
1001,12.3,0.0
1002,12.3,0.0
1003,12.3,0.0
1004,12.3,0.0
1005,12.3,0.0
1006,12.3,0.0
1007,12.3,0.0
1008,12.3,0.0
1009,12.3,0.0
1010,12.3,0.0
1011,12.3,0.0
1012,12.3,0.0
1013,12.3,0.0
1014,12.3,0.0
1015,12.3,0.0
1016,12.3,0.0
1017,12.3,0.0
1018,12.3,0.0
1019,12.3,0.0
1020,12.3,0.0
1021,12.3,0.0
1022,12.3,0.0
1023,12.3,0.0
1024,12.3,0.0
1025,12.3,0.0
1026,12.3,0.0
1027,12.3,0.0
1028,12.3,0.0
1029,12.3,0.0
1030,12.3,0.0
1031,12.4,0.0
1032,12.4,0.0
1033,12.4,0.0
1034,12.4,0.0
1035,12.4,0.0
1036,12.4,0.0
1037,12.4,0.0
1038,12.4,0.0
1039,12.4,0.0
1040,12.9,0.0
1041,12.9,0.0
1042,12.9,0.0
1043,12.9,0.0
1044,12.9,0.0
1045,12.9,0.0
1046,13.100000000000001,0.0
1047,13.100000000000001,0.0
1048,13.100000000000001,0.0
1049,13.100000000000001,0.0
1050,13.100000000000001,0.0
1051,13.100000000000001,0.0
1052,13.100000000000001,0.0
1053,13.100000000000001,0.0
1054,13.100000000000001,0.0
1055,13.100000000000001,0.0
1056,13.100000000000001,0.0
1057,13.100000000000001,0.0
1058,13.100000000000001,0.0
1059,13.100000000000001,0.0
1060,13.100000000000001,0.0
1061,13.100000000000001,0.0
1062,13.100000000000001,0.0
1063,13.200000000000001,0.0
1064,13.200000000000001,0.0
1065,13.200000000000001,0.0
1066,13.200000000000001,0.0
1067,13.200000000000001,0.0
1068,13.200000000000001,0.0
1069,13.200000000000001,0.0
1070,13.200000000000001,0.0
1071,13.200000000000001,0.0
1072,13.200000000000001,0.0
1073,13.200000000000001,0.0
1074,13.200000000000001,0.0
1075,13.200000000000001,0.0
1076,13.200000000000001,0.0
1077,13.200000000000001,0.0
1078,13.200000000000001,0.0
1079,13.5,0.0
1080,13.5,0.0
1081,13.5,0.0
1082,13.5,0.0
1083,13.5,0.0
1084,13.5,0.0
1085,13.5,0.0
1086,13.5,0.0
1087,13.5,0.0
1088,13.5,0.0
1089,13.5,0.0
1090,14.0,0.0
1091,14.0,0.0
1092,14.0,0.0
1093,14.0,0.0
1094,14.0,0.0
1095,14.0,0.0
1096,14.0,0.0
1097,14.0,0.0
1098,14.0,0.0
1099,14.0,0.0
1100,14.3,0.0
1101,14.3,0.0
1102,14.3,0.0
1103,14.3,0.0
1104,14.3,0.0
1105,14.3,0.0
1106,14.3,0.0
1107,14.3,0.0
1108,14.3,0.0
1109,14.3,0.0
1110,14.3,0.0
1111,14.3,0.0
1112,14.3,0.0
1113,14.3,0.0
1114,14.3,0.0
1115,14.3,0.0
1116,14.3,0.0
1117,14.3,0.0
1118,14.3,0.0
1119,14.3,0.0
1120,14.3,0.0
1121,14.3,0.0
1122,14.3,0.0
1123,14.3,0.0
1124,14.3,0.0
1125,14.3,0.0
1126,14.3,0.0
1127,14.3,0.0
1128,14.3,0.0
1129,14.3,0.0
1130,14.3,0.0
1131,14.3,0.0
1132,14.3,0.0
1133,14.3,0.0
1134,14.3,0.0
1135,14.3,0.0
1136,14.3,0.0
1137,14.3,0.0
1138,14.3,0.0
1139,14.3,0.0
1140,14.3,0.0
1141,14.3,0.0
1142,14.3,0.0
1143,14.3,0.0
1144,14.3,0.0
1145,14.3,0.0
1146,14.3,0.0
1147,14.3,0.0
1148,14.3,0.0
1149,14.3,0.0
1150,14.3,0.0
1151,14.3,0.0
1152,14.3,0.0
1153,14.3,0.0
1154,14.3,0.0
1155,14.3,0.0
1156,14.3,0.0
1157,14.3,0.0
1158,14.3,0.0
1159,14.3,0.0
1160,14.3,0.0
1161,14.3,0.0
1162,14.3,0.0
1163,14.3,0.0
1164,14.3,0.0
1165,14.3,0.0
1166,14.3,0.0
1167,14.3,0.0
1168,14.3,0.0
1169,14.3,0.0
1170,14.3,0.0
1171,14.3,0.0
1172,14.3,0.0
1173,14.3,0.0
1174,14.3,0.0
1175,14.3,0.0
1176,14.3,0.0
1177,14.3,0.0
1178,14.3,0.0
1179,14.3,0.0
1180,14.3,0.0
1181,14.3,0.0
1182,14.3,0.0
1183,14.3,0.0
1184,14.3,0.0
1185,14.3,0.0
1186,14.3,0.0
1187,14.3,0.0
1188,14.3,0.0
1189,14.3,0.0
1190,14.3,0.0
1191,14.3,0.0
1192,14.3,0.0
1193,14.3,0.0
1194,14.3,0.0
1195,14.3,0.0
1196,14.5,0.0
1197,14.5,0.0
1198,14.5,0.0
1199,14.5,0.0
1200,14.5,0.0
1201,14.5,0.0
1202,14.5,0.0
1203,14.5,0.0
1204,14.5,0.0
1205,14.5,0.0
1206,14.5,0.0
1207,14.5,0.0
1208,14.600000000000001,0.0
1209,14.600000000000001,0.0
1210,14.600000000000001,0.0
1211,14.600000000000001,0.0
1212,14.600000000000001,0.0
1213,14.600000000000001,0.0
1214,14.600000000000001,0.0
1215,14.600000000000001,0.0
1216,14.600000000000001,0.0
1217,14.600000000000001,0.0
1218,14.600000000000001,0.0
1219,14.8,0.0
1220,14.8,0.0
1221,14.8,0.0
1222,14.8,0.0
1223,14.8,0.0
1224,14.8,0.0
1225,14.8,0.0
1226,14.8,0.0
1227,14.8,0.0
1228,14.8,0.0
1229,14.8,0.0
1230,14.8,0.0
1231,14.8,0.0
1232,14.8,0.0
1233,15.100000000000001,0.0
1234,15.100000000000001,0.0
1235,15.100000000000001,0.0
1236,15.100000000000001,0.0
1237,15.100000000000001,0.0
1238,15.100000000000001,0.0
1239,15.100000000000001,0.0
1240,15.100000000000001,0.0
1241,15.100000000000001,0.0
1242,15.100000000000001,0.0
1243,15.100000000000001,0.0
1244,15.100000000000001,0.0
1245,15.100000000000001,0.0
1246,15.100000000000001,0.0
1247,15.100000000000001,0.0
1248,15.100000000000001,0.0
1249,15.100000000000001,0.0
1250,15.100000000000001,0.0
1251,15.100000000000001,0.0
1252,15.100000000000001,0.0
1253,16.1,0.0
1254,16.1,0.0
1255,16.1,0.0
1256,16.1,0.0
1257,16.1,0.0
1258,16.1,0.0
1259,16.1,0.0
1260,16.1,0.0
1261,16.1,0.0
1262,16.1,0.0
1263,16.1,0.0
1264,16.1,0.0
1265,16.1,0.0
1266,16.1,0.0
1267,16.1,0.0
1268,16.1,0.0
1269,16.1,0.0
1270,16.1,0.0
1271,16.1,0.0
1272,16.1,0.0
1273,16.1,0.0
1274,16.1,0.0
1275,16.1,0.0
1276,16.1,0.0
1277,16.1,0.0
1278,16.1,0.0
1279,16.1,0.0
1280,16.1,0.0
1281,16.1,0.0
1282,16.1,0.0
1283,16.1,0.0
1284,16.1,0.0
1285,16.1,0.0
1286,16.1,0.0
1287,16.1,0.0
1288,16.1,0.0
1289,16.1,0.0
1290,16.1,0.0
1291,16.1,0.0
1292,16.1,0.0
1293,16.1,0.0
1294,16.1,0.0
1295,16.1,0.0
1296,16.1,0.0
1297,16.1,0.0
1298,16.1,0.0
1299,16.1,0.0
1300,16.1,0.0
1301,16.1,0.0
1302,16.1,0.0
1303,16.1,0.0
1304,16.1,0.0
1305,16.1,0.0
1306,16.1,0.0
1307,16.1,0.0
1308,16.1,0.0
1309,16.1,0.0
1310,16.1,0.0
1311,16.1,0.0
1312,16.1,0.0
1313,16.1,0.0
1314,16.1,0.0
1315,16.1,0.0
1316,16.1,0.0
1317,16.1,0.0
1318,16.1,0.0
1319,16.1,0.0
1320,16.1,0.0
1321,16.1,0.0
1322,16.1,0.0
1323,16.1,0.0
1324,16.1,0.0
1325,16.1,0.0
1326,16.1,0.0
1327,16.1,0.0
1328,16.1,0.0
1329,16.1,0.0
1330,16.1,0.0
1331,16.1,0.0
1332,16.1,0.0
1333,16.1,0.0
1334,16.1,0.0
1335,16.1,0.0
1336,16.1,0.0
1337,16.1,0.0
1338,16.1,0.0
1339,16.1,0.0
1340,16.1,0.0
1341,16.400000000000002,0.0
1342,16.400000000000002,0.0
1343,16.400000000000002,0.0
1344,16.400000000000002,0.0
1345,16.400000000000002,0.0
1346,16.400000000000002,0.0
1347,16.400000000000002,0.0
1348,16.400000000000002,0.0
1349,16.400000000000002,0.0
1350,16.400000000000002,0.0
1351,16.400000000000002,0.0
1352,16.400000000000002,0.0
1353,16.400000000000002,0.0
1354,16.400000000000002,0.0
1355,16.400000000000002,0.0
1356,18.1,0.0
1357,18.1,0.0
1358,18.1,0.0
1359,18.1,0.0
1360,18.1,0.0
1361,18.3,0.0
1362,18.3,0.0
1363,18.3,0.0
1364,18.3,0.0
1365,18.3,0.0
1366,18.3,0.0
1367,18.3,0.0
1368,18.3,0.0
1369,18.3,0.0
1370,18.3,0.0
1371,18.3,0.0
1372,18.3,0.0
1373,18.3,0.0
1374,18.3,0.0
1375,18.3,0.0
1376,18.3,0.0
1377,18.3,0.0
1378,18.3,0.0
1379,18.3,0.0
1380,18.3,0.008888999386734042
1381,18.3,0.03197752473770521
1382,18.3,0.07445345001905324
1383,18.3,0.07445345001905324
1384,18.3,0.07445345001905324
1385,18.3,0.07445345001905679
1386,18.3,0.07709876850148234
1387,18.3,0.13197752473770308
1388,18.3,0.14938093580626344
1389,18.3,0.14938093580626344
1390,18.3,0.14938093580626344
1391,18.3,0.14938093580626344
1392,18.3,0.14938093580626344
1393,18.3,0.14938093580626344
1394,18.3,0.17709876850148198
1395,18.3,0.18791208791208547
1396,18.3,0.2319775247377045
1397,18.3,0.2319775247377045
1398,18.3,0.24649196956889163
1399,18.3,0.24938093580625775
1400,18.3,0.24938093580625775
1401,18.3,0.24938093580625775
1402,18.3,0.24938093580625775
1403,18.3,0.2625843236702927
1404,18.3,0.2744534500190561
1405,18.3,0.2852783717037104
1406,18.3,0.33197752473770414
1407,18.3,0.33197752473770414
1408,18.3,0.33593390018728897
1409,18.3,0.3744534500190575
1410,18.3,0.38791208791208476
1411,18.3,0.4319775247377038
1412,18.3,0.4464919695688918
1413,18.3,0.4464919695688918
1414,18.3,0.4493809358062606
1415,18.3,0.4493809358062606
1416,18.3,0.47445345001905537
1417,18.3,0.47445345001905537
1418,18.3,0.47445345001905537
1419,18.3,0.508888999386734
1420,18.3,0.5319775247377052
1421,18.3,0.5319775247377052
1422,18.3,0.5319775247377052
1423,18.3,0.5464919695688915
1424,18.3,0.5464919695688915
1425,18.3,0.549380935806262
1426,18.3,0.5744534500190568
1427,18.3,0.587912087912084
1428,18.3,0.6088889993867319
1429,18.3,0.6319775247377049
1430,18.3,0.6319775247377049
1431,18.3,0.6348780932491316
1432,18.3,0.646491969568892
1433,18.3,0.646491969568892
1434,18.3,0.6744534500190547
1435,18.3,0.6744534500190547
1436,18.3,0.7319775247377045
1437,18.3,0.7359339001872911
1438,18.3,0.7744534500190561
1439,18.3,0.7744534500190561
1440,18.3,0.8088889993867348
1441,18.3,0.8348780932491273
1442,18.3,0.8464919695688922
1443,18.3,0.8464919695688922
1444,18.3,0.8464919695688922
1445,18.3,0.874453450019054
1446,18.3,0.8879120879120848
1447,18.3,0.9348780932491287
1448,18.3,0.9493809358062606
1449,18.3,0.9493809358062606
1450,18.3,0.9493809358062606
1451,18.3,0.9493809358062606
1452,18.3,0.9493809358062606
1453,18.3,0.9744534500190518
1454,18.3,0.9879120879120826
1455,18.3,0.9917292360731125
1456,18.3,1.0319775247377052
1457,18.3,1.0319775247377052
1458,18.3,1.0348780932491302
1459,18.3,1.0348780932491302
1460,18.3,1.0464919695688915
1461,18.3,1.0464919695688915
1462,18.3,1.0744534500190532
1463,18.3,1.0744534500190568
1464,18.3,1.087912087912084
1465,18.3,1.0889678948502421
1466,18.3,1.1744534500190547
1467,18.3,1.1744534500190547
1468,18.3,1.1889678948502436
1469,18.7,1.2088889993867333
1470,18.7,1.2319775247377045
1471,18.7,1.2348780932491294
1472,18.7,1.2464919695688916
1473,18.7,1.2464919695688916
1474,18.7,1.2493809358062578
1475,18.7,1.2493809358062649
1476,18.7,1.2493809358062649
1477,18.7,1.2493809358062649
1478,18.7,1.2493809358062649
1479,18.7,1.274453450019056
1480,18.7,1.274453450019056
1481,18.7,1.274453450019056
1482,18.7,1.3464919695688922
1483,18.7,1.3464919695688922
1484,18.7,1.3464919695688922
1485,18.7,1.3493809358062592
1486,18.7,1.3493809358062663
1487,18.7,1.3879120879120848
1488,18.7,1.4319775247377038
1489,18.7,1.4319775247377056
1490,18.7,1.4464919695688918
1491,18.7,1.4493809358062606
1492,18.7,1.4573052889794944
1493,18.7,1.4744534500190554
1494,18.7,1.4879120879120862
1495,18.7,1.508888999386734
1496,18.7,1.5464919695688915
1497,18.7,1.5464919695688915
1498,18.7,1.549380935806262
1499,18.7,1.549380935806262
1500,18.7,1.549380935806262
1501,18.7,1.549380935806262
1502,18.7,1.6319775247377049
1503,18.7,1.634878093249128
1504,18.7,1.6359339001872897
1505,18.7,1.6744534500190547
1506,18.7,1.6744534500190547
1507,18.7,1.6889678948502436
1508,18.7,1.7464919695688916
1509,18.7,1.7464919695688916
1510,18.7,1.7464919695688916
1511,18.7,1.7493809358062578
1512,18.7,1.7493809358062578
1513,18.7,1.7493809358062578
1514,18.7,1.8088889993867312
1515,18.7,1.8319775247377041
1516,18.7,1.8493809358062663
1517,18.7,1.874453450019054
1518,18.7,1.874453450019054
1519,18.7,1.874453450019054
1520,18.7,1.8879120879120848
1521,18.7,1.9319775247377038
1522,18.7,1.9493809358062606
1523,18.7,1.9493809358062677
1524,18.7,1.9493809358062677
1525,18.7,2.008888999386734
1526,18.7,2.008888999386734
1527,18.7,2.03487809324913
1528,18.7,2.03487809324913
1529,18.7,2.0744534500190532
1530,18.7,2.0744534500190532
1531,18.7,2.131977524737703
1532,18.7,2.1359339001872897
1533,18.7,2.146491969568891
1534,18.7,2.1744534500190547
1535,18.7,2.1744534500190547
1536,18.7,2.2088889993867333
1537,18.7,2.2319775247377045
1538,18.7,2.2348780932491294
1539,18.7,2.3088889993867348
1540,18.7,2.334878093249131
1541,18.7,2.374453450019054
1542,18.7,2.3744534500190575
1543,18.7,2.3879120879120848
1544,18.7,2.431977524737704
1545,18.7,2.4319775247377056
1546,18.7,2.4359339001872904
1547,18.7,2.446491969568892
1548,18.7,2.446491969568892
1549,18.7,2.4493809358062606
1550,18.7,2.4493809358062606
1551,18.7,2.4493809358062606
1552,18.7,2.4879120879120826
1553,18.7,2.531977524737705
1554,18.7,2.53487809324913
1555,18.7,2.53487809324913
1556,18.7,2.53487809324913
1557,18.7,2.549380935806269
1558,18.7,2.5744534500190532
1559,18.7,2.5744534500190532
1560,18.7,2.5744534500190532
1561,18.7,2.631977524737703
1562,18.7,2.631977524737705
1563,18.7,2.6493809358062634
1564,18.7,2.6493809358062634
1565,18.7,2.6744534500190547
1566,18.7,2.6744534500190547
1567,19.200000000000003,2.7088889993867333
1568,19.200000000000003,2.7319775247377045
1569,19.200000000000003,2.7464919695688916
1570,20.6,2.7464919695688916
1571,20.6,2.749380935806265
1572,20.6,2.787912087912087
1573,20.6,2.8088889993867348
1574,20.6,2.8493809358062663
1575,20.6,2.8493809358062663
1576,20.6,2.8493809358062663
1577,21.1,2.874453450019054
1578,21.1,2.8744534500190575
1579,21.1,2.931977524737704
1580,21.1,2.9744534500190554
1581,21.1,3.031977524737705
1582,21.200000000000003,3.031977524737705
1583,21.200000000000003,3.049380935806269
1584,21.200000000000003,3.0507151973215327
1585,21.200000000000003,3.1348780932491316
1586,21.200000000000003,3.146491969568893
1587,21.200000000000003,3.146491969568893
1588,21.200000000000003,3.1493809358062634
1589,21.200000000000003,3.2088889993867333
1590,21.200000000000003,3.2348780932491294
1591,21.3,3.2348780932491294
1592,21.3,3.2348780932491294
1593,21.3,3.235933900187291
1594,21.3,3.266540699119883
1595,21.3,3.274453450019056
1596,21.3,3.274453450019056
1597,21.3,3.274453450019056
1598,21.3,3.287912087912087
1599,21.3,3.287912087912087
1600,21.3,3.3088889993867348
1601,21.3,3.320761993160179
1602,21.3,3.331977524737704
1603,21.3,3.331977524737704
1604,21.3,3.331977524737704
1605,21.3,3.331977524737706
1606,21.3,3.334878093249131
1607,21.3,3.3493809358062663
1608,21.3,3.3493809358062663
1609,21.3,3.4088889993867326
1610,21.3,3.431977524737704
1611,21.3,3.4348780932491287
1612,21.3,3.4348780932491287
1613,21.3,3.446491969568892
1614,21.3,3.4744534500190554
1615,21.3,3.495569588782258
1616,21.3,3.531977524737705
1617,21.3,3.531977524737705
1618,21.3,3.531977524737705
1619,21.3,3.531977524737705
1620,21.3,3.531977524737705
1621,21.3,3.5464919695688915
1622,21.3,3.5744534500190532
1623,21.3,3.5744534500190532
1624,21.3,3.5744534500190532
1625,21.3,3.5744534500190532
1626,21.3,3.587912087912084
1627,21.3,3.634878093249128
1628,21.3,3.6348780932491316
1629,21.3,3.6359339001872897
1630,21.3,3.646491969568893
1631,21.3,3.6744534500190547
1632,21.3,3.6744534500190547
1633,21.3,3.7464919695688925
1634,21.3,3.7464919695688925
1635,21.3,3.7493809358062578
1636,21.3,3.749380935806265
1637,21.3,3.7573052889794916
1638,21.3,3.7744534500190525
1639,21.3,3.774453450019056
1640,21.3,3.774453450019056
1641,21.3,3.808888999386731
1642,21.3,3.835933900187289
1643,21.3,3.849380935806259
1644,21.3,3.8493809358062663
1645,21.3,3.857305288979493
1646,21.3,3.8879120879120848
1647,21.3,3.931977524737704
1648,21.3,3.9493809358062606
1649,21.3,3.9744534500190554
1650,21.3,4.03487809324913
1651,21.3,4.035933900187288
1652,21.3,4.0464919695688915
1653,21.3,4.0464919695688915
1654,21.3,4.088967894850246
1655,21.3,4.108888999386732
1656,21.3,4.131977524737703
1657,21.3,4.146491969568893
1658,21.3,4.149380935806263
1659,21.3,4.2319775247377045
1660,21.3,4.2348780932491294
1661,21.3,4.235933900187291
1662,21.3,4.246491969568891
1663,21.3,4.249380935806258
1664,21.3,4.249380935806258
1665,21.3,4.249380935806258
1666,21.3,4.249380935806265
1667,21.3,4.274453450019056
1668,21.3,4.274453450019056
1669,21.3,4.274453450019056
1670,21.3,4.320761993160179
1671,21.3,4.334878093249127
1672,21.3,4.335933900187289
1673,21.3,4.349380935806266
1674,21.3,4.420761993160177
1675,21.3,4.449380935806261
1676,21.3,4.449380935806261
1677,21.3,4.449380935806261
1678,21.3,4.4603373499301
1679,21.3,4.474453450019052
1680,21.3,4.531977524737705
1681,21.3,4.531977524737705
1682,21.3,4.549380935806262
1683,21.3,4.574453450019053
1684,21.3,4.628415626605673
1685,21.3,4.649380935806263
1686,21.3,4.649380935806263
1687,21.3,4.674453450019055
1688,23.200000000000003,4.674453450019055
1689,23.200000000000003,4.6879120879120855
1690,23.200000000000003,4.7319775247377045
1691,23.200000000000003,4.7319775247377045
1692,23.200000000000003,4.746491969568891
1693,23.200000000000003,4.774453450019056
1694,23.200000000000003,4.831977524737706
1695,23.200000000000003,4.831977524737706
1696,23.200000000000003,4.846491969568892
1697,23.200000000000003,4.849380935806266
1698,23.200000000000003,4.849380935806266
1699,23.200000000000003,4.859150050552763
1700,23.200000000000003,4.874453450019054
1701,23.200000000000003,4.887912087912085
1702,23.200000000000003,4.931977524737704
1703,23.200000000000003,4.934878093249129
1704,23.6,4.934878093249129
1705,23.6,4.965484892181724
1706,23.6,4.974453450019055
1707,23.6,5.031977524737705
1708,23.6,5.031977524737705
1709,23.6,5.049380935806262
1710,23.6,5.074453450019057
1711,23.6,5.134878093249132
1712,23.6,5.146491969568893
1713,23.6,5.149380935806263
1714,23.700000000000003,5.174453450019055
1715,23.700000000000003,5.2319775247377045
1716,23.700000000000003,5.246491969568891
1717,23.700000000000003,5.2464919695688925
1718,23.700000000000003,5.2464919695688925
1719,23.700000000000003,5.249380935806258
1720,23.700000000000003,5.249380935806265
1721,23.700000000000003,5.249380935806265
1722,23.700000000000003,5.2744534500190525
1723,23.700000000000003,5.274453450019056
1724,23.700000000000003,5.274453450019056
1725,23.700000000000003,5.274453450019056
1726,23.700000000000003,5.274453450019056
1727,23.700000000000003,5.331977524737706
1728,23.700000000000003,5.335933900187289
1729,23.700000000000003,5.349380935806266
1730,23.700000000000003,5.349380935806266
1731,23.700000000000003,5.408888999386733
1732,23.700000000000003,5.446491969568892
1733,23.700000000000003,5.449380935806261
1734,23.700000000000003,5.449380935806268
1735,23.700000000000003,5.531977524737705
1736,23.700000000000003,5.531977524737705
1737,23.700000000000003,5.535933900187288
1738,23.700000000000003,5.5464919695688915
1739,23.700000000000003,5.549380935806262
1740,23.700000000000003,5.621817800098341
1741,23.700000000000003,5.634878093249132
1742,23.700000000000003,5.674453450019055
1743,23.700000000000003,5.674453450019055
1744,23.700000000000003,5.674453450019055
1745,23.700000000000003,5.7319775247377045
1746,23.700000000000003,5.7319775247377045
1747,23.700000000000003,5.7319775247377045
1748,23.700000000000003,5.746491969568891
1749,23.700000000000003,5.7464919695688925
1750,23.700000000000003,5.7464919695688925
1751,23.700000000000003,5.749380935806265
1752,23.700000000000003,5.749380935806265
1753,23.700000000000003,5.757305288979492
1754,23.700000000000003,5.787912087912083
1755,23.700000000000003,5.787912087912083
1756,23.700000000000003,5.805327101254701
1757,23.700000000000003,5.831977524737702
1758,23.700000000000003,5.835933900187289
1759,23.700000000000003,5.849380935806266
1760,23.700000000000003,5.849380935806266
1761,23.700000000000003,5.874453450019054
1762,23.700000000000003,5.874453450019054
1763,23.700000000000003,5.8744534500190575
1764,23.700000000000003,5.908888999386733
1765,23.700000000000003,5.931977524737704
1766,23.700000000000003,5.931977524737704
1767,23.700000000000003,5.931977524737704
1768,23.700000000000003,6.03487809324913
1769,23.700000000000003,6.049380935806262
1770,23.700000000000003,6.049380935806269
1771,23.700000000000003,6.074453450019053
1772,23.700000000000003,6.074453450019053
1773,23.700000000000003,6.074453450019057
1774,23.700000000000003,6.077098768501483
1775,23.700000000000003,6.087912087912084
1776,23.700000000000003,6.087912087912084
1777,23.700000000000003,6.1088889993867355
1778,23.700000000000003,6.134878093249128
1779,23.700000000000003,6.188967894850244
1780,23.700000000000003,6.2319775247377045
1781,23.700000000000003,6.2319775247377045
1782,23.700000000000003,6.2319775247377045
1783,23.700000000000003,6.2348780932491294
1784,23.700000000000003,6.2348780932491294
1785,23.700000000000003,6.249380935806265
1786,23.700000000000003,6.2744534500190525
1787,23.700000000000003,6.2744534500190525
1788,23.700000000000003,6.331977524737706
1789,23.700000000000003,6.335933900187289
1790,23.700000000000003,6.349380935806266
1791,23.700000000000003,6.3744534500190575
1792,23.700000000000003,6.420761993160177
1793,23.700000000000003,6.431977524737704
1794,23.700000000000003,6.434878093249129
1795,23.700000000000003,6.449380935806261
1796,23.700000000000003,6.449380935806261
1797,23.700000000000003,6.449380935806268
1798,23.700000000000003,6.474453450019052
1799,23.700000000000003,6.474453450019055
1800,23.700000000000003,6.531977524737705
1801,23.700000000000003,6.531977524737705
1802,23.700000000000003,6.549380935806269
1803,23.700000000000003,6.549380935806269
1804,23.700000000000003,6.587912087912084
1805,23.700000000000003,6.631977524737707
1806,23.700000000000003,6.646491969568893
1807,23.700000000000003,6.674453450019055
1808,23.700000000000003,6.674453450019055
1809,23.700000000000003,6.674453450019055
1810,23.700000000000003,6.674453450019055
1811,23.700000000000003,6.674453450019055
1812,23.700000000000003,6.7319775247377045
1813,23.700000000000003,6.749380935806265
1814,23.700000000000003,6.774453450019056
1815,23.700000000000003,6.831977524737706
1816,23.700000000000003,6.831977524737706
1817,23.700000000000003,6.834878093249127
1818,23.700000000000003,6.846491969568892
1819,23.700000000000003,6.849380935806266
1820,23.700000000000003,6.849380935806266
1821,23.700000000000003,6.849380935806266
1822,23.700000000000003,6.908888999386733
1823,23.700000000000003,6.934878093249129
1824,23.700000000000003,6.989629224470853
1825,23.700000000000003,7.031977524737705
1826,23.700000000000003,7.049380935806269
1827,23.700000000000003,7.049380935806269
1828,23.700000000000003,7.049380935806269
1829,23.700000000000003,7.049380935806269
1830,25.0,7.057305288979492
1831,25.0,7.110339283642446
1832,25.0,7.12076199316018
1833,25.0,7.134878093249128
1834,25.0,7.134878093249132
1835,25.0,7.134878093249132
1836,25.0,7.13593390018729
1837,25.0,7.13593390018729
1838,25.0,7.149380935806263
1839,25.0,7.174453450019055
1840,25.0,7.2319775247377045
1841,25.0,7.2319775247377045
1842,25.0,7.2319775247377045
1843,25.0,7.2319775247377045
1844,25.0,7.249380935806265
1845,25.1,7.249380935806265
1846,25.1,7.266540699119883
1847,25.1,7.274453450019056
1848,25.1,7.287912087912087
1849,25.1,7.331977524737702
1850,25.1,7.349380935806266
1851,25.1,7.349380935806266
1852,25.1,7.349380935806266
1853,25.1,7.431977524737704
1854,25.1,7.43593390018729
1855,25.1,7.449380935806261
1856,25.1,7.449380935806261
1857,25.1,7.4603373499301
1858,25.1,7.474453450019055
1859,25.1,7.531977524737705
1860,25.1,7.531977524737705
1861,25.1,7.549380935806262
1862,25.1,7.6879120879120855
1863,25.1,7.7319775247377045
1864,25.1,7.7464919695688925
1865,25.1,7.749380935806265
1866,25.1,7.749380935806265
1867,25.1,7.749380935806265
1868,25.1,7.774453450019056
1869,25.1,7.774453450019056
1870,25.1,7.774453450019056
1871,25.1,7.787912087912087
1872,25.1,7.834878093249131
1873,25.1,7.834878093249131
1874,25.1,7.849380935806266
1875,25.1,7.874453450019054
1876,25.200000000000003,7.891729236073118
1877,25.200000000000003,7.908888999386733
1878,25.200000000000003,7.931977524737704
1879,25.200000000000003,7.931977524737704
1880,25.200000000000003,7.949380935806261
1881,25.200000000000003,8.031977524737705
1882,25.200000000000003,8.03487809324913
1883,25.200000000000003,8.046491969568894
1884,25.200000000000003,8.049380935806262
1885,25.200000000000003,8.05915005055276
1886,25.200000000000003,8.134878093249132
1887,25.200000000000003,8.149380935806263
1888,25.200000000000003,8.149380935806263
1889,25.200000000000003,8.231977524737704
1890,25.200000000000003,8.231977524737704
1891,25.200000000000003,8.235933900187288
1892,25.200000000000003,8.308888999386735
1893,25.200000000000003,8.360337349930099
1894,25.200000000000003,8.374453450019057
1895,25.200000000000003,8.387912087912088
1896,25.200000000000003,8.408888999386733
1897,25.200000000000003,8.408888999386733
1898,25.200000000000003,8.431977524737704
1899,25.200000000000003,8.474453450019059
1900,25.200000000000003,8.477098768501484
1901,25.200000000000003,8.53487809324913
1902,25.200000000000003,8.549380935806262
1903,25.200000000000003,8.549380935806262
1904,25.200000000000003,8.54938093580627
1905,25.200000000000003,8.574453450019053
1906,25.200000000000003,8.587912087912084
1907,25.200000000000003,8.608888999386735
1908,25.200000000000003,8.631977524737707
1909,25.200000000000003,8.631977524737707
1910,25.200000000000003,8.649380935806263
1911,25.200000000000003,8.687912087912085
1912,25.200000000000003,8.774453450019056
1913,25.200000000000003,8.774453450019056
1914,25.200000000000003,8.787912087912087
1915,25.200000000000003,8.831977524737702
1916,25.200000000000003,8.835933900187289
1917,25.200000000000003,8.849380935806266
1918,25.3,8.849380935806266
1919,25.3,8.849380935806266
1920,25.3,8.849380935806266
1921,25.3,8.849380935806266
1922,25.3,8.849380935806266
1923,25.3,8.87445345001905
1924,25.3,8.931977524737704
1925,25.3,9.04649196956889
1926,25.3,9.049380935806262
1927,25.3,9.049380935806262
1928,25.3,9.065484892181722
1929,25.3,9.074453450019053
1930,25.3,9.087912087912088
1931,25.3,9.177098768501484
1932,25.3,9.22841562660567
1933,25.3,9.231977524737704
1934,25.3,9.231977524737704
1935,25.3,9.23487809324913
1936,25.3,9.249380935806265
1937,25.3,9.249380935806265
1938,25.3,9.249380935806265
1939,25.3,9.274453450019056
1940,25.3,9.274453450019056
1941,25.3,9.287912087912087
1942,25.3,9.331977524737702
1943,25.8,9.33487809324913
1944,25.8,9.349380935806266
1945,25.8,9.349380935806266
1946,25.8,9.349380935806266
1947,25.8,9.387912087912085
1948,25.8,9.531977524737705
1949,25.8,9.531977524737705
1950,26.200000000000003,9.53487809324913
1951,26.200000000000003,9.53487809324913
1952,26.200000000000003,9.53487809324913
1953,26.200000000000003,9.54649196956889
1954,26.200000000000003,9.549380935806262
1955,26.200000000000003,9.574453450019053
1956,26.200000000000003,9.574453450019053
1957,26.200000000000003,9.63593390018729
1958,26.200000000000003,9.63593390018729
1959,26.200000000000003,9.649380935806263
1960,26.200000000000003,9.73487809324913
1961,26.200000000000003,9.749380935806258
1962,26.200000000000003,9.749380935806258
1963,26.200000000000003,9.749380935806258
1964,26.900000000000002,9.749380935806265
1965,26.900000000000002,9.749380935806265
1966,26.900000000000002,9.749380935806265
1967,26.900000000000002,9.749380935806265
1968,26.900000000000002,9.874453450019057
1969,26.900000000000002,9.874453450019057
1970,26.900000000000002,9.962584323670296
1971,26.900000000000002,10.008888999386734
1972,26.900000000000002,10.087912087912084
1973,26.900000000000002,10.131977524737707
1974,26.900000000000002,10.134878093249132
1975,26.900000000000002,10.174453450019055
1976,27.1,10.246491969568893
1977,27.1,10.249380935806265
1978,27.1,10.274453450019056
1979,27.1,10.274453450019056
1980,27.1,10.33487809324913
1981,27.1,10.34938093580626
1982,27.1,10.349380935806266
1983,27.1,10.374453450019057
1984,27.200000000000003,10.374453450019057
1985,27.200000000000003,10.43593390018729
1986,27.200000000000003,10.446491969568893
1987,27.200000000000003,10.44938093580626
1988,27.200000000000003,10.44938093580626
1989,27.200000000000003,10.474453450019059
1990,27.200000000000003,10.474453450019059
1991,27.200000000000003,10.474453450019059
1992,27.200000000000003,10.508888999386734
1993,27.200000000000003,10.549380935806262
1994,28.200000000000003,10.574453450019053
1995,28.200000000000003,10.574453450019053
1996,28.200000000000003,10.63593390018729
1997,28.200000000000003,10.649380935806263
1998,28.200000000000003,10.649380935806263
1999,28.200000000000003,10.674453450019055
2000,28.200000000000003,10.674453450019055
2001,28.200000000000003,10.678282200454145
2002,28.200000000000003,10.731977524737704
2003,28.200000000000003,10.749380935806258
2004,28.200000000000003,10.749380935806258
2005,28.200000000000003,10.787912087912087
2006,28.200000000000003,10.83487809324913
2007,28.200000000000003,10.846491969568891
2008,28.200000000000003,10.846491969568891
2009,28.200000000000003,10.874453450019057
2010,28.200000000000003,10.874453450019057
2011,28.200000000000003,10.874453450019057
2012,28.200000000000003,10.874453450019057
2013,28.200000000000003,10.887912087912085
2014,28.200000000000003,10.94938093580626
2015,28.200000000000003,10.94938093580626
2016,28.200000000000003,10.94938093580626
2017,28.200000000000003,10.974453450019059
2018,28.200000000000003,10.974453450019059
2019,28.200000000000003,11.031977524737705
2020,28.200000000000003,11.074453450019053
2021,28.200000000000003,11.087912087912084
2022,28.200000000000003,11.131977524737703
2023,28.200000000000003,11.174453450019055
2024,28.200000000000003,11.174453450019055
2025,28.200000000000003,11.174453450019055
2026,28.200000000000003,11.174453450019055
2027,28.200000000000003,11.174453450019055
2028,28.200000000000003,11.274453450019056
2029,28.200000000000003,11.287912087912087
2030,28.200000000000003,11.308888999386735
2031,28.200000000000003,11.349380935806266
2032,28.200000000000003,11.349380935806266
2033,28.200000000000003,11.374453450019057
2034,28.200000000000003,11.389629224470852
2035,28.200000000000003,11.431977524737704
2036,28.200000000000003,11.431977524737704
2037,28.200000000000003,11.487912087912086
2038,28.200000000000003,11.487912087912086
2039,28.200000000000003,11.531977524737705
2040,28.200000000000003,11.57445345001906
2041,28.200000000000003,11.57445345001906
2042,28.200000000000003,11.631977524737707
2043,28.200000000000003,11.631977524737707
2044,28.200000000000003,11.649380935806263
2045,28.200000000000003,11.749380935806258
2046,28.200000000000003,11.749380935806258
2047,28.200000000000003,11.749380935806258
2048,28.200000000000003,11.831977524737702
2049,28.200000000000003,11.87445345001905
2050,28.200000000000003,11.87445345001905
2051,28.200000000000003,11.87445345001905
2052,28.200000000000003,11.87445345001905
2053,28.200000000000003,11.934878093249132
2054,28.200000000000003,11.94938093580626
2055,28.200000000000003,11.94938093580626
2056,28.200000000000003,11.94938093580626
2057,28.200000000000003,12.035933900187292
2058,28.200000000000003,12.049380935806262
2059,28.200000000000003,12.087912087912084
2060,28.200000000000003,12.2053271012547
2061,28.200000000000003,12.249380935806265
2062,28.200000000000003,12.274453450019056
2063,28.200000000000003,12.287912087912083
2064,28.200000000000003,12.331977524737706
2065,28.200000000000003,12.33487809324913
2066,28.200000000000003,12.33487809324913
2067,28.200000000000003,12.33487809324913
2068,28.200000000000003,12.34938093580626
2069,28.200000000000003,12.349380935806266
2070,28.200000000000003,12.349380935806266
2071,28.200000000000003,12.374453450019057
2072,28.200000000000003,12.387912087912088
2073,28.200000000000003,12.431977524737704
2074,28.200000000000003,12.431977524737707
2075,28.200000000000003,12.474453450019059
2076,28.200000000000003,12.474453450019059
2077,28.200000000000003,12.531977524737705
2078,28.200000000000003,12.531977524737705
2079,28.200000000000003,12.574453450019053
2080,28.200000000000003,12.574453450019053
2081,28.200000000000003,12.57445345001906
2082,28.200000000000003,12.578282200454147
2083,28.200000000000003,12.628415626605673
2084,28.200000000000003,12.631977524737707
2085,28.200000000000003,12.631977524737707
2086,28.200000000000003,12.649380935806263
2087,28.200000000000003,12.674453450019055
2088,28.200000000000003,12.674453450019055
2089,28.200000000000003,12.708888999386733
2090,28.200000000000003,12.731977524737704
2091,28.200000000000003,12.731977524737708
2092,28.200000000000003,12.749380935806265
2093,28.200000000000003,12.787912087912087
2094,28.200000000000003,12.831977524737706
2095,28.200000000000003,12.831977524737706
2096,28.200000000000003,12.831977524737706
2097,28.200000000000003,12.849380935806266
2098,28.200000000000003,12.849380935806266
2099,28.200000000000003,12.874453450019057
2100,28.200000000000003,12.931977524737704
2101,28.200000000000003,12.94649196956889
2102,28.200000000000003,12.94938093580626
2103,28.200000000000003,12.974453450019059
2104,28.200000000000003,12.974453450019059
2105,28.200000000000003,12.974453450019059
2106,28.200000000000003,13.031977524737705
2107,28.200000000000003,13.03487809324913
2108,28.200000000000003,13.049380935806262
2109,28.200000000000003,13.049380935806262
2110,28.200000000000003,13.049380935806262
2111,28.200000000000003,13.049380935806262
2112,28.200000000000003,13.04938093580627
2113,28.200000000000003,13.074453450019053
2114,28.200000000000003,13.078282200454147
2115,28.200000000000003,13.134878093249128
2116,28.200000000000003,13.178282200454145
2117,28.200000000000003,13.178282200454145
2118,28.200000000000003,13.228415626605674
2119,28.200000000000003,13.231977524737704
2120,28.200000000000003,13.231977524737704
2121,28.6,13.246491969568893
2122,28.6,13.249380935806265
2123,28.6,13.249380935806265
2124,28.6,13.260337349930104
2125,28.6,13.287912087912087
2126,28.6,13.320761993160179
2127,28.6,13.331977524737706
2128,28.6,13.349380935806266
2129,28.6,13.349380935806266
2130,28.6,13.349380935806266
2131,28.6,13.349380935806266
2132,29.700000000000003,13.374453450019057
2133,29.700000000000003,13.408888999386736
2134,29.700000000000003,13.434878093249129
2135,29.700000000000003,13.44938093580626
2136,29.700000000000003,13.44938093580626
2137,29.700000000000003,13.449380935806268
2138,29.700000000000003,13.487912087912086
2139,29.700000000000003,13.549380935806262
2140,29.700000000000003,13.549380935806262
2141,29.700000000000003,13.574453450019053
2142,29.700000000000003,13.587912087912084
2143,29.700000000000003,13.631977524737707
2144,31.5,13.631977524737707
2145,31.5,13.634878093249132
2146,31.5,13.646491969568892
2147,31.5,13.674453450019055
2148,31.5,13.674453450019055
2149,31.5,13.674453450019055
2150,31.5,13.749380935806265
2151,31.5,13.774453450019056
2152,31.5,13.774453450019056
2153,31.5,13.787912087912087
2154,31.5,13.808888999386735
2155,31.5,13.849380935806266
2156,31.5,13.88303139796352
2157,31.5,13.908888999386733
2158,31.5,13.934878093249132
2159,31.5,13.974453450019052
2160,31.5,13.974453450019059
2161,31.5,14.031977524737705
2162,31.5,14.049380935806262
2163,31.5,14.049380935806262
2164,31.5,14.074453450019053
2165,31.5,14.078282200454147
2166,31.5,14.134878093249132
2167,31.5,14.149380935806263
2168,31.5,14.187912087912085
2169,31.5,14.231977524737704
2170,31.5,14.231977524737708
2171,31.5,14.274453450019056
2172,31.5,14.287912087912087
2173,31.5,14.349380935806266
2174,31.5,14.374453450019057
2175,31.5,14.374453450019057
2176,31.5,14.431977524737704
2177,31.5,14.44938093580626
2178,31.5,14.477098768501484
2179,31.5,14.477098768501484
2180,31.5,14.531977524737705
2181,31.5,14.53487809324913
2182,31.5,14.549380935806262
2183,31.5,14.549380935806262
2184,31.5,14.549380935806262
2185,31.5,14.549380935806262
2186,31.5,14.549380935806262
2187,31.5,14.549380935806262
2188,31.5,14.549380935806262
2189,31.5,14.574453450019053
2190,31.5,14.631977524737707
2191,31.5,14.631977524737707
2192,31.5,14.649380935806263
2193,31.5,14.649380935806263
2194,31.5,14.649380935806263
2195,31.5,14.649380935806263
2196,31.5,14.649380935806263
2197,31.5,14.731977524737704
2198,31.5,14.749380935806258
2199,31.5,14.749380935806258
2200,31.5,14.749380935806258
2201,31.5,14.749380935806265
2202,31.5,14.749380935806265
2203,31.5,14.778282200454147
2204,31.5,14.831977524737706
2205,31.5,14.831977524737706
2206,31.5,14.834878093249127
2207,31.5,14.849380935806266
2208,31.5,14.87445345001905
2209,31.5,14.874453450019057
2210,31.5,14.874453450019057
2211,31.5,14.931977524737704
2212,31.5,14.94938093580626
2213,31.5,15.074453450019053
2214,31.5,15.149380935806263
2215,31.5,15.149380935806263
2216,31.5,15.149380935806263
2217,31.5,15.24649196956889
2218,31.5,15.249380935806258
2219,31.5,15.249380935806258
2220,31.5,15.249380935806258
2221,31.5,15.249380935806258
2222,31.5,15.346491969568891
2223,31.5,15.349380935806266
2224,31.5,15.37445345001905
2225,31.5,15.374453450019057
2226,31.5,15.374453450019057
2227,31.5,15.374453450019057
2228,31.5,15.431977524737704
2229,31.5,15.44649196956889
2230,31.5,15.44938093580626
2231,31.5,15.449380935806268
2232,31.5,15.449380935806268
2233,31.5,15.474453450019052
2234,31.5,15.474453450019059
2235,31.5,15.48791208791209
2236,31.5,15.531977524737705
2237,31.5,15.535933900187288
2238,31.5,15.549380935806262
2239,31.5,15.549380935806262
2240,31.5,15.574453450019053
2241,31.5,15.574453450019053
2242,31.5,15.574453450019053
2243,31.5,15.57445345001906
2244,31.5,15.57445345001906
2245,31.5,15.587912087912084
2246,31.5,15.608888999386735
2247,31.5,15.631977524737703
2248,31.5,15.649125685777275
2249,31.5,15.649380935806263
2250,31.5,15.649380935806263
2251,31.5,15.649380935806263
2252,31.5,15.649380935806263
2253,31.5,15.674453450019055
2254,31.5,15.731977524737704
2255,31.5,15.731977524737704
2256,31.5,15.749380935806258
2257,31.5,15.749380935806258
2258,31.5,15.749380935806265
2259,31.5,15.749380935806265
2260,31.5,15.749380935806265
2261,31.5,15.774453450019056
2262,31.5,15.849380935806266
2263,31.5,15.849380935806266
2264,31.5,15.849380935806266
2265,31.5,15.849380935806266
2266,31.5,15.874453450019057
2267,31.5,15.934878093249129
2268,31.5,15.935933900187294
2269,31.5,15.94938093580626
2270,31.5,15.94938093580626
2271,31.5,15.94938093580626
2272,31.5,15.94938093580626
2273,31.5,15.974453450019059
2274,31.5,15.987912087912083
2275,31.5,15.98791208791209
2276,31.5,16.008888999386734
2277,31.5,16.016801750285914
2278,31.5,16.03487809324913
2279,31.5,16.06033734993011
2280,31.5,16.07445345001906
2281,31.5,16.108888999386735
2282,31.5,16.108888999386735
2283,31.5,16.13487809324913
2284,31.6,16.149380935806263
2285,31.6,16.162584323670295
2286,31.6,16.23593390018729
2287,31.6,16.246491969568893
2288,31.6,16.287912087912087
2289,31.6,16.30888899938674
2290,31.6,16.320761993160176
2291,31.6,16.335933900187285
2292,31.6,16.349380935806266
2293,31.6,16.349380935806266
2294,31.6,16.408888999386733
2295,31.6,16.43487809324913
2296,31.6,16.44938093580626
2297,34.1,16.44938093580626
2298,34.1,16.44938093580626
2299,34.1,16.44938093580626
2300,34.1,16.44938093580626
2301,34.1,16.47445345001906
2302,34.1,16.508888999386734
2303,34.1,16.54649196956889
2304,34.1,16.549380935806262
2305,34.1,16.574453450019053
2306,34.1,16.574453450019053
2307,34.1,16.646491969568892
2308,34.1,16.674453450019055
2309,34.1,16.688967894850244
2310,34.300000000000004,16.73593390018729
2311,34.300000000000004,16.74912568577727
2312,34.300000000000004,16.774453450019056
2313,34.300000000000004,16.774453450019056
2314,34.300000000000004,16.831977524737706
2315,34.300000000000004,16.84649196956889
2316,34.300000000000004,16.94938093580626
2317,34.300000000000004,16.94938093580626
2318,34.300000000000004,16.94938093580626
2319,34.300000000000004,16.94938093580626
2320,34.300000000000004,17.02181780009834
2321,34.300000000000004,17.031977524737705
2322,34.300000000000004,17.049380935806262
2323,34.300000000000004,17.074453450019053
2324,34.300000000000004,17.091729236073114
2325,34.300000000000004,17.108888999386735
2326,34.300000000000004,17.108888999386735
2327,34.300000000000004,17.131977524737703
2328,34.300000000000004,17.131977524737707
2329,34.300000000000004,17.149380935806263
2330,34.300000000000004,17.149380935806263
2331,34.300000000000004,17.174453450019055
2332,34.300000000000004,17.249380935806265
2333,34.300000000000004,17.249380935806265
2334,34.300000000000004,17.249380935806265
2335,34.300000000000004,17.249380935806265
2336,34.300000000000004,17.249380935806265
2337,34.300000000000004,17.249380935806265
2338,34.300000000000004,17.249380935806265
2339,34.300000000000004,17.274453450019056
2340,34.300000000000004,17.274453450019056
2341,34.300000000000004,17.274453450019056
2342,34.300000000000004,17.274453450019056
2343,34.300000000000004,17.274453450019056
2344,34.300000000000004,17.274453450019056
2345,34.300000000000004,17.287912087912087
2346,34.300000000000004,17.331977524737706
2347,34.300000000000004,17.349380935806266
2348,34.300000000000004,17.349380935806266
2349,34.300000000000004,17.374453450019057
2350,34.300000000000004,17.374453450019057
2351,34.300000000000004,17.405327101254702
2352,34.300000000000004,17.449380935806268
2353,34.300000000000004,17.47445345001906
2354,34.300000000000004,17.508888999386734
2355,34.300000000000004,17.508888999386734
2356,34.300000000000004,17.549380935806262
2357,34.300000000000004,17.54938093580627
2358,34.300000000000004,17.54938093580627
2359,34.300000000000004,17.574453450019053
2360,34.300000000000004,17.674453450019055
2361,34.300000000000004,17.731977524737704
2362,34.300000000000004,17.734878093249133
2363,34.300000000000004,17.749380935806265
2364,34.300000000000004,17.749380935806265
2365,34.300000000000004,17.749380935806265
2366,34.300000000000004,17.749380935806265
2367,34.300000000000004,17.749380935806265
2368,34.300000000000004,17.831977524737706
2369,34.300000000000004,17.84649196956889
2370,34.300000000000004,17.857305288979493
2371,34.300000000000004,17.931977524737704
2372,34.300000000000004,17.935933900187287
2373,34.300000000000004,17.949380935806268
2374,34.300000000000004,17.97445345001906
2375,34.300000000000004,17.97445345001906
2376,34.300000000000004,17.98896789485024
2377,34.300000000000004,18.03487809324913
2378,34.300000000000004,18.049380935806262
2379,34.300000000000004,18.049380935806262
2380,34.300000000000004,18.049380935806262
2381,34.300000000000004,18.049380935806262
2382,34.300000000000004,18.049380935806262
2383,34.300000000000004,18.04938093580627
2384,34.300000000000004,18.13487809324913
2385,34.300000000000004,18.231977524737708
2386,34.300000000000004,18.23593390018729
2387,34.300000000000004,18.260337349930104
2388,34.300000000000004,18.266540699119886
2389,34.300000000000004,18.274453450019056
2390,34.300000000000004,18.274453450019056
2391,34.300000000000004,18.274453450019056
2392,34.300000000000004,18.30888899938673
2393,34.300000000000004,18.37445345001905
2394,34.300000000000004,18.37445345001905
2395,34.300000000000004,18.37445345001905
2396,34.300000000000004,18.43487809324913
2397,34.300000000000004,18.449380935806268
2398,34.300000000000004,18.459150050552765
2399,34.300000000000004,18.531977524737705
2400,34.300000000000004,18.531977524737705
2401,34.300000000000004,18.53593390018729
2402,34.300000000000004,18.549380935806262
2403,34.300000000000004,18.549380935806262
2404,34.300000000000004,18.549380935806262
2405,34.300000000000004,18.549380935806262
2406,34.300000000000004,18.549380935806262
2407,34.300000000000004,18.549380935806262
2408,34.300000000000004,18.574453450019053
2409,34.300000000000004,18.57445345001906
2410,34.300000000000004,18.63593390018729
2411,34.300000000000004,18.649380935806263
2412,34.300000000000004,18.649380935806263
2413,34.300000000000004,18.687912087912085
2414,34.300000000000004,18.731977524737708
2415,34.300000000000004,18.734878093249133
2416,34.300000000000004,18.749380935806258
2417,34.300000000000004,18.749380935806258
2418,34.300000000000004,18.749380935806258
2419,34.300000000000004,18.749380935806265
2420,34.300000000000004,18.80888899938674
2421,34.300000000000004,18.835933900187285
2422,34.300000000000004,18.849380935806266
2423,34.300000000000004,18.849380935806266
2424,34.300000000000004,18.849380935806266
2425,34.300000000000004,18.874453450019057
2426,34.300000000000004,18.931977524737707
2427,34.300000000000004,18.935933900187294
2428,34.300000000000004,18.97445345001906
2429,34.300000000000004,18.98791208791209
2430,34.300000000000004,18.98791208791209
2431,34.300000000000004,19.008888999386734
2432,34.300000000000004,19.074453450019053
2433,34.300000000000004,19.074453450019053
2434,34.300000000000004,19.07445345001906
2435,34.300000000000004,19.07445345001906
2436,34.300000000000004,19.078282200454144
2437,34.300000000000004,19.149380935806263
2438,34.300000000000004,19.149380935806263
2439,34.300000000000004,19.149380935806263
2440,34.300000000000004,19.149380935806263
2441,34.300000000000004,19.149380935806263
2442,34.300000000000004,19.208888999386737
2443,34.300000000000004,19.234878093249126
2444,34.300000000000004,19.30888899938674
2445,34.300000000000004,19.349380935806266
2446,34.300000000000004,19.349380935806266
2447,34.300000000000004,19.349380935806266
2448,34.300000000000004,19.349380935806266
2449,34.300000000000004,19.37445345001905
2450,34.300000000000004,19.37445345001905
2451,34.300000000000004,19.374453450019057
2452,34.300000000000004,19.38791208791209
2453,34.300000000000004,19.38791208791209
2454,34.300000000000004,19.431977524737704
2455,34.300000000000004,19.508888999386734
2456,34.300000000000004,19.549380935806262
2457,34.300000000000004,19.549380935806262
2458,34.300000000000004,19.549380935806262
2459,34.300000000000004,19.54938093580627
2460,34.300000000000004,19.631977524737707
2461,34.300000000000004,19.631977524737707
2462,34.300000000000004,19.649380935806263
2463,34.300000000000004,19.674453450019055
2464,34.300000000000004,19.734878093249133
2465,34.300000000000004,19.746491969568893
2466,34.300000000000004,19.774453450019056
2467,34.300000000000004,19.831977524737702
2468,34.300000000000004,19.849380935806266
2469,34.300000000000004,19.849380935806266
2470,34.300000000000004,19.94938093580626
2471,37.1,19.94938093580626
2472,37.1,19.94938093580626
2473,37.1,19.97445345001906
2474,37.1,19.97445345001906
2475,37.1,20.031977524737705
2476,37.1,20.149380935806263
2477,37.1,20.149380935806263
2478,37.1,20.2319775247377
2479,37.1,20.246491969568893
2480,37.1,20.249380935806265
2481,37.1,20.249380935806265
2482,37.1,20.249380935806265
2483,37.1,20.33197752473771
2484,37.1,20.349380935806266
2485,37.1,20.349380935806266
2486,37.1,20.38791208791209
2487,37.1,20.431977524737704
2488,37.1,20.431977524737704
2489,37.1,20.435933900187294
2490,37.1,20.44938093580626
2491,37.1,20.44938093580626
2492,37.1,20.44938093580626
2493,37.1,20.47445345001906
2494,37.1,20.531977524737705
2495,37.1,20.549380935806262
2496,37.1,20.549380935806262
2497,37.1,20.549380935806262
2498,37.1,20.549380935806262
2499,37.1,20.587912087912084
2500,37.1,20.631977524737707
2501,37.1,20.63487809324913
2502,37.1,20.63487809324913
2503,37.1,20.67445345001906
2504,37.1,20.749380935806265
2505,37.2,20.749380935806265
2506,37.2,20.749380935806265
2507,37.2,20.774453450019056
2508,37.2,20.80888899938674
2509,37.2,20.80888899938674
2510,37.2,20.80888899938674
2511,37.2,20.828415626605672
2512,37.2,20.849380935806266
2513,37.2,20.94938093580626
2514,37.2,20.97445345001906
2515,37.2,20.97445345001906
2516,37.2,20.97445345001906
2517,37.2,21.008888999386734
2518,37.2,21.04938093580627
2519,37.2,21.04938093580627
2520,37.2,21.04938093580627
2521,37.2,21.04938093580627
2522,37.2,21.131977524737707
2523,37.2,21.249380935806265
2524,37.2,21.274453450019056
2525,37.2,21.449380935806268
2526,37.2,21.449380935806268
2527,37.2,21.449380935806268
2528,37.2,21.449380935806268
2529,37.2,21.531977524737705
2530,37.2,21.54938093580627
2531,37.2,21.54938093580627
2532,37.2,21.587912087912084
2533,37.2,21.63593390018729
2534,37.2,21.705593953557756
2535,37.2,21.72076199316018
2536,37.2,21.749380935806265
2537,39.5,21.749380935806265
2538,39.5,21.80888899938673
2539,39.5,21.83197752473771
2540,39.5,21.87445345001905
2541,39.5,21.874453450019057
2542,39.5,21.94938093580626
2543,39.5,21.94938093580626
2544,39.5,21.94938093580626
2545,39.5,21.94938093580626
2546,39.5,21.94938093580626
2547,39.5,21.94938093580626
2548,39.5,21.97445345001906
2549,39.5,22.031977524737705
2550,39.5,22.074453450019053
2551,39.5,22.149380935806263
2552,39.5,22.149380935806263
2553,39.5,22.149380935806263
2554,39.5,22.149380935806263
2555,39.5,22.174453450019055
2556,39.5,22.187912087912093
2557,39.5,22.208888999386737
2558,39.5,22.2319775247377
2559,39.5,22.249380935806258
2560,39.5,22.249380935806258
2561,39.5,22.249380935806258
2562,39.5,22.33197752473771
2563,39.5,22.349380935806266
2564,39.5,22.349380935806266
2565,39.5,22.37445345001905
2566,39.5,22.374453450019057
2567,39.5,22.44938093580626
2568,39.5,22.44938093580626
2569,39.5,22.44938093580626
2570,39.5,22.44938093580626
2571,39.5,22.44938093580626
2572,39.5,22.47445345001906
2573,39.5,22.54649196956889
2574,39.5,22.549380935806255
2575,39.5,22.574453450019053
2576,39.5,22.63487809324913
2577,39.5,22.63487809324913
2578,39.5,22.649380935806263
2579,39.5,22.649380935806263
2580,39.5,22.674453450019055
2581,39.5,22.734878093249126
2582,39.5,22.746491969568893
2583,39.5,22.774453450019056
2584,43.300000000000004,22.774453450019056
2585,43.300000000000004,22.820761993160183
2586,43.300000000000004,22.849380935806266
2587,43.300000000000004,22.849380935806266
2588,43.300000000000004,22.849380935806266
2589,43.300000000000004,22.849380935806266
2590,43.300000000000004,22.94938093580626
2591,43.300000000000004,22.94938093580626
2592,43.300000000000004,22.94938093580626
2593,43.300000000000004,22.9603373499301
2594,43.300000000000004,22.97445345001906
2595,43.300000000000004,22.98791208791209
2596,43.300000000000004,23.049380935806255
2597,43.300000000000004,23.049380935806255
2598,43.300000000000004,23.149380935806263
2599,43.300000000000004,23.149380935806263
2600,43.300000000000004,23.149380935806263
2601,43.300000000000004,23.149380935806263
2602,43.300000000000004,23.149380935806263
2603,43.300000000000004,23.149380935806263
2604,43.300000000000004,23.149380935806263
2605,43.300000000000004,23.174453450019055
2606,43.300000000000004,23.187912087912085
2607,43.300000000000004,23.208888999386737
2608,43.300000000000004,23.249380935806272
2609,43.300000000000004,23.249380935806272
2610,43.300000000000004,23.249380935806272
2611,43.300000000000004,23.249380935806272
2612,43.300000000000004,23.274453450019056
2613,43.300000000000004,23.287912087912087
2614,43.300000000000004,23.33197752473771
2615,43.300000000000004,23.33197752473771
2616,43.300000000000004,23.349380935806266
2617,43.300000000000004,23.349380935806266
2618,43.300000000000004,23.349380935806266
2619,43.300000000000004,23.349380935806266
2620,43.300000000000004,23.349380935806266
2621,43.300000000000004,23.374453450019057
2622,43.300000000000004,23.38791208791209
2623,43.300000000000004,23.38791208791209
2624,43.300000000000004,23.431977524737704
2625,43.7,23.431977524737704
2626,43.7,23.431977524737704
2627,43.7,23.474453450019052
2628,43.7,23.531977524737705
2629,43.7,23.549380935806255
2630,43.7,23.549380935806255
2631,43.7,23.549380935806255
2632,43.7,23.549380935806255
2633,43.7,23.54938093580627
2634,43.7,23.54938093580627
2635,43.7,23.54938093580627
2636,43.7,23.574453450019053
2637,43.7,23.57445345001906
2638,43.7,23.57445345001906
2639,43.7,23.649380935806263
2640,43.7,23.746491969568893
2641,43.7,23.834878093249134
2642,43.7,23.849380935806266
2643,43.7,23.849380935806266
2644,43.7,23.849380935806266
2645,43.7,23.849380935806266
2646,43.7,23.849380935806266
2647,43.7,23.86086718711153
2648,43.7,24.131977524737707
2649,43.7,24.131977524737707
2650,43.7,24.149380935806263
2651,43.7,24.149380935806263
2652,43.7,24.149380935806263
2653,43.7,24.149380935806263
2654,43.7,24.149380935806263
2655,43.7,24.149380935806263
2656,43.7,24.149380935806263
2657,43.7,24.149380935806263
2658,43.7,24.149380935806263
2659,43.7,24.149380935806263
2660,43.7,24.149380935806263
2661,46.1,24.149380935806263
2662,46.1,24.249380935806272
2663,46.1,24.249380935806272
2664,46.1,24.283031397963523
2665,46.1,24.374453450019057
2666,46.1,24.374453450019057
2667,46.1,24.38791208791209
2668,46.1,24.431977524737704
2669,46.1,24.43487809324913
2670,46.1,24.446491969568893
2671,46.1,24.44938093580626
2672,46.1,24.44938093580626
2673,46.1,24.474453450019052
2674,46.1,24.53593390018729
2675,46.1,24.631977524737707
2676,46.1,24.649380935806263
2677,46.1,24.649380935806263
2678,46.1,24.687912087912085
2679,46.1,24.774453450019056
2680,46.1,24.774453450019056
2681,46.1,24.787912087912087
2682,46.1,24.83197752473771
2683,46.1,24.83197752473771
2684,46.1,24.834878093249134
2685,46.1,24.859150050552763
2686,46.1,24.88791208791208
2687,46.1,24.931977524737704
2688,46.1,24.94938093580626
2689,46.1,24.94938093580626
2690,46.1,24.94938093580626
2691,46.1,24.94938093580626
2692,46.1,24.97445345001906
2693,46.1,24.98791208791209
2694,46.1,25.074453450019053
2695,46.1,25.149380935806263
2696,46.1,25.178282200454145
2697,46.1,25.249380935806272
2698,46.1,25.249380935806272
2699,46.1,25.249380935806272
2700,46.1,25.249380935806272
2701,46.1,25.249380935806272
2702,46.1,25.249380935806272
2703,46.1,25.249380935806272
2704,46.1,25.349380935806266
2705,46.1,25.349380935806266
2706,46.1,25.374453450019057
2707,46.1,25.38791208791209
2708,46.1,25.38791208791209
2709,46.1,25.474453450019052
2710,46.1,25.47445345001906
2711,46.1,25.47445345001906
2712,46.1,25.608888999386735
2713,46.1,25.649380935806263
2714,46.1,25.674453450019055
2715,46.1,25.760337349930104
2716,46.1,25.787912087912087
2717,46.1,25.834878093249134
2718,46.1,25.874453450019057
2719,46.1,25.874453450019057
2720,46.1,25.874453450019057
2721,46.1,25.88791208791208
2722,46.1,25.88791208791208
2723,46.1,25.94938093580626
2724,46.1,25.97445345001906
2725,46.1,26.18896789485025
2726,46.1,26.346491969568895
2727,46.1,26.349380935806266
2728,46.1,26.349380935806266
2729,46.1,26.349380935806266
2730,46.1,26.349380935806266
2731,46.1,26.431977524737704
2732,46.1,26.43487809324913
2733,46.1,26.531977524737705
2734,46.1,26.549380935806255
2735,46.1,26.649380935806263
2736,46.1,26.649380935806263
2737,46.1,26.687912087912085
2738,46.1,26.7319775247377
2739,46.1,26.749380935806272
2740,46.1,26.787912087912087
2741,46.1,26.834878093249134
2742,46.1,26.849380935806266
2743,46.1,26.849380935806266
2744,46.1,26.97445345001906
2745,46.1,26.97445345001906
2746,46.1,26.97445345001906
2747,46.1,27.031977524737712
2748,46.1,27.03593390018729
2749,46.1,27.04938093580627
2750,46.1,27.04938093580627
2751,46.1,27.149380935806263
2752,46.1,27.174453450019055
2753,46.1,27.20888899938673
2754,46.1,27.231977524737708
2755,46.1,27.249380935806272
2756,46.1,27.349380935806266
2757,46.1,27.349380935806266
2758,46.1,27.349380935806266
2759,46.1,27.349380935806266
2760,46.1,27.47445345001906
2761,46.1,27.47445345001906
2762,46.1,27.47445345001906
2763,46.1,27.47445345001906
2764,46.1,27.47445345001906
2765,46.1,27.54938093580627
2766,46.1,27.54938093580627
2767,46.1,27.54938093580627
2768,46.1,27.731977524737708
2769,46.1,27.746491969568893
2770,46.1,27.749380935806272
2771,46.1,27.749380935806272
2772,46.1,27.774453450019056
2773,46.1,27.834878093249134
2774,46.1,27.874453450019057
2775,46.1,27.908888999386733
2776,46.1,27.94938093580626
2777,46.1,28.044902458024627
2778,46.1,28.04938093580627
2779,46.1,28.04938093580627
2780,46.1,28.149380935806263
2781,46.1,28.149380935806263
2782,46.1,28.187912087912093
2783,46.1,28.249380935806272
2784,46.1,28.249380935806272
2785,46.1,28.259150050552762
2786,46.1,28.274453450019056
2787,46.1,28.374453450019057
2788,46.1,28.431977524737704
2789,46.1,28.50888899938674
2790,46.1,28.574453450019053
2791,46.1,28.587912087912084
2792,46.1,28.649380935806263
2793,46.1,28.66548489218172
2794,46.1,28.774453450019056
2795,46.1,28.774453450019056
2796,46.1,28.774453450019056
2797,46.1,28.874453450019057
2798,46.1,28.94938093580626
2799,46.1,28.94938093580626
2800,46.1,28.94938093580626
2801,46.1,28.97445345001906
2802,46.1,29.031977524737705
2803,46.1,29.10506024895165
2804,46.1,29.149380935806263
2805,46.1,29.149380935806263
2806,46.1,29.174453450019055
2807,46.1,29.234878093249126
2808,46.1,29.234878093249133
2809,46.1,29.249380935806272
2810,46.1,29.249380935806272
2811,46.1,29.249380935806272
2812,46.1,29.249380935806272
2813,46.1,29.249380935806272
2814,46.1,29.249380935806272
2815,46.1,29.249380935806272
2816,46.1,29.249380935806272
2817,46.1,29.274453450019056
2818,46.1,29.349380935806266
2819,46.1,29.349380935806266
2820,46.1,29.349380935806266
2821,46.1,29.349380935806266
2822,46.1,29.349380935806266
2823,46.1,29.349380935806266
2824,46.1,29.349380935806266
2825,46.1,29.349380935806266
2826,46.1,29.349380935806266
2827,46.1,29.374453450019057
2828,46.1,29.44938093580626
2829,46.1,29.44938093580626
2830,46.1,29.44938093580626
2831,46.1,29.44938093580626
2832,46.1,29.44938093580626
2833,46.1,29.44938093580626
2834,46.1,29.44938093580626
2835,46.1,29.44938093580626
2836,46.1,29.44938093580626
2837,46.1,29.44938093580626
2838,46.1,29.47445345001906
2839,46.1,29.47445345001906
2840,46.1,29.48791208791209
2841,46.1,29.508888999386734
2842,46.1,29.508888999386734
2843,46.1,29.574453450019053
2844,46.1,29.749380935806272
2845,46.1,29.749380935806272
2846,46.1,29.749380935806272
2847,46.1,29.749380935806272
2848,46.1,29.749380935806272
2849,46.1,29.749380935806272
2850,46.1,29.80888899938673
2851,46.1,29.83197752473771
2852,46.1,29.83197752473771
2853,46.1,29.83197752473771
2854,46.1,29.834878093249134
2855,46.1,29.849380935806266
2856,46.1,29.849380935806266
2857,46.1,29.849380935806266
2858,46.1,29.849380935806266
2859,46.1,29.935933900187294
2860,46.1,29.98791208791209
2861,46.1,30.074453450019053
2862,46.5,30.074453450019053
2863,46.5,30.149380935806263
2864,46.5,30.149380935806263
2865,46.5,30.249380935806272
2866,46.5,30.249380935806272
2867,46.5,30.249380935806272
2868,46.5,30.249380935806272
2869,46.5,30.274453450019056
2870,46.5,30.334878093249134
2871,46.5,30.374453450019057
2872,46.5,30.428415626605673
2873,46.5,30.431977524737704
2874,46.5,30.474453450019052
2875,46.5,30.477098768501484
2876,46.5,30.54938093580627
2877,46.5,30.54938093580627
2878,46.5,30.749380935806272
2879,46.5,30.749380935806272
2880,46.5,30.749380935806272
2881,46.5,30.774453450019056
2882,46.5,30.774453450019056
2883,46.5,30.834878093249134
2884,46.5,30.849380935806266
2885,46.5,30.97445345001906
2886,46.5,30.97445345001906
2887,46.5,30.98791208791209
2888,46.5,31.03487809324913
2889,46.5,31.04938093580627
2890,46.5,31.04938093580627
2891,46.5,31.04938093580627
2892,46.5,31.04938093580627
2893,51.1,31.074453450019053
2894,51.1,31.108888999386735
2895,51.1,31.13593390018729
2896,51.1,31.149380935806263
2897,51.1,31.174453450019055
2898,51.1,31.174453450019055
2899,51.1,31.249380935806272
2900,51.1,31.33197752473771
2901,51.1,31.335933900187285
2902,51.1,31.349380935806266
2903,51.1,31.349380935806266
2904,51.1,31.349380935806266
2905,51.1,31.349380935806266
2906,51.1,31.349380935806266
2907,51.1,31.349380935806266
2908,51.1,31.349380935806266
2909,51.1,31.349380935806266
2910,51.1,31.431977524737704
2911,51.1,31.43487809324913
2912,51.1,31.474453450019052
2913,51.1,31.483031397963526
2914,51.1,31.531977524737705
2915,51.1,31.749380935806272
2916,51.1,31.87445345001905
2917,51.1,31.87445345001905
2918,51.1,31.88791208791209
2919,51.1,31.916674125271406
2920,51.1,32.17445345001906
2921,51.1,32.37445345001906
2922,51.1,32.64938093580626
2923,51.1,32.64938093580626
2924,51.1,32.64938093580626
2925,51.1,32.64938093580626
2926,51.1,32.64938093580626
2927,51.1,32.64938093580626
2928,51.1,32.64938093580626
2929,51.1,32.64938093580626
2930,51.1,32.64938093580626
2931,51.1,32.67445345001906
2932,51.1,32.691729236073115
2933,51.1,32.74938093580627
2934,51.1,32.74938093580627
2935,51.1,32.74938093580627
2936,51.1,32.77445345001905
2937,51.1,32.98791208791209
2938,51.1,33.13197752473771
2939,51.1,33.14938093580626
2940,51.1,33.14938093580626
2941,51.1,33.18791208791208
2942,51.1,33.27445345001905
2943,51.1,33.37445345001906
2944,51.1,33.37445345001906
2945,51.1,33.40506024895164
2946,51.1,33.435933900187294
2947,51.1,33.59186846336166
2948,51.1,33.67445345001906
2949,51.1,33.73197752473771
2950,51.1,33.74938093580627
2951,51.1,33.74938093580627
2952,51.1,33.87445345001905
2953,51.1,33.87445345001905
2954,51.1,33.87445345001905
2955,51.1,33.87445345001906
2956,51.1,33.887912087912085
2957,51.1,33.974453450019055
2958,51.1,34.02181780009834
2959,51.1,34.031977524737705
2960,51.1,34.049380935806255
2961,51.1,34.0603373499301
2962,51.1,34.14938093580626
2963,51.1,34.14938093580626
2964,51.1,34.14938093580626
2965,51.1,34.14938093580626
2966,51.1,34.14938093580626
2967,51.1,34.24938093580627
2968,51.1,34.24938093580627
2969,51.1,34.24938093580627
2970,51.1,34.24938093580627
2971,51.1,34.24938093580627
2972,51.1,34.24938093580627
2973,51.1,34.27445345001905
2974,51.1,34.349380935806266
2975,51.1,34.349380935806266
2976,51.1,34.387912087912085
2977,51.1,34.474453450019055
2978,51.1,34.474453450019055
2979,51.1,34.474453450019055
2980,51.1,34.474453450019055
2981,51.1,34.531977524737705
2982,51.1,34.54938093580627
2983,51.1,34.54938093580627
2984,51.1,34.78791208791209
2985,51.1,34.849380935806266
2986,51.1,34.87445345001906
2987,51.1,35.10822766976612
2988,51.1,35.37445345001906
2989,51.1,35.387912087912085
2990,51.1,35.43197752473771
2991,51.1,35.434878093249125
2992,51.1,35.44938093580626
2993,51.1,35.460867187111525
2994,51.1,35.474453450019055
2995,51.1,35.508888999386734
2996,51.1,35.54938093580627
2997,51.1,35.54938093580627
2998,51.1,35.54938093580627
2999,51.1,35.54938093580627
3000,51.1,35.54938093580627
3001,51.1,35.54938093580627
3002,51.1,35.64938093580626
3003,51.1,35.64938093580626
3004,51.1,35.70888899938674
3005,51.1,35.83593390018729
3006,51.1,35.87445345001906
3007,51.1,35.94938093580626
3008,51.1,35.94938093580626
3009,51.1,35.94938093580626
3010,51.1,35.94938093580626
3011,51.1,35.94938093580626
3012,51.1,35.94938093580626
3013,51.1,35.94938093580626
3014,51.1,35.94938093580626
3015,51.1,35.94938093580626
3016,51.1,36.034878093249134
3017,51.1,36.14938093580626
3018,51.1,36.14938093580626
3019,51.1,36.17445345001906
3020,51.1,36.23487809324914
3021,51.1,36.23487809324914
3022,51.1,36.24938093580627
3023,51.1,36.24938093580627
3024,51.1,36.3319775247377
3025,51.1,36.33197752473771
3026,51.1,36.37445345001906
3027,51.1,36.387912087912085
3028,51.1,36.431977524737704
3029,51.1,36.434878093249125
3030,51.1,36.67445345001906
3031,51.1,36.77445345001905
3032,51.1,36.77445345001905
3033,51.1,36.849380935806266
3034,51.1,36.849380935806266
3035,51.1,36.849380935806266
3036,51.1,36.87445345001905
3037,51.1,36.87445345001905
3038,51.1,36.87445345001906
3039,51.1,36.887912087912085
3040,51.1,36.887912087912085
3041,51.1,36.974453450019055
3042,51.1,36.974453450019055
3043,51.1,37.074453450019064
3044,51.1,37.18791208791208
3045,51.1,37.18791208791208
3046,51.1,37.187912087912096
3047,51.1,37.27445345001905
3048,51.1,37.27445345001905
3049,51.1,37.27445345001905
3050,51.1,37.346491969568895
3051,51.1,37.349380935806266
3052,51.1,37.349380935806266
3053,51.1,37.349380935806266
3054,51.1,37.387912087912085
3055,51.1,37.40888899938673
3056,51.1,37.44938093580626
3057,51.1,37.44938093580626
3058,51.1,37.44938093580626
3059,51.1,37.474453450019055
3060,51.1,37.64938093580626
3061,51.1,37.64938093580626
3062,51.1,37.67445345001906
3063,51.1,37.67445345001906
3064,51.1,37.887912087912085
3065,51.1,38.034878093249134
3066,51.1,38.07445345001905
3067,51.1,38.07445345001905
3068,51.1,38.07445345001905
3069,51.1,38.074453450019064
3070,51.1,38.14938093580626
3071,51.1,38.14938093580626
3072,51.1,38.27445345001905
3073,51.1,38.28791208791209
3074,51.1,38.37445345001906
3075,51.1,38.474453450019055
3076,51.1,38.531977524737705
3077,51.1,38.54490245802462
3078,51.1,38.57445345001905
3079,51.1,38.67445345001906
3080,51.1,38.67445345001906
3081,51.1,38.74938093580627
3082,51.1,38.74938093580627
3083,51.1,38.74938093580627
3084,51.1,38.78791208791209
3085,51.1,38.791729236073124
3086,51.1,38.83197752473771
3087,51.1,38.87445345001906
3088,51.1,38.974453450019055
3089,51.1,39.07445345001905
3090,51.1,39.07445345001905
3091,51.1,39.13487809324913
3092,51.1,39.17445345001906
3093,51.1,39.2319775247377
3094,51.1,39.27445345001905
3095,51.1,39.30888899938674
3096,51.1,39.33197752473771
3097,51.1,39.33487809324913
3098,51.1,39.37445345001906
3099,51.1,39.37445345001906
3100,51.1,39.37445345001906
3101,51.1,39.387912087912085
3102,51.1,39.431977524737704
3103,51.1,39.44938093580626
3104,51.1,39.44938093580626
3105,51.1,39.44938093580626
3106,51.1,39.44938093580626
3107,51.1,39.574453450019064
3108,51.1,39.574453450019064
3109,51.1,39.67445345001906
3110,51.1,39.849380935806266
3111,51.1,39.849380935806266
3112,51.1,39.849380935806266
3113,51.1,39.849380935806266
3114,51.1,39.849380935806266
3115,51.1,39.860337349930106
3116,51.1,39.87445345001906
3117,51.1,39.87445345001906
3118,51.1,39.916047602472915
3119,51.1,40.04938093580627
3120,51.1,40.07445345001905
3121,51.1,40.08791208791209
3122,51.1,40.23197752473771
3123,51.1,40.27445345001905
3124,51.1,40.27445345001905
3125,51.1,40.3319775247377
3126,51.1,40.33197752473771
3127,51.1,40.33487809324913
3128,51.1,40.431977524737704
3129,51.1,40.474453450019055
3130,51.1,40.48791208791209
3131,51.1,40.57445345001905
3132,51.1,40.57445345001905
3133,51.1,40.64938093580626
3134,51.1,40.64938093580626
3135,51.1,40.64938093580626
3136,51.1,40.64938093580626
3137,51.1,40.64938093580626
3138,51.1,40.67445345001906
3139,51.1,40.73197752473771
3140,58.300000000000004,40.73487809324912
3141,58.300000000000004,40.77445345001905
3142,58.300000000000004,40.78791208791209
3143,58.300000000000004,40.83593390018729
3144,58.300000000000004,40.87445345001905
3145,58.300000000000004,40.934878093249125
3146,58.300000000000004,40.974453450019055
3147,58.300000000000004,40.974453450019055
3148,58.300000000000004,41.031977524737705
3149,58.300000000000004,41.06258432367029
3150,58.300000000000004,41.07445345001905
3151,58.300000000000004,41.13197752473771
3152,58.300000000000004,41.14938093580626
3153,58.300000000000004,41.14938093580626
3154,58.300000000000004,41.14938093580626
3155,58.300000000000004,41.14938093580626
3156,58.300000000000004,41.14938093580626
3157,58.300000000000004,41.24938093580627
3158,58.300000000000004,41.260337349930104
3159,58.300000000000004,41.349380935806266
3160,58.300000000000004,41.349380935806266
3161,58.300000000000004,41.349380935806266
3162,58.300000000000004,41.349380935806266
3163,58.300000000000004,41.349380935806266
3164,58.300000000000004,41.349380935806266
3165,58.300000000000004,41.349380935806266
3166,58.300000000000004,41.349380935806266
3167,58.300000000000004,41.349380935806266
3168,58.300000000000004,41.37445345001906
3169,58.300000000000004,41.40888899938673
3170,58.300000000000004,41.40888899938674
3171,58.300000000000004,41.40888899938674
3172,58.300000000000004,41.43197752473771
3173,58.300000000000004,41.44938093580626
3174,58.300000000000004,41.44938093580626
3175,58.300000000000004,41.44938093580626
3176,58.300000000000004,41.44938093580626
3177,58.300000000000004,41.44938093580626
3178,58.300000000000004,41.44938093580626
3179,58.300000000000004,41.44938093580626
3180,58.300000000000004,41.54938093580627
3181,58.300000000000004,41.54938093580627
3182,58.300000000000004,41.54938093580627
3183,58.300000000000004,41.54938093580627
3184,58.300000000000004,41.54938093580627
3185,58.300000000000004,41.54938093580627
3186,58.300000000000004,41.54938093580627
3187,58.300000000000004,41.54938093580627
3188,58.300000000000004,41.54938093580627
3189,58.300000000000004,41.64938093580628
3190,58.300000000000004,41.849380935806266
3191,58.300000000000004,42.01604760247292
3192,58.300000000000004,42.04938093580627
3193,58.300000000000004,42.08791208791209
3194,58.300000000000004,42.14938093580628
3195,58.300000000000004,42.18791208791208
3196,58.300000000000004,42.216047602472926
3197,58.300000000000004,42.23197752473771
3198,58.300000000000004,42.23593390018729
3199,58.300000000000004,42.43487809324914
3200,58.300000000000004,42.44938093580626
3201,58.300000000000004,42.44938093580626
3202,58.300000000000004,42.44938093580626
3203,58.300000000000004,42.44938093580626
3204,58.300000000000004,42.44938093580626
3205,58.300000000000004,42.44938093580626
3206,58.300000000000004,42.44938093580626
3207,58.300000000000004,42.58791208791209
3208,58.300000000000004,42.61604760247292
3209,58.300000000000004,42.64938093580628
3210,58.300000000000004,42.64938093580628
3211,58.300000000000004,42.64938093580628
3212,58.300000000000004,42.74938093580627
3213,58.300000000000004,42.74938093580627
3214,58.300000000000004,42.78791208791209
3215,58.300000000000004,42.931977524737704
3216,58.300000000000004,43.01604760247292
3217,58.300000000000004,43.031977524737705
3218,58.300000000000004,43.034878093249134
3219,58.300000000000004,43.07445345001905
3220,58.300000000000004,43.07445345001905
3221,58.300000000000004,43.14938093580626
3222,58.300000000000004,43.14938093580626
3223,58.300000000000004,43.14938093580626
3224,58.300000000000004,43.14938093580626
3225,58.300000000000004,43.14938093580626
3226,58.300000000000004,43.14938093580626
3227,58.300000000000004,43.14938093580626
3228,58.300000000000004,43.191729236073115
3229,58.300000000000004,43.27445345001905
3230,58.300000000000004,43.33197752473771
3231,58.300000000000004,43.349380935806266
3232,58.300000000000004,43.349380935806266
3233,58.300000000000004,43.349380935806266
3234,58.300000000000004,43.37445345001906
3235,58.300000000000004,43.37445345001906
3236,58.300000000000004,43.44938093580626
3237,58.300000000000004,43.44938093580626
3238,58.300000000000004,43.549380935806255
3239,58.300000000000004,43.549380935806255
3240,58.300000000000004,43.549380935806255
3241,58.300000000000004,43.54938093580627
3242,58.300000000000004,43.54938093580627
3243,58.300000000000004,43.74938093580627
3244,58.300000000000004,43.74938093580627
3245,58.300000000000004,43.77445345001905
3246,58.300000000000004,43.77445345001905
3247,58.300000000000004,43.849380935806266
3248,58.300000000000004,43.849380935806266
3249,58.300000000000004,44.04938093580627
3250,58.300000000000004,44.04938093580627
3251,58.300000000000004,44.04938093580627
3252,58.300000000000004,44.07445345001905
3253,58.300000000000004,44.23197752473771
3254,58.300000000000004,44.28791208791209
3255,58.300000000000004,44.31604760247292
3256,58.300000000000004,44.31604760247292
3257,58.300000000000004,44.33197752473771
3258,58.300000000000004,44.33487809324913
3259,58.300000000000004,44.43487809324914
3260,58.300000000000004,44.449380935806275
3261,58.300000000000004,44.449380935806275
3262,58.300000000000004,44.449380935806275
3263,58.300000000000004,44.474453450019055
3264,58.300000000000004,44.474453450019055
3265,58.300000000000004,44.48791208791209
3266,58.300000000000004,44.531977524737705
3267,58.300000000000004,44.61604760247292
3268,58.300000000000004,44.674453450019044
3269,58.300000000000004,44.68791208791208
3270,58.300000000000004,44.68791208791208
3271,58.300000000000004,44.73593390018729
3272,58.300000000000004,44.74938093580627
3273,58.300000000000004,44.74938093580627
3274,58.300000000000004,44.81604760247292
3275,58.300000000000004,44.849380935806266
3276,58.300000000000004,44.849380935806266
3277,58.300000000000004,44.849380935806266
3278,58.300000000000004,44.849380935806266
3279,58.300000000000004,44.849380935806266
3280,58.300000000000004,44.849380935806266
3281,58.300000000000004,44.87445345001906
3282,58.300000000000004,44.949380935806275
3283,58.300000000000004,44.974453450019055
3284,58.300000000000004,45.187912087912096
3285,58.300000000000004,45.216047602472926
3286,58.300000000000004,45.33487809324913
3287,58.300000000000004,45.37445345001906
3288,58.300000000000004,45.416047602472915
3289,58.300000000000004,45.449380935806275
3290,58.300000000000004,45.474453450019055
3291,58.300000000000004,45.51604760247292
3292,58.300000000000004,45.51604760247292
3293,58.300000000000004,45.531977524737705
3294,58.300000000000004,45.534878093249134
3295,58.300000000000004,45.67445345001906
3296,58.300000000000004,45.716047602472926
3297,58.300000000000004,45.83487809324913
3298,58.300000000000004,45.87445345001906
3299,58.300000000000004,45.87445345001906
3300,58.300000000000004,45.916047602472915
3301,58.300000000000004,45.94938093580626
3302,58.300000000000004,45.94938093580626
3303,58.300000000000004,45.94938093580626
3304,58.300000000000004,45.94938093580626
3305,58.300000000000004,46.07445345001905
3306,58.300000000000004,46.07445345001905
3307,58.300000000000004,46.08791208791209
3308,58.300000000000004,46.13197752473771
3309,58.300000000000004,46.14938093580626
3310,58.300000000000004,46.14938093580628
3311,58.300000000000004,46.14938093580628
3312,58.300000000000004,46.16561638462091
3313,58.300000000000004,46.17445345001906
3314,58.300000000000004,46.216047602472926
3315,58.300000000000004,46.24938093580627
3316,58.300000000000004,46.24938093580627
3317,58.300000000000004,46.24938093580627
3318,58.300000000000004,46.24938093580627
3319,58.300000000000004,46.24938093580627
3320,58.300000000000004,46.24938093580627
3321,58.300000000000004,46.33197752473771
3322,58.300000000000004,46.37445345001906
3323,58.300000000000004,46.54938093580627
3324,58.300000000000004,46.54938093580627
3325,58.300000000000004,46.61604760247292
3326,58.300000000000004,46.64649196956889
3327,58.300000000000004,46.73487809324914
3328,58.300000000000004,47.031977524737705
3329,58.300000000000004,47.14938093580628
3330,58.300000000000004,47.166540699119885
3331,58.300000000000004,47.216047602472926
3332,58.300000000000004,47.23487809324912
3333,58.300000000000004,47.23593390018729
3334,58.300000000000004,47.24649196956889
3335,58.300000000000004,47.24938093580627
3336,58.300000000000004,47.24938093580627
3337,58.300000000000004,47.24938093580627
3338,58.300000000000004,47.24938093580627
3339,58.300000000000004,47.27445345001905
3340,58.300000000000004,47.27445345001905
3341,58.300000000000004,47.27445345001905
3342,58.300000000000004,47.27445345001905
3343,58.300000000000004,47.28791208791209
3344,58.300000000000004,47.31604760247292
3345,58.300000000000004,47.349380935806266
3346,58.300000000000004,47.349380935806266
3347,58.300000000000004,47.349380935806266
3348,58.300000000000004,47.349380935806266
3349,58.300000000000004,47.37445345001906
3350,58.300000000000004,47.43197752473771
3351,58.300000000000004,47.449380935806275
3352,58.300000000000004,47.449380935806275
3353,58.300000000000004,47.449380935806275
3354,58.300000000000004,47.474453450019055
3355,58.300000000000004,47.474453450019055
3356,58.300000000000004,47.474453450019055
3357,58.300000000000004,47.51604760247292
3358,58.300000000000004,47.57445345001905
3359,58.300000000000004,47.57445345001905
3360,58.300000000000004,47.57445345001905
3361,58.300000000000004,47.66548489218172
3362,58.300000000000004,47.68791208791208
3363,58.300000000000004,47.73197752473771
3364,58.300000000000004,47.74938093580627
3365,58.300000000000004,47.74938093580627
3366,58.300000000000004,47.74938093580627
3367,58.300000000000004,47.74938093580627
3368,58.300000000000004,47.74938093580627
3369,58.300000000000004,47.74938093580627
3370,58.300000000000004,47.849380935806266
3371,58.300000000000004,47.849380935806266
3372,58.300000000000004,47.849380935806266
3373,58.300000000000004,47.849380935806266
3374,58.300000000000004,47.849380935806266
3375,58.300000000000004,47.849380935806266
3376,58.300000000000004,47.849380935806266
3377,58.300000000000004,47.849380935806266
3378,58.300000000000004,47.949380935806275
3379,58.300000000000004,47.949380935806275
3380,58.300000000000004,48.01604760247292
3381,58.300000000000004,48.03197752473771
3382,58.300000000000004,48.27445345001905
3383,58.300000000000004,48.28791208791209
3384,58.300000000000004,48.31604760247292
3385,58.300000000000004,48.37445345001906
3386,58.300000000000004,48.37445345001906
3387,58.300000000000004,48.37445345001906
3388,58.300000000000004,48.531977524737705
3389,58.300000000000004,48.549380935806255
3390,58.300000000000004,48.549380935806255
3391,58.300000000000004,48.549380935806255
3392,58.300000000000004,48.549380935806255
3393,58.300000000000004,48.549380935806255
3394,58.300000000000004,48.549380935806255
3395,58.300000000000004,48.549380935806255
3396,58.300000000000004,48.54938093580627
3397,58.300000000000004,48.63487809324913
3398,58.300000000000004,48.67445345001906
3399,58.300000000000004,48.67445345001906
3400,58.300000000000004,48.67445345001906
3401,58.300000000000004,48.67445345001906
3402,58.300000000000004,48.67445345001906
3403,58.300000000000004,48.87445345001906
3404,58.300000000000004,48.87445345001906
3405,58.300000000000004,48.949380935806275
3406,58.300000000000004,48.949380935806275
3407,58.300000000000004,48.974453450019055
3408,58.300000000000004,48.974453450019055
3409,58.300000000000004,49.01604760247292
3410,58.300000000000004,49.07445345001905
3411,58.300000000000004,49.21680175028592
3412,58.300000000000004,49.349380935806266
3413,58.300000000000004,49.349380935806266
3414,58.300000000000004,49.37445345001906
3415,58.300000000000004,49.3879120879121
3416,58.300000000000004,49.39172923607312
3417,58.300000000000004,49.41604760247293
3418,58.300000000000004,49.474453450019055
3419,58.300000000000004,49.474453450019055
3420,58.300000000000004,49.474453450019055
3421,58.300000000000004,49.474453450019055
3422,58.300000000000004,49.58791208791209
3423,58.300000000000004,49.81604760247292
3424,58.300000000000004,49.81604760247292
3425,58.300000000000004,49.83197752473771
3426,58.300000000000004,49.849380935806266
3427,58.300000000000004,49.85839590273977
3428,58.300000000000004,49.87445345001906
3429,58.300000000000004,50.04938093580627
3430,58.300000000000004,50.066540699119884
3431,58.300000000000004,50.108888999386735
3432,58.300000000000004,50.13197752473771
3433,58.300000000000004,50.349380935806266
3434,58.300000000000004,50.349380935806266
3435,58.300000000000004,50.349380935806266
3436,58.300000000000004,50.349380935806266
3437,58.300000000000004,50.349380935806266
3438,58.300000000000004,50.349380935806266
3439,58.300000000000004,50.349380935806266
3440,58.300000000000004,50.349380935806266
3441,58.300000000000004,50.37445345001906
3442,58.300000000000004,50.434878093249125
3443,58.300000000000004,50.549380935806255
3444,58.300000000000004,50.549380935806255
3445,58.300000000000004,50.549380935806255
3446,58.300000000000004,50.54938093580627
3447,58.300000000000004,50.54938093580627
3448,58.300000000000004,50.54938093580627
3449,58.300000000000004,50.54938093580627
3450,58.300000000000004,50.61604760247292
3451,58.300000000000004,50.61604760247292
3452,58.300000000000004,50.61604760247292
3453,58.300000000000004,50.74938093580627
3454,58.300000000000004,50.74938093580627
3455,58.300000000000004,50.77445345001905
3456,58.300000000000004,50.77445345001905
3457,58.300000000000004,50.77445345001905
3458,58.300000000000004,50.77445345001905
3459,58.300000000000004,50.77445345001905
3460,58.300000000000004,50.81604760247292
3461,58.300000000000004,50.87445345001906
3462,58.300000000000004,50.87445345001906
3463,58.300000000000004,50.934878093249125
3464,58.300000000000004,50.949380935806275
3465,58.300000000000004,50.949380935806275
3466,58.300000000000004,51.03197752473771
3467,58.300000000000004,51.04938093580627
3468,58.300000000000004,51.13197752473771
3469,58.300000000000004,51.13197752473771
3470,58.300000000000004,51.14938093580628
3471,58.300000000000004,51.14938093580628
3472,58.300000000000004,51.216047602472926
3473,58.300000000000004,51.216047602472926
3474,58.300000000000004,51.216047602472926
3475,58.300000000000004,51.27445345001905
3476,58.300000000000004,51.53197752473771
3477,58.300000000000004,51.687912087912096
3478,58.300000000000004,51.687912087912096
3479,58.300000000000004,51.687912087912096
3480,58.300000000000004,51.716047602472926
3481,58.300000000000004,51.716047602472926
3482,58.300000000000004,51.73197752473771
3483,58.300000000000004,52.14938093580628
3484,58.300000000000004,52.216047602472926
3485,58.300000000000004,52.216047602472926
3486,58.300000000000004,52.216047602472926
3487,58.300000000000004,52.2319775247377
3488,58.300000000000004,52.33197752473771
3489,58.300000000000004,52.33197752473771
3490,58.300000000000004,52.349380935806266
3491,58.300000000000004,52.349380935806266
3492,58.300000000000004,52.349380935806266
3493,58.300000000000004,52.349380935806266
3494,58.300000000000004,52.349380935806266
3495,58.300000000000004,52.349380935806266
3496,58.300000000000004,52.349380935806266
3497,58.300000000000004,52.349380935806266
3498,58.300000000000004,52.37445345001906
3499,58.300000000000004,52.37445345001906
3500,58.300000000000004,52.41604760247293
3501,58.300000000000004,52.449380935806275
3502,58.300000000000004,52.449380935806275
3503,58.300000000000004,52.474453450019055
3504,58.300000000000004,52.474453450019055
3505,58.300000000000004,52.474453450019055
3506,58.300000000000004,52.51604760247292
3507,58.300000000000004,52.51604760247292
3508,58.300000000000004,52.51604760247292
3509,58.300000000000004,52.63197752473771
3510,58.300000000000004,52.67445345001906
3511,58.300000000000004,52.67445345001906
3512,58.300000000000004,52.74938093580627
3513,58.300000000000004,52.74938093580627
3514,58.300000000000004,52.74938093580627
3515,58.300000000000004,52.74938093580627
3516,58.300000000000004,52.74938093580627
3517,58.300000000000004,52.74938093580627
3518,58.300000000000004,52.74938093580627
3519,58.300000000000004,52.74938093580627
3520,58.300000000000004,52.74938093580627
3521,58.300000000000004,52.78791208791209
3522,58.300000000000004,52.80888899938674
3523,58.300000000000004,52.81604760247292
3524,58.300000000000004,52.846491969568895
3525,58.300000000000004,53.24938093580627
3526,58.300000000000004,53.24938093580627
3527,58.300000000000004,53.24938093580627
3528,58.300000000000004,53.24938093580627
3529,58.300000000000004,53.31604760247292
3530,58.300000000000004,53.31604760247292
3531,58.300000000000004,53.33197752473771
3532,58.300000000000004,53.349380935806266
3533,58.300000000000004,53.349380935806266
3534,58.300000000000004,53.349380935806266
3535,58.300000000000004,53.349380935806266
3536,58.300000000000004,53.44938093580626
3537,58.300000000000004,53.44938093580626
3538,58.300000000000004,53.44938093580626
3539,58.300000000000004,53.44938093580626
3540,58.300000000000004,53.44938093580626
3541,58.300000000000004,53.44938093580626
3542,58.300000000000004,53.44938093580626
3543,58.300000000000004,53.44938093580626
3544,58.300000000000004,53.44938093580626
3545,58.300000000000004,53.44938093580626
3546,58.300000000000004,53.44938093580626
3547,58.300000000000004,53.44938093580626
3548,58.300000000000004,53.48791208791209
3549,58.300000000000004,53.48791208791209
3550,58.300000000000004,53.49172923607311
3551,58.300000000000004,53.54938093580627
3552,58.300000000000004,53.54938093580627
3553,58.300000000000004,53.54938093580627
3554,58.300000000000004,53.58791208791209
3555,58.300000000000004,53.61604760247292
3556,58.300000000000004,53.61604760247292
3557,58.300000000000004,53.74938093580627
3558,58.300000000000004,53.74938093580627
3559,58.300000000000004,53.77445345001905
3560,58.300000000000004,53.81604760247292
3561,58.300000000000004,53.849380935806266
3562,58.300000000000004,53.849380935806266
3563,58.300000000000004,53.849380935806266
3564,58.300000000000004,53.91604760247293
3565,58.300000000000004,54.00888899938674
3566,58.300000000000004,54.019574693782836
3567,58.300000000000004,54.02181780009834
3568,58.300000000000004,54.04938093580627
3569,58.300000000000004,54.04938093580627
3570,58.300000000000004,54.04938093580627
3571,58.300000000000004,54.07445345001905
3572,58.300000000000004,54.07445345001905
3573,58.300000000000004,54.11604760247292
3574,58.300000000000004,54.11604760247292
3575,58.300000000000004,54.11604760247292
3576,58.300000000000004,54.13197752473771
3577,58.300000000000004,54.27445345001905
3578,58.300000000000004,54.27445345001905
3579,58.300000000000004,54.349380935806266
3580,58.300000000000004,54.349380935806266
3581,58.300000000000004,54.349380935806266
3582,58.300000000000004,54.349380935806266
3583,58.300000000000004,54.349380935806266
3584,58.300000000000004,54.349380935806266
3585,58.300000000000004,54.349380935806266
3586,58.300000000000004,54.349380935806266
3587,58.300000000000004,54.349380935806266
3588,58.300000000000004,54.37445345001906
3589,58.300000000000004,54.41604760247293
3590,58.300000000000004,54.41604760247293
3591,58.300000000000004,54.41604760247293
3592,58.300000000000004,54.54938093580627
3593,58.300000000000004,54.63487809324913
3594,58.300000000000004,54.949380935806275
3595,58.300000000000004,54.949380935806275
3596,58.300000000000004,54.974453450019055
3597,58.300000000000004,55.208888999386744
3598,58.300000000000004,55.231977524737715
3599,58.300000000000004,55.231977524737715
3600,58.300000000000004,55.431977524737704
3601,58.300000000000004,55.474453450019055
3602,58.300000000000004,55.53593390018729
3603,58.300000000000004,55.53593390018729
3604,58.300000000000004,55.549380935806255
3605,78.30000000000001,55.549380935806255
3606,78.30000000000001,55.549380935806255
3607,78.30000000000001,55.549380935806255
3608,78.30000000000001,55.549380935806255
3609,78.30000000000001,55.549380935806255
3610,78.30000000000001,55.64938093580628
3611,78.30000000000001,55.64938093580628
3612,78.30000000000001,55.64938093580628
3613,78.30000000000001,55.64938093580628
3614,78.30000000000001,55.716047602472926
3615,78.30000000000001,55.716047602472926
3616,78.30000000000001,55.7319775247377
3617,78.30000000000001,55.74938093580627
3618,78.30000000000001,55.74938093580627
3619,78.30000000000001,55.74938093580627
3620,78.30000000000001,55.74938093580627
3621,78.30000000000001,55.74938093580627
3622,78.30000000000001,55.74938093580627
3623,78.30000000000001,55.74938093580627
3624,78.30000000000001,55.74938093580627
3625,78.30000000000001,55.74938093580627
3626,78.30000000000001,55.74938093580627
3627,78.30000000000001,55.74938093580627
3628,78.30000000000001,55.74938093580627
3629,78.30000000000001,55.74938093580627
3630,78.30000000000001,55.74938093580627
3631,78.30000000000001,55.74938093580627
3632,78.30000000000001,55.74938093580627
3633,78.30000000000001,55.74938093580627
3634,78.30000000000001,55.74938093580627
3635,78.30000000000001,55.74938093580627
3636,78.30000000000001,55.77445345001905
3637,78.30000000000001,55.791729236073124
3638,78.30000000000001,55.8879120879121
3639,78.30000000000001,56.27445345001905
3640,78.30000000000001,56.5319775247377
3641,78.30000000000001,56.63197752473771
3642,78.30000000000001,56.744902458024626
3643,78.30000000000001,56.78791208791209
3644,78.30000000000001,56.87445345001906
3645,78.30000000000001,56.87445345001906
3646,78.30000000000001,56.8879120879121
3647,78.30000000000001,56.935933900187294
3648,78.30000000000001,57.077098768501486
3649,78.30000000000001,57.41604760247293
3650,78.30000000000001,57.53197752473771
3651,78.30000000000001,57.54938093580627
3652,78.30000000000001,57.54938093580627
3653,78.30000000000001,57.54938093580627
3654,78.30000000000001,57.54938093580627
3655,78.30000000000001,57.54938093580627
3656,78.30000000000001,57.57445345001905
3657,78.30000000000001,57.57445345001905
3658,78.30000000000001,57.59172923607312
3659,78.30000000000001,57.61604760247292
3660,78.30000000000001,57.61604760247292
3661,78.30000000000001,57.63487809324913
3662,78.30000000000001,57.63487809324913
3663,78.30000000000001,57.974453450019055
3664,78.30000000000001,57.974453450019055
3665,78.30000000000001,57.974453450019055
3666,78.30000000000001,57.988967894850255
3667,78.30000000000001,58.37445345001906
3668,78.30000000000001,58.3879120879121
3669,78.30000000000001,58.449380935806275
3670,78.30000000000001,58.449380935806275
3671,78.30000000000001,58.449380935806275
3672,78.30000000000001,58.51604760247292
3673,78.30000000000001,58.51604760247292
3674,78.30000000000001,58.608888999386735
3675,78.30000000000001,58.608888999386735
3676,78.30000000000001,58.66654069911989
3677,78.30000000000001,59.13197752473771
3678,78.30000000000001,59.27445345001905
3679,78.30000000000001,59.27445345001905
3680,78.30000000000001,59.37445345001906
3681,78.30000000000001,59.37445345001906
3682,78.30000000000001,59.431977524737704
3683,78.30000000000001,59.474453450019055
3684,78.30000000000001,59.474453450019055
3685,78.30000000000001,59.54938093580627
3686,78.30000000000001,59.54938093580627
3687,78.30000000000001,59.54938093580627
3688,78.30000000000001,59.54938093580627
3689,78.30000000000001,59.54938093580627
3690,78.30000000000001,59.54938093580627
3691,78.30000000000001,59.54938093580627
3692,78.30000000000001,59.54938093580627
3693,78.30000000000001,59.54938093580627
3694,78.30000000000001,59.54938093580627
3695,78.30000000000001,59.54938093580627
3696,78.30000000000001,59.54938093580627
3697,78.30000000000001,59.54938093580627
3698,78.30000000000001,59.54938093580627
3699,78.30000000000001,59.57445345001905
3700,78.30000000000001,59.57445345001905
3701,78.30000000000001,59.574453450019064
3702,78.30000000000001,59.59172923607312
3703,78.30000000000001,59.67445345001906
3704,78.30000000000001,59.731977524737715
3705,78.30000000000001,59.849380935806266
3706,78.30000000000001,59.849380935806266
3707,78.30000000000001,59.849380935806266
3708,78.30000000000001,59.91604760247293
3709,78.30000000000001,59.94938093580626
3710,78.30000000000001,59.94938093580626
3711,78.30000000000001,59.94938093580626
3712,78.30000000000001,59.94938093580626
3713,78.30000000000001,59.94938093580626
3714,78.30000000000001,59.94938093580626
3715,78.30000000000001,59.94938093580626
3716,78.30000000000001,59.94938093580626
3717,78.30000000000001,59.949380935806275
3718,78.30000000000001,59.949380935806275
3719,78.30000000000001,59.949380935806275
3720,78.30000000000001,59.949380935806275
3721,78.30000000000001,59.949380935806275
3722,78.30000000000001,59.949380935806275
3723,78.30000000000001,59.949380935806275
3724,78.30000000000001,60.074453450019064
3725,81.30000000000001,60.17445345001906
3726,81.30000000000001,60.23593390018729
3727,81.30000000000001,60.349380935806266
3728,81.30000000000001,60.349380935806266
3729,81.30000000000001,60.41604760247293
3730,81.30000000000001,60.41604760247293
3731,81.30000000000001,60.449380935806275
3732,81.30000000000001,60.51604760247292
3733,81.30000000000001,60.57445345001905
3734,81.30000000000001,60.57445345001905
3735,81.30000000000001,60.77445345001907
3736,81.30000000000001,60.87445345001906
3737,81.30000000000001,61.265616384620905
3738,81.30000000000001,61.33197752473771
3739,81.30000000000001,61.474453450019055
3740,81.30000000000001,61.474453450019055
3741,81.30000000000001,61.48791208791209
3742,81.30000000000001,61.674453450019044
3743,81.30000000000001,61.674453450019044
3744,81.30000000000001,61.87445345001906
3745,81.30000000000001,62.231977524737715
3746,81.30000000000001,62.44112011668571
3747,81.30000000000001,62.449380935806275
3748,81.30000000000001,62.449380935806275
3749,81.30000000000001,62.574453450019064
3750,81.30000000000001,62.74938093580627
3751,81.30000000000001,62.74938093580627
3752,81.30000000000001,62.74938093580627
3753,81.30000000000001,62.74938093580627
3754,81.30000000000001,62.74938093580627
3755,81.30000000000001,62.74938093580627
3756,81.30000000000001,62.74938093580627
3757,81.30000000000001,62.74938093580627
3758,81.30000000000001,62.74938093580627
3759,81.30000000000001,62.791729236073124
3760,81.30000000000001,62.849380935806266
3761,81.30000000000001,62.849380935806266
3762,81.30000000000001,62.87445345001906
3763,81.30000000000001,62.91604760247293
3764,81.30000000000001,62.91604760247293
3765,81.30000000000001,62.91604760247293
3766,81.30000000000001,62.95839590273978
3767,81.30000000000001,63.474453450019055
3768,81.30000000000001,63.731977524737715
3769,81.30000000000001,63.77445345001907
3770,81.30000000000001,64.07445345001905
3771,81.30000000000001,64.07445345001905
3772,81.30000000000001,64.23197752473772
3773,81.30000000000001,64.24938093580627
3774,81.30000000000001,64.24938093580627
3775,81.30000000000001,64.27445345001907
3776,81.30000000000001,64.31604760247292
3777,81.30000000000001,64.34938093580627
3778,81.30000000000001,64.34938093580627
3779,81.30000000000001,64.34938093580627
3780,81.30000000000001,64.34938093580627
3781,81.30000000000001,64.34938093580627
3782,81.30000000000001,64.34938093580627
3783,81.30000000000001,64.34938093580627
3784,81.30000000000001,64.34938093580627
3785,81.30000000000001,64.35915005055278
3786,81.30000000000001,64.37445345001906
3787,81.30000000000001,64.37445345001906
3788,81.30000000000001,64.41604760247293
3789,81.30000000000001,64.41604760247293
3790,81.30000000000001,64.41604760247293
3791,81.30000000000001,64.41604760247293
3792,81.30000000000001,64.41604760247293
3793,81.30000000000001,64.41604760247293
3794,81.30000000000001,64.41604760247293
3795,81.30000000000001,64.41604760247293
3796,81.30000000000001,64.44938093580627
3797,81.30000000000001,64.44938093580627
3798,81.30000000000001,64.44938093580627
3799,81.30000000000001,64.44938093580627
3800,81.30000000000001,64.44938093580627
3801,81.30000000000001,64.44938093580627
3802,81.30000000000001,64.44938093580627
3803,81.30000000000001,64.45839590273978
3804,81.30000000000001,64.51604760247292
3805,81.30000000000001,64.51604760247292
3806,81.30000000000001,64.51604760247292
3807,81.30000000000001,64.51604760247292
3808,81.30000000000001,64.51604760247292
3809,81.30000000000001,64.51604760247292
3810,81.30000000000001,64.51604760247292
3811,81.30000000000001,64.54938093580627
3812,81.30000000000001,64.54938093580627
3813,81.30000000000001,64.61604760247292
3814,81.30000000000001,64.61604760247292
3815,81.30000000000001,64.61604760247292
3816,81.30000000000001,64.61604760247292
3817,81.30000000000001,64.67445345001906
3818,81.30000000000001,65.04938093580627
3819,81.30000000000001,65.04938093580627
3820,81.30000000000001,65.04938093580627
3821,81.30000000000001,65.04938093580627
3822,81.30000000000001,65.11604760247292
3823,81.30000000000001,65.11604760247292
3824,81.30000000000001,65.34112011668572
3825,81.30000000000001,65.44938093580627
3826,81.30000000000001,65.44938093580627
3827,81.30000000000001,65.44938093580627
3828,81.30000000000001,65.44938093580627
3829,81.30000000000001,65.44938093580627
3830,81.30000000000001,65.47445345001906
3831,81.30000000000001,65.47445345001906
3832,81.30000000000001,65.47445345001906
3833,81.30000000000001,65.4879120879121
3834,81.30000000000001,65.64112011668571
3835,81.30000000000001,65.9207619931602
3836,81.30000000000001,66.07445345001906
3837,81.30000000000001,66.07445345001906
3838,81.30000000000001,66.14938093580628
3839,81.30000000000001,66.14938093580628
3840,81.30000000000001,66.14938093580628
3841,81.30000000000001,66.14938093580628
3842,81.30000000000001,66.14938093580628
3843,81.30000000000001,66.21604760247293
3844,81.30000000000001,66.21604760247293
3845,81.30000000000001,66.34938093580627
3846,81.30000000000001,66.34938093580627
3847,81.30000000000001,66.34938093580627
3848,81.30000000000001,66.34938093580627
3849,81.30000000000001,66.39172923607312
3850,81.30000000000001,66.41604760247293
3851,81.30000000000001,66.42076199316017
3852,81.30000000000001,66.44938093580627
3853,81.30000000000001,66.44938093580627
3854,81.30000000000001,66.44938093580627
3855,81.30000000000001,66.44938093580627
3856,81.30000000000001,66.51604760247292
3857,81.30000000000001,66.51604760247292
3858,81.30000000000001,66.93487809324914
3859,81.30000000000001,67.03487809324913
3860,81.30000000000001,67.28791208791209
3861,81.30000000000001,67.4319775247377
3862,81.30000000000001,67.53593390018729
3863,81.30000000000001,67.58791208791209
3864,81.30000000000001,67.7053271012547
3865,81.30000000000001,67.74938093580627
3866,81.30000000000001,67.74938093580627
3867,81.30000000000001,67.74938093580627
3868,81.30000000000001,67.74938093580627
3869,81.30000000000001,67.74938093580627
3870,81.30000000000001,67.74938093580627
3871,81.30000000000001,67.74938093580627
3872,81.30000000000001,67.74938093580627
3873,81.30000000000001,67.74938093580627
3874,81.30000000000001,67.84938093580627
3875,81.30000000000001,67.91604760247293
3876,81.30000000000001,67.91604760247293
3877,81.30000000000001,67.94112011668571
3878,81.30000000000001,67.95457875457875
3879,81.30000000000001,68.17445345001906
3880,81.30000000000001,68.17445345001906
3881,81.30000000000001,68.47445345001906
3882,81.30000000000001,68.67445345001904
3883,81.30000000000001,68.73487809324914
3884,81.30000000000001,68.8359339001873
3885,81.30000000000001,68.87445345001906
3886,81.30000000000001,68.87445345001906
3887,81.30000000000001,68.94112011668571
3888,81.30000000000001,68.94938093580627
3889,81.30000000000001,68.94938093580627
3890,81.30000000000001,68.94938093580627
3891,81.30000000000001,69.01604760247292
3892,81.30000000000001,69.06654069911988
3893,81.30000000000001,69.0879120879121
3894,81.30000000000001,69.17445345001906
3895,81.30000000000001,69.17445345001906
3896,81.30000000000001,69.22076199316018
3897,81.30000000000001,69.34938093580627
3898,81.30000000000001,69.62181780009834
3899,81.30000000000001,69.70888899938674
3900,81.30000000000001,69.83197752473771
3901,81.30000000000001,69.83487809324913
3902,81.30000000000001,70.40154475991578
3903,81.30000000000001,70.47445345001906
3904,81.30000000000001,70.47445345001906
3905,81.30000000000001,70.47445345001906
3906,81.30000000000001,70.47445345001906
3907,81.30000000000001,70.47445345001906
3908,81.30000000000001,70.54938093580627
3909,81.30000000000001,70.54938093580627
3910,81.30000000000001,70.54938093580627
3911,81.30000000000001,70.54938093580627
3912,81.30000000000001,70.54938093580627
3913,81.30000000000001,70.54938093580628
3914,81.30000000000001,70.54938093580628
3915,81.30000000000001,70.54938093580628
3916,81.30000000000001,70.54938093580628
3917,81.30000000000001,70.54938093580628
3918,81.30000000000001,70.54938093580628
3919,81.30000000000001,70.54938093580628
3920,81.30000000000001,70.57445345001906
3921,81.30000000000001,70.57445345001906
3922,81.30000000000001,70.64938093580626
3923,81.30000000000001,70.84938093580627
3924,81.30000000000001,70.91604760247293
3925,81.30000000000001,70.91604760247293
3926,81.30000000000001,70.91604760247293
3927,81.30000000000001,71.35457875457875
3928,81.30000000000001,71.47445345001906
3929,81.30000000000001,71.47445345001906
3930,81.30000000000001,71.47445345001906
3931,81.30000000000001,71.57445345001905
3932,81.30000000000001,71.57445345001905
3933,81.30000000000001,71.57445345001905
3934,81.30000000000001,71.57445345001905
3935,81.30000000000001,71.67445345001906
3936,81.30000000000001,72.33197752473771
3937,81.30000000000001,72.47445345001906
3938,81.30000000000001,72.47445345001906
3939,81.30000000000001,72.50888899938674
3940,81.30000000000001,72.64938093580626
3941,81.30000000000001,72.64938093580626
3942,81.30000000000001,72.67445345001906
3943,81.30000000000001,72.67445345001906
3944,81.30000000000001,72.68791208791208
3945,81.30000000000001,72.6879120879121
3946,81.30000000000001,72.83487809324913
3947,81.30000000000001,72.93487809324914
3948,81.30000000000001,73.00154475991579
3949,81.30000000000001,73.07445345001906
3950,81.30000000000001,73.34938093580627
3951,81.30000000000001,73.34938093580627
3952,81.30000000000001,73.41604760247293
3953,81.30000000000001,73.41604760247293
3954,81.30000000000001,73.41604760247293
3955,81.30000000000001,73.41604760247293
3956,81.30000000000001,73.41604760247293
3957,81.30000000000001,73.41604760247293
3958,81.30000000000001,73.41604760247293
3959,81.30000000000001,73.41604760247293
3960,81.30000000000001,73.77445345001907
3961,81.30000000000001,73.80888899938674
3962,81.30000000000001,73.84112011668572
3963,81.30000000000001,73.87445345001906
3964,81.30000000000001,73.87445345001906
3965,81.30000000000001,73.87445345001906
3966,81.30000000000001,73.87445345001906
3967,81.30000000000001,73.87445345001906
3968,81.30000000000001,74.23197752473772
3969,81.30000000000001,74.23197752473772
3970,81.30000000000001,74.33487809324913
3971,81.30000000000001,74.40260056685395
3972,81.30000000000001,74.6879120879121
3973,81.30000000000001,75.53487809324913
3974,81.30000000000001,75.67445345001906
3975,81.30000000000001,76.23197752473772
3976,81.30000000000001,76.34938093580627
3977,81.30000000000001,76.34938093580627
3978,81.30000000000001,76.34938093580627
3979,81.30000000000001,76.34938093580627
3980,81.30000000000001,76.34938093580627
3981,81.30000000000001,76.34938093580627
3982,81.30000000000001,76.34938093580627
3983,81.30000000000001,76.34938093580627
3984,81.30000000000001,76.34938093580627
3985,81.30000000000001,76.41604760247293
3986,81.30000000000001,76.41604760247293
3987,81.30000000000001,76.41604760247293
3988,81.30000000000001,76.44938093580626
3989,81.30000000000001,76.44938093580626
3990,81.30000000000001,76.44938093580626
3991,81.30000000000001,76.44938093580627
3992,81.30000000000001,76.44938093580627
3993,81.30000000000001,76.44938093580627
3994,81.30000000000001,76.44938093580627
3995,81.30000000000001,76.44938093580627
3996,81.30000000000001,76.44938093580627
3997,81.30000000000001,76.44938093580627
3998,81.30000000000001,76.51604760247292
3999,81.30000000000001,76.51604760247292
4000,81.30000000000001,76.51604760247292
4001,81.30000000000001,76.51604760247292
4002,81.30000000000001,76.51604760247292
4003,81.30000000000001,76.51604760247292
4004,81.30000000000001,76.51604760247292
4005,81.30000000000001,76.51604760247292
4006,81.30000000000001,76.51604760247292
4007,81.30000000000001,76.5879120879121
4008,81.30000000000001,76.8879120879121
4009,81.30000000000001,76.95457875457875
4010,81.30000000000001,77.33487809324913
4011,81.30000000000001,77.58896789485024
4012,81.30000000000001,77.67445345001906
4013,81.30000000000001,77.67445345001906
4014,81.30000000000001,77.67445345001906
4015,81.30000000000001,77.67445345001906
4016,81.30000000000001,77.6879120879121
4017,81.30000000000001,77.73197752473772
4018,81.30000000000001,78.34938093580627
4019,81.30000000000001,78.43487809324913
4020,81.30000000000001,78.44938093580626
4021,81.30000000000001,78.44938093580626
4022,81.30000000000001,78.55457875457876
4023,81.30000000000001,78.57445345001906
4024,81.30000000000001,78.57445345001906
4025,81.30000000000001,78.74938093580627
4026,81.30000000000001,78.74938093580627
4027,81.30000000000001,78.74938093580627
4028,81.30000000000001,78.74938093580627
4029,81.30000000000001,78.74938093580627
4030,81.30000000000001,78.74938093580627
4031,81.30000000000001,78.74938093580627
4032,81.30000000000001,78.74938093580627
4033,81.30000000000001,78.74938093580627
4034,81.30000000000001,78.74938093580627
4035,81.30000000000001,78.74938093580627
4036,81.30000000000001,78.79172923607312
4037,81.30000000000001,78.81604760247292
4038,81.30000000000001,78.81604760247292
4039,81.30000000000001,78.81604760247292
4040,81.30000000000001,78.81604760247292
4041,81.30000000000001,78.81604760247292
4042,81.30000000000001,78.81604760247292
4043,81.30000000000001,78.81604760247292
4044,81.30000000000001,78.81604760247292
4045,81.30000000000001,78.81604760247292
4046,81.30000000000001,78.81604760247292
4047,81.30000000000001,78.81604760247292
4048,81.30000000000001,78.81604760247292
4049,81.30000000000001,79.24649196956891
4050,81.30000000000001,79.53593390018729
4051,81.30000000000001,79.7879120879121
4052,81.30000000000001,79.85457875457875
4053,81.30000000000001,80.14938093580628
4054,81.36666666666666,80.24938093580627
4055,81.36666666666666,80.29172923607312
4056,81.36666666666666,80.39864419140437
4057,81.36666666666666,80.57445345001906
4058,81.36666666666666,80.57445345001906
4059,81.36666666666666,80.64112011668571
4060,81.36666666666666,80.87445345001906
4061,81.36666666666666,80.87445345001906
4062,81.36666666666666,80.87445345001906
4063,81.36666666666666,81.04112011668572
4064,81.36666666666666,81.36666666666666
4065,81.36666666666666,81.36666666666666
4066,81.36666666666666,81.36666666666666
4067,81.36666666666666,81.36666666666666
4068,81.36666666666666,81.36666666666666
4069,81.36666666666666,81.36666666666666
4070,81.36666666666666,81.36666666666666
4071,81.36666666666666,81.36666666666666
4072,81.36666666666666,81.36666666666666
4073,81.36666666666666,81.36666666666666
4074,81.36666666666666,81.36666666666666
4075,81.36666666666666,81.36666666666666
4076,81.36666666666666,81.36666666666666
4077,81.36666666666666,81.36666666666666
4078,81.36666666666666,81.36666666666666
4079,81.36666666666666,81.36666666666666
4080,81.36666666666666,81.36666666666666
4081,81.36666666666666,81.36666666666666
4082,81.36666666666666,81.36666666666666
4083,81.36666666666666,81.36666666666666
4084,81.36666666666666,81.36666666666666
4085,81.36666666666666,81.36666666666666
4086,81.36666666666666,81.36666666666666
4087,81.36666666666666,81.36666666666666
4088,81.36666666666666,81.36666666666666
4089,81.36666666666666,81.36666666666666
4090,81.36666666666666,81.36666666666666
4091,81.36666666666666,81.36666666666666
4092,81.36666666666666,81.36666666666666
4093,81.36666666666666,81.36666666666666
4094,81.36666666666666,81.36666666666666
4095,81.36666666666666,81.36666666666666
4096,81.36666666666666,81.36666666666666
4097,81.36666666666666,81.36666666666666
4098,81.36666666666666,81.36666666666666
4099,81.36666666666666,81.36666666666666
4100,81.36666666666666,81.36666666666666
4101,81.36666666666666,81.36666666666666
4102,81.36666666666666,81.36666666666666
4103,81.36666666666666,81.36666666666666
4104,81.36666666666666,81.36666666666666
4105,81.36666666666666,81.36666666666666
4106,81.36666666666666,81.36666666666666
4107,81.36666666666666,81.36666666666666
4108,81.36666666666666,81.36666666666666
4109,81.36666666666666,81.36666666666666
4110,81.36666666666666,81.36666666666666
4111,81.36666666666666,81.36666666666666
4112,81.36666666666666,81.36666666666666
4113,81.36666666666666,81.36666666666666
4114,81.36666666666666,81.36666666666666
4115,81.36666666666666,81.36666666666666
4116,81.36666666666666,81.36666666666666
4117,81.36666666666666,81.36666666666666
4118,81.36666666666666,81.36666666666666
4119,81.36666666666666,81.36666666666666
4120,81.36666666666666,81.36666666666666
4121,81.36666666666666,81.36666666666666
4122,81.36666666666666,81.36666666666666
4123,81.36666666666666,81.36666666666666
4124,81.36666666666666,81.36666666666666
4125,81.36666666666666,81.36666666666666
4126,81.36666666666666,81.36666666666666
4127,81.36666666666666,81.36666666666666
4128,81.36666666666666,81.36666666666666
4129,81.36666666666666,81.36666666666666
4130,81.36666666666666,81.36666666666666
4131,81.36666666666666,81.36666666666666
4132,81.36666666666666,81.36666666666666
4133,81.36666666666666,81.36666666666666
4134,81.36666666666666,81.36666666666666
4135,81.36666666666666,81.36666666666666
4136,81.36666666666666,81.36666666666666
4137,81.36666666666666,81.36666666666666
4138,81.36666666666666,81.36666666666666
4139,81.36666666666666,81.36666666666666
4140,81.36666666666666,81.36666666666666
4141,81.36666666666666,81.36666666666666
4142,81.36666666666666,81.36666666666666
4143,81.36666666666666,81.36666666666666
4144,81.36666666666666,81.36666666666666
4145,81.36666666666666,81.36666666666666
4146,81.36666666666666,81.36666666666666
4147,81.36666666666666,81.36666666666666
4148,81.36666666666666,81.36666666666666
4149,81.36666666666666,81.36666666666666
4150,81.36666666666666,81.36666666666666
4151,81.36666666666666,81.36666666666666
4152,81.36666666666666,81.36666666666666
4153,81.36666666666666,81.36666666666666
4154,81.36666666666666,81.36666666666666
4155,81.36666666666666,81.36666666666666
4156,81.36666666666666,81.36666666666666
4157,81.36666666666666,81.36666666666666
4158,81.36666666666666,81.36666666666666
4159,81.36666666666666,81.36666666666666
4160,81.36666666666666,81.36666666666666
4161,81.36666666666666,81.36666666666666
4162,81.36666666666666,81.36666666666666
4163,81.36666666666666,81.36666666666666
4164,81.36666666666666,81.36666666666666
4165,81.36666666666666,81.36666666666666
4166,81.36666666666666,81.36666666666666
4167,81.36666666666666,81.36666666666666
4168,81.36666666666666,81.36666666666666
4169,81.36666666666666,81.36666666666666
4170,81.36666666666666,81.36666666666666
4171,81.36666666666666,81.36666666666666
4172,81.36666666666666,81.36666666666666
4173,81.36666666666666,81.36666666666666
4174,81.36666666666666,81.36666666666666
4175,81.36666666666666,81.36666666666666
4176,81.36666666666666,81.36666666666666
4177,81.36666666666666,81.36666666666666
4178,81.36666666666666,81.36666666666666
4179,81.36666666666666,81.36666666666666
4180,81.36666666666666,81.36666666666666
4181,81.36666666666666,81.36666666666666
4182,81.36666666666666,81.36666666666666
4183,81.36666666666666,81.36666666666666
4184,81.36666666666666,81.36666666666666
4185,81.36666666666666,81.36666666666666
4186,81.36666666666666,81.36666666666666
4187,81.36666666666666,81.36666666666666
4188,81.36666666666666,81.36666666666666
4189,81.36666666666666,81.36666666666666
4190,81.36666666666666,81.36666666666666
4191,81.36666666666666,81.36666666666666
4192,81.36666666666666,81.36666666666666
4193,81.36666666666666,81.36666666666666
4194,81.36666666666666,81.36666666666666
4195,81.36666666666666,81.36666666666666
4196,81.36666666666666,81.36666666666666
4197,81.36666666666666,81.36666666666666
4198,81.36666666666666,81.36666666666666
4199,81.36666666666666,81.36666666666666
4200,81.36666666666666,81.36666666666666
4201,81.36666666666666,81.36666666666666
4202,81.36666666666666,81.36666666666666
4203,81.36666666666666,81.36666666666666
4204,81.36666666666666,81.36666666666666
4205,81.36666666666666,81.36666666666666
4206,81.36666666666666,81.36666666666666
4207,81.36666666666666,81.36666666666666
4208,81.36666666666666,81.36666666666666
4209,81.36666666666666,81.36666666666666
4210,81.36666666666666,81.36666666666666
4211,81.36666666666666,81.36666666666666
4212,81.36666666666666,81.36666666666666
4213,81.36666666666666,81.36666666666666
4214,81.36666666666666,81.36666666666666
4215,81.36666666666666,81.36666666666666
4216,81.36666666666666,81.36666666666666
4217,81.36666666666666,81.36666666666666
4218,81.36666666666666,81.36666666666666
4219,81.36666666666666,81.36666666666666
4220,81.36666666666666,81.36666666666666
4221,81.36666666666666,81.36666666666666
4222,81.36666666666666,81.36666666666666
4223,81.36666666666666,81.36666666666666
4224,81.36666666666666,81.36666666666666
4225,81.36666666666666,81.36666666666666
4226,81.36666666666666,81.36666666666666
4227,81.36666666666666,81.36666666666666
4228,81.36666666666666,81.36666666666666
4229,81.36666666666666,81.36666666666666
4230,81.36666666666666,81.36666666666666
4231,81.36666666666666,81.36666666666666
4232,81.36666666666666,81.36666666666666
4233,81.36666666666666,81.36666666666666
4234,81.36666666666666,81.36666666666666
4235,81.36666666666666,81.36666666666666
4236,81.36666666666666,81.36666666666666
4237,81.36666666666666,81.36666666666666
4238,81.36666666666666,81.36666666666666
4239,81.36666666666666,81.36666666666666
4240,81.36666666666666,81.36666666666666
4241,81.36666666666666,81.36666666666666
4242,81.36666666666666,81.36666666666666
4243,81.36666666666666,81.36666666666666
4244,81.36666666666666,81.36666666666666
4245,81.36666666666666,81.36666666666666
4246,81.36666666666666,81.36666666666666
4247,81.36666666666666,81.36666666666666
4248,81.36666666666666,81.36666666666666
4249,81.36666666666666,81.36666666666666
4250,81.36666666666666,81.36666666666666
4251,81.36666666666666,81.36666666666666
4252,81.36666666666666,81.36666666666666
4253,81.36666666666666,81.36666666666666
4254,81.36666666666666,81.36666666666666
4255,81.36666666666666,81.36666666666666
4256,81.36666666666666,81.36666666666666
4257,81.36666666666666,81.36666666666666
4258,81.36666666666666,81.36666666666666
4259,81.36666666666666,81.36666666666666
4260,81.36666666666666,81.36666666666666
4261,81.36666666666666,81.36666666666666
4262,81.36666666666666,81.36666666666666
4263,81.36666666666666,81.36666666666666
4264,81.36666666666666,81.36666666666666
4265,81.36666666666666,81.36666666666666
4266,81.36666666666666,81.36666666666666
4267,81.36666666666666,81.36666666666666
4268,81.36666666666666,81.36666666666666
4269,81.36666666666666,81.36666666666666
4270,81.36666666666666,81.36666666666666
4271,81.36666666666666,81.36666666666666
4272,81.36666666666666,81.36666666666666
4273,81.36666666666666,81.36666666666666
4274,81.36666666666666,81.36666666666666
4275,81.36666666666666,81.36666666666666
4276,81.36666666666666,81.36666666666666
4277,81.36666666666666,81.36666666666666
4278,81.36666666666666,81.36666666666666
4279,81.36666666666666,81.36666666666666
4280,81.36666666666666,81.36666666666666
4281,81.36666666666666,81.36666666666666
4282,81.36666666666666,81.36666666666666
4283,81.36666666666666,81.36666666666666
4284,81.36666666666666,81.36666666666666
4285,81.36666666666666,81.36666666666666
4286,81.36666666666666,81.36666666666666
4287,81.36666666666666,81.36666666666666
4288,81.36666666666666,81.36666666666666
4289,81.36666666666666,81.36666666666666
4290,81.36666666666666,81.36666666666666
4291,81.36666666666666,81.36666666666666
4292,81.36666666666666,81.36666666666666
4293,81.36666666666666,81.36666666666666
4294,81.36666666666666,81.36666666666666
4295,81.36666666666666,81.36666666666666
4296,81.36666666666666,81.36666666666666
4297,81.36666666666666,81.36666666666666
4298,81.36666666666666,81.36666666666666
4299,81.36666666666666,81.36666666666666
4300,81.36666666666666,81.36666666666666
4301,81.36666666666666,81.36666666666666
4302,81.36666666666666,81.36666666666666
4303,81.36666666666666,81.36666666666666
4304,81.36666666666666,81.36666666666666
4305,81.36666666666666,81.36666666666666
4306,81.36666666666666,81.36666666666666
4307,81.36666666666666,81.36666666666666
4308,81.36666666666666,81.36666666666666
4309,81.36666666666666,81.36666666666666
4310,81.36666666666666,81.36666666666666
4311,81.36666666666666,81.36666666666666
4312,81.36666666666666,81.36666666666666
4313,81.36666666666666,81.36666666666666
4314,81.36666666666666,81.36666666666666
4315,81.36666666666666,81.36666666666666
4316,81.36666666666666,81.36666666666666
4317,81.36666666666666,81.36666666666666
4318,81.36666666666666,81.36666666666666
4319,81.36666666666666,81.36666666666666
4320,81.36666666666666,81.36666666666666
4321,81.36666666666666,81.36666666666666
4322,81.36666666666666,81.36666666666666
4323,81.36666666666666,81.36666666666666
4324,81.36666666666666,81.36666666666666
4325,81.36666666666666,81.36666666666666
4326,81.36666666666666,81.36666666666666
4327,81.36666666666666,81.36666666666666
4328,81.36666666666666,81.36666666666666
4329,81.36666666666666,81.36666666666666
4330,81.36666666666666,81.36666666666666
4331,81.36666666666666,81.36666666666666
4332,81.36666666666666,81.36666666666666
4333,81.36666666666666,81.36666666666666
4334,81.36666666666666,81.36666666666666
4335,81.36666666666666,81.36666666666666
4336,81.36666666666666,81.36666666666666
4337,81.36666666666666,81.36666666666666
4338,81.36666666666666,81.36666666666666
4339,81.36666666666666,81.36666666666666
4340,81.36666666666666,81.36666666666666
4341,81.36666666666666,81.36666666666666
4342,81.36666666666666,81.36666666666666
4343,81.36666666666666,81.36666666666666
4344,81.36666666666666,81.36666666666666
4345,81.36666666666666,81.36666666666666
4346,81.36666666666666,81.36666666666666
4347,81.36666666666666,81.36666666666666
4348,81.36666666666666,81.36666666666666
4349,81.36666666666666,81.36666666666666
4350,81.36666666666666,81.36666666666666
4351,81.36666666666666,81.36666666666666
4352,81.36666666666666,81.36666666666666
4353,81.36666666666666,81.36666666666666
4354,81.36666666666666,81.36666666666666
4355,81.36666666666666,81.36666666666666
4356,81.36666666666666,81.36666666666666
4357,81.36666666666666,81.36666666666666
4358,81.36666666666666,81.36666666666666
4359,81.36666666666666,81.36666666666666
4360,81.36666666666666,81.36666666666666
4361,81.36666666666666,81.36666666666666
4362,81.36666666666666,81.36666666666666
4363,81.36666666666666,81.36666666666666
4364,81.36666666666666,81.36666666666666
4365,81.36666666666666,81.36666666666666
4366,81.36666666666666,81.36666666666666
4367,81.36666666666666,81.36666666666666
4368,81.36666666666666,81.36666666666666
4369,81.36666666666666,81.36666666666666
4370,81.36666666666666,81.36666666666666
4371,81.36666666666666,81.36666666666666
4372,81.36666666666666,81.36666666666666
4373,81.36666666666666,81.36666666666666
4374,81.36666666666666,81.36666666666666
4375,81.36666666666666,81.36666666666666
4376,81.36666666666666,81.36666666666666
4377,81.36666666666666,81.36666666666666
4378,81.36666666666666,81.36666666666666
4379,81.36666666666666,81.36666666666666
4380,81.36666666666666,81.36666666666666
4381,81.36666666666666,81.36666666666666
4382,81.36666666666666,81.36666666666666
4383,81.36666666666666,81.36666666666666
4384,81.36666666666666,81.36666666666666
4385,81.36666666666666,81.36666666666666
4386,81.36666666666666,81.36666666666666
4387,81.36666666666666,81.36666666666666
4388,81.36666666666666,81.36666666666666
4389,81.36666666666666,81.36666666666666
4390,81.36666666666666,81.36666666666666
4391,81.36666666666666,81.36666666666666
4392,81.36666666666666,81.36666666666666
4393,81.36666666666666,81.36666666666666
4394,81.36666666666666,81.36666666666666
4395,81.36666666666666,81.36666666666666
4396,81.36666666666666,81.36666666666666
4397,81.36666666666666,81.36666666666666
4398,81.36666666666666,81.36666666666666
4399,81.36666666666666,81.36666666666666
4400,81.36666666666666,81.36666666666666
4401,81.36666666666666,81.36666666666666
4402,81.36666666666666,81.36666666666666
4403,81.36666666666666,81.36666666666666
4404,81.36666666666666,81.36666666666666
4405,81.36666666666666,81.36666666666666
4406,81.36666666666666,81.36666666666666
4407,81.36666666666666,81.36666666666666
4408,81.36666666666666,81.36666666666666
4409,81.36666666666666,81.36666666666666
4410,81.36666666666666,81.36666666666666
4411,81.36666666666666,81.36666666666666
4412,81.36666666666666,81.36666666666666
4413,81.36666666666666,81.36666666666666
4414,81.36666666666666,81.36666666666666
4415,81.36666666666666,81.36666666666666
4416,81.36666666666666,81.36666666666666
4417,81.36666666666666,81.36666666666666
4418,81.36666666666666,81.36666666666666
4419,81.36666666666666,81.36666666666666
4420,81.36666666666666,81.36666666666666
4421,81.36666666666666,81.36666666666666
4422,81.36666666666666,81.36666666666666
4423,81.36666666666666,81.36666666666666
4424,81.36666666666666,81.36666666666666
4425,81.36666666666666,81.36666666666666
4426,81.36666666666666,81.36666666666666
4427,81.36666666666666,81.36666666666666
4428,81.36666666666666,81.36666666666666
4429,81.36666666666666,81.36666666666666
4430,81.36666666666666,81.36666666666666
4431,81.36666666666666,81.36666666666666
4432,81.36666666666666,81.36666666666666
4433,81.36666666666666,81.36666666666666
4434,81.36666666666666,81.36666666666666
4435,81.36666666666666,81.36666666666666
4436,81.36666666666666,81.36666666666666
4437,81.36666666666666,81.36666666666666
4438,81.36666666666666,81.36666666666666
4439,81.36666666666666,81.36666666666666
4440,81.36666666666666,81.36666666666666
4441,81.36666666666666,81.36666666666666
4442,81.36666666666666,81.36666666666666
4443,81.36666666666666,81.36666666666666
4444,81.36666666666666,81.36666666666666
4445,81.36666666666666,81.36666666666666
4446,81.36666666666666,81.36666666666666
4447,81.36666666666666,81.36666666666666
4448,81.36666666666666,81.36666666666666
4449,81.36666666666666,81.36666666666666
4450,81.36666666666666,81.36666666666666
4451,81.36666666666666,81.36666666666666
4452,81.36666666666666,81.36666666666666
4453,81.36666666666666,81.36666666666666
4454,81.36666666666666,81.36666666666666
4455,81.36666666666666,81.36666666666666
4456,81.36666666666666,81.36666666666666
4457,81.36666666666666,81.36666666666666
4458,81.36666666666666,81.36666666666666
4459,81.36666666666666,81.36666666666666
4460,81.36666666666666,81.36666666666666
4461,81.36666666666666,81.36666666666666
4462,81.36666666666666,81.36666666666666
4463,81.36666666666666,81.36666666666666
4464,81.36666666666666,81.36666666666666
4465,81.36666666666666,81.36666666666666
4466,81.36666666666666,81.36666666666666
4467,81.36666666666666,81.36666666666666
4468,81.36666666666666,81.36666666666666
4469,81.36666666666666,81.36666666666666
4470,81.36666666666666,81.36666666666666
4471,81.36666666666666,81.36666666666666
4472,81.36666666666666,81.36666666666666
4473,81.36666666666666,81.36666666666666
4474,81.36666666666666,81.36666666666666
4475,81.36666666666666,81.36666666666666
4476,81.36666666666666,81.36666666666666
4477,81.36666666666666,81.36666666666666
4478,81.36666666666666,81.36666666666666
4479,81.36666666666666,81.36666666666666
4480,81.36666666666666,81.36666666666666
4481,81.36666666666666,81.36666666666666
4482,81.36666666666666,81.36666666666666
4483,81.36666666666666,81.36666666666666
4484,81.36666666666666,81.36666666666666
4485,81.36666666666666,81.36666666666666
4486,81.36666666666666,81.36666666666666
4487,81.36666666666666,81.36666666666666
4488,81.36666666666666,81.36666666666666
4489,81.36666666666666,81.36666666666666
4490,81.36666666666666,81.36666666666666
4491,81.36666666666666,81.36666666666666
4492,81.36666666666666,81.36666666666666
4493,81.36666666666666,81.36666666666666
4494,81.36666666666666,81.36666666666666
4495,81.36666666666666,81.36666666666666
4496,81.36666666666666,81.36666666666666
4497,81.36666666666666,81.36666666666666
4498,81.36666666666666,81.36666666666666
4499,81.36666666666666,81.36666666666666
4500,81.36666666666666,81.36666666666666
4501,81.36666666666666,81.36666666666666
4502,81.36666666666666,81.36666666666666
4503,81.36666666666666,81.36666666666666
4504,81.36666666666666,81.36666666666666
4505,81.36666666666666,81.36666666666666
4506,81.36666666666666,81.36666666666666
4507,81.36666666666666,81.36666666666666
4508,81.36666666666666,81.36666666666666
4509,81.36666666666666,81.36666666666666
4510,81.36666666666666,81.36666666666666
4511,81.36666666666666,81.36666666666666
4512,81.36666666666666,81.36666666666666
4513,81.36666666666666,81.36666666666666
4514,81.36666666666666,81.36666666666666
4515,81.36666666666666,81.36666666666666
4516,81.36666666666666,81.36666666666666
4517,81.36666666666666,81.36666666666666
4518,81.36666666666666,81.36666666666666
4519,81.36666666666666,81.36666666666666
4520,81.36666666666666,81.36666666666666
4521,81.36666666666666,81.36666666666666
4522,81.36666666666666,81.36666666666666
4523,81.36666666666666,81.36666666666666
4524,81.36666666666666,81.36666666666666
4525,81.36666666666666,81.36666666666666
4526,81.36666666666666,81.36666666666666
4527,81.36666666666666,81.36666666666666
4528,81.36666666666666,81.36666666666666
4529,81.36666666666666,81.36666666666666
4530,81.36666666666666,81.36666666666666
4531,81.36666666666666,81.36666666666666
4532,81.36666666666666,81.36666666666666
4533,81.36666666666666,81.36666666666666
4534,81.36666666666666,81.36666666666666
4535,81.36666666666666,81.36666666666666
4536,81.36666666666666,81.36666666666666
4537,81.36666666666666,81.36666666666666
4538,81.36666666666666,81.36666666666666
4539,81.36666666666666,81.36666666666666
4540,81.36666666666666,81.36666666666666
4541,81.36666666666666,81.36666666666666
4542,81.36666666666666,81.36666666666666
4543,81.36666666666666,81.36666666666666
4544,81.36666666666666,81.36666666666666
4545,81.36666666666666,81.36666666666666
4546,81.36666666666666,81.36666666666666
4547,81.36666666666666,81.36666666666666
4548,81.36666666666666,81.36666666666666
4549,81.36666666666666,81.36666666666666
4550,81.36666666666666,81.36666666666666
4551,81.36666666666666,81.36666666666666
4552,81.36666666666666,81.36666666666666
4553,81.36666666666666,81.36666666666666
4554,81.36666666666666,81.36666666666666
4555,81.36666666666666,81.36666666666666
4556,81.36666666666666,81.36666666666666
4557,81.36666666666666,81.36666666666666
4558,81.36666666666666,81.36666666666666
4559,81.36666666666666,81.36666666666666
4560,81.36666666666666,81.36666666666666
4561,81.36666666666666,81.36666666666666
4562,81.36666666666666,81.36666666666666
4563,81.36666666666666,81.36666666666666
4564,81.36666666666666,81.36666666666666
4565,81.36666666666666,81.36666666666666
4566,81.36666666666666,81.36666666666666
4567,81.36666666666666,81.36666666666666
4568,81.36666666666666,81.36666666666666
4569,81.36666666666666,81.36666666666666
4570,81.36666666666666,81.36666666666666
4571,81.36666666666666,81.36666666666666
4572,81.36666666666666,81.36666666666666
4573,81.36666666666666,81.36666666666666
4574,81.36666666666666,81.36666666666666
4575,81.36666666666666,81.36666666666666
4576,81.36666666666666,81.36666666666666
4577,81.36666666666666,81.36666666666666
4578,81.36666666666666,81.36666666666666
4579,81.36666666666666,81.36666666666666
4580,81.36666666666666,81.36666666666666
4581,81.36666666666666,81.36666666666666
4582,81.36666666666666,81.36666666666666
4583,81.36666666666666,81.36666666666666
4584,81.36666666666666,81.36666666666666
4585,81.36666666666666,81.36666666666666
4586,81.36666666666666,81.36666666666666
4587,81.36666666666666,81.36666666666666
4588,81.36666666666666,81.36666666666666
4589,81.36666666666666,81.36666666666666
4590,81.36666666666666,81.36666666666666
4591,81.36666666666666,81.36666666666666
4592,81.36666666666666,81.36666666666666
4593,81.36666666666666,81.36666666666666
4594,81.36666666666666,81.36666666666666
4595,81.36666666666666,81.36666666666666
4596,81.36666666666666,81.36666666666666
4597,81.36666666666666,81.36666666666666
4598,81.36666666666666,81.36666666666666
4599,81.36666666666666,81.36666666666666
4600,81.36666666666666,81.36666666666666
4601,81.36666666666666,81.36666666666666
4602,81.36666666666666,81.36666666666666
4603,81.36666666666666,81.36666666666666
4604,81.36666666666666,81.36666666666666
4605,81.36666666666666,81.36666666666666
4606,81.36666666666666,81.36666666666666
4607,81.36666666666666,81.36666666666666
4608,81.36666666666666,81.36666666666666
4609,81.36666666666666,81.36666666666666
4610,81.36666666666666,81.36666666666666
4611,81.36666666666666,81.36666666666666
4612,81.36666666666666,81.36666666666666
4613,81.36666666666666,81.36666666666666
4614,81.36666666666666,81.36666666666666
4615,81.36666666666666,81.36666666666666
4616,81.36666666666666,81.36666666666666
4617,81.36666666666666,81.36666666666666
4618,81.36666666666666,81.36666666666666
4619,81.36666666666666,81.36666666666666
4620,81.36666666666666,81.36666666666666
4621,81.36666666666666,81.36666666666666
4622,81.36666666666666,81.36666666666666
4623,81.36666666666666,81.36666666666666
4624,81.36666666666666,81.36666666666666
4625,81.36666666666666,81.36666666666666
4626,81.36666666666666,81.36666666666666
4627,81.36666666666666,81.36666666666666
4628,81.36666666666666,81.36666666666666
4629,81.36666666666666,81.36666666666666
4630,81.36666666666666,81.36666666666666
4631,81.36666666666666,81.36666666666666
4632,81.36666666666666,81.36666666666666
4633,81.36666666666666,81.36666666666666
4634,81.36666666666666,81.36666666666666
4635,81.36666666666666,81.36666666666666
4636,81.36666666666666,81.36666666666666
4637,81.36666666666666,81.36666666666666
4638,81.36666666666666,81.36666666666666
4639,81.36666666666666,81.36666666666666
4640,81.36666666666666,81.36666666666666
4641,81.36666666666666,81.36666666666666
4642,81.36666666666666,81.36666666666666
4643,81.36666666666666,81.36666666666666
4644,81.36666666666666,81.36666666666666
4645,81.36666666666666,81.36666666666666
4646,81.36666666666666,81.36666666666666
4647,81.36666666666666,81.36666666666666
4648,81.36666666666666,81.36666666666666
4649,81.36666666666666,81.36666666666666
4650,81.36666666666666,81.36666666666666
4651,81.36666666666666,81.36666666666666
4652,81.36666666666666,81.36666666666666
4653,81.36666666666666,81.36666666666666
4654,81.36666666666666,81.36666666666666
4655,81.36666666666666,81.36666666666666
4656,81.36666666666666,81.36666666666666
4657,81.36666666666666,81.36666666666666
4658,81.36666666666666,81.36666666666666
4659,81.36666666666666,81.36666666666666
4660,81.36666666666666,81.36666666666666
4661,81.36666666666666,81.36666666666666
4662,81.36666666666666,81.36666666666666
4663,81.36666666666666,81.36666666666666
4664,81.36666666666666,81.36666666666666
4665,81.36666666666666,81.36666666666666
4666,81.36666666666666,81.36666666666666
4667,81.36666666666666,81.36666666666666
4668,81.36666666666666,81.36666666666666
4669,81.36666666666666,81.36666666666666
4670,81.36666666666666,81.36666666666666
4671,81.36666666666666,81.36666666666666
4672,81.36666666666666,81.36666666666666
4673,81.36666666666666,81.36666666666666
4674,81.36666666666666,81.36666666666666
4675,81.36666666666666,81.36666666666666
4676,81.36666666666666,81.36666666666666
4677,81.36666666666666,81.36666666666666
4678,81.36666666666666,81.36666666666666
4679,81.36666666666666,81.36666666666666
4680,81.36666666666666,81.36666666666666
4681,81.36666666666666,81.36666666666666
4682,81.36666666666666,81.36666666666666
4683,81.36666666666666,81.36666666666666
4684,81.36666666666666,81.36666666666666
4685,81.36666666666666,81.36666666666666
4686,81.36666666666666,81.36666666666666
4687,81.36666666666666,81.36666666666666
4688,81.36666666666666,81.36666666666666
4689,81.36666666666666,81.36666666666666
4690,81.36666666666666,81.36666666666666
4691,81.36666666666666,81.36666666666666
4692,81.36666666666666,81.36666666666666
4693,81.36666666666666,81.36666666666666
4694,81.36666666666666,81.36666666666666
4695,81.36666666666666,81.36666666666666
4696,81.36666666666666,81.36666666666666
4697,81.36666666666666,81.36666666666666
4698,81.36666666666666,81.36666666666666
4699,81.36666666666666,81.36666666666666
4700,81.36666666666666,81.36666666666666
4701,81.36666666666666,81.36666666666666
4702,81.36666666666666,81.36666666666666
4703,81.36666666666666,81.36666666666666
4704,81.36666666666666,81.36666666666666
4705,81.36666666666666,81.36666666666666
4706,81.36666666666666,81.36666666666666
4707,81.36666666666666,81.36666666666666
4708,81.36666666666666,81.36666666666666
4709,81.36666666666666,81.36666666666666
4710,81.36666666666666,81.36666666666666
4711,81.36666666666666,81.36666666666666
4712,81.36666666666666,81.36666666666666
4713,81.36666666666666,81.36666666666666
4714,81.36666666666666,81.36666666666666
4715,81.36666666666666,81.36666666666666
4716,81.36666666666666,81.36666666666666
4717,81.36666666666666,81.36666666666666
4718,81.36666666666666,81.36666666666666
4719,81.36666666666666,81.36666666666666
4720,81.36666666666666,81.36666666666666
4721,81.36666666666666,81.36666666666666
4722,81.36666666666666,81.36666666666666
4723,81.36666666666666,81.36666666666666
4724,81.36666666666666,81.36666666666666
4725,81.36666666666666,81.36666666666666
4726,81.36666666666666,81.36666666666666
4727,81.36666666666666,81.36666666666666
4728,81.36666666666666,81.36666666666666
4729,81.36666666666666,81.36666666666666
4730,81.36666666666666,81.36666666666666
4731,81.36666666666666,81.36666666666666
4732,81.36666666666666,81.36666666666666
4733,81.36666666666666,81.36666666666666
4734,81.36666666666666,81.36666666666666
4735,81.36666666666666,81.36666666666666
4736,81.36666666666666,81.36666666666666
4737,81.36666666666666,81.36666666666666
4738,81.36666666666666,81.36666666666666
4739,81.36666666666666,81.36666666666666
4740,81.36666666666666,81.36666666666666
4741,81.36666666666666,81.36666666666666
4742,81.36666666666666,81.36666666666666
4743,81.36666666666666,81.36666666666666
4744,81.36666666666666,81.36666666666666
4745,81.36666666666666,81.36666666666666
4746,81.36666666666666,81.36666666666666
4747,81.36666666666666,81.36666666666666
4748,81.36666666666666,81.36666666666666
4749,81.36666666666666,81.36666666666666
4750,81.36666666666666,81.36666666666666
4751,81.36666666666666,81.36666666666666
4752,81.36666666666666,81.36666666666666
4753,81.36666666666666,81.36666666666666
4754,81.36666666666666,81.36666666666666
4755,81.36666666666666,81.36666666666666
4756,81.36666666666666,81.36666666666666
4757,81.36666666666666,81.36666666666666
4758,81.36666666666666,81.36666666666666
4759,81.36666666666666,81.36666666666666
4760,81.36666666666666,81.36666666666666
4761,81.36666666666666,81.36666666666666
4762,81.36666666666666,81.36666666666666
4763,81.36666666666666,81.36666666666666
4764,81.36666666666666,81.36666666666666
4765,81.36666666666666,81.36666666666666
4766,81.36666666666666,81.36666666666666
4767,81.36666666666666,81.36666666666666
4768,81.36666666666666,81.36666666666666
4769,81.36666666666666,81.36666666666666
4770,81.36666666666666,81.36666666666666
4771,81.36666666666666,81.36666666666666
4772,81.36666666666666,81.36666666666666
4773,81.36666666666666,81.36666666666666
4774,81.36666666666666,81.36666666666666
4775,81.36666666666666,81.36666666666666
4776,81.36666666666666,81.36666666666666
4777,81.36666666666666,81.36666666666666
4778,81.36666666666666,81.36666666666666
4779,81.36666666666666,81.36666666666666
4780,81.36666666666666,81.36666666666666
4781,81.36666666666666,81.36666666666666
4782,81.36666666666666,81.36666666666666
4783,81.36666666666666,81.36666666666666
4784,81.36666666666666,81.36666666666666
4785,81.36666666666666,81.36666666666666
4786,81.36666666666666,81.36666666666666
4787,81.36666666666666,81.36666666666666
4788,81.36666666666666,81.36666666666666
4789,81.36666666666666,81.36666666666666
4790,81.36666666666666,81.36666666666666
4791,81.36666666666666,81.36666666666666
4792,81.36666666666666,81.36666666666666
4793,81.36666666666666,81.36666666666666
4794,81.36666666666666,81.36666666666666
4795,81.36666666666666,81.36666666666666
4796,81.36666666666666,81.36666666666666
4797,81.36666666666666,81.36666666666666
4798,81.36666666666666,81.36666666666666
4799,81.36666666666666,81.36666666666666
4800,81.36666666666666,81.36666666666666
4801,81.36666666666666,81.36666666666666
4802,81.36666666666666,81.36666666666666
4803,81.36666666666666,81.36666666666666
4804,81.36666666666666,81.36666666666666
4805,81.36666666666666,81.36666666666666
4806,81.36666666666666,81.36666666666666
4807,81.36666666666666,81.36666666666666
4808,81.36666666666666,81.36666666666666
4809,81.36666666666666,81.36666666666666
4810,81.36666666666666,81.36666666666666
4811,81.36666666666666,81.36666666666666
4812,81.36666666666666,81.36666666666666
4813,81.36666666666666,81.36666666666666
4814,81.36666666666666,81.36666666666666
4815,81.36666666666666,81.36666666666666
4816,81.36666666666666,81.36666666666666
4817,81.36666666666666,81.36666666666666
4818,81.36666666666666,81.36666666666666
4819,81.36666666666666,81.36666666666666
4820,81.36666666666666,81.36666666666666
4821,81.36666666666666,81.36666666666666
4822,81.36666666666666,81.36666666666666
4823,81.36666666666666,81.36666666666666
4824,81.36666666666666,81.36666666666666
4825,81.36666666666666,81.36666666666666
4826,81.36666666666666,81.36666666666666
4827,81.36666666666666,81.36666666666666
4828,81.36666666666666,81.36666666666666
4829,81.36666666666666,81.36666666666666
4830,81.36666666666666,81.36666666666666
4831,81.36666666666666,81.36666666666666
4832,81.36666666666666,81.36666666666666
4833,81.36666666666666,81.36666666666666
4834,81.36666666666666,81.36666666666666
4835,81.36666666666666,81.36666666666666
4836,81.36666666666666,81.36666666666666
4837,81.36666666666666,81.36666666666666
4838,81.36666666666666,81.36666666666666
4839,81.36666666666666,81.36666666666666
4840,81.36666666666666,81.36666666666666
4841,81.36666666666666,81.36666666666666
4842,81.36666666666666,81.36666666666666
4843,81.36666666666666,81.36666666666666
4844,81.36666666666666,81.36666666666666
4845,81.36666666666666,81.36666666666666
4846,81.36666666666666,81.36666666666666
4847,81.36666666666666,81.36666666666666
4848,81.36666666666666,81.36666666666666
4849,81.36666666666666,81.36666666666666
4850,81.36666666666666,81.36666666666666
4851,81.36666666666666,81.36666666666666
4852,81.36666666666666,81.36666666666666
4853,81.36666666666666,81.36666666666666
4854,81.36666666666666,81.36666666666666
4855,81.36666666666666,81.36666666666666
4856,81.36666666666666,81.36666666666666
4857,81.36666666666666,81.36666666666666
4858,81.36666666666666,81.36666666666666
4859,81.36666666666666,81.36666666666666
4860,81.36666666666666,81.36666666666666
4861,81.36666666666666,81.36666666666666
4862,81.36666666666666,81.36666666666666
4863,81.36666666666666,81.36666666666666
4864,81.36666666666666,81.36666666666666
4865,81.36666666666666,81.36666666666666
4866,81.36666666666666,81.36666666666666
4867,81.36666666666666,81.36666666666666
4868,81.36666666666666,81.36666666666666
4869,81.36666666666666,81.36666666666666
4870,81.36666666666666,81.36666666666666
4871,81.36666666666666,81.36666666666666
4872,81.36666666666666,81.36666666666666
4873,81.36666666666666,81.36666666666666
4874,81.36666666666666,81.36666666666666
4875,81.36666666666666,81.36666666666666
4876,81.36666666666666,81.36666666666666
4877,81.36666666666666,81.36666666666666
4878,81.36666666666666,81.36666666666666
4879,81.36666666666666,81.36666666666666
4880,81.36666666666666,81.36666666666666
4881,81.36666666666666,81.36666666666666
4882,81.36666666666666,81.36666666666666
4883,81.36666666666666,81.36666666666666
4884,81.36666666666666,81.36666666666666
4885,81.36666666666666,81.36666666666666
4886,81.36666666666666,81.36666666666666
4887,81.36666666666666,81.36666666666666
4888,81.36666666666666,81.36666666666666
4889,81.36666666666666,81.36666666666666
4890,81.36666666666666,81.36666666666666
4891,81.36666666666666,81.36666666666666
4892,81.36666666666666,81.36666666666666
4893,81.36666666666666,81.36666666666666
4894,81.36666666666666,81.36666666666666
4895,81.36666666666666,81.36666666666666
4896,81.36666666666666,81.36666666666666
4897,81.36666666666666,81.36666666666666
4898,81.36666666666666,81.36666666666666
4899,81.36666666666666,81.36666666666666
4900,81.36666666666666,81.36666666666666
4901,81.36666666666666,81.36666666666666
4902,81.36666666666666,81.36666666666666
4903,81.36666666666666,81.36666666666666
4904,81.36666666666666,81.36666666666666
4905,81.36666666666666,81.36666666666666
4906,81.36666666666666,81.36666666666666
4907,81.36666666666666,81.36666666666666
4908,81.36666666666666,81.36666666666666
4909,81.36666666666666,81.36666666666666
4910,81.36666666666666,81.36666666666666
4911,81.36666666666666,81.36666666666666
4912,81.36666666666666,81.36666666666666
4913,81.36666666666666,81.36666666666666
4914,81.36666666666666,81.36666666666666
4915,81.36666666666666,81.36666666666666
4916,81.36666666666666,81.36666666666666
4917,81.36666666666666,81.36666666666666
4918,81.36666666666666,81.36666666666666
4919,81.36666666666666,81.36666666666666
4920,81.36666666666666,81.36666666666666
4921,81.36666666666666,81.36666666666666
4922,81.36666666666666,81.36666666666666
4923,81.36666666666666,81.36666666666666
4924,81.36666666666666,81.36666666666666
4925,81.36666666666666,81.36666666666666
4926,81.36666666666666,81.36666666666666
4927,81.36666666666666,81.36666666666666
4928,81.36666666666666,81.36666666666666
4929,81.36666666666666,81.36666666666666
4930,81.36666666666666,81.36666666666666
4931,81.36666666666666,81.36666666666666
4932,81.36666666666666,81.36666666666666
4933,81.36666666666666,81.36666666666666
4934,81.36666666666666,81.36666666666666
4935,81.36666666666666,81.36666666666666
4936,81.36666666666666,81.36666666666666
4937,81.36666666666666,81.36666666666666
4938,81.36666666666666,81.36666666666666
4939,81.36666666666666,81.36666666666666
4940,81.36666666666666,81.36666666666666
4941,81.36666666666666,81.36666666666666
4942,81.36666666666666,81.36666666666666
4943,81.36666666666666,81.36666666666666
4944,81.36666666666666,81.36666666666666
4945,81.36666666666666,81.36666666666666
4946,81.36666666666666,81.36666666666666
4947,81.36666666666666,81.36666666666666
4948,81.36666666666666,81.36666666666666
4949,81.36666666666666,81.36666666666666
4950,81.36666666666666,81.36666666666666
4951,81.36666666666666,81.36666666666666
4952,81.36666666666666,81.36666666666666
4953,81.36666666666666,81.36666666666666
4954,81.36666666666666,81.36666666666666
4955,81.36666666666666,81.36666666666666
4956,81.36666666666666,81.36666666666666
4957,81.36666666666666,81.36666666666666
4958,81.36666666666666,81.36666666666666
4959,81.36666666666666,81.36666666666666
4960,81.36666666666666,81.36666666666666
4961,81.36666666666666,81.36666666666666
4962,81.36666666666666,81.36666666666666
4963,81.36666666666666,81.36666666666666
4964,81.36666666666666,81.36666666666666
4965,81.36666666666666,81.36666666666666
4966,81.36666666666666,81.36666666666666
4967,81.36666666666666,81.36666666666666
4968,81.36666666666666,81.36666666666666
4969,81.36666666666666,81.36666666666666
4970,81.36666666666666,81.36666666666666
4971,81.36666666666666,81.36666666666666
4972,81.36666666666666,81.36666666666666
4973,81.36666666666666,81.36666666666666
4974,81.36666666666666,81.36666666666666
4975,81.36666666666666,81.36666666666666
4976,81.36666666666666,81.36666666666666
4977,81.36666666666666,81.36666666666666
4978,81.36666666666666,81.36666666666666
4979,81.36666666666666,81.36666666666666
4980,81.36666666666666,81.36666666666666
4981,81.36666666666666,81.36666666666666
4982,81.36666666666666,81.36666666666666
4983,81.36666666666666,81.36666666666666
4984,81.36666666666666,81.36666666666666
4985,81.36666666666666,81.36666666666666
4986,81.36666666666666,81.36666666666666
4987,81.36666666666666,81.36666666666666
4988,81.36666666666666,81.36666666666666
4989,81.36666666666666,81.36666666666666
4990,81.36666666666666,81.36666666666666
4991,81.36666666666666,81.36666666666666
4992,81.36666666666666,81.36666666666666
4993,81.36666666666666,81.36666666666666
4994,81.36666666666666,81.36666666666666
4995,81.36666666666666,81.36666666666666
4996,81.36666666666666,81.36666666666666
4997,81.36666666666666,81.36666666666666
4998,81.36666666666666,81.36666666666666
4999,81.36666666666666,81.36666666666666
