,hsa_js,add_js
0,0.9,0.0
1,0.9,0.0
2,0.9,0.0
3,0.9,0.0
4,0.9,0.0
5,0.9,0.0
6,0.9,0.0
7,0.9,0.0
8,0.9,0.0
9,0.9,0.0
10,0.9,0.0
11,0.9,0.0
12,0.9,0.0
13,0.9,0.0
14,0.9,0.0
15,0.9,0.0
16,1.8,0.0
17,1.8,0.0
18,1.8,0.0
19,1.8,0.0
20,1.8,0.0
21,1.8,0.0
22,1.8,0.0
23,1.8,0.0
24,1.8,0.0
25,1.8,0.0
26,2.0,0.0
27,2.0,0.0
28,2.0,0.0
29,2.0,0.0
30,2.0,0.0
31,2.0,0.0
32,2.0,0.0
33,2.0,0.0
34,2.0,0.0
35,2.2,0.0
36,2.2,0.0
37,2.2,0.0
38,2.2,0.0
39,2.2,0.0
40,2.2,0.0
41,2.2,0.0
42,2.2,0.0
43,2.2,0.0
44,2.2,0.0
45,2.2,0.0
46,2.2,0.0
47,2.2,0.0
48,2.2,0.0
49,2.2,0.0
50,2.2,0.0
51,2.2,0.0
52,2.2,0.0
53,2.2,0.0
54,2.2,0.0
55,2.2,0.0
56,2.2,0.0
57,2.2,0.0
58,2.2,0.0
59,2.2,0.0
60,2.2,0.0
61,2.2,0.0
62,2.2,0.0
63,2.2,0.0
64,2.2,0.0
65,2.2,0.0
66,2.2,0.0
67,2.2,0.0
68,2.2,0.0
69,2.2,0.0
70,2.2,0.0
71,2.2,0.0
72,2.2,0.0
73,2.2,0.0
74,2.2,0.0
75,2.2,0.0
76,2.2,0.0
77,2.2,0.0
78,2.2,0.0
79,2.2,0.0
80,2.2,0.0
81,2.2,0.0
82,2.2,0.0
83,2.2,0.0
84,2.6,0.0
85,2.6,0.0
86,2.6,0.0
87,2.6,0.0
88,2.6,0.0
89,2.6,0.0
90,2.6,0.0
91,2.6,0.0
92,2.6,0.0
93,2.6,0.0
94,2.6,0.0
95,2.6,0.0
96,2.6,0.0
97,2.6,0.0
98,2.6,0.0
99,2.6,0.0
100,2.6,0.0
101,2.6,0.0
102,2.6,0.0
103,2.6,0.0
104,2.6,0.0
105,2.6,0.0
106,2.6,0.0
107,2.6,0.0
108,2.6,0.0
109,2.6,0.0
110,2.6,0.0
111,2.6,0.0
112,2.6,0.0
113,2.6,0.0
114,2.6,0.0
115,2.6,0.0
116,2.6,0.0
117,2.6,0.0
118,2.6,0.0
119,2.6,0.0
120,2.6,0.0
121,2.6,0.0
122,2.6,0.0
123,2.6,0.0
124,2.6,0.0
125,2.6,0.0
126,2.6,0.0
127,2.6,0.0
128,2.6,0.0
129,2.6,0.0
130,2.6,0.0
131,2.6,0.0
132,2.6,0.0
133,2.6,0.0
134,2.6,0.0
135,2.6,0.0
136,2.6,0.0
137,2.6,0.0
138,2.6,0.0
139,2.6,0.0
140,2.6,0.0
141,2.6,0.0
142,2.6,0.0
143,2.6,0.0
144,2.6,0.0
145,2.6,0.0
146,2.6,0.0
147,2.6,0.0
148,2.6,0.0
149,2.6,0.0
150,2.6,0.0
151,2.6,0.0
152,2.6,0.0
153,2.6,0.0
154,2.6,0.0
155,2.6,0.0
156,2.6,0.0
157,2.6,0.0
158,2.6,0.0
159,2.7,0.0
160,2.7,0.0
161,2.7,0.0
162,2.7,0.0
163,2.7,0.0
164,2.7,0.0
165,2.7,0.0
166,2.7,0.0
167,2.7,0.0
168,2.7,0.0
169,2.7,0.0
170,2.7,0.0
171,2.7,0.0
172,2.7,0.0
173,3.4000000000000004,0.0
174,3.4000000000000004,0.0
175,3.4000000000000004,0.0
176,3.4000000000000004,0.0
177,3.4000000000000004,0.0
178,3.4000000000000004,0.0
179,3.4000000000000004,0.0
180,3.4000000000000004,0.0
181,3.4000000000000004,0.0
182,3.4000000000000004,0.0
183,3.4000000000000004,0.0
184,3.4000000000000004,0.0
185,3.4000000000000004,0.0
186,3.4000000000000004,0.0
187,3.4000000000000004,0.0
188,3.4000000000000004,0.0
189,3.4000000000000004,0.0
190,3.4000000000000004,0.0
191,3.4000000000000004,0.0
192,3.4000000000000004,0.0
193,3.4000000000000004,0.0
194,3.4000000000000004,0.0
195,3.4000000000000004,0.0
196,3.4000000000000004,0.0
197,3.4000000000000004,0.0
198,3.4000000000000004,0.0
199,3.4000000000000004,0.0
200,3.4000000000000004,0.0
201,3.4000000000000004,0.0
202,3.4000000000000004,0.0
203,3.4000000000000004,0.0
204,3.4000000000000004,0.0
205,3.4000000000000004,0.0
206,3.4000000000000004,0.0
207,3.4000000000000004,0.0
208,3.4000000000000004,0.0
209,3.4000000000000004,0.0
210,3.4000000000000004,0.0
211,3.4000000000000004,0.0
212,3.4000000000000004,0.0
213,3.4000000000000004,0.0
214,4.1000000000000005,0.0
215,4.1000000000000005,0.0
216,4.1000000000000005,0.0
217,4.1000000000000005,0.0
218,4.1000000000000005,0.0
219,4.1000000000000005,0.0
220,4.1000000000000005,0.0
221,4.1000000000000005,0.0
222,4.1000000000000005,0.0
223,4.1000000000000005,0.0
224,4.1000000000000005,0.0
225,4.1000000000000005,0.0
226,4.1000000000000005,0.0
227,4.1000000000000005,0.0
228,4.1000000000000005,0.0
229,4.1000000000000005,0.0
230,4.1000000000000005,0.0
231,4.1000000000000005,0.0
232,4.1000000000000005,0.0
233,4.1000000000000005,0.0
234,4.1000000000000005,0.0
235,4.3,0.0
236,4.3,0.0
237,4.3,0.0
238,4.3,0.0
239,4.3,0.0
240,4.3,0.0
241,4.3,0.0
242,4.3,0.0
243,4.3,0.0
244,4.3,0.0
245,4.3,0.0
246,4.3,0.0
247,4.3,0.0
248,4.3,0.0
249,4.3,0.0
250,4.3,0.0
251,4.3,0.0
252,4.3,0.0
253,4.3,0.0
254,4.3,0.0
255,4.3,0.0
256,4.3,0.0
257,4.3,0.0
258,4.3,0.0
259,4.3,0.0
260,4.3,0.0
261,4.3,0.0
262,4.3,0.0
263,4.3,0.0
264,4.3,0.0
265,4.3,0.0
266,4.3,0.0
267,4.3,0.0
268,4.3,0.0
269,4.3,0.0
270,4.3,0.0
271,4.3,0.0
272,4.3,0.0
273,4.3,0.0
274,4.3,0.0
275,4.3,0.0
276,4.3,0.0
277,4.3,0.0
278,4.3,0.0
279,4.3,0.0
280,4.3,0.0
281,4.3,0.0
282,4.3,0.0
283,4.3,0.0
284,4.3,0.0
285,4.3,0.0
286,4.3,0.0
287,4.3,0.0
288,4.3,0.0
289,4.3,0.0
290,4.3,0.0
291,4.3,0.0
292,4.3,0.0
293,4.3,0.0
294,4.3,0.0
295,4.3,0.0
296,4.3,0.0
297,4.3,0.0
298,4.3,0.0
299,4.3,0.0
300,4.3,0.0
301,4.3,0.0
302,4.3,0.0
303,4.3,0.0
304,4.3,0.0
305,4.3,0.0
306,4.3,0.0
307,4.3,0.0
308,4.3,0.0
309,4.3,0.0
310,4.3,0.0
311,4.3,0.0
312,4.3,0.0
313,4.3,0.0
314,4.3,0.0
315,4.3,0.0
316,4.3,0.0
317,4.3,0.0
318,4.3,0.0
319,4.3,0.0
320,4.3,0.0
321,4.3,0.0
322,4.3,0.0
323,4.7,0.0
324,4.7,0.0
325,4.7,0.0
326,4.7,0.0
327,4.7,0.0
328,4.7,0.0
329,4.7,0.0
330,4.7,0.0
331,4.7,0.0
332,4.7,0.0
333,4.7,0.0
334,4.7,0.0
335,4.7,0.0
336,4.7,0.0
337,4.7,0.0
338,4.7,0.0
339,4.7,0.0
340,4.7,0.0
341,4.7,0.0
342,4.7,0.0
343,4.7,0.0
344,4.7,0.0
345,4.7,0.0
346,4.7,0.0
347,4.7,0.0
348,4.7,0.0
349,4.7,0.0
350,4.7,0.0
351,4.7,0.0
352,4.7,0.0
353,4.7,0.0
354,4.7,0.0
355,4.7,0.0
356,4.7,0.0
357,4.7,0.0
358,4.7,0.0
359,4.7,0.0
360,4.7,0.0
361,4.7,0.0
362,4.7,0.0
363,4.7,0.0
364,4.7,0.0
365,4.7,0.0
366,4.7,0.0
367,4.7,0.0
368,4.7,0.0
369,4.7,0.0
370,4.7,0.0
371,4.7,0.0
372,4.7,0.0
373,4.7,0.0
374,4.7,0.0
375,4.7,0.0
376,4.7,0.0
377,4.7,0.0
378,4.7,0.0
379,4.7,0.0
380,4.7,0.0
381,4.7,0.0
382,4.7,0.0
383,4.7,0.0
384,4.7,0.0
385,4.7,0.0
386,4.7,0.0
387,4.7,0.0
388,4.7,0.0
389,4.7,0.0
390,5.0,0.0
391,5.0,0.0
392,5.0,0.0
393,5.0,0.0
394,5.0,0.0
395,5.0,0.0
396,5.0,0.0
397,5.0,0.0
398,5.0,0.0
399,5.0,0.0
400,5.0,0.0
401,5.0,0.0
402,5.0,0.0
403,5.0,0.0
404,5.0,0.0
405,5.0,0.0
406,5.0,0.0
407,5.0,0.0
408,5.0,0.0
409,5.0,0.0
410,5.0,0.0
411,5.0,0.0
412,5.0,0.0
413,5.0,0.0
414,5.0,0.0
415,5.0,0.0
416,5.0,0.0
417,5.0,0.0
418,5.0,0.0
419,5.0,0.0
420,5.0,0.0
421,5.0,0.0
422,5.0,0.0
423,5.0,0.0
424,5.0,0.0
425,5.0,0.0
426,5.0,0.0
427,5.0,0.0
428,5.0,0.0
429,6.2,0.0
430,6.2,0.0
431,6.2,0.0
432,6.2,0.0
433,6.2,0.0
434,6.2,0.0
435,6.2,0.0
436,6.2,0.0
437,6.2,0.0
438,6.2,0.0
439,6.2,0.0
440,6.2,0.0
441,6.2,0.0
442,6.2,0.0
443,6.2,0.0
444,6.2,0.0
445,6.2,0.0
446,6.2,0.0
447,6.2,0.0
448,6.2,0.0
449,6.2,0.0
450,6.2,0.0
451,6.2,0.0
452,6.2,0.0
453,6.2,0.0
454,6.2,0.0
455,6.2,0.0
456,6.2,0.0
457,6.2,0.0
458,6.2,0.0
459,6.2,0.0
460,6.2,0.0
461,6.2,0.0
462,6.2,0.0
463,6.2,0.0
464,6.2,0.0
465,6.5,0.0
466,6.5,0.0
467,6.5,0.0
468,6.5,0.0
469,6.5,0.0
470,6.5,0.0
471,6.5,0.0
472,6.5,0.0
473,6.5,0.0
474,6.5,0.0
475,6.5,0.0
476,6.5,0.0
477,6.5,0.0
478,6.5,0.0
479,6.5,0.0
480,6.5,0.0
481,6.5,0.0
482,6.5,0.0
483,6.5,0.0
484,6.5,0.0
485,6.5,0.0
486,6.5,0.0
487,6.5,0.0
488,6.5,0.0
489,6.5,0.0
490,6.5,0.0
491,6.5,0.0
492,6.5,0.0
493,6.5,0.0
494,6.5,0.0
495,6.5,0.0
496,6.5,0.0
497,6.5,0.0
498,6.5,0.0
499,6.5,0.0
500,6.5,0.0
501,6.5,0.0
502,6.5,0.0
503,6.5,0.0
504,6.5,0.0
505,6.5,0.0
506,6.5,0.0
507,6.5,0.0
508,6.5,0.0
509,6.5,0.0
510,6.5,0.0
511,6.5,0.0
512,6.5,0.0
513,6.5,0.0
514,6.5,0.0
515,6.5,0.0
516,6.5,0.0
517,6.5,0.0
518,6.5,0.0
519,6.5,0.0
520,6.5,0.0
521,6.5,0.0
522,6.7,0.0
523,6.7,0.0
524,6.7,0.0
525,6.7,0.0
526,6.7,0.0
527,6.7,0.0
528,6.7,0.0
529,6.7,0.0
530,6.7,0.0
531,6.7,0.0
532,6.7,0.0
533,6.7,0.0
534,6.7,0.0
535,6.7,0.0
536,6.7,0.0
537,6.7,0.0
538,6.7,0.0
539,6.7,0.0
540,6.7,0.0
541,6.7,0.0
542,6.7,0.0
543,7.800000000000001,0.0
544,7.800000000000001,0.0
545,7.800000000000001,0.0
546,7.800000000000001,0.0
547,7.800000000000001,0.0
548,7.800000000000001,0.0
549,7.800000000000001,0.0
550,7.800000000000001,0.0
551,7.800000000000001,0.0
552,7.800000000000001,0.0
553,7.800000000000001,0.0
554,7.800000000000001,0.0
555,7.800000000000001,0.0
556,7.800000000000001,0.0
557,7.800000000000001,0.0
558,7.800000000000001,0.0
559,7.800000000000001,0.0
560,7.800000000000001,0.0
561,7.800000000000001,0.0
562,7.800000000000001,0.0
563,7.800000000000001,0.0
564,7.800000000000001,0.0
565,7.800000000000001,0.0
566,7.800000000000001,0.0
567,7.800000000000001,0.0
568,7.800000000000001,0.0
569,7.800000000000001,0.0
570,7.800000000000001,0.0
571,7.800000000000001,0.0
572,7.800000000000001,0.0
573,7.800000000000001,0.0
574,7.800000000000001,0.0
575,7.800000000000001,0.0
576,7.800000000000001,0.0
577,7.800000000000001,0.0
578,7.800000000000001,0.0
579,7.800000000000001,0.0
580,7.800000000000001,0.0
581,7.800000000000001,0.0
582,7.800000000000001,0.0
583,7.800000000000001,0.0
584,7.800000000000001,0.0
585,7.800000000000001,0.0
586,7.800000000000001,0.0
587,7.800000000000001,0.0
588,7.800000000000001,0.0
589,7.800000000000001,0.0
590,7.800000000000001,0.0
591,7.800000000000001,0.0
592,7.800000000000001,0.0
593,7.800000000000001,0.0
594,7.800000000000001,0.0
595,7.800000000000001,0.0
596,7.800000000000001,0.0
597,7.800000000000001,0.0
598,7.800000000000001,0.0
599,7.800000000000001,0.0
600,7.800000000000001,0.0
601,7.800000000000001,0.0
602,7.800000000000001,0.0
603,7.800000000000001,0.0
604,7.800000000000001,0.0
605,7.800000000000001,0.0
606,7.800000000000001,0.0
607,7.800000000000001,0.0
608,8.0,0.0
609,8.0,0.0
610,8.0,0.0
611,8.0,0.0
612,8.0,0.0
613,8.0,0.0
614,8.0,0.0
615,8.0,0.0
616,8.0,0.0
617,8.0,0.0
618,8.0,0.0
619,8.0,0.0
620,8.0,0.0
621,8.0,0.0
622,8.0,0.0
623,8.0,0.0
624,8.0,0.0
625,8.0,0.0
626,8.0,0.0
627,8.0,0.0
628,8.0,0.0
629,8.0,0.0
630,8.0,0.0
631,8.0,0.0
632,8.0,0.0
633,8.0,0.0
634,8.0,0.0
635,8.0,0.0
636,8.0,0.0
637,8.0,0.0
638,8.0,0.0
639,8.0,0.0
640,8.0,0.0
641,8.0,0.0
642,8.0,0.0
643,8.0,0.0
644,8.0,0.0
645,8.0,0.0
646,8.0,0.0
647,8.0,0.0
648,8.0,0.0
649,8.0,0.0
650,8.0,0.0
651,8.0,0.0
652,8.0,0.0
653,8.0,0.0
654,8.0,0.0
655,8.0,0.0
656,8.0,0.0
657,8.0,0.0
658,8.0,0.0
659,8.0,0.0
660,8.0,0.0
661,8.0,0.0
662,8.0,0.0
663,8.0,0.0
664,8.0,0.0
665,8.0,0.0
666,8.0,0.0
667,8.0,0.0
668,8.0,0.0
669,8.0,0.0
670,8.0,0.0
671,8.0,0.0
672,8.0,0.0
673,8.0,0.0
674,8.0,0.0
675,8.0,0.0
676,8.0,0.0
677,8.0,0.0
678,8.0,0.0
679,8.0,0.0
680,8.0,0.0
681,8.0,0.0
682,8.0,0.0
683,8.0,0.0
684,8.0,0.0
685,8.0,0.0
686,8.0,0.0
687,8.0,0.0
688,8.0,0.0
689,8.0,0.0
690,8.0,0.0
691,8.0,0.0
692,8.0,0.0
693,8.0,0.0
694,8.0,0.0
695,8.9,0.0
696,8.9,0.0
697,8.9,0.0
698,8.9,0.0
699,8.9,0.0
700,8.9,0.0
701,8.9,0.0
702,8.9,0.0
703,8.9,0.0
704,8.9,0.0
705,8.9,0.0
706,8.9,0.0
707,8.9,0.0
708,8.9,0.0
709,8.9,0.0
710,8.9,0.0
711,8.9,0.0
712,8.9,0.0
713,8.9,0.0
714,8.9,0.0
715,8.9,0.0
716,8.9,0.0
717,8.9,0.0
718,8.9,0.0
719,8.9,0.0
720,8.9,0.0
721,8.9,0.0
722,8.9,0.0
723,8.9,0.0
724,8.9,0.0
725,8.9,0.0
726,8.9,0.0
727,8.9,0.0
728,8.9,0.0
729,8.9,0.0
730,8.9,0.0
731,8.9,0.0
732,8.9,0.0
733,8.9,0.0
734,8.9,0.0
735,8.9,0.0
736,8.9,0.0
737,8.9,0.0
738,8.9,0.0
739,8.9,0.0
740,8.9,0.0
741,8.9,0.0
742,8.9,0.0
743,8.9,0.0
744,8.9,0.0
745,8.9,0.0
746,8.9,0.0
747,8.9,0.0
748,8.9,0.0
749,8.9,0.0
750,8.9,0.0
751,8.9,0.0
752,8.9,0.0
753,8.9,0.0
754,8.9,0.0
755,8.9,0.0
756,8.9,0.0
757,8.9,0.0
758,8.9,0.0
759,8.9,0.0
760,8.9,0.0
761,8.9,0.0
762,8.9,0.0
763,8.9,0.0
764,8.9,0.0
765,8.9,0.0
766,8.9,0.0
767,8.9,0.0
768,8.9,0.0
769,8.9,0.0
770,8.9,0.0
771,8.9,0.0
772,8.9,0.0
773,8.9,0.0
774,8.9,0.0
775,8.9,0.0
776,8.9,0.0
777,8.9,0.0
778,8.9,0.0
779,8.9,0.0
780,8.9,0.0
781,8.9,0.0
782,8.9,0.0
783,8.9,0.0
784,8.9,0.0
785,8.9,0.0
786,8.9,0.0
787,8.9,0.0
788,8.9,0.0
789,8.9,0.0
790,8.9,0.0
791,8.9,0.0
792,8.9,0.0
793,9.200000000000001,0.0
794,9.200000000000001,0.0
795,9.200000000000001,0.0
796,9.200000000000001,0.0
797,9.200000000000001,0.0
798,9.200000000000001,0.0
799,9.200000000000001,0.0
800,9.200000000000001,0.0
801,9.200000000000001,0.0
802,9.200000000000001,0.0
803,9.200000000000001,0.0
804,9.200000000000001,0.0
805,9.200000000000001,0.0
806,9.200000000000001,0.0
807,9.200000000000001,0.0
808,9.200000000000001,0.0
809,9.200000000000001,0.0
810,9.200000000000001,0.0
811,9.200000000000001,0.0
812,9.200000000000001,0.0
813,9.200000000000001,0.0
814,9.200000000000001,0.0
815,9.200000000000001,0.0
816,9.200000000000001,0.0
817,9.200000000000001,0.0
818,9.200000000000001,0.0
819,9.200000000000001,0.0
820,9.200000000000001,0.0
821,9.200000000000001,0.0
822,9.200000000000001,0.0
823,9.200000000000001,0.0
824,9.200000000000001,0.0
825,9.200000000000001,0.0
826,9.200000000000001,0.0
827,9.200000000000001,0.0
828,9.200000000000001,0.0
829,9.200000000000001,0.0
830,9.200000000000001,0.0
831,9.200000000000001,0.0
832,9.200000000000001,0.0
833,9.200000000000001,0.0
834,9.200000000000001,0.0
835,9.200000000000001,0.0
836,9.200000000000001,0.0
837,9.200000000000001,0.0
838,9.200000000000001,0.0
839,9.200000000000001,0.0
840,9.200000000000001,0.0
841,9.200000000000001,0.0
842,9.200000000000001,0.0
843,9.200000000000001,0.0
844,9.200000000000001,0.0
845,9.200000000000001,0.0
846,9.200000000000001,0.0
847,9.200000000000001,0.0
848,9.200000000000001,0.0
849,9.200000000000001,0.0
850,9.200000000000001,0.0
851,9.200000000000001,0.0
852,9.200000000000001,0.0
853,9.200000000000001,0.0
854,9.200000000000001,0.0
855,9.200000000000001,0.0
856,9.200000000000001,0.0
857,9.200000000000001,0.0
858,9.200000000000001,0.0
859,9.200000000000001,0.0
860,9.200000000000001,0.0
861,9.200000000000001,0.0
862,9.200000000000001,0.0
863,9.200000000000001,0.0
864,9.200000000000001,0.0
865,9.200000000000001,0.0
866,9.200000000000001,0.0
867,9.200000000000001,0.0
868,9.200000000000001,0.0
869,9.200000000000001,0.0
870,9.200000000000001,0.0
871,9.200000000000001,0.0
872,9.200000000000001,0.0
873,9.9,0.0
874,9.9,0.0
875,9.9,0.0
876,9.9,0.0
877,9.9,0.0
878,9.9,0.0
879,9.9,0.0
880,9.9,0.0
881,9.9,0.0
882,9.9,0.0
883,9.9,0.0
884,9.9,0.0
885,9.9,0.0
886,9.9,0.0
887,9.9,0.0
888,9.9,0.0
889,9.9,0.0
890,9.9,0.0
891,9.9,0.0
892,9.9,0.0
893,9.9,0.0
894,9.9,0.0
895,9.9,0.0
896,9.9,0.0
897,9.9,0.0
898,9.9,0.0
899,9.9,0.0
900,9.9,0.0
901,9.9,0.0
902,9.9,0.0
903,9.9,0.0
904,9.9,0.0
905,9.9,0.0
906,9.9,0.0
907,9.9,0.0
908,9.9,0.0
909,9.9,0.0
910,9.9,0.0
911,9.9,0.0
912,9.9,0.0
913,9.9,0.0
914,9.9,0.0
915,9.9,0.0
916,9.9,0.0
917,9.9,0.0
918,9.9,0.0
919,9.9,0.0
920,9.9,0.0
921,9.9,0.0
922,9.9,0.0
923,9.9,0.0
924,9.9,0.0
925,9.9,0.0
926,9.9,0.0
927,9.9,0.0
928,9.9,0.0
929,9.9,0.0
930,9.9,0.0
931,9.9,0.0
932,10.3,0.0
933,10.3,0.0
934,10.3,0.0
935,10.3,0.0
936,10.3,0.0
937,10.3,0.0
938,10.3,0.0
939,10.3,0.0
940,10.3,0.0
941,10.3,0.0
942,10.3,0.0
943,10.3,0.0
944,10.3,0.0
945,10.3,0.0
946,10.3,0.0
947,10.3,0.0
948,10.3,0.0
949,10.3,0.0
950,10.3,0.0
951,10.3,0.0
952,10.3,0.0
953,10.3,0.0
954,10.3,0.0
955,10.3,0.0
956,10.3,0.0
957,10.3,0.0
958,10.3,0.0
959,10.3,0.0
960,10.3,0.0
961,10.3,0.0
962,10.3,0.0
963,10.3,0.0
964,10.3,0.0
965,10.3,0.0
966,10.3,0.0
967,10.3,0.0
968,10.3,0.0
969,10.3,0.0
970,10.3,0.0
971,10.3,0.0
972,10.3,0.0
973,10.3,0.0
974,10.3,0.0
975,10.3,0.0
976,10.3,0.0
977,10.3,0.0
978,10.3,0.0
979,10.3,0.0
980,10.3,0.0
981,10.3,0.0
982,10.3,0.0
983,10.3,0.0
984,10.3,0.0
985,10.3,0.0
986,10.3,0.0
987,10.3,0.0
988,10.3,0.0
989,10.3,0.0
990,10.3,0.0
991,10.3,0.0
992,10.600000000000001,0.0
993,10.600000000000001,0.0
994,10.600000000000001,0.0
995,10.600000000000001,0.0
996,10.600000000000001,0.0
997,10.600000000000001,0.0
998,10.600000000000001,0.0
999,10.600000000000001,0.0
1000,10.600000000000001,0.0
1001,10.600000000000001,0.0
1002,10.600000000000001,0.0
1003,10.600000000000001,0.0
1004,10.600000000000001,0.0
1005,10.600000000000001,0.0
1006,10.600000000000001,0.0
1007,10.600000000000001,0.0
1008,10.600000000000001,0.0
1009,10.600000000000001,0.0
1010,10.600000000000001,0.0
1011,10.600000000000001,0.0
1012,10.600000000000001,0.0
1013,10.600000000000001,0.0
1014,10.600000000000001,0.0
1015,10.600000000000001,0.0
1016,10.600000000000001,0.0
1017,10.600000000000001,0.0
1018,10.600000000000001,0.0
1019,10.600000000000001,0.0
1020,10.600000000000001,0.0
1021,10.600000000000001,0.0
1022,10.600000000000001,0.0
1023,10.600000000000001,0.0
1024,10.600000000000001,0.0
1025,10.600000000000001,0.0
1026,10.600000000000001,0.0
1027,10.600000000000001,0.0
1028,10.600000000000001,0.0
1029,10.600000000000001,0.0
1030,10.600000000000001,0.0
1031,10.600000000000001,0.0
1032,10.600000000000001,0.0
1033,10.600000000000001,0.0
1034,10.600000000000001,0.0
1035,10.600000000000001,0.0
1036,10.600000000000001,0.0
1037,10.600000000000001,0.0
1038,10.600000000000001,0.0
1039,10.600000000000001,0.0
1040,10.600000000000001,0.0
1041,10.600000000000001,0.0
1042,10.600000000000001,0.0
1043,10.600000000000001,0.0
1044,10.600000000000001,0.0
1045,10.600000000000001,0.0
1046,10.600000000000001,0.0
1047,10.600000000000001,0.0
1048,10.600000000000001,0.0
1049,10.600000000000001,0.0
1050,10.600000000000001,0.0
1051,10.600000000000001,0.0
1052,10.600000000000001,0.0
1053,10.600000000000001,0.0
1054,10.600000000000001,0.0
1055,11.700000000000001,0.0
1056,11.700000000000001,0.0
1057,11.700000000000001,0.0
1058,11.700000000000001,0.0
1059,11.700000000000001,0.0
1060,11.700000000000001,0.0
1061,11.700000000000001,0.0
1062,11.700000000000001,0.0
1063,11.700000000000001,0.0
1064,11.700000000000001,0.0
1065,11.700000000000001,0.0
1066,11.700000000000001,0.0
1067,11.700000000000001,0.0
1068,11.700000000000001,0.0
1069,11.700000000000001,0.0
1070,11.700000000000001,0.0
1071,11.700000000000001,0.0
1072,11.700000000000001,0.0
1073,11.700000000000001,0.0
1074,11.700000000000001,0.0
1075,11.700000000000001,0.0
1076,11.700000000000001,0.0
1077,11.700000000000001,0.0
1078,11.700000000000001,0.0
1079,11.700000000000001,0.0
1080,11.700000000000001,0.0
1081,11.700000000000001,0.0
1082,11.700000000000001,0.0
1083,11.700000000000001,0.0
1084,11.700000000000001,0.0
1085,11.700000000000001,0.0
1086,11.700000000000001,0.0
1087,11.700000000000001,0.0
1088,11.700000000000001,0.0
1089,11.700000000000001,0.0
1090,11.700000000000001,0.0
1091,11.700000000000001,0.0
1092,11.700000000000001,0.0
1093,11.700000000000001,0.0
1094,11.700000000000001,0.0
1095,11.700000000000001,0.0
1096,11.700000000000001,0.0
1097,11.700000000000001,0.0
1098,11.700000000000001,0.0
1099,11.700000000000001,0.0
1100,11.700000000000001,0.0
1101,11.700000000000001,0.0
1102,11.700000000000001,0.0
1103,11.700000000000001,0.0
1104,11.700000000000001,0.0
1105,11.700000000000001,0.0
1106,11.700000000000001,0.0
1107,11.700000000000001,0.0
1108,11.700000000000001,0.0
1109,11.700000000000001,0.0
1110,11.700000000000001,0.0
1111,11.700000000000001,0.0
1112,11.700000000000001,0.0
1113,11.700000000000001,0.0
1114,11.700000000000001,0.0
1115,11.700000000000001,0.0
1116,11.700000000000001,0.0
1117,11.700000000000001,0.0
1118,11.700000000000001,0.0
1119,14.100000000000001,0.0
1120,14.100000000000001,0.0
1121,14.100000000000001,0.0
1122,14.100000000000001,0.0
1123,14.100000000000001,0.0
1124,14.100000000000001,0.0
1125,14.100000000000001,0.0
1126,14.100000000000001,0.0
1127,14.100000000000001,0.0
1128,14.100000000000001,0.0
1129,14.100000000000001,0.0
1130,14.100000000000001,0.0
1131,14.100000000000001,0.0
1132,14.100000000000001,0.0
1133,14.100000000000001,0.0
1134,14.100000000000001,0.0
1135,14.100000000000001,0.0
1136,14.100000000000001,0.0
1137,14.100000000000001,0.0
1138,14.100000000000001,0.0
1139,14.100000000000001,0.0
1140,14.100000000000001,0.0
1141,14.100000000000001,0.0
1142,14.100000000000001,0.0
1143,14.100000000000001,0.0
1144,14.100000000000001,0.0
1145,14.100000000000001,0.0
1146,14.100000000000001,0.0
1147,14.100000000000001,0.0
1148,14.100000000000001,0.0
1149,14.100000000000001,0.0
1150,14.100000000000001,0.0
1151,14.100000000000001,0.0
1152,14.100000000000001,0.0
1153,14.100000000000001,0.0
1154,14.100000000000001,0.0
1155,14.100000000000001,0.0
1156,14.100000000000001,0.0
1157,14.100000000000001,0.0
1158,14.100000000000001,0.0
1159,14.100000000000001,0.0
1160,14.100000000000001,0.0
1161,14.100000000000001,0.0
1162,14.100000000000001,0.0
1163,14.100000000000001,0.0
1164,14.100000000000001,0.0
1165,14.100000000000001,0.0
1166,14.100000000000001,0.0
1167,14.100000000000001,0.0
1168,14.100000000000001,0.0
1169,14.100000000000001,0.0
1170,14.100000000000001,0.0
1171,14.100000000000001,0.0
1172,14.100000000000001,0.0
1173,14.100000000000001,0.0
1174,14.100000000000001,0.0
1175,14.5,0.0
1176,14.5,0.0
1177,14.5,0.0
1178,14.5,0.0
1179,14.5,0.0
1180,14.5,0.0
1181,14.5,0.0
1182,14.5,0.0
1183,14.5,0.0
1184,14.5,0.0
1185,14.5,0.0
1186,14.5,0.0
1187,14.5,0.0
1188,14.5,0.0
1189,14.5,0.0
1190,14.5,0.0
1191,14.5,0.0
1192,14.5,0.0
1193,14.5,0.0
1194,14.5,0.0
1195,14.5,0.0
1196,14.5,0.0
1197,14.5,0.0
1198,14.5,0.0
1199,14.5,0.0
1200,14.5,0.0
1201,14.5,0.0
1202,14.5,0.0
1203,14.5,0.0
1204,14.5,0.0
1205,14.5,0.0
1206,14.5,0.0
1207,14.5,0.0
1208,14.5,0.0
1209,14.5,0.0
1210,14.5,0.0
1211,14.5,0.0
1212,14.5,0.0
1213,14.5,0.0
1214,14.5,0.0
1215,14.5,0.0
1216,14.5,0.0
1217,14.5,0.0
1218,14.5,0.0
1219,14.5,0.0
1220,14.5,0.0
1221,14.5,0.0
1222,14.5,0.0
1223,14.5,0.0
1224,14.5,0.0
1225,14.5,0.0
1226,14.5,0.0
1227,14.5,0.0
1228,14.5,0.0
1229,14.5,0.0
1230,14.5,0.0
1231,14.5,0.0
1232,14.5,0.0
1233,14.5,0.0
1234,14.5,0.0
1235,14.5,0.0
1236,14.5,0.0
1237,14.5,0.0
1238,14.5,0.0
1239,14.5,0.0
1240,14.5,0.0
1241,14.5,0.0
1242,14.5,0.0
1243,14.5,0.0
1244,14.5,0.0
1245,14.5,0.0
1246,14.5,0.0
1247,14.5,0.0
1248,14.5,0.0
1249,14.5,0.0
1250,14.5,0.0
1251,14.5,0.0
1252,14.5,0.0
1253,14.5,0.0
1254,14.5,0.0
1255,14.5,0.0
1256,14.5,0.0
1257,14.5,0.0
1258,14.5,0.0
1259,14.5,0.0
1260,14.5,0.0
1261,14.5,0.0
1262,14.5,0.0
1263,14.5,0.0
1264,14.5,0.0
1265,14.5,0.0
1266,14.5,0.0
1267,14.5,0.0
1268,14.5,0.0
1269,14.5,0.0
1270,14.5,0.0
1271,14.5,0.0
1272,14.5,0.0
1273,14.5,0.0
1274,14.5,0.0
1275,14.5,0.0
1276,14.5,0.0
1277,14.5,0.0
1278,14.5,0.0
1279,14.5,0.0
1280,14.5,0.0
1281,14.5,0.0
1282,16.1,0.0
1283,16.1,0.0
1284,16.1,0.0
1285,16.1,0.0
1286,16.1,0.0
1287,16.1,0.0
1288,16.1,0.0
1289,16.1,0.0
1290,16.1,0.0
1291,16.1,0.0
1292,16.1,0.0
1293,16.1,0.0
1294,16.1,0.0
1295,16.1,0.0
1296,16.1,0.0
1297,16.1,0.0
1298,16.1,0.0
1299,16.1,0.0
1300,16.1,0.0
1301,16.1,0.0
1302,16.1,0.0
1303,16.1,0.0
1304,16.1,0.0
1305,16.1,0.0
1306,16.1,0.0
1307,16.1,0.0
1308,16.1,0.0
1309,16.1,0.0
1310,16.1,0.0
1311,16.1,0.0
1312,16.1,0.0
1313,16.1,0.0
1314,16.1,0.0
1315,16.1,0.0
1316,16.1,0.0
1317,16.1,0.0
1318,16.1,0.0
1319,16.1,0.0
1320,16.1,0.0
1321,16.1,0.0
1322,16.1,0.0
1323,16.1,0.0
1324,16.1,0.0
1325,16.1,0.0
1326,16.1,0.0
1327,16.1,0.0
1328,16.1,0.0
1329,16.1,0.0
1330,16.1,0.0
1331,16.1,0.0
1332,16.1,0.0
1333,16.1,0.0
1334,16.1,0.0
1335,16.1,0.0
1336,16.1,0.0
1337,16.1,0.0
1338,16.1,0.0
1339,16.1,0.0
1340,16.1,0.0
1341,16.1,0.0
1342,16.1,0.0
1343,16.1,0.0
1344,16.1,0.0
1345,16.1,0.0
1346,16.1,0.0
1347,16.1,0.0
1348,16.1,0.0
1349,16.1,0.0
1350,16.1,0.0
1351,16.1,0.0
1352,16.1,0.0
1353,16.1,0.0
1354,16.1,0.0
1355,16.1,0.0
1356,16.1,0.0
1357,16.1,0.0
1358,16.1,0.0
1359,16.1,0.0
1360,16.1,0.0
1361,16.1,0.0
1362,16.1,0.0
1363,16.1,0.0
1364,16.1,0.0
1365,16.1,0.0
1366,16.1,0.0
1367,16.1,0.0
1368,16.1,0.0
1369,16.1,0.0
1370,16.1,0.0
1371,16.1,0.0
1372,16.1,0.0
1373,16.1,0.0
1374,16.1,0.0
1375,16.1,0.0
1376,16.1,0.0
1377,16.1,0.0
1378,16.1,0.0
1379,16.1,0.0
1380,16.1,0.0
1381,16.1,0.0
1382,16.1,0.0
1383,16.1,0.0
1384,16.1,0.0
1385,16.1,0.0
1386,16.5,0.0
1387,16.5,0.0
1388,16.5,0.0
1389,16.5,0.0
1390,16.5,0.0
1391,16.5,0.0
1392,16.5,0.0
1393,16.5,0.0
1394,16.5,0.0
1395,16.5,0.0
1396,16.5,0.0
1397,16.5,0.0
1398,16.5,0.0
1399,16.5,0.0
1400,16.5,0.0
1401,16.5,0.0
1402,16.5,0.0
1403,16.5,0.0
1404,16.5,0.0
1405,16.5,0.0
1406,16.5,0.0
1407,16.5,0.0
1408,16.5,0.0
1409,16.5,0.0
1410,16.5,0.0
1411,16.5,0.0
1412,16.5,0.0
1413,16.5,0.0
1414,16.5,0.0
1415,16.5,0.0
1416,16.5,0.0
1417,16.5,0.0
1418,16.5,0.0
1419,16.5,0.0
1420,16.5,0.0
1421,16.5,0.0
1422,16.5,0.0
1423,16.5,0.0
1424,16.5,0.0
1425,16.5,0.0
1426,16.5,0.0
1427,16.5,0.0
1428,16.5,0.0
1429,16.5,0.0
1430,16.5,0.0
1431,16.5,0.0
1432,16.5,0.0
1433,16.5,0.0
1434,16.5,0.0
1435,16.5,0.0
1436,16.5,0.0
1437,16.5,0.0
1438,16.5,0.0
1439,16.5,0.0
1440,16.5,0.0
1441,16.5,0.0
1442,16.5,0.0
1443,16.5,0.0
1444,16.5,0.0
1445,16.5,0.0
1446,16.5,0.0
1447,16.5,0.0
1448,16.5,0.0
1449,16.5,0.0
1450,16.5,0.0
1451,16.5,0.0
1452,16.5,0.0
1453,18.0,0.0
1454,18.0,0.0
1455,18.0,0.0
1456,18.0,0.0
1457,18.0,0.0
1458,18.0,0.0
1459,18.0,0.0
1460,18.0,0.0
1461,18.0,0.0
1462,18.0,0.0
1463,18.0,0.0
1464,18.0,0.0
1465,18.0,0.0
1466,18.0,0.0
1467,18.0,0.0
1468,18.0,0.0
1469,18.0,0.0
1470,18.0,0.0
1471,18.0,0.0
1472,18.0,0.0
1473,18.0,0.0
1474,18.0,0.0
1475,18.0,0.0
1476,18.0,0.0
1477,18.0,0.0
1478,18.0,0.0
1479,18.0,0.0
1480,18.0,0.0
1481,18.0,0.0
1482,18.0,0.0
1483,18.0,0.0
1484,18.0,0.0
1485,18.0,0.0
1486,18.0,0.0
1487,18.0,0.0
1488,18.0,0.0
1489,18.0,0.0
1490,18.0,0.0
1491,18.0,0.0
1492,18.0,0.0
1493,18.0,0.0
1494,18.0,0.0
1495,18.0,0.0
1496,18.0,0.0
1497,18.0,0.0
1498,18.0,0.0
1499,18.0,0.0
1500,18.0,0.0
1501,18.0,0.0
1502,18.0,0.0
1503,18.0,0.0
1504,18.0,0.0
1505,18.0,0.0
1506,18.0,0.0
1507,18.0,0.0
1508,18.0,0.0
1509,18.0,0.0
1510,18.0,0.0
1511,18.0,0.0
1512,18.0,0.0
1513,18.0,0.0
1514,18.0,0.0
1515,18.0,0.0
1516,18.0,0.0
1517,18.0,0.0
1518,18.0,0.0
1519,18.0,0.0
1520,18.0,0.0
1521,18.0,0.0
1522,18.0,0.0
1523,18.0,0.0
1524,18.0,0.0
1525,18.0,0.008888999386734042
1526,18.0,0.03197752473770521
1527,18.0,0.03197752473770521
1528,18.0,0.03197752473770521
1529,18.0,0.03197752473770521
1530,18.0,0.03197752473770521
1531,18.0,0.03197752473770521
1532,18.0,0.03197752473770521
1533,18.0,0.03197752473770521
1534,18.0,0.03593390018728826
1535,18.0,0.03593390018728826
1536,18.0,0.049380935806262016
1537,18.0,0.049380935806262016
1538,18.0,0.049380935806262016
1539,18.0,0.049380935806262016
1540,18.0,0.049380935806262016
1541,18.0,0.049380935806262016
1542,18.0,0.17445345001905466
1543,18.0,0.17445345001905466
1544,18.0,0.24649196956889163
1545,18.0,0.24649196956889163
1546,18.0,0.24649196956889163
1547,18.0,0.24649196956889163
1548,18.0,0.24649196956889163
1549,18.0,0.24649196956889163
1550,18.0,0.24938093580625775
1551,18.0,0.2744534500190561
1552,18.0,0.2770987685014825
1553,18.0,0.2879120879120869
1554,18.0,0.30888899938673475
1555,18.3,0.3319775247377059
1556,18.3,0.34649196956889217
1557,18.3,0.34649196956889217
1558,18.3,0.34649196956889217
1559,18.3,0.34649196956889217
1560,18.3,0.34649196956889217
1561,18.3,0.37445345001905395
1562,18.3,0.37445345001905395
1563,18.3,0.37445345001905395
1564,18.3,0.37445345001905395
1565,18.3,0.37445345001905395
1566,18.3,0.4319775247377038
1567,18.3,0.43197752473770556
1568,18.3,0.4359339001872904
1569,18.3,0.4359339001872904
1570,18.3,0.4464919695688918
1571,18.3,0.4493809358062606
1572,18.3,0.4493809358062606
1573,18.3,0.47445345001905537
1574,18.3,0.4770987685014827
1575,18.3,0.5319775247377052
1576,18.3,0.5319775247377052
1577,18.3,0.5744534500190532
1578,18.3,0.5744534500190532
1579,18.3,0.5744534500190532
1580,18.3,0.5744534500190532
1581,18.3,0.5744534500190532
1582,18.3,0.5744534500190532
1583,18.3,0.5744534500190532
1584,18.3,0.5852783717037102
1585,18.3,0.6088889993867355
1586,18.3,0.646491969568892
1587,18.3,0.6493809358062634
1588,18.3,0.6493809358062634
1589,18.3,0.6493809358062634
1590,18.3,0.7088889993867333
1591,18.3,0.7088889993867333
1592,18.3,0.7088889993867333
1593,18.3,0.7879120879120833
1594,18.3,0.8284156266056719
1595,18.3,0.8319775247377041
1596,18.3,0.8348780932491273
1597,18.3,0.8493809358062663
1598,18.3,0.8493809358062663
1599,18.3,0.8493809358062663
1600,18.3,0.874453450019054
1601,18.3,0.874453450019054
1602,18.3,0.8879120879120848
1603,18.3,0.8879120879120848
1604,18.3,0.9319775247377038
1605,18.3,0.962584323670292
1606,18.3,1.0464919695688915
1607,18.3,1.0744534500190532
1608,18.3,1.131977524737703
1609,18.3,1.131977524737703
1610,18.3,1.131977524737703
1611,18.3,1.131977524737703
1612,18.3,1.131977524737703
1613,18.3,1.131977524737703
1614,18.3,1.1319775247377049
1615,18.3,1.1319775247377049
1616,18.3,1.1359339001872897
1617,18.3,1.146491969568891
1618,18.3,1.146491969568892
1619,18.3,1.146491969568892
1620,18.3,1.146491969568892
1621,18.3,1.146491969568892
1622,18.3,1.1493809358062634
1623,18.3,1.1493809358062634
1624,18.3,1.1744534500190547
1625,18.3,1.1744534500190547
1626,18.3,1.1744534500190547
1627,18.3,1.1744534500190547
1628,18.3,1.1744534500190547
1629,18.3,1.1879120879120855
1630,18.3,1.2319775247377045
1631,18.3,1.2319775247377045
1632,18.3,1.2319775247377045
1633,18.3,1.2319775247377045
1634,18.3,1.2493809358062649
1635,18.3,1.2493809358062649
1636,18.3,1.2493809358062649
1637,18.3,1.2744534500190525
1638,18.3,1.3464919695688913
1639,18.3,1.3464919695688913
1640,18.3,1.3744534500190575
1641,18.3,1.3744534500190575
1642,18.3,1.3744534500190575
1643,18.3,1.3744534500190575
1644,18.3,1.3782822004541444
1645,18.3,1.4319775247377038
1646,18.3,1.4744534500190518
1647,18.3,1.4889678948502443
1648,18.3,1.549380935806262
1649,20.0,1.549380935806262
1650,20.0,1.549380935806262
1651,20.0,1.549380935806262
1652,20.0,1.549380935806262
1653,20.0,1.549380935806262
1654,20.0,1.549380935806262
1655,20.0,1.549380935806262
1656,20.0,1.6319775247377049
1657,20.0,1.6319775247377049
1658,20.0,1.6319775247377049
1659,20.0,1.6493809358062563
1660,20.0,1.6603373499301028
1661,20.0,1.7207619931601776
1662,20.0,1.7348780932491294
1663,20.0,1.7464919695688916
1664,20.0,1.7464919695688916
1665,20.0,1.7464919695688916
1666,20.0,1.7464919695688925
1667,20.0,1.7493809358062578
1668,20.0,1.7493809358062578
1669,20.0,1.7493809358062578
1670,20.0,1.7493809358062578
1671,20.0,1.7493809358062578
1672,20.0,1.7493809358062578
1673,20.0,1.7493809358062578
1674,20.0,1.7493809358062649
1675,20.0,1.7493809358062649
1676,20.0,1.7493809358062649
1677,20.0,1.7573052889794916
1678,20.0,1.7603373499301043
1679,20.0,1.774453450019056
1680,20.0,1.774453450019056
1681,20.0,1.774453450019056
1682,20.0,1.787912087912087
1683,20.0,1.8088889993867312
1684,20.0,1.8319775247377041
1685,20.0,1.8319775247377041
1686,20.0,1.831977524737706
1687,20.0,1.8493809358062592
1688,20.0,1.8603373499301021
1689,20.0,1.874453450019054
1690,20.0,1.8744534500190575
1691,20.0,1.9464919695688918
1692,20.0,1.9493809358062606
1693,20.0,1.9493809358062606
1694,20.0,1.9493809358062606
1695,20.0,1.9493809358062606
1696,20.0,1.9493809358062606
1697,20.0,1.9493809358062606
1698,20.0,1.9879120879120826
1699,20.0,2.03487809324913
1700,20.0,2.03487809324913
1701,20.0,2.03487809324913
1702,20.0,2.0464919695688915
1703,20.0,2.0744534500190532
1704,20.0,2.0744534500190532
1705,20.0,2.0744534500190532
1706,20.0,2.1088889993867355
1707,20.0,2.131977524737703
1708,20.0,2.131977524737703
1709,20.0,2.131977524737703
1710,20.0,2.131977524737703
1711,20.0,2.131977524737705
1712,20.0,2.131977524737705
1713,20.0,2.1348780932491316
1714,20.0,2.1493809358062634
1715,20.1,2.1493809358062634
1716,20.1,2.1493809358062634
1717,20.1,2.160337349930103
1718,20.1,2.2088889993867333
1719,20.1,2.2464919695688916
1720,20.1,2.249380935806265
1721,20.1,2.249380935806265
1722,20.1,2.249380935806265
1723,20.1,2.249380935806265
1724,20.1,2.249380935806265
1725,20.1,2.249380935806265
1726,20.1,2.346491969568892
1727,20.1,2.346491969568892
1728,20.1,2.346491969568892
1729,20.1,2.374453450019054
1730,20.1,2.374453450019054
1731,20.1,2.374453450019054
1732,20.1,2.374453450019054
1733,20.1,2.374453450019054
1734,20.1,2.4348780932491287
1735,20.1,2.4348780932491287
1736,20.1,2.4359339001872904
1737,20.1,2.446491969568892
1738,20.1,2.446491969568892
1739,20.1,2.531977524737705
1740,20.1,2.531977524737705
1741,20.1,2.531977524737705
1742,20.1,2.549380935806262
1743,20.1,2.549380935806262
1744,20.1,2.5744534500190532
1745,20.1,2.5744534500190532
1746,20.1,2.5744534500190532
1747,20.1,2.587912087912084
1748,20.1,2.631977524737703
1749,20.1,2.6319775247377066
1750,20.1,2.6591500505527605
1751,20.1,2.660337349930103
1752,20.1,2.6744534500190547
1753,20.1,2.7493809358062578
1754,20.1,2.774453450019056
1755,20.1,2.774453450019056
1756,20.1,2.774453450019056
1757,20.1,2.831977524737706
1758,20.1,2.8348780932491273
1759,20.1,2.8493809358062663
1760,20.1,2.8493809358062663
1761,20.1,2.8493809358062663
1762,20.1,2.8493809358062663
1763,20.1,2.8493809358062663
1764,20.1,2.8782822004541444
1765,20.1,2.8879120879120848
1766,20.1,2.8879120879120848
1767,20.1,2.8879120879120848
1768,20.1,2.931977524737704
1769,20.1,2.931977524737704
1770,20.1,2.974453450019052
1771,20.1,2.974453450019052
1772,20.1,2.974453450019052
1773,20.1,2.974453450019052
1774,20.1,2.974453450019052
1775,20.1,2.974453450019052
1776,20.1,2.9896292244708533
1777,20.1,3.0053271012547
1778,20.1,3.008888999386734
1779,20.1,3.031977524737705
1780,20.1,3.031977524737705
1781,20.1,3.1359339001872897
1782,20.1,3.1359339001872897
1783,20.1,3.1493809358062634
1784,20.1,3.1493809358062634
1785,20.1,3.1744534500190547
1786,20.1,3.2348780932491294
1787,20.1,3.2348780932491294
1788,20.1,3.235933900187291
1789,20.1,3.235933900187291
1790,20.1,3.274453450019056
1791,20.1,3.274453450019056
1792,20.1,3.274453450019056
1793,20.1,3.274453450019056
1794,20.1,3.274453450019056
1795,20.1,3.274453450019056
1796,20.1,3.274453450019056
1797,20.1,3.334878093249131
1798,20.1,3.346491969568892
1799,20.200000000000003,3.349380935806259
1800,20.200000000000003,3.349380935806259
1801,20.200000000000003,3.349380935806259
1802,20.200000000000003,3.4088889993867326
1803,20.200000000000003,3.4088889993867326
1804,20.200000000000003,3.446491969568892
1805,20.200000000000003,3.4493809358062606
1806,20.200000000000003,3.4493809358062606
1807,20.200000000000003,3.4493809358062606
1808,20.200000000000003,3.4879120879120826
1809,20.200000000000003,3.4896292244708533
1810,20.200000000000003,3.531977524737705
1811,20.200000000000003,3.531977524737705
1812,20.200000000000003,3.531977524737705
1813,20.200000000000003,3.53487809324913
1814,20.200000000000003,3.53487809324913
1815,20.200000000000003,3.5359339001872883
1816,20.200000000000003,3.5359339001872883
1817,20.200000000000003,3.5464919695688915
1818,20.200000000000003,3.549380935806262
1819,20.200000000000003,3.549380935806262
1820,20.200000000000003,3.5744534500190532
1821,20.200000000000003,3.5744534500190532
1822,20.200000000000003,3.5744534500190532
1823,20.200000000000003,3.5744534500190532
1824,20.200000000000003,3.5744534500190532
1825,20.200000000000003,3.5744534500190532
1826,20.200000000000003,3.646491969568891
1827,20.200000000000003,3.646491969568891
1828,20.200000000000003,3.6744534500190547
1829,20.200000000000003,3.6889678948502436
1830,20.200000000000003,3.7348780932491294
1831,20.200000000000003,3.735933900187291
1832,20.200000000000003,3.831977524737706
1833,20.200000000000003,3.8493809358062663
1834,20.200000000000003,3.8493809358062663
1835,20.200000000000003,3.874453450019054
1836,20.200000000000003,3.931977524737704
1837,20.200000000000003,3.931977524737704
1838,20.200000000000003,3.935933900187287
1839,20.200000000000003,3.935933900187287
1840,20.200000000000003,3.987912087912086
1841,20.200000000000003,4.031977524737705
1842,20.200000000000003,4.074453450019053
1843,20.200000000000003,4.134878093249128
1844,20.200000000000003,4.146491969568891
1845,20.200000000000003,4.149380935806256
1846,20.200000000000003,4.149380935806256
1847,20.200000000000003,4.1955695887822575
1848,20.200000000000003,4.249380935806258
1849,20.200000000000003,4.249380935806258
1850,20.200000000000003,4.249380935806258
1851,20.200000000000003,4.249380935806258
1852,20.200000000000003,4.249380935806258
1853,20.200000000000003,4.249380935806258
1854,20.200000000000003,4.274453450019056
1855,20.200000000000003,4.274453450019056
1856,20.200000000000003,4.331977524737702
1857,20.200000000000003,4.331977524737702
1858,20.200000000000003,4.331977524737706
1859,20.200000000000003,4.334878093249127
1860,20.200000000000003,4.346491969568892
1861,20.200000000000003,4.387912087912085
1862,20.200000000000003,4.457305288979491
1863,20.200000000000003,4.478282200454146
1864,20.200000000000003,4.5053271012547
1865,20.200000000000003,4.508888999386734
1866,20.200000000000003,4.508888999386734
1867,20.200000000000003,4.549380935806262
1868,20.200000000000003,4.549380935806262
1869,20.200000000000003,4.549380935806262
1870,21.1,4.549380935806262
1871,21.1,4.549380935806262
1872,21.1,4.549380935806262
1873,21.1,4.631977524737703
1874,21.1,4.631977524737703
1875,21.1,4.646491969568893
1876,21.1,4.649380935806263
1877,21.1,4.650715197321532
1878,21.1,4.674453450019055
1879,21.1,4.674453450019055
1880,21.1,4.674453450019055
1881,21.1,4.674453450019055
1882,21.1,4.674453450019055
1883,21.1,4.674453450019055
1884,21.1,4.674453450019055
1885,21.1,4.674453450019055
1886,21.1,4.6879120879120855
1887,21.1,4.7319775247377045
1888,21.1,4.746491969568891
1889,21.1,4.749380935806265
1890,21.1,4.749380935806265
1891,21.1,4.7744534500190525
1892,21.1,4.7744534500190525
1893,21.1,4.808888999386735
1894,21.1,4.835933900187289
1895,21.1,4.887912087912085
1896,21.1,4.949380935806261
1897,21.1,4.949380935806261
1898,21.1,4.949380935806261
1899,21.1,4.949380935806261
1900,21.1,4.974453450019052
1901,21.1,4.974453450019052
1902,21.1,4.974453450019052
1903,21.1,4.974453450019055
1904,21.1,4.974453450019055
1905,21.1,4.974453450019055
1906,21.1,4.974453450019055
1907,21.1,4.974453450019055
1908,21.1,4.974453450019055
1909,21.1,5.031977524737705
1910,21.1,5.031977524737705
1911,21.1,5.134878093249128
1912,21.1,5.146491969568893
1913,21.1,5.149380935806263
1914,21.1,5.149380935806263
1915,21.1,5.149380935806263
1916,21.1,5.160337349930103
1917,21.1,5.174453450019055
1918,21.1,5.2319775247377045
1919,21.1,5.2319775247377045
1920,21.1,5.2348780932491294
1921,21.1,5.234878093249133
1922,21.1,5.2744534500190525
1923,21.1,5.2744534500190525
1924,21.1,5.274453450019056
1925,21.1,5.274453450019056
1926,21.1,5.274453450019056
1927,21.1,5.349380935806266
1928,21.1,5.349380935806266
1929,21.1,5.359150050552763
1930,21.1,5.434878093249129
1931,21.1,5.446491969568892
1932,21.1,5.474453450019059
1933,21.1,5.474453450019059
1934,21.1,5.474453450019059
1935,21.1,5.474453450019059
1936,21.1,5.477098768501482
1937,22.5,5.5464919695688915
1938,22.5,5.631977524737707
1939,22.5,5.634878093249132
1940,22.5,5.646491969568893
1941,22.5,5.649380935806263
1942,22.5,5.649380935806263
1943,22.5,5.649380935806263
1944,22.5,5.746491969568891
1945,22.5,5.749125685777269
1946,22.5,5.749380935806265
1947,22.5,5.749380935806265
1948,22.5,5.749380935806265
1949,22.5,5.7770987685014825
1950,22.5,5.787912087912087
1951,22.5,5.787912087912087
1952,22.5,5.787912087912087
1953,22.5,5.808888999386735
1954,22.5,5.831977524737702
1955,22.5,5.846491969568892
1956,22.5,5.846491969568892
1957,22.5,5.934878093249129
1958,22.5,5.934878093249129
1959,22.5,5.934878093249129
1960,22.5,5.934878093249129
1961,22.5,5.949380935806261
1962,22.5,5.949380935806261
1963,22.5,5.949380935806268
1964,22.5,5.949380935806268
1965,22.5,5.949380935806268
1966,22.5,5.987912087912086
1967,22.5,6.031977524737705
1968,22.5,6.046491969568893
1969,22.5,6.049380935806262
1970,22.5,6.059150050552763
1971,22.5,6.074453450019053
1972,22.5,6.074453450019053
1973,22.5,6.087912087912084
1974,22.5,6.188967894850244
1975,22.5,6.208888999386733
1976,22.5,6.208888999386733
1977,22.5,6.2319775247377045
1978,22.5,6.2319775247377045
1979,22.5,6.274453450019056
1980,22.5,6.274453450019056
1981,22.5,6.334878093249127
1982,22.5,6.349380935806259
1983,22.5,6.349380935806259
1984,22.5,6.349380935806259
1985,22.5,6.349380935806259
1986,22.5,6.349380935806259
1987,22.5,6.349380935806259
1988,22.5,6.387912087912085
1989,22.5,6.449380935806268
1990,22.5,6.449380935806268
1991,22.5,6.474453450019055
1992,22.5,6.487912087912086
1993,22.5,6.508888999386734
1994,22.5,6.535933900187288
1995,22.5,6.535933900187288
1996,22.5,6.535933900187288
1997,22.5,6.5464919695688915
1998,22.5,6.549380935806262
1999,22.5,6.562584323670293
2000,22.5,6.574453450019053
2001,22.5,6.587912087912084
2002,22.5,6.587912087912084
2003,22.5,6.587912087912084
2004,22.5,6.631977524737703
2005,22.5,6.631977524737703
2006,22.5,6.631977524737707
2007,22.5,6.631977524737707
2008,22.5,6.634878093249132
2009,22.5,6.63593390018729
2010,22.5,6.674453450019055
2011,22.5,6.674453450019055
2012,22.5,6.674453450019055
2013,22.5,6.721817800098343
2014,22.5,6.7319775247377045
2015,22.5,6.7319775247377045
2016,22.5,6.7319775247377045
2017,22.5,6.749380935806265
2018,22.5,6.749380935806265
2019,22.5,6.749380935806265
2020,22.5,6.749380935806265
2021,23.8,6.749380935806265
2022,23.8,6.757305288979492
2023,23.8,6.757305288979492
2024,23.8,6.787912087912083
2025,23.8,6.834878093249131
2026,23.8,6.835933900187289
2027,23.8,6.846491969568892
2028,23.8,6.846491969568892
2029,23.8,6.849380935806266
2030,23.8,6.849380935806266
2031,23.8,6.849380935806266
2032,23.8,6.849380935806266
2033,23.8,6.849380935806266
2034,23.8,6.849380935806266
2035,23.8,6.849380935806266
2036,23.8,6.849380935806266
2037,23.8,6.849380935806266
2038,23.8,6.865484892181723
2039,23.8,6.887912087912085
2040,23.8,6.908888999386733
2041,23.8,6.908888999386733
2042,23.8,6.908888999386733
2043,23.8,6.908888999386733
2044,23.8,6.908888999386733
2045,23.8,6.946491969568894
2046,23.8,6.987912087912086
2047,23.8,7.031977524737705
2048,23.8,7.031977524737705
2049,23.8,7.031977524737705
2050,23.8,7.03487809324913
2051,23.8,7.087912087912084
2052,23.8,7.146491969568893
2053,23.8,7.146491969568893
2054,23.8,7.146491969568893
2055,23.8,7.1879120879120855
2056,23.8,7.2348780932491294
2057,23.8,7.2348780932491294
2058,23.8,7.2348780932491294
2059,23.8,7.266540699119879
2060,23.8,7.308888999386731
2061,23.8,7.387912087912088
2062,23.8,7.387912087912088
2063,23.8,7.388967894850246
2064,23.8,7.428415626605673
2065,23.8,7.431977524737704
2066,23.8,7.431977524737704
2067,23.8,7.434878093249132
2068,23.8,7.474453450019055
2069,23.8,7.487912087912083
2070,23.8,7.487912087912083
2071,23.8,7.546491969568893
2072,23.8,7.631977524737707
2073,23.8,7.631977524737707
2074,23.8,7.634878093249128
2075,23.8,7.646491969568893
2076,23.8,7.688967894850244
2077,23.8,7.735933900187291
2078,23.8,7.735933900187291
2079,23.8,7.766540699119883
2080,23.8,7.774453450019056
2081,23.8,7.774453450019056
2082,23.8,7.774453450019056
2083,23.8,7.787912087912087
2084,23.8,7.808888999386735
2085,23.8,7.887912087912085
2086,23.8,7.887912087912085
2087,23.8,7.949380935806261
2088,23.8,7.949380935806261
2089,23.8,7.949380935806261
2090,23.8,7.949380935806261
2091,23.8,7.949380935806261
2092,23.8,7.949380935806261
2093,23.8,7.949380935806261
2094,23.8,7.949380935806261
2095,23.8,7.949380935806261
2096,23.8,7.949380935806261
2097,23.8,7.9917292360731125
2098,23.8,8.03487809324913
2099,23.8,8.03487809324913
2100,23.8,8.049380935806262
2101,23.8,8.049380935806262
2102,23.8,8.057305288979492
2103,23.8,8.074453450019053
2104,23.8,8.074453450019053
2105,23.8,8.074453450019053
2106,23.8,8.108888999386735
2107,23.8,8.149380935806263
2108,23.8,8.149380935806263
2109,23.8,8.149380935806263
2110,23.8,8.149380935806263
2111,23.8,8.174453450019055
2112,23.8,8.174453450019055
2113,23.8,8.174453450019055
2114,23.8,8.174453450019055
2115,27.6,8.174453450019055
2116,27.6,8.208888999386733
2117,27.6,8.208888999386733
2118,27.6,8.231977524737704
2119,27.6,8.234878093249133
2120,27.6,8.235933900187291
2121,27.6,8.246491969568893
2122,27.6,8.249380935806265
2123,27.6,8.249380935806265
2124,27.6,8.249380935806265
2125,27.6,8.249380935806265
2126,27.6,8.249380935806265
2127,27.6,8.249380935806265
2128,27.6,8.249380935806265
2129,27.6,8.249380935806265
2130,27.6,8.249380935806265
2131,27.6,8.249380935806265
2132,27.6,8.274453450019056
2133,27.6,8.331977524737706
2134,27.6,8.331977524737706
2135,27.6,8.331977524737706
2136,27.6,8.33487809324913
2137,27.6,8.346491969568891
2138,27.6,8.34938093580626
2139,27.6,8.34938093580626
2140,27.6,8.34938093580626
2141,27.6,8.34938093580626
2142,27.6,8.34938093580626
2143,27.6,8.34938093580626
2144,27.6,8.34938093580626
2145,27.6,8.34938093580626
2146,27.6,8.374453450019057
2147,27.6,8.374453450019057
2148,27.6,8.374453450019057
2149,27.6,8.374453450019057
2150,27.6,8.408888999386733
2151,27.6,8.431977524737704
2152,27.6,8.4603373499301
2153,27.6,8.474453450019052
2154,27.6,8.474453450019059
2155,27.6,8.474453450019059
2156,27.6,8.474453450019059
2157,27.6,8.474453450019059
2158,27.6,8.474453450019059
2159,27.6,8.531977524737705
2160,27.6,8.608888999386732
2161,27.6,8.608888999386732
2162,27.6,8.708888999386733
2163,27.6,8.735933900187288
2164,27.6,8.746491969568893
2165,27.6,8.749380935806258
2166,27.6,8.749380935806258
2167,27.6,8.787912087912087
2168,27.6,8.831977524737706
2169,27.6,8.831977524737706
2170,27.6,8.87445345001905
2171,27.6,8.87445345001905
2172,27.6,8.874453450019057
2173,27.6,8.874453450019057
2174,27.6,8.908888999386733
2175,27.6,8.908888999386733
2176,27.6,8.946491969568893
2177,27.6,8.987912087912083
2178,27.6,8.987912087912083
2179,27.6,9.03487809324913
2180,27.6,9.108888999386732
2181,27.6,9.108888999386732
2182,27.6,9.131977524737703
2183,27.6,9.174453450019055
2184,27.6,9.23487809324913
2185,27.6,9.23487809324913
2186,27.6,9.249380935806258
2187,27.6,9.249380935806258
2188,27.6,9.249380935806258
2189,27.6,9.249380935806258
2190,27.6,9.249380935806258
2191,27.6,9.249380935806258
2192,27.6,9.249380935806258
2193,27.6,9.249380935806258
2194,27.6,9.266540699119883
2195,27.700000000000003,9.287912087912087
2196,27.700000000000003,9.308888999386731
2197,27.700000000000003,9.308888999386735
2198,27.700000000000003,9.331977524737702
2199,27.700000000000003,9.33487809324913
2200,27.700000000000003,9.44938093580626
2201,27.700000000000003,9.44938093580626
2202,27.700000000000003,9.44938093580626
2203,27.700000000000003,9.44938093580626
2204,27.700000000000003,9.44938093580626
2205,27.700000000000003,9.44938093580626
2206,27.700000000000003,9.44938093580626
2207,27.700000000000003,9.44938093580626
2208,27.700000000000003,9.44938093580626
2209,27.700000000000003,9.44938093580626
2210,27.700000000000003,9.44938093580626
2211,27.700000000000003,9.44938093580626
2212,27.700000000000003,9.44938093580626
2213,27.700000000000003,9.549380935806262
2214,27.700000000000003,9.549380935806262
2215,27.700000000000003,9.549380935806262
2216,27.700000000000003,9.549380935806262
2217,27.700000000000003,9.549380935806262
2218,27.700000000000003,9.549380935806262
2219,27.700000000000003,9.549380935806262
2220,27.700000000000003,9.549380935806262
2221,27.700000000000003,9.549380935806262
2222,27.700000000000003,9.549380935806262
2223,27.700000000000003,9.549380935806262
2224,27.700000000000003,9.549380935806262
2225,27.700000000000003,9.549380935806262
2226,27.700000000000003,9.560337349930101
2227,27.700000000000003,9.574453450019053
2228,27.700000000000003,9.574453450019053
2229,27.700000000000003,9.587912087912084
2230,27.700000000000003,9.608888999386735
2231,27.700000000000003,9.631977524737707
2232,27.700000000000003,9.631977524737707
2233,27.700000000000003,9.631977524737707
2234,27.700000000000003,9.649380935806263
2235,27.700000000000003,9.708888999386733
2236,27.700000000000003,9.708888999386733
2237,27.700000000000003,9.774453450019056
2238,27.700000000000003,9.774453450019056
2239,27.700000000000003,9.831977524737706
2240,27.700000000000003,9.834878093249127
2241,27.700000000000003,9.834878093249127
2242,27.700000000000003,9.834878093249127
2243,27.700000000000003,9.834878093249127
2244,27.700000000000003,9.834878093249127
2245,27.700000000000003,9.835933900187289
2246,27.700000000000003,9.84938093580626
2247,27.700000000000003,9.84938093580626
2248,27.700000000000003,9.84938093580626
2249,27.700000000000003,9.84938093580626
2250,27.700000000000003,9.84938093580626
2251,27.700000000000003,9.84938093580626
2252,27.700000000000003,9.84938093580626
2253,27.700000000000003,10.031977524737705
2254,27.700000000000003,10.031977524737705
2255,27.700000000000003,10.035933900187288
2256,27.700000000000003,10.035933900187288
2257,27.700000000000003,10.04938093580627
2258,27.700000000000003,10.134878093249132
2259,27.700000000000003,10.13593390018729
2260,27.700000000000003,10.13593390018729
2261,27.700000000000003,10.149380935806263
2262,27.700000000000003,10.149380935806263
2263,28.8,10.149380935806263
2264,28.8,10.149380935806263
2265,28.8,10.149380935806263
2266,28.8,10.149380935806263
2267,28.8,10.149380935806263
2268,28.8,10.149380935806263
2269,28.8,10.149380935806263
2270,28.8,10.149380935806263
2271,28.8,10.149380935806263
2272,28.8,10.149380935806263
2273,28.8,10.149380935806263
2274,28.8,10.149380935806263
2275,28.8,10.149380935806263
2276,28.8,10.149380935806263
2277,28.8,10.149380935806263
2278,28.8,10.174453450019055
2279,28.8,10.174453450019055
2280,28.8,10.174453450019055
2281,28.8,10.174453450019055
2282,28.8,10.231977524737704
2283,28.8,10.231977524737704
2284,28.8,10.231977524737704
2285,28.8,10.274453450019056
2286,28.8,10.274453450019056
2287,28.8,10.274453450019056
2288,28.8,10.287912087912087
2289,28.8,10.331977524737706
2290,28.8,10.34912568577727
2291,28.8,10.374453450019057
2292,28.8,10.374453450019057
2293,28.8,10.374453450019057
2294,28.8,10.431977524737704
2295,28.8,10.431977524737704
2296,28.8,10.434878093249129
2297,28.8,10.434878093249129
2298,28.8,10.531977524737705
2299,28.8,10.531977524737705
2300,28.8,10.531977524737705
2301,28.8,10.531977524737705
2302,28.8,10.549380935806262
2303,28.8,10.549380935806262
2304,28.8,10.549380935806262
2305,28.8,10.574453450019053
2306,28.8,10.649380935806263
2307,28.8,10.649380935806263
2308,28.8,10.649380935806263
2309,28.8,10.674453450019055
2310,28.8,10.687912087912085
2311,28.8,10.731977524737704
2312,28.8,10.735933900187291
2313,28.8,10.931977524737704
2314,28.8,10.934878093249132
2315,28.8,10.934878093249132
2316,28.8,10.974453450019059
2317,28.8,10.974453450019059
2318,28.8,10.978282200454142
2319,28.8,10.987912087912083
2320,28.8,10.987912087912086
2321,28.8,11.04649196956889
2322,28.8,11.108888999386735
2323,28.8,11.134878093249132
2324,28.8,11.134878093249132
2325,28.8,11.13593390018729
2326,28.8,11.149380935806263
2327,28.8,11.149380935806263
2328,28.8,11.149380935806263
2329,28.8,11.149380935806263
2330,28.8,11.149380935806263
2331,28.8,11.149380935806263
2332,28.8,11.149380935806263
2333,28.8,11.149380935806263
2334,28.8,11.149380935806263
2335,28.8,11.149380935806263
2336,28.8,11.274453450019056
2337,28.8,11.331977524737702
2338,28.8,11.331977524737702
2339,28.8,11.405327101254702
2340,28.8,11.449380935806268
2341,28.8,11.449380935806268
2342,28.8,11.449380935806268
2343,28.8,11.474453450019059
2344,28.8,11.474453450019059
2345,28.8,11.531977524737705
2346,28.8,11.53487809324913
2347,28.8,11.549380935806262
2348,28.8,11.549380935806262
2349,28.8,11.549380935806262
2350,28.8,11.549380935806262
2351,28.8,11.574453450019053
2352,28.8,11.574453450019053
2353,28.8,11.631977524737707
2354,28.8,11.674453450019055
2355,28.8,11.74649196956889
2356,28.8,11.74649196956889
2357,28.8,11.774453450019049
2358,28.8,11.774453450019056
2359,28.8,11.831977524737706
2360,28.8,11.831977524737706
2361,28.8,11.83487809324913
2362,28.8,11.84938093580626
2363,28.8,11.84938093580626
2364,28.8,11.84938093580626
2365,28.8,11.84938093580626
2366,28.8,11.84938093580626
2367,28.8,11.84938093580626
2368,28.8,11.84938093580626
2369,28.8,11.931977524737704
2370,28.8,11.93593390018729
2371,28.8,11.94938093580626
2372,28.8,11.94938093580626
2373,28.8,11.94938093580626
2374,28.8,11.94938093580626
2375,28.8,11.974453450019052
2376,28.8,11.974453450019052
2377,28.8,12.049380935806262
2378,28.8,12.049380935806262
2379,28.8,12.049380935806262
2380,28.8,12.049380935806262
2381,28.8,12.049380935806262
2382,28.8,12.049380935806262
2383,28.8,12.049380935806262
2384,30.200000000000003,12.049380935806262
2385,30.200000000000003,12.049380935806262
2386,30.200000000000003,12.049380935806262
2387,30.200000000000003,12.049380935806262
2388,30.200000000000003,12.049380935806262
2389,30.200000000000003,12.087912087912084
2390,30.200000000000003,12.087912087912084
2391,30.200000000000003,12.087912087912084
2392,30.200000000000003,12.121817800098341
2393,30.200000000000003,12.134878093249132
2394,30.200000000000003,12.146491969568892
2395,30.200000000000003,12.146491969568892
2396,30.200000000000003,12.274453450019056
2397,30.200000000000003,12.274453450019056
2398,30.200000000000003,12.274453450019056
2399,30.200000000000003,12.278282200454147
2400,30.200000000000003,12.287912087912087
2401,30.200000000000003,12.287912087912087
2402,30.200000000000003,12.346491969568891
2403,30.200000000000003,12.431977524737704
2404,30.200000000000003,12.574453450019053
2405,30.200000000000003,12.574453450019053
2406,30.200000000000003,12.574453450019053
2407,30.200000000000003,12.574453450019053
2408,30.200000000000003,12.574453450019053
2409,30.200000000000003,12.674453450019055
2410,30.200000000000003,12.674453450019055
2411,30.200000000000003,12.674453450019055
2412,30.200000000000003,12.674453450019055
2413,30.200000000000003,12.674453450019055
2414,30.200000000000003,12.674453450019055
2415,30.200000000000003,12.678282200454145
2416,30.200000000000003,12.731977524737704
2417,30.200000000000003,12.731977524737704
2418,30.200000000000003,12.731977524737704
2419,30.200000000000003,12.731977524737704
2420,30.200000000000003,12.774453450019056
2421,30.200000000000003,12.808888999386735
2422,30.200000000000003,12.831977524737706
2423,30.200000000000003,12.83487809324913
2424,30.200000000000003,12.874453450019057
2425,30.200000000000003,12.874453450019057
2426,30.200000000000003,12.874453450019057
2427,30.200000000000003,12.874453450019057
2428,30.200000000000003,12.874453450019057
2429,30.200000000000003,12.931977524737704
2430,30.200000000000003,12.934878093249129
2431,30.200000000000003,12.94938093580626
2432,30.200000000000003,12.94938093580626
2433,30.200000000000003,12.94938093580626
2434,30.200000000000003,12.94938093580626
2435,30.200000000000003,12.94938093580626
2436,30.200000000000003,12.94938093580626
2437,30.200000000000003,12.94938093580626
2438,30.200000000000003,12.94938093580626
2439,30.200000000000003,12.94938093580626
2440,30.200000000000003,12.94938093580626
2441,30.200000000000003,12.94938093580626
2442,30.200000000000003,12.94938093580626
2443,30.200000000000003,12.94938093580626
2444,30.200000000000003,12.94938093580626
2445,30.200000000000003,12.94938093580626
2446,30.200000000000003,12.94938093580626
2447,30.200000000000003,12.94938093580626
2448,30.200000000000003,12.94938093580626
2449,30.200000000000003,12.94938093580626
2450,30.200000000000003,12.94938093580626
2451,30.200000000000003,12.974453450019059
2452,30.200000000000003,13.005593953557753
2453,30.200000000000003,13.008888999386734
2454,30.200000000000003,13.016801750285914
2455,30.200000000000003,13.031977524737705
2456,30.200000000000003,13.031977524737705
2457,30.200000000000003,13.049380935806262
2458,30.200000000000003,13.049380935806262
2459,30.200000000000003,13.049380935806262
2460,30.200000000000003,13.049380935806262
2461,30.200000000000003,13.049380935806262
2462,30.200000000000003,13.049380935806262
2463,30.200000000000003,13.074453450019053
2464,30.200000000000003,13.162584323670291
2465,30.200000000000003,13.231977524737708
2466,30.200000000000003,13.235933900187291
2467,30.200000000000003,13.246491969568893
2468,30.200000000000003,13.308888999386738
2469,30.200000000000003,13.331977524737702
2470,30.200000000000003,13.331977524737702
2471,30.200000000000003,13.331977524737706
2472,30.200000000000003,13.331977524737706
2473,30.200000000000003,13.331977524737706
2474,30.200000000000003,13.331977524737706
2475,30.200000000000003,13.349380935806266
2476,30.200000000000003,13.349380935806266
2477,30.200000000000003,13.349380935806266
2478,30.200000000000003,13.349380935806266
2479,30.200000000000003,13.349380935806266
2480,30.200000000000003,13.53487809324913
2481,30.200000000000003,13.631977524737707
2482,30.200000000000003,13.731977524737704
2483,30.200000000000003,13.774453450019056
2484,30.200000000000003,13.774453450019056
2485,30.200000000000003,13.774453450019056
2486,30.200000000000003,13.787912087912087
2487,30.200000000000003,13.787912087912087
2488,30.200000000000003,13.908888999386733
2489,30.200000000000003,13.931977524737704
2490,30.200000000000003,13.987912087912086
2491,30.200000000000003,13.987912087912086
2492,30.200000000000003,14.028415626605671
2493,30.200000000000003,14.031977524737705
2494,30.200000000000003,14.03487809324913
2495,30.200000000000003,14.074453450019053
2496,30.200000000000003,14.074453450019053
2497,30.200000000000003,14.074453450019053
2498,33.9,14.074453450019053
2499,33.9,14.074453450019053
2500,33.9,14.074453450019053
2501,33.9,14.074453450019053
2502,33.9,14.074453450019053
2503,33.9,14.074453450019053
2504,33.9,14.074453450019053
2505,33.9,14.074453450019053
2506,33.9,14.074453450019053
2507,33.9,14.074453450019053
2508,33.9,14.108888999386735
2509,33.9,14.174453450019055
2510,33.9,14.174453450019055
2511,33.9,14.231977524737704
2512,33.9,14.231977524737704
2513,33.9,14.231977524737704
2514,33.9,14.235933900187291
2515,33.9,14.249380935806265
2516,33.9,14.274453450019049
2517,33.9,14.274453450019049
2518,33.9,14.274453450019056
2519,33.9,14.274453450019056
2520,33.9,14.274453450019056
2521,33.9,14.287912087912087
2522,33.9,14.335933900187293
2523,33.9,14.34938093580626
2524,33.9,14.360337349930099
2525,33.9,14.37445345001905
2526,33.9,14.37445345001905
2527,33.9,14.374453450019057
2528,33.9,14.374453450019057
2529,33.9,14.387912087912088
2530,33.9,14.474453450019059
2531,33.9,14.474453450019059
2532,33.9,14.48791208791209
2533,33.9,14.508888999386734
2534,33.9,14.54649196956889
2535,33.9,14.549380935806262
2536,33.9,14.549380935806262
2537,33.9,14.549380935806262
2538,33.9,14.549380935806262
2539,33.9,14.549380935806262
2540,33.9,14.549380935806262
2541,33.9,14.549380935806262
2542,33.9,14.549380935806262
2543,33.9,14.549380935806262
2544,33.9,14.631977524737707
2545,33.9,14.631977524737707
2546,33.9,14.674453450019055
2547,33.9,14.674453450019055
2548,33.9,14.674453450019055
2549,33.9,14.674453450019055
2550,33.9,14.674453450019055
2551,33.9,14.731977524737704
2552,33.9,14.734878093249133
2553,33.9,14.777098768501482
2554,33.9,14.831977524737702
2555,33.9,14.831977524737702
2556,33.9,14.83487809324913
2557,33.9,14.934878093249129
2558,33.9,14.94938093580626
2559,33.9,14.94938093580626
2560,33.9,14.94938093580626
2561,33.9,14.94938093580626
2562,33.9,14.94938093580626
2563,33.9,14.94938093580626
2564,33.9,14.94938093580626
2565,33.9,14.974453450019052
2566,33.9,14.974453450019052
2567,33.9,14.974453450019052
2568,33.9,15.049380935806262
2569,33.9,15.049380935806262
2570,33.9,15.049380935806262
2571,33.9,15.049380935806262
2572,33.9,15.049380935806262
2573,33.9,15.049380935806262
2574,33.9,15.049380935806262
2575,33.9,15.049380935806262
2576,33.9,15.049380935806262
2577,33.9,15.049380935806262
2578,33.9,15.049380935806262
2579,33.9,15.074453450019053
2580,33.9,15.131977524737707
2581,33.9,15.131977524737707
2582,33.9,15.131977524737707
2583,33.9,15.131977524737707
2584,33.9,15.13593390018729
2585,33.9,15.174453450019055
2586,33.9,15.174453450019055
2587,33.9,15.174453450019055
2588,33.9,15.174453450019055
2589,33.9,15.174453450019055
2590,33.9,15.174453450019055
2591,33.9,15.249380935806265
2592,33.9,15.249380935806265
2593,33.9,15.249380935806265
2594,33.9,15.249380935806265
2595,33.9,15.249380935806265
2596,33.9,15.431977524737704
2597,33.9,15.446491969568893
2598,33.9,15.446491969568893
2599,33.9,15.44938093580626
2600,33.9,15.44938093580626
2601,33.9,15.474453450019059
2602,33.9,15.474453450019059
2603,33.9,15.474453450019059
2604,33.9,15.474453450019059
2605,33.9,15.54649196956889
2606,33.9,15.608888999386735
2607,33.9,15.774453450019056
2608,33.9,15.774453450019056
2609,33.9,15.849380935806266
2610,33.9,15.849380935806266
2611,33.9,15.849380935806266
2612,33.9,15.849380935806266
2613,33.9,15.946491969568893
2614,33.9,15.94938093580626
2615,33.9,15.94938093580626
2616,33.9,15.94938093580626
2617,33.9,15.94938093580626
2618,33.9,15.974453450019059
2619,33.9,16.03593390018729
2620,33.9,16.149380935806263
2621,33.9,16.149380935806263
2622,33.9,16.149380935806263
2623,33.9,16.149380935806263
2624,33.9,16.149380935806263
2625,33.9,16.149380935806263
2626,33.9,16.149380935806263
2627,33.9,16.149380935806263
2628,33.9,16.174453450019055
2629,33.9,16.174453450019055
2630,33.9,16.174453450019055
2631,33.9,16.174453450019055
2632,33.9,16.249380935806265
2633,33.9,16.249380935806265
2634,33.9,16.278282200454147
2635,33.9,16.287912087912087
2636,33.9,16.291729236073117
2637,33.9,16.34938093580626
2638,33.9,16.34938093580626
2639,33.9,16.34938093580626
2640,33.9,16.34938093580626
2641,33.9,16.37445345001905
2642,33.9,16.374453450019057
2643,33.9,16.39172923607311
2644,33.9,16.43487809324913
2645,33.9,16.44938093580626
2646,33.9,16.44938093580626
2647,33.9,16.44938093580626
2648,33.9,16.44938093580626
2649,33.9,16.531977524737705
2650,33.9,16.531977524737705
2651,33.9,16.531977524737705
2652,33.9,16.531977524737705
2653,33.9,16.574453450019053
2654,33.9,16.574453450019053
2655,33.9,16.574453450019053
2656,33.9,16.674453450019055
2657,33.9,16.731977524737704
2658,33.9,16.749380935806258
2659,33.9,16.749380935806258
2660,33.9,16.749380935806258
2661,33.9,16.749380935806258
2662,33.9,16.749380935806258
2663,33.9,16.749380935806258
2664,33.9,16.749380935806258
2665,33.9,16.749380935806258
2666,33.9,16.783031397963523
2667,33.9,16.81033928364245
2668,33.9,16.831977524737706
2669,33.9,16.831977524737706
2670,33.9,16.874453450019057
2671,33.9,16.874453450019057
2672,33.9,17.031977524737705
2673,33.9,17.031977524737705
2674,33.9,17.031977524737705
2675,33.9,17.031977524737705
2676,33.9,17.031977524737705
2677,33.9,17.031977524737705
2678,33.9,17.091868463361667
2679,33.9,17.131977524737707
2680,33.9,17.146491969568892
2681,33.9,17.274453450019056
2682,33.9,17.274453450019056
2683,33.9,17.287912087912087
2684,33.9,17.287912087912087
2685,33.9,17.408888999386733
2686,33.9,17.474453450019052
2687,33.9,17.474453450019052
2688,33.9,17.53593390018729
2689,33.9,17.54649196956889
2690,33.9,17.54649196956889
2691,33.9,17.608888999386735
2692,33.9,17.678282200454145
2693,33.9,17.687912087912085
2694,33.9,17.731977524737704
2695,33.9,17.749380935806265
2696,33.9,17.749380935806265
2697,33.9,17.749380935806265
2698,33.9,17.749380935806265
2699,33.9,17.749380935806265
2700,33.9,17.77445345001905
2701,33.9,17.77445345001905
2702,33.9,17.774453450019056
2703,33.9,17.774453450019056
2704,33.9,17.774453450019056
2705,33.9,17.84938093580626
2706,33.9,17.84938093580626
2707,33.9,17.84938093580626
2708,33.9,17.84938093580626
2709,33.9,17.84938093580626
2710,33.9,17.84938093580626
2711,33.9,17.84938093580626
2712,33.9,17.84938093580626
2713,33.9,17.84938093580626
2714,33.9,17.84938093580626
2715,33.9,17.859150050552756
2716,33.9,17.87445345001905
2717,33.9,17.87445345001905
2718,33.9,17.874453450019057
2719,33.9,17.987912087912083
2720,33.9,18.04649196956889
2721,33.9,18.04938093580627
2722,33.9,18.04938093580627
2723,33.9,18.04938093580627
2724,33.9,18.04938093580627
2725,33.9,18.04938093580627
2726,33.9,18.08896789485025
2727,33.9,18.108888999386735
2728,33.9,18.131977524737707
2729,33.9,18.149380935806263
2730,33.9,18.149380935806263
2731,33.9,18.149380935806263
2732,33.9,18.149380935806263
2733,33.9,18.149380935806263
2734,33.9,18.174453450019055
2735,33.9,18.174453450019055
2736,33.9,18.174453450019055
2737,33.9,18.174453450019055
2738,33.9,18.174453450019055
2739,33.9,18.408888999386733
2740,33.9,18.43487809324913
2741,33.9,18.44938093580626
2742,33.9,18.44938093580626
2743,33.9,18.44938093580626
2744,33.9,18.44938093580626
2745,33.9,18.52076199316018
2746,33.9,18.531977524737705
2747,33.9,18.531977524737705
2748,33.9,18.531977524737705
2749,33.9,18.574453450019053
2750,33.9,18.574453450019053
2751,33.9,18.587912087912084
2752,33.9,18.587912087912084
2753,33.9,18.587912087912084
2754,33.9,18.63487809324913
2755,33.9,18.649380935806263
2756,33.9,18.649380935806263
2757,33.9,18.649380935806263
2758,33.9,18.649380935806263
2759,33.9,18.649380935806263
2760,33.9,18.649380935806263
2761,37.1,18.649380935806263
2762,37.1,18.649380935806263
2763,37.1,18.649380935806263
2764,37.1,18.649380935806263
2765,37.1,18.649380935806263
2766,37.1,18.649380935806263
2767,37.1,18.649380935806263
2768,37.1,18.687912087912085
2769,37.1,18.687912087912085
2770,37.1,18.80888899938674
2771,37.1,18.86086718711153
2772,37.1,18.931977524737704
2773,37.1,18.97445345001906
2774,37.1,18.97445345001906
2775,37.1,18.97445345001906
2776,37.1,18.98791208791209
2777,37.1,19.087912087912084
2778,37.1,19.13487809324913
2779,37.1,19.13487809324913
2780,37.1,19.149380935806263
2781,37.1,19.149380935806263
2782,37.1,19.149380935806263
2783,37.1,19.149380935806263
2784,37.1,19.149380935806263
2785,37.1,19.149380935806263
2786,37.1,19.149380935806263
2787,37.1,19.149380935806263
2788,37.1,19.174453450019055
2789,37.1,19.274453450019056
2790,37.1,19.274453450019056
2791,37.1,19.274453450019056
2792,37.1,19.34938093580626
2793,37.1,19.374453450019057
2794,37.1,19.374453450019057
2795,37.1,19.374453450019057
2796,37.1,19.377098768501483
2797,37.1,19.43487809324913
2798,37.1,19.43487809324913
2799,37.1,19.44938093580626
2800,37.1,19.44938093580626
2801,37.1,19.44938093580626
2802,37.1,19.44938093580626
2803,37.1,19.44938093580626
2804,37.1,19.44938093580626
2805,37.1,19.44938093580626
2806,37.1,19.44938093580626
2807,37.1,19.53487809324913
2808,37.1,19.53487809324913
2809,37.1,19.54649196956889
2810,37.1,19.549380935806262
2811,37.1,19.549380935806262
2812,37.1,19.549380935806262
2813,37.1,19.549380935806262
2814,37.1,19.549380935806262
2815,37.1,19.549380935806262
2816,37.1,19.549380935806262
2817,37.1,19.549380935806262
2818,37.1,19.549380935806262
2819,37.1,19.549380935806262
2820,37.1,19.549380935806262
2821,37.1,19.549380935806262
2822,37.1,19.549380935806262
2823,37.1,19.549380935806262
2824,37.1,19.549380935806262
2825,37.1,19.549380935806262
2826,37.1,19.549380935806262
2827,37.1,19.549380935806262
2828,37.1,19.631977524737707
2829,37.1,19.734878093249133
2830,37.1,19.749380935806265
2831,37.1,19.749380935806265
2832,37.1,19.749380935806265
2833,37.1,19.749380935806265
2834,37.1,19.749380935806265
2835,37.1,19.749380935806265
2836,37.1,19.787912087912087
2837,37.1,19.787912087912087
2838,37.1,19.820761993160183
2839,37.1,19.834878093249134
2840,37.1,19.834878093249134
2841,37.1,19.84649196956889
2842,37.1,19.84938093580626
2843,37.1,19.84938093580626
2844,37.1,19.87445345001905
2845,37.1,19.87445345001905
2846,37.1,19.874453450019057
2847,37.1,19.874453450019057
2848,37.1,19.874453450019057
2849,37.1,19.931977524737704
2850,37.1,19.93487809324913
2851,37.1,19.935933900187287
2852,37.1,19.949380935806268
2853,37.1,19.949380935806268
2854,37.1,19.949380935806268
2855,37.1,19.949380935806268
2856,37.1,19.949380935806268
2857,37.1,19.949380935806268
2858,37.1,19.974453450019052
2859,37.1,20.031977524737705
2860,37.1,20.049380935806262
2861,37.1,20.074453450019053
2862,37.1,20.087912087912084
2863,37.1,20.087912087912084
2864,37.1,20.187912087912085
2865,37.1,20.231977524737708
2866,37.1,20.23593390018729
2867,37.1,20.274453450019056
2868,37.1,20.274453450019056
2869,37.1,20.28791208791208
2870,37.1,20.28791208791208
2871,37.1,20.287912087912087
2872,37.1,20.331977524737702
2873,37.1,20.33197752473771
2874,37.1,20.36654069911988
2875,37.1,20.38791208791208
2876,37.1,20.38791208791208
2877,37.1,20.38791208791209
2878,37.1,20.408888999386733
2879,37.1,20.578282200454144
2880,37.1,20.608888999386735
2881,37.1,20.649380935806263
2882,37.1,20.649380935806263
2883,37.1,20.649380935806263
2884,37.1,20.649380935806263
2885,37.1,20.649380935806263
2886,37.1,20.649380935806263
2887,37.1,20.649380935806263
2888,37.1,20.649380935806263
2889,37.1,20.649380935806263
2890,37.1,20.649380935806263
2891,37.1,20.649380935806263
2892,37.1,20.649380935806263
2893,37.1,20.649380935806263
2894,37.1,20.649380935806263
2895,37.1,20.649380935806263
2896,37.1,20.649380935806263
2897,37.1,20.649380935806263
2898,37.1,20.649380935806263
2899,37.1,20.674453450019055
2900,37.1,20.70888899938673
2901,37.1,20.70888899938673
2902,37.1,20.708888999386737
2903,37.1,20.73593390018729
2904,37.1,20.749380935806265
2905,37.1,20.84649196956889
2906,37.1,20.849380935806266
2907,37.1,20.849380935806266
2908,37.1,20.849380935806266
2909,37.1,20.849380935806266
2910,37.1,20.849380935806266
2911,37.1,20.849380935806266
2912,37.1,20.849380935806266
2913,37.1,20.877098768501483
2914,37.1,20.920761993160177
2915,37.1,20.93487809324913
2916,37.1,20.93487809324913
2917,37.1,20.94938093580626
2918,37.1,20.94938093580626
2919,37.1,20.94938093580626
2920,37.1,20.97445345001906
2921,37.1,21.031977524737705
2922,37.1,21.12076199316018
2923,37.1,21.13487809324913
2924,37.1,21.21604760247292
2925,37.1,21.234878093249133
2926,37.1,21.234878093249133
2927,37.1,21.274453450019056
2928,37.1,21.377098768501483
2929,37.1,21.474453450019052
2930,37.1,21.474453450019052
2931,37.1,21.48791208791209
2932,37.1,21.505060248951647
2933,37.1,21.531977524737705
2934,37.1,21.608888999386735
2935,37.1,21.674453450019055
2936,37.1,21.674453450019055
2937,37.1,21.674453450019055
2938,37.1,21.674453450019055
2939,37.1,21.778282200454147
2940,37.1,21.787912087912087
2941,37.1,21.788967894850245
2942,37.1,21.93487809324913
2943,37.1,21.94938093580626
2944,37.1,21.98791208791209
2945,37.1,21.98791208791209
2946,37.1,22.016047602472923
2947,37.1,22.016047602472923
2948,37.1,22.031977524737705
2949,37.1,22.049380935806255
2950,37.1,22.049380935806255
2951,37.1,22.049380935806255
2952,37.1,22.049380935806255
2953,37.1,22.049380935806255
2954,37.1,22.049380935806255
2955,37.1,22.049380935806255
2956,37.1,22.049380935806255
2957,37.1,22.049380935806255
2958,37.1,22.049380935806255
2959,37.1,22.108888999386735
2960,37.1,22.108888999386735
2961,37.1,22.108888999386735
2962,37.1,22.187912087912085
2963,37.1,22.205060248951643
2964,37.1,22.231977524737708
2965,37.1,22.334878093249134
2966,37.1,22.37445345001905
2967,37.1,22.37445345001905
2968,37.1,22.38791208791208
2969,37.1,22.531977524737705
2970,37.1,22.649380935806263
2971,37.1,22.649380935806263
2972,37.1,22.649380935806263
2973,37.1,22.649380935806263
2974,37.1,22.649380935806263
2975,37.1,22.649380935806263
2976,37.1,22.649380935806263
2977,37.1,22.649380935806263
2978,37.1,22.649380935806263
2979,37.1,22.674453450019055
2980,37.1,22.674453450019055
2981,37.1,22.674453450019055
2982,37.1,22.749380935806272
2983,37.1,22.749380935806272
2984,37.1,22.749380935806272
2985,37.1,22.749380935806272
2986,37.1,22.749380935806272
2987,37.1,22.749380935806272
2988,37.1,22.749380935806272
2989,37.1,22.749380935806272
2990,37.1,22.749380935806272
2991,37.1,22.774453450019056
2992,37.1,22.874453450019057
2993,37.1,22.88791208791208
2994,37.1,22.88791208791209
2995,37.1,22.916047602472915
2996,37.1,22.916047602472915
2997,37.1,22.916047602472915
2998,37.1,22.916047602472915
2999,37.1,23.0603373499301
3000,37.1,23.074453450019053
3001,37.1,23.074453450019053
3002,37.1,23.128415626605676
3003,37.1,23.13593390018729
3004,37.1,23.2319775247377
3005,37.1,23.2319775247377
3006,37.1,23.234878093249126
3007,37.1,23.30888899938674
3008,37.1,23.31604760247292
3009,37.1,23.31604760247292
3010,37.1,23.31604760247292
3011,37.1,23.31604760247292
3012,37.1,23.31604760247292
3013,37.1,23.31604760247292
3014,37.1,23.31604760247292
3015,37.1,23.33197752473771
3016,37.1,23.431977524737704
3017,37.1,23.431977524737704
3018,37.1,23.435933900187294
3019,37.1,23.435933900187294
3020,37.1,23.47445345001906
3021,37.1,23.47445345001906
3022,37.1,23.487912087912083
3023,37.1,23.531977524737705
3024,37.1,23.53487809324913
3025,37.1,23.631977524737707
3026,37.1,23.631977524737707
3027,37.1,23.734878093249133
3028,37.1,23.774453450019056
3029,37.1,23.78791208791208
3030,37.1,23.787912087912087
3031,37.1,23.831977524737702
3032,37.1,23.831977524737702
3033,37.1,23.835933900187293
3034,37.1,23.849380935806266
3035,37.1,23.849380935806266
3036,37.1,23.849380935806266
3037,37.4,23.849380935806266
3038,37.4,23.849380935806266
3039,37.4,23.849380935806266
3040,37.4,23.849380935806266
3041,37.4,23.849380935806266
3042,37.4,23.849380935806266
3043,37.4,23.849380935806266
3044,37.4,23.874453450019057
3045,37.4,23.874453450019057
3046,37.4,23.88791208791209
3047,37.4,23.891729236073118
3048,37.4,23.959150050552765
3049,37.4,24.074453450019053
3050,37.4,24.074453450019053
3051,37.4,24.07445345001906
3052,37.4,24.13487809324913
3053,37.4,24.187912087912085
3054,37.4,24.187912087912085
3055,37.4,24.431977524737704
3056,37.4,24.431977524737704
3057,37.4,24.4603373499301
3058,37.4,24.474453450019052
3059,37.4,24.474453450019052
3060,37.4,24.474453450019052
3061,37.4,24.531977524737705
3062,37.4,24.531977524737705
3063,37.4,24.57445345001906
3064,37.4,24.63487809324913
3065,37.4,24.731977524737708
3066,37.4,24.734878093249126
3067,37.4,24.734878093249133
3068,37.4,24.874453450019057
3069,37.4,24.97445345001906
3070,37.4,24.97445345001906
3071,37.4,25.116047602472918
3072,37.4,25.116047602472918
3073,37.4,25.116047602472918
3074,37.4,25.116047602472918
3075,37.4,25.116047602472918
3076,37.4,25.116047602472918
3077,37.4,25.116047602472918
3078,37.4,25.116047602472918
3079,37.4,25.116047602472918
3080,37.4,25.116047602472918
3081,37.4,25.144902458024628
3082,37.4,25.22841562660567
3083,37.4,25.249380935806272
3084,37.4,25.249380935806272
3085,37.4,25.249380935806272
3086,37.4,25.249380935806272
3087,37.4,25.249380935806272
3088,37.4,25.249380935806272
3089,37.4,25.249380935806272
3090,37.4,25.249380935806272
3091,37.4,25.249380935806272
3092,37.4,25.249380935806272
3093,37.4,25.249380935806272
3094,37.4,25.249380935806272
3095,37.4,25.249380935806272
3096,37.4,25.249380935806272
3097,37.4,25.249380935806272
3098,37.4,25.249380935806272
3099,37.4,25.249380935806272
3100,37.4,25.249380935806272
3101,37.4,25.249380935806272
3102,37.4,25.249380935806272
3103,37.4,25.249380935806272
3104,37.4,25.38791208791209
3105,37.4,25.631977524737707
3106,37.4,25.735933900187284
3107,37.4,25.834878093249134
3108,37.4,25.931977524737704
3109,37.4,26.02076199316018
3110,37.4,26.049380935806255
3111,37.4,26.049380935806255
3112,37.4,26.049380935806255
3113,37.4,26.049380935806255
3114,37.4,26.049380935806255
3115,37.4,26.049380935806255
3116,37.4,26.049380935806255
3117,37.4,26.049380935806255
3118,37.4,26.049380935806255
3119,37.4,26.074453450019053
3120,37.4,26.074453450019053
3121,37.4,26.074453450019053
3122,37.4,26.1319775247377
3123,37.4,26.131977524737707
3124,37.4,26.131977524737707
3125,37.4,26.149380935806263
3126,37.4,26.149380935806263
3127,37.4,26.149380935806263
3128,37.4,26.149380935806263
3129,37.4,26.149380935806263
3130,37.4,26.149380935806263
3131,37.4,26.149380935806263
3132,37.4,26.149380935806263
3133,37.4,26.149380935806263
3134,37.4,26.149380935806263
3135,37.4,26.149380935806263
3136,37.4,26.149380935806263
3137,37.4,26.26086718711153
3138,37.4,26.274453450019056
3139,37.4,26.349380935806266
3140,37.4,26.383031397963524
3141,37.4,26.38791208791209
3142,37.4,26.38791208791209
3143,37.4,26.38791208791209
3144,37.4,26.408888999386733
3145,37.4,26.416047602472915
3146,37.4,26.416047602472915
3147,37.4,26.416047602472915
3148,37.4,26.416047602472915
3149,37.4,26.416047602472915
3150,37.4,26.416047602472915
3151,37.4,26.416047602472915
3152,37.4,26.416047602472915
3153,37.4,26.416047602472915
3154,37.4,26.474453450019052
3155,37.4,26.474453450019052
3156,37.4,26.474453450019052
3157,37.4,26.474453450019052
3158,37.4,26.616047602472918
3159,37.4,26.616047602472918
3160,37.4,26.616047602472918
3161,37.4,26.616047602472918
3162,37.4,26.616047602472918
3163,40.5,26.616047602472918
3164,40.5,26.616047602472918
3165,40.5,26.616047602472918
3166,40.5,26.616047602472918
3167,40.5,26.616047602472918
3168,40.5,26.616047602472918
3169,40.5,26.616047602472918
3170,40.5,26.831977524737702
3171,40.5,26.831977524737702
3172,40.5,26.87445345001905
3173,40.5,26.98791208791209
3174,40.5,27.031977524737705
3175,40.5,27.249380935806258
3176,40.5,27.249380935806258
3177,40.5,27.249380935806258
3178,40.5,27.249380935806258
3179,40.5,27.249380935806258
3180,40.5,27.249380935806258
3181,40.5,27.249380935806258
3182,40.5,27.249380935806258
3183,40.5,27.249380935806258
3184,40.5,27.249380935806258
3185,40.5,27.249380935806258
3186,40.5,27.249380935806258
3187,40.5,27.249380935806258
3188,40.5,27.249380935806258
3189,40.5,27.249380935806258
3190,40.5,27.249380935806258
3191,40.5,27.249380935806258
3192,40.5,27.249380935806258
3193,40.5,27.249380935806258
3194,40.5,27.249380935806258
3195,40.5,27.249380935806258
3196,40.5,27.249380935806258
3197,40.5,27.249380935806258
3198,40.5,27.249380935806258
3199,40.5,27.287912087912087
3200,40.5,27.33197752473771
3201,40.5,27.349380935806266
3202,40.5,27.349380935806266
3203,40.5,27.349380935806266
3204,40.5,27.349380935806266
3205,40.5,27.446491969568896
3206,40.5,27.44938093580626
3207,40.5,27.44938093580626
3208,40.5,27.44938093580626
3209,40.5,27.44938093580626
3210,40.5,27.44938093580626
3211,40.5,27.44938093580626
3212,40.5,27.44938093580626
3213,40.5,27.44938093580626
3214,40.5,27.44938093580626
3215,40.5,27.44938093580626
3216,40.5,27.47445345001906
3217,40.5,27.47445345001906
3218,40.5,27.487912087912083
3219,40.5,27.516047602472923
3220,40.5,27.516047602472923
3221,40.5,27.516047602472923
3222,40.5,27.516047602472923
3223,40.5,27.516047602472923
3224,40.5,27.516047602472923
3225,40.5,27.516047602472923
3226,40.5,27.516047602472923
3227,40.5,27.516047602472923
3228,40.5,27.516047602472923
3229,40.5,27.516047602472923
3230,40.5,27.516047602472923
3231,40.5,27.516047602472923
3232,40.5,27.516047602472923
3233,40.5,27.516047602472923
3234,40.5,27.516047602472923
3235,40.5,27.516047602472923
3236,40.5,27.516047602472923
3237,40.5,27.516047602472923
3238,40.5,27.516047602472923
3239,40.5,27.516047602472923
3240,40.5,27.53487809324913
3241,40.5,27.549380935806255
3242,40.5,27.549380935806255
3243,40.5,27.549380935806255
3244,40.5,27.549380935806255
3245,40.5,27.558395902739775
3246,40.5,27.574453450019053
3247,40.5,27.574453450019053
3248,40.5,27.574453450019053
3249,40.5,27.574453450019053
3250,40.5,27.574453450019053
3251,40.5,27.574453450019053
3252,40.5,27.58303139796352
3253,40.5,27.631977524737707
3254,40.5,27.660337349930103
3255,40.5,27.674453450019055
3256,40.5,27.70888899938673
3257,40.5,27.749380935806258
3258,40.5,27.749380935806258
3259,40.5,27.749380935806258
3260,40.5,27.749380935806258
3261,40.5,27.749380935806258
3262,40.5,27.81604760247292
3263,40.5,27.81604760247292
3264,40.5,27.81604760247292
3265,40.5,27.81604760247292
3266,40.5,27.81604760247292
3267,40.5,27.81604760247292
3268,40.5,27.81604760247292
3269,40.5,27.81604760247292
3270,40.5,27.81604760247292
3271,40.5,27.81604760247292
3272,40.5,27.81604760247292
3273,40.5,27.81604760247292
3274,40.5,27.81604760247292
3275,40.5,27.81604760247292
3276,40.5,27.81604760247292
3277,40.5,27.81604760247292
3278,40.5,27.81604760247292
3279,40.5,27.81604760247292
3280,40.5,27.81604760247292
3281,40.5,27.81604760247292
3282,40.5,27.81604760247292
3283,40.5,27.81604760247292
3284,40.5,27.81604760247292
3285,40.5,27.81604760247292
3286,40.5,27.83197752473771
3287,40.5,27.835933900187285
3288,40.5,27.858395902739773
3289,40.5,27.974453450019052
3290,40.5,27.974453450019052
3291,40.5,28.208888999386737
3292,40.5,28.2319775247377
3293,40.5,28.274453450019056
3294,40.5,28.274453450019056
3295,40.5,28.274453450019056
3296,40.5,28.274453450019056
3297,40.5,28.274453450019056
3298,40.5,28.274453450019056
3299,40.5,28.274453450019056
3300,40.5,28.334878093249127
3301,40.5,28.43487809324913
3302,40.5,28.531977524737705
3303,40.5,28.531977524737705
3304,40.5,28.54938093580627
3305,40.5,28.54938093580627
3306,40.5,28.54938093580627
3307,40.5,28.54938093580627
3308,40.5,28.54938093580627
3309,40.5,28.54938093580627
3310,40.5,28.54938093580627
3311,40.5,28.54938093580627
3312,40.5,28.54938093580627
3313,40.5,28.649380935806263
3314,40.5,28.649380935806263
3315,40.5,28.649380935806263
3316,40.5,28.649380935806263
3317,40.5,28.649380935806263
3318,40.5,28.649380935806263
3319,40.5,28.649380935806263
3320,40.5,28.649380935806263
3321,40.5,28.649380935806263
3322,40.5,28.649380935806263
3323,40.5,28.649380935806263
3324,40.5,28.649380935806263
3325,40.5,28.649380935806263
3326,40.5,28.649380935806263
3327,40.5,28.649380935806263
3328,40.5,28.649380935806263
3329,40.5,28.649380935806263
3330,40.5,28.649380935806263
3331,40.5,28.649380935806263
3332,40.5,28.649380935806263
3333,40.5,28.649380935806263
3334,40.5,28.649380935806263
3335,40.5,28.649380935806263
3336,40.5,28.649380935806263
3337,40.5,28.649380935806263
3338,40.5,28.649380935806263
3339,40.5,28.649380935806263
3340,40.5,28.649380935806263
3341,40.5,28.649380935806263
3342,40.5,28.649380935806263
3343,40.5,28.649380935806263
3344,40.5,28.649380935806263
3345,40.5,28.649380935806263
3346,40.5,28.649380935806263
3347,40.5,28.649380935806263
3348,40.5,28.649380935806263
3349,40.5,28.649380935806263
3350,40.5,28.649380935806263
3351,40.5,28.649380935806263
3352,40.5,28.649380935806263
3353,40.5,28.649380935806263
3354,40.5,28.649380935806263
3355,40.5,28.649380935806263
3356,40.5,28.674453450019055
3357,40.5,28.674453450019055
3358,40.5,28.674453450019055
3359,40.5,28.687912087912085
3360,40.5,28.687912087912085
3361,40.5,28.691729236073115
3362,40.5,28.691729236073115
3363,40.5,28.7319775247377
3364,40.5,28.774453450019056
3365,40.5,28.774453450019056
3366,40.5,28.816674125271405
3367,40.5,28.987912087912083
3368,40.5,29.131977524737707
3369,40.5,29.131977524737707
3370,40.5,29.146491969568892
3371,40.5,29.149380935806263
3372,40.5,29.149380935806263
3373,40.5,29.149380935806263
3374,40.5,29.216047602472912
3375,40.5,29.216047602472912
3376,40.5,29.216047602472912
3377,40.5,29.216047602472912
3378,40.5,29.216047602472912
3379,40.5,29.216047602472912
3380,40.5,29.216047602472912
3381,40.5,29.216047602472912
3382,40.5,29.216047602472912
3383,40.5,29.216047602472912
3384,40.5,29.216047602472912
3385,40.5,29.216047602472912
3386,40.5,29.216047602472912
3387,40.5,29.216047602472912
3388,40.5,29.216047602472912
3389,40.5,29.216047602472912
3390,40.5,29.216047602472912
3391,40.5,29.216047602472912
3392,40.5,29.216047602472912
3393,40.5,29.216047602472912
3394,40.5,29.216047602472912
3395,40.5,29.216047602472912
3396,40.5,29.216047602472912
3397,40.5,29.216047602472912
3398,40.5,29.216047602472912
3399,40.5,29.216047602472912
3400,40.5,29.216047602472912
3401,40.5,29.216047602472912
3402,40.5,29.216047602472912
3403,40.5,29.216047602472912
3404,40.5,29.216047602472912
3405,40.5,29.216047602472912
3406,40.5,29.216047602472912
3407,40.5,29.216047602472912
3408,40.5,29.216047602472912
3409,40.5,29.249380935806258
3410,40.5,29.249380935806258
3411,41.800000000000004,29.249380935806258
3412,41.800000000000004,29.249380935806258
3413,41.800000000000004,29.249380935806258
3414,41.800000000000004,29.249380935806258
3415,41.800000000000004,29.249380935806258
3416,41.800000000000004,29.249380935806258
3417,41.800000000000004,29.249380935806258
3418,41.800000000000004,29.249380935806258
3419,41.800000000000004,29.249380935806258
3420,41.800000000000004,29.249380935806258
3421,41.800000000000004,29.29172923607311
3422,41.800000000000004,29.30888899938673
3423,41.800000000000004,29.331977524737702
3424,41.800000000000004,29.408888999386733
3425,41.800000000000004,29.435933900187287
3426,41.800000000000004,29.508888999386734
3427,41.800000000000004,29.6319775247377
3428,41.800000000000004,29.674453450019055
3429,41.800000000000004,29.674453450019055
3430,41.800000000000004,29.787912087912087
3431,41.800000000000004,29.93487809324913
3432,41.800000000000004,29.94938093580626
3433,41.800000000000004,29.94938093580626
3434,41.800000000000004,29.94938093580626
3435,41.800000000000004,29.94938093580626
3436,41.800000000000004,29.94938093580626
3437,41.800000000000004,29.94938093580626
3438,41.800000000000004,29.94938093580626
3439,41.800000000000004,29.94938093580626
3440,41.800000000000004,29.94938093580626
3441,41.800000000000004,29.94938093580626
3442,41.800000000000004,29.94938093580626
3443,41.800000000000004,29.94938093580626
3444,41.800000000000004,29.974453450019052
3445,41.800000000000004,29.974453450019052
3446,41.800000000000004,29.991729236073112
3447,41.800000000000004,30.031977524737705
3448,41.800000000000004,30.031977524737705
3449,41.800000000000004,30.031977524737705
3450,41.800000000000004,30.049380935806255
3451,41.800000000000004,30.049380935806255
3452,41.800000000000004,30.049380935806255
3453,41.800000000000004,30.049380935806255
3454,41.800000000000004,30.049380935806255
3455,41.800000000000004,30.049380935806255
3456,41.800000000000004,30.049380935806255
3457,41.800000000000004,30.049380935806255
3458,41.800000000000004,30.074453450019053
3459,41.800000000000004,30.174453450019055
3460,41.800000000000004,30.20888899938673
3461,41.800000000000004,30.335933900187285
3462,41.800000000000004,30.431977524737704
3463,41.800000000000004,30.431977524737704
3464,41.800000000000004,30.566540699119884
3465,41.800000000000004,30.63487809324913
3466,41.800000000000004,30.646491969568892
3467,41.800000000000004,30.746491969568886
3468,41.800000000000004,30.83197752473771
3469,41.800000000000004,30.920761993160184
3470,41.800000000000004,30.98791208791209
3471,41.800000000000004,31.074453450019053
3472,41.800000000000004,31.074453450019053
3473,41.800000000000004,31.074453450019053
3474,41.800000000000004,31.174453450019055
3475,41.800000000000004,31.174453450019055
3476,41.800000000000004,31.334878093249127
3477,41.800000000000004,31.47445345001906
3478,41.800000000000004,31.47445345001906
3479,41.800000000000004,31.47445345001906
3480,41.800000000000004,31.565484892181725
3481,41.800000000000004,31.7319775247377
3482,41.800000000000004,31.731977524737708
3483,41.800000000000004,31.834878093249134
3484,41.800000000000004,32.08791208791209
3485,41.800000000000004,32.387912087912085
3486,41.800000000000004,32.387912087912085
3487,41.800000000000004,32.44938093580626
3488,41.800000000000004,32.44938093580626
3489,41.800000000000004,32.44938093580626
3490,41.800000000000004,32.44938093580626
3491,41.800000000000004,32.44938093580626
3492,41.800000000000004,32.44938093580626
3493,41.800000000000004,32.44938093580626
3494,41.800000000000004,32.44938093580626
3495,41.800000000000004,32.44938093580626
3496,41.800000000000004,32.44938093580626
3497,41.800000000000004,32.44938093580626
3498,41.800000000000004,32.44938093580626
3499,41.800000000000004,32.44938093580626
3500,41.800000000000004,32.44938093580626
3501,41.800000000000004,32.44938093580626
3502,41.800000000000004,32.44938093580626
3503,41.800000000000004,32.44938093580626
3504,41.800000000000004,32.44938093580626
3505,41.800000000000004,32.44938093580626
3506,41.800000000000004,32.459150050552765
3507,41.800000000000004,32.48791208791208
3508,41.800000000000004,32.531977524737705
3509,41.800000000000004,32.64938093580626
3510,41.800000000000004,32.64938093580626
3511,41.800000000000004,32.67445345001906
3512,41.800000000000004,32.67445345001906
3513,41.800000000000004,32.71604760247291
3514,41.800000000000004,32.71604760247291
3515,41.800000000000004,32.71604760247291
3516,41.800000000000004,32.71604760247291
3517,41.800000000000004,32.71604760247291
3518,41.800000000000004,32.71604760247291
3519,41.800000000000004,32.71604760247291
3520,41.800000000000004,32.71604760247291
3521,41.800000000000004,32.71604760247291
3522,41.800000000000004,32.71604760247291
3523,41.800000000000004,32.71604760247291
3524,41.800000000000004,32.71604760247291
3525,41.800000000000004,32.71604760247291
3526,41.800000000000004,32.71604760247291
3527,41.800000000000004,32.71604760247291
3528,41.800000000000004,32.71604760247291
3529,41.800000000000004,32.71604760247291
3530,41.800000000000004,32.71604760247291
3531,41.800000000000004,32.71604760247291
3532,41.800000000000004,32.71604760247291
3533,41.800000000000004,32.71604760247291
3534,41.800000000000004,32.71604760247291
3535,41.800000000000004,32.71604760247291
3536,41.800000000000004,32.934878093249125
3537,41.800000000000004,33.07445345001905
3538,41.800000000000004,33.13197752473771
3539,41.800000000000004,33.17445345001906
3540,41.800000000000004,33.17445345001906
3541,41.800000000000004,33.37445345001906
3542,41.800000000000004,33.37445345001906
3543,41.9,33.37445345001906
3544,41.9,33.37445345001906
3545,41.9,33.37445345001906
3546,41.9,33.37445345001906
3547,41.9,33.57445345001905
3548,41.9,33.64649196956889
3549,41.9,33.68791208791208
3550,41.9,33.974453450019055
3551,41.9,33.98791208791208
3552,41.9,34.07445345001905
3553,41.9,34.07445345001905
3554,41.9,34.108888999386735
3555,41.9,34.2319775247377
3556,41.9,34.23487809324912
3557,41.9,34.27445345001905
3558,41.9,34.27445345001905
3559,41.9,34.27445345001905
3560,41.9,34.28791208791209
3561,41.9,34.28791208791209
3562,41.9,34.31680175028591
3563,41.9,34.474453450019055
3564,41.9,34.57445345001905
3565,41.9,34.57445345001905
3566,41.9,34.57445345001905
3567,41.9,34.63197752473771
3568,41.9,34.63197752473771
3569,41.9,34.78791208791209
3570,41.9,34.83487809324913
3571,41.9,34.84490245802462
3572,41.9,34.87445345001905
3573,41.9,34.87445345001905
3574,41.9,34.87445345001905
3575,41.9,34.87445345001905
3576,41.9,34.87445345001905
3577,41.9,35.034878093249134
3578,41.9,35.28791208791209
3579,41.9,35.33197752473771
3580,41.9,35.46654069911988
3581,41.9,35.63487809324913
3582,41.9,35.849380935806266
3583,41.9,35.849380935806266
3584,41.9,35.849380935806266
3585,41.9,35.849380935806266
3586,41.9,35.849380935806266
3587,41.9,35.849380935806266
3588,41.9,35.849380935806266
3589,41.9,35.849380935806266
3590,41.9,35.849380935806266
3591,41.9,35.87445345001906
3592,41.9,35.974453450019055
3593,41.9,36.17445345001906
3594,41.9,36.3319775247377
3595,41.9,36.508888999386734
3596,41.9,36.508888999386734
3597,41.9,36.534878093249134
3598,41.9,36.57445345001905
3599,41.9,36.57445345001905
3600,41.9,36.57445345001905
3601,41.9,36.73197752473771
3602,41.9,36.77445345001905
3603,41.9,36.77445345001905
3604,41.9,36.77445345001905
3605,41.9,36.77445345001905
3606,41.9,36.83487809324913
3607,41.9,36.934878093249125
3608,41.9,37.08791208791209
3609,41.9,37.108888999386735
3610,41.9,37.14938093580626
3611,41.9,37.14938093580626
3612,41.9,37.14938093580626
3613,41.9,37.14938093580626
3614,41.9,37.14938093580626
3615,41.9,37.14938093580626
3616,41.9,37.14938093580626
3617,41.9,37.14938093580626
3618,41.9,37.14938093580626
3619,41.9,37.14938093580626
3620,41.9,37.14938093580626
3621,41.9,37.14938093580626
3622,41.9,37.18791208791208
3623,41.9,37.18791208791208
3624,41.9,37.18791208791208
3625,41.9,37.24938093580626
3626,41.9,37.24938093580626
3627,41.9,37.24938093580626
3628,41.9,37.24938093580626
3629,41.9,37.24938093580626
3630,41.9,37.24938093580626
3631,41.9,37.24938093580626
3632,41.9,37.24938093580626
3633,41.9,37.24938093580626
3634,41.9,37.24938093580626
3635,41.9,37.24938093580626
3636,41.9,37.24938093580626
3637,41.9,37.27445345001905
3638,41.9,37.27445345001905
3639,41.9,37.27445345001905
3640,41.9,37.48791208791209
3641,41.9,37.57445345001905
3642,41.9,37.67445345001906
3643,41.9,37.67445345001906
3644,41.9,37.67445345001906
3645,41.9,37.67445345001906
3646,41.9,37.934878093249125
3647,41.9,38.031977524737705
3648,41.9,38.13197752473771
3649,41.9,38.3319775247377
3650,41.9,38.64938093580626
3651,41.9,38.71604760247291
3652,41.9,38.71604760247291
3653,41.9,38.71604760247291
3654,41.9,38.71604760247291
3655,41.9,38.71604760247291
3656,41.9,38.71604760247291
3657,41.9,38.71604760247291
3658,41.9,38.71604760247291
3659,41.9,38.71604760247291
3660,41.9,38.71604760247291
3661,41.9,38.71604760247291
3662,41.9,38.71604760247291
3663,41.9,38.71604760247291
3664,41.9,38.71604760247291
3665,41.9,38.71604760247291
3666,41.9,38.71604760247291
3667,41.9,38.71604760247291
3668,41.9,38.71604760247291
3669,41.9,38.71604760247291
3670,41.9,38.71604760247291
3671,41.9,38.71604760247291
3672,41.9,38.71604760247291
3673,41.9,38.71604760247291
3674,41.9,38.71604760247291
3675,41.9,38.71604760247291
3676,41.9,38.71604760247291
3677,41.9,38.71604760247291
3678,41.9,38.71604760247291
3679,41.9,38.71604760247291
3680,41.9,38.71604760247291
3681,41.9,38.71604760247291
3682,41.9,38.71604760247291
3683,41.9,38.77445345001905
3684,41.9,38.77445345001905
3685,41.9,38.77445345001905
3686,41.9,38.90888899938673
3687,41.9,38.94112011668571
3688,41.9,39.18791208791208
3689,41.9,39.18791208791208
3690,41.9,39.30888899938674
3691,41.9,39.341120116685715
3692,41.9,39.421817800098346
3693,41.9,39.534878093249134
3694,41.9,39.58791208791209
3695,41.9,39.67709876850148
3696,41.9,39.8319775247377
3697,41.9,39.934878093249125
3698,41.9,40.07445345001905
3699,41.9,40.07445345001905
3700,41.9,40.08791208791209
3701,41.9,40.14112011668571
3702,41.9,40.174453450019044
3703,41.9,40.174453450019044
3704,41.9,40.174453450019044
3705,41.9,40.174453450019044
3706,41.9,40.174453450019044
3707,41.9,40.174453450019044
3708,41.9,40.174453450019044
3709,41.9,40.174453450019044
3710,41.9,40.174453450019044
3711,41.9,40.174453450019044
3712,41.9,40.531977524737705
3713,41.9,40.63197752473771
3714,41.9,40.77445345001905
3715,41.9,40.77445345001905
3716,41.9,40.77445345001905
3717,41.9,40.77445345001905
3718,41.9,40.77445345001905
3719,41.9,40.77445345001905
3720,41.9,40.77445345001905
3721,41.9,40.77445345001905
3722,41.9,40.77445345001905
3723,41.9,40.87445345001906
3724,41.9,40.87445345001906
3725,41.9,40.87445345001906
3726,41.9,40.90888899938673
3727,41.9,40.934878093249125
3728,41.9,40.946491969568896
3729,41.9,41.041120116685704
3730,41.9,41.049380935806255
3731,41.9,41.049380935806255
3732,41.9,41.049380935806255
3733,41.9,41.11604760247292
3734,41.9,41.11604760247292
3735,41.9,41.11604760247292
3736,41.9,41.11604760247292
3737,41.9,41.11604760247292
3738,41.9,41.11604760247292
3739,41.9,41.11604760247292
3740,41.9,41.11604760247292
3741,41.9,41.11604760247292
3742,41.9,41.11604760247292
3743,41.9,41.11604760247292
3744,41.9,41.11604760247292
3745,41.9,41.11604760247292
3746,41.9,41.11604760247292
3747,41.9,41.11604760247292
3748,41.9,41.11604760247292
3749,41.9,41.11604760247292
3750,41.9,41.11604760247292
3751,41.9,41.11604760247292
3752,41.9,41.11604760247292
3753,41.9,41.11604760247292
3754,41.9,41.11604760247292
3755,41.9,41.11604760247292
3756,41.9,41.11604760247292
3757,41.9,41.11604760247292
3758,41.9,41.13197752473771
3759,41.9,41.15839590273977
3760,41.9,41.15839590273977
3761,41.9,41.37445345001905
3762,41.9,41.42700401659676
3763,41.9,41.434878093249125
3764,41.9,41.44112011668571
3765,41.9,41.44112011668571
3766,41.9,41.44112011668571
3767,41.9,41.8319775247377
3768,41.9,41.887912087912085
3769,41.9,41.9
3770,41.9,41.9
3771,41.9,41.9
3772,41.9,41.9
3773,41.9,41.9
3774,41.9,41.9
3775,41.9,41.9
3776,41.9,41.9
3777,41.9,41.9
3778,41.9,41.9
3779,41.9,41.9
3780,41.9,41.9
3781,41.9,41.9
3782,41.9,41.9
3783,41.9,41.9
3784,41.9,41.9
3785,41.9,41.9
3786,41.9,41.9
3787,41.9,41.9
3788,41.9,41.9
3789,41.9,41.9
3790,41.9,41.9
3791,41.9,41.9
3792,41.9,41.9
3793,41.9,41.9
3794,41.9,41.9
3795,41.9,41.9
3796,41.9,41.9
3797,41.9,41.9
3798,41.9,41.9
3799,41.9,41.9
3800,41.9,41.9
3801,41.9,41.9
3802,41.9,41.9
3803,41.9,41.9
3804,41.9,41.9
3805,41.9,41.9
3806,41.9,41.9
3807,41.9,41.9
3808,41.9,41.9
3809,41.9,41.9
3810,41.9,41.9
3811,41.9,41.9
3812,41.9,41.9
3813,41.9,41.9
3814,41.9,41.9
3815,41.9,41.9
3816,41.9,41.9
3817,41.9,41.9
3818,41.9,41.9
3819,41.9,41.9
3820,41.9,41.9
3821,41.9,41.9
3822,41.9,41.9
3823,41.9,41.9
3824,41.9,41.9
3825,41.9,41.9
3826,41.9,41.9
3827,41.9,41.9
3828,41.9,41.9
3829,41.9,41.9
3830,41.9,41.9
3831,41.9,41.9
3832,41.9,41.9
3833,41.9,41.9
3834,41.9,41.9
3835,41.9,41.9
3836,41.9,41.9
3837,41.9,41.9
3838,41.9,41.9
3839,41.9,41.9
3840,41.9,41.9
3841,41.9,41.9
3842,41.9,41.9
3843,41.9,41.9
3844,41.9,41.9
3845,41.9,41.9
3846,41.9,41.9
3847,41.9,41.9
3848,41.9,41.9
3849,41.9,41.9
3850,41.9,41.9
3851,41.9,41.9
3852,41.9,41.9
3853,41.9,41.9
3854,41.9,41.9
3855,41.9,41.9
3856,41.9,41.9
3857,41.9,41.9
3858,41.9,41.9
3859,41.9,41.9
3860,41.9,41.9
3861,41.9,41.9
3862,41.9,41.9
3863,41.9,41.9
3864,41.9,41.9
3865,41.9,41.9
3866,41.9,41.9
3867,41.9,41.9
3868,41.9,41.9
3869,41.9,41.9
3870,41.9,41.9
3871,41.9,41.9
3872,41.9,41.9
3873,41.9,41.9
3874,41.9,41.9
3875,41.9,41.9
3876,41.9,41.9
3877,41.9,41.9
3878,41.9,41.9
3879,41.9,41.9
3880,41.9,41.9
3881,41.9,41.9
3882,41.9,41.9
3883,41.9,41.9
3884,41.9,41.9
3885,41.9,41.9
3886,41.9,41.9
3887,41.9,41.9
3888,41.9,41.9
3889,41.9,41.9
3890,41.9,41.9
3891,41.9,41.9
3892,41.9,41.9
3893,41.9,41.9
3894,41.9,41.9
3895,41.9,41.9
3896,41.9,41.9
3897,41.9,41.9
3898,41.9,41.9
3899,41.9,41.9
3900,41.9,41.9
3901,41.9,41.9
3902,41.9,41.9
3903,41.9,41.9
3904,41.9,41.9
3905,41.9,41.9
3906,41.9,41.9
3907,41.9,41.9
3908,41.9,41.9
3909,41.9,41.9
3910,41.9,41.9
3911,41.9,41.9
3912,41.9,41.9
3913,41.9,41.9
3914,41.9,41.9
3915,41.9,41.9
3916,41.9,41.9
3917,41.9,41.9
3918,41.9,41.9
3919,41.9,41.9
3920,41.9,41.9
3921,41.9,41.9
3922,41.9,41.9
3923,41.9,41.9
3924,41.9,41.9
3925,41.9,41.9
3926,41.9,41.9
3927,41.9,41.9
3928,41.9,41.9
3929,41.9,41.9
3930,41.9,41.9
3931,41.9,41.9
3932,41.9,41.9
3933,41.9,41.9
3934,41.9,41.9
3935,41.9,41.9
3936,41.9,41.9
3937,41.9,41.9
3938,41.9,41.9
3939,41.9,41.9
3940,41.9,41.9
3941,41.9,41.9
3942,41.9,41.9
3943,41.9,41.9
3944,41.9,41.9
3945,41.9,41.9
3946,41.9,41.9
3947,41.9,41.9
3948,41.9,41.9
3949,41.9,41.9
3950,41.9,41.9
3951,41.9,41.9
3952,41.9,41.9
3953,41.9,41.9
3954,41.9,41.9
3955,41.9,41.9
3956,41.9,41.9
3957,41.9,41.9
3958,41.9,41.9
3959,41.9,41.9
3960,41.9,41.9
3961,41.9,41.9
3962,41.9,41.9
3963,41.9,41.9
3964,41.9,41.9
3965,41.9,41.9
3966,41.9,41.9
3967,41.9,41.9
3968,41.9,41.9
3969,41.9,41.9
3970,41.9,41.9
3971,41.9,41.9
3972,41.9,41.9
3973,41.9,41.9
3974,41.9,41.9
3975,41.9,41.9
3976,41.9,41.9
3977,41.9,41.9
3978,41.9,41.9
3979,41.9,41.9
3980,41.9,41.9
3981,41.9,41.9
3982,41.9,41.9
3983,41.9,41.9
3984,41.9,41.9
3985,41.9,41.9
3986,41.9,41.9
3987,41.9,41.9
3988,41.9,41.9
3989,41.9,41.9
3990,41.9,41.9
3991,41.9,41.9
3992,41.9,41.9
3993,41.9,41.9
3994,41.9,41.9
3995,41.9,41.9
3996,41.9,41.9
3997,41.9,41.9
3998,41.9,41.9
3999,41.9,41.9
4000,41.9,41.9
4001,41.9,41.9
4002,41.9,41.9
4003,41.9,41.9
4004,41.9,41.9
4005,41.9,41.9
4006,41.9,41.9
4007,41.9,41.9
4008,41.9,41.9
4009,41.9,41.9
4010,41.9,41.9
4011,41.9,41.9
4012,41.9,41.9
4013,41.9,41.9
4014,41.9,41.9
4015,41.9,41.9
4016,41.9,41.9
4017,41.9,41.9
4018,41.9,41.9
4019,41.9,41.9
4020,41.9,41.9
4021,41.9,41.9
4022,41.9,41.9
4023,41.9,41.9
4024,41.9,41.9
4025,41.9,41.9
4026,41.9,41.9
4027,41.9,41.9
4028,41.9,41.9
4029,41.9,41.9
4030,41.9,41.9
4031,41.9,41.9
4032,41.9,41.9
4033,41.9,41.9
4034,41.9,41.9
4035,41.9,41.9
4036,41.9,41.9
4037,41.9,41.9
4038,41.9,41.9
4039,41.9,41.9
4040,41.9,41.9
4041,41.9,41.9
4042,41.9,41.9
4043,41.9,41.9
4044,41.9,41.9
4045,41.9,41.9
4046,41.9,41.9
4047,41.9,41.9
4048,41.9,41.9
4049,41.9,41.9
4050,41.9,41.9
4051,41.9,41.9
4052,41.9,41.9
4053,41.9,41.9
4054,41.9,41.9
4055,41.9,41.9
4056,41.9,41.9
4057,41.9,41.9
4058,41.9,41.9
4059,41.9,41.9
4060,41.9,41.9
4061,41.9,41.9
4062,41.9,41.9
4063,41.9,41.9
4064,41.9,41.9
4065,41.9,41.9
4066,41.9,41.9
4067,41.9,41.9
4068,41.9,41.9
4069,41.9,41.9
4070,41.9,41.9
4071,41.9,41.9
4072,41.9,41.9
4073,41.9,41.9
4074,41.9,41.9
4075,41.9,41.9
4076,41.9,41.9
4077,41.9,41.9
4078,41.9,41.9
4079,41.9,41.9
4080,41.9,41.9
4081,41.9,41.9
4082,41.9,41.9
4083,41.9,41.9
4084,41.9,41.9
4085,41.9,41.9
4086,41.9,41.9
4087,41.9,41.9
4088,41.9,41.9
4089,41.9,41.9
4090,41.9,41.9
4091,41.9,41.9
4092,41.9,41.9
4093,41.9,41.9
4094,41.9,41.9
4095,41.9,41.9
4096,41.9,41.9
4097,41.9,41.9
4098,41.9,41.9
4099,41.9,41.9
4100,41.9,41.9
4101,41.9,41.9
4102,41.9,41.9
4103,41.9,41.9
4104,41.9,41.9
4105,41.9,41.9
4106,41.9,41.9
4107,41.9,41.9
4108,41.9,41.9
4109,41.9,41.9
4110,41.9,41.9
4111,41.9,41.9
4112,41.9,41.9
4113,41.9,41.9
4114,41.9,41.9
4115,41.9,41.9
4116,41.9,41.9
4117,41.9,41.9
4118,41.9,41.9
4119,41.9,41.9
4120,41.9,41.9
4121,41.9,41.9
4122,41.9,41.9
4123,41.9,41.9
4124,41.9,41.9
4125,41.9,41.9
4126,41.9,41.9
4127,41.9,41.9
4128,41.9,41.9
4129,41.9,41.9
4130,41.9,41.9
4131,41.9,41.9
4132,41.9,41.9
4133,41.9,41.9
4134,41.9,41.9
4135,41.9,41.9
4136,41.9,41.9
4137,41.9,41.9
4138,41.9,41.9
4139,41.9,41.9
4140,41.9,41.9
4141,41.9,41.9
4142,41.9,41.9
4143,41.9,41.9
4144,41.9,41.9
4145,41.9,41.9
4146,41.9,41.9
4147,41.9,41.9
4148,41.9,41.9
4149,41.9,41.9
4150,41.9,41.9
4151,41.9,41.9
4152,41.9,41.9
4153,41.9,41.9
4154,41.9,41.9
4155,41.9,41.9
4156,41.9,41.9
4157,41.9,41.9
4158,41.9,41.9
4159,41.9,41.9
4160,41.9,41.9
4161,41.9,41.9
4162,41.9,41.9
4163,41.9,41.9
4164,41.9,41.9
4165,41.9,41.9
4166,41.9,41.9
4167,41.9,41.9
4168,41.9,41.9
4169,41.9,41.9
4170,41.9,41.9
4171,41.9,41.9
4172,41.9,41.9
4173,41.9,41.9
4174,41.9,41.9
4175,41.9,41.9
4176,41.9,41.9
4177,41.9,41.9
4178,41.9,41.9
4179,41.9,41.9
4180,41.9,41.9
4181,41.9,41.9
4182,41.9,41.9
4183,41.9,41.9
4184,41.9,41.9
4185,41.9,41.9
4186,41.9,41.9
4187,41.9,41.9
4188,41.9,41.9
4189,41.9,41.9
4190,41.9,41.9
4191,41.9,41.9
4192,41.9,41.9
4193,41.9,41.9
4194,41.9,41.9
4195,41.9,41.9
4196,41.9,41.9
4197,41.9,41.9
4198,41.9,41.9
4199,41.9,41.9
4200,41.9,41.9
4201,41.9,41.9
4202,41.9,41.9
4203,41.9,41.9
4204,41.9,41.9
4205,41.9,41.9
4206,41.9,41.9
4207,41.9,41.9
4208,41.9,41.9
4209,41.9,41.9
4210,41.9,41.9
4211,41.9,41.9
4212,41.9,41.9
4213,41.9,41.9
4214,41.9,41.9
4215,41.9,41.9
4216,41.9,41.9
4217,41.9,41.9
4218,41.9,41.9
4219,41.9,41.9
4220,41.9,41.9
4221,41.9,41.9
4222,41.9,41.9
4223,41.9,41.9
4224,41.9,41.9
4225,41.9,41.9
4226,41.9,41.9
4227,41.9,41.9
4228,41.9,41.9
4229,41.9,41.9
4230,41.9,41.9
4231,41.9,41.9
4232,41.9,41.9
4233,41.9,41.9
4234,41.9,41.9
4235,41.9,41.9
4236,41.9,41.9
4237,41.9,41.9
4238,41.9,41.9
4239,41.9,41.9
4240,41.9,41.9
4241,41.9,41.9
4242,41.9,41.9
4243,41.9,41.9
4244,41.9,41.9
4245,41.9,41.9
4246,41.9,41.9
4247,41.9,41.9
4248,41.9,41.9
4249,41.9,41.9
4250,41.9,41.9
4251,41.9,41.9
4252,41.9,41.9
4253,41.9,41.9
4254,41.9,41.9
4255,41.9,41.9
4256,41.9,41.9
4257,41.9,41.9
4258,41.9,41.9
4259,41.9,41.9
4260,41.9,41.9
4261,41.9,41.9
4262,41.9,41.9
4263,41.9,41.9
4264,41.9,41.9
4265,41.9,41.9
4266,41.9,41.9
4267,41.9,41.9
4268,41.9,41.9
4269,41.9,41.9
4270,41.9,41.9
4271,41.9,41.9
4272,41.9,41.9
4273,41.9,41.9
4274,41.9,41.9
4275,41.9,41.9
4276,41.9,41.9
4277,41.9,41.9
4278,41.9,41.9
4279,41.9,41.9
4280,41.9,41.9
4281,41.9,41.9
4282,41.9,41.9
4283,41.9,41.9
4284,41.9,41.9
4285,41.9,41.9
4286,41.9,41.9
4287,41.9,41.9
4288,41.9,41.9
4289,41.9,41.9
4290,41.9,41.9
4291,41.9,41.9
4292,41.9,41.9
4293,41.9,41.9
4294,41.9,41.9
4295,41.9,41.9
4296,41.9,41.9
4297,41.9,41.9
4298,41.9,41.9
4299,41.9,41.9
4300,41.9,41.9
4301,41.9,41.9
4302,41.9,41.9
4303,41.9,41.9
4304,41.9,41.9
4305,41.9,41.9
4306,41.9,41.9
4307,41.9,41.9
4308,41.9,41.9
4309,41.9,41.9
4310,41.9,41.9
4311,41.9,41.9
4312,41.9,41.9
4313,41.9,41.9
4314,41.9,41.9
4315,41.9,41.9
4316,41.9,41.9
4317,41.9,41.9
4318,41.9,41.9
4319,41.9,41.9
4320,41.9,41.9
4321,41.9,41.9
4322,41.9,41.9
4323,41.9,41.9
4324,41.9,41.9
4325,41.9,41.9
4326,41.9,41.9
4327,41.9,41.9
4328,41.9,41.9
4329,41.9,41.9
4330,41.9,41.9
4331,41.9,41.9
4332,41.9,41.9
4333,41.9,41.9
4334,41.9,41.9
4335,41.9,41.9
4336,41.9,41.9
4337,41.9,41.9
4338,41.9,41.9
4339,41.9,41.9
4340,41.9,41.9
4341,41.9,41.9
4342,41.9,41.9
4343,41.9,41.9
4344,41.9,41.9
4345,41.9,41.9
4346,41.9,41.9
4347,41.9,41.9
4348,41.9,41.9
4349,41.9,41.9
4350,41.9,41.9
4351,41.9,41.9
4352,41.9,41.9
4353,41.9,41.9
4354,41.9,41.9
4355,41.9,41.9
4356,41.9,41.9
4357,41.9,41.9
4358,41.9,41.9
4359,41.9,41.9
4360,41.9,41.9
4361,41.9,41.9
4362,41.9,41.9
4363,41.9,41.9
4364,41.9,41.9
4365,41.9,41.9
4366,41.9,41.9
4367,41.9,41.9
4368,41.9,41.9
4369,41.9,41.9
4370,41.9,41.9
4371,41.9,41.9
4372,41.9,41.9
4373,41.9,41.9
4374,41.9,41.9
4375,41.9,41.9
4376,41.9,41.9
4377,41.9,41.9
4378,41.9,41.9
4379,41.9,41.9
4380,41.9,41.9
4381,41.9,41.9
4382,41.9,41.9
4383,41.9,41.9
4384,41.9,41.9
4385,41.9,41.9
4386,41.9,41.9
4387,41.9,41.9
4388,41.9,41.9
4389,41.9,41.9
4390,41.9,41.9
4391,41.9,41.9
4392,41.9,41.9
4393,41.9,41.9
4394,41.9,41.9
4395,41.9,41.9
4396,41.9,41.9
4397,41.9,41.9
4398,41.9,41.9
4399,41.9,41.9
4400,41.9,41.9
4401,41.9,41.9
4402,41.9,41.9
4403,41.9,41.9
4404,41.9,41.9
4405,41.9,41.9
4406,41.9,41.9
4407,41.9,41.9
4408,41.9,41.9
4409,41.9,41.9
4410,41.9,41.9
4411,41.9,41.9
4412,41.9,41.9
4413,41.9,41.9
4414,41.9,41.9
4415,41.9,41.9
4416,41.9,41.9
4417,41.9,41.9
4418,41.9,41.9
4419,41.9,41.9
4420,41.9,41.9
4421,41.9,41.9
4422,41.9,41.9
4423,41.9,41.9
4424,41.9,41.9
4425,41.9,41.9
4426,41.9,41.9
4427,41.9,41.9
4428,41.9,41.9
4429,41.9,41.9
4430,41.9,41.9
4431,41.9,41.9
4432,41.9,41.9
4433,41.9,41.9
4434,41.9,41.9
4435,41.9,41.9
4436,41.9,41.9
4437,41.9,41.9
4438,41.9,41.9
4439,41.9,41.9
4440,41.9,41.9
4441,41.9,41.9
4442,41.9,41.9
4443,41.9,41.9
4444,41.9,41.9
4445,41.9,41.9
4446,41.9,41.9
4447,41.9,41.9
4448,41.9,41.9
4449,41.9,41.9
4450,41.9,41.9
4451,41.9,41.9
4452,41.9,41.9
4453,41.9,41.9
4454,41.9,41.9
4455,41.9,41.9
4456,41.9,41.9
4457,41.9,41.9
4458,41.9,41.9
4459,41.9,41.9
4460,41.9,41.9
4461,41.9,41.9
4462,41.9,41.9
4463,41.9,41.9
4464,41.9,41.9
4465,41.9,41.9
4466,41.9,41.9
4467,41.9,41.9
4468,41.9,41.9
4469,41.9,41.9
4470,41.9,41.9
4471,41.9,41.9
4472,41.9,41.9
4473,41.9,41.9
4474,41.9,41.9
4475,41.9,41.9
4476,41.9,41.9
4477,41.9,41.9
4478,41.9,41.9
4479,41.9,41.9
4480,41.9,41.9
4481,41.9,41.9
4482,41.9,41.9
4483,41.9,41.9
4484,41.9,41.9
4485,41.9,41.9
4486,41.9,41.9
4487,41.9,41.9
4488,41.9,41.9
4489,41.9,41.9
4490,41.9,41.9
4491,41.9,41.9
4492,41.9,41.9
4493,41.9,41.9
4494,41.9,41.9
4495,41.9,41.9
4496,41.9,41.9
4497,41.9,41.9
4498,41.9,41.9
4499,41.9,41.9
4500,41.9,41.9
4501,41.9,41.9
4502,41.9,41.9
4503,41.9,41.9
4504,41.9,41.9
4505,41.9,41.9
4506,41.9,41.9
4507,41.9,41.9
4508,41.9,41.9
4509,41.9,41.9
4510,41.9,41.9
4511,41.9,41.9
4512,41.9,41.9
4513,41.9,41.9
4514,41.9,41.9
4515,41.9,41.9
4516,41.9,41.9
4517,41.9,41.9
4518,41.9,41.9
4519,41.9,41.9
4520,41.9,41.9
4521,41.9,41.9
4522,41.9,41.9
4523,41.9,41.9
4524,41.9,41.9
4525,41.9,41.9
4526,41.9,41.9
4527,41.9,41.9
4528,41.9,41.9
4529,41.9,41.9
4530,41.9,41.9
4531,41.9,41.9
4532,41.9,41.9
4533,41.9,41.9
4534,41.9,41.9
4535,41.9,41.9
4536,41.9,41.9
4537,41.9,41.9
4538,41.9,41.9
4539,41.9,41.9
4540,41.9,41.9
4541,41.9,41.9
4542,41.9,41.9
4543,41.9,41.9
4544,41.9,41.9
4545,41.9,41.9
4546,41.9,41.9
4547,41.9,41.9
4548,41.9,41.9
4549,41.9,41.9
4550,41.9,41.9
4551,41.9,41.9
4552,41.9,41.9
4553,41.9,41.9
4554,41.9,41.9
4555,41.9,41.9
4556,41.9,41.9
4557,41.9,41.9
4558,41.9,41.9
4559,41.9,41.9
4560,41.9,41.9
4561,41.9,41.9
4562,41.9,41.9
4563,41.9,41.9
4564,41.9,41.9
4565,41.9,41.9
4566,41.9,41.9
4567,41.9,41.9
4568,41.9,41.9
4569,41.9,41.9
4570,41.9,41.9
4571,41.9,41.9
4572,41.9,41.9
4573,41.9,41.9
4574,41.9,41.9
4575,41.9,41.9
4576,41.9,41.9
4577,41.9,41.9
4578,41.9,41.9
4579,41.9,41.9
4580,41.9,41.9
4581,41.9,41.9
4582,41.9,41.9
4583,41.9,41.9
4584,41.9,41.9
4585,41.9,41.9
4586,41.9,41.9
4587,41.9,41.9
4588,41.9,41.9
4589,41.9,41.9
4590,41.9,41.9
4591,41.9,41.9
4592,41.9,41.9
4593,41.9,41.9
4594,41.9,41.9
4595,41.9,41.9
4596,41.9,41.9
4597,41.9,41.9
4598,41.9,41.9
4599,41.9,41.9
4600,41.9,41.9
4601,41.9,41.9
4602,41.9,41.9
4603,41.9,41.9
4604,41.9,41.9
4605,41.9,41.9
4606,41.9,41.9
4607,41.9,41.9
4608,41.9,41.9
4609,41.9,41.9
4610,41.9,41.9
4611,41.9,41.9
4612,41.9,41.9
4613,41.9,41.9
4614,41.9,41.9
4615,41.9,41.9
4616,41.9,41.9
4617,41.9,41.9
4618,41.9,41.9
4619,41.9,41.9
4620,41.9,41.9
4621,41.9,41.9
4622,41.9,41.9
4623,41.9,41.9
4624,41.9,41.9
4625,41.9,41.9
4626,41.9,41.9
4627,41.9,41.9
4628,41.9,41.9
4629,41.9,41.9
4630,41.9,41.9
4631,41.9,41.9
4632,41.9,41.9
4633,41.9,41.9
4634,41.9,41.9
4635,41.9,41.9
4636,41.9,41.9
4637,41.9,41.9
4638,41.9,41.9
4639,41.9,41.9
4640,41.9,41.9
4641,41.9,41.9
4642,41.9,41.9
4643,41.9,41.9
4644,41.9,41.9
4645,41.9,41.9
4646,41.9,41.9
4647,41.9,41.9
4648,41.9,41.9
4649,41.9,41.9
4650,41.9,41.9
4651,41.9,41.9
4652,41.9,41.9
4653,41.9,41.9
4654,41.9,41.9
4655,41.9,41.9
4656,41.9,41.9
4657,41.9,41.9
4658,41.9,41.9
4659,41.9,41.9
4660,41.9,41.9
4661,41.9,41.9
4662,41.9,41.9
4663,41.9,41.9
4664,41.9,41.9
4665,41.9,41.9
4666,41.9,41.9
4667,41.9,41.9
4668,41.9,41.9
4669,41.9,41.9
4670,41.9,41.9
4671,41.9,41.9
4672,41.9,41.9
4673,41.9,41.9
4674,41.9,41.9
4675,41.9,41.9
4676,41.9,41.9
4677,41.9,41.9
4678,41.9,41.9
4679,41.9,41.9
4680,41.9,41.9
4681,41.9,41.9
4682,41.9,41.9
4683,41.9,41.9
4684,41.9,41.9
4685,41.9,41.9
4686,41.9,41.9
4687,41.9,41.9
4688,41.9,41.9
4689,41.9,41.9
4690,41.9,41.9
4691,41.9,41.9
4692,41.9,41.9
4693,41.9,41.9
4694,41.9,41.9
4695,41.9,41.9
4696,41.9,41.9
4697,41.9,41.9
4698,41.9,41.9
4699,41.9,41.9
4700,41.9,41.9
4701,41.9,41.9
4702,41.9,41.9
4703,41.9,41.9
4704,41.9,41.9
4705,41.9,41.9
4706,41.9,41.9
4707,41.9,41.9
4708,41.9,41.9
4709,41.9,41.9
4710,41.9,41.9
4711,41.9,41.9
4712,41.9,41.9
4713,41.9,41.9
4714,41.9,41.9
4715,41.9,41.9
4716,41.9,41.9
4717,41.9,41.9
4718,41.9,41.9
4719,41.9,41.9
4720,41.9,41.9
4721,41.9,41.9
4722,41.9,41.9
4723,41.9,41.9
4724,41.9,41.9
4725,41.9,41.9
4726,41.9,41.9
4727,41.9,41.9
4728,41.9,41.9
4729,41.9,41.9
4730,41.9,41.9
4731,41.9,41.9
4732,41.9,41.9
4733,41.9,41.9
4734,41.9,41.9
4735,41.9,41.9
4736,41.9,41.9
4737,41.9,41.9
4738,41.9,41.9
4739,41.9,41.9
4740,41.9,41.9
4741,41.9,41.9
4742,41.9,41.9
4743,41.9,41.9
4744,41.9,41.9
4745,41.9,41.9
4746,41.9,41.9
4747,41.9,41.9
4748,41.9,41.9
4749,41.9,41.9
4750,41.9,41.9
4751,41.9,41.9
4752,41.9,41.9
4753,41.9,41.9
4754,41.9,41.9
4755,41.9,41.9
4756,41.9,41.9
4757,41.9,41.9
4758,41.9,41.9
4759,41.9,41.9
4760,41.9,41.9
4761,41.9,41.9
4762,41.9,41.9
4763,41.9,41.9
4764,41.9,41.9
4765,41.9,41.9
4766,41.9,41.9
4767,41.9,41.9
4768,41.9,41.9
4769,41.9,41.9
4770,41.9,41.9
4771,41.9,41.9
4772,41.9,41.9
4773,41.9,41.9
4774,41.9,41.9
4775,41.9,41.9
4776,41.9,41.9
4777,41.9,41.9
4778,41.9,41.9
4779,41.9,41.9
4780,41.9,41.9
4781,41.9,41.9
4782,41.9,41.9
4783,41.9,41.9
4784,41.9,41.9
4785,41.9,41.9
4786,41.9,41.9
4787,41.9,41.9
4788,41.9,41.9
4789,41.9,41.9
4790,41.9,41.9
4791,41.9,41.9
4792,41.9,41.9
4793,41.9,41.9
4794,41.9,41.9
4795,41.9,41.9
4796,41.9,41.9
4797,41.9,41.9
4798,41.9,41.9
4799,41.9,41.9
4800,41.9,41.9
4801,41.9,41.9
4802,41.9,41.9
4803,41.9,41.9
4804,41.9,41.9
4805,41.9,41.9
4806,41.9,41.9
4807,41.9,41.9
4808,41.9,41.9
4809,41.9,41.9
4810,41.9,41.9
4811,41.9,41.9
4812,41.9,41.9
4813,41.9,41.9
4814,41.9,41.9
4815,41.9,41.9
4816,41.9,41.9
4817,41.9,41.9
4818,41.9,41.9
4819,41.9,41.9
4820,41.9,41.9
4821,41.9,41.9
4822,41.9,41.9
4823,41.9,41.9
4824,41.9,41.9
4825,41.9,41.9
4826,41.9,41.9
4827,41.9,41.9
4828,41.9,41.9
4829,41.9,41.9
4830,41.9,41.9
4831,41.9,41.9
4832,41.9,41.9
4833,41.9,41.9
4834,41.9,41.9
4835,41.9,41.9
4836,41.9,41.9
4837,41.9,41.9
4838,41.9,41.9
4839,41.9,41.9
4840,41.9,41.9
4841,41.9,41.9
4842,41.9,41.9
4843,41.9,41.9
4844,41.9,41.9
4845,41.9,41.9
4846,41.9,41.9
4847,41.9,41.9
4848,41.9,41.9
4849,41.9,41.9
4850,41.9,41.9
4851,41.9,41.9
4852,41.9,41.9
4853,41.9,41.9
4854,41.9,41.9
4855,41.9,41.9
4856,41.9,41.9
4857,41.9,41.9
4858,41.9,41.9
4859,41.9,41.9
4860,41.9,41.9
4861,41.9,41.9
4862,41.9,41.9
4863,41.9,41.9
4864,41.9,41.9
4865,41.9,41.9
4866,41.9,41.9
4867,41.9,41.9
4868,41.9,41.9
4869,41.9,41.9
4870,41.9,41.9
4871,41.9,41.9
4872,41.9,41.9
4873,41.9,41.9
4874,41.9,41.9
4875,41.9,41.9
4876,41.9,41.9
4877,41.9,41.9
4878,41.9,41.9
4879,41.9,41.9
4880,41.9,41.9
4881,41.9,41.9
4882,41.9,41.9
4883,41.9,41.9
4884,41.9,41.9
4885,41.9,41.9
4886,41.9,41.9
4887,41.9,41.9
4888,41.9,41.9
4889,41.9,41.9
4890,41.9,41.9
4891,41.9,41.9
4892,41.9,41.9
4893,41.9,41.9
4894,41.9,41.9
4895,41.9,41.9
4896,41.9,41.9
4897,41.9,41.9
4898,41.9,41.9
4899,41.9,41.9
4900,41.9,41.9
4901,41.9,41.9
4902,41.9,41.9
4903,41.9,41.9
4904,41.9,41.9
4905,41.9,41.9
4906,41.9,41.9
4907,41.9,41.9
4908,41.9,41.9
4909,41.9,41.9
4910,41.9,41.9
4911,41.9,41.9
4912,41.9,41.9
4913,41.9,41.9
4914,41.9,41.9
4915,41.9,41.9
4916,41.9,41.9
4917,41.9,41.9
4918,41.9,41.9
4919,41.9,41.9
4920,41.9,41.9
4921,41.9,41.9
4922,41.9,41.9
4923,41.9,41.9
4924,41.9,41.9
4925,41.9,41.9
4926,41.9,41.9
4927,41.9,41.9
4928,41.9,41.9
4929,41.9,41.9
4930,41.9,41.9
4931,41.9,41.9
4932,41.9,41.9
4933,41.9,41.9
4934,41.9,41.9
4935,41.9,41.9
4936,41.9,41.9
4937,41.9,41.9
4938,41.9,41.9
4939,41.9,41.9
4940,41.9,41.9
4941,41.9,41.9
4942,41.9,41.9
4943,41.9,41.9
4944,41.9,41.9
4945,41.9,41.9
4946,41.9,41.9
4947,41.9,41.9
4948,41.9,41.9
4949,41.9,41.9
4950,41.9,41.9
4951,41.9,41.9
4952,41.9,41.9
4953,41.9,41.9
4954,41.9,41.9
4955,41.9,41.9
4956,41.9,41.9
4957,41.9,41.9
4958,41.9,41.9
4959,41.9,41.9
4960,41.9,41.9
4961,41.9,41.9
4962,41.9,41.9
4963,41.9,41.9
4964,41.9,41.9
4965,41.9,41.9
4966,41.9,41.9
4967,41.9,41.9
4968,41.9,41.9
4969,41.9,41.9
4970,41.9,41.9
4971,41.9,41.9
4972,41.9,41.9
4973,41.9,41.9
4974,41.9,41.9
4975,41.9,41.9
4976,41.9,41.9
4977,41.9,41.9
4978,41.9,41.9
4979,41.9,41.9
4980,41.9,41.9
4981,41.9,41.9
4982,41.9,41.9
4983,41.9,41.9
4984,41.9,41.9
4985,41.9,41.9
4986,41.9,41.9
4987,41.9,41.9
4988,41.9,41.9
4989,41.9,41.9
4990,41.9,41.9
4991,41.9,41.9
4992,41.9,41.9
4993,41.9,41.9
4994,41.9,41.9
4995,41.9,41.9
4996,41.9,41.9
4997,41.9,41.9
4998,41.9,41.9
4999,41.9,41.9
