,hsa_js,add_js
0,3.6,0.0
1,3.6,0.0
2,3.6,0.0
3,3.6,0.0
4,3.6,0.0
5,3.6,0.0
6,3.6,0.0
7,3.6,0.0
8,3.6,0.0
9,3.6,0.0
10,3.6,0.0
11,3.6,0.0
12,3.6,0.0
13,3.6,0.0
14,3.6,0.0
15,3.6,0.0
16,3.6,0.0
17,3.6,0.0
18,3.6,0.0
19,3.6,0.0
20,3.6,0.0
21,3.6,0.0
22,3.6,0.0
23,3.6,0.0
24,3.6,0.0
25,3.6,0.0
26,3.6,0.0
27,3.6,0.0
28,3.6,0.0
29,3.6,0.0
30,3.6,0.0
31,3.6,0.0
32,3.6,0.0
33,3.6,0.0
34,3.6,0.0
35,3.6,0.0
36,3.6,0.0
37,3.6,0.0
38,3.6,0.0
39,3.6,0.0
40,3.6,0.0
41,3.6,0.0
42,3.6,0.0
43,3.6,0.0
44,3.6,0.0
45,3.6,0.0
46,3.6,0.0
47,3.6,0.0
48,3.6,0.0
49,3.6,0.0
50,3.6,0.0
51,3.6,0.0
52,3.6,0.0
53,3.6,0.0
54,3.6,0.0
55,3.6,0.0
56,3.6,0.0
57,3.6,0.0
58,3.6,0.0
59,3.6,0.0
60,3.6,0.0
61,3.6,0.0
62,3.6,0.0
63,3.6,0.0
64,3.6,0.0
65,3.6,0.0
66,3.6,0.0
67,3.6,0.0
68,3.6,0.0
69,3.6,0.0
70,3.6,0.0
71,3.6,0.0
72,3.6,0.0
73,3.6,0.0
74,3.6,0.0
75,3.6,0.0
76,3.6,0.0
77,3.6,0.0
78,3.6,0.0
79,3.6,0.0
80,3.6,0.0
81,3.6,0.0
82,3.6,0.0
83,3.6,0.0
84,3.6,0.0
85,3.6,0.0
86,3.6,0.0
87,3.6,0.0
88,3.6,0.0
89,3.6,0.0
90,3.6,0.0
91,3.6,0.0
92,3.6,0.0
93,3.6,0.0
94,3.6,0.0
95,3.6,0.0
96,3.6,0.0
97,3.6,0.0
98,3.9000000000000004,0.0
99,3.9000000000000004,0.0
100,3.9000000000000004,0.0
101,3.9000000000000004,0.0
102,3.9000000000000004,0.0
103,3.9000000000000004,0.0
104,3.9000000000000004,0.0
105,3.9000000000000004,0.0
106,3.9000000000000004,0.0
107,3.9000000000000004,0.0
108,3.9000000000000004,0.0
109,3.9000000000000004,0.0
110,3.9000000000000004,0.0
111,3.9000000000000004,0.0
112,3.9000000000000004,0.0
113,3.9000000000000004,0.0
114,3.9000000000000004,0.0
115,4.800000000000001,0.0
116,4.800000000000001,0.0
117,4.800000000000001,0.0
118,4.800000000000001,0.0
119,4.800000000000001,0.0
120,4.800000000000001,0.0
121,4.800000000000001,0.0
122,4.800000000000001,0.0
123,4.800000000000001,0.0
124,4.800000000000001,0.0
125,4.800000000000001,0.0
126,4.800000000000001,0.0
127,4.800000000000001,0.0
128,4.800000000000001,0.0
129,4.800000000000001,0.0
130,4.800000000000001,0.0
131,4.800000000000001,0.0
132,4.800000000000001,0.0
133,4.800000000000001,0.0
134,4.800000000000001,0.0
135,4.800000000000001,0.0
136,4.800000000000001,0.0
137,4.800000000000001,0.0
138,5.2,0.0
139,5.2,0.0
140,5.2,0.0
141,5.2,0.0
142,5.2,0.0
143,5.2,0.0
144,5.2,0.0
145,5.2,0.0
146,5.2,0.0
147,5.2,0.0
148,5.2,0.0
149,5.2,0.0
150,5.2,0.0
151,5.2,0.0
152,5.2,0.0
153,5.2,0.0
154,5.2,0.0
155,5.2,0.0
156,6.4,0.0
157,6.4,0.0
158,6.4,0.0
159,6.4,0.0
160,6.4,0.0
161,6.4,0.0
162,6.4,0.0
163,6.4,0.0
164,6.4,0.0
165,6.4,0.0
166,6.4,0.0
167,6.4,0.0
168,6.4,0.0
169,6.4,0.0
170,6.4,0.0
171,6.4,0.0
172,6.4,0.0
173,6.4,0.0
174,6.4,0.0
175,6.5,0.0
176,6.5,0.0
177,6.5,0.0
178,6.5,0.0
179,6.5,0.0
180,6.5,0.0
181,6.5,0.0
182,6.5,0.0
183,6.5,0.0
184,6.5,0.0
185,6.5,0.0
186,6.5,0.0
187,6.5,0.0
188,6.5,0.0
189,6.5,0.0
190,6.5,0.0
191,6.5,0.0
192,6.5,0.0
193,6.5,0.0
194,6.5,0.0
195,7.6000000000000005,0.0
196,7.6000000000000005,0.0
197,7.6000000000000005,0.0
198,7.6000000000000005,0.0
199,7.6000000000000005,0.0
200,7.6000000000000005,0.0
201,7.6000000000000005,0.0
202,7.6000000000000005,0.0
203,8.5,0.0
204,8.5,0.0
205,8.5,0.0
206,8.5,0.0
207,8.5,0.0
208,12.3,0.0
209,12.3,0.0
210,12.3,0.0
211,12.3,0.0
212,12.3,0.0
213,12.3,0.0
214,12.3,0.0
215,12.3,0.0
216,12.3,0.0
217,14.3,0.0
218,14.3,0.0
219,14.3,0.0
220,14.3,0.0
221,14.3,0.0
222,14.3,0.0
223,16.1,0.0
224,16.1,0.0
225,16.1,0.0
226,16.1,0.0
227,16.1,0.0
228,16.1,0.0
229,16.1,0.0
230,16.1,0.0
231,16.1,0.0
232,16.1,0.0
233,18.3,0.0
234,18.3,0.0
235,18.3,0.0
236,18.3,0.0
237,18.3,0.0
238,18.7,0.0
239,18.7,0.0
240,18.7,0.0
241,18.7,0.0
242,18.7,0.0
243,18.7,0.0
244,18.7,0.0
245,21.3,0.0
246,21.3,0.0
247,21.3,0.0
248,21.3,0.0
249,21.3,0.0
250,21.3,0.0
251,21.3,0.0
252,21.3,0.0
253,21.3,0.0
254,21.3,0.0
255,21.3,0.0
256,21.3,0.0
257,21.3,0.0
258,21.3,0.0
259,21.3,0.0
260,21.3,0.0
261,21.3,0.0
262,21.3,0.0
263,21.3,0.0
264,21.3,0.0
265,21.3,0.0
266,21.3,0.0
267,21.3,0.0
268,21.3,0.0
269,21.3,0.0
270,21.3,0.0
271,21.3,0.0
272,21.3,0.0
273,21.3,0.0
274,21.3,0.0
275,21.3,0.0
276,21.3,0.0
277,21.3,0.0
278,21.3,0.0
279,21.3,0.0
280,21.3,0.0
281,21.3,0.0
282,21.3,0.0
283,21.3,0.0
284,21.3,0.0
285,21.3,0.0
286,21.3,0.0
287,21.3,0.0
288,21.3,0.0
289,21.3,0.0
290,21.3,0.0
291,21.3,0.0
292,21.3,0.0
293,21.3,0.0
294,21.3,0.0
295,21.3,0.0
296,21.3,0.0
297,21.3,0.0
298,21.3,0.0
299,21.3,0.0
300,21.3,0.0
301,21.3,0.0
302,21.3,0.0
303,21.3,0.0
304,21.3,0.0
305,21.3,0.0
306,21.3,0.0
307,21.3,0.0
308,21.3,0.0
309,21.3,0.0
310,21.3,0.0
311,21.3,0.0
312,21.3,0.0
313,21.3,0.0
314,21.3,0.0
315,21.3,0.0
316,21.3,0.0
317,21.3,0.0
318,21.3,0.0
319,21.3,0.0
320,21.3,0.0
321,21.3,0.0
322,21.3,0.0
323,21.3,0.0
324,21.3,0.0
325,21.3,0.0
326,21.3,0.0
327,21.3,0.0
328,21.3,0.0
329,21.3,0.0
330,21.3,0.0
331,21.3,0.0
332,21.3,0.0
333,21.3,0.0
334,21.3,0.0
335,21.3,0.0
336,21.3,0.0
337,21.3,0.0
338,21.3,0.0
339,21.3,0.0
340,21.3,0.0
341,21.3,0.0
342,21.3,0.0
343,21.3,0.0
344,21.3,0.0
345,21.3,0.0
346,21.3,0.0
347,21.3,0.0
348,21.3,0.0
349,21.3,0.0
350,21.3,0.0
351,21.3,0.0
352,21.3,0.0
353,21.3,0.0
354,21.3,0.0
355,21.3,0.0
356,21.3,0.0
357,21.3,0.0
358,21.3,0.0
359,21.3,0.0
360,21.3,0.0
361,21.3,0.0
362,21.3,0.0
363,21.3,0.0
364,21.3,0.0
365,21.3,0.0
366,21.3,0.0
367,21.3,0.0
368,21.3,0.0
369,21.3,0.0
370,21.3,0.0
371,21.3,0.0
372,21.3,0.0
373,21.3,0.0
374,21.3,0.0
375,21.3,0.0
376,21.3,0.0
377,21.3,0.0
378,21.3,0.0
379,21.3,0.0
380,21.3,0.0
381,21.3,0.0
382,21.3,0.0
383,21.3,0.0
384,21.3,0.0
385,21.3,0.0
386,21.3,0.0
387,21.3,0.0
388,21.3,0.0
389,21.3,0.0
390,21.3,0.0
391,21.3,0.0
392,21.3,0.0
393,21.3,0.0
394,21.3,0.0
395,21.3,0.0
396,21.3,0.0
397,21.3,0.0
398,21.3,0.0
399,21.3,0.0
400,21.3,0.0
401,21.3,0.0
402,21.3,0.0
403,21.3,0.0
404,21.3,0.0
405,21.3,0.0
406,21.3,0.0
407,21.3,0.0
408,21.3,0.0
409,21.3,0.0
410,21.3,0.0
411,21.3,0.0
412,21.3,0.03197752473770343
413,21.3,0.03197752473770343
414,21.3,0.34649196956889217
415,21.3,0.34649196956889217
416,21.3,0.34649196956889217
417,21.3,0.34649196956889217
418,21.3,0.34649196956889217
419,21.3,0.34649196956889217
420,21.3,0.34649196956889217
421,21.3,0.34649196956889217
422,21.3,0.34649196956889217
423,21.3,0.34649196956889217
424,21.3,0.5464919695688915
425,21.3,0.5464919695688915
426,21.3,0.5464919695688915
427,21.3,0.5464919695688915
428,21.3,0.5464919695688915
429,21.3,0.5464919695688915
430,21.3,0.5464919695688915
431,21.3,0.5464919695688915
432,21.3,0.549380935806262
433,21.3,0.549380935806262
434,21.3,0.549380935806262
435,21.3,0.6852783717037108
436,21.3,0.7603373499301043
437,21.3,0.7744534500190561
438,21.3,0.7744534500190561
439,21.3,0.7744534500190561
440,21.3,0.7744534500190561
441,21.3,1.274453450019056
442,21.3,1.274453450019056
443,21.3,1.274453450019056
444,21.3,1.274453450019056
445,21.3,1.274453450019056
446,21.3,1.274453450019056
447,21.3,1.274453450019056
448,21.3,1.4493809358062606
449,21.3,1.4493809358062606
450,21.3,1.4493809358062606
451,21.3,1.4493809358062606
452,21.3,1.4493809358062606
453,21.3,1.4493809358062606
454,21.3,1.4493809358062606
455,21.3,1.4493809358062606
456,21.3,1.4493809358062606
457,21.3,1.4493809358062606
458,21.3,1.4493809358062606
459,21.3,1.4493809358062606
460,21.3,1.4493809358062606
461,21.3,1.7493809358062578
462,21.3,1.7493809358062578
463,21.3,1.7493809358062578
464,21.3,1.7493809358062578
465,21.3,1.7493809358062578
466,21.3,1.7493809358062578
467,21.3,1.7493809358062578
468,21.3,1.7493809358062578
469,21.3,1.7493809358062578
470,21.3,1.7493809358062578
471,21.3,1.787912087912087
472,21.3,1.787912087912087
473,21.3,2.0464919695688915
474,21.3,2.0464919695688915
475,21.3,2.0464919695688915
476,21.3,2.0464919695688915
477,21.3,2.1744534500190547
478,21.3,2.1744534500190547
479,21.3,2.1744534500190547
480,21.3,2.5464919695688915
481,21.3,2.5464919695688915
482,21.3,2.5464919695688915
483,21.3,2.5744534500190532
484,21.3,2.5744534500190532
485,21.3,2.5744534500190532
486,21.3,2.5744534500190532
487,21.3,2.5744534500190532
488,21.3,2.5744534500190532
489,21.3,2.5744534500190532
490,21.3,2.5744534500190532
491,21.3,2.5744534500190532
492,21.3,2.5744534500190532
493,21.3,2.5744534500190532
494,21.3,2.9493809358062606
495,21.3,2.9493809358062606
496,21.3,3.3744534500190575
497,21.3,3.3744534500190575
498,21.3,3.446491969568892
499,21.3,3.446491969568892
500,21.3,3.446491969568892
501,21.3,3.446491969568892
502,21.3,3.446491969568892
503,21.3,3.549380935806262
504,21.3,3.549380935806262
505,21.3,3.549380935806262
506,21.3,3.549380935806262
507,21.3,3.549380935806262
508,21.3,3.549380935806262
509,21.3,3.549380935806262
510,21.3,3.549380935806262
511,21.3,3.549380935806262
512,21.3,3.549380935806262
513,21.3,3.549380935806262
514,21.3,3.549380935806262
515,21.3,3.549380935806262
516,21.3,3.549380935806262
517,21.3,3.549380935806262
518,21.3,3.549380935806262
519,21.3,3.6493809358062634
520,21.3,3.6493809358062634
521,21.3,3.6493809358062634
522,21.3,3.6493809358062634
523,21.3,3.6493809358062634
524,21.3,3.6493809358062634
525,21.3,3.6493809358062634
526,21.3,3.6493809358062634
527,21.3,3.6493809358062634
528,21.3,3.6493809358062634
529,21.3,3.6493809358062634
530,21.3,3.6493809358062634
531,21.3,3.6493809358062634
532,21.3,3.6493809358062634
533,21.3,3.6493809358062634
534,21.3,3.774453450019056
535,21.3,3.774453450019056
536,21.3,3.774453450019056
537,21.3,3.774453450019056
538,21.3,3.774453450019056
539,21.3,3.774453450019056
540,21.3,3.774453450019056
541,21.3,3.774453450019056
542,21.3,3.774453450019056
543,21.3,3.774453450019056
544,21.3,3.774453450019056
545,21.3,3.7896292244708523
546,21.3,3.831977524737704
547,21.3,3.831977524737704
548,21.3,3.846491969568892
549,21.3,3.846491969568892
550,21.3,3.846491969568892
551,21.3,3.846491969568892
552,21.3,3.846491969568892
553,21.3,3.874453450019054
554,21.3,3.874453450019054
555,21.3,3.874453450019054
556,21.3,3.874453450019054
557,21.3,3.874453450019054
558,21.3,3.874453450019054
559,21.3,3.8879120879120848
560,21.3,3.8879120879120848
561,21.3,3.9082276697661236
562,21.3,4.049380935806262
563,21.3,4.049380935806262
564,21.3,4.049380935806262
565,21.3,4.049380935806262
566,21.3,4.049380935806262
567,21.3,4.049380935806262
568,21.3,4.049380935806262
569,21.3,4.049380935806262
570,21.3,4.049380935806262
571,21.3,4.049380935806262
572,21.3,4.049380935806262
573,21.3,4.049380935806262
574,21.3,4.7348780932491294
575,21.3,4.7348780932491294
576,21.3,4.7348780932491294
577,21.3,4.750715197321533
578,21.3,4.834878093249131
579,21.3,4.974453450019055
580,21.3,4.974453450019055
581,21.3,4.974453450019055
582,21.3,4.974453450019055
583,21.3,4.974453450019055
584,21.3,4.974453450019055
585,21.3,4.974453450019055
586,21.3,5.0464919695688915
587,21.3,5.0464919695688915
588,21.3,5.0464919695688915
589,21.3,5.0464919695688915
590,21.3,5.146491969568891
591,21.3,5.146491969568891
592,21.3,5.160337349930103
593,21.3,5.174453450019055
594,21.3,5.174453450019055
595,21.3,5.174453450019055
596,21.3,5.259150050552762
597,21.3,5.287912087912083
598,21.3,5.374453450019054
599,21.3,5.374453450019054
600,21.3,5.374453450019054
601,21.3,5.374453450019054
602,21.3,5.374453450019054
603,21.3,5.374453450019054
604,21.3,5.374453450019054
605,21.3,5.397936452687581
606,21.3,5.708888999386733
607,21.3,5.749380935806258
608,21.3,5.749380935806258
609,21.3,5.749380935806258
610,21.3,5.749380935806258
611,21.3,5.749380935806258
612,21.3,5.749380935806258
613,21.3,5.749380935806258
614,21.3,5.749380935806258
615,21.3,5.749380935806258
616,21.3,5.749380935806258
617,21.3,5.749380935806258
618,21.3,5.749380935806258
619,21.3,5.749380935806258
620,21.3,5.749380935806258
621,21.3,5.749380935806258
622,21.3,5.749380935806258
623,21.3,5.749380935806258
624,21.3,5.789629224470854
625,21.3,5.808888999386735
626,21.3,5.831977524737706
627,21.3,5.831977524737706
628,21.3,5.831977524737706
629,21.3,5.835933900187289
630,21.3,5.874453450019054
631,21.3,5.874453450019054
632,21.3,5.874453450019054
633,21.3,5.874453450019054
634,21.3,5.874453450019054
635,21.3,5.874453450019054
636,21.3,5.874453450019054
637,21.3,5.934878093249129
638,21.3,6.0053271012547
639,21.3,6.134878093249128
640,21.3,6.134878093249128
641,21.3,6.149380935806263
642,21.3,6.149380935806263
643,21.3,6.149380935806263
644,21.3,6.149380935806263
645,21.3,6.149380935806263
646,21.3,6.149380935806263
647,21.3,6.149380935806263
648,21.3,6.149380935806263
649,21.3,6.149380935806263
650,21.3,6.149380935806263
651,21.3,6.149380935806263
652,21.3,6.149380935806263
653,21.3,6.149380935806263
654,21.3,6.149380935806263
655,21.3,6.149380935806263
656,21.3,6.208888999386733
657,21.3,6.208888999386733
658,21.3,6.219574693782835
659,21.3,6.649380935806263
660,21.3,6.649380935806263
661,21.3,6.649380935806263
662,21.3,6.649380935806263
663,21.3,6.649380935806263
664,23.700000000000003,6.649380935806263
665,23.700000000000003,6.649380935806263
666,23.700000000000003,6.649380935806263
667,23.700000000000003,6.649380935806263
668,23.700000000000003,6.649380935806263
669,23.700000000000003,6.649380935806263
670,23.700000000000003,6.787912087912087
671,23.700000000000003,6.8744534500190575
672,23.700000000000003,6.8744534500190575
673,23.700000000000003,6.8744534500190575
674,23.700000000000003,6.8744534500190575
675,23.700000000000003,6.8744534500190575
676,23.700000000000003,6.8744534500190575
677,23.700000000000003,6.8744534500190575
678,23.700000000000003,6.8744534500190575
679,23.700000000000003,6.908888999386733
680,23.700000000000003,7.035933900187288
681,23.700000000000003,7.035933900187288
682,23.700000000000003,7.078282200454144
683,23.700000000000003,7.108888999386732
684,23.700000000000003,7.146491969568891
685,23.700000000000003,7.221817800098339
686,23.700000000000003,7.2359339001872875
687,23.700000000000003,7.2359339001872875
688,27.400000000000002,7.2744534500190525
689,27.400000000000002,7.2744534500190525
690,27.400000000000002,7.278282200454143
691,27.400000000000002,7.287912087912087
692,27.400000000000002,7.287912087912087
693,27.400000000000002,7.3744534500190575
694,27.400000000000002,7.3744534500190575
695,27.400000000000002,7.3744534500190575
696,27.400000000000002,7.3744534500190575
697,27.400000000000002,7.3744534500190575
698,27.400000000000002,7.3744534500190575
699,27.400000000000002,7.3744534500190575
700,27.400000000000002,7.3744534500190575
701,27.400000000000002,7.449380935806261
702,27.400000000000002,7.474453450019052
703,27.400000000000002,7.474453450019052
704,27.400000000000002,7.631977524737707
705,27.400000000000002,7.631977524737707
706,27.400000000000002,7.631977524737707
707,27.400000000000002,7.634878093249132
708,27.400000000000002,7.634878093249132
709,27.400000000000002,7.634878093249132
710,27.400000000000002,7.649380935806263
711,27.400000000000002,7.649380935806263
712,27.400000000000002,7.8744534500190575
713,27.400000000000002,7.8744534500190575
714,27.400000000000002,8.134878093249132
715,27.400000000000002,8.187912087912085
716,27.400000000000002,8.187912087912085
717,27.400000000000002,8.274453450019056
718,27.400000000000002,8.274453450019056
719,27.400000000000002,8.274453450019056
720,27.400000000000002,8.274453450019056
721,27.400000000000002,8.274453450019056
722,27.400000000000002,8.566540699119884
723,27.400000000000002,8.587912087912084
724,27.400000000000002,8.587912087912084
725,27.400000000000002,8.587912087912084
726,27.400000000000002,8.674453450019055
727,27.400000000000002,8.674453450019055
728,27.400000000000002,8.674453450019055
729,27.400000000000002,8.674453450019055
730,27.400000000000002,8.674453450019055
731,27.400000000000002,8.674453450019055
732,27.400000000000002,8.674453450019055
733,27.400000000000002,8.674453450019055
734,27.400000000000002,8.674453450019055
735,27.400000000000002,8.674453450019055
736,27.400000000000002,8.674453450019055
737,27.400000000000002,8.674453450019055
738,27.400000000000002,8.674453450019055
739,27.400000000000002,8.674453450019055
740,27.400000000000002,8.674453450019055
741,27.400000000000002,8.674453450019055
742,27.400000000000002,8.735933900187291
743,27.400000000000002,8.735933900187291
744,27.400000000000002,8.735933900187291
745,27.400000000000002,8.749380935806258
746,27.400000000000002,8.749380935806258
747,27.400000000000002,8.749380935806258
748,27.400000000000002,8.749380935806258
749,27.400000000000002,8.749380935806258
750,27.400000000000002,8.749380935806258
751,27.400000000000002,8.749380935806258
752,27.400000000000002,8.749380935806258
753,27.400000000000002,8.749380935806258
754,27.400000000000002,8.749380935806258
755,27.400000000000002,8.749380935806258
756,27.400000000000002,8.749380935806258
757,27.400000000000002,8.749380935806258
758,27.400000000000002,8.749380935806258
759,27.400000000000002,8.749380935806258
760,27.400000000000002,8.749380935806258
761,27.400000000000002,8.749380935806258
762,27.400000000000002,8.749380935806258
763,27.400000000000002,8.749380935806258
764,27.400000000000002,8.749380935806258
765,27.400000000000002,8.749380935806258
766,27.400000000000002,8.749380935806258
767,27.400000000000002,8.749380935806258
768,27.400000000000002,8.974453450019052
769,27.400000000000002,8.974453450019052
770,27.400000000000002,8.974453450019052
771,27.400000000000002,9.020761993160178
772,27.400000000000002,9.03487809324913
773,27.400000000000002,9.04938093580627
774,27.400000000000002,9.04938093580627
775,27.400000000000002,9.04938093580627
776,27.400000000000002,9.04938093580627
777,27.400000000000002,9.04938093580627
778,27.400000000000002,9.04938093580627
779,27.400000000000002,9.04938093580627
780,27.400000000000002,9.04938093580627
781,27.400000000000002,9.04938093580627
782,27.400000000000002,9.04938093580627
783,27.400000000000002,9.04938093580627
784,27.400000000000002,9.04938093580627
785,27.400000000000002,9.04938093580627
786,27.400000000000002,9.04938093580627
787,27.400000000000002,9.04938093580627
788,27.400000000000002,9.04938093580627
789,27.400000000000002,9.04938093580627
790,27.400000000000002,9.04938093580627
791,27.400000000000002,9.04938093580627
792,27.400000000000002,9.04938093580627
793,27.400000000000002,9.04938093580627
794,27.400000000000002,9.108888999386735
795,27.400000000000002,9.235933900187291
796,27.400000000000002,9.235933900187291
797,27.400000000000002,9.288967894850245
798,27.400000000000002,9.434878093249129
799,27.400000000000002,9.474453450019052
800,27.400000000000002,9.474453450019052
801,27.400000000000002,9.474453450019052
802,27.400000000000002,9.474453450019052
803,27.400000000000002,9.474453450019052
804,27.400000000000002,9.474453450019052
805,27.400000000000002,9.474453450019052
806,27.400000000000002,9.474453450019052
807,27.400000000000002,9.474453450019052
808,27.400000000000002,9.674453450019055
809,27.400000000000002,9.674453450019055
810,27.400000000000002,9.674453450019055
811,27.400000000000002,9.674453450019055
812,27.400000000000002,9.731977524737704
813,27.400000000000002,9.731977524737704
814,27.400000000000002,9.731977524737704
815,27.400000000000002,9.731977524737704
816,27.400000000000002,9.731977524737704
817,27.400000000000002,9.787912087912087
818,27.400000000000002,9.787912087912087
819,27.400000000000002,9.831977524737706
820,27.400000000000002,9.831977524737706
821,27.400000000000002,9.860337349930106
822,27.400000000000002,9.860337349930106
823,27.400000000000002,9.874453450019057
824,27.400000000000002,9.874453450019057
825,27.400000000000002,9.874453450019057
826,27.400000000000002,9.874453450019057
827,27.400000000000002,9.874453450019057
828,27.400000000000002,9.874453450019057
829,27.400000000000002,9.874453450019057
830,27.400000000000002,9.874453450019057
831,27.400000000000002,9.874453450019057
832,27.400000000000002,9.874453450019057
833,27.400000000000002,9.874453450019057
834,27.400000000000002,9.887912087912085
835,27.400000000000002,9.887912087912085
836,27.400000000000002,9.966540699119882
837,27.400000000000002,9.974453450019059
838,27.400000000000002,9.974453450019059
839,27.400000000000002,9.974453450019059
840,27.400000000000002,9.974453450019059
841,27.400000000000002,9.974453450019059
842,27.400000000000002,9.974453450019059
843,27.400000000000002,9.974453450019059
844,27.400000000000002,9.974453450019059
845,27.400000000000002,9.974453450019059
846,27.400000000000002,9.974453450019059
847,27.400000000000002,9.974453450019059
848,27.400000000000002,9.974453450019059
849,27.400000000000002,9.974453450019059
850,27.400000000000002,9.974453450019059
851,27.400000000000002,9.974453450019059
852,27.400000000000002,9.974453450019059
853,27.400000000000002,9.974453450019059
854,27.400000000000002,10.008888999386734
855,27.400000000000002,10.059150050552766
856,27.400000000000002,10.13593390018729
857,27.400000000000002,10.13593390018729
858,27.400000000000002,10.178282200454145
859,27.400000000000002,10.183031397963521
860,27.400000000000002,10.231977524737704
861,27.400000000000002,10.231977524737704
862,27.400000000000002,10.37445345001905
863,27.400000000000002,10.37445345001905
864,27.400000000000002,10.37445345001905
865,27.400000000000002,10.408888999386733
866,27.400000000000002,10.408888999386733
867,27.400000000000002,10.408888999386733
868,27.400000000000002,10.535933900187288
869,27.400000000000002,10.565484892181722
870,27.400000000000002,10.578282200454144
871,27.400000000000002,10.634878093249132
872,27.400000000000002,10.634878093249132
873,27.400000000000002,10.634878093249132
874,27.400000000000002,10.73487809324913
875,27.400000000000002,10.73487809324913
876,27.400000000000002,10.749380935806258
877,27.400000000000002,10.749380935806258
878,27.400000000000002,10.749380935806258
879,27.400000000000002,10.749380935806258
880,27.400000000000002,10.749380935806258
881,27.400000000000002,10.749380935806258
882,27.400000000000002,10.749380935806258
883,27.400000000000002,10.749380935806258
884,27.400000000000002,10.749380935806258
885,27.400000000000002,10.749380935806258
886,27.400000000000002,10.749380935806258
887,27.400000000000002,10.774453450019056
888,27.400000000000002,10.774453450019056
889,27.400000000000002,10.774453450019056
890,27.400000000000002,10.774453450019056
891,27.400000000000002,10.774453450019056
892,27.400000000000002,10.774453450019056
893,27.400000000000002,10.83487809324913
894,27.400000000000002,10.931977524737704
895,27.400000000000002,10.931977524737704
896,27.400000000000002,10.931977524737704
897,27.400000000000002,10.931977524737704
898,27.400000000000002,10.931977524737704
899,27.400000000000002,10.931977524737704
900,27.400000000000002,10.931977524737704
901,27.400000000000002,10.931977524737704
902,27.400000000000002,10.931977524737704
903,27.400000000000002,10.946491969568893
904,27.400000000000002,10.987912087912086
905,27.400000000000002,10.987912087912086
906,27.400000000000002,10.987912087912086
907,27.400000000000002,10.987912087912086
908,27.400000000000002,10.988967894850244
909,27.400000000000002,11.060337349930101
910,27.400000000000002,11.074453450019053
911,27.400000000000002,11.074453450019053
912,27.400000000000002,11.074453450019053
913,27.400000000000002,11.074453450019053
914,27.400000000000002,11.074453450019053
915,27.400000000000002,11.074453450019053
916,27.400000000000002,11.074453450019053
917,27.400000000000002,11.074453450019053
918,27.400000000000002,11.074453450019053
919,27.400000000000002,11.074453450019053
920,27.400000000000002,11.074453450019053
921,27.400000000000002,11.131977524737703
922,27.400000000000002,11.131977524737703
923,27.400000000000002,11.131977524737703
924,27.400000000000002,11.131977524737703
925,27.400000000000002,11.131977524737703
926,27.400000000000002,11.131977524737703
927,27.400000000000002,11.131977524737703
928,27.400000000000002,11.131977524737703
929,27.400000000000002,11.131977524737703
930,27.400000000000002,11.149380935806263
931,27.400000000000002,11.149380935806263
932,27.400000000000002,11.149380935806263
933,27.400000000000002,11.149380935806263
934,27.400000000000002,11.149380935806263
935,27.400000000000002,11.149380935806263
936,27.400000000000002,11.149380935806263
937,27.400000000000002,11.149380935806263
938,27.400000000000002,11.149380935806263
939,27.400000000000002,11.149380935806263
940,27.400000000000002,11.149380935806263
941,27.400000000000002,11.149380935806263
942,27.400000000000002,11.149380935806263
943,27.400000000000002,11.149380935806263
944,27.400000000000002,11.149380935806263
945,27.400000000000002,11.149380935806263
946,27.400000000000002,11.149380935806263
947,27.400000000000002,11.149380935806263
948,27.400000000000002,11.149380935806263
949,27.400000000000002,11.149380935806263
950,27.400000000000002,11.149380935806263
951,27.400000000000002,11.149380935806263
952,27.400000000000002,11.149380935806263
953,27.400000000000002,11.149380935806263
954,27.400000000000002,11.149380935806263
955,27.400000000000002,11.187912087912085
956,27.400000000000002,11.208888999386737
957,27.400000000000002,11.387912087912085
958,27.400000000000002,11.387912087912085
959,27.400000000000002,11.42841562660567
960,27.400000000000002,11.608888999386735
961,27.400000000000002,11.674453450019055
962,27.400000000000002,11.674453450019055
963,27.400000000000002,11.674453450019055
964,27.400000000000002,11.674453450019055
965,27.400000000000002,11.674453450019055
966,27.400000000000002,11.708888999386733
967,27.400000000000002,11.708888999386733
968,27.400000000000002,11.708888999386733
969,27.400000000000002,11.708888999386733
970,27.400000000000002,11.735933900187291
971,27.400000000000002,11.735933900187291
972,27.400000000000002,11.759150050552762
973,27.400000000000002,11.778282200454147
974,27.400000000000002,11.83487809324913
975,27.400000000000002,11.878282200454144
976,27.400000000000002,11.887912087912085
977,27.400000000000002,11.905060248951646
978,27.400000000000002,11.974453450019052
979,27.400000000000002,11.974453450019052
980,27.400000000000002,11.974453450019052
981,27.400000000000002,11.974453450019052
982,27.400000000000002,11.974453450019052
983,27.400000000000002,11.974453450019052
984,27.400000000000002,11.974453450019052
985,27.400000000000002,11.974453450019052
986,27.400000000000002,11.974453450019052
987,27.400000000000002,11.974453450019052
988,27.400000000000002,11.974453450019052
989,27.400000000000002,11.974453450019052
990,27.400000000000002,11.974453450019052
991,27.400000000000002,11.974453450019052
992,27.400000000000002,11.974453450019052
993,27.400000000000002,11.974453450019059
994,27.400000000000002,11.974453450019059
995,27.400000000000002,11.974453450019059
996,27.400000000000002,11.974453450019059
997,27.400000000000002,11.974453450019059
998,27.400000000000002,11.974453450019059
999,27.400000000000002,11.974453450019059
1000,27.400000000000002,11.974453450019059
1001,27.400000000000002,11.974453450019059
1002,27.400000000000002,11.974453450019059
1003,27.400000000000002,12.0053271012547
1004,27.400000000000002,12.020761993160178
1005,27.400000000000002,12.03487809324913
1006,27.400000000000002,12.060337349930101
1007,27.400000000000002,12.074453450019053
1008,27.400000000000002,12.074453450019053
1009,27.400000000000002,12.074453450019053
1010,27.400000000000002,12.074453450019053
1011,27.400000000000002,12.074453450019053
1012,27.400000000000002,12.074453450019053
1013,27.400000000000002,12.074453450019053
1014,27.400000000000002,12.074453450019053
1015,27.400000000000002,12.074453450019053
1016,27.400000000000002,12.074453450019053
1017,27.400000000000002,12.074453450019053
1018,27.400000000000002,12.074453450019053
1019,27.400000000000002,12.074453450019053
1020,27.400000000000002,12.074453450019053
1021,27.400000000000002,12.087912087912084
1022,27.400000000000002,12.15915005055276
1023,27.400000000000002,12.23487809324913
1024,27.400000000000002,12.288967894850245
1025,27.400000000000002,12.440284752954437
1026,27.400000000000002,12.488967894850244
1027,27.400000000000002,12.549125685777273
1028,27.400000000000002,12.631977524737707
1029,27.400000000000002,12.631977524737707
1030,27.400000000000002,12.631977524737707
1031,27.400000000000002,12.631977524737707
1032,27.400000000000002,12.631977524737707
1033,27.400000000000002,12.631977524737707
1034,27.400000000000002,12.631977524737707
1035,27.400000000000002,12.631977524737707
1036,27.400000000000002,12.631977524737707
1037,27.400000000000002,12.631977524737707
1038,27.400000000000002,12.631977524737707
1039,27.400000000000002,12.649380935806263
1040,27.400000000000002,12.71667412527141
1041,27.400000000000002,12.808888999386735
1042,27.400000000000002,12.808888999386735
1043,27.400000000000002,12.808888999386735
1044,27.400000000000002,12.831977524737706
1045,27.400000000000002,12.831977524737706
1046,27.400000000000002,12.887912087912088
1047,27.400000000000002,12.887912087912088
1048,27.400000000000002,12.93593390018729
1049,27.400000000000002,12.93593390018729
1050,27.400000000000002,13.008888999386734
1051,27.400000000000002,13.008888999386734
1052,27.400000000000002,13.008888999386734
1053,27.400000000000002,13.008888999386734
1054,27.400000000000002,13.121817800098341
1055,27.400000000000002,13.131977524737707
1056,27.400000000000002,13.131977524737707
1057,27.400000000000002,13.131977524737707
1058,27.400000000000002,13.131977524737707
1059,27.400000000000002,13.131977524737707
1060,27.400000000000002,13.13593390018729
1061,27.400000000000002,13.174453450019055
1062,27.400000000000002,13.174453450019055
1063,27.400000000000002,13.174453450019055
1064,27.400000000000002,13.208888999386733
1065,27.400000000000002,13.335933900187289
1066,27.400000000000002,13.335933900187289
1067,27.400000000000002,13.387912087912088
1068,27.400000000000002,13.387912087912088
1069,27.400000000000002,13.387912087912088
1070,27.400000000000002,13.460337349930107
1071,27.400000000000002,13.474453450019059
1072,27.400000000000002,13.474453450019059
1073,27.400000000000002,13.474453450019059
1074,27.400000000000002,13.474453450019059
1075,27.400000000000002,13.474453450019059
1076,27.400000000000002,13.474453450019059
1077,27.400000000000002,13.474453450019059
1078,27.400000000000002,13.54938093580627
1079,27.400000000000002,13.54938093580627
1080,27.400000000000002,13.54938093580627
1081,27.400000000000002,13.54938093580627
1082,27.400000000000002,13.54938093580627
1083,27.400000000000002,13.54938093580627
1084,27.400000000000002,13.54938093580627
1085,27.400000000000002,13.54938093580627
1086,27.400000000000002,13.54938093580627
1087,27.400000000000002,13.54938093580627
1088,27.400000000000002,13.54938093580627
1089,27.400000000000002,13.54938093580627
1090,27.400000000000002,13.54938093580627
1091,27.400000000000002,13.54938093580627
1092,27.400000000000002,13.54938093580627
1093,27.400000000000002,13.54938093580627
1094,27.400000000000002,13.708888999386733
1095,27.400000000000002,13.708888999386733
1096,27.400000000000002,13.734878093249133
1097,27.400000000000002,13.734878093249133
1098,27.400000000000002,13.835933900187289
1099,27.400000000000002,13.835933900187289
1100,27.400000000000002,13.887912087912088
1101,27.400000000000002,13.974453450019059
1102,27.400000000000002,13.974453450019059
1103,27.400000000000002,14.031977524737705
1104,27.400000000000002,14.031977524737705
1105,27.400000000000002,14.031977524737705
1106,27.400000000000002,14.031977524737705
1107,27.400000000000002,14.031977524737705
1108,27.400000000000002,14.031977524737705
1109,27.400000000000002,14.065484892181725
1110,27.400000000000002,14.074453450019053
1111,27.400000000000002,14.074453450019053
1112,27.400000000000002,14.074453450019053
1113,27.400000000000002,14.074453450019053
1114,27.400000000000002,14.074453450019053
1115,27.400000000000002,14.074453450019053
1116,27.400000000000002,14.074453450019053
1117,27.400000000000002,14.074453450019053
1118,27.400000000000002,14.074453450019053
1119,27.400000000000002,14.074453450019053
1120,27.400000000000002,14.074453450019053
1121,27.400000000000002,14.134878093249128
1122,27.400000000000002,14.16548489218172
1123,27.400000000000002,14.234878093249133
1124,27.400000000000002,14.234878093249133
1125,27.400000000000002,14.287912087912087
1126,27.400000000000002,14.287912087912087
1127,27.400000000000002,14.287912087912087
1128,27.400000000000002,14.287912087912087
1129,27.400000000000002,14.431977524737704
1130,27.400000000000002,14.431977524737704
1131,27.400000000000002,14.431977524737704
1132,27.400000000000002,14.431977524737704
1133,27.400000000000002,14.431977524737704
1134,27.400000000000002,14.431977524737704
1135,27.400000000000002,14.431977524737704
1136,27.400000000000002,14.457305288979494
1137,27.400000000000002,14.687912087912085
1138,27.400000000000002,14.687912087912085
1139,27.400000000000002,14.687912087912085
1140,27.400000000000002,14.687912087912085
1141,27.400000000000002,14.860867187111523
1142,27.400000000000002,14.878282200454148
1143,27.400000000000002,14.987912087912083
1144,27.400000000000002,14.988967894850248
1145,27.400000000000002,15.134878093249132
1146,27.400000000000002,15.134878093249132
1147,27.400000000000002,15.134878093249132
1148,27.400000000000002,15.134878093249132
1149,27.400000000000002,15.208888999386737
1150,27.400000000000002,15.208888999386737
1151,27.400000000000002,15.22181780009834
1152,27.400000000000002,15.235933900187288
1153,27.400000000000002,15.308888999386731
1154,27.400000000000002,15.335933900187293
1155,27.400000000000002,15.487912087912083
1156,27.400000000000002,15.487912087912083
1157,27.400000000000002,15.505327101254704
1158,27.400000000000002,15.520761993160178
1159,27.400000000000002,15.520761993160178
1160,27.400000000000002,15.53487809324913
1161,27.400000000000002,15.53487809324913
1162,27.400000000000002,15.53487809324913
1163,27.400000000000002,15.53487809324913
1164,27.400000000000002,15.53487809324913
1165,27.400000000000002,15.631977524737707
1166,27.400000000000002,15.631977524737707
1167,27.400000000000002,15.631977524737707
1168,27.400000000000002,15.631977524737707
1169,27.400000000000002,15.631977524737707
1170,27.400000000000002,15.631977524737707
1171,27.400000000000002,15.631977524737707
1172,27.400000000000002,15.631977524737707
1173,27.400000000000002,15.631977524737707
1174,27.400000000000002,15.631977524737707
1175,27.400000000000002,15.631977524737707
1176,27.400000000000002,15.631977524737707
1177,27.400000000000002,15.649380935806263
1178,27.400000000000002,15.649380935806263
1179,27.400000000000002,15.649380935806263
1180,27.400000000000002,15.649380935806263
1181,27.400000000000002,15.649380935806263
1182,27.400000000000002,15.649380935806263
1183,27.400000000000002,15.649380935806263
1184,27.400000000000002,15.649380935806263
1185,27.400000000000002,15.649380935806263
1186,27.400000000000002,15.649380935806263
1187,27.400000000000002,15.649380935806263
1188,27.400000000000002,15.649380935806263
1189,27.400000000000002,15.649380935806263
1190,27.400000000000002,15.649380935806263
1191,27.400000000000002,15.649380935806263
1192,27.400000000000002,15.649380935806263
1193,27.400000000000002,15.649380935806263
1194,27.400000000000002,15.649380935806263
1195,27.400000000000002,15.649380935806263
1196,27.400000000000002,15.649380935806263
1197,27.400000000000002,15.649380935806263
1198,27.400000000000002,15.649380935806263
1199,27.400000000000002,15.649380935806263
1200,27.400000000000002,15.649380935806263
1201,27.400000000000002,15.649380935806263
1202,27.400000000000002,15.674453450019055
1203,27.400000000000002,15.674453450019055
1204,27.400000000000002,15.674453450019055
1205,27.400000000000002,15.674453450019055
1206,27.400000000000002,15.674453450019055
1207,27.400000000000002,15.687912087912085
1208,27.400000000000002,15.687912087912085
1209,27.400000000000002,15.687912087912085
1210,27.400000000000002,15.731977524737704
1211,27.400000000000002,15.731977524737704
1212,27.400000000000002,15.731977524737704
1213,27.400000000000002,15.731977524737704
1214,27.400000000000002,15.760337349930104
1215,27.400000000000002,15.774453450019056
1216,27.400000000000002,15.774453450019056
1217,27.400000000000002,15.774453450019056
1218,27.400000000000002,15.774453450019056
1219,27.400000000000002,15.774453450019056
1220,27.400000000000002,15.774453450019056
1221,27.400000000000002,15.774453450019056
1222,27.400000000000002,15.774453450019056
1223,27.400000000000002,15.774453450019056
1224,27.400000000000002,15.774453450019056
1225,27.400000000000002,15.774453450019056
1226,27.400000000000002,15.774453450019056
1227,27.400000000000002,15.774453450019056
1228,27.400000000000002,15.831977524737706
1229,27.400000000000002,15.834878093249127
1230,27.400000000000002,15.86086718711153
1231,27.400000000000002,15.887912087912088
1232,27.400000000000002,15.887912087912088
1233,27.400000000000002,15.887912087912088
1234,27.400000000000002,15.887912087912088
1235,27.400000000000002,15.887912087912088
1236,27.400000000000002,15.98791208791209
1237,27.400000000000002,15.98791208791209
1238,27.400000000000002,15.98791208791209
1239,27.400000000000002,15.98791208791209
1240,27.400000000000002,15.98791208791209
1241,27.400000000000002,15.98791208791209
1242,27.400000000000002,16.074453450019053
1243,27.400000000000002,16.074453450019053
1244,27.400000000000002,16.074453450019053
1245,27.400000000000002,16.074453450019053
1246,27.400000000000002,16.108888999386735
1247,27.400000000000002,16.135400195581184
1248,27.400000000000002,16.157305288979497
1249,27.400000000000002,16.16548489218172
1250,27.400000000000002,16.23593390018729
1251,27.400000000000002,16.23593390018729
1252,27.400000000000002,16.328543251620168
1253,27.400000000000002,16.334878093249127
1254,27.400000000000002,16.334878093249127
1255,27.400000000000002,16.334878093249127
1256,27.400000000000002,16.38791208791208
1257,27.400000000000002,16.405327101254702
1258,27.400000000000002,16.405327101254702
1259,27.400000000000002,16.508888999386734
1260,27.400000000000002,16.508888999386734
1261,27.400000000000002,16.53487809324913
1262,27.400000000000002,16.63593390018729
1263,27.400000000000002,16.63593390018729
1264,27.400000000000002,16.677098768501484
1265,27.400000000000002,16.734878093249133
1266,27.400000000000002,16.734878093249133
1267,27.400000000000002,16.734878093249133
1268,27.400000000000002,16.820761993160183
1269,27.400000000000002,16.831977524737706
1270,27.400000000000002,16.834878093249134
1271,27.400000000000002,16.834878093249134
1272,27.400000000000002,16.834878093249134
1273,27.400000000000002,16.834878093249134
1274,27.400000000000002,16.84649196956889
1275,27.400000000000002,16.84649196956889
1276,27.400000000000002,16.849380935806266
1277,27.400000000000002,16.849380935806266
1278,27.400000000000002,16.849380935806266
1279,27.400000000000002,16.849380935806266
1280,27.400000000000002,16.849380935806266
1281,27.400000000000002,16.849380935806266
1282,27.400000000000002,16.849380935806266
1283,27.400000000000002,16.849380935806266
1284,27.400000000000002,16.849380935806266
1285,27.400000000000002,16.849380935806266
1286,27.400000000000002,16.849380935806266
1287,27.400000000000002,16.849380935806266
1288,27.400000000000002,16.849380935806266
1289,27.400000000000002,16.849380935806266
1290,27.400000000000002,16.849380935806266
1291,27.400000000000002,16.849380935806266
1292,27.400000000000002,16.849380935806266
1293,27.400000000000002,16.849380935806266
1294,27.400000000000002,16.849380935806266
1295,27.400000000000002,16.946491969568893
1296,27.400000000000002,16.988967894850248
1297,27.400000000000002,17.015885170636302
1298,27.400000000000002,17.031977524737705
1299,27.400000000000002,17.031977524737705
1300,27.400000000000002,17.031977524737705
1301,27.400000000000002,17.031977524737705
1302,27.400000000000002,17.031977524737705
1303,27.400000000000002,17.031977524737705
1304,27.400000000000002,17.031977524737705
1305,27.400000000000002,17.031977524737705
1306,27.400000000000002,17.031977524737705
1307,27.400000000000002,17.087912087912084
1308,27.400000000000002,17.087912087912084
1309,27.400000000000002,17.231977524737704
1310,27.400000000000002,17.231977524737704
1311,27.400000000000002,17.231977524737704
1312,27.400000000000002,17.231977524737704
1313,27.400000000000002,17.231977524737704
1314,27.400000000000002,17.234878093249126
1315,27.400000000000002,17.234878093249126
1316,27.400000000000002,17.234878093249126
1317,27.400000000000002,17.25730528897949
1318,27.400000000000002,17.31033928364245
1319,27.400000000000002,17.34649196956889
1320,27.400000000000002,17.435933900187287
1321,27.400000000000002,17.508888999386734
1322,27.400000000000002,17.62076199316018
1323,27.400000000000002,17.63487809324913
1324,27.400000000000002,17.63593390018729
1325,27.400000000000002,17.687912087912085
1326,27.400000000000002,17.687912087912085
1327,27.400000000000002,17.708888999386737
1328,27.400000000000002,17.708888999386737
1329,27.400000000000002,17.708888999386737
1330,27.400000000000002,17.708888999386737
1331,27.400000000000002,17.731977524737704
1332,27.400000000000002,17.731977524737704
1333,27.400000000000002,17.731977524737704
1334,27.400000000000002,17.731977524737704
1335,27.400000000000002,17.731977524737704
1336,27.400000000000002,17.731977524737704
1337,27.400000000000002,17.774453450019056
1338,27.400000000000002,17.774453450019056
1339,27.400000000000002,17.774453450019056
1340,27.400000000000002,17.774453450019056
1341,27.400000000000002,17.774453450019056
1342,27.400000000000002,17.774453450019056
1343,27.400000000000002,17.8053271012547
1344,27.400000000000002,17.835933900187293
1345,27.400000000000002,17.835933900187293
1346,27.400000000000002,17.835933900187293
1347,27.400000000000002,17.835933900187293
1348,27.400000000000002,17.87445345001905
1349,27.400000000000002,17.87445345001905
1350,27.400000000000002,17.87445345001905
1351,27.400000000000002,17.87445345001905
1352,27.400000000000002,17.87445345001905
1353,27.400000000000002,17.87445345001905
1354,27.400000000000002,17.87445345001905
1355,27.400000000000002,17.920761993160177
1356,27.400000000000002,17.931977524737704
1357,27.400000000000002,17.93487809324913
1358,27.400000000000002,17.93487809324913
1359,27.400000000000002,17.93487809324913
1360,27.400000000000002,17.93487809324913
1361,27.400000000000002,17.93487809324913
1362,27.400000000000002,17.93487809324913
1363,27.400000000000002,17.935933900187294
1364,27.400000000000002,17.935933900187294
1365,27.400000000000002,17.987912087912083
1366,27.400000000000002,17.987912087912083
1367,27.400000000000002,17.987912087912083
1368,27.400000000000002,17.987912087912083
1369,27.400000000000002,18.04649196956889
1370,27.400000000000002,18.04649196956889
1371,27.400000000000002,18.04649196956889
1372,27.400000000000002,18.087912087912084
1373,27.400000000000002,18.20888899938673
1374,27.400000000000002,18.20888899938673
1375,27.400000000000002,18.24649196956889
1376,27.400000000000002,18.24649196956889
1377,27.400000000000002,18.24649196956889
1378,27.400000000000002,18.24649196956889
1379,27.400000000000002,18.53487809324913
1380,28.200000000000003,18.53487809324913
1381,28.200000000000003,18.53487809324913
1382,28.200000000000003,18.566540699119884
1383,28.200000000000003,18.608888999386735
1384,28.200000000000003,18.66548489218172
1385,28.200000000000003,18.674453450019055
1386,28.200000000000003,18.674453450019055
1387,28.200000000000003,18.674453450019055
1388,28.200000000000003,18.674453450019055
1389,28.200000000000003,18.731977524737708
1390,28.200000000000003,18.731977524737708
1391,28.200000000000003,18.731977524737708
1392,28.200000000000003,18.731977524737708
1393,28.200000000000003,18.731977524737708
1394,28.200000000000003,18.731977524737708
1395,28.200000000000003,18.731977524737708
1396,28.200000000000003,18.731977524737708
1397,28.200000000000003,18.76548489218172
1398,28.200000000000003,18.788967894850245
1399,28.200000000000003,18.820761993160183
1400,28.200000000000003,18.834878093249127
1401,28.200000000000003,18.834878093249127
1402,28.200000000000003,18.834878093249127
1403,28.200000000000003,18.834878093249127
1404,28.200000000000003,18.834878093249127
1405,28.200000000000003,18.84912568577727
1406,28.200000000000003,18.86654069911988
1407,28.200000000000003,18.93487809324913
1408,28.200000000000003,18.93487809324913
1409,28.200000000000003,18.93487809324913
1410,28.200000000000003,18.93487809324913
1411,28.200000000000003,18.93487809324913
1412,28.200000000000003,18.93487809324913
1413,28.200000000000003,18.93487809324913
1414,28.200000000000003,18.94938093580626
1415,28.200000000000003,18.94938093580626
1416,28.200000000000003,18.94938093580626
1417,28.200000000000003,18.94938093580626
1418,28.200000000000003,18.94938093580626
1419,28.200000000000003,18.94938093580626
1420,28.200000000000003,18.94938093580626
1421,28.200000000000003,18.94938093580626
1422,28.200000000000003,18.94938093580626
1423,28.200000000000003,18.94938093580626
1424,28.200000000000003,18.94938093580626
1425,28.200000000000003,18.94938093580626
1426,28.200000000000003,18.94938093580626
1427,28.200000000000003,18.94938093580626
1428,28.200000000000003,18.94938093580626
1429,28.200000000000003,18.94938093580626
1430,28.200000000000003,18.94938093580626
1431,28.200000000000003,18.94938093580626
1432,28.200000000000003,18.94938093580626
1433,28.200000000000003,19.008888999386734
1434,28.200000000000003,19.028415626605675
1435,29.5,19.03593390018729
1436,29.5,19.03593390018729
1437,29.5,19.03593390018729
1438,29.5,19.03593390018729
1439,29.5,19.131977524737703
1440,29.5,19.13593390018729
1441,29.5,19.187912087912085
1442,29.5,19.187912087912085
1443,29.5,19.231977524737708
1444,29.5,19.231977524737708
1445,29.5,19.231977524737708
1446,29.5,19.231977524737708
1447,29.5,19.231977524737708
1448,29.5,19.231977524737708
1449,29.5,19.231977524737708
1450,29.5,19.231977524737708
1451,29.5,19.231977524737708
1452,29.5,19.331977524737702
1453,29.5,19.331977524737702
1454,29.5,19.331977524737702
1455,29.5,19.48791208791209
1456,29.5,19.508888999386734
1457,29.5,19.508888999386734
1458,29.5,19.5603373499301
1459,29.5,19.574453450019053
1460,29.5,19.574453450019053
1461,29.5,19.574453450019053
1462,29.5,19.574453450019053
1463,29.5,19.574453450019053
1464,29.5,19.574453450019053
1465,29.5,19.574453450019053
1466,29.5,19.574453450019053
1467,29.5,19.574453450019053
1468,29.5,19.574453450019053
1469,29.5,19.574453450019053
1470,29.5,19.58303139796352
1471,29.5,19.62841562660567
1472,29.5,19.63593390018729
1473,29.5,19.649380935806263
1474,29.5,19.649380935806263
1475,29.5,19.649380935806263
1476,29.5,19.649380935806263
1477,29.5,19.649380935806263
1478,29.5,19.649380935806263
1479,29.5,19.649380935806263
1480,29.5,19.649380935806263
1481,29.5,19.649380935806263
1482,29.5,19.649380935806263
1483,29.5,19.649380935806263
1484,29.5,19.649380935806263
1485,29.5,19.649380935806263
1486,29.5,19.649380935806263
1487,29.5,19.649380935806263
1488,29.5,19.649380935806263
1489,29.5,19.649380935806263
1490,29.5,19.649380935806263
1491,29.5,19.649380935806263
1492,29.5,19.691729236073115
1493,29.5,19.731977524737708
1494,29.5,19.731977524737708
1495,29.5,19.731977524737708
1496,29.5,19.731977524737708
1497,29.5,19.731977524737708
1498,29.5,19.746491969568893
1499,29.5,19.746491969568893
1500,29.5,19.80888899938673
1501,29.5,19.80888899938673
1502,29.5,19.80888899938674
1503,29.5,19.80888899938674
1504,29.5,19.849380935806266
1505,29.5,19.87445345001905
1506,29.5,19.87445345001905
1507,29.5,19.87445345001905
1508,29.5,19.87445345001905
1509,29.5,19.87445345001905
1510,29.5,19.87445345001905
1511,29.5,19.87445345001905
1512,29.5,19.87445345001905
1513,29.5,19.87445345001905
1514,29.5,19.908888999386733
1515,29.5,19.935933900187287
1516,29.5,19.935933900187294
1517,29.5,19.978282200454142
1518,29.5,20.03487809324913
1519,29.5,20.049380935806262
1520,29.5,20.087912087912084
1521,29.5,20.131977524737707
1522,29.5,20.131977524737707
1523,29.5,20.131977524737707
1524,29.5,20.131977524737707
1525,29.5,20.131977524737707
1526,29.5,20.131977524737707
1527,29.5,20.131977524737707
1528,29.5,20.131977524737707
1529,29.5,20.131977524737707
1530,29.5,20.131977524737707
1531,29.5,20.131977524737707
1532,29.5,20.131977524737707
1533,29.5,20.131977524737707
1534,29.5,20.246491969568893
1535,29.5,20.334878093249134
1536,29.5,20.334878093249134
1537,29.5,20.489629224470853
1538,29.5,20.531977524737705
1539,29.5,20.531977524737705
1540,29.5,20.531977524737705
1541,29.5,20.531977524737705
1542,29.5,20.531977524737705
1543,29.5,20.531977524737705
1544,29.5,20.531977524737705
1545,29.5,20.531977524737705
1546,29.5,20.531977524737705
1547,29.5,20.831977524737702
1548,29.5,20.831977524737702
1549,29.5,20.831977524737702
1550,29.5,20.831977524737702
1551,29.5,20.834878093249134
1552,29.5,20.834878093249134
1553,29.5,20.920761993160177
1554,29.5,21.008888999386734
1555,29.5,21.074453450019053
1556,29.5,21.074453450019053
1557,29.5,21.074453450019053
1558,29.5,21.074453450019053
1559,29.5,21.12841562660567
1560,29.5,21.146491969568892
1561,29.5,21.295569588782257
1562,29.5,21.331977524737702
1563,29.5,21.331977524737702
1564,29.5,21.331977524737702
1565,29.5,21.331977524737702
1566,29.5,21.331977524737702
1567,29.5,21.435933900187294
1568,29.5,21.435933900187294
1569,29.5,21.435933900187294
1570,29.5,21.44938093580626
1571,29.5,21.44938093580626
1572,29.5,21.531977524737705
1573,29.5,21.531977524737705
1574,29.5,21.531977524737705
1575,29.5,21.531977524737705
1576,29.5,21.531977524737705
1577,29.5,21.54649196956889
1578,29.5,21.54649196956889
1579,29.5,21.54649196956889
1580,29.5,21.54649196956889
1581,29.5,21.54649196956889
1582,29.5,21.54649196956889
1583,29.5,21.549380935806262
1584,29.5,21.549380935806262
1585,29.5,21.562584323670297
1586,29.5,21.674453450019055
1587,29.5,21.674453450019055
1588,29.5,21.674453450019055
1589,29.5,21.674453450019055
1590,29.5,21.674453450019055
1591,29.5,21.674453450019055
1592,29.5,21.674453450019055
1593,29.5,21.674453450019055
1594,29.5,21.674453450019055
1595,29.5,21.687912087912085
1596,29.5,21.687912087912085
1597,29.5,21.731977524737708
1598,29.5,21.731977524737708
1599,29.5,21.731977524737708
1600,29.5,21.731977524737708
1601,29.5,21.731977524737708
1602,29.5,21.731977524737708
1603,29.5,21.731977524737708
1604,29.5,21.731977524737708
1605,29.5,21.731977524737708
1606,29.5,21.731977524737708
1607,29.5,21.731977524737708
1608,29.5,21.731977524737708
1609,29.5,21.749380935806265
1610,29.5,21.749380935806265
1611,29.5,21.749380935806265
1612,29.5,21.749380935806265
1613,29.5,21.749380935806265
1614,29.5,21.749380935806265
1615,29.5,21.749380935806265
1616,29.5,21.749380935806265
1617,29.5,21.749380935806265
1618,29.5,21.749380935806265
1619,29.5,21.749380935806265
1620,29.5,21.749380935806265
1621,29.5,21.749380935806265
1622,29.5,21.749380935806265
1623,29.5,21.749380935806265
1624,29.5,21.749380935806265
1625,29.5,21.749380935806265
1626,29.5,21.749380935806265
1627,29.5,21.749380935806265
1628,29.5,21.749380935806265
1629,29.5,21.749380935806265
1630,29.5,21.749380935806265
1631,29.5,21.749380935806265
1632,29.5,21.749380935806265
1633,29.5,21.749380935806265
1634,29.5,21.749380935806265
1635,29.5,21.749380935806265
1636,29.5,21.749380935806265
1637,29.5,21.749380935806265
1638,29.5,21.760337349930104
1639,29.5,21.774453450019056
1640,29.5,21.774453450019056
1641,29.5,21.774453450019056
1642,29.5,21.774453450019056
1643,29.5,21.774453450019056
1644,29.5,21.774453450019056
1645,29.5,21.774453450019056
1646,29.5,21.774453450019056
1647,29.5,21.774453450019056
1648,29.5,21.774453450019056
1649,29.5,21.774453450019056
1650,29.5,21.774453450019056
1651,29.5,21.774453450019056
1652,29.5,21.787912087912087
1653,29.5,21.787912087912087
1654,29.5,21.787912087912087
1655,29.5,21.787912087912087
1656,29.5,21.787912087912087
1657,29.5,21.83197752473771
1658,29.5,21.83197752473771
1659,29.5,21.83197752473771
1660,29.5,21.908888999386733
1661,29.5,21.908888999386733
1662,29.5,21.908888999386733
1663,29.5,21.916674125271413
1664,29.5,22.03593390018729
1665,29.5,22.04938093580627
1666,29.5,22.04938093580627
1667,29.5,22.04938093580627
1668,29.5,22.087912087912084
1669,29.5,22.087912087912084
1670,29.5,22.174453450019055
1671,29.5,22.174453450019055
1672,29.5,22.174453450019055
1673,29.5,22.174453450019055
1674,29.5,22.174453450019055
1675,29.5,22.174453450019055
1676,29.5,22.174453450019055
1677,29.5,22.174453450019055
1678,29.5,22.174453450019055
1679,29.5,22.174453450019055
1680,29.5,22.174453450019055
1681,29.5,22.174453450019055
1682,29.5,22.174453450019055
1683,29.5,22.174453450019055
1684,29.5,22.174453450019055
1685,29.5,22.174453450019055
1686,29.5,22.2319775247377
1687,29.5,22.52076199316018
1688,29.5,22.53487809324913
1689,29.5,22.53487809324913
1690,29.5,22.53487809324913
1691,29.5,22.577098768501486
1692,29.5,22.631977524737707
1693,29.5,22.631977524737707
1694,29.5,22.631977524737707
1695,29.5,22.631977524737707
1696,29.5,22.63487809324913
1697,29.5,22.63487809324913
1698,29.5,22.63487809324913
1699,29.5,22.63487809324913
1700,29.5,22.746491969568893
1701,29.5,22.746491969568893
1702,29.5,22.746491969568893
1703,29.5,22.762584323670293
1704,29.5,22.84649196956889
1705,29.5,22.84649196956889
1706,29.5,22.849380935806266
1707,29.5,22.931977524737704
1708,29.5,22.931977524737704
1709,29.5,22.931977524737704
1710,29.5,22.93487809324913
1711,29.5,22.93487809324913
1712,29.5,22.946491969568893
1713,29.5,22.946491969568893
1714,29.5,22.94938093580626
1715,29.5,23.031977524737705
1716,29.5,23.18527837170371
1717,29.5,23.249380935806258
1718,29.5,23.249380935806258
1719,29.5,23.349380935806266
1720,29.5,23.349380935806266
1721,29.5,23.349380935806266
1722,29.5,23.349380935806266
1723,29.5,23.349380935806266
1724,29.5,23.508888999386734
1725,29.5,23.531977524737705
1726,29.5,23.531977524737705
1727,29.5,23.608888999386735
1728,29.5,23.63593390018729
1729,29.5,23.66258432367029
1730,29.5,23.73593390018729
1731,29.5,23.73593390018729
1732,29.5,23.787912087912087
1733,29.5,23.787912087912087
1734,29.5,23.787912087912087
1735,29.5,23.787912087912087
1736,29.5,23.828415626605672
1737,29.5,23.831977524737702
1738,29.5,23.831977524737702
1739,29.5,23.831977524737702
1740,29.5,23.831977524737702
1741,29.5,23.831977524737702
1742,29.5,23.831977524737702
1743,29.5,23.831977524737702
1744,29.5,23.831977524737702
1745,29.5,23.83197752473771
1746,29.5,23.83197752473771
1747,29.5,23.83197752473771
1748,29.5,23.83197752473771
1749,29.5,23.83197752473771
1750,29.5,23.87445345001905
1751,29.5,23.87445345001905
1752,29.5,23.87445345001905
1753,29.5,23.87445345001905
1754,29.5,23.87445345001905
1755,29.5,23.87445345001905
1756,29.5,23.87445345001905
1757,29.5,23.88791208791208
1758,29.5,23.88791208791208
1759,29.5,23.88791208791208
1760,29.5,23.88791208791208
1761,29.5,23.931977524737704
1762,29.5,23.931977524737704
1763,29.5,23.931977524737704
1764,29.5,23.931977524737704
1765,29.5,23.931977524737704
1766,29.5,23.931977524737704
1767,29.5,23.931977524737704
1768,29.5,23.931977524737704
1769,29.5,23.931977524737704
1770,29.5,24.03593390018729
1771,29.5,24.03593390018729
1772,29.5,24.146491969568892
1773,29.5,24.146491969568892
1774,29.5,24.146491969568892
1775,29.5,24.146491969568892
1776,29.5,24.146491969568892
1777,29.5,24.146491969568892
1778,29.5,24.274453450019056
1779,29.5,24.274453450019056
1780,29.5,24.274453450019056
1781,29.5,24.274453450019056
1782,29.5,24.274453450019056
1783,29.5,24.274453450019056
1784,29.5,24.274453450019056
1785,29.5,24.274453450019056
1786,29.5,24.274453450019056
1787,29.5,24.274453450019056
1788,29.5,24.274453450019056
1789,29.5,24.34649196956889
1790,29.5,24.34649196956889
1791,29.5,24.34649196956889
1792,29.5,24.44938093580626
1793,29.5,24.44938093580626
1794,29.5,24.44938093580626
1795,29.5,24.44938093580626
1796,29.5,24.44938093580626
1797,29.5,24.44938093580626
1798,29.5,24.549380935806255
1799,29.5,24.54938093580627
1800,29.5,24.54938093580627
1801,29.5,24.54938093580627
1802,29.5,24.54938093580627
1803,29.5,24.54938093580627
1804,29.5,24.54938093580627
1805,29.5,24.54938093580627
1806,29.5,24.54938093580627
1807,29.5,24.62076199316018
1808,29.5,24.63487809324913
1809,29.5,24.63487809324913
1810,29.5,24.63487809324913
1811,29.5,24.649380935806263
1812,29.5,24.649380935806263
1813,29.5,24.649380935806263
1814,29.5,24.649380935806263
1815,29.5,24.649380935806263
1816,29.5,24.649380935806263
1817,29.5,24.649380935806263
1818,29.5,24.649380935806263
1819,29.5,24.649380935806263
1820,29.5,24.649380935806263
1821,29.5,24.649380935806263
1822,29.5,24.687912087912085
1823,29.5,24.687912087912085
1824,29.5,24.734878093249126
1825,29.5,24.734878093249126
1826,29.5,24.734878093249126
1827,29.5,24.760337349930104
1828,29.5,24.774453450019056
1829,29.5,24.774453450019056
1830,29.5,24.774453450019056
1831,29.5,24.774453450019056
1832,29.5,24.774453450019056
1833,29.5,24.774453450019056
1834,29.5,24.774453450019056
1835,29.5,24.774453450019056
1836,29.5,24.84649196956889
1837,29.5,25.031977524737705
1838,29.5,25.031977524737705
1839,29.5,25.031977524737705
1840,29.5,25.031977524737705
1841,29.5,25.33197752473771
1842,29.5,25.33197752473771
1843,29.5,25.33197752473771
1844,29.5,25.33197752473771
1845,29.5,25.349380935806266
1846,29.5,25.349380935806266
1847,29.5,25.349380935806266
1848,29.5,25.349380935806266
1849,29.5,25.53487809324913
1850,29.5,25.53487809324913
1851,29.5,25.574453450019053
1852,29.5,25.574453450019053
1853,29.5,25.574453450019053
1854,29.5,25.587912087912084
1855,29.5,25.587912087912084
1856,29.5,25.587912087912084
1857,29.5,25.608888999386735
1858,29.5,25.608888999386735
1859,29.5,25.608888999386735
1860,29.5,25.649380935806263
1861,29.5,25.70888899938673
1862,29.5,25.70888899938673
1863,29.5,25.73593390018729
1864,29.5,25.749380935806258
1865,29.5,25.749380935806258
1866,29.5,25.749380935806258
1867,29.5,25.749380935806258
1868,29.5,25.749380935806258
1869,29.5,25.749380935806258
1870,29.5,25.749380935806258
1871,29.5,25.749380935806258
1872,29.5,25.749380935806258
1873,29.5,25.749380935806258
1874,29.5,25.774453450019056
1875,29.5,25.835933900187285
1876,29.5,25.835933900187285
1877,29.5,25.846491969568895
1878,29.5,25.88791208791208
1879,29.5,25.88791208791208
1880,29.5,25.88791208791208
1881,29.5,25.88791208791208
1882,29.5,25.931977524737704
1883,29.5,25.931977524737704
1884,29.5,25.931977524737704
1885,29.5,25.931977524737704
1886,29.5,26.22841562660567
1887,29.5,26.346491969568895
1888,29.5,26.346491969568895
1889,29.5,26.346491969568895
1890,29.5,26.346491969568895
1891,29.5,26.420761993160177
1892,29.5,26.43487809324913
1893,29.5,26.43487809324913
1894,29.5,26.508888999386734
1895,29.5,26.508888999386734
1896,29.5,26.549380935806255
1897,29.5,26.549380935806255
1898,29.5,26.549380935806255
1899,29.5,26.565616384620903
1900,29.5,26.63593390018729
1901,29.5,26.649380935806263
1902,29.5,26.649380935806263
1903,29.5,26.649380935806263
1904,29.5,26.649380935806263
1905,29.5,26.649380935806263
1906,29.5,26.678282200454145
1907,29.5,26.691729236073115
1908,29.5,26.705060248951643
1909,29.5,26.734878093249126
1910,29.5,26.734878093249126
1911,29.5,26.734878093249126
1912,29.5,26.734878093249126
1913,29.5,26.734878093249126
1914,29.5,26.846491969568895
1915,29.5,26.87445345001905
1916,29.5,26.87445345001905
1917,29.5,26.87445345001905
1918,29.5,26.87445345001905
1919,29.5,26.87445345001905
1920,29.5,26.87445345001905
1921,29.5,26.87445345001905
1922,29.5,26.87445345001905
1923,29.5,26.87445345001905
1924,29.5,26.87445345001905
1925,29.5,26.87445345001905
1926,29.5,26.87445345001905
1927,29.5,26.87445345001905
1928,29.5,26.87445345001905
1929,29.5,26.915618318333248
1930,29.5,27.077098768501486
1931,29.5,27.087912087912084
1932,29.5,27.087912087912084
1933,29.5,27.17445345001906
1934,29.5,27.17445345001906
1935,29.5,27.17445345001906
1936,29.5,27.17445345001906
1937,29.5,27.17445345001906
1938,29.5,27.17445345001906
1939,29.5,27.17445345001906
1940,29.5,27.17445345001906
1941,29.5,27.17445345001906
1942,29.5,27.17445345001906
1943,29.5,27.17445345001906
1944,29.5,27.17445345001906
1945,29.5,27.17445345001906
1946,29.5,27.246491969568893
1947,29.5,27.25730528897949
1948,29.5,27.265616384620905
1949,29.5,27.408888999386733
1950,29.5,27.531977524737705
1951,29.5,27.53593390018729
1952,29.5,27.53593390018729
1953,29.5,27.53593390018729
1954,29.5,27.578282200454144
1955,29.5,27.631977524737707
1956,29.5,27.631977524737707
1957,29.5,27.631977524737707
1958,29.5,27.646491969568892
1959,29.5,27.687912087912085
1960,29.5,27.687912087912085
1961,29.5,27.687912087912085
1962,29.5,27.687912087912085
1963,29.5,27.687912087912085
1964,29.5,27.787912087912087
1965,29.5,27.787912087912087
1966,29.5,27.931977524737704
1967,29.5,27.931977524737704
1968,29.5,27.931977524737704
1969,29.5,27.931977524737704
1970,29.5,27.931977524737704
1971,29.5,27.931977524737704
1972,29.5,27.931977524737704
1973,29.5,27.931977524737704
1974,29.5,27.931977524737704
1975,29.5,27.931977524737704
1976,29.5,28.060867187111526
1977,29.5,28.14490245802462
1978,29.5,28.187912087912085
1979,29.5,28.187912087912085
1980,29.5,28.187912087912085
1981,29.5,28.187912087912085
1982,29.5,28.53487809324913
1983,29.5,28.63487809324913
1984,29.5,28.63487809324913
1985,29.5,28.63487809324913
1986,29.5,28.846491969568895
1987,29.5,28.846491969568895
1988,31.5,28.846491969568895
1989,31.5,28.87445345001905
1990,31.5,28.87445345001905
1991,31.5,28.87445345001905
1992,31.5,28.87445345001905
1993,31.5,28.946491969568896
1994,31.5,29.03487809324913
1995,31.5,29.274453450019056
1996,31.5,29.274453450019056
1997,31.5,29.274453450019056
1998,31.5,29.274453450019056
1999,31.5,29.274453450019056
2000,31.5,29.274453450019056
2001,31.5,29.274453450019056
2002,31.5,29.274453450019056
2003,31.5,29.274453450019056
2004,31.5,29.274453450019056
2005,31.5,29.274453450019056
2006,31.5,29.346491969568888
2007,31.5,29.346491969568888
2008,31.5,29.508888999386734
2009,31.5,29.608888999386735
2010,31.5,29.608888999386735
2011,31.5,29.608888999386735
2012,31.5,29.631977524737707
2013,31.5,29.631977524737707
2014,31.5,29.631977524737707
2015,31.5,29.631977524737707
2016,31.5,29.631977524737707
2017,31.5,29.63593390018729
2018,31.5,29.721817800098343
2019,31.5,29.7319775247377
2020,31.5,29.7319775247377
2021,31.5,29.7319775247377
2022,31.5,29.778282200454147
2023,31.5,29.88791208791208
2024,31.5,29.88791208791208
2025,31.5,29.966540699119882
2026,31.5,30.008888999386734
2027,31.5,30.008888999386734
2028,31.5,30.04649196956889
2029,31.5,30.13593390018729
2030,31.5,30.13593390018729
2031,31.5,30.13593390018729
2032,31.5,30.287912087912087
2033,31.5,30.287912087912087
2034,31.5,30.287912087912087
2035,31.5,30.287912087912087
2036,31.5,30.349380935806266
2037,31.5,30.349380935806266
2038,31.5,30.349380935806266
2039,31.5,30.349380935806266
2040,31.5,30.349380935806266
2041,31.5,30.349380935806266
2042,31.5,30.349380935806266
2043,31.5,30.349380935806266
2044,31.5,30.44938093580626
2045,31.5,30.44938093580626
2046,31.5,30.44938093580626
2047,31.5,30.44938093580626
2048,31.5,30.44938093580626
2049,31.5,30.44938093580626
2050,31.5,30.457305288979494
2051,31.5,30.477098768501484
2052,31.5,30.531977524737705
2053,31.5,30.531977524737705
2054,31.5,30.531977524737705
2055,31.5,30.531977524737705
2056,31.5,30.531977524737705
2057,31.5,30.531977524737705
2058,31.5,30.56548489218172
2059,31.5,30.734878093249126
2060,31.5,30.774453450019056
2061,31.5,30.774453450019056
2062,31.5,30.787912087912087
2063,31.5,30.787912087912087
2064,31.5,30.94649196956889
2065,31.5,30.94649196956889
2066,31.5,30.946491969568896
2067,31.5,31.13487809324913
2068,31.5,31.13487809324913
2069,31.5,31.13487809324913
2070,31.5,31.431977524737704
2071,31.5,31.431977524737704
2072,31.5,31.431977524737704
2073,31.5,31.431977524737704
2074,31.5,31.431977524737704
2075,31.5,31.431977524737704
2076,31.5,31.431977524737704
2077,31.5,31.44938093580626
2078,31.5,31.44938093580626
2079,31.5,31.44938093580626
2080,31.5,31.44938093580626
2081,31.5,31.44938093580626
2082,31.5,31.44938093580626
2083,31.5,31.44938093580626
2084,31.5,31.44938093580626
2085,31.5,31.44938093580626
2086,31.5,31.44938093580626
2087,31.5,31.44938093580626
2088,31.5,31.44938093580626
2089,31.5,31.44938093580626
2090,31.5,31.44938093580626
2091,31.5,31.44938093580626
2092,31.5,31.44938093580626
2093,31.5,31.44938093580626
2094,31.5,31.44938093580626
2095,31.5,31.44938093580626
2096,31.5,31.44938093580626
2097,31.5,31.44938093580626
2098,31.5,31.44938093580626
2099,31.5,31.44938093580626
2100,31.5,31.44938093580626
2101,31.5,31.44938093580626
2102,31.5,31.587912087912084
2103,31.5,31.63210514975221
2104,31.5,31.63487809324913
2105,31.5,31.67445345001906
2106,31.5,31.67445345001906
2107,31.5,31.67445345001906
2108,31.5,31.67445345001906
2109,31.5,31.67445345001906
2110,31.5,31.67445345001906
2111,34.300000000000004,31.67445345001906
2112,34.300000000000004,31.67445345001906
2113,34.300000000000004,31.67445345001906
2114,34.300000000000004,31.67445345001906
2115,34.300000000000004,31.67445345001906
2116,34.300000000000004,31.67445345001906
2117,34.300000000000004,31.67445345001906
2118,34.300000000000004,31.67445345001906
2119,34.300000000000004,31.67445345001906
2120,34.300000000000004,31.67445345001906
2121,34.300000000000004,31.70888899938673
2122,34.300000000000004,31.70888899938673
2123,34.300000000000004,31.70888899938673
2124,34.300000000000004,31.7319775247377
2125,34.300000000000004,31.7319775247377
2126,34.300000000000004,31.7319775247377
2127,34.300000000000004,31.75915005055277
2128,34.300000000000004,31.835933900187285
2129,34.300000000000004,31.835933900187285
2130,34.300000000000004,31.835933900187285
2131,34.300000000000004,32.23593390018729
2132,34.300000000000004,32.27828220045414
2133,34.300000000000004,32.27828220045414
2134,34.300000000000004,32.349380935806266
2135,34.300000000000004,32.349380935806266
2136,34.300000000000004,32.434878093249125
2137,34.300000000000004,32.434878093249125
2138,34.300000000000004,32.434878093249125
2139,34.300000000000004,32.446491969568896
2140,34.300000000000004,32.446491969568896
2141,34.300000000000004,32.44938093580626
2142,34.300000000000004,32.44938093580626
2143,34.300000000000004,32.44938093580626
2144,34.300000000000004,32.44938093580626
2145,34.300000000000004,32.44938093580626
2146,34.300000000000004,32.44938093580626
2147,34.300000000000004,32.44938093580626
2148,34.300000000000004,32.44938093580626
2149,34.300000000000004,32.44938093580626
2150,34.300000000000004,32.44938093580626
2151,34.300000000000004,32.44938093580626
2152,34.300000000000004,32.44938093580626
2153,34.300000000000004,32.44938093580626
2154,34.300000000000004,32.44938093580626
2155,34.300000000000004,32.608888999386735
2156,34.300000000000004,32.608888999386735
2157,34.300000000000004,32.72181780009834
2158,34.300000000000004,32.73593390018729
2159,34.300000000000004,32.887912087912085
2160,34.300000000000004,32.887912087912085
2161,34.300000000000004,32.931977524737704
2162,34.300000000000004,32.931977524737704
2163,34.300000000000004,33.04649196956889
2164,34.300000000000004,33.187912087912096
2165,34.300000000000004,33.187912087912096
2166,34.300000000000004,33.187912087912096
2167,34.300000000000004,33.187912087912096
2168,34.300000000000004,33.187912087912096
2169,34.300000000000004,33.187912087912096
2170,34.300000000000004,33.187912087912096
2171,34.300000000000004,33.187912087912096
2172,34.300000000000004,33.20453814661959
2173,34.300000000000004,33.531977524737705
2174,34.300000000000004,33.531977524737705
2175,34.300000000000004,33.531977524737705
2176,34.300000000000004,33.531977524737705
2177,34.300000000000004,33.531977524737705
2178,34.300000000000004,33.549380935806255
2179,34.300000000000004,33.549380935806255
2180,34.300000000000004,33.549380935806255
2181,34.300000000000004,33.549380935806255
2182,34.300000000000004,33.549380935806255
2183,34.300000000000004,33.549380935806255
2184,34.300000000000004,33.549380935806255
2185,34.300000000000004,33.549380935806255
2186,34.300000000000004,33.549380935806255
2187,34.300000000000004,33.549380935806255
2188,34.300000000000004,33.549380935806255
2189,34.300000000000004,33.549380935806255
2190,34.300000000000004,33.549380935806255
2191,34.300000000000004,33.549380935806255
2192,34.300000000000004,33.549380935806255
2193,34.300000000000004,33.549380935806255
2194,34.300000000000004,33.549380935806255
2195,34.300000000000004,33.549380935806255
2196,34.300000000000004,33.549380935806255
2197,34.300000000000004,33.549380935806255
2198,34.300000000000004,33.549380935806255
2199,34.300000000000004,33.549380935806255
2200,34.300000000000004,33.549380935806255
2201,34.300000000000004,33.549380935806255
2202,34.300000000000004,33.549380935806255
2203,34.300000000000004,33.549380935806255
2204,34.300000000000004,33.549380935806255
2205,34.300000000000004,33.549380935806255
2206,34.300000000000004,33.549380935806255
2207,34.300000000000004,33.549380935806255
2208,34.300000000000004,33.549380935806255
2209,34.300000000000004,33.549380935806255
2210,34.300000000000004,33.63197752473771
2211,34.300000000000004,33.63197752473771
2212,34.300000000000004,33.63197752473771
2213,34.300000000000004,33.63197752473771
2214,34.300000000000004,33.63197752473771
2215,34.300000000000004,33.63197752473771
2216,34.300000000000004,33.73487809324912
2217,34.300000000000004,33.73487809324912
2218,34.300000000000004,33.77445345001905
2219,34.300000000000004,33.77445345001905
2220,34.300000000000004,33.77445345001905
2221,34.300000000000004,33.77445345001905
2222,34.300000000000004,33.77445345001905
2223,34.300000000000004,33.77445345001905
2224,34.300000000000004,33.77445345001905
2225,34.300000000000004,33.77445345001905
2226,34.300000000000004,33.98896789485024
2227,34.300000000000004,34.031977524737705
2228,34.300000000000004,34.034878093249134
2229,34.300000000000004,34.14938093580626
2230,34.300000000000004,34.14938093580626
2231,42.1,34.24938093580627
2232,42.1,34.24938093580627
2233,42.1,34.24938093580627
2234,42.1,34.24938093580627
2235,42.1,34.24938093580627
2236,42.1,34.24938093580627
2237,42.1,34.24938093580627
2238,42.1,34.24938093580627
2239,42.1,34.24938093580627
2240,42.1,34.24938093580627
2241,42.1,34.24938093580627
2242,42.1,34.24938093580627
2243,42.1,34.24938093580627
2244,42.1,34.24938093580627
2245,42.1,34.70888899938673
2246,42.1,34.74649196956889
2247,42.1,34.887912087912085
2248,42.1,34.974453450019055
2249,42.1,34.974453450019055
2250,42.1,34.974453450019055
2251,42.1,34.974453450019055
2252,42.1,34.974453450019055
2253,42.1,34.974453450019055
2254,42.1,34.974453450019055
2255,42.1,34.974453450019055
2256,42.1,34.974453450019055
2257,42.1,34.974453450019055
2258,42.1,34.974453450019055
2259,42.1,35.00888899938674
2260,42.1,35.059150050552766
2261,42.1,35.1359339001873
2262,42.1,35.1359339001873
2263,42.1,35.28791208791209
2264,42.1,35.28791208791209
2265,42.1,35.7319775247377
2266,42.1,35.7319775247377
2267,42.1,35.7319775247377
2268,42.1,35.7319775247377
2269,42.1,35.73487809324912
2270,42.1,35.73487809324912
2271,42.1,36.13197752473771
2272,42.1,36.13487809324913
2273,42.1,36.349380935806266
2274,42.1,36.349380935806266
2275,42.1,36.349380935806266
2276,42.1,36.44938093580626
2277,42.1,36.44938093580626
2278,42.1,36.44938093580626
2279,42.1,36.44938093580626
2280,42.1,36.44938093580626
2281,42.1,36.44938093580626
2282,42.1,36.44938093580626
2283,42.1,36.44938093580626
2284,42.1,36.44938093580626
2285,42.1,36.44938093580626
2286,42.1,36.44938093580626
2287,42.1,36.44938093580626
2288,42.1,36.44938093580626
2289,42.1,36.44938093580626
2290,42.1,36.44938093580626
2291,42.1,36.44938093580626
2292,42.1,36.44938093580626
2293,42.1,36.44938093580626
2294,42.1,36.44938093580626
2295,42.1,36.44938093580626
2296,42.1,36.44938093580626
2297,42.1,36.44938093580626
2298,42.1,36.44938093580626
2299,42.1,36.44938093580626
2300,42.1,36.44938093580626
2301,42.1,36.44938093580626
2302,42.1,36.44938093580626
2303,42.1,36.44938093580626
2304,42.1,36.44938093580626
2305,42.1,36.44938093580626
2306,42.1,36.44938093580626
2307,42.1,36.44938093580626
2308,42.1,36.44938093580626
2309,42.1,36.44938093580626
2310,42.1,36.44938093580626
2311,42.1,36.44938093580626
2312,42.1,36.44938093580626
2313,42.1,36.44938093580626
2314,42.1,36.44938093580626
2315,42.1,36.44938093580626
2316,42.1,36.44938093580626
2317,42.1,36.44938093580626
2318,42.1,36.44938093580626
2319,42.1,36.44938093580626
2320,42.1,36.44938093580626
2321,42.1,36.44938093580626
2322,42.1,36.44938093580626
2323,42.1,36.44938093580626
2324,42.1,36.44938093580626
2325,42.1,36.44938093580626
2326,42.1,36.44938093580626
2327,42.1,36.44938093580626
2328,42.1,36.589629224470855
2329,42.1,36.63197752473771
2330,42.1,36.63197752473771
2331,42.1,36.63197752473771
2332,42.1,36.63197752473771
2333,42.1,36.63197752473771
2334,42.1,36.63197752473771
2335,42.1,36.63197752473771
2336,42.1,36.70888899938673
2337,42.1,36.74938093580626
2338,42.1,36.74938093580626
2339,42.1,36.74938093580626
2340,42.1,36.74938093580626
2341,42.1,36.74938093580626
2342,42.1,36.74938093580626
2343,42.1,36.74938093580626
2344,42.1,36.74938093580626
2345,42.1,36.74938093580626
2346,42.1,36.78791208791209
2347,42.1,36.849380935806266
2348,42.1,36.849380935806266
2349,42.1,36.849380935806266
2350,42.1,36.849380935806266
2351,42.1,36.849380935806266
2352,42.1,36.849380935806266
2353,42.1,36.849380935806266
2354,42.1,36.849380935806266
2355,42.1,36.849380935806266
2356,42.1,36.849380935806266
2357,42.1,36.849380935806266
2358,42.1,36.849380935806266
2359,42.1,36.849380935806266
2360,42.1,36.849380935806266
2361,42.1,36.849380935806266
2362,42.1,37.07445345001905
2363,42.1,37.07445345001905
2364,42.1,37.07445345001905
2365,42.1,37.07445345001905
2366,42.1,37.07445345001905
2367,42.1,37.07445345001905
2368,42.1,37.07445345001905
2369,42.1,37.07445345001905
2370,42.1,37.07445345001905
2371,42.1,37.07445345001905
2372,42.1,37.07445345001905
2373,42.1,37.07445345001905
2374,42.1,37.07445345001905
2375,42.1,37.07445345001905
2376,42.1,37.07445345001905
2377,42.1,37.07445345001905
2378,42.1,37.108888999386735
2379,42.1,37.15915005055276
2380,42.1,37.23593390018729
2381,42.1,37.23593390018729
2382,42.1,37.431977524737704
2383,42.1,37.431977524737704
2384,42.1,37.54938093580627
2385,42.1,37.54938093580627
2386,42.1,37.54938093580627
2387,42.1,37.54938093580627
2388,42.1,37.54938093580627
2389,42.1,37.54938093580627
2390,42.1,37.63197752473771
2391,42.1,37.687912087912096
2392,42.1,37.687912087912096
2393,42.1,37.687912087912096
2394,42.1,37.687912087912096
2395,42.1,37.687912087912096
2396,42.1,37.760337349930104
2397,42.1,37.77445345001905
2398,42.1,37.77445345001905
2399,42.1,37.77445345001905
2400,42.1,37.77445345001905
2401,42.1,37.77445345001905
2402,42.1,37.77445345001905
2403,42.1,37.77445345001905
2404,42.1,37.77445345001905
2405,42.1,37.77445345001905
2406,42.1,37.77445345001905
2407,42.1,37.77445345001905
2408,42.1,37.77445345001905
2409,42.1,38.17445345001906
2410,42.1,38.46178376676112
2411,42.1,38.520761993160185
2412,42.1,38.534878093249134
2413,42.1,38.534878093249134
2414,42.1,38.534878093249134
2415,42.1,38.54649196956889
2416,42.1,38.549380935806255
2417,42.1,38.549380935806255
2418,42.1,38.549380935806255
2419,42.1,38.549380935806255
2420,42.1,38.549380935806255
2421,42.1,38.549380935806255
2422,42.1,38.549380935806255
2423,42.1,38.549380935806255
2424,42.1,38.549380935806255
2425,42.1,38.549380935806255
2426,42.1,38.549380935806255
2427,42.1,38.549380935806255
2428,42.1,38.549380935806255
2429,42.1,38.549380935806255
2430,42.1,38.549380935806255
2431,42.1,38.549380935806255
2432,42.1,38.549380935806255
2433,42.1,38.549380935806255
2434,42.1,38.549380935806255
2435,42.1,38.549380935806255
2436,42.1,38.549380935806255
2437,42.1,38.549380935806255
2438,42.1,38.549380935806255
2439,42.1,38.549380935806255
2440,42.1,38.549380935806255
2441,42.1,38.549380935806255
2442,42.1,38.549380935806255
2443,42.1,38.549380935806255
2444,42.1,38.549380935806255
2445,42.1,38.549380935806255
2446,42.1,38.549380935806255
2447,42.1,38.549380935806255
2448,42.1,38.549380935806255
2449,42.1,38.549380935806255
2450,42.1,38.549380935806255
2451,42.1,38.549380935806255
2452,42.1,38.549380935806255
2453,42.1,38.549380935806255
2454,42.1,38.549380935806255
2455,42.1,38.59172923607311
2456,42.1,38.7319775247377
2457,42.1,38.7319775247377
2458,42.1,38.7319775247377
2459,42.1,38.7319775247377
2460,42.1,39.03197752473771
2461,42.1,39.03197752473771
2462,42.1,39.03197752473771
2463,42.1,39.03197752473771
2464,42.1,39.03197752473771
2465,42.1,39.03197752473771
2466,42.1,39.03197752473771
2467,42.1,39.03197752473771
2468,42.1,39.03197752473771
2469,42.1,39.03197752473771
2470,42.1,39.349380935806266
2471,42.1,39.349380935806266
2472,42.1,39.349380935806266
2473,42.1,39.349380935806266
2474,42.1,39.349380935806266
2475,42.1,39.40901662440124
2476,42.1,39.44938093580626
2477,42.1,39.44938093580626
2478,42.1,39.44938093580626
2479,42.1,39.44938093580626
2480,42.1,39.44938093580626
2481,42.1,39.44938093580626
2482,42.1,39.44938093580626
2483,42.1,39.44938093580626
2484,42.1,39.44938093580626
2485,42.1,39.44938093580626
2486,42.1,39.44938093580626
2487,42.1,39.44938093580626
2488,42.1,39.44938093580626
2489,42.1,39.44938093580626
2490,42.1,39.44938093580626
2491,42.1,39.44938093580626
2492,42.1,39.44938093580626
2493,42.1,39.44938093580626
2494,42.1,39.44938093580626
2495,42.1,39.44938093580626
2496,42.1,39.44938093580626
2497,42.1,39.44938093580626
2498,42.1,39.44938093580626
2499,42.1,39.44938093580626
2500,42.1,39.44938093580626
2501,42.1,39.50888899938674
2502,42.1,39.50888899938674
2503,42.1,39.6359339001873
2504,42.1,39.6359339001873
2505,42.1,39.6359339001873
2506,42.1,39.67445345001906
2507,42.1,39.67445345001906
2508,42.1,39.67445345001906
2509,42.1,39.78791208791209
2510,42.1,39.860337349930106
2511,42.1,39.87445345001906
2512,42.1,39.87445345001906
2513,42.1,39.87445345001906
2514,42.1,39.87445345001906
2515,42.1,39.87445345001906
2516,42.1,39.87445345001906
2517,42.1,39.87445345001906
2518,42.1,39.87445345001906
2519,42.1,39.87445345001906
2520,42.1,39.87445345001906
2521,42.1,39.87445345001906
2522,42.1,39.87445345001906
2523,42.1,39.87445345001906
2524,42.1,39.87445345001906
2525,42.1,39.87445345001906
2526,42.1,39.87445345001906
2527,42.1,39.87445345001906
2528,42.1,39.9573052889795
2529,42.1,40.04649196956889
2530,42.1,40.0603373499301
2531,42.1,40.07445345001905
2532,42.1,40.17445345001906
2533,42.1,40.63487809324913
2534,42.1,40.63487809324913
2535,42.1,40.63487809324913
2536,42.1,40.7319775247377
2537,42.1,40.74649196956889
2538,42.1,40.98791208791209
2539,42.1,40.98791208791209
2540,42.1,40.98791208791209
2541,42.1,40.98791208791209
2542,42.1,40.98791208791209
2543,42.1,40.98791208791209
2544,42.1,40.98791208791209
2545,42.1,40.98791208791209
2546,42.1,40.98791208791209
2547,42.1,40.98791208791209
2548,42.1,41.07445345001905
2549,42.1,41.13197752473771
2550,42.1,41.13197752473771
2551,42.1,41.13197752473771
2552,42.1,41.14490245802463
2553,42.1,41.3603373499301
2554,42.1,41.37445345001905
2555,42.1,41.37445345001905
2556,42.1,41.38303139796352
2557,42.1,41.474453450019055
2558,42.1,41.474453450019055
2559,42.1,41.474453450019055
2560,42.1,41.608888999386735
2561,42.1,41.73593390018729
2562,42.1,41.74938093580627
2563,42.1,41.74938093580627
2564,42.1,41.74938093580627
2565,42.1,41.74938093580627
2566,42.1,41.74938093580627
2567,42.1,41.74938093580627
2568,42.1,41.74938093580627
2569,42.1,41.74938093580627
2570,42.1,41.77828220045414
2571,42.1,41.849380935806266
2572,42.1,41.849380935806266
2573,42.1,41.849380935806266
2574,42.1,41.849380935806266
2575,42.1,41.849380935806266
2576,42.1,41.849380935806266
2577,42.1,41.849380935806266
2578,42.1,41.849380935806266
2579,42.1,41.849380935806266
2580,42.1,41.849380935806266
2581,42.1,41.849380935806266
2582,42.1,41.849380935806266
2583,42.1,41.849380935806266
2584,42.1,41.849380935806266
2585,42.1,41.849380935806266
2586,42.1,41.849380935806266
2587,42.1,41.849380935806266
2588,42.1,41.849380935806266
2589,42.1,41.849380935806266
2590,42.1,41.849380935806266
2591,42.1,41.849380935806266
2592,42.1,41.849380935806266
2593,42.1,41.849380935806266
2594,42.1,42.08896789485025
2595,42.1,42.1
2596,42.1,42.1
2597,42.1,42.1
2598,42.1,42.1
2599,42.1,42.1
2600,42.1,42.1
2601,42.1,42.1
2602,42.1,42.1
2603,42.1,42.1
2604,42.1,42.1
2605,42.1,42.1
2606,42.1,42.1
2607,42.1,42.1
2608,42.1,42.1
2609,42.1,42.1
2610,42.1,42.1
2611,42.1,42.1
2612,42.1,42.1
2613,42.1,42.1
2614,42.1,42.1
2615,42.1,42.1
2616,42.1,42.1
2617,42.1,42.1
2618,42.1,42.1
2619,42.1,42.1
2620,42.1,42.1
2621,42.1,42.1
2622,42.1,42.1
2623,42.1,42.1
2624,42.1,42.1
2625,42.1,42.1
2626,42.1,42.1
2627,42.1,42.1
2628,42.1,42.1
2629,42.1,42.1
2630,42.1,42.1
2631,42.1,42.1
2632,42.1,42.1
2633,42.1,42.1
2634,42.1,42.1
2635,42.1,42.1
2636,42.1,42.1
2637,42.1,42.1
2638,42.1,42.1
2639,42.1,42.1
2640,42.1,42.1
2641,42.1,42.1
2642,42.1,42.1
2643,42.1,42.1
2644,42.1,42.1
2645,42.1,42.1
2646,42.1,42.1
2647,42.1,42.1
2648,42.1,42.1
2649,42.1,42.1
2650,42.1,42.1
2651,42.1,42.1
2652,42.1,42.1
2653,42.1,42.1
2654,42.1,42.1
2655,42.1,42.1
2656,42.1,42.1
2657,42.1,42.1
2658,42.1,42.1
2659,42.1,42.1
2660,42.1,42.1
2661,42.1,42.1
2662,42.1,42.1
2663,42.1,42.1
2664,42.1,42.1
2665,42.1,42.1
2666,42.1,42.1
2667,42.1,42.1
2668,42.1,42.1
2669,42.1,42.1
2670,42.1,42.1
2671,42.1,42.1
2672,42.1,42.1
2673,42.1,42.1
2674,42.1,42.1
2675,42.1,42.1
2676,42.1,42.1
2677,42.1,42.1
2678,42.1,42.1
2679,42.1,42.1
2680,42.1,42.1
2681,42.1,42.1
2682,42.1,42.1
2683,42.1,42.1
2684,42.1,42.1
2685,42.1,42.1
2686,42.1,42.1
2687,42.1,42.1
2688,42.1,42.1
2689,42.1,42.1
2690,42.1,42.1
2691,42.1,42.1
2692,42.1,42.1
2693,42.1,42.1
2694,42.1,42.1
2695,42.1,42.1
2696,42.1,42.1
2697,42.1,42.1
2698,42.1,42.1
2699,42.1,42.1
2700,42.1,42.1
2701,42.1,42.1
2702,42.1,42.1
2703,42.1,42.1
2704,42.1,42.1
2705,42.1,42.1
2706,42.1,42.1
2707,42.1,42.1
2708,42.1,42.1
2709,42.1,42.1
2710,42.1,42.1
2711,42.1,42.1
2712,42.1,42.1
2713,42.1,42.1
2714,42.1,42.1
2715,42.1,42.1
2716,42.1,42.1
2717,42.1,42.1
2718,42.1,42.1
2719,42.1,42.1
2720,42.1,42.1
2721,42.1,42.1
2722,42.1,42.1
2723,42.1,42.1
2724,42.1,42.1
2725,42.1,42.1
2726,42.1,42.1
2727,42.1,42.1
2728,42.1,42.1
2729,42.1,42.1
2730,42.1,42.1
2731,42.1,42.1
2732,42.1,42.1
2733,42.1,42.1
2734,42.1,42.1
2735,42.1,42.1
2736,42.1,42.1
2737,42.1,42.1
2738,42.1,42.1
2739,42.1,42.1
2740,42.1,42.1
2741,42.1,42.1
2742,42.1,42.1
2743,42.1,42.1
2744,42.1,42.1
2745,42.1,42.1
2746,42.1,42.1
2747,42.1,42.1
2748,42.1,42.1
2749,42.1,42.1
2750,42.1,42.1
2751,42.1,42.1
2752,42.1,42.1
2753,42.1,42.1
2754,42.1,42.1
2755,42.1,42.1
2756,42.1,42.1
2757,42.1,42.1
2758,42.1,42.1
2759,42.1,42.1
2760,42.1,42.1
2761,42.1,42.1
2762,42.1,42.1
2763,42.1,42.1
2764,42.1,42.1
2765,42.1,42.1
2766,42.1,42.1
2767,42.1,42.1
2768,42.1,42.1
2769,42.1,42.1
2770,42.1,42.1
2771,42.1,42.1
2772,42.1,42.1
2773,42.1,42.1
2774,42.1,42.1
2775,42.1,42.1
2776,42.1,42.1
2777,42.1,42.1
2778,42.1,42.1
2779,42.1,42.1
2780,42.1,42.1
2781,42.1,42.1
2782,42.1,42.1
2783,42.1,42.1
2784,42.1,42.1
2785,42.1,42.1
2786,42.1,42.1
2787,42.1,42.1
2788,42.1,42.1
2789,42.1,42.1
2790,42.1,42.1
2791,42.1,42.1
2792,42.1,42.1
2793,42.1,42.1
2794,42.1,42.1
2795,42.1,42.1
2796,42.1,42.1
2797,42.1,42.1
2798,42.1,42.1
2799,42.1,42.1
2800,42.1,42.1
2801,42.1,42.1
2802,42.1,42.1
2803,42.1,42.1
2804,42.1,42.1
2805,42.1,42.1
2806,42.1,42.1
2807,42.1,42.1
2808,42.1,42.1
2809,42.1,42.1
2810,42.1,42.1
2811,42.1,42.1
2812,42.1,42.1
2813,42.1,42.1
2814,42.1,42.1
2815,42.1,42.1
2816,42.1,42.1
2817,42.1,42.1
2818,42.1,42.1
2819,42.1,42.1
2820,42.1,42.1
2821,42.1,42.1
2822,42.1,42.1
2823,42.1,42.1
2824,42.1,42.1
2825,42.1,42.1
2826,42.1,42.1
2827,42.1,42.1
2828,42.1,42.1
2829,42.1,42.1
2830,42.1,42.1
2831,42.1,42.1
2832,42.1,42.1
2833,42.1,42.1
2834,42.1,42.1
2835,42.1,42.1
2836,42.1,42.1
2837,42.1,42.1
2838,42.1,42.1
2839,42.1,42.1
2840,42.1,42.1
2841,42.1,42.1
2842,42.1,42.1
2843,42.1,42.1
2844,42.1,42.1
2845,42.1,42.1
2846,42.1,42.1
2847,42.1,42.1
2848,42.1,42.1
2849,42.1,42.1
2850,42.1,42.1
2851,42.1,42.1
2852,42.1,42.1
2853,42.1,42.1
2854,42.1,42.1
2855,42.1,42.1
2856,42.1,42.1
2857,42.1,42.1
2858,42.1,42.1
2859,42.1,42.1
2860,42.1,42.1
2861,42.1,42.1
2862,42.1,42.1
2863,42.1,42.1
2864,42.1,42.1
2865,42.1,42.1
2866,42.1,42.1
2867,42.1,42.1
2868,42.1,42.1
2869,42.1,42.1
2870,42.1,42.1
2871,42.1,42.1
2872,42.1,42.1
2873,42.1,42.1
2874,42.1,42.1
2875,42.1,42.1
2876,42.1,42.1
2877,42.1,42.1
2878,42.1,42.1
2879,42.1,42.1
2880,42.1,42.1
2881,42.1,42.1
2882,42.1,42.1
2883,42.1,42.1
2884,42.1,42.1
2885,42.1,42.1
2886,42.1,42.1
2887,42.1,42.1
2888,42.1,42.1
2889,42.1,42.1
2890,42.1,42.1
2891,42.1,42.1
2892,42.1,42.1
2893,42.1,42.1
2894,42.1,42.1
2895,42.1,42.1
2896,42.1,42.1
2897,42.1,42.1
2898,42.1,42.1
2899,42.1,42.1
2900,42.1,42.1
2901,42.1,42.1
2902,42.1,42.1
2903,42.1,42.1
2904,42.1,42.1
2905,42.1,42.1
2906,42.1,42.1
2907,42.1,42.1
2908,42.1,42.1
2909,42.1,42.1
2910,42.1,42.1
2911,42.1,42.1
2912,42.1,42.1
2913,42.1,42.1
2914,42.1,42.1
2915,42.1,42.1
2916,42.1,42.1
2917,42.1,42.1
2918,42.1,42.1
2919,42.1,42.1
2920,42.1,42.1
2921,42.1,42.1
2922,42.1,42.1
2923,42.1,42.1
2924,42.1,42.1
2925,42.1,42.1
2926,42.1,42.1
2927,42.1,42.1
2928,42.1,42.1
2929,42.1,42.1
2930,42.1,42.1
2931,42.1,42.1
2932,42.1,42.1
2933,42.1,42.1
2934,42.1,42.1
2935,42.1,42.1
2936,42.1,42.1
2937,42.1,42.1
2938,42.1,42.1
2939,42.1,42.1
2940,42.1,42.1
2941,42.1,42.1
2942,42.1,42.1
2943,42.1,42.1
2944,42.1,42.1
2945,42.1,42.1
2946,42.1,42.1
2947,42.1,42.1
2948,42.1,42.1
2949,42.1,42.1
2950,42.1,42.1
2951,42.1,42.1
2952,42.1,42.1
2953,42.1,42.1
2954,42.1,42.1
2955,42.1,42.1
2956,42.1,42.1
2957,42.1,42.1
2958,42.1,42.1
2959,42.1,42.1
2960,42.1,42.1
2961,42.1,42.1
2962,42.1,42.1
2963,42.1,42.1
2964,42.1,42.1
2965,42.1,42.1
2966,42.1,42.1
2967,42.1,42.1
2968,42.1,42.1
2969,42.1,42.1
2970,42.1,42.1
2971,42.1,42.1
2972,42.1,42.1
2973,42.1,42.1
2974,42.1,42.1
2975,42.1,42.1
2976,42.1,42.1
2977,42.1,42.1
2978,42.1,42.1
2979,42.1,42.1
2980,42.1,42.1
2981,42.1,42.1
2982,42.1,42.1
2983,42.1,42.1
2984,42.1,42.1
2985,42.1,42.1
2986,42.1,42.1
2987,42.1,42.1
2988,42.1,42.1
2989,42.1,42.1
2990,42.1,42.1
2991,42.1,42.1
2992,42.1,42.1
2993,42.1,42.1
2994,42.1,42.1
2995,42.1,42.1
2996,42.1,42.1
2997,42.1,42.1
2998,42.1,42.1
2999,42.1,42.1
3000,42.1,42.1
3001,42.1,42.1
3002,42.1,42.1
3003,42.1,42.1
3004,42.1,42.1
3005,42.1,42.1
3006,42.1,42.1
3007,42.1,42.1
3008,42.1,42.1
3009,42.1,42.1
3010,42.1,42.1
3011,42.1,42.1
3012,42.1,42.1
3013,42.1,42.1
3014,42.1,42.1
3015,42.1,42.1
3016,42.1,42.1
3017,42.1,42.1
3018,42.1,42.1
3019,42.1,42.1
3020,42.1,42.1
3021,42.1,42.1
3022,42.1,42.1
3023,42.1,42.1
3024,42.1,42.1
3025,42.1,42.1
3026,42.1,42.1
3027,42.1,42.1
3028,42.1,42.1
3029,42.1,42.1
3030,42.1,42.1
3031,42.1,42.1
3032,42.1,42.1
3033,42.1,42.1
3034,42.1,42.1
3035,42.1,42.1
3036,42.1,42.1
3037,42.1,42.1
3038,42.1,42.1
3039,42.1,42.1
3040,42.1,42.1
3041,42.1,42.1
3042,42.1,42.1
3043,42.1,42.1
3044,42.1,42.1
3045,42.1,42.1
3046,42.1,42.1
3047,42.1,42.1
3048,42.1,42.1
3049,42.1,42.1
3050,42.1,42.1
3051,42.1,42.1
3052,42.1,42.1
3053,42.1,42.1
3054,42.1,42.1
3055,42.1,42.1
3056,42.1,42.1
3057,42.1,42.1
3058,42.1,42.1
3059,42.1,42.1
3060,42.1,42.1
3061,42.1,42.1
3062,42.1,42.1
3063,42.1,42.1
3064,42.1,42.1
3065,42.1,42.1
3066,42.1,42.1
3067,42.1,42.1
3068,42.1,42.1
3069,42.1,42.1
3070,42.1,42.1
3071,42.1,42.1
3072,42.1,42.1
3073,42.1,42.1
3074,42.1,42.1
3075,42.1,42.1
3076,42.1,42.1
3077,42.1,42.1
3078,42.1,42.1
3079,42.1,42.1
3080,42.1,42.1
3081,42.1,42.1
3082,42.1,42.1
3083,42.1,42.1
3084,42.1,42.1
3085,42.1,42.1
3086,42.1,42.1
3087,42.1,42.1
3088,42.1,42.1
3089,42.1,42.1
3090,42.1,42.1
3091,42.1,42.1
3092,42.1,42.1
3093,42.1,42.1
3094,42.1,42.1
3095,42.1,42.1
3096,42.1,42.1
3097,42.1,42.1
3098,42.1,42.1
3099,42.1,42.1
3100,42.1,42.1
3101,42.1,42.1
3102,42.1,42.1
3103,42.1,42.1
3104,42.1,42.1
3105,42.1,42.1
3106,42.1,42.1
3107,42.1,42.1
3108,42.1,42.1
3109,42.1,42.1
3110,42.1,42.1
3111,42.1,42.1
3112,42.1,42.1
3113,42.1,42.1
3114,42.1,42.1
3115,42.1,42.1
3116,42.1,42.1
3117,42.1,42.1
3118,42.1,42.1
3119,42.1,42.1
3120,42.1,42.1
3121,42.1,42.1
3122,42.1,42.1
3123,42.1,42.1
3124,42.1,42.1
3125,42.1,42.1
3126,42.1,42.1
3127,42.1,42.1
3128,42.1,42.1
3129,42.1,42.1
3130,42.1,42.1
3131,42.1,42.1
3132,42.1,42.1
3133,42.1,42.1
3134,42.1,42.1
3135,42.1,42.1
3136,42.1,42.1
3137,42.1,42.1
3138,42.1,42.1
3139,42.1,42.1
3140,42.1,42.1
3141,42.1,42.1
3142,42.1,42.1
3143,42.1,42.1
3144,42.1,42.1
3145,42.1,42.1
3146,42.1,42.1
3147,42.1,42.1
3148,42.1,42.1
3149,42.1,42.1
3150,42.1,42.1
3151,42.1,42.1
3152,42.1,42.1
3153,42.1,42.1
3154,42.1,42.1
3155,42.1,42.1
3156,42.1,42.1
3157,42.1,42.1
3158,42.1,42.1
3159,42.1,42.1
3160,42.1,42.1
3161,42.1,42.1
3162,42.1,42.1
3163,42.1,42.1
3164,42.1,42.1
3165,42.1,42.1
3166,42.1,42.1
3167,42.1,42.1
3168,42.1,42.1
3169,42.1,42.1
3170,42.1,42.1
3171,42.1,42.1
3172,42.1,42.1
3173,42.1,42.1
3174,42.1,42.1
3175,42.1,42.1
3176,42.1,42.1
3177,42.1,42.1
3178,42.1,42.1
3179,42.1,42.1
3180,42.1,42.1
3181,42.1,42.1
3182,42.1,42.1
3183,42.1,42.1
3184,42.1,42.1
3185,42.1,42.1
3186,42.1,42.1
3187,42.1,42.1
3188,42.1,42.1
3189,42.1,42.1
3190,42.1,42.1
3191,42.1,42.1
3192,42.1,42.1
3193,42.1,42.1
3194,42.1,42.1
3195,42.1,42.1
3196,42.1,42.1
3197,42.1,42.1
3198,42.1,42.1
3199,42.1,42.1
3200,42.1,42.1
3201,42.1,42.1
3202,42.1,42.1
3203,42.1,42.1
3204,42.1,42.1
3205,42.1,42.1
3206,42.1,42.1
3207,42.1,42.1
3208,42.1,42.1
3209,42.1,42.1
3210,42.1,42.1
3211,42.1,42.1
3212,42.1,42.1
3213,42.1,42.1
3214,42.1,42.1
3215,42.1,42.1
3216,42.1,42.1
3217,42.1,42.1
3218,42.1,42.1
3219,42.1,42.1
3220,42.1,42.1
3221,42.1,42.1
3222,42.1,42.1
3223,42.1,42.1
3224,42.1,42.1
3225,42.1,42.1
3226,42.1,42.1
3227,42.1,42.1
3228,42.1,42.1
3229,42.1,42.1
3230,42.1,42.1
3231,42.1,42.1
3232,42.1,42.1
3233,42.1,42.1
3234,42.1,42.1
3235,42.1,42.1
3236,42.1,42.1
3237,42.1,42.1
3238,42.1,42.1
3239,42.1,42.1
3240,42.1,42.1
3241,42.1,42.1
3242,42.1,42.1
3243,42.1,42.1
3244,42.1,42.1
3245,42.1,42.1
3246,42.1,42.1
3247,42.1,42.1
3248,42.1,42.1
3249,42.1,42.1
3250,42.1,42.1
3251,42.1,42.1
3252,42.1,42.1
3253,42.1,42.1
3254,42.1,42.1
3255,42.1,42.1
3256,42.1,42.1
3257,42.1,42.1
3258,42.1,42.1
3259,42.1,42.1
3260,42.1,42.1
3261,42.1,42.1
3262,42.1,42.1
3263,42.1,42.1
3264,42.1,42.1
3265,42.1,42.1
3266,42.1,42.1
3267,42.1,42.1
3268,42.1,42.1
3269,42.1,42.1
3270,42.1,42.1
3271,42.1,42.1
3272,42.1,42.1
3273,42.1,42.1
3274,42.1,42.1
3275,42.1,42.1
3276,42.1,42.1
3277,42.1,42.1
3278,42.1,42.1
3279,42.1,42.1
3280,42.1,42.1
3281,42.1,42.1
3282,42.1,42.1
3283,42.1,42.1
3284,42.1,42.1
3285,42.1,42.1
3286,42.1,42.1
3287,42.1,42.1
3288,42.1,42.1
3289,42.1,42.1
3290,42.1,42.1
3291,42.1,42.1
3292,42.1,42.1
3293,42.1,42.1
3294,42.1,42.1
3295,42.1,42.1
3296,42.1,42.1
3297,42.1,42.1
3298,42.1,42.1
3299,42.1,42.1
3300,42.1,42.1
3301,42.1,42.1
3302,42.1,42.1
3303,42.1,42.1
3304,42.1,42.1
3305,42.1,42.1
3306,42.1,42.1
3307,42.1,42.1
3308,42.1,42.1
3309,42.1,42.1
3310,42.1,42.1
3311,42.1,42.1
3312,42.1,42.1
3313,42.1,42.1
3314,42.1,42.1
3315,42.1,42.1
3316,42.1,42.1
3317,42.1,42.1
3318,42.1,42.1
3319,42.1,42.1
3320,42.1,42.1
3321,42.1,42.1
3322,42.1,42.1
3323,42.1,42.1
3324,42.1,42.1
3325,42.1,42.1
3326,42.1,42.1
3327,42.1,42.1
3328,42.1,42.1
3329,42.1,42.1
3330,42.1,42.1
3331,42.1,42.1
3332,42.1,42.1
3333,42.1,42.1
3334,42.1,42.1
3335,42.1,42.1
3336,42.1,42.1
3337,42.1,42.1
3338,42.1,42.1
3339,42.1,42.1
3340,42.1,42.1
3341,42.1,42.1
3342,42.1,42.1
3343,42.1,42.1
3344,42.1,42.1
3345,42.1,42.1
3346,42.1,42.1
3347,42.1,42.1
3348,42.1,42.1
3349,42.1,42.1
3350,42.1,42.1
3351,42.1,42.1
3352,42.1,42.1
3353,42.1,42.1
3354,42.1,42.1
3355,42.1,42.1
3356,42.1,42.1
3357,42.1,42.1
3358,42.1,42.1
3359,42.1,42.1
3360,42.1,42.1
3361,42.1,42.1
3362,42.1,42.1
3363,42.1,42.1
3364,42.1,42.1
3365,42.1,42.1
3366,42.1,42.1
3367,42.1,42.1
3368,42.1,42.1
3369,42.1,42.1
3370,42.1,42.1
3371,42.1,42.1
3372,42.1,42.1
3373,42.1,42.1
3374,42.1,42.1
3375,42.1,42.1
3376,42.1,42.1
3377,42.1,42.1
3378,42.1,42.1
3379,42.1,42.1
3380,42.1,42.1
3381,42.1,42.1
3382,42.1,42.1
3383,42.1,42.1
3384,42.1,42.1
3385,42.1,42.1
3386,42.1,42.1
3387,42.1,42.1
3388,42.1,42.1
3389,42.1,42.1
3390,42.1,42.1
3391,42.1,42.1
3392,42.1,42.1
3393,42.1,42.1
3394,42.1,42.1
3395,42.1,42.1
3396,42.1,42.1
3397,42.1,42.1
3398,42.1,42.1
3399,42.1,42.1
3400,42.1,42.1
3401,42.1,42.1
3402,42.1,42.1
3403,42.1,42.1
3404,42.1,42.1
3405,42.1,42.1
3406,42.1,42.1
3407,42.1,42.1
3408,42.1,42.1
3409,42.1,42.1
3410,42.1,42.1
3411,42.1,42.1
3412,42.1,42.1
3413,42.1,42.1
3414,42.1,42.1
3415,42.1,42.1
3416,42.1,42.1
3417,42.1,42.1
3418,42.1,42.1
3419,42.1,42.1
3420,42.1,42.1
3421,42.1,42.1
3422,42.1,42.1
3423,42.1,42.1
3424,42.1,42.1
3425,42.1,42.1
3426,42.1,42.1
3427,42.1,42.1
3428,42.1,42.1
3429,42.1,42.1
3430,42.1,42.1
3431,42.1,42.1
3432,42.1,42.1
3433,42.1,42.1
3434,42.1,42.1
3435,42.1,42.1
3436,42.1,42.1
3437,42.1,42.1
3438,42.1,42.1
3439,42.1,42.1
3440,42.1,42.1
3441,42.1,42.1
3442,42.1,42.1
3443,42.1,42.1
3444,42.1,42.1
3445,42.1,42.1
3446,42.1,42.1
3447,42.1,42.1
3448,42.1,42.1
3449,42.1,42.1
3450,42.1,42.1
3451,42.1,42.1
3452,42.1,42.1
3453,42.1,42.1
3454,42.1,42.1
3455,42.1,42.1
3456,42.1,42.1
3457,42.1,42.1
3458,42.1,42.1
3459,42.1,42.1
3460,42.1,42.1
3461,42.1,42.1
3462,42.1,42.1
3463,42.1,42.1
3464,42.1,42.1
3465,42.1,42.1
3466,42.1,42.1
3467,42.1,42.1
3468,42.1,42.1
3469,42.1,42.1
3470,42.1,42.1
3471,42.1,42.1
3472,42.1,42.1
3473,42.1,42.1
3474,42.1,42.1
3475,42.1,42.1
3476,42.1,42.1
3477,42.1,42.1
3478,42.1,42.1
3479,42.1,42.1
3480,42.1,42.1
3481,42.1,42.1
3482,42.1,42.1
3483,42.1,42.1
3484,42.1,42.1
3485,42.1,42.1
3486,42.1,42.1
3487,42.1,42.1
3488,42.1,42.1
3489,42.1,42.1
3490,42.1,42.1
3491,42.1,42.1
3492,42.1,42.1
3493,42.1,42.1
3494,42.1,42.1
3495,42.1,42.1
3496,42.1,42.1
3497,42.1,42.1
3498,42.1,42.1
3499,42.1,42.1
3500,42.1,42.1
3501,42.1,42.1
3502,42.1,42.1
3503,42.1,42.1
3504,42.1,42.1
3505,42.1,42.1
3506,42.1,42.1
3507,42.1,42.1
3508,42.1,42.1
3509,42.1,42.1
3510,42.1,42.1
3511,42.1,42.1
3512,42.1,42.1
3513,42.1,42.1
3514,42.1,42.1
3515,42.1,42.1
3516,42.1,42.1
3517,42.1,42.1
3518,42.1,42.1
3519,42.1,42.1
3520,42.1,42.1
3521,42.1,42.1
3522,42.1,42.1
3523,42.1,42.1
3524,42.1,42.1
3525,42.1,42.1
3526,42.1,42.1
3527,42.1,42.1
3528,42.1,42.1
3529,42.1,42.1
3530,42.1,42.1
3531,42.1,42.1
3532,42.1,42.1
3533,42.1,42.1
3534,42.1,42.1
3535,42.1,42.1
3536,42.1,42.1
3537,42.1,42.1
3538,42.1,42.1
3539,42.1,42.1
3540,42.1,42.1
3541,42.1,42.1
3542,42.1,42.1
3543,42.1,42.1
3544,42.1,42.1
3545,42.1,42.1
3546,42.1,42.1
3547,42.1,42.1
3548,42.1,42.1
3549,42.1,42.1
3550,42.1,42.1
3551,42.1,42.1
3552,42.1,42.1
3553,42.1,42.1
3554,42.1,42.1
3555,42.1,42.1
3556,42.1,42.1
3557,42.1,42.1
3558,42.1,42.1
3559,42.1,42.1
3560,42.1,42.1
3561,42.1,42.1
3562,42.1,42.1
3563,42.1,42.1
3564,42.1,42.1
3565,42.1,42.1
3566,42.1,42.1
3567,42.1,42.1
3568,42.1,42.1
3569,42.1,42.1
3570,42.1,42.1
3571,42.1,42.1
3572,42.1,42.1
3573,42.1,42.1
3574,42.1,42.1
3575,42.1,42.1
3576,42.1,42.1
3577,42.1,42.1
3578,42.1,42.1
3579,42.1,42.1
3580,42.1,42.1
3581,42.1,42.1
3582,42.1,42.1
3583,42.1,42.1
3584,42.1,42.1
3585,42.1,42.1
3586,42.1,42.1
3587,42.1,42.1
3588,42.1,42.1
3589,42.1,42.1
3590,42.1,42.1
3591,42.1,42.1
3592,42.1,42.1
3593,42.1,42.1
3594,42.1,42.1
3595,42.1,42.1
3596,42.1,42.1
3597,42.1,42.1
3598,42.1,42.1
3599,42.1,42.1
3600,42.1,42.1
3601,42.1,42.1
3602,42.1,42.1
3603,42.1,42.1
3604,42.1,42.1
3605,42.1,42.1
3606,42.1,42.1
3607,42.1,42.1
3608,42.1,42.1
3609,42.1,42.1
3610,42.1,42.1
3611,42.1,42.1
3612,42.1,42.1
3613,42.1,42.1
3614,42.1,42.1
3615,42.1,42.1
3616,42.1,42.1
3617,42.1,42.1
3618,42.1,42.1
3619,42.1,42.1
3620,42.1,42.1
3621,42.1,42.1
3622,42.1,42.1
3623,42.1,42.1
3624,42.1,42.1
3625,42.1,42.1
3626,42.1,42.1
3627,42.1,42.1
3628,42.1,42.1
3629,42.1,42.1
3630,42.1,42.1
3631,42.1,42.1
3632,42.1,42.1
3633,42.1,42.1
3634,42.1,42.1
3635,42.1,42.1
3636,42.1,42.1
3637,42.1,42.1
3638,42.1,42.1
3639,42.1,42.1
3640,42.1,42.1
3641,42.1,42.1
3642,42.1,42.1
3643,42.1,42.1
3644,42.1,42.1
3645,42.1,42.1
3646,42.1,42.1
3647,42.1,42.1
3648,42.1,42.1
3649,42.1,42.1
3650,42.1,42.1
3651,42.1,42.1
3652,42.1,42.1
3653,42.1,42.1
3654,42.1,42.1
3655,42.1,42.1
3656,42.1,42.1
3657,42.1,42.1
3658,42.1,42.1
3659,42.1,42.1
3660,42.1,42.1
3661,42.1,42.1
3662,42.1,42.1
3663,42.1,42.1
3664,42.1,42.1
3665,42.1,42.1
3666,42.1,42.1
3667,42.1,42.1
3668,42.1,42.1
3669,42.1,42.1
3670,42.1,42.1
3671,42.1,42.1
3672,42.1,42.1
3673,42.1,42.1
3674,42.1,42.1
3675,42.1,42.1
3676,42.1,42.1
3677,42.1,42.1
3678,42.1,42.1
3679,42.1,42.1
3680,42.1,42.1
3681,42.1,42.1
3682,42.1,42.1
3683,42.1,42.1
3684,42.1,42.1
3685,42.1,42.1
3686,42.1,42.1
3687,42.1,42.1
3688,42.1,42.1
3689,42.1,42.1
3690,42.1,42.1
3691,42.1,42.1
3692,42.1,42.1
3693,42.1,42.1
3694,42.1,42.1
3695,42.1,42.1
3696,42.1,42.1
3697,42.1,42.1
3698,42.1,42.1
3699,42.1,42.1
3700,42.1,42.1
3701,42.1,42.1
3702,42.1,42.1
3703,42.1,42.1
3704,42.1,42.1
3705,42.1,42.1
3706,42.1,42.1
3707,42.1,42.1
3708,42.1,42.1
3709,42.1,42.1
3710,42.1,42.1
3711,42.1,42.1
3712,42.1,42.1
3713,42.1,42.1
3714,42.1,42.1
3715,42.1,42.1
3716,42.1,42.1
3717,42.1,42.1
3718,42.1,42.1
3719,42.1,42.1
3720,42.1,42.1
3721,42.1,42.1
3722,42.1,42.1
3723,42.1,42.1
3724,42.1,42.1
3725,42.1,42.1
3726,42.1,42.1
3727,42.1,42.1
3728,42.1,42.1
3729,42.1,42.1
3730,42.1,42.1
3731,42.1,42.1
3732,42.1,42.1
3733,42.1,42.1
3734,42.1,42.1
3735,42.1,42.1
3736,42.1,42.1
3737,42.1,42.1
3738,42.1,42.1
3739,42.1,42.1
3740,42.1,42.1
3741,42.1,42.1
3742,42.1,42.1
3743,42.1,42.1
3744,42.1,42.1
3745,42.1,42.1
3746,42.1,42.1
3747,42.1,42.1
3748,42.1,42.1
3749,42.1,42.1
3750,42.1,42.1
3751,42.1,42.1
3752,42.1,42.1
3753,42.1,42.1
3754,42.1,42.1
3755,42.1,42.1
3756,42.1,42.1
3757,42.1,42.1
3758,42.1,42.1
3759,42.1,42.1
3760,42.1,42.1
3761,42.1,42.1
3762,42.1,42.1
3763,42.1,42.1
3764,42.1,42.1
3765,42.1,42.1
3766,42.1,42.1
3767,42.1,42.1
3768,42.1,42.1
3769,42.1,42.1
3770,42.1,42.1
3771,42.1,42.1
3772,42.1,42.1
3773,42.1,42.1
3774,42.1,42.1
3775,42.1,42.1
3776,42.1,42.1
3777,42.1,42.1
3778,42.1,42.1
3779,42.1,42.1
3780,42.1,42.1
3781,42.1,42.1
3782,42.1,42.1
3783,42.1,42.1
3784,42.1,42.1
3785,42.1,42.1
3786,42.1,42.1
3787,42.1,42.1
3788,42.1,42.1
3789,42.1,42.1
3790,42.1,42.1
3791,42.1,42.1
3792,42.1,42.1
3793,42.1,42.1
3794,42.1,42.1
3795,42.1,42.1
3796,42.1,42.1
3797,42.1,42.1
3798,42.1,42.1
3799,42.1,42.1
3800,42.1,42.1
3801,42.1,42.1
3802,42.1,42.1
3803,42.1,42.1
3804,42.1,42.1
3805,42.1,42.1
3806,42.1,42.1
3807,42.1,42.1
3808,42.1,42.1
3809,42.1,42.1
3810,42.1,42.1
3811,42.1,42.1
3812,42.1,42.1
3813,42.1,42.1
3814,42.1,42.1
3815,42.1,42.1
3816,42.1,42.1
3817,42.1,42.1
3818,42.1,42.1
3819,42.1,42.1
3820,42.1,42.1
3821,42.1,42.1
3822,42.1,42.1
3823,42.1,42.1
3824,42.1,42.1
3825,42.1,42.1
3826,42.1,42.1
3827,42.1,42.1
3828,42.1,42.1
3829,42.1,42.1
3830,42.1,42.1
3831,42.1,42.1
3832,42.1,42.1
3833,42.1,42.1
3834,42.1,42.1
3835,42.1,42.1
3836,42.1,42.1
3837,42.1,42.1
3838,42.1,42.1
3839,42.1,42.1
3840,42.1,42.1
3841,42.1,42.1
3842,42.1,42.1
3843,42.1,42.1
3844,42.1,42.1
3845,42.1,42.1
3846,42.1,42.1
3847,42.1,42.1
3848,42.1,42.1
3849,42.1,42.1
3850,42.1,42.1
3851,42.1,42.1
3852,42.1,42.1
3853,42.1,42.1
3854,42.1,42.1
3855,42.1,42.1
3856,42.1,42.1
3857,42.1,42.1
3858,42.1,42.1
3859,42.1,42.1
3860,42.1,42.1
3861,42.1,42.1
3862,42.1,42.1
3863,42.1,42.1
3864,42.1,42.1
3865,42.1,42.1
3866,42.1,42.1
3867,42.1,42.1
3868,42.1,42.1
3869,42.1,42.1
3870,42.1,42.1
3871,42.1,42.1
3872,42.1,42.1
3873,42.1,42.1
3874,42.1,42.1
3875,42.1,42.1
3876,42.1,42.1
3877,42.1,42.1
3878,42.1,42.1
3879,42.1,42.1
3880,42.1,42.1
3881,42.1,42.1
3882,42.1,42.1
3883,42.1,42.1
3884,42.1,42.1
3885,42.1,42.1
3886,42.1,42.1
3887,42.1,42.1
3888,42.1,42.1
3889,42.1,42.1
3890,42.1,42.1
3891,42.1,42.1
3892,42.1,42.1
3893,42.1,42.1
3894,42.1,42.1
3895,42.1,42.1
3896,42.1,42.1
3897,42.1,42.1
3898,42.1,42.1
3899,42.1,42.1
3900,42.1,42.1
3901,42.1,42.1
3902,42.1,42.1
3903,42.1,42.1
3904,42.1,42.1
3905,42.1,42.1
3906,42.1,42.1
3907,42.1,42.1
3908,42.1,42.1
3909,42.1,42.1
3910,42.1,42.1
3911,42.1,42.1
3912,42.1,42.1
3913,42.1,42.1
3914,42.1,42.1
3915,42.1,42.1
3916,42.1,42.1
3917,42.1,42.1
3918,42.1,42.1
3919,42.1,42.1
3920,42.1,42.1
3921,42.1,42.1
3922,42.1,42.1
3923,42.1,42.1
3924,42.1,42.1
3925,42.1,42.1
3926,42.1,42.1
3927,42.1,42.1
3928,42.1,42.1
3929,42.1,42.1
3930,42.1,42.1
3931,42.1,42.1
3932,42.1,42.1
3933,42.1,42.1
3934,42.1,42.1
3935,42.1,42.1
3936,42.1,42.1
3937,42.1,42.1
3938,42.1,42.1
3939,42.1,42.1
3940,42.1,42.1
3941,42.1,42.1
3942,42.1,42.1
3943,42.1,42.1
3944,42.1,42.1
3945,42.1,42.1
3946,42.1,42.1
3947,42.1,42.1
3948,42.1,42.1
3949,42.1,42.1
3950,42.1,42.1
3951,42.1,42.1
3952,42.1,42.1
3953,42.1,42.1
3954,42.1,42.1
3955,42.1,42.1
3956,42.1,42.1
3957,42.1,42.1
3958,42.1,42.1
3959,42.1,42.1
3960,42.1,42.1
3961,42.1,42.1
3962,42.1,42.1
3963,42.1,42.1
3964,42.1,42.1
3965,42.1,42.1
3966,42.1,42.1
3967,42.1,42.1
3968,42.1,42.1
3969,42.1,42.1
3970,42.1,42.1
3971,42.1,42.1
3972,42.1,42.1
3973,42.1,42.1
3974,42.1,42.1
3975,42.1,42.1
3976,42.1,42.1
3977,42.1,42.1
3978,42.1,42.1
3979,42.1,42.1
3980,42.1,42.1
3981,42.1,42.1
3982,42.1,42.1
3983,42.1,42.1
3984,42.1,42.1
3985,42.1,42.1
3986,42.1,42.1
3987,42.1,42.1
3988,42.1,42.1
3989,42.1,42.1
3990,42.1,42.1
3991,42.1,42.1
3992,42.1,42.1
3993,42.1,42.1
3994,42.1,42.1
3995,42.1,42.1
3996,42.1,42.1
3997,42.1,42.1
3998,42.1,42.1
3999,42.1,42.1
4000,42.1,42.1
4001,42.1,42.1
4002,42.1,42.1
4003,42.1,42.1
4004,42.1,42.1
4005,42.1,42.1
4006,42.1,42.1
4007,42.1,42.1
4008,42.1,42.1
4009,42.1,42.1
4010,42.1,42.1
4011,42.1,42.1
4012,42.1,42.1
4013,42.1,42.1
4014,42.1,42.1
4015,42.1,42.1
4016,42.1,42.1
4017,42.1,42.1
4018,42.1,42.1
4019,42.1,42.1
4020,42.1,42.1
4021,42.1,42.1
4022,42.1,42.1
4023,42.1,42.1
4024,42.1,42.1
4025,42.1,42.1
4026,42.1,42.1
4027,42.1,42.1
4028,42.1,42.1
4029,42.1,42.1
4030,42.1,42.1
4031,42.1,42.1
4032,42.1,42.1
4033,42.1,42.1
4034,42.1,42.1
4035,42.1,42.1
4036,42.1,42.1
4037,42.1,42.1
4038,42.1,42.1
4039,42.1,42.1
4040,42.1,42.1
4041,42.1,42.1
4042,42.1,42.1
4043,42.1,42.1
4044,42.1,42.1
4045,42.1,42.1
4046,42.1,42.1
4047,42.1,42.1
4048,42.1,42.1
4049,42.1,42.1
4050,42.1,42.1
4051,42.1,42.1
4052,42.1,42.1
4053,42.1,42.1
4054,42.1,42.1
4055,42.1,42.1
4056,42.1,42.1
4057,42.1,42.1
4058,42.1,42.1
4059,42.1,42.1
4060,42.1,42.1
4061,42.1,42.1
4062,42.1,42.1
4063,42.1,42.1
4064,42.1,42.1
4065,42.1,42.1
4066,42.1,42.1
4067,42.1,42.1
4068,42.1,42.1
4069,42.1,42.1
4070,42.1,42.1
4071,42.1,42.1
4072,42.1,42.1
4073,42.1,42.1
4074,42.1,42.1
4075,42.1,42.1
4076,42.1,42.1
4077,42.1,42.1
4078,42.1,42.1
4079,42.1,42.1
4080,42.1,42.1
4081,42.1,42.1
4082,42.1,42.1
4083,42.1,42.1
4084,42.1,42.1
4085,42.1,42.1
4086,42.1,42.1
4087,42.1,42.1
4088,42.1,42.1
4089,42.1,42.1
4090,42.1,42.1
4091,42.1,42.1
4092,42.1,42.1
4093,42.1,42.1
4094,42.1,42.1
4095,42.1,42.1
4096,42.1,42.1
4097,42.1,42.1
4098,42.1,42.1
4099,42.1,42.1
4100,42.1,42.1
4101,42.1,42.1
4102,42.1,42.1
4103,42.1,42.1
4104,42.1,42.1
4105,42.1,42.1
4106,42.1,42.1
4107,42.1,42.1
4108,42.1,42.1
4109,42.1,42.1
4110,42.1,42.1
4111,42.1,42.1
4112,42.1,42.1
4113,42.1,42.1
4114,42.1,42.1
4115,42.1,42.1
4116,42.1,42.1
4117,42.1,42.1
4118,42.1,42.1
4119,42.1,42.1
4120,42.1,42.1
4121,42.1,42.1
4122,42.1,42.1
4123,42.1,42.1
4124,42.1,42.1
4125,42.1,42.1
4126,42.1,42.1
4127,42.1,42.1
4128,42.1,42.1
4129,42.1,42.1
4130,42.1,42.1
4131,42.1,42.1
4132,42.1,42.1
4133,42.1,42.1
4134,42.1,42.1
4135,42.1,42.1
4136,42.1,42.1
4137,42.1,42.1
4138,42.1,42.1
4139,42.1,42.1
4140,42.1,42.1
4141,42.1,42.1
4142,42.1,42.1
4143,42.1,42.1
4144,42.1,42.1
4145,42.1,42.1
4146,42.1,42.1
4147,42.1,42.1
4148,42.1,42.1
4149,42.1,42.1
4150,42.1,42.1
4151,42.1,42.1
4152,42.1,42.1
4153,42.1,42.1
4154,42.1,42.1
4155,42.1,42.1
4156,42.1,42.1
4157,42.1,42.1
4158,42.1,42.1
4159,42.1,42.1
4160,42.1,42.1
4161,42.1,42.1
4162,42.1,42.1
4163,42.1,42.1
4164,42.1,42.1
4165,42.1,42.1
4166,42.1,42.1
4167,42.1,42.1
4168,42.1,42.1
4169,42.1,42.1
4170,42.1,42.1
4171,42.1,42.1
4172,42.1,42.1
4173,42.1,42.1
4174,42.1,42.1
4175,42.1,42.1
4176,42.1,42.1
4177,42.1,42.1
4178,42.1,42.1
4179,42.1,42.1
4180,42.1,42.1
4181,42.1,42.1
4182,42.1,42.1
4183,42.1,42.1
4184,42.1,42.1
4185,42.1,42.1
4186,42.1,42.1
4187,42.1,42.1
4188,42.1,42.1
4189,42.1,42.1
4190,42.1,42.1
4191,42.1,42.1
4192,42.1,42.1
4193,42.1,42.1
4194,42.1,42.1
4195,42.1,42.1
4196,42.1,42.1
4197,42.1,42.1
4198,42.1,42.1
4199,42.1,42.1
4200,42.1,42.1
4201,42.1,42.1
4202,42.1,42.1
4203,42.1,42.1
4204,42.1,42.1
4205,42.1,42.1
4206,42.1,42.1
4207,42.1,42.1
4208,42.1,42.1
4209,42.1,42.1
4210,42.1,42.1
4211,42.1,42.1
4212,42.1,42.1
4213,42.1,42.1
4214,42.1,42.1
4215,42.1,42.1
4216,42.1,42.1
4217,42.1,42.1
4218,42.1,42.1
4219,42.1,42.1
4220,42.1,42.1
4221,42.1,42.1
4222,42.1,42.1
4223,42.1,42.1
4224,42.1,42.1
4225,42.1,42.1
4226,42.1,42.1
4227,42.1,42.1
4228,42.1,42.1
4229,42.1,42.1
4230,42.1,42.1
4231,42.1,42.1
4232,42.1,42.1
4233,42.1,42.1
4234,42.1,42.1
4235,42.1,42.1
4236,42.1,42.1
4237,42.1,42.1
4238,42.1,42.1
4239,42.1,42.1
4240,42.1,42.1
4241,42.1,42.1
4242,42.1,42.1
4243,42.1,42.1
4244,42.1,42.1
4245,42.1,42.1
4246,42.1,42.1
4247,42.1,42.1
4248,42.1,42.1
4249,42.1,42.1
4250,42.1,42.1
4251,42.1,42.1
4252,42.1,42.1
4253,42.1,42.1
4254,42.1,42.1
4255,42.1,42.1
4256,42.1,42.1
4257,42.1,42.1
4258,42.1,42.1
4259,42.1,42.1
4260,42.1,42.1
4261,42.1,42.1
4262,42.1,42.1
4263,42.1,42.1
4264,42.1,42.1
4265,42.1,42.1
4266,42.1,42.1
4267,42.1,42.1
4268,42.1,42.1
4269,42.1,42.1
4270,42.1,42.1
4271,42.1,42.1
4272,42.1,42.1
4273,42.1,42.1
4274,42.1,42.1
4275,42.1,42.1
4276,42.1,42.1
4277,42.1,42.1
4278,42.1,42.1
4279,42.1,42.1
4280,42.1,42.1
4281,42.1,42.1
4282,42.1,42.1
4283,42.1,42.1
4284,42.1,42.1
4285,42.1,42.1
4286,42.1,42.1
4287,42.1,42.1
4288,42.1,42.1
4289,42.1,42.1
4290,42.1,42.1
4291,42.1,42.1
4292,42.1,42.1
4293,42.1,42.1
4294,42.1,42.1
4295,42.1,42.1
4296,42.1,42.1
4297,42.1,42.1
4298,42.1,42.1
4299,42.1,42.1
4300,42.1,42.1
4301,42.1,42.1
4302,42.1,42.1
4303,42.1,42.1
4304,42.1,42.1
4305,42.1,42.1
4306,42.1,42.1
4307,42.1,42.1
4308,42.1,42.1
4309,42.1,42.1
4310,42.1,42.1
4311,42.1,42.1
4312,42.1,42.1
4313,42.1,42.1
4314,42.1,42.1
4315,42.1,42.1
4316,42.1,42.1
4317,42.1,42.1
4318,42.1,42.1
4319,42.1,42.1
4320,42.1,42.1
4321,42.1,42.1
4322,42.1,42.1
4323,42.1,42.1
4324,42.1,42.1
4325,42.1,42.1
4326,42.1,42.1
4327,42.1,42.1
4328,42.1,42.1
4329,42.1,42.1
4330,42.1,42.1
4331,42.1,42.1
4332,42.1,42.1
4333,42.1,42.1
4334,42.1,42.1
4335,42.1,42.1
4336,42.1,42.1
4337,42.1,42.1
4338,42.1,42.1
4339,42.1,42.1
4340,42.1,42.1
4341,42.1,42.1
4342,42.1,42.1
4343,42.1,42.1
4344,42.1,42.1
4345,42.1,42.1
4346,42.1,42.1
4347,42.1,42.1
4348,42.1,42.1
4349,42.1,42.1
4350,42.1,42.1
4351,42.1,42.1
4352,42.1,42.1
4353,42.1,42.1
4354,42.1,42.1
4355,42.1,42.1
4356,42.1,42.1
4357,42.1,42.1
4358,42.1,42.1
4359,42.1,42.1
4360,42.1,42.1
4361,42.1,42.1
4362,42.1,42.1
4363,42.1,42.1
4364,42.1,42.1
4365,42.1,42.1
4366,42.1,42.1
4367,42.1,42.1
4368,42.1,42.1
4369,42.1,42.1
4370,42.1,42.1
4371,42.1,42.1
4372,42.1,42.1
4373,42.1,42.1
4374,42.1,42.1
4375,42.1,42.1
4376,42.1,42.1
4377,42.1,42.1
4378,42.1,42.1
4379,42.1,42.1
4380,42.1,42.1
4381,42.1,42.1
4382,42.1,42.1
4383,42.1,42.1
4384,42.1,42.1
4385,42.1,42.1
4386,42.1,42.1
4387,42.1,42.1
4388,42.1,42.1
4389,42.1,42.1
4390,42.1,42.1
4391,42.1,42.1
4392,42.1,42.1
4393,42.1,42.1
4394,42.1,42.1
4395,42.1,42.1
4396,42.1,42.1
4397,42.1,42.1
4398,42.1,42.1
4399,42.1,42.1
4400,42.1,42.1
4401,42.1,42.1
4402,42.1,42.1
4403,42.1,42.1
4404,42.1,42.1
4405,42.1,42.1
4406,42.1,42.1
4407,42.1,42.1
4408,42.1,42.1
4409,42.1,42.1
4410,42.1,42.1
4411,42.1,42.1
4412,42.1,42.1
4413,42.1,42.1
4414,42.1,42.1
4415,42.1,42.1
4416,42.1,42.1
4417,42.1,42.1
4418,42.1,42.1
4419,42.1,42.1
4420,42.1,42.1
4421,42.1,42.1
4422,42.1,42.1
4423,42.1,42.1
4424,42.1,42.1
4425,42.1,42.1
4426,42.1,42.1
4427,42.1,42.1
4428,42.1,42.1
4429,42.1,42.1
4430,42.1,42.1
4431,42.1,42.1
4432,42.1,42.1
4433,42.1,42.1
4434,42.1,42.1
4435,42.1,42.1
4436,42.1,42.1
4437,42.1,42.1
4438,42.1,42.1
4439,42.1,42.1
4440,42.1,42.1
4441,42.1,42.1
4442,42.1,42.1
4443,42.1,42.1
4444,42.1,42.1
4445,42.1,42.1
4446,42.1,42.1
4447,42.1,42.1
4448,42.1,42.1
4449,42.1,42.1
4450,42.1,42.1
4451,42.1,42.1
4452,42.1,42.1
4453,42.1,42.1
4454,42.1,42.1
4455,42.1,42.1
4456,42.1,42.1
4457,42.1,42.1
4458,42.1,42.1
4459,42.1,42.1
4460,42.1,42.1
4461,42.1,42.1
4462,42.1,42.1
4463,42.1,42.1
4464,42.1,42.1
4465,42.1,42.1
4466,42.1,42.1
4467,42.1,42.1
4468,42.1,42.1
4469,42.1,42.1
4470,42.1,42.1
4471,42.1,42.1
4472,42.1,42.1
4473,42.1,42.1
4474,42.1,42.1
4475,42.1,42.1
4476,42.1,42.1
4477,42.1,42.1
4478,42.1,42.1
4479,42.1,42.1
4480,42.1,42.1
4481,42.1,42.1
4482,42.1,42.1
4483,42.1,42.1
4484,42.1,42.1
4485,42.1,42.1
4486,42.1,42.1
4487,42.1,42.1
4488,42.1,42.1
4489,42.1,42.1
4490,42.1,42.1
4491,42.1,42.1
4492,42.1,42.1
4493,42.1,42.1
4494,42.1,42.1
4495,42.1,42.1
4496,42.1,42.1
4497,42.1,42.1
4498,42.1,42.1
4499,42.1,42.1
4500,42.1,42.1
4501,42.1,42.1
4502,42.1,42.1
4503,42.1,42.1
4504,42.1,42.1
4505,42.1,42.1
4506,42.1,42.1
4507,42.1,42.1
4508,42.1,42.1
4509,42.1,42.1
4510,42.1,42.1
4511,42.1,42.1
4512,42.1,42.1
4513,42.1,42.1
4514,42.1,42.1
4515,42.1,42.1
4516,42.1,42.1
4517,42.1,42.1
4518,42.1,42.1
4519,42.1,42.1
4520,42.1,42.1
4521,42.1,42.1
4522,42.1,42.1
4523,42.1,42.1
4524,42.1,42.1
4525,42.1,42.1
4526,42.1,42.1
4527,42.1,42.1
4528,42.1,42.1
4529,42.1,42.1
4530,42.1,42.1
4531,42.1,42.1
4532,42.1,42.1
4533,42.1,42.1
4534,42.1,42.1
4535,42.1,42.1
4536,42.1,42.1
4537,42.1,42.1
4538,42.1,42.1
4539,42.1,42.1
4540,42.1,42.1
4541,42.1,42.1
4542,42.1,42.1
4543,42.1,42.1
4544,42.1,42.1
4545,42.1,42.1
4546,42.1,42.1
4547,42.1,42.1
4548,42.1,42.1
4549,42.1,42.1
4550,42.1,42.1
4551,42.1,42.1
4552,42.1,42.1
4553,42.1,42.1
4554,42.1,42.1
4555,42.1,42.1
4556,42.1,42.1
4557,42.1,42.1
4558,42.1,42.1
4559,42.1,42.1
4560,42.1,42.1
4561,42.1,42.1
4562,42.1,42.1
4563,42.1,42.1
4564,42.1,42.1
4565,42.1,42.1
4566,42.1,42.1
4567,42.1,42.1
4568,42.1,42.1
4569,42.1,42.1
4570,42.1,42.1
4571,42.1,42.1
4572,42.1,42.1
4573,42.1,42.1
4574,42.1,42.1
4575,42.1,42.1
4576,42.1,42.1
4577,42.1,42.1
4578,42.1,42.1
4579,42.1,42.1
4580,42.1,42.1
4581,42.1,42.1
4582,42.1,42.1
4583,42.1,42.1
4584,42.1,42.1
4585,42.1,42.1
4586,42.1,42.1
4587,42.1,42.1
4588,42.1,42.1
4589,42.1,42.1
4590,42.1,42.1
4591,42.1,42.1
4592,42.1,42.1
4593,42.1,42.1
4594,42.1,42.1
4595,42.1,42.1
4596,42.1,42.1
4597,42.1,42.1
4598,42.1,42.1
4599,42.1,42.1
4600,42.1,42.1
4601,42.1,42.1
4602,42.1,42.1
4603,42.1,42.1
4604,42.1,42.1
4605,42.1,42.1
4606,42.1,42.1
4607,42.1,42.1
4608,42.1,42.1
4609,42.1,42.1
4610,42.1,42.1
4611,42.1,42.1
4612,42.1,42.1
4613,42.1,42.1
4614,42.1,42.1
4615,42.1,42.1
4616,42.1,42.1
4617,42.1,42.1
4618,42.1,42.1
4619,42.1,42.1
4620,42.1,42.1
4621,42.1,42.1
4622,42.1,42.1
4623,42.1,42.1
4624,42.1,42.1
4625,42.1,42.1
4626,42.1,42.1
4627,42.1,42.1
4628,42.1,42.1
4629,42.1,42.1
4630,42.1,42.1
4631,42.1,42.1
4632,42.1,42.1
4633,42.1,42.1
4634,42.1,42.1
4635,42.1,42.1
4636,42.1,42.1
4637,42.1,42.1
4638,42.1,42.1
4639,42.1,42.1
4640,42.1,42.1
4641,42.1,42.1
4642,42.1,42.1
4643,42.1,42.1
4644,42.1,42.1
4645,42.1,42.1
4646,42.1,42.1
4647,42.1,42.1
4648,42.1,42.1
4649,42.1,42.1
4650,42.1,42.1
4651,42.1,42.1
4652,42.1,42.1
4653,42.1,42.1
4654,42.1,42.1
4655,42.1,42.1
4656,42.1,42.1
4657,42.1,42.1
4658,42.1,42.1
4659,42.1,42.1
4660,42.1,42.1
4661,42.1,42.1
4662,42.1,42.1
4663,42.1,42.1
4664,42.1,42.1
4665,42.1,42.1
4666,42.1,42.1
4667,42.1,42.1
4668,42.1,42.1
4669,42.1,42.1
4670,42.1,42.1
4671,42.1,42.1
4672,42.1,42.1
4673,42.1,42.1
4674,42.1,42.1
4675,42.1,42.1
4676,42.1,42.1
4677,42.1,42.1
4678,42.1,42.1
4679,42.1,42.1
4680,42.1,42.1
4681,42.1,42.1
4682,42.1,42.1
4683,42.1,42.1
4684,42.1,42.1
4685,42.1,42.1
4686,42.1,42.1
4687,42.1,42.1
4688,42.1,42.1
4689,42.1,42.1
4690,42.1,42.1
4691,42.1,42.1
4692,42.1,42.1
4693,42.1,42.1
4694,42.1,42.1
4695,42.1,42.1
4696,42.1,42.1
4697,42.1,42.1
4698,42.1,42.1
4699,42.1,42.1
4700,42.1,42.1
4701,42.1,42.1
4702,42.1,42.1
4703,42.1,42.1
4704,42.1,42.1
4705,42.1,42.1
4706,42.1,42.1
4707,42.1,42.1
4708,42.1,42.1
4709,42.1,42.1
4710,42.1,42.1
4711,42.1,42.1
4712,42.1,42.1
4713,42.1,42.1
4714,42.1,42.1
4715,42.1,42.1
4716,42.1,42.1
4717,42.1,42.1
4718,42.1,42.1
4719,42.1,42.1
4720,42.1,42.1
4721,42.1,42.1
4722,42.1,42.1
4723,42.1,42.1
4724,42.1,42.1
4725,42.1,42.1
4726,42.1,42.1
4727,42.1,42.1
4728,42.1,42.1
4729,42.1,42.1
4730,42.1,42.1
4731,42.1,42.1
4732,42.1,42.1
4733,42.1,42.1
4734,42.1,42.1
4735,42.1,42.1
4736,42.1,42.1
4737,42.1,42.1
4738,42.1,42.1
4739,42.1,42.1
4740,42.1,42.1
4741,42.1,42.1
4742,42.1,42.1
4743,42.1,42.1
4744,42.1,42.1
4745,42.1,42.1
4746,42.1,42.1
4747,42.1,42.1
4748,42.1,42.1
4749,42.1,42.1
4750,42.1,42.1
4751,42.1,42.1
4752,42.1,42.1
4753,42.1,42.1
4754,42.1,42.1
4755,42.1,42.1
4756,42.1,42.1
4757,42.1,42.1
4758,42.1,42.1
4759,42.1,42.1
4760,42.1,42.1
4761,42.1,42.1
4762,42.1,42.1
4763,42.1,42.1
4764,42.1,42.1
4765,42.1,42.1
4766,42.1,42.1
4767,42.1,42.1
4768,42.1,42.1
4769,42.1,42.1
4770,42.1,42.1
4771,42.1,42.1
4772,42.1,42.1
4773,42.1,42.1
4774,42.1,42.1
4775,42.1,42.1
4776,42.1,42.1
4777,42.1,42.1
4778,42.1,42.1
4779,42.1,42.1
4780,42.1,42.1
4781,42.1,42.1
4782,42.1,42.1
4783,42.1,42.1
4784,42.1,42.1
4785,42.1,42.1
4786,42.1,42.1
4787,42.1,42.1
4788,42.1,42.1
4789,42.1,42.1
4790,42.1,42.1
4791,42.1,42.1
4792,42.1,42.1
4793,42.1,42.1
4794,42.1,42.1
4795,42.1,42.1
4796,42.1,42.1
4797,42.1,42.1
4798,42.1,42.1
4799,42.1,42.1
4800,42.1,42.1
4801,42.1,42.1
4802,42.1,42.1
4803,42.1,42.1
4804,42.1,42.1
4805,42.1,42.1
4806,42.1,42.1
4807,42.1,42.1
4808,42.1,42.1
4809,42.1,42.1
4810,42.1,42.1
4811,42.1,42.1
4812,42.1,42.1
4813,42.1,42.1
4814,42.1,42.1
4815,42.1,42.1
4816,42.1,42.1
4817,42.1,42.1
4818,42.1,42.1
4819,42.1,42.1
4820,42.1,42.1
4821,42.1,42.1
4822,42.1,42.1
4823,42.1,42.1
4824,42.1,42.1
4825,42.1,42.1
4826,42.1,42.1
4827,42.1,42.1
4828,42.1,42.1
4829,42.1,42.1
4830,42.1,42.1
4831,42.1,42.1
4832,42.1,42.1
4833,42.1,42.1
4834,42.1,42.1
4835,42.1,42.1
4836,42.1,42.1
4837,42.1,42.1
4838,42.1,42.1
4839,42.1,42.1
4840,42.1,42.1
4841,42.1,42.1
4842,42.1,42.1
4843,42.1,42.1
4844,42.1,42.1
4845,42.1,42.1
4846,42.1,42.1
4847,42.1,42.1
4848,42.1,42.1
4849,42.1,42.1
4850,42.1,42.1
4851,42.1,42.1
4852,42.1,42.1
4853,42.1,42.1
4854,42.1,42.1
4855,42.1,42.1
4856,42.1,42.1
4857,42.1,42.1
4858,42.1,42.1
4859,42.1,42.1
4860,42.1,42.1
4861,42.1,42.1
4862,42.1,42.1
4863,42.1,42.1
4864,42.1,42.1
4865,42.1,42.1
4866,42.1,42.1
4867,42.1,42.1
4868,42.1,42.1
4869,42.1,42.1
4870,42.1,42.1
4871,42.1,42.1
4872,42.1,42.1
4873,42.1,42.1
4874,42.1,42.1
4875,42.1,42.1
4876,42.1,42.1
4877,42.1,42.1
4878,42.1,42.1
4879,42.1,42.1
4880,42.1,42.1
4881,42.1,42.1
4882,42.1,42.1
4883,42.1,42.1
4884,42.1,42.1
4885,42.1,42.1
4886,42.1,42.1
4887,42.1,42.1
4888,42.1,42.1
4889,42.1,42.1
4890,42.1,42.1
4891,42.1,42.1
4892,42.1,42.1
4893,42.1,42.1
4894,42.1,42.1
4895,42.1,42.1
4896,42.1,42.1
4897,42.1,42.1
4898,42.1,42.1
4899,42.1,42.1
4900,42.1,42.1
4901,42.1,42.1
4902,42.1,42.1
4903,42.1,42.1
4904,42.1,42.1
4905,42.1,42.1
4906,42.1,42.1
4907,42.1,42.1
4908,42.1,42.1
4909,42.1,42.1
4910,42.1,42.1
4911,42.1,42.1
4912,42.1,42.1
4913,42.1,42.1
4914,42.1,42.1
4915,42.1,42.1
4916,42.1,42.1
4917,42.1,42.1
4918,42.1,42.1
4919,42.1,42.1
4920,42.1,42.1
4921,42.1,42.1
4922,42.1,42.1
4923,42.1,42.1
4924,42.1,42.1
4925,42.1,42.1
4926,42.1,42.1
4927,42.1,42.1
4928,42.1,42.1
4929,42.1,42.1
4930,42.1,42.1
4931,42.1,42.1
4932,42.1,42.1
4933,42.1,42.1
4934,42.1,42.1
4935,42.1,42.1
4936,42.1,42.1
4937,42.1,42.1
4938,42.1,42.1
4939,42.1,42.1
4940,42.1,42.1
4941,42.1,42.1
4942,42.1,42.1
4943,42.1,42.1
4944,42.1,42.1
4945,42.1,42.1
4946,42.1,42.1
4947,42.1,42.1
4948,42.1,42.1
4949,42.1,42.1
4950,42.1,42.1
4951,42.1,42.1
4952,42.1,42.1
4953,42.1,42.1
4954,42.1,42.1
4955,42.1,42.1
4956,42.1,42.1
4957,42.1,42.1
4958,42.1,42.1
4959,42.1,42.1
4960,42.1,42.1
4961,42.1,42.1
4962,42.1,42.1
4963,42.1,42.1
4964,42.1,42.1
4965,42.1,42.1
4966,42.1,42.1
4967,42.1,42.1
4968,42.1,42.1
4969,42.1,42.1
4970,42.1,42.1
4971,42.1,42.1
4972,42.1,42.1
4973,42.1,42.1
4974,42.1,42.1
4975,42.1,42.1
4976,42.1,42.1
4977,42.1,42.1
4978,42.1,42.1
4979,42.1,42.1
4980,42.1,42.1
4981,42.1,42.1
4982,42.1,42.1
4983,42.1,42.1
4984,42.1,42.1
4985,42.1,42.1
4986,42.1,42.1
4987,42.1,42.1
4988,42.1,42.1
4989,42.1,42.1
4990,42.1,42.1
4991,42.1,42.1
4992,42.1,42.1
4993,42.1,42.1
4994,42.1,42.1
4995,42.1,42.1
4996,42.1,42.1
4997,42.1,42.1
4998,42.1,42.1
4999,42.1,42.1
