,hsa_js,add_js
0,3.1,0.0
1,3.1,0.0
2,3.1,0.0
3,3.1,0.0
4,3.1,0.0
5,3.1,0.0
6,3.1,0.0
7,3.1,0.0
8,3.1,0.0
9,3.1,0.0
10,3.1,0.0
11,3.1,0.0
12,3.1,0.0
13,3.1,0.0
14,3.1,0.0
15,3.1,0.0
16,3.1,0.0
17,3.1,0.0
18,3.1,0.0
19,3.1,0.0
20,3.1,0.0
21,3.1,0.0
22,3.1,0.0
23,3.1,0.0
24,3.1,0.0
25,3.1,0.0
26,3.1,0.0
27,3.1,0.0
28,3.1,0.0
29,3.1,0.0
30,3.1,0.0
31,3.1,0.0
32,3.1,0.0
33,3.1,0.0
34,3.1,0.0
35,3.1,0.0
36,3.1,0.0
37,3.1,0.0
38,3.1,0.0
39,3.1,0.0
40,3.1,0.0
41,3.1,0.0
42,3.1,0.0
43,3.1,0.0
44,3.1,0.0
45,3.1,0.0
46,3.1,0.0
47,3.1,0.0
48,3.1,0.0
49,3.1,0.0
50,3.1,0.0
51,3.1,0.0
52,3.1,0.0
53,3.1,0.0
54,3.1,0.0
55,3.1,0.0
56,3.1,0.0
57,3.1,0.0
58,3.1,0.0
59,3.1,0.0
60,3.1,0.0
61,3.1,0.0
62,3.1,0.0
63,3.1,0.0
64,3.1,0.0
65,3.1,0.0
66,3.1,0.0
67,3.1,0.0
68,3.1,0.0
69,3.1,0.0
70,3.1,0.0
71,3.1,0.0
72,3.1,0.0
73,3.1,0.0
74,3.1,0.0
75,3.1,0.0
76,3.1,0.0
77,3.1,0.0
78,3.1,0.0
79,3.1,0.0
80,3.1,0.0
81,3.1,0.0
82,3.6,0.0
83,3.6,0.0
84,3.6,0.0
85,3.6,0.0
86,3.6,0.0
87,3.6,0.0
88,3.6,0.0
89,3.6,0.0
90,3.6,0.0
91,3.6,0.0
92,3.6,0.0
93,3.6,0.0
94,3.6,0.0
95,3.6,0.0
96,3.6,0.0
97,3.6,0.0
98,3.6,0.0
99,3.6,0.0
100,3.6,0.0
101,3.6,0.0
102,3.6,0.0
103,3.6,0.0
104,3.6,0.0
105,3.6,0.0
106,3.6,0.0
107,3.6,0.0
108,3.6,0.0
109,3.6,0.0
110,3.6,0.0
111,3.6,0.0
112,3.6,0.0
113,3.6,0.0
114,3.6,0.0
115,3.6,0.0
116,3.6,0.0
117,3.6,0.0
118,3.6,0.0
119,3.6,0.0
120,3.6,0.0
121,3.6,0.0
122,3.6,0.0
123,3.6,0.0
124,3.6,0.0
125,3.6,0.0
126,3.6,0.0
127,3.6,0.0
128,3.6,0.0
129,3.6,0.0
130,3.6,0.0
131,3.6,0.0
132,3.6,0.0
133,3.6,0.0
134,3.6,0.0
135,3.6,0.0
136,3.6,0.0
137,3.6,0.0
138,3.6,0.0
139,3.6,0.0
140,3.6,0.0
141,3.6,0.0
142,3.6,0.0
143,3.6,0.0
144,3.6,0.0
145,3.6,0.0
146,3.6,0.0
147,3.6,0.0
148,3.6,0.0
149,3.6,0.0
150,3.6,0.0
151,4.3,0.0
152,4.3,0.0
153,4.3,0.0
154,4.3,0.0
155,4.3,0.0
156,4.3,0.0
157,4.3,0.0
158,4.3,0.0
159,4.3,0.0
160,4.3,0.0
161,4.3,0.0
162,4.3,0.0
163,4.3,0.0
164,4.3,0.0
165,4.3,0.0
166,4.3,0.0
167,4.3,0.0
168,4.3,0.0
169,4.3,0.0
170,4.3,0.0
171,4.3,0.0
172,4.3,0.0
173,4.3,0.0
174,4.3,0.0
175,4.3,0.0
176,4.3,0.0
177,4.3,0.0
178,4.3,0.0
179,4.3,0.0
180,4.3,0.0
181,4.3,0.0
182,4.4,0.0
183,4.4,0.0
184,4.4,0.0
185,4.4,0.0
186,4.4,0.0
187,4.4,0.0
188,4.4,0.0
189,4.4,0.0
190,4.4,0.0
191,4.4,0.0
192,4.4,0.0
193,4.4,0.0
194,4.4,0.0
195,4.4,0.0
196,4.4,0.0
197,4.4,0.0
198,4.4,0.0
199,4.4,0.0
200,4.4,0.0
201,4.4,0.0
202,4.4,0.0
203,4.4,0.0
204,4.4,0.0
205,4.4,0.0
206,4.4,0.0
207,4.5,0.0
208,4.5,0.0
209,4.5,0.0
210,4.5,0.0
211,4.5,0.0
212,4.5,0.0
213,4.5,0.0
214,4.5,0.0
215,4.5,0.0
216,4.5,0.0
217,4.5,0.0
218,4.5,0.0
219,4.5,0.0
220,4.5,0.0
221,4.5,0.0
222,4.5,0.0
223,4.5,0.0
224,4.5,0.0
225,4.5,0.0
226,4.5,0.0
227,4.5,0.0
228,4.5,0.0
229,4.5,0.0
230,4.5,0.0
231,4.5,0.0
232,4.5,0.0
233,4.5,0.0
234,4.5,0.0
235,4.5,0.0
236,4.5,0.0
237,4.5,0.0
238,4.5,0.0
239,4.5,0.0
240,4.5,0.0
241,4.5,0.0
242,4.5,0.0
243,4.5,0.0
244,4.5,0.0
245,4.5,0.0
246,4.5,0.0
247,4.5,0.0
248,4.5,0.0
249,4.5,0.0
250,4.5,0.0
251,4.5,0.0
252,4.5,0.0
253,4.5,0.0
254,4.5,0.0
255,4.5,0.0
256,4.5,0.0
257,4.5,0.0
258,4.5,0.0
259,4.5,0.0
260,4.5,0.0
261,5.2,0.0
262,5.2,0.0
263,5.2,0.0
264,5.2,0.0
265,5.2,0.0
266,5.2,0.0
267,5.2,0.0
268,5.2,0.0
269,5.2,0.0
270,5.2,0.0
271,5.2,0.0
272,5.2,0.0
273,5.2,0.0
274,5.2,0.0
275,5.2,0.0
276,5.2,0.0
277,5.2,0.0
278,5.2,0.0
279,5.2,0.0
280,5.2,0.0
281,5.2,0.0
282,5.2,0.0
283,5.2,0.0
284,5.7,0.0
285,5.7,0.0
286,5.7,0.0
287,5.7,0.0
288,5.7,0.0
289,5.7,0.0
290,5.7,0.0
291,5.7,0.0
292,5.7,0.0
293,5.7,0.0
294,5.7,0.0
295,5.7,0.0
296,5.7,0.0
297,5.7,0.0
298,5.7,0.0
299,5.7,0.0
300,5.7,0.0
301,5.7,0.0
302,5.7,0.0
303,5.7,0.0
304,5.7,0.0
305,5.7,0.0
306,5.7,0.0
307,5.7,0.0
308,5.7,0.0
309,5.7,0.0
310,5.7,0.0
311,5.7,0.0
312,5.7,0.0
313,5.7,0.0
314,5.7,0.0
315,5.7,0.0
316,5.7,0.0
317,5.7,0.0
318,5.7,0.0
319,5.7,0.0
320,5.7,0.0
321,5.7,0.0
322,5.9,0.0
323,5.9,0.0
324,5.9,0.0
325,5.9,0.0
326,5.9,0.0
327,5.9,0.0
328,5.9,0.0
329,5.9,0.0
330,5.9,0.0
331,5.9,0.0
332,5.9,0.0
333,5.9,0.0
334,5.9,0.0
335,5.9,0.0
336,5.9,0.0
337,5.9,0.0
338,5.9,0.0
339,5.9,0.0
340,5.9,0.0
341,5.9,0.0
342,5.9,0.0
343,5.9,0.0
344,5.9,0.0
345,6.0,0.0
346,6.0,0.0
347,6.0,0.0
348,6.0,0.0
349,6.0,0.0
350,6.0,0.0
351,6.0,0.0
352,6.0,0.0
353,6.0,0.0
354,6.0,0.0
355,6.0,0.0
356,6.0,0.0
357,6.0,0.0
358,6.0,0.0
359,6.0,0.0
360,6.0,0.0
361,6.0,0.0
362,6.0,0.0
363,6.0,0.0
364,6.0,0.0
365,6.0,0.0
366,6.0,0.0
367,6.0,0.0
368,6.0,0.0
369,6.0,0.0
370,6.0,0.0
371,6.0,0.0
372,6.2,0.0
373,6.2,0.0
374,6.2,0.0
375,6.2,0.0
376,6.2,0.0
377,6.2,0.0
378,6.2,0.0
379,6.2,0.0
380,6.2,0.0
381,6.2,0.0
382,6.2,0.0
383,6.2,0.0
384,6.2,0.0
385,6.2,0.0
386,6.2,0.0
387,6.2,0.0
388,6.2,0.0
389,6.2,0.0
390,6.2,0.0
391,6.2,0.0
392,6.2,0.0
393,6.2,0.0
394,6.2,0.0
395,6.2,0.0
396,6.6000000000000005,0.0
397,6.6000000000000005,0.0
398,6.6000000000000005,0.0
399,6.6000000000000005,0.0
400,6.6000000000000005,0.0
401,6.6000000000000005,0.0
402,6.6000000000000005,0.0
403,6.6000000000000005,0.0
404,6.6000000000000005,0.0
405,6.6000000000000005,0.0
406,6.6000000000000005,0.0
407,6.6000000000000005,0.0
408,6.6000000000000005,0.0
409,6.6000000000000005,0.0
410,6.6000000000000005,0.0
411,7.300000000000001,0.0
412,7.300000000000001,0.0
413,7.300000000000001,0.0
414,7.300000000000001,0.0
415,7.300000000000001,0.0
416,7.300000000000001,0.0
417,7.300000000000001,0.0
418,7.300000000000001,0.0
419,7.300000000000001,0.0
420,7.300000000000001,0.0
421,7.300000000000001,0.0
422,7.300000000000001,0.0
423,7.300000000000001,0.0
424,7.300000000000001,0.0
425,7.300000000000001,0.0
426,7.300000000000001,0.0
427,7.300000000000001,0.0
428,7.300000000000001,0.0
429,7.300000000000001,0.0
430,7.300000000000001,0.0
431,7.300000000000001,0.0
432,7.300000000000001,0.0
433,7.800000000000001,0.0
434,7.800000000000001,0.0
435,7.800000000000001,0.0
436,7.800000000000001,0.0
437,7.800000000000001,0.0
438,7.800000000000001,0.0
439,7.800000000000001,0.0
440,7.800000000000001,0.0
441,7.800000000000001,0.0
442,7.800000000000001,0.0
443,7.800000000000001,0.0
444,7.800000000000001,0.0
445,7.800000000000001,0.0
446,7.800000000000001,0.0
447,7.800000000000001,0.0
448,7.800000000000001,0.0
449,7.800000000000001,0.0
450,7.800000000000001,0.0
451,7.800000000000001,0.0
452,7.800000000000001,0.0
453,7.800000000000001,0.0
454,7.800000000000001,0.0
455,7.800000000000001,0.0
456,7.800000000000001,0.0
457,7.800000000000001,0.0
458,7.800000000000001,0.0
459,7.800000000000001,0.0
460,7.800000000000001,0.0
461,7.800000000000001,0.0
462,7.800000000000001,0.0
463,7.800000000000001,0.0
464,7.800000000000001,0.0
465,7.800000000000001,0.0
466,7.800000000000001,0.0
467,7.800000000000001,0.0
468,7.800000000000001,0.0
469,7.800000000000001,0.0
470,7.800000000000001,0.0
471,7.800000000000001,0.0
472,7.800000000000001,0.0
473,7.800000000000001,0.0
474,7.800000000000001,0.0
475,7.800000000000001,0.0
476,7.800000000000001,0.0
477,7.800000000000001,0.0
478,7.800000000000001,0.0
479,7.800000000000001,0.0
480,7.800000000000001,0.0
481,7.800000000000001,0.0
482,7.800000000000001,0.0
483,7.800000000000001,0.0
484,7.800000000000001,0.0
485,7.800000000000001,0.0
486,8.200000000000001,0.0
487,8.200000000000001,0.0
488,8.200000000000001,0.0
489,8.200000000000001,0.0
490,8.200000000000001,0.0
491,8.200000000000001,0.0
492,8.200000000000001,0.0
493,8.200000000000001,0.0
494,8.200000000000001,0.0
495,8.200000000000001,0.0
496,8.200000000000001,0.0
497,8.200000000000001,0.0
498,8.200000000000001,0.0
499,8.200000000000001,0.0
500,8.200000000000001,0.0
501,8.200000000000001,0.0
502,8.200000000000001,0.0
503,8.200000000000001,0.0
504,8.200000000000001,0.0
505,8.200000000000001,0.0
506,8.200000000000001,0.0
507,8.200000000000001,0.0
508,8.200000000000001,0.0
509,8.200000000000001,0.0
510,8.200000000000001,0.0
511,8.200000000000001,0.0
512,8.200000000000001,0.0
513,8.200000000000001,0.0
514,8.200000000000001,0.0
515,8.200000000000001,0.0
516,8.200000000000001,0.0
517,8.5,0.0
518,8.5,0.0
519,8.5,0.0
520,8.5,0.0
521,8.5,0.0
522,8.5,0.0
523,8.5,0.0
524,8.5,0.0
525,8.5,0.0
526,8.5,0.0
527,8.5,0.0
528,8.5,0.0
529,8.5,0.0
530,8.5,0.0
531,8.5,0.0
532,8.5,0.0
533,8.5,0.0
534,8.5,0.0
535,8.5,0.0
536,8.5,0.0
537,8.5,0.0
538,8.5,0.0
539,8.5,0.0
540,8.5,0.0
541,8.700000000000001,0.0
542,8.700000000000001,0.0
543,8.700000000000001,0.0
544,8.700000000000001,0.0
545,8.700000000000001,0.0
546,8.700000000000001,0.0
547,8.700000000000001,0.0
548,8.700000000000001,0.0
549,8.700000000000001,0.0
550,8.700000000000001,0.0
551,8.700000000000001,0.0
552,8.700000000000001,0.0
553,8.700000000000001,0.0
554,8.700000000000001,0.0
555,8.700000000000001,0.0
556,8.700000000000001,0.0
557,8.700000000000001,0.0
558,8.700000000000001,0.0
559,8.700000000000001,0.0
560,8.700000000000001,0.0
561,8.700000000000001,0.0
562,8.700000000000001,0.0
563,8.700000000000001,0.0
564,8.700000000000001,0.0
565,8.700000000000001,0.0
566,8.700000000000001,0.0
567,9.9,0.0
568,9.9,0.0
569,9.9,0.0
570,9.9,0.0
571,9.9,0.0
572,9.9,0.0
573,9.9,0.0
574,9.9,0.0
575,9.9,0.0
576,9.9,0.0
577,9.9,0.0
578,9.9,0.0
579,9.9,0.0
580,9.9,0.0
581,9.9,0.0
582,9.9,0.0
583,9.9,0.0
584,9.9,0.0
585,9.9,0.0
586,9.9,0.0
587,9.9,0.0
588,9.9,0.0
589,9.9,0.0
590,9.9,0.0
591,9.9,0.0
592,9.9,0.0
593,9.9,0.0
594,9.9,0.0
595,9.9,0.0
596,9.9,0.0
597,9.9,0.0
598,9.9,0.0
599,9.9,0.0
600,9.9,0.0
601,9.9,0.0
602,9.9,0.0
603,9.9,0.0
604,9.9,0.0
605,9.9,0.0
606,9.9,0.0
607,9.9,0.0
608,9.9,0.0
609,9.9,0.0
610,9.9,0.0
611,9.9,0.0
612,9.9,0.0
613,9.9,0.0
614,9.9,0.0
615,9.9,0.0
616,9.9,0.0
617,9.9,0.0
618,9.9,0.0
619,9.9,0.0
620,9.9,0.0
621,9.9,0.0
622,9.9,0.0
623,9.9,0.0
624,9.9,0.0
625,9.9,0.0
626,9.9,0.0
627,9.9,0.0
628,9.9,0.0
629,9.9,0.0
630,9.9,0.0
631,9.9,0.0
632,9.9,0.0
633,9.9,0.0
634,9.9,0.0
635,9.9,0.0
636,9.9,0.0
637,9.9,0.0
638,9.9,0.0
639,9.9,0.0
640,9.9,0.0
641,9.9,0.0
642,9.9,0.0
643,9.9,0.0
644,10.100000000000001,0.0
645,10.100000000000001,0.0
646,10.100000000000001,0.0
647,10.100000000000001,0.0
648,10.100000000000001,0.0
649,10.100000000000001,0.0
650,10.100000000000001,0.0
651,10.100000000000001,0.0
652,10.100000000000001,0.0
653,10.100000000000001,0.0
654,10.100000000000001,0.0
655,10.100000000000001,0.0
656,10.100000000000001,0.0
657,10.100000000000001,0.0
658,10.100000000000001,0.0
659,10.100000000000001,0.0
660,10.100000000000001,0.0
661,10.100000000000001,0.0
662,10.100000000000001,0.0
663,10.100000000000001,0.0
664,10.100000000000001,0.0
665,10.100000000000001,0.0
666,10.100000000000001,0.0
667,10.100000000000001,0.0
668,10.100000000000001,0.0
669,10.100000000000001,0.0
670,10.100000000000001,0.0
671,10.100000000000001,0.0
672,10.100000000000001,0.0
673,10.100000000000001,0.0
674,10.100000000000001,0.0
675,10.100000000000001,0.0
676,10.100000000000001,0.0
677,10.100000000000001,0.0
678,10.100000000000001,0.0
679,10.100000000000001,0.0
680,10.600000000000001,0.0
681,10.600000000000001,0.0
682,10.600000000000001,0.0
683,10.600000000000001,0.0
684,10.600000000000001,0.0
685,10.600000000000001,0.0
686,10.600000000000001,0.0
687,10.600000000000001,0.0
688,10.600000000000001,0.0
689,10.600000000000001,0.0
690,10.600000000000001,0.0
691,10.600000000000001,0.0
692,10.600000000000001,0.0
693,10.600000000000001,0.0
694,10.600000000000001,0.0
695,10.600000000000001,0.0
696,10.600000000000001,0.0
697,10.600000000000001,0.0
698,10.600000000000001,0.0
699,10.600000000000001,0.0
700,10.600000000000001,0.0
701,10.600000000000001,0.0
702,10.600000000000001,0.0
703,10.600000000000001,0.0
704,10.600000000000001,0.0
705,10.600000000000001,0.0
706,10.600000000000001,0.0
707,10.600000000000001,0.0
708,10.600000000000001,0.0
709,10.600000000000001,0.0
710,10.600000000000001,0.0
711,10.600000000000001,0.0
712,10.600000000000001,0.0
713,10.600000000000001,0.0
714,10.600000000000001,0.0
715,10.600000000000001,0.0
716,10.600000000000001,0.0
717,10.600000000000001,0.0
718,10.600000000000001,0.0
719,10.600000000000001,0.0
720,10.600000000000001,0.0
721,10.600000000000001,0.0
722,10.600000000000001,0.0
723,10.600000000000001,0.0
724,10.600000000000001,0.0
725,10.600000000000001,0.0
726,10.600000000000001,0.0
727,10.600000000000001,0.0
728,10.600000000000001,0.0
729,10.600000000000001,0.0
730,10.600000000000001,0.0
731,10.600000000000001,0.0
732,10.600000000000001,0.0
733,10.600000000000001,0.0
734,10.600000000000001,0.0
735,10.600000000000001,0.0
736,10.600000000000001,0.0
737,10.600000000000001,0.0
738,10.600000000000001,0.0
739,10.600000000000001,0.0
740,10.600000000000001,0.0
741,10.600000000000001,0.0
742,10.600000000000001,0.0
743,10.600000000000001,0.0
744,10.600000000000001,0.0
745,10.600000000000001,0.0
746,10.600000000000001,0.0
747,10.600000000000001,0.0
748,10.600000000000001,0.0
749,10.600000000000001,0.0
750,10.600000000000001,0.0
751,10.600000000000001,0.0
752,10.600000000000001,0.0
753,10.600000000000001,0.0
754,10.600000000000001,0.0
755,10.600000000000001,0.0
756,10.600000000000001,0.0
757,10.600000000000001,0.0
758,10.600000000000001,0.0
759,10.600000000000001,0.0
760,10.600000000000001,0.0
761,10.600000000000001,0.0
762,10.600000000000001,0.0
763,10.600000000000001,0.0
764,10.600000000000001,0.0
765,10.600000000000001,0.0
766,10.600000000000001,0.0
767,10.600000000000001,0.0
768,10.600000000000001,0.0
769,10.600000000000001,0.0
770,10.600000000000001,0.0
771,10.600000000000001,0.0
772,10.600000000000001,0.0
773,10.600000000000001,0.0
774,10.600000000000001,0.0
775,10.600000000000001,0.0
776,10.600000000000001,0.0
777,10.600000000000001,0.0
778,10.600000000000001,0.0
779,10.600000000000001,0.0
780,10.600000000000001,0.0
781,10.600000000000001,0.0
782,10.600000000000001,0.0
783,10.600000000000001,0.0
784,10.600000000000001,0.0
785,10.600000000000001,0.0
786,10.600000000000001,0.0
787,10.600000000000001,0.0
788,10.600000000000001,0.0
789,12.0,0.0
790,12.0,0.0
791,12.0,0.0
792,12.0,0.0
793,12.0,0.0
794,12.0,0.0
795,12.0,0.0
796,12.0,0.0
797,12.0,0.0
798,12.0,0.0
799,12.0,0.0
800,12.0,0.0
801,12.0,0.0
802,12.0,0.0
803,12.0,0.0
804,12.0,0.0
805,12.0,0.0
806,12.0,0.0
807,12.0,0.0
808,12.0,0.0
809,12.0,0.0
810,12.0,0.0
811,12.0,0.0
812,12.0,0.0
813,12.0,0.0
814,12.0,0.0
815,12.0,0.0
816,12.0,0.0
817,12.0,0.0
818,12.0,0.0
819,12.0,0.0
820,12.0,0.0
821,12.0,0.0
822,12.0,0.0
823,12.0,0.0
824,12.0,0.0
825,12.0,0.0
826,12.0,0.0
827,12.0,0.0
828,12.0,0.0
829,12.5,0.0
830,12.5,0.0
831,12.5,0.0
832,12.5,0.0
833,12.5,0.0
834,12.5,0.0
835,12.5,0.0
836,12.5,0.0
837,12.5,0.0
838,12.5,0.0
839,12.5,0.0
840,12.5,0.0
841,12.5,0.0
842,12.5,0.0
843,12.5,0.0
844,12.5,0.0
845,12.5,0.0
846,12.5,0.0
847,12.5,0.0
848,12.5,0.0
849,12.5,0.0
850,12.5,0.0
851,12.5,0.0
852,12.5,0.0
853,12.5,0.0
854,12.5,0.0
855,12.5,0.0
856,12.5,0.0
857,12.5,0.0
858,12.5,0.0
859,12.5,0.0
860,12.5,0.0
861,12.5,0.0
862,12.5,0.0
863,12.5,0.0
864,12.5,0.0
865,12.5,0.0
866,12.5,0.0
867,12.5,0.0
868,12.9,0.0
869,12.9,0.0
870,12.9,0.0
871,12.9,0.0
872,12.9,0.0
873,12.9,0.0
874,12.9,0.0
875,12.9,0.0
876,12.9,0.0
877,12.9,0.0
878,12.9,0.0
879,12.9,0.0
880,12.9,0.0
881,12.9,0.0
882,12.9,0.0
883,12.9,0.0
884,12.9,0.0
885,12.9,0.0
886,12.9,0.0
887,12.9,0.0
888,12.9,0.0
889,12.9,0.0
890,12.9,0.0
891,12.9,0.0
892,12.9,0.0
893,12.9,0.0
894,12.9,0.0
895,12.9,0.0
896,12.9,0.0
897,12.9,0.0
898,12.9,0.0
899,12.9,0.0
900,13.0,0.0
901,13.0,0.0
902,13.0,0.0
903,13.0,0.0
904,13.0,0.0
905,13.0,0.0
906,13.0,0.0
907,13.0,0.0
908,13.0,0.0
909,13.0,0.0
910,13.0,0.0
911,13.0,0.0
912,13.0,0.0
913,13.0,0.0
914,13.0,0.0
915,13.0,0.0
916,13.0,0.0
917,13.0,0.0
918,13.0,0.0
919,13.0,0.0
920,13.0,0.0
921,13.0,0.0
922,13.0,0.0
923,13.0,0.0
924,13.0,0.0
925,13.0,0.0
926,13.0,0.0
927,13.0,0.0
928,13.0,0.0
929,13.0,0.0
930,13.0,0.0
931,13.0,0.0
932,13.0,0.0
933,13.0,0.0
934,13.0,0.0
935,13.0,0.0
936,13.0,0.0
937,13.0,0.0
938,13.0,0.0
939,13.0,0.0
940,13.0,0.0
941,13.0,0.0
942,13.0,0.0
943,13.0,0.0
944,13.0,0.0
945,13.0,0.0
946,13.0,0.0
947,13.0,0.0
948,13.0,0.0
949,13.0,0.0
950,13.0,0.0
951,13.0,0.0
952,13.9,0.0
953,13.9,0.0
954,13.9,0.0
955,13.9,0.0
956,13.9,0.0
957,13.9,0.0
958,13.9,0.0
959,13.9,0.0
960,13.9,0.0
961,13.9,0.0
962,13.9,0.0
963,13.9,0.0
964,13.9,0.0
965,13.9,0.0
966,13.9,0.0
967,13.9,0.0
968,13.9,0.0
969,13.9,0.0
970,13.9,0.0
971,13.9,0.0
972,13.9,0.0
973,13.9,0.0
974,13.9,0.0
975,13.9,0.0
976,13.9,0.0
977,13.9,0.0
978,13.9,0.0
979,13.9,0.0
980,13.9,0.0
981,13.9,0.0
982,13.9,0.0
983,13.9,0.0
984,13.9,0.0
985,13.9,0.0
986,13.9,0.0
987,13.9,0.0
988,13.9,0.0
989,13.9,0.0
990,13.9,0.0
991,13.9,0.0
992,13.9,0.0
993,13.9,0.0
994,13.9,0.0
995,13.9,0.0
996,13.9,0.0
997,14.0,0.0
998,14.0,0.0
999,14.0,0.0
1000,14.0,0.0
1001,14.0,0.0
1002,14.0,0.0
1003,14.0,0.0
1004,14.0,0.0
1005,14.0,0.0
1006,14.0,0.0
1007,14.0,0.0
1008,14.0,0.0
1009,14.0,0.0
1010,14.0,0.0
1011,14.0,0.0
1012,14.0,0.0
1013,14.0,0.0
1014,14.0,0.0
1015,14.0,0.0
1016,14.0,0.0
1017,14.0,0.0
1018,14.0,0.0
1019,14.0,0.0
1020,14.0,0.0
1021,14.0,0.0
1022,14.0,0.0
1023,14.0,0.0
1024,14.0,0.0
1025,14.0,0.0
1026,14.0,0.0
1027,14.0,0.0
1028,14.0,0.0
1029,14.0,0.0
1030,14.0,0.0
1031,14.0,0.0
1032,14.0,0.0
1033,14.0,0.0
1034,14.0,0.0
1035,14.0,0.0
1036,14.0,0.0
1037,14.0,0.0
1038,14.0,0.0
1039,14.0,0.0
1040,14.0,0.0
1041,14.0,0.0
1042,14.0,0.0
1043,14.0,0.0
1044,14.0,0.0
1045,14.0,0.0
1046,14.0,0.0
1047,14.0,0.0
1048,14.0,0.0
1049,14.0,0.0
1050,14.0,0.0
1051,14.0,0.0
1052,14.0,0.0
1053,14.0,0.0
1054,14.0,0.0
1055,14.0,0.0
1056,14.0,0.0
1057,14.0,0.0
1058,14.0,0.0
1059,14.0,0.0
1060,14.0,0.0
1061,14.0,0.0
1062,14.0,0.0
1063,14.0,0.0
1064,14.0,0.0
1065,14.0,0.0
1066,14.0,0.0
1067,14.0,0.0
1068,14.0,0.0
1069,14.0,0.0
1070,14.0,0.0
1071,14.0,0.0
1072,14.0,0.0
1073,14.0,0.0
1074,14.0,0.0
1075,14.0,0.0
1076,14.0,0.0
1077,14.0,0.0
1078,14.0,0.0
1079,14.0,0.0
1080,14.0,0.0
1081,14.0,0.0
1082,14.0,0.0
1083,14.0,0.0
1084,14.0,0.0
1085,14.0,0.0
1086,14.0,0.0
1087,14.0,0.0
1088,14.0,0.0
1089,14.0,0.0
1090,14.0,0.0
1091,14.0,0.0
1092,14.0,0.0
1093,14.0,0.0
1094,14.0,0.0
1095,14.0,0.0
1096,14.0,0.0
1097,14.0,0.0
1098,14.0,0.0
1099,14.0,0.0
1100,14.0,0.0
1101,14.0,0.0
1102,14.0,0.0
1103,14.0,0.0
1104,14.0,0.0
1105,14.0,0.0
1106,14.0,0.0
1107,14.0,0.0
1108,14.0,0.0
1109,14.0,0.0
1110,14.0,0.0
1111,14.0,0.0
1112,14.0,0.0
1113,14.0,0.0
1114,14.8,0.0
1115,14.8,0.0
1116,14.8,0.0
1117,14.8,0.0
1118,14.8,0.0
1119,14.8,0.0
1120,14.8,0.0
1121,14.8,0.0
1122,14.8,0.0
1123,14.8,0.0
1124,14.8,0.0
1125,14.8,0.0
1126,14.8,0.0
1127,14.8,0.0
1128,14.8,0.0
1129,14.8,0.0
1130,14.8,0.0
1131,14.8,0.0
1132,14.8,0.0
1133,14.8,0.0
1134,14.8,0.0
1135,14.8,0.0
1136,14.8,0.0
1137,14.8,0.0
1138,14.8,0.0
1139,14.8,0.0
1140,14.8,0.0
1141,14.8,0.0
1142,14.8,0.0
1143,14.8,0.0
1144,14.8,0.0
1145,14.8,0.0
1146,14.8,0.0
1147,14.8,0.0
1148,14.8,0.0
1149,14.8,0.0
1150,14.8,0.0
1151,14.8,0.0
1152,14.8,0.0
1153,14.8,0.0
1154,14.8,0.0
1155,14.8,0.0
1156,14.8,0.0
1157,14.8,0.0
1158,14.8,0.0
1159,14.8,0.0
1160,14.8,0.0
1161,14.8,0.0
1162,15.200000000000001,0.0
1163,15.200000000000001,0.0
1164,15.200000000000001,0.0
1165,15.200000000000001,0.0
1166,15.200000000000001,0.0
1167,15.200000000000001,0.0
1168,15.200000000000001,0.0
1169,15.200000000000001,0.0
1170,15.200000000000001,0.0
1171,15.200000000000001,0.0
1172,15.200000000000001,0.0
1173,15.200000000000001,0.0
1174,15.200000000000001,0.0
1175,15.200000000000001,0.0
1176,15.200000000000001,0.0
1177,15.200000000000001,0.0
1178,15.200000000000001,0.0
1179,15.200000000000001,0.0
1180,15.200000000000001,0.0
1181,15.200000000000001,0.0
1182,15.200000000000001,0.0
1183,15.200000000000001,0.0
1184,15.200000000000001,0.0
1185,15.200000000000001,0.0
1186,15.200000000000001,0.0
1187,15.200000000000001,0.0
1188,15.200000000000001,0.0
1189,15.200000000000001,0.0
1190,15.9,0.0
1191,15.9,0.0
1192,15.9,0.0
1193,15.9,0.0
1194,15.9,0.0
1195,15.9,0.0
1196,15.9,0.0
1197,15.9,0.0
1198,15.9,0.0
1199,15.9,0.0
1200,15.9,0.0
1201,15.9,0.0
1202,15.9,0.0
1203,15.9,0.0
1204,15.9,0.0
1205,15.9,0.0
1206,15.9,0.0
1207,15.9,0.0
1208,15.9,0.0
1209,15.9,0.0
1210,15.9,0.0
1211,15.9,0.0
1212,15.9,0.0
1213,15.9,0.0
1214,15.9,0.0
1215,15.9,0.0
1216,15.9,0.0
1217,15.9,0.0
1218,15.9,0.0
1219,15.9,0.0
1220,15.9,0.0
1221,15.9,0.0
1222,15.9,0.0
1223,15.9,0.0
1224,15.9,0.0
1225,15.9,0.0
1226,15.9,0.0
1227,15.9,0.0
1228,15.9,0.0
1229,15.9,0.0
1230,15.9,0.0
1231,15.9,0.0
1232,15.9,0.0
1233,15.9,0.0
1234,15.9,0.0
1235,15.9,0.0
1236,16.2,0.0
1237,16.2,0.0
1238,16.2,0.0
1239,16.2,0.008888999386734042
1240,16.2,0.028415626605671207
1241,16.2,0.03197752473770343
1242,16.2,0.03197752473770521
1243,16.2,0.046491969568891456
1244,16.2,0.046491969568891456
1245,16.2,0.046491969568891456
1246,16.2,0.046491969568891456
1247,16.2,0.046491969568891456
1248,16.2,0.049380935806262016
1249,16.2,0.049380935806262016
1250,16.2,0.049380935806262016
1251,16.2,0.049380935806262016
1252,16.2,0.07445345001905324
1253,16.2,0.12181780009834142
1254,16.2,0.13197752473770485
1255,16.2,0.13487809324913158
1256,16.2,0.1464919695688911
1257,16.2,0.1464919695688911
1258,16.2,0.1464919695688911
1259,16.2,0.1464919695688911
1260,16.2,0.1464919695688911
1261,16.2,0.14938093580626344
1262,16.2,0.14938093580626344
1263,16.2,0.14938093580626344
1264,16.2,0.14938093580626344
1265,16.2,0.14938093580626344
1266,16.2,0.14938093580626344
1267,16.2,0.14938093580626344
1268,16.2,0.14938093580626344
1269,16.2,0.14938093580626344
1270,16.2,0.17445345001905466
1271,16.2,0.2319775247377045
1272,16.2,0.2319775247377045
1273,16.2,0.2319775247377045
1274,16.2,0.2319775247377045
1275,16.2,0.2744534500190561
1276,16.2,0.28303139796352283
1277,16.2,0.38791208791208476
1278,16.2,0.4319775247377038
1279,16.2,0.4319775247377038
1280,16.2,0.4319775247377038
1281,17.8,0.43197752473770556
1282,17.8,0.43487809324912874
1283,17.8,0.4464919695688918
1284,17.8,0.4852783717037097
1285,17.8,0.4879120879120826
1286,17.8,0.4879120879120826
1287,17.8,0.508888999386734
1288,17.8,0.5359339001872883
1289,17.8,0.5464919695688915
1290,17.8,0.5464919695688915
1291,17.8,0.5464919695688915
1292,17.8,0.549380935806262
1293,17.8,0.549380935806262
1294,17.8,0.549380935806262
1295,17.8,0.549380935806262
1296,17.8,0.5744534500190532
1297,17.8,0.5782822004541437
1298,17.8,0.5782822004541437
1299,17.8,0.587912087912084
1300,17.8,0.6319775247377049
1301,17.8,0.6319775247377049
1302,17.8,0.6464919695688911
1303,17.8,0.6464919695688911
1304,17.8,0.6493809358062634
1305,17.8,0.6493809358062634
1306,17.8,0.7319775247377045
1307,17.8,0.7319775247377045
1308,17.8,0.7464919695688916
1309,17.8,0.7464919695688916
1310,17.8,0.7464919695688916
1311,17.8,0.7464919695688916
1312,17.8,0.7464919695688916
1313,17.8,0.7464919695688916
1314,17.8,0.7493809358062649
1315,17.8,0.7493809358062649
1316,17.8,0.7493809358062649
1317,19.1,0.7493809358062649
1318,19.1,0.7493809358062649
1319,19.1,0.7493809358062649
1320,19.1,0.759150050552762
1321,19.1,0.7744534500190561
1322,19.1,0.7744534500190561
1323,19.1,0.7744534500190561
1324,19.1,0.7879120879120833
1325,19.1,0.8319775247377059
1326,19.1,0.8464919695688913
1327,19.1,0.8744534500190575
1328,19.1,0.8879120879120883
1329,19.1,0.9050602489516493
1330,19.1,0.9088889993867326
1331,19.1,0.9319775247377038
1332,19.1,0.9319775247377038
1333,19.1,0.9319775247377038
1334,19.1,0.9319775247377038
1335,19.1,0.9319775247377038
1336,19.1,0.9319775247377038
1337,19.1,0.9744534500190518
1338,19.1,1.0464919695688915
1339,19.1,1.049380935806262
1340,19.1,1.049380935806262
1341,19.1,1.0744534500190532
1342,19.1,1.0744534500190532
1343,19.1,1.0744534500190532
1344,19.1,1.0744534500190568
1345,19.1,1.0744534500190568
1346,19.1,1.0770987685014823
1347,19.1,1.089629224470853
1348,19.1,1.1319775247377049
1349,19.1,1.1319775247377049
1350,19.1,1.1319775247377049
1351,19.1,1.1319775247377049
1352,19.1,1.1319775247377049
1353,19.1,1.1319775247377049
1354,19.1,1.1319775247377049
1355,19.1,1.1319775247377049
1356,19.1,1.1319775247377049
1357,19.1,1.134878093249128
1358,19.1,1.134878093249128
1359,19.1,1.1493809358062634
1360,19.1,1.1493809358062634
1361,19.1,1.1493809358062634
1362,19.1,1.1493809358062634
1363,19.1,1.1744534500190547
1364,19.1,1.1744534500190547
1365,19.1,1.2359339001872875
1366,19.1,1.2464919695688916
1367,19.1,1.2464919695688916
1368,19.1,1.2464919695688916
1369,19.1,1.2464919695688916
1370,19.1,1.2493809358062649
1371,19.1,1.2493809358062649
1372,19.1,1.2744534500190525
1373,19.1,1.2744534500190525
1374,19.1,1.2744534500190525
1375,19.1,1.2852783717037104
1376,19.1,1.2879120879120833
1377,19.1,1.3348780932491273
1378,19.1,1.3348780932491309
1379,19.1,1.3493809358062663
1380,19.1,1.3493809358062663
1381,19.1,1.3493809358062663
1382,19.1,1.3493809358062663
1383,19.1,1.3493809358062663
1384,19.1,1.3879120879120848
1385,19.1,1.4319775247377038
1386,19.1,1.4348780932491287
1387,19.1,1.4464919695688918
1388,19.1,1.4493809358062606
1389,19.1,1.4493809358062606
1390,19.1,1.4493809358062606
1391,19.1,1.4493809358062606
1392,19.1,1.5348780932491302
1393,19.1,1.5359339001872883
1394,19.1,1.549380935806262
1395,19.1,1.549380935806262
1396,19.1,1.549380935806262
1397,19.1,1.549380935806262
1398,19.1,1.549380935806262
1399,19.1,1.5744534500190532
1400,19.1,1.5744534500190532
1401,19.1,1.608888999386732
1402,19.1,1.6319775247377049
1403,19.1,1.634878093249128
1404,19.1,1.646491969568891
1405,19.1,1.646491969568891
1406,19.1,1.646491969568891
1407,19.1,1.646491969568891
1408,19.1,1.6493809358062634
1409,19.1,1.6493809358062634
1410,19.1,1.6493809358062634
1411,19.1,1.6493809358062634
1412,19.1,1.6744534500190547
1413,19.1,1.6744534500190547
1414,19.1,1.7464919695688916
1415,19.1,1.7744534500190525
1416,19.1,1.774453450019056
1417,19.1,1.774453450019056
1418,19.1,1.774453450019056
1419,19.1,1.774453450019056
1420,19.1,1.774453450019056
1421,19.1,1.774453450019056
1422,19.1,1.774453450019056
1423,19.1,1.774453450019056
1424,19.1,1.774453450019056
1425,19.1,1.787912087912087
1426,19.1,1.8464919695688922
1427,19.1,1.8591500505527598
1428,19.1,1.874453450019054
1429,19.1,1.9319775247377038
1430,19.1,1.9319775247377038
1431,19.1,1.9464919695688918
1432,19.1,1.9573052889794944
1433,19.1,1.9603373499301036
1434,19.1,1.9744534500190518
1435,19.1,1.9744534500190554
1436,19.1,1.9744534500190554
1437,19.1,1.9744534500190554
1438,19.1,1.9744534500190554
1439,19.5,1.9879120879120826
1440,19.5,2.008888999386734
1441,19.5,2.008888999386734
1442,19.5,2.0319775247377034
1443,19.5,2.03487809324913
1444,19.5,2.0464919695688915
1445,19.5,2.108888999386732
1446,19.5,2.131977524737703
1447,19.5,2.146491969568891
1448,19.5,2.146491969568891
1449,19.5,2.1493809358062634
1450,19.5,2.1493809358062634
1451,19.5,2.1493809358062634
1452,19.5,2.1493809358062634
1453,19.5,2.1493809358062634
1454,19.5,2.1493809358062634
1455,19.5,2.1493809358062634
1456,19.5,2.1493809358062634
1457,19.5,2.2319775247377045
1458,19.5,2.2319775247377045
1459,19.5,2.2319775247377045
1460,19.5,2.274453450019056
1461,19.5,2.2879120879120833
1462,19.5,2.308888999386731
1463,19.5,2.331977524737706
1464,19.5,2.331977524737706
1465,19.5,2.331977524737706
1466,19.5,2.360337349930102
1467,19.5,2.374453450019054
1468,19.5,2.3744534500190575
1469,19.5,2.4088889993867326
1470,19.5,2.435933900187287
1471,19.5,2.446491969568892
1472,19.5,2.4493809358062606
1473,19.5,2.4493809358062677
1474,19.5,2.4493809358062677
1475,19.5,2.474453450019052
1476,19.5,2.474453450019052
1477,19.5,2.501498350819613
1478,19.5,2.5319775247377034
1479,19.700000000000003,2.531977524737705
1480,19.700000000000003,2.5744534500190532
1481,19.700000000000003,2.5744534500190532
1482,19.700000000000003,2.6359339001872897
1483,19.700000000000003,2.646491969568892
1484,19.700000000000003,2.6493809358062634
1485,19.700000000000003,2.6493809358062634
1486,19.700000000000003,2.6493809358062634
1487,19.700000000000003,2.6493809358062634
1488,19.700000000000003,2.7088889993867333
1489,19.700000000000003,2.7348780932491294
1490,19.700000000000003,2.7348780932491294
1491,19.700000000000003,2.7493809358062578
1492,19.700000000000003,2.7744534500190525
1493,19.700000000000003,2.774453450019056
1494,19.700000000000003,2.774453450019056
1495,19.700000000000003,2.787912087912087
1496,19.700000000000003,2.787912087912087
1497,19.700000000000003,2.787912087912087
1498,19.700000000000003,2.831977524737706
1499,19.700000000000003,2.8348780932491273
1500,19.700000000000003,2.8493809358062663
1501,19.700000000000003,2.8493809358062663
1502,19.700000000000003,2.8493809358062663
1503,19.700000000000003,2.874453450019054
1504,19.700000000000003,2.874453450019054
1505,19.700000000000003,2.874453450019054
1506,19.700000000000003,2.8744534500190575
1507,19.700000000000003,2.8744534500190575
1508,19.700000000000003,2.9319775247377056
1509,19.700000000000003,2.9319775247377056
1510,19.700000000000003,2.9348780932491287
1511,19.700000000000003,2.9744534500190554
1512,19.700000000000003,2.9889678948502443
1513,19.700000000000003,3.008888999386734
1514,19.700000000000003,3.0319775247377034
1515,19.700000000000003,3.0464919695688915
1516,19.700000000000003,3.0744534500190532
1517,19.700000000000003,3.0744534500190532
1518,19.700000000000003,3.0744534500190532
1519,19.700000000000003,3.134878093249128
1520,19.700000000000003,3.1744534500190547
1521,19.700000000000003,3.208888999386737
1522,19.700000000000003,3.2573052889794916
1523,19.700000000000003,3.2744534500190525
1524,19.700000000000003,3.287912087912087
1525,19.700000000000003,3.287912087912087
1526,19.700000000000003,3.3493809358062663
1527,19.700000000000003,3.3493809358062663
1528,19.700000000000003,3.3493809358062663
1529,19.700000000000003,3.374453450019054
1530,19.700000000000003,3.374453450019054
1531,19.700000000000003,3.374453450019054
1532,19.700000000000003,3.3744534500190575
1533,19.700000000000003,3.3744534500190575
1534,19.700000000000003,3.3879120879120848
1535,19.700000000000003,3.4088889993867326
1536,19.700000000000003,3.4088889993867326
1537,19.700000000000003,3.4348780932491287
1538,19.700000000000003,3.4348780932491287
1539,19.700000000000003,3.4348780932491287
1540,19.700000000000003,3.4744534500190554
1541,19.700000000000003,3.487912087912086
1542,19.700000000000003,3.5359339001872883
1543,19.700000000000003,3.5359339001872883
1544,19.700000000000003,3.549380935806262
1545,19.700000000000003,3.6348780932491316
1546,19.700000000000003,3.6348780932491316
1547,19.700000000000003,3.6493809358062634
1548,19.700000000000003,3.6493809358062634
1549,19.700000000000003,3.6493809358062634
1550,19.700000000000003,3.6889678948502436
1551,19.700000000000003,3.7088889993867333
1552,19.700000000000003,3.7319775247377045
1553,19.700000000000003,3.7319775247377045
1554,19.700000000000003,3.7464919695688907
1555,19.700000000000003,3.774453450019056
1556,19.700000000000003,3.774453450019056
1557,19.700000000000003,3.774453450019056
1558,19.700000000000003,3.808888999386731
1559,19.700000000000003,3.834878093249131
1560,19.700000000000003,3.834878093249131
1561,19.700000000000003,3.835933900187289
1562,19.700000000000003,3.846491969568892
1563,19.700000000000003,3.846491969568892
1564,19.700000000000003,3.846491969568892
1565,19.700000000000003,3.8493809358062663
1566,19.700000000000003,3.874453450019054
1567,19.700000000000003,3.874453450019054
1568,19.700000000000003,3.8744534500190575
1569,19.700000000000003,3.8889678948502464
1570,19.700000000000003,3.9088889993867326
1571,19.700000000000003,3.9088889993867326
1572,19.700000000000003,3.931977524737704
1573,19.700000000000003,3.931977524737704
1574,19.700000000000003,3.931977524737704
1575,19.700000000000003,3.931977524737704
1576,19.700000000000003,3.931977524737704
1577,19.700000000000003,3.974453450019052
1578,19.700000000000003,3.974453450019052
1579,19.700000000000003,3.9744534500190554
1580,19.700000000000003,3.977098768501482
1581,19.700000000000003,4.031977524737705
1582,19.700000000000003,4.031977524737705
1583,19.700000000000003,4.035933900187288
1584,19.700000000000003,4.0464919695688915
1585,19.700000000000003,4.074453450019053
1586,19.700000000000003,4.074453450019053
1587,19.700000000000003,4.074453450019053
1588,19.700000000000003,4.087912087912084
1589,19.700000000000003,4.134878093249132
1590,19.700000000000003,4.134878093249132
1591,19.700000000000003,4.149380935806263
1592,19.700000000000003,4.149380935806263
1593,19.700000000000003,4.1879120879120855
1594,19.700000000000003,4.2319775247377045
1595,19.700000000000003,4.2744534500190525
1596,19.700000000000003,4.274453450019056
1597,19.700000000000003,4.274453450019056
1598,19.700000000000003,4.287912087912087
1599,19.700000000000003,4.308888999386731
1600,19.700000000000003,4.346491969568892
1601,19.700000000000003,4.362584323670294
1602,19.700000000000003,4.387912087912088
1603,19.700000000000003,4.431977524737704
1604,19.700000000000003,4.474453450019052
1605,19.700000000000003,4.474453450019055
1606,19.700000000000003,4.474453450019055
1607,19.700000000000003,4.474453450019055
1608,19.700000000000003,4.474453450019055
1609,19.700000000000003,4.474453450019055
1610,19.700000000000003,4.474453450019059
1611,19.700000000000003,4.508888999386734
1612,19.700000000000003,4.508888999386734
1613,19.700000000000003,4.520761993160178
1614,19.700000000000003,4.531977524737705
1615,19.700000000000003,4.531977524737705
1616,19.700000000000003,4.531977524737705
1617,19.700000000000003,4.531977524737705
1618,19.700000000000003,4.53487809324913
1619,19.700000000000003,4.549380935806269
1620,19.700000000000003,4.549380935806269
1621,19.700000000000003,4.549380935806269
1622,20.5,4.549380935806269
1623,20.5,4.557305288979492
1624,20.5,4.601370725805111
1625,20.5,4.646491969568891
1626,20.5,4.646491969568891
1627,20.5,4.649380935806263
1628,20.5,4.649380935806263
1629,20.5,4.649380935806263
1630,20.5,4.649380935806263
1631,20.5,4.6879120879120855
1632,20.5,4.6879120879120855
1633,20.5,4.708888999386733
1634,20.5,4.746491969568891
1635,20.5,4.749380935806258
1636,20.5,4.749380935806258
1637,20.5,4.749380935806258
1638,20.5,4.834878093249127
1639,20.5,4.846491969568892
1640,20.5,4.846491969568892
1641,20.5,4.846491969568892
1642,20.5,4.849380935806266
1643,20.5,4.849380935806266
1644,20.5,4.849380935806266
1645,20.5,4.849380935806266
1646,20.5,4.874453450019054
1647,20.5,4.874453450019054
1648,20.5,4.874453450019054
1649,20.5,4.874453450019054
1650,20.5,4.874453450019054
1651,20.5,4.887912087912085
1652,20.5,4.93593390018729
1653,20.5,4.949380935806261
1654,20.5,4.949380935806261
1655,20.5,5.031977524737705
1656,20.5,5.03487809324913
1657,20.5,5.066540699119884
1658,20.5,5.074453450019053
1659,20.5,5.074453450019053
1660,20.5,5.074453450019057
1661,20.5,5.131977524737703
1662,20.5,5.131977524737703
1663,20.5,5.131977524737707
1664,20.5,5.131977524737707
1665,20.5,5.131977524737707
1666,20.5,5.150715197321532
1667,20.5,5.208888999386733
1668,20.5,5.2348780932491294
1669,20.5,5.234878093249133
1670,20.5,5.274453450019056
1671,20.5,5.274453450019056
1672,20.5,5.274453450019056
1673,20.5,5.274453450019056
1674,20.5,5.331977524737702
1675,20.5,5.331977524737702
1676,20.5,5.331977524737702
1677,20.5,5.431977524737704
1678,20.5,5.431977524737704
1679,20.5,5.431977524737704
1680,20.5,5.446491969568892
1681,20.5,5.446491969568892
1682,20.5,5.449380935806261
1683,20.5,5.449380935806261
1684,20.5,5.449380935806261
1685,20.5,5.449380935806261
1686,20.5,5.449380935806261
1687,20.5,5.474453450019052
1688,20.5,5.474453450019055
1689,20.5,5.474453450019055
1690,20.5,5.531977524737705
1691,20.5,5.531977524737705
1692,20.5,5.53487809324913
1693,20.5,5.559150050552763
1694,20.5,5.587912087912084
1695,20.5,5.595569588782258
1696,20.5,5.774453450019056
1697,20.5,5.787912087912087
1698,20.5,5.831977524737702
1699,20.5,5.8744534500190575
1700,20.5,5.946491969568892
1701,20.5,5.974453450019052
1702,20.5,6.008888999386734
1703,20.5,6.03487809324913
1704,20.5,6.035933900187292
1705,20.5,6.087912087912084
1706,20.5,6.087912087912084
1707,20.5,6.1088889993867355
1708,20.5,6.131977524737703
1709,20.5,6.131977524737703
1710,20.5,6.149380935806263
1711,20.5,6.149380935806263
1712,20.5,6.149380935806263
1713,20.5,6.149380935806263
1714,20.5,6.149380935806263
1715,20.5,6.174453450019055
1716,20.6,6.174453450019055
1717,20.6,6.174453450019055
1718,20.6,6.1879120879120855
1719,20.6,6.2319775247377045
1720,20.6,6.2464919695688925
1721,20.6,6.2744534500190525
1722,20.6,6.331977524737702
1723,20.6,6.331977524737702
1724,20.6,6.331977524737706
1725,20.6,6.331977524737706
1726,20.6,6.3359339001872925
1727,20.6,6.346491969568892
1728,20.6,6.349380935806266
1729,20.6,6.374453450019054
1730,20.6,6.3744534500190575
1731,20.6,6.387912087912085
1732,20.6,6.431977524737704
1733,20.6,6.431977524737704
1734,20.6,6.531977524737705
1735,20.6,6.53487809324913
1736,20.6,6.574453450019053
1737,20.6,6.574453450019053
1738,20.6,6.574453450019053
1739,20.6,6.5770987685014815
1740,20.6,6.62076199316018
1741,20.6,6.63593390018729
1742,20.6,6.646491969568891
1743,20.6,6.646491969568891
1744,20.6,6.646491969568893
1745,20.6,6.646491969568893
1746,20.6,6.649380935806263
1747,20.6,6.674453450019055
1748,20.6,6.674453450019055
1749,20.6,6.731977524737708
1750,20.6,6.7348780932491294
1751,20.6,6.749380935806265
1752,20.6,6.749380935806265
1753,20.6,6.749380935806265
1754,20.6,6.749380935806265
1755,20.6,6.749380935806265
1756,20.6,6.749380935806265
1757,20.6,6.749380935806265
1758,20.6,6.749380935806265
1759,20.6,6.791729236073117
1760,20.6,6.808888999386731
1761,20.6,6.835933900187289
1762,20.6,6.849380935806259
1763,21.200000000000003,6.849380935806259
1764,21.200000000000003,6.849380935806259
1765,21.200000000000003,6.849380935806259
1766,21.200000000000003,6.878282200454148
1767,21.200000000000003,6.878282200454148
1768,21.200000000000003,6.920761993160177
1769,21.200000000000003,6.946491969568892
1770,21.200000000000003,6.949380935806261
1771,21.200000000000003,6.949380935806261
1772,21.200000000000003,6.949380935806261
1773,21.200000000000003,6.949380935806261
1774,21.200000000000003,6.988967894850244
1775,21.200000000000003,7.008888999386734
1776,21.200000000000003,7.031977524737705
1777,21.200000000000003,7.031977524737705
1778,21.200000000000003,7.074453450019053
1779,21.200000000000003,7.074453450019053
1780,21.200000000000003,7.087912087912084
1781,21.200000000000003,7.146491969568891
1782,21.200000000000003,7.146491969568893
1783,21.200000000000003,7.174453450019055
1784,21.200000000000003,7.174453450019055
1785,21.200000000000003,7.174453450019055
1786,21.200000000000003,7.2284156266056705
1787,21.200000000000003,7.2319775247377045
1788,21.200000000000003,7.2319775247377045
1789,21.200000000000003,7.2319775247377045
1790,21.200000000000003,7.2319775247377045
1791,21.200000000000003,7.2348780932491294
1792,21.200000000000003,7.2348780932491294
1793,21.200000000000003,7.2348780932491294
1794,21.200000000000003,7.249380935806265
1795,21.200000000000003,7.249380935806265
1796,21.200000000000003,7.249380935806265
1797,21.200000000000003,7.349380935806266
1798,21.200000000000003,7.349380935806266
1799,21.200000000000003,7.349380935806266
1800,21.200000000000003,7.349380935806266
1801,21.200000000000003,7.349380935806266
1802,21.200000000000003,7.349380935806266
1803,21.200000000000003,7.349380935806266
1804,21.200000000000003,7.349380935806266
1805,21.200000000000003,7.349380935806266
1806,21.200000000000003,7.349380935806266
1807,21.200000000000003,7.349380935806266
1808,21.200000000000003,7.349380935806266
1809,21.400000000000002,7.349380935806266
1810,21.400000000000002,7.349380935806266
1811,21.400000000000002,7.365484892181723
1812,21.400000000000002,7.408888999386733
1813,21.400000000000002,7.431977524737704
1814,21.400000000000002,7.431977524737704
1815,21.400000000000002,7.531977524737705
1816,21.400000000000002,7.531977524737705
1817,21.400000000000002,7.535933900187288
1818,21.400000000000002,7.5464919695688915
1819,21.400000000000002,7.5464919695688915
1820,21.400000000000002,7.546491969568893
1821,21.400000000000002,7.549380935806262
1822,21.400000000000002,7.549380935806262
1823,21.400000000000002,7.549380935806262
1824,21.400000000000002,7.549380935806262
1825,21.400000000000002,7.549380935806262
1826,21.400000000000002,7.549380935806262
1827,21.400000000000002,7.549380935806262
1828,21.400000000000002,7.549380935806262
1829,21.400000000000002,7.557305288979492
1830,21.400000000000002,7.574453450019053
1831,21.400000000000002,7.574453450019053
1832,21.400000000000002,7.574453450019057
1833,21.400000000000002,7.589629224470851
1834,21.400000000000002,7.631977524737703
1835,21.400000000000002,7.631977524737703
1836,21.400000000000002,7.631977524737703
1837,21.400000000000002,7.631977524737707
1838,21.400000000000002,7.634878093249132
1839,21.400000000000002,7.63593390018729
1840,21.400000000000002,7.7319775247377045
1841,21.400000000000002,7.7464919695688925
1842,21.400000000000002,7.7464919695688925
1843,21.400000000000002,7.787912087912083
1844,21.400000000000002,7.787912087912087
1845,21.400000000000002,7.787912087912087
1846,21.400000000000002,7.834878093249131
1847,21.400000000000002,7.849380935806266
1848,21.400000000000002,7.849380935806266
1849,21.400000000000002,7.849380935806266
1850,21.400000000000002,7.849380935806266
1851,21.400000000000002,7.849380935806266
1852,21.400000000000002,7.849380935806266
1853,21.400000000000002,7.874453450019054
1854,21.400000000000002,7.874453450019054
1855,21.400000000000002,7.8744534500190575
1856,21.400000000000002,7.8744534500190575
1857,21.400000000000002,7.934878093249129
1858,23.1,7.946491969568894
1859,23.1,7.946491969568894
1860,23.1,7.960337349930104
1861,23.1,8.03487809324913
1862,23.1,8.03487809324913
1863,23.1,8.03487809324913
1864,23.1,8.049380935806262
1865,23.1,8.049380935806262
1866,23.1,8.074453450019053
1867,23.1,8.074453450019053
1868,23.1,8.087912087912084
1869,23.1,8.108888999386735
1870,23.1,8.131977524737703
1871,23.1,8.131977524737703
1872,23.1,8.13593390018729
1873,23.1,8.149380935806263
1874,23.1,8.149380935806263
1875,23.1,8.149380935806263
1876,23.1,8.149380935806263
1877,23.1,8.149380935806263
1878,23.1,8.149380935806263
1879,23.1,8.149380935806263
1880,23.1,8.149380935806263
1881,23.1,8.149380935806263
1882,23.1,8.166540699119881
1883,23.1,8.188967894850247
1884,23.1,8.246491969568893
1885,23.1,8.249380935806258
1886,23.1,8.249380935806265
1887,23.1,8.249380935806265
1888,23.1,8.331977524737702
1889,23.1,8.331977524737702
1890,23.1,8.331977524737706
1891,23.1,8.346491969568891
1892,23.1,8.387912087912085
1893,23.1,8.387912087912085
1894,23.1,8.431977524737704
1895,23.1,8.431977524737704
1896,23.1,8.431977524737704
1897,23.1,8.431977524737704
1898,23.1,8.44938093580626
1899,23.1,8.44938093580626
1900,23.1,8.44938093580626
1901,23.1,8.44938093580626
1902,23.1,8.44938093580626
1903,23.1,8.44938093580626
1904,23.1,8.44938093580626
1905,23.1,8.462584323670292
1906,23.1,8.508888999386734
1907,23.1,8.508888999386734
1908,23.1,8.521817800098344
1909,23.1,8.531977524737705
1910,23.1,8.531977524737705
1911,23.1,8.53487809324913
1912,23.1,8.535933900187288
1913,23.1,8.631977524737703
1914,23.1,8.631977524737707
1915,23.1,8.631977524737707
1916,23.1,8.631977524737707
1917,23.1,8.634878093249132
1918,23.1,8.63593390018729
1919,23.1,8.649380935806263
1920,23.1,8.649380935806263
1921,23.1,8.649380935806263
1922,23.1,8.649380935806263
1923,23.1,8.649380935806263
1924,23.1,8.649380935806263
1925,23.1,8.649380935806263
1926,23.1,8.649380935806263
1927,23.1,8.649380935806263
1928,23.1,8.660337349930103
1929,23.1,8.674453450019055
1930,23.1,8.674453450019055
1931,23.1,8.731977524737704
1932,23.1,8.735933900187291
1933,23.700000000000003,8.746491969568893
1934,23.700000000000003,8.749380935806265
1935,23.700000000000003,8.749380935806265
1936,23.700000000000003,8.749380935806265
1937,23.700000000000003,8.831977524737706
1938,23.700000000000003,8.83487809324913
1939,23.700000000000003,8.849380935806266
1940,23.700000000000003,8.849380935806266
1941,23.700000000000003,8.849380935806266
1942,23.700000000000003,8.849380935806266
1943,23.700000000000003,8.849380935806266
1944,23.700000000000003,8.849380935806266
1945,23.700000000000003,8.849380935806266
1946,23.700000000000003,8.849380935806266
1947,23.700000000000003,8.849380935806266
1948,23.700000000000003,8.849380935806266
1949,23.700000000000003,8.849380935806266
1950,23.700000000000003,8.849380935806266
1951,23.700000000000003,8.849380935806266
1952,23.700000000000003,8.849380935806266
1953,23.700000000000003,8.849380935806266
1954,23.700000000000003,8.849380935806266
1955,23.700000000000003,8.887912087912085
1956,23.700000000000003,8.887912087912085
1957,23.700000000000003,8.931977524737704
1958,23.700000000000003,8.931977524737704
1959,23.700000000000003,8.94938093580626
1960,23.700000000000003,8.94938093580626
1961,23.700000000000003,8.94938093580626
1962,23.700000000000003,8.94938093580626
1963,23.700000000000003,8.94938093580626
1964,23.700000000000003,9.031977524737705
1965,23.700000000000003,9.03487809324913
1966,23.700000000000003,9.035933900187288
1967,23.700000000000003,9.049380935806262
1968,23.700000000000003,9.049380935806262
1969,23.700000000000003,9.049380935806262
1970,23.700000000000003,9.049380935806262
1971,23.700000000000003,9.049380935806262
1972,23.700000000000003,9.049380935806262
1973,23.700000000000003,9.049380935806262
1974,23.700000000000003,9.049380935806262
1975,23.700000000000003,9.04938093580627
1976,23.700000000000003,9.04938093580627
1977,23.700000000000003,9.04938093580627
1978,23.700000000000003,9.04938093580627
1979,23.700000000000003,9.074453450019053
1980,23.700000000000003,9.074453450019053
1981,23.700000000000003,9.074453450019053
1982,23.700000000000003,9.074453450019053
1983,23.700000000000003,9.074453450019053
1984,23.700000000000003,9.074453450019053
1985,23.700000000000003,9.087912087912088
1986,23.700000000000003,9.12076199316018
1987,23.700000000000003,9.13593390018729
1988,23.700000000000003,9.174453450019055
1989,23.700000000000003,9.174453450019055
1990,23.700000000000003,9.23487809324913
1991,23.700000000000003,9.249380935806265
1992,23.700000000000003,9.249380935806265
1993,23.700000000000003,9.331977524737706
1994,23.700000000000003,9.33487809324913
1995,23.700000000000003,9.383031397963524
1996,23.700000000000003,9.387912087912088
1997,23.700000000000003,9.434878093249129
1998,23.700000000000003,9.446491969568893
1999,23.700000000000003,9.44938093580626
2000,23.700000000000003,9.44938093580626
2001,23.700000000000003,9.44938093580626
2002,23.700000000000003,9.44938093580626
2003,23.700000000000003,9.44938093580626
2004,23.700000000000003,9.44938093580626
2005,23.700000000000003,9.477098768501481
2006,23.700000000000003,9.489629224470853
2007,25.3,9.531977524737705
2008,25.3,9.549380935806262
2009,25.3,9.574453450019053
2010,25.3,9.574453450019053
2011,25.3,9.608888999386735
2012,25.3,9.608888999386735
2013,25.3,9.608888999386735
2014,25.3,9.631977524737707
2015,25.3,9.631977524737707
2016,25.3,9.63593390018729
2017,25.3,9.649380935806263
2018,25.3,9.649380935806263
2019,25.3,9.649380935806263
2020,25.3,9.649380935806263
2021,25.3,9.649380935806263
2022,25.3,9.649380935806263
2023,25.3,9.649380935806263
2024,25.3,9.649380935806263
2025,25.3,9.649380935806263
2026,25.3,9.649380935806263
2027,25.3,9.657305288979494
2028,25.3,9.666540699119885
2029,25.3,9.674453450019055
2030,25.3,9.674453450019055
2031,25.3,9.674453450019055
2032,25.3,9.674453450019055
2033,25.3,9.674453450019055
2034,25.3,9.708888999386733
2035,25.3,9.73487809324913
2036,25.3,9.735933900187288
2037,25.3,9.749380935806265
2038,25.3,9.749380935806265
2039,25.3,9.749380935806265
2040,25.3,9.749380935806265
2041,25.3,9.749380935806265
2042,25.3,9.749380935806265
2043,25.3,9.774453450019056
2044,25.3,9.774453450019056
2045,25.3,9.774453450019056
2046,25.3,9.774453450019056
2047,25.3,9.774453450019056
2048,25.3,9.774453450019056
2049,25.3,9.787912087912087
2050,25.3,9.787912087912087
2051,25.3,9.791729236073117
2052,25.3,9.849380935806266
2053,25.3,9.849380935806266
2054,25.3,9.849380935806266
2055,25.3,9.849380935806266
2056,25.3,9.849380935806266
2057,25.3,9.849380935806266
2058,25.3,9.865484892181723
2059,25.3,9.874453450019057
2060,25.3,9.905327101254702
2061,25.3,9.934878093249129
2062,25.3,9.934878093249129
2063,25.3,9.974453450019059
2064,25.3,9.987912087912083
2065,25.3,9.987912087912086
2066,25.3,9.98791208791209
2067,25.3,10.008888999386734
2068,25.3,10.031977524737705
2069,25.3,10.03487809324913
2070,25.3,10.046491969568894
2071,25.3,10.074453450019053
2072,25.3,10.074453450019053
2073,25.3,10.074453450019053
2074,25.3,10.131977524737707
2075,25.3,10.131977524737707
2076,25.3,10.146491969568892
2077,26.5,10.146491969568892
2078,26.5,10.23487809324913
2079,26.5,10.235933900187291
2080,26.5,10.287912087912083
2081,26.5,10.287912087912083
2082,26.5,10.288967894850245
2083,26.5,10.308888999386731
2084,26.5,10.34938093580626
2085,26.5,10.34938093580626
2086,26.5,10.34938093580626
2087,26.5,10.34938093580626
2088,26.5,10.34938093580626
2089,26.5,10.34938093580626
2090,26.5,10.374453450019057
2091,26.5,10.374453450019057
2092,26.5,10.374453450019057
2093,26.5,10.374453450019057
2094,26.5,10.408888999386733
2095,26.5,10.431977524737704
2096,26.5,10.431977524737704
2097,26.5,10.435933900187287
2098,26.5,10.474453450019052
2099,26.5,10.520761993160178
2100,26.5,10.53487809324913
2101,26.5,10.574453450019053
2102,26.5,10.574453450019053
2103,26.5,10.574453450019053
2104,26.5,10.574453450019053
2105,26.5,10.574453450019053
2106,26.5,10.574453450019053
2107,26.5,10.608888999386732
2108,26.5,10.674453450019055
2109,26.5,10.674453450019055
2110,26.5,10.734878093249133
2111,26.5,10.749380935806265
2112,26.5,10.749380935806265
2113,26.5,10.749380935806265
2114,26.5,10.749380935806265
2115,26.5,10.749380935806265
2116,26.5,10.749380935806265
2117,26.5,10.749380935806265
2118,26.5,10.749380935806265
2119,26.5,10.749380935806265
2120,26.5,10.774453450019056
2121,26.5,10.774453450019056
2122,26.5,10.831977524737702
2123,26.5,10.831977524737702
2124,26.5,10.846491969568891
2125,26.5,10.846491969568891
2126,26.5,10.849380935806266
2127,26.5,10.849380935806266
2128,26.5,10.874453450019057
2129,26.5,10.931977524737704
2130,29.700000000000003,10.94938093580626
2131,29.700000000000003,10.94938093580626
2132,29.700000000000003,10.94938093580626
2133,29.700000000000003,10.94938093580626
2134,29.700000000000003,10.94938093580626
2135,29.700000000000003,10.94938093580626
2136,29.700000000000003,10.974453450019059
2137,29.700000000000003,11.031977524737705
2138,29.700000000000003,11.031977524737705
2139,29.700000000000003,11.031977524737705
2140,29.700000000000003,11.035933900187292
2141,29.700000000000003,11.049380935806262
2142,29.700000000000003,11.049380935806262
2143,29.700000000000003,11.049380935806262
2144,29.700000000000003,11.049380935806262
2145,29.700000000000003,11.074453450019053
2146,29.700000000000003,11.149380935806263
2147,29.700000000000003,11.149380935806263
2148,29.700000000000003,11.149380935806263
2149,29.700000000000003,11.149380935806263
2150,29.700000000000003,11.149380935806263
2151,29.700000000000003,11.210339283642448
2152,29.700000000000003,11.274453450019056
2153,29.700000000000003,11.334878093249127
2154,29.700000000000003,11.334878093249127
2155,29.700000000000003,11.349380935806266
2156,29.700000000000003,11.349380935806266
2157,29.700000000000003,11.360337349930099
2158,29.700000000000003,11.37445345001905
2159,29.700000000000003,11.37445345001905
2160,29.700000000000003,11.37445345001905
2161,29.700000000000003,11.37445345001905
2162,29.700000000000003,11.37445345001905
2163,29.700000000000003,11.431977524737704
2164,29.700000000000003,11.487912087912086
2165,29.700000000000003,11.608888999386735
2166,29.700000000000003,11.634878093249128
2167,29.700000000000003,11.649380935806263
2168,29.700000000000003,11.649380935806263
2169,29.700000000000003,11.649380935806263
2170,29.700000000000003,11.649380935806263
2171,29.700000000000003,11.649380935806263
2172,29.700000000000003,11.674453450019055
2173,29.700000000000003,11.674453450019055
2174,29.700000000000003,11.674453450019055
2175,29.700000000000003,11.731977524737704
2176,29.700000000000003,11.774453450019056
2177,29.700000000000003,11.774453450019056
2178,29.700000000000003,11.808888999386731
2179,29.700000000000003,11.831977524737702
2180,29.700000000000003,11.908888999386733
2181,29.700000000000003,11.931977524737704
2182,29.700000000000003,11.931977524737704
2183,29.700000000000003,11.934878093249132
2184,29.700000000000003,11.934878093249132
2185,29.700000000000003,11.960337349930107
2186,29.700000000000003,11.974453450019059
2187,29.700000000000003,11.974453450019059
2188,29.700000000000003,11.974453450019059
2189,29.700000000000003,11.974453450019059
2190,29.700000000000003,11.974453450019059
2191,29.700000000000003,11.974453450019059
2192,29.700000000000003,12.031977524737705
2193,29.700000000000003,12.134878093249132
2194,29.700000000000003,12.134878093249132
2195,29.700000000000003,12.231977524737704
2196,29.700000000000003,12.231977524737704
2197,29.700000000000003,12.231977524737708
2198,29.700000000000003,12.274453450019056
2199,29.700000000000003,12.274453450019056
2200,29.700000000000003,12.274453450019056
2201,29.700000000000003,12.287912087912083
2202,29.700000000000003,12.305060248951644
2203,29.700000000000003,12.431977524737704
2204,29.700000000000003,12.43593390018729
2205,29.700000000000003,12.44938093580626
2206,29.700000000000003,12.44938093580626
2207,29.700000000000003,12.474453450019052
2208,29.700000000000003,12.474453450019052
2209,29.700000000000003,12.54649196956889
2210,29.700000000000003,12.587912087912084
2211,29.700000000000003,12.608888999386735
2212,29.700000000000003,12.634878093249132
2213,29.700000000000003,12.687912087912085
2214,29.700000000000003,12.731977524737708
2215,29.700000000000003,12.774453450019056
2216,29.700000000000003,12.778282200454143
2217,29.700000000000003,12.831977524737706
2218,29.700000000000003,12.831977524737706
2219,29.700000000000003,12.834878093249127
2220,29.700000000000003,12.835933900187289
2221,29.700000000000003,12.883031397963524
2222,29.700000000000003,12.931977524737704
2223,29.700000000000003,12.94938093580626
2224,29.700000000000003,12.94938093580626
2225,29.700000000000003,12.94938093580626
2226,29.700000000000003,12.94938093580626
2227,29.700000000000003,12.974453450019059
2228,29.700000000000003,13.03487809324913
2229,29.700000000000003,13.035933900187288
2230,29.700000000000003,13.077098768501482
2231,29.700000000000003,13.087912087912084
2232,29.700000000000003,13.087912087912084
2233,29.700000000000003,13.131977524737703
2234,29.700000000000003,13.149380935806263
2235,29.700000000000003,13.149380935806263
2236,29.700000000000003,13.149380935806263
2237,29.700000000000003,13.149380935806263
2238,29.700000000000003,13.149380935806263
2239,29.700000000000003,13.149380935806263
2240,29.700000000000003,13.149380935806263
2241,29.700000000000003,13.174453450019055
2242,29.700000000000003,13.174453450019055
2243,29.700000000000003,13.174453450019055
2244,29.700000000000003,13.174453450019055
2245,29.700000000000003,13.174453450019055
2246,29.700000000000003,13.231977524737704
2247,29.700000000000003,13.24649196956889
2248,29.700000000000003,13.331977524737702
2249,29.700000000000003,13.331977524737706
2250,29.700000000000003,13.357305288979493
2251,29.700000000000003,13.387912087912085
2252,29.700000000000003,13.431977524737707
2253,29.700000000000003,13.43593390018729
2254,29.700000000000003,13.44649196956889
2255,29.700000000000003,13.44938093580626
2256,29.700000000000003,13.44938093580626
2257,29.700000000000003,13.44938093580626
2258,29.700000000000003,13.520761993160178
2259,29.700000000000003,13.574453450019053
2260,29.700000000000003,13.616801750285909
2261,29.700000000000003,13.631977524737703
2262,29.700000000000003,13.631977524737707
2263,29.700000000000003,13.731977524737708
2264,29.700000000000003,13.774453450019056
2265,29.700000000000003,13.774453450019056
2266,29.700000000000003,13.831977524737706
2267,29.700000000000003,13.831977524737706
2268,29.700000000000003,13.831977524737706
2269,29.700000000000003,13.887912087912088
2270,29.700000000000003,13.949380935806268
2271,29.700000000000003,13.949380935806268
2272,29.700000000000003,14.008888999386734
2273,29.700000000000003,14.028415626605671
2274,29.700000000000003,14.031977524737705
2275,29.700000000000003,14.105327101254698
2276,29.700000000000003,14.13593390018729
2277,29.700000000000003,14.13593390018729
2278,29.700000000000003,14.146491969568892
2279,29.700000000000003,14.149380935806263
2280,29.700000000000003,14.208888999386737
2281,29.700000000000003,14.231977524737708
2282,29.700000000000003,14.234878093249133
2283,29.700000000000003,14.234878093249133
2284,29.700000000000003,14.234878093249133
2285,29.700000000000003,14.265484892181721
2286,29.700000000000003,14.331977524737706
2287,29.700000000000003,14.44938093580626
2288,30.200000000000003,14.44938093580626
2289,30.200000000000003,14.44938093580626
2290,30.200000000000003,14.44938093580626
2291,30.200000000000003,14.44938093580626
2292,30.200000000000003,14.44938093580626
2293,30.200000000000003,14.535933900187288
2294,30.200000000000003,14.574453450019053
2295,30.200000000000003,14.574453450019053
2296,30.200000000000003,14.628415626605673
2297,30.200000000000003,14.631977524737703
2298,30.200000000000003,14.649380935806263
2299,30.200000000000003,14.649380935806263
2300,30.200000000000003,14.649380935806263
2301,30.200000000000003,14.649380935806263
2302,30.200000000000003,14.649380935806263
2303,30.200000000000003,14.649380935806263
2304,30.200000000000003,14.649380935806263
2305,30.200000000000003,14.649380935806263
2306,30.200000000000003,14.649380935806263
2307,30.200000000000003,14.649380935806263
2308,30.200000000000003,14.649380935806263
2309,30.200000000000003,14.674453450019055
2310,30.200000000000003,14.731977524737704
2311,30.200000000000003,14.731977524737704
2312,30.200000000000003,14.731977524737708
2313,30.200000000000003,14.734878093249133
2314,30.200000000000003,14.74649196956889
2315,30.200000000000003,14.849380935806266
2316,30.200000000000003,14.849380935806266
2317,30.200000000000003,14.849380935806266
2318,30.200000000000003,14.931977524737704
2319,30.200000000000003,14.978282200454146
2320,30.200000000000003,15.008888999386734
2321,30.200000000000003,15.008888999386734
2322,30.200000000000003,15.049380935806262
2323,30.200000000000003,15.049380935806262
2324,30.200000000000003,15.049380935806262
2325,30.200000000000003,15.049380935806262
2326,30.200000000000003,15.074453450019053
2327,30.200000000000003,15.074453450019053
2328,30.200000000000003,15.074453450019053
2329,30.200000000000003,15.087912087912084
2330,30.200000000000003,15.187912087912085
2331,30.200000000000003,15.187912087912085
2332,30.200000000000003,15.187912087912085
2333,30.200000000000003,15.231977524737704
2334,30.200000000000003,15.231977524737708
2335,30.200000000000003,15.249380935806265
2336,30.200000000000003,15.249380935806265
2337,30.200000000000003,15.249380935806265
2338,30.200000000000003,15.249380935806265
2339,30.200000000000003,15.249380935806265
2340,30.200000000000003,15.249380935806265
2341,30.200000000000003,15.249380935806265
2342,30.200000000000003,15.249380935806265
2343,30.200000000000003,15.274453450019056
2344,30.200000000000003,15.274453450019056
2345,30.200000000000003,15.274453450019056
2346,30.200000000000003,15.274453450019056
2347,30.200000000000003,15.274453450019056
2348,30.200000000000003,15.274453450019056
2349,30.200000000000003,15.328415626605672
2350,30.200000000000003,15.331977524737706
2351,30.200000000000003,15.331977524737706
2352,30.200000000000003,15.387912087912088
2353,30.200000000000003,15.408888999386733
2354,30.200000000000003,15.408888999386733
2355,30.200000000000003,15.487912087912083
2356,30.200000000000003,15.531977524737705
2357,30.200000000000003,15.531977524737705
2358,30.200000000000003,15.54649196956889
2359,30.200000000000003,15.54649196956889
2360,30.200000000000003,15.587912087912084
2361,30.200000000000003,15.631977524737707
2362,30.200000000000003,15.631977524737707
2363,30.200000000000003,15.674453450019055
2364,30.200000000000003,15.687912087912085
2365,30.200000000000003,15.731977524737708
2366,30.200000000000003,15.74649196956889
2367,30.200000000000003,15.749380935806265
2368,30.200000000000003,15.749380935806265
2369,30.200000000000003,15.749380935806265
2370,30.200000000000003,15.749380935806265
2371,30.200000000000003,15.749380935806265
2372,30.200000000000003,15.749380935806265
2373,30.200000000000003,15.774453450019056
2374,30.200000000000003,15.831977524737702
2375,30.200000000000003,15.831977524737702
2376,30.200000000000003,15.83197752473771
2377,30.200000000000003,15.849380935806266
2378,30.200000000000003,15.849380935806266
2379,30.200000000000003,15.849380935806266
2380,30.200000000000003,15.849380935806266
2381,30.200000000000003,15.849380935806266
2382,30.200000000000003,15.849380935806266
2383,30.200000000000003,15.849380935806266
2384,30.200000000000003,15.849380935806266
2385,30.200000000000003,15.849380935806266
2386,30.200000000000003,15.931977524737707
2387,30.200000000000003,15.931977524737707
2388,30.200000000000003,15.934878093249129
2389,30.200000000000003,15.934878093249129
2390,30.200000000000003,15.962584323670292
2391,30.200000000000003,16.03487809324913
2392,30.200000000000003,16.049380935806262
2393,30.200000000000003,16.049380935806262
2394,30.200000000000003,16.049380935806262
2395,30.200000000000003,16.049380935806262
2396,30.200000000000003,16.049380935806262
2397,30.200000000000003,16.049380935806262
2398,30.200000000000003,16.049380935806262
2399,30.200000000000003,16.049380935806262
2400,30.200000000000003,16.049380935806262
2401,30.200000000000003,16.049380935806262
2402,30.200000000000003,16.049380935806262
2403,30.200000000000003,16.049380935806262
2404,30.200000000000003,16.049380935806262
2405,30.200000000000003,16.049380935806262
2406,30.200000000000003,16.049380935806262
2407,30.200000000000003,16.049380935806262
2408,30.200000000000003,16.049380935806262
2409,30.200000000000003,16.049380935806262
2410,30.200000000000003,16.049380935806262
2411,30.200000000000003,16.04938093580627
2412,30.200000000000003,16.074453450019053
2413,30.200000000000003,16.074453450019053
2414,30.200000000000003,16.108888999386735
2415,30.200000000000003,16.131977524737707
2416,31.200000000000003,16.131977524737707
2417,31.200000000000003,16.174453450019055
2418,31.200000000000003,16.174453450019055
2419,31.200000000000003,16.178282200454145
2420,31.200000000000003,16.331977524737706
2421,31.200000000000003,16.374453450019057
2422,31.200000000000003,16.374453450019057
2423,31.200000000000003,16.374453450019057
2424,31.200000000000003,16.374453450019057
2425,31.200000000000003,16.374453450019057
2426,31.200000000000003,16.38791208791208
2427,31.200000000000003,16.38791208791209
2428,31.200000000000003,16.449380935806268
2429,31.200000000000003,16.449380935806268
2430,31.200000000000003,16.449380935806268
2431,31.200000000000003,16.449380935806268
2432,31.200000000000003,16.459150050552765
2433,31.200000000000003,16.508888999386734
2434,31.200000000000003,16.52076199316018
2435,31.200000000000003,16.53487809324913
2436,31.200000000000003,16.574453450019053
2437,31.200000000000003,16.574453450019053
2438,31.200000000000003,16.587912087912084
2439,31.200000000000003,16.587912087912084
2440,31.200000000000003,16.587912087912084
2441,31.200000000000003,16.63487809324913
2442,31.200000000000003,16.649380935806263
2443,31.200000000000003,16.649380935806263
2444,31.200000000000003,16.649380935806263
2445,31.200000000000003,16.649380935806263
2446,31.200000000000003,16.649380935806263
2447,31.200000000000003,16.649380935806263
2448,31.200000000000003,16.649380935806263
2449,31.200000000000003,16.649380935806263
2450,31.200000000000003,16.649380935806263
2451,31.200000000000003,16.649380935806263
2452,31.200000000000003,16.649380935806263
2453,31.200000000000003,16.649380935806263
2454,31.200000000000003,16.649380935806263
2455,31.200000000000003,16.649380935806263
2456,31.200000000000003,16.649380935806263
2457,31.200000000000003,16.649380935806263
2458,31.200000000000003,16.649380935806263
2459,31.200000000000003,16.649380935806263
2460,31.200000000000003,16.649380935806263
2461,31.200000000000003,16.649380935806263
2462,31.200000000000003,16.649380935806263
2463,31.200000000000003,16.649380935806263
2464,31.200000000000003,16.649380935806263
2465,31.200000000000003,16.731977524737704
2466,31.200000000000003,16.731977524737704
2467,31.200000000000003,16.731977524737704
2468,31.200000000000003,16.734878093249133
2469,31.200000000000003,16.787912087912087
2470,31.200000000000003,16.874453450019057
2471,31.200000000000003,16.874453450019057
2472,31.200000000000003,16.878282200454148
2473,31.200000000000003,16.908888999386733
2474,31.200000000000003,16.949380935806268
2475,31.200000000000003,16.97445345001906
2476,31.200000000000003,16.97445345001906
2477,31.200000000000003,16.98791208791209
2478,31.200000000000003,16.98791208791209
2479,31.200000000000003,17.057305288979496
2480,31.200000000000003,17.131977524737707
2481,31.200000000000003,17.149380935806263
2482,31.200000000000003,17.149380935806263
2483,31.200000000000003,17.174453450019055
2484,31.200000000000003,17.174453450019055
2485,31.200000000000003,17.174453450019055
2486,31.200000000000003,17.17445345001906
2487,31.200000000000003,17.17445345001906
2488,31.200000000000003,17.17445345001906
2489,31.200000000000003,17.17445345001906
2490,31.200000000000003,17.187912087912085
2491,31.200000000000003,17.208888999386737
2492,31.200000000000003,17.208888999386737
2493,31.200000000000003,17.234878093249133
2494,31.200000000000003,17.249380935806265
2495,31.200000000000003,17.249380935806265
2496,31.200000000000003,17.249380935806265
2497,31.200000000000003,17.249380935806265
2498,31.200000000000003,17.249380935806265
2499,31.200000000000003,17.249380935806265
2500,31.200000000000003,17.274453450019056
2501,31.200000000000003,17.274453450019056
2502,31.200000000000003,17.274453450019056
2503,31.200000000000003,17.30888899938673
2504,31.200000000000003,17.334878093249127
2505,31.200000000000003,17.349380935806266
2506,31.200000000000003,17.349380935806266
2507,31.200000000000003,17.349380935806266
2508,31.200000000000003,17.349380935806266
2509,31.200000000000003,17.349380935806266
2510,31.200000000000003,17.374453450019057
2511,31.200000000000003,17.377098768501483
2512,31.200000000000003,17.38791208791208
2513,31.200000000000003,17.43487809324913
2514,31.200000000000003,17.43487809324913
2515,31.400000000000002,17.44938093580626
2516,31.400000000000002,17.44938093580626
2517,31.400000000000002,17.44938093580626
2518,31.400000000000002,17.44938093580626
2519,31.400000000000002,17.44938093580626
2520,31.400000000000002,17.44938093580626
2521,31.400000000000002,17.44938093580626
2522,31.400000000000002,17.44938093580626
2523,31.400000000000002,17.44938093580626
2524,31.400000000000002,17.44938093580626
2525,31.400000000000002,17.491729236073112
2526,31.400000000000002,17.53487809324913
2527,31.400000000000002,17.53593390018729
2528,31.400000000000002,17.574453450019053
2529,31.400000000000002,17.574453450019053
2530,31.400000000000002,17.574453450019053
2531,31.400000000000002,17.574453450019053
2532,31.400000000000002,17.631977524737707
2533,31.400000000000002,17.649380935806263
2534,31.400000000000002,17.649380935806263
2535,31.400000000000002,17.649380935806263
2536,31.400000000000002,17.649380935806263
2537,31.400000000000002,17.687912087912085
2538,31.400000000000002,17.687912087912085
2539,31.400000000000002,17.687912087912085
2540,31.400000000000002,17.731977524737708
2541,31.400000000000002,17.734878093249133
2542,31.400000000000002,17.746491969568893
2543,31.400000000000002,17.774453450019056
2544,31.400000000000002,17.774453450019056
2545,31.400000000000002,17.774453450019056
2546,31.400000000000002,17.849380935806266
2547,31.400000000000002,17.849380935806266
2548,31.400000000000002,17.849380935806266
2549,31.400000000000002,17.874453450019057
2550,31.400000000000002,17.874453450019057
2551,31.400000000000002,17.888967894850246
2552,31.400000000000002,17.93487809324913
2553,31.400000000000002,17.93487809324913
2554,31.400000000000002,17.974453450019052
2555,31.400000000000002,17.974453450019052
2556,31.400000000000002,18.031977524737705
2557,31.400000000000002,18.074453450019053
2558,31.400000000000002,18.074453450019053
2559,31.400000000000002,18.074453450019053
2560,31.400000000000002,18.149380935806263
2561,31.400000000000002,18.149380935806263
2562,31.400000000000002,18.149380935806263
2563,31.400000000000002,18.149380935806263
2564,31.400000000000002,18.149380935806263
2565,31.400000000000002,18.208888999386737
2566,31.400000000000002,18.208888999386737
2567,31.400000000000002,18.231977524737704
2568,31.400000000000002,18.231977524737708
2569,31.400000000000002,18.23593390018729
2570,31.400000000000002,18.249380935806265
2571,31.400000000000002,18.249380935806265
2572,31.400000000000002,18.249380935806265
2573,31.400000000000002,18.249380935806265
2574,31.400000000000002,18.249380935806265
2575,31.400000000000002,18.249380935806265
2576,31.400000000000002,18.249380935806265
2577,31.400000000000002,18.249380935806265
2578,31.400000000000002,18.249380935806265
2579,31.400000000000002,18.249380935806265
2580,37.6,18.249380935806265
2581,37.6,18.249380935806265
2582,37.6,18.249380935806265
2583,37.6,18.249380935806265
2584,37.6,18.249380935806265
2585,37.6,18.249380935806265
2586,37.6,18.249380935806265
2587,37.6,18.249380935806265
2588,37.6,18.249380935806265
2589,37.6,18.274453450019056
2590,37.6,18.274453450019056
2591,37.6,18.274453450019056
2592,37.6,18.274453450019056
2593,37.6,18.274453450019056
2594,37.6,18.274453450019056
2595,37.6,18.328415626605672
2596,37.6,18.335933900187293
2597,37.6,18.408888999386733
2598,37.6,18.431977524737704
2599,37.6,18.460337349930107
2600,37.6,18.531977524737705
2601,37.6,18.53593390018729
2602,37.6,18.54649196956889
2603,37.6,18.54649196956889
2604,37.6,18.578282200454144
2605,37.6,18.674453450019055
2606,37.6,18.674453450019055
2607,37.6,18.674453450019055
2608,37.6,18.674453450019055
2609,37.6,18.731977524737704
2610,37.6,18.774453450019056
2611,37.6,18.774453450019056
2612,37.6,18.821817800098344
2613,37.6,18.834878093249134
2614,37.6,18.834878093249134
2615,37.6,18.849380935806266
2616,37.6,18.849380935806266
2617,37.6,18.849380935806266
2618,37.6,18.849380935806266
2619,37.6,18.849380935806266
2620,37.6,18.849380935806266
2621,37.6,18.849380935806266
2622,37.6,18.849380935806266
2623,37.6,18.849380935806266
2624,37.6,18.849380935806266
2625,37.6,18.849380935806266
2626,37.6,18.849380935806266
2627,37.6,18.849380935806266
2628,37.6,18.849380935806266
2629,37.6,18.849380935806266
2630,37.6,18.849380935806266
2631,37.6,18.849380935806266
2632,37.6,18.849380935806266
2633,37.6,18.849380935806266
2634,37.6,18.849380935806266
2635,37.6,18.849380935806266
2636,37.6,18.849380935806266
2637,37.6,18.849380935806266
2638,37.6,18.849380935806266
2639,37.6,18.849380935806266
2640,37.6,18.849380935806266
2641,37.6,18.849380935806266
2642,37.6,18.874453450019057
2643,37.6,18.874453450019057
2644,37.6,18.874453450019057
2645,37.6,18.874453450019057
2646,37.6,18.891729236073118
2647,37.6,18.97828220045415
2648,37.6,19.04938093580627
2649,37.6,19.04938093580627
2650,37.6,19.04938093580627
2651,37.6,19.04938093580627
2652,37.6,19.04938093580627
2653,37.6,19.09172923607312
2654,37.6,19.149380935806263
2655,37.6,19.149380935806263
2656,37.6,19.149380935806263
2657,37.6,19.149380935806263
2658,37.6,19.149380935806263
2659,37.6,19.174453450019055
2660,37.6,19.20888899938673
2661,37.6,19.20888899938673
2662,38.800000000000004,19.24912568577727
2663,38.800000000000004,19.274453450019056
2664,38.800000000000004,19.274453450019056
2665,38.800000000000004,19.30888899938674
2666,38.800000000000004,19.335933900187285
2667,38.800000000000004,19.335933900187285
2668,38.800000000000004,19.37445345001905
2669,38.800000000000004,19.37445345001905
2670,38.800000000000004,19.37445345001905
2671,38.800000000000004,19.374453450019057
2672,38.800000000000004,19.374453450019057
2673,38.800000000000004,19.431977524737704
2674,38.800000000000004,19.431977524737707
2675,38.800000000000004,19.459150050552758
2676,38.800000000000004,19.466540699119882
2677,38.800000000000004,19.47445345001906
2678,38.800000000000004,19.47445345001906
2679,38.800000000000004,19.47445345001906
2680,38.800000000000004,19.47445345001906
2681,38.800000000000004,19.47445345001906
2682,38.800000000000004,19.47445345001906
2683,38.800000000000004,19.531977524737705
2684,38.800000000000004,19.546491969568894
2685,38.800000000000004,19.546491969568894
2686,38.800000000000004,19.549380935806262
2687,38.800000000000004,19.549380935806262
2688,38.800000000000004,19.549380935806262
2689,38.800000000000004,19.549380935806262
2690,38.800000000000004,19.549380935806262
2691,38.800000000000004,19.549380935806262
2692,38.800000000000004,19.549380935806262
2693,38.800000000000004,19.549380935806262
2694,38.800000000000004,19.549380935806262
2695,38.800000000000004,19.549380935806262
2696,38.800000000000004,19.574453450019053
2697,38.800000000000004,19.574453450019053
2698,38.800000000000004,19.587912087912084
2699,38.800000000000004,19.587912087912084
2700,38.800000000000004,19.608888999386735
2701,38.800000000000004,19.608888999386735
2702,38.800000000000004,19.631977524737707
2703,38.800000000000004,19.649380935806263
2704,38.800000000000004,19.649380935806263
2705,38.800000000000004,19.649380935806263
2706,38.800000000000004,19.649380935806263
2707,38.800000000000004,19.649380935806263
2708,38.800000000000004,19.649380935806263
2709,38.800000000000004,19.649380935806263
2710,38.800000000000004,19.649380935806263
2711,38.800000000000004,19.649380935806263
2712,38.800000000000004,19.649380935806263
2713,38.800000000000004,19.649380935806263
2714,38.800000000000004,19.649380935806263
2715,38.800000000000004,19.649380935806263
2716,38.800000000000004,19.649380935806263
2717,38.800000000000004,19.649380935806263
2718,38.800000000000004,19.649380935806263
2719,38.800000000000004,19.674453450019055
2720,38.800000000000004,19.674453450019055
2721,38.800000000000004,19.674453450019055
2722,38.800000000000004,19.674453450019055
2723,38.800000000000004,19.731977524737708
2724,38.800000000000004,19.73593390018729
2725,38.800000000000004,19.73593390018729
2726,38.800000000000004,19.774453450019056
2727,38.800000000000004,19.774453450019056
2728,38.800000000000004,19.774453450019056
2729,38.800000000000004,19.787912087912087
2730,38.800000000000004,19.80888899938674
2731,38.800000000000004,19.831977524737706
2732,38.800000000000004,19.846491969568895
2733,38.800000000000004,19.846491969568895
2734,38.800000000000004,19.931977524737704
2735,38.800000000000004,19.935933900187294
2736,38.800000000000004,20.031977524737705
2737,38.800000000000004,20.105327101254705
2738,38.800000000000004,20.149380935806263
2739,38.800000000000004,20.149380935806263
2740,38.800000000000004,20.149380935806263
2741,38.800000000000004,20.149380935806263
2742,38.800000000000004,20.149380935806263
2743,38.800000000000004,20.149380935806263
2744,38.800000000000004,20.149380935806263
2745,38.800000000000004,20.149380935806263
2746,38.800000000000004,20.149380935806263
2747,38.800000000000004,20.149380935806263
2748,38.800000000000004,20.249380935806265
2749,38.800000000000004,20.249380935806265
2750,38.800000000000004,20.249380935806265
2751,38.800000000000004,20.249380935806265
2752,38.800000000000004,20.249380935806265
2753,38.800000000000004,20.274453450019056
2754,38.800000000000004,20.274453450019056
2755,38.800000000000004,20.27709876850148
2756,38.800000000000004,20.278282200454147
2757,38.800000000000004,20.287912087912087
2758,38.800000000000004,20.374453450019057
2759,38.800000000000004,20.43487809324913
2760,38.800000000000004,20.43487809324913
2761,38.800000000000004,20.43487809324913
2762,38.800000000000004,20.531977524737705
2763,38.800000000000004,20.57445345001906
2764,38.800000000000004,20.63487809324913
2765,39.0,20.746491969568893
2766,39.0,20.74912568577727
2767,39.0,20.774453450019056
2768,39.0,20.774453450019056
2769,39.0,20.774453450019056
2770,39.0,20.774453450019056
2771,39.0,20.849380935806266
2772,39.0,20.849380935806266
2773,39.0,20.931977524737704
2774,39.0,20.94649196956889
2775,39.0,20.94938093580626
2776,39.0,20.94938093580626
2777,39.0,20.94938093580626
2778,39.0,20.94938093580626
2779,39.0,20.94938093580626
2780,39.0,20.94938093580626
2781,39.0,20.94938093580626
2782,39.0,20.94938093580626
2783,39.0,20.94938093580626
2784,39.0,20.94938093580626
2785,39.0,20.94938093580626
2786,39.0,20.94938093580626
2787,39.0,20.949380935806268
2788,39.0,20.949380935806268
2789,39.0,20.949380935806268
2790,39.0,20.949380935806268
2791,39.0,20.949380935806268
2792,39.0,20.949380935806268
2793,39.0,20.949380935806268
2794,39.0,20.97445345001906
2795,39.0,20.97445345001906
2796,39.0,21.031977524737705
2797,39.0,21.031977524737705
2798,39.0,21.131977524737707
2799,39.0,21.149380935806263
2800,39.0,21.149380935806263
2801,39.0,21.149380935806263
2802,39.0,21.149380935806263
2803,39.0,21.149380935806263
2804,39.0,21.231977524737708
2805,39.0,21.287912087912087
2806,39.0,21.431977524737704
2807,39.0,21.460337349930107
2808,39.0,21.47445345001906
2809,39.0,21.47445345001906
2810,39.0,21.531977524737705
2811,39.0,21.531977524737705
2812,39.0,21.531977524737705
2813,39.0,21.574453450019053
2814,39.0,21.574453450019053
2815,39.0,21.631977524737707
2816,39.0,21.631977524737707
2817,39.0,21.674453450019055
2818,39.0,21.731977524737708
2819,39.0,21.731977524737708
2820,39.0,21.774453450019056
2821,39.0,21.774453450019056
2822,39.0,21.774453450019056
2823,39.0,21.83197752473771
2824,39.0,21.83197752473771
2825,39.0,21.93487809324913
2826,39.0,21.97445345001906
2827,39.0,21.97445345001906
2828,39.0,21.97445345001906
2829,39.0,22.046491969568894
2830,39.0,22.04938093580627
2831,39.0,22.04938093580627
2832,39.0,22.04938093580627
2833,39.0,22.04938093580627
2834,39.0,22.04938093580627
2835,39.0,22.12076199316018
2836,39.0,22.249380935806258
2837,39.0,22.249380935806258
2838,39.0,22.249380935806258
2839,39.0,22.249380935806258
2840,39.0,22.249380935806258
2841,39.0,22.249380935806258
2842,39.0,22.249380935806258
2843,39.0,22.249380935806258
2844,39.0,22.249380935806258
2845,39.0,22.274453450019056
2846,39.0,22.335933900187285
2847,39.0,22.346491969568895
2848,39.0,22.346491969568895
2849,39.0,22.349380935806266
2850,39.0,22.349380935806266
2851,39.0,22.349380935806266
2852,39.0,22.349380935806266
2853,39.0,22.349380935806266
2854,39.0,22.349380935806266
2855,39.0,22.38791208791209
2856,39.0,22.38791208791209
2857,39.0,22.38791208791209
2858,39.0,22.431977524737704
2859,39.0,22.508888999386734
2860,39.0,22.53487809324913
2861,39.0,22.67445345001906
2862,39.0,22.67445345001906
2863,39.0,22.83197752473771
2864,39.0,22.849380935806266
2865,39.0,22.849380935806266
2866,39.0,22.849380935806266
2867,39.0,22.849380935806266
2868,39.0,22.86086718711153
2869,39.0,22.87445345001905
2870,39.0,22.87445345001905
2871,39.0,22.87445345001905
2872,39.0,22.87445345001905
2873,39.0,22.97445345001906
2874,39.0,22.97445345001906
2875,39.0,23.031977524737705
2876,39.0,23.03487809324913
2877,39.0,23.108888999386735
2878,39.0,23.187912087912085
2879,39.0,23.187912087912093
2880,39.0,23.2319775247377
2881,39.0,23.234878093249133
2882,39.0,23.249380935806272
2883,39.0,23.249380935806272
2884,39.0,23.249380935806272
2885,39.0,23.33197752473771
2886,39.0,23.33197752473771
2887,39.0,23.33197752473771
2888,39.0,23.431977524737704
2889,39.0,23.531977524737705
2890,39.0,23.574453450019053
2891,39.0,23.574453450019053
2892,39.0,23.574453450019053
2893,39.0,23.574453450019053
2894,39.0,23.574453450019053
2895,39.0,23.734878093249133
2896,39.0,23.734878093249133
2897,39.0,23.83197752473771
2898,39.0,23.834878093249134
2899,39.0,23.908888999386733
2900,39.0,23.94938093580626
2901,39.0,23.94938093580626
2902,39.0,23.94938093580626
2903,39.0,23.94938093580626
2904,39.0,23.94938093580626
2905,39.0,23.94938093580626
2906,39.0,23.94938093580626
2907,39.0,23.94938093580626
2908,39.0,23.98791208791209
2909,39.0,24.005593953557756
2910,39.0,24.208888999386737
2911,39.0,24.249380935806272
2912,39.0,24.249380935806272
2913,39.0,24.249380935806272
2914,39.0,24.249380935806272
2915,39.0,24.249380935806272
2916,39.0,24.249380935806272
2917,39.0,24.249380935806272
2918,39.0,24.274453450019056
2919,39.0,24.274453450019056
2920,39.0,24.274453450019056
2921,39.0,24.274453450019056
2922,39.0,24.274453450019056
2923,39.0,24.274453450019056
2924,39.0,24.274453450019056
2925,39.0,24.331977524737702
2926,39.0,24.335933900187293
2927,39.0,24.408888999386733
2928,39.0,24.43487809324913
2929,39.0,24.44938093580626
2930,39.0,24.44938093580626
2931,39.0,24.44938093580626
2932,39.0,24.44938093580626
2933,39.0,24.44938093580626
2934,39.0,24.44938093580626
2935,39.0,24.44938093580626
2936,39.0,24.44938093580626
2937,39.0,24.44938093580626
2938,39.0,24.44938093580626
2939,39.0,24.44938093580626
2940,39.0,24.47445345001906
2941,39.0,24.47445345001906
2942,39.0,24.53593390018729
2943,39.0,24.687912087912085
2944,39.0,24.83197752473771
2945,39.0,24.849380935806266
2946,39.0,24.849380935806266
2947,39.0,24.849380935806266
2948,39.0,24.849380935806266
2949,39.0,24.849380935806266
2950,39.0,24.849380935806266
2951,39.0,24.874453450019057
2952,39.0,24.874453450019057
2953,39.0,24.874453450019057
2954,39.0,24.88791208791209
2955,39.0,24.974453450019052
2956,41.2,24.974453450019052
2957,41.2,24.974453450019052
2958,41.2,24.974453450019052
2959,41.2,24.974453450019052
2960,41.2,25.008888999386734
2961,41.2,25.031977524737705
2962,41.2,25.031977524737705
2963,41.2,25.031977524737705
2964,41.2,25.074453450019053
2965,41.2,25.091868463361674
2966,41.2,25.108888999386735
2967,41.2,25.188967894850244
2968,41.2,25.249380935806272
2969,41.2,25.249380935806272
2970,41.2,25.249380935806272
2971,41.2,25.349380935806266
2972,41.2,25.349380935806266
2973,41.2,25.374453450019057
2974,41.2,25.374453450019057
2975,41.2,25.374453450019057
2976,41.2,25.431977524737704
2977,41.2,25.431977524737704
2978,41.2,25.460337349930107
2979,41.2,25.47445345001906
2980,41.2,25.47445345001906
2981,41.2,25.47445345001906
2982,41.2,25.47445345001906
2983,41.2,25.47445345001906
2984,41.2,25.47445345001906
2985,41.2,25.47445345001906
2986,41.2,25.48791208791209
2987,41.2,25.48791208791209
2988,41.2,25.549380935806255
2989,41.2,25.631977524737707
2990,41.2,25.631977524737707
2991,41.2,25.649380935806263
2992,41.2,25.649380935806263
2993,41.2,25.649380935806263
2994,41.2,25.649380935806263
2995,41.2,25.649380935806263
2996,41.2,25.649380935806263
2997,41.2,25.649380935806263
2998,41.2,25.649380935806263
2999,41.2,25.649380935806263
3000,41.2,25.649380935806263
3001,41.2,25.649380935806263
3002,41.2,25.674453450019055
3003,41.2,25.674453450019055
3004,41.2,25.674453450019055
3005,41.2,25.70822766976612
3006,41.2,25.72076199316018
3007,41.2,25.734878093249133
3008,41.2,25.734878093249133
3009,41.2,25.749380935806258
3010,41.2,25.749380935806258
3011,41.2,25.749380935806258
3012,41.2,25.749380935806258
3013,41.2,25.749380935806258
3014,41.2,25.749380935806258
3015,41.2,25.749380935806258
3016,41.2,25.749380935806258
3017,41.2,25.749380935806258
3018,41.2,25.749380935806258
3019,41.2,25.749380935806258
3020,41.2,25.787912087912087
3021,41.2,25.80888899938673
3022,41.2,25.835933900187293
3023,41.2,25.849380935806266
3024,41.2,25.849380935806266
3025,41.2,25.849380935806266
3026,41.2,25.849380935806266
3027,41.2,25.931977524737704
3028,41.2,25.935933900187294
3029,41.2,25.97445345001906
3030,41.2,25.97445345001906
3031,41.2,25.97445345001906
3032,41.2,25.97445345001906
3033,41.2,26.059150050552766
3034,41.2,26.108888999386735
3035,41.2,26.146491969568892
3036,41.2,26.174453450019055
3037,41.2,26.234878093249126
3038,41.2,26.234878093249126
3039,41.2,26.274453450019056
3040,41.2,26.334878093249134
3041,41.2,26.334878093249134
3042,41.2,26.37445345001905
3043,41.2,26.374453450019057
3044,41.2,26.374453450019057
3045,41.2,26.374453450019057
3046,41.2,26.44938093580626
3047,41.2,26.44938093580626
3048,41.2,26.44938093580626
3049,41.2,26.44938093580626
3050,41.2,26.44938093580626
3051,41.2,26.44938093580626
3052,41.2,26.53487809324913
3053,41.2,26.546491969568894
3054,41.2,26.63593390018729
3055,41.2,26.649380935806263
3056,41.2,26.649380935806263
3057,41.2,26.649380935806263
3058,41.2,26.649380935806263
3059,41.2,26.649380935806263
3060,41.2,26.649380935806263
3061,41.2,26.649380935806263
3062,41.2,26.649380935806263
3063,41.2,26.649380935806263
3064,41.2,26.649380935806263
3065,41.2,26.649380935806263
3066,41.2,26.649380935806263
3067,41.2,26.649380935806263
3068,41.2,26.649380935806263
3069,41.2,26.774453450019056
3070,41.2,26.787912087912087
3071,41.2,26.787912087912087
3072,41.2,26.849380935806266
3073,41.2,26.88791208791209
3074,41.2,26.94938093580626
3075,41.2,26.94938093580626
3076,41.2,26.94938093580626
3077,41.2,26.94938093580626
3078,41.2,26.97445345001906
3079,41.2,26.97445345001906
3080,41.2,26.97445345001906
3081,41.2,26.97445345001906
3082,41.2,27.005060248951647
3083,41.2,27.008888999386734
3084,41.2,27.074453450019053
3085,41.2,27.074453450019053
3086,41.2,27.074453450019053
3087,41.2,27.074453450019053
3088,41.2,27.131977524737707
3089,41.2,27.174453450019055
3090,41.2,27.174453450019055
3091,41.2,27.2319775247377
3092,41.2,27.24490245802463
3093,41.2,27.287912087912087
3094,41.2,27.335933900187293
3095,41.2,27.349380935806266
3096,41.2,27.349380935806266
3097,41.2,27.349380935806266
3098,41.2,27.349380935806266
3099,41.2,27.349380935806266
3100,41.2,27.349380935806266
3101,41.2,27.374453450019057
3102,41.2,27.374453450019057
3103,41.2,27.43487809324913
3104,41.2,27.52181780009834
3105,41.2,27.587912087912084
3106,41.2,27.631977524737707
3107,41.2,27.687912087912085
3108,41.2,27.774453450019056
3109,41.2,27.774453450019056
3110,41.2,27.774453450019056
3111,41.2,27.787912087912087
3112,41.2,27.787912087912087
3113,41.2,27.860337349930106
3114,41.2,27.874453450019057
3115,41.2,27.874453450019057
3116,41.2,27.874453450019057
3117,41.2,27.97445345001906
3118,41.2,27.97445345001906
3119,41.2,27.98791208791209
3120,41.2,28.044902458024627
3121,41.2,28.04938093580627
3122,41.2,28.149380935806263
3123,41.2,28.149380935806263
3124,41.2,28.149380935806263
3125,41.2,28.149380935806263
3126,41.2,28.149380935806263
3127,41.2,28.149380935806263
3128,41.2,28.231977524737708
3129,41.2,28.231977524737708
3130,41.2,28.231977524737708
3131,41.2,28.262584323670293
3132,41.2,28.287912087912087
3133,41.2,28.40888899938674
3134,41.2,28.43487809324913
3135,41.2,28.43487809324913
3136,41.2,28.4603373499301
3137,41.2,28.474453450019052
3138,41.2,28.731977524737708
3139,41.2,28.746491969568893
3140,41.2,28.849380935806266
3141,41.2,28.849380935806266
3142,41.2,28.849380935806266
3143,41.2,28.849380935806266
3144,41.2,28.849380935806266
3145,41.2,28.849380935806266
3146,41.2,28.849380935806266
3147,41.2,28.849380935806266
3148,41.2,28.849380935806266
3149,42.5,28.849380935806266
3150,42.5,28.874453450019057
3151,42.5,28.874453450019057
3152,42.5,28.874453450019057
3153,42.5,28.97445345001906
3154,42.5,29.074453450019053
3155,42.5,29.074453450019053
3156,42.5,29.074453450019053
3157,42.5,29.074453450019053
3158,42.5,29.246491969568893
3159,42.5,29.274453450019056
3160,42.5,29.44938093580626
3161,42.5,29.44938093580626
3162,42.5,29.44938093580626
3163,42.5,29.44938093580626
3164,42.5,29.44938093580626
3165,42.5,29.44938093580626
3166,42.5,29.44938093580626
3167,42.5,29.44938093580626
3168,42.5,29.44938093580626
3169,42.5,29.44938093580626
3170,42.5,29.47445345001906
3171,42.5,29.508888999386734
3172,42.5,29.631977524737707
3173,42.5,29.731977524737708
3174,42.5,29.734878093249126
3175,42.5,29.774453450019056
3176,42.5,29.774453450019056
3177,42.5,29.846491969568895
3178,42.5,29.877098768501483
3179,42.5,30.04938093580627
3180,42.5,30.04938093580627
3181,42.5,30.04938093580627
3182,42.5,30.04938093580627
3183,42.5,30.04938093580627
3184,42.5,30.04938093580627
3185,42.5,30.04938093580627
3186,42.5,30.04938093580627
3187,42.5,30.04938093580627
3188,42.5,30.04938093580627
3189,42.5,30.04938093580627
3190,42.5,30.04938093580627
3191,42.5,30.04938093580627
3192,42.5,30.04938093580627
3193,42.5,30.04938093580627
3194,42.5,30.04938093580627
3195,42.5,30.04938093580627
3196,42.5,30.04938093580627
3197,42.5,30.04938093580627
3198,42.5,30.108888999386735
3199,42.5,30.131977524737707
3200,42.5,30.149380935806263
3201,42.5,30.149380935806263
3202,42.5,30.149380935806263
3203,42.5,30.23593390018729
3204,42.5,30.249380935806258
3205,42.5,30.249380935806258
3206,42.5,30.249380935806258
3207,42.5,30.287912087912087
3208,42.5,30.43487809324913
3209,42.5,30.44938093580626
3210,42.5,30.44938093580626
3211,42.5,30.44938093580626
3212,42.5,30.44938093580626
3213,42.5,30.44938093580626
3214,42.5,30.44938093580626
3215,42.5,30.44938093580626
3216,42.5,30.44938093580626
3217,42.5,30.44938093580626
3218,42.5,30.44938093580626
3219,42.5,30.44938093580626
3220,42.5,30.491729236073112
3221,42.5,30.491729236073112
3222,42.5,30.50888899938674
3223,42.5,30.531977524737705
3224,42.5,30.531977524737705
3225,42.5,30.53593390018729
3226,42.5,30.70888899938673
3227,42.5,30.731977524737708
3228,42.5,30.731977524737708
3229,42.5,30.787912087912087
3230,42.5,30.835933900187285
3231,42.5,30.849380935806266
3232,42.5,30.849380935806266
3233,42.5,30.849380935806266
3234,42.5,30.849380935806266
3235,42.5,30.849380935806266
3236,42.5,30.849380935806266
3237,42.5,30.849380935806266
3238,42.5,30.849380935806266
3239,42.5,30.849380935806266
3240,42.5,30.849380935806266
3241,42.5,30.849380935806266
3242,42.5,30.849380935806266
3243,42.5,30.849380935806266
3244,42.5,30.849380935806266
3245,42.5,30.849380935806266
3246,42.5,30.849380935806266
3247,42.5,30.849380935806266
3248,42.5,30.849380935806266
3249,42.5,30.849380935806266
3250,42.5,30.849380935806266
3251,47.2,30.849380935806266
3252,47.2,30.849380935806266
3253,47.2,30.849380935806266
3254,47.2,30.849380935806266
3255,47.2,30.849380935806266
3256,47.2,30.849380935806266
3257,47.2,30.849380935806266
3258,47.2,30.88791208791209
3259,47.2,31.031977524737705
3260,47.2,31.0603373499301
3261,47.2,31.074453450019053
3262,47.2,31.074453450019053
3263,47.2,31.074453450019053
3264,47.2,31.074453450019053
3265,47.2,31.074453450019053
3266,47.2,31.2319775247377
3267,47.2,31.231977524737708
3268,47.2,31.274453450019056
3269,47.2,31.274453450019056
3270,47.2,31.274453450019056
3271,47.2,31.38791208791209
3272,47.2,31.48791208791209
3273,47.2,31.48791208791209
3274,47.2,31.48791208791209
3275,47.2,31.574453450019053
3276,47.2,31.57445345001906
3277,47.2,31.63487809324913
3278,47.2,31.687912087912085
3279,47.2,31.98791208791209
3280,47.2,31.98791208791209
3281,47.2,31.98791208791209
3282,47.2,31.98791208791209
3283,47.2,32.074453450019064
3284,47.2,32.16086718711153
3285,47.2,32.24938093580627
3286,47.2,32.24938093580627
3287,47.2,32.24938093580627
3288,47.2,32.28791208791209
3289,47.2,32.33487809324913
3290,47.2,32.349380935806266
3291,47.2,32.349380935806266
3292,47.2,32.349380935806266
3293,47.2,32.349380935806266
3294,47.2,32.349380935806266
3295,47.2,32.349380935806266
3296,47.2,32.349380935806266
3297,47.2,32.43197752473771
3298,47.2,32.44938093580626
3299,47.2,32.44938093580626
3300,47.2,32.44938093580626
3301,47.2,32.44938093580626
3302,47.2,32.44938093580626
3303,47.2,32.44938093580626
3304,47.2,32.44938093580626
3305,47.2,32.44938093580626
3306,47.2,32.44938093580626
3307,47.2,32.44938093580626
3308,47.2,32.44938093580626
3309,47.2,32.44938093580626
3310,47.2,32.44938093580626
3311,47.2,32.44938093580626
3312,47.2,32.534878093249134
3313,47.2,32.57445345001905
3314,47.2,32.57445345001905
3315,47.2,32.63197752473771
3316,47.2,32.66561638462091
3317,47.2,32.73197752473771
3318,47.2,32.77445345001905
3319,47.2,32.77445345001905
3320,47.2,32.78791208791209
3321,47.2,32.78791208791209
3322,47.2,32.83487809324913
3323,47.2,32.83487809324913
3324,47.2,32.887912087912085
3325,47.2,32.94938093580626
3326,47.2,32.94938093580626
3327,47.2,32.94938093580626
3328,47.2,32.974453450019055
3329,47.2,32.974453450019055
3330,47.2,32.974453450019055
3331,47.2,33.03593390018729
3332,47.2,33.049380935806255
3333,47.2,33.049380935806255
3334,47.2,33.049380935806255
3335,47.2,33.049380935806255
3336,47.2,33.049380935806255
3337,47.2,33.049380935806255
3338,47.2,33.049380935806255
3339,47.2,33.049380935806255
3340,47.2,33.04938093580627
3341,47.2,33.04938093580627
3342,47.2,33.04938093580627
3343,47.2,33.04938093580627
3344,47.2,33.04938093580627
3345,47.2,33.04938093580627
3346,47.2,33.04938093580627
3347,47.2,33.04938093580627
3348,47.2,33.04938093580627
3349,47.2,33.04938093580627
3350,47.2,33.04938093580627
3351,47.2,33.04938093580627
3352,47.2,33.04938093580627
3353,47.2,33.04938093580627
3354,47.2,33.04938093580627
3355,47.2,33.04938093580627
3356,47.2,33.04938093580627
3357,47.2,33.04938093580627
3358,47.2,33.04938093580627
3359,47.2,33.04938093580627
3360,47.2,33.04938093580627
3361,47.2,33.04938093580627
3362,47.2,33.04938093580627
3363,47.2,33.17445345001906
3364,47.2,33.17445345001906
3365,47.2,33.21667412527141
3366,47.2,33.23487809324912
3367,47.2,33.37445345001906
3368,47.2,33.431977524737704
3369,47.2,33.531977524737705
3370,47.2,33.63197752473771
3371,47.2,33.63197752473771
3372,47.2,33.68791208791208
3373,47.2,33.73487809324914
3374,47.2,33.78791208791209
3375,47.2,33.78791208791209
3376,47.2,33.78791208791209
3377,47.2,33.83197752473771
3378,47.2,33.83487809324913
3379,47.2,33.83487809324913
3380,47.2,33.849380935806266
3381,47.2,33.849380935806266
3382,47.2,33.849380935806266
3383,47.2,33.849380935806266
3384,47.2,33.849380935806266
3385,47.2,33.849380935806266
3386,52.400000000000006,33.849380935806266
3387,52.400000000000006,33.849380935806266
3388,52.400000000000006,33.849380935806266
3389,52.400000000000006,33.849380935806266
3390,52.400000000000006,33.849380935806266
3391,52.400000000000006,33.849380935806266
3392,52.400000000000006,33.974453450019055
3393,52.400000000000006,33.974453450019055
3394,52.400000000000006,33.974453450019055
3395,52.400000000000006,34.034878093249134
3396,52.400000000000006,34.108888999386735
3397,52.400000000000006,34.17445345001906
3398,52.400000000000006,34.17445345001906
3399,52.400000000000006,34.17445345001906
3400,52.400000000000006,34.17445345001906
3401,52.400000000000006,34.23487809324914
3402,52.400000000000006,34.349380935806266
3403,52.400000000000006,34.349380935806266
3404,52.400000000000006,34.39172923607312
3405,52.400000000000006,34.434878093249125
3406,52.400000000000006,34.44938093580626
3407,52.400000000000006,34.44938093580626
3408,52.400000000000006,34.44938093580626
3409,52.400000000000006,34.44938093580626
3410,52.400000000000006,34.44938093580626
3411,52.400000000000006,34.44938093580626
3412,52.400000000000006,34.49172923607311
3413,52.400000000000006,34.574453450019064
3414,52.400000000000006,34.574453450019064
3415,52.400000000000006,34.574453450019064
3416,52.400000000000006,34.63487809324913
3417,52.400000000000006,34.7319775247377
3418,52.400000000000006,34.73487809324914
3419,52.400000000000006,34.77445345001905
3420,52.400000000000006,34.77445345001905
3421,52.400000000000006,34.77445345001905
3422,52.400000000000006,34.77445345001905
3423,52.400000000000006,34.77445345001905
3424,52.400000000000006,34.77445345001905
3425,52.400000000000006,34.77445345001905
3426,52.400000000000006,34.83487809324913
3427,52.400000000000006,34.849380935806266
3428,52.400000000000006,34.849380935806266
3429,52.400000000000006,34.849380935806266
3430,52.400000000000006,34.849380935806266
3431,52.400000000000006,34.849380935806266
3432,52.400000000000006,34.849380935806266
3433,52.400000000000006,34.849380935806266
3434,52.400000000000006,34.849380935806266
3435,52.400000000000006,34.849380935806266
3436,52.400000000000006,34.849380935806266
3437,52.400000000000006,34.94938093580626
3438,52.400000000000006,34.94938093580626
3439,52.400000000000006,34.94938093580626
3440,52.400000000000006,34.94938093580626
3441,52.400000000000006,34.94938093580626
3442,52.400000000000006,34.94938093580626
3443,52.400000000000006,34.94938093580626
3444,52.400000000000006,34.94938093580626
3445,52.400000000000006,34.98791208791209
3446,52.400000000000006,35.008888999386734
3447,52.400000000000006,35.074453450019064
3448,52.400000000000006,35.08791208791209
3449,52.400000000000006,35.16548489218172
3450,52.400000000000006,35.27445345001905
3451,52.400000000000006,35.27445345001905
3452,52.400000000000006,35.27445345001905
3453,52.400000000000006,35.28791208791209
3454,52.400000000000006,35.37445345001906
3455,52.400000000000006,35.37445345001906
3456,52.400000000000006,35.37445345001906
3457,52.400000000000006,35.474453450019055
3458,52.400000000000006,35.474453450019055
3459,52.400000000000006,35.508888999386734
3460,52.400000000000006,35.53593390018729
3461,52.400000000000006,35.57445345001905
3462,52.400000000000006,35.57445345001905
3463,52.400000000000006,35.57445345001905
3464,52.400000000000006,35.57445345001905
3465,52.400000000000006,35.57445345001905
3466,52.400000000000006,35.57445345001905
3467,52.400000000000006,35.64938093580626
3468,52.400000000000006,35.64938093580626
3469,52.400000000000006,35.64938093580626
3470,52.400000000000006,35.64938093580626
3471,52.400000000000006,35.64938093580626
3472,52.400000000000006,35.64938093580626
3473,52.400000000000006,35.64938093580626
3474,52.400000000000006,35.64938093580626
3475,52.400000000000006,35.64938093580626
3476,52.400000000000006,35.77445345001905
3477,52.400000000000006,35.77445345001905
3478,52.400000000000006,35.77445345001905
3479,52.400000000000006,35.78791208791209
3480,52.400000000000006,35.78791208791209
3481,52.400000000000006,36.13487809324913
3482,52.400000000000006,36.27445345001905
3483,52.400000000000006,36.33197752473771
3484,52.400000000000006,36.349380935806266
3485,52.400000000000006,36.349380935806266
3486,52.400000000000006,36.37445345001906
3487,52.400000000000006,36.42841562660567
3488,52.400000000000006,36.44938093580626
3489,52.400000000000006,36.44938093580626
3490,52.400000000000006,36.44938093580626
3491,52.400000000000006,36.44938093580626
3492,52.400000000000006,36.44938093580626
3493,52.400000000000006,36.44938093580626
3494,52.400000000000006,36.44938093580626
3495,52.400000000000006,36.44938093580626
3496,52.400000000000006,36.44938093580626
3497,52.400000000000006,36.44938093580626
3498,52.400000000000006,36.8319775247377
3499,52.400000000000006,36.931977524737704
3500,52.400000000000006,36.931977524737704
3501,52.400000000000006,36.974453450019055
3502,52.400000000000006,36.974453450019055
3503,52.400000000000006,36.974453450019055
3504,52.400000000000006,36.974453450019055
3505,52.400000000000006,36.974453450019055
3506,52.400000000000006,36.974453450019055
3507,52.400000000000006,36.974453450019055
3508,52.400000000000006,36.974453450019055
3509,52.400000000000006,36.974453450019055
3510,52.400000000000006,36.974453450019055
3511,52.400000000000006,37.23197752473771
3512,52.400000000000006,37.27445345001905
3513,52.400000000000006,37.28791208791209
3514,52.400000000000006,37.33197752473771
3515,52.400000000000006,37.33197752473771
3516,52.400000000000006,37.434878093249125
3517,52.400000000000006,37.67445345001906
3518,52.400000000000006,37.67445345001906
3519,52.400000000000006,37.67445345001906
3520,52.400000000000006,37.67445345001906
3521,52.400000000000006,37.67445345001906
3522,52.400000000000006,37.77445345001905
3523,52.400000000000006,37.77445345001905
3524,52.400000000000006,37.77445345001905
3525,52.400000000000006,37.77445345001905
3526,52.400000000000006,37.77445345001905
3527,52.400000000000006,38.08791208791209
3528,52.400000000000006,38.23197752473771
3529,52.400000000000006,38.23197752473771
3530,52.400000000000006,38.27445345001905
3531,52.400000000000006,38.27445345001905
3532,52.400000000000006,38.27445345001905
3533,52.400000000000006,38.27445345001905
3534,52.400000000000006,38.27445345001905
3535,52.400000000000006,38.27445345001905
3536,52.400000000000006,38.27445345001905
3537,52.400000000000006,38.37445345001906
3538,52.400000000000006,38.519574693782836
3539,52.400000000000006,38.64938093580626
3540,52.400000000000006,38.64938093580626
3541,52.400000000000006,38.64938093580626
3542,52.400000000000006,38.64938093580626
3543,52.400000000000006,38.64938093580626
3544,52.400000000000006,38.64938093580626
3545,52.400000000000006,38.64938093580626
3546,52.400000000000006,38.64938093580626
3547,52.400000000000006,38.64938093580626
3548,52.400000000000006,38.64938093580626
3549,52.400000000000006,38.64938093580626
3550,52.400000000000006,38.64938093580626
3551,52.400000000000006,38.64938093580626
3552,55.400000000000006,38.64938093580626
3553,55.400000000000006,38.64938093580626
3554,55.400000000000006,38.688967894850244
3555,55.400000000000006,38.691729236073115
3556,55.400000000000006,38.73197752473771
3557,55.400000000000006,38.73197752473771
3558,55.400000000000006,39.03197752473771
3559,55.400000000000006,39.03197752473771
3560,55.400000000000006,39.18791208791208
3561,55.400000000000006,39.27445345001905
3562,55.400000000000006,39.346491969568895
3563,55.400000000000006,39.36654069911988
3564,55.400000000000006,39.431977524737704
3565,55.400000000000006,39.63197752473771
3566,55.400000000000006,39.63197752473771
3567,55.400000000000006,39.7319775247377
3568,55.400000000000006,39.73197752473771
3569,55.400000000000006,39.83197752473771
3570,55.400000000000006,40.04938093580627
3571,55.400000000000006,40.04938093580627
3572,55.400000000000006,40.04938093580627
3573,55.400000000000006,40.04938093580627
3574,55.400000000000006,40.04938093580627
3575,55.400000000000006,40.04938093580627
3576,55.400000000000006,40.04938093580627
3577,55.400000000000006,40.04938093580627
3578,55.400000000000006,40.04938093580627
3579,55.400000000000006,40.04938093580627
3580,55.400000000000006,40.09172923607312
3581,55.400000000000006,40.17445345001906
3582,55.400000000000006,40.18791208791208
3583,55.400000000000006,40.18791208791208
3584,55.400000000000006,40.3319775247377
3585,55.400000000000006,40.37445345001905
3586,55.400000000000006,40.37445345001905
3587,55.400000000000006,40.37445345001905
3588,55.400000000000006,40.37445345001905
3589,55.400000000000006,40.38303139796352
3590,55.400000000000006,40.474453450019055
3591,55.400000000000006,40.78791208791209
3592,55.400000000000006,41.13197752473771
3593,55.400000000000006,41.20888899938674
3594,55.400000000000006,41.37445345001906
3595,55.400000000000006,41.44938093580626
3596,55.400000000000006,41.44938093580626
3597,55.400000000000006,41.44938093580626
3598,55.400000000000006,41.44938093580626
3599,55.400000000000006,41.44938093580626
3600,55.400000000000006,41.44938093580626
3601,55.400000000000006,41.44938093580626
3602,55.400000000000006,41.44938093580626
3603,55.400000000000006,41.44938093580626
3604,55.400000000000006,41.44938093580626
3605,55.400000000000006,41.44938093580626
3606,55.400000000000006,41.48791208791209
3607,55.400000000000006,41.549380935806255
3608,55.400000000000006,41.549380935806255
3609,55.400000000000006,41.549380935806255
3610,55.400000000000006,41.549380935806255
3611,55.400000000000006,41.549380935806255
3612,55.400000000000006,41.549380935806255
3613,55.400000000000006,41.549380935806255
3614,55.400000000000006,41.549380935806255
3615,55.400000000000006,41.549380935806255
3616,55.400000000000006,41.549380935806255
3617,55.400000000000006,41.549380935806255
3618,55.400000000000006,41.549380935806255
3619,55.400000000000006,41.549380935806255
3620,55.400000000000006,41.549380935806255
3621,55.400000000000006,41.549380935806255
3622,55.400000000000006,41.549380935806255
3623,55.400000000000006,41.549380935806255
3624,55.400000000000006,41.549380935806255
3625,55.400000000000006,41.549380935806255
3626,55.400000000000006,41.549380935806255
3627,55.400000000000006,41.549380935806255
3628,55.400000000000006,41.549380935806255
3629,55.400000000000006,41.549380935806255
3630,55.400000000000006,41.666540699119885
3631,55.400000000000006,41.78791208791209
3632,55.400000000000006,41.78791208791209
3633,55.400000000000006,41.96654069911989
3634,55.400000000000006,41.98791208791209
3635,55.400000000000006,42.04938093580627
3636,55.400000000000006,42.04938093580627
3637,55.400000000000006,42.04938093580627
3638,55.400000000000006,42.04938093580627
3639,55.400000000000006,42.04938093580627
3640,55.400000000000006,42.04938093580627
3641,55.400000000000006,42.04938093580627
3642,55.400000000000006,42.04938093580627
3643,55.400000000000006,42.04938093580627
3644,55.400000000000006,42.04938093580627
3645,55.400000000000006,42.04938093580627
3646,55.400000000000006,42.04938093580627
3647,55.400000000000006,42.07445345001905
3648,55.400000000000006,42.07445345001905
3649,55.400000000000006,42.14938093580626
3650,55.400000000000006,42.14938093580626
3651,55.400000000000006,42.14938093580626
3652,55.400000000000006,42.14938093580626
3653,55.400000000000006,42.14938093580626
3654,55.400000000000006,42.14938093580626
3655,55.400000000000006,42.14938093580626
3656,55.400000000000006,42.14938093580626
3657,55.400000000000006,42.14938093580626
3658,55.400000000000006,42.14938093580626
3659,55.400000000000006,42.14938093580626
3660,55.400000000000006,42.14938093580626
3661,55.400000000000006,42.14938093580626
3662,55.400000000000006,42.14938093580626
3663,55.400000000000006,42.14938093580626
3664,55.400000000000006,42.14938093580626
3665,55.400000000000006,42.14938093580626
3666,55.400000000000006,42.14938093580626
3667,55.400000000000006,42.14938093580626
3668,55.400000000000006,42.14938093580626
3669,55.400000000000006,42.14938093580626
3670,55.400000000000006,42.14938093580626
3671,55.400000000000006,42.14938093580626
3672,55.400000000000006,42.14938093580626
3673,55.400000000000006,42.14938093580626
3674,55.400000000000006,42.14938093580626
3675,55.400000000000006,42.14938093580626
3676,55.400000000000006,42.14938093580626
3677,55.400000000000006,42.14938093580626
3678,55.400000000000006,42.14938093580626
3679,55.400000000000006,42.14938093580626
3680,55.400000000000006,42.14938093580626
3681,55.400000000000006,42.14938093580626
3682,55.400000000000006,42.14938093580626
3683,55.400000000000006,42.14938093580626
3684,55.400000000000006,42.14938093580626
3685,55.400000000000006,42.14938093580626
3686,55.400000000000006,42.14938093580626
3687,55.400000000000006,42.191729236073115
3688,55.400000000000006,42.191729236073115
3689,55.400000000000006,42.23487809324914
3690,55.400000000000006,42.33487809324913
3691,55.400000000000006,42.37445345001906
3692,55.400000000000006,42.37445345001906
3693,55.400000000000006,42.37445345001906
3694,55.400000000000006,42.37445345001906
3695,55.400000000000006,42.37445345001906
3696,55.400000000000006,42.387912087912085
3697,55.400000000000006,42.40888899938674
3698,55.400000000000006,42.40888899938674
3699,55.400000000000006,42.474453450019055
3700,55.400000000000006,42.474453450019055
3701,55.400000000000006,42.57445345001905
3702,55.400000000000006,42.57445345001905
3703,55.400000000000006,42.57445345001905
3704,55.400000000000006,42.608888999386735
3705,55.400000000000006,42.73593390018729
3706,55.400000000000006,42.83487809324913
3707,55.400000000000006,42.849380935806266
3708,55.400000000000006,42.849380935806266
3709,55.400000000000006,42.849380935806266
3710,55.400000000000006,42.849380935806266
3711,55.400000000000006,42.849380935806266
3712,55.400000000000006,42.849380935806266
3713,55.400000000000006,42.849380935806266
3714,55.400000000000006,42.849380935806266
3715,55.400000000000006,42.849380935806266
3716,55.400000000000006,42.849380935806266
3717,55.400000000000006,42.849380935806266
3718,55.400000000000006,42.849380935806266
3719,55.400000000000006,42.849380935806266
3720,55.400000000000006,42.94938093580626
3721,55.400000000000006,42.94938093580626
3722,55.400000000000006,42.94938093580626
3723,55.400000000000006,42.94938093580626
3724,55.400000000000006,42.94938093580626
3725,55.400000000000006,42.94938093580626
3726,55.400000000000006,42.94938093580626
3727,55.400000000000006,42.94938093580626
3728,55.400000000000006,42.94938093580626
3729,55.400000000000006,42.94938093580626
3730,55.400000000000006,42.94938093580626
3731,55.400000000000006,42.94938093580626
3732,55.400000000000006,42.94938093580626
3733,55.400000000000006,42.94938093580626
3734,55.400000000000006,42.94938093580626
3735,55.400000000000006,42.94938093580626
3736,64.4,42.94938093580626
3737,64.4,42.94938093580626
3738,64.4,42.94938093580626
3739,64.4,42.94938093580626
3740,64.4,42.94938093580626
3741,64.4,42.94938093580626
3742,64.4,42.94938093580626
3743,64.4,42.94938093580626
3744,64.4,42.94938093580626
3745,64.4,42.94938093580626
3746,64.4,42.94938093580626
3747,64.4,42.94938093580626
3748,64.4,42.94938093580626
3749,64.4,42.94938093580626
3750,64.4,42.94938093580626
3751,64.4,42.94938093580626
3752,64.4,42.94938093580626
3753,64.4,42.94938093580626
3754,64.4,42.94938093580626
3755,64.4,42.94938093580626
3756,64.4,42.94938093580626
3757,64.4,42.94938093580626
3758,64.4,42.94938093580626
3759,64.4,42.94938093580626
3760,64.4,42.974453450019055
3761,64.4,42.974453450019055
3762,64.4,42.974453450019055
3763,64.4,42.974453450019055
3764,64.4,42.98791208791209
3765,64.4,42.99172923607311
3766,64.4,43.04938093580627
3767,64.4,43.04938093580627
3768,64.4,43.04938093580627
3769,64.4,43.04938093580627
3770,64.4,43.04938093580627
3771,64.4,43.04938093580627
3772,64.4,43.04938093580627
3773,64.4,43.04938093580627
3774,64.4,43.04938093580627
3775,64.4,43.04938093580627
3776,64.4,43.04938093580627
3777,64.4,43.04938093580627
3778,64.4,43.04938093580627
3779,64.4,43.04938093580627
3780,64.4,43.04938093580627
3781,64.4,43.04938093580627
3782,64.4,43.04938093580627
3783,64.4,43.04938093580627
3784,64.4,43.04938093580627
3785,64.4,43.04938093580627
3786,64.4,43.04938093580627
3787,64.4,43.04938093580627
3788,64.4,43.04938093580627
3789,64.4,43.04938093580627
3790,64.4,43.23487809324914
3791,64.4,43.23487809324914
3792,64.4,43.24649196956889
3793,64.4,43.265616384620905
3794,64.4,43.28791208791209
3795,64.4,43.37445345001906
3796,64.4,43.37445345001906
3797,64.4,43.431977524737704
3798,64.4,43.474453450019055
3799,64.4,43.77445345001905
3800,64.4,43.77445345001905
3801,64.4,43.77445345001905
3802,64.4,43.77445345001905
3803,64.4,43.77445345001905
3804,64.4,43.77445345001905
3805,64.4,43.77445345001905
3806,64.4,43.77445345001905
3807,64.4,43.83487809324913
3808,64.4,43.83487809324913
3809,64.4,43.83487809324913
3810,64.4,43.87445345001905
3811,64.4,43.87445345001905
3812,64.4,43.93197752473771
3813,64.4,43.93197752473771
3814,64.4,43.935933900187294
3815,64.4,43.94649196956889
3816,64.4,43.974453450019055
3817,64.4,43.974453450019055
3818,64.4,43.974453450019055
3819,64.4,43.974453450019055
3820,64.4,43.974453450019055
3821,64.4,44.28791208791209
3822,64.4,44.63197752473771
3823,64.4,44.77445345001905
3824,64.4,44.77445345001905
3825,64.4,44.77445345001905
3826,64.4,44.77445345001905
3827,64.5,44.77445345001905
3828,64.5,44.974453450019055
3829,64.5,44.98791208791209
3830,64.5,45.08791208791209
3831,64.5,45.108888999386735
3832,64.5,45.22181780009834
3833,64.5,45.23197752473771
3834,64.5,45.28791208791209
3835,64.5,45.474453450019055
3836,64.5,45.474453450019055
3837,64.5,45.566540699119884
3838,64.5,45.73197752473771
3839,64.5,45.934878093249125
3840,64.5,46.031977524737705
3841,64.5,46.031977524737705
3842,64.5,46.03197752473771
3843,64.5,46.27445345001905
3844,64.5,46.27445345001905
3845,64.5,46.43197752473771
3846,64.5,46.48791208791209
3847,64.5,46.63197752473771
3848,64.5,46.90888899938674
3849,64.5,46.974453450019055
3850,64.5,46.98791208791209
3851,64.5,47.316047602472935
3852,64.5,47.431977524737704
3853,64.5,47.57445345001905
3854,64.5,47.57445345001905
3855,64.5,47.57445345001905
3856,64.5,47.61680175028591
3857,64.5,47.64938093580626
3858,64.5,47.64938093580626
3859,64.5,47.64938093580626
3860,64.5,47.64938093580626
3861,64.5,47.64938093580626
3862,64.5,47.64938093580626
3863,64.5,47.64938093580626
3864,64.5,47.64938093580626
3865,64.5,47.64938093580626
3866,64.5,47.64938093580626
3867,64.5,47.64938093580626
3868,64.5,47.64938093580626
3869,64.5,47.64938093580626
3870,64.5,47.691729236073115
3871,64.5,47.74938093580626
3872,64.5,47.74938093580626
3873,64.5,47.74938093580626
3874,64.5,47.74938093580626
3875,64.5,47.74938093580626
3876,64.5,47.74938093580626
3877,64.5,47.74938093580626
3878,64.5,47.74938093580626
3879,64.5,47.74938093580626
3880,64.5,47.74938093580626
3881,64.5,47.74938093580626
3882,64.5,47.74938093580626
3883,64.5,47.74938093580626
3884,64.5,47.74938093580626
3885,64.5,47.74938093580626
3886,64.5,47.74938093580626
3887,64.5,47.74938093580626
3888,64.5,47.74938093580626
3889,64.5,47.74938093580626
3890,64.5,47.74938093580626
3891,64.5,47.74938093580626
3892,64.5,47.74938093580626
3893,64.5,47.74938093580626
3894,64.5,47.74938093580626
3895,64.5,47.74938093580626
3896,64.5,47.74938093580626
3897,64.5,47.74938093580626
3898,64.5,47.74938093580626
3899,64.5,47.74938093580626
3900,64.5,47.74938093580626
3901,64.5,47.74938093580626
3902,64.5,47.83197752473771
3903,64.5,48.04649196956889
3904,64.5,48.13197752473771
3905,64.5,48.13197752473771
3906,64.5,48.1359339001873
3907,64.5,48.17445345001906
3908,64.5,48.17445345001906
3909,64.5,48.17445345001906
3910,64.5,48.17445345001906
3911,64.5,48.17445345001906
3912,64.5,48.17445345001906
3913,64.5,48.17445345001906
3914,64.5,48.23197752473771
3915,64.5,48.24938093580627
3916,64.5,48.27445345001905
3917,64.5,48.27445345001905
3918,64.5,48.27445345001905
3919,64.5,48.30888899938674
3920,64.5,48.316047602472935
3921,64.5,48.32181780009834
3922,64.5,48.37445345001905
3923,64.5,48.48791208791209
3924,64.5,48.57445345001905
3925,64.5,48.57445345001905
3926,64.5,48.57445345001905
3927,64.5,48.57445345001905
3928,64.5,48.57445345001905
3929,64.5,48.58791208791209
3930,64.5,48.83197752473771
3931,64.5,48.83197752473771
3932,64.5,48.83197752473771
3933,64.5,48.934878093249125
3934,64.5,48.974453450019055
3935,64.5,48.98791208791209
3936,64.5,48.98791208791209
3937,64.5,49.03197752473771
3938,64.5,49.03197752473771
3939,64.5,49.349380935806266
3940,64.5,49.41604760247293
3941,64.5,49.90888899938673
3942,64.5,50.23197752473771
3943,64.5,50.316047602472935
3944,64.5,50.316047602472935
3945,64.5,50.33487809324913
3946,64.5,50.3359339001873
3947,64.5,50.37445345001906
3948,64.5,50.37445345001906
3949,64.5,50.57445345001905
3950,64.5,50.57445345001905
3951,64.5,50.57445345001905
3952,64.5,50.57445345001905
3953,64.5,50.63487809324913
3954,64.5,50.74938093580627
3955,64.5,50.78791208791209
3956,64.5,50.816047602472935
3957,64.5,50.816047602472935
3958,64.5,50.816047602472935
3959,64.5,50.816047602472935
3960,64.5,50.83197752473771
3961,64.5,50.92076199316018
3962,64.5,50.93197752473771
3963,64.5,50.935933900187294
3964,64.5,51.07445345001905
3965,64.5,51.174453450019044
3966,64.5,51.174453450019044
3967,64.5,51.174453450019044
3968,64.5,51.17445345001906
3969,64.5,51.17445345001906
3970,64.5,51.17445345001906
3971,64.5,51.17445345001906
3972,64.5,51.259150050552755
3973,64.5,51.608888999386735
3974,64.5,51.835933900187285
3975,64.5,51.974453450019055
3976,64.5,51.974453450019055
3977,64.5,51.974453450019055
3978,64.5,51.974453450019055
3979,64.5,52.04938093580627
3980,64.5,52.04938093580627
3981,64.5,52.04938093580627
3982,64.5,52.04938093580627
3983,64.5,52.04938093580627
3984,64.5,52.04938093580627
3985,64.5,52.04938093580627
3986,64.5,52.04938093580627
3987,64.5,52.04938093580627
3988,64.5,52.04938093580627
3989,64.5,52.04938093580627
3990,64.5,52.04938093580627
3991,64.5,52.14938093580626
3992,64.5,52.14938093580626
3993,64.5,52.14938093580626
3994,64.5,52.14938093580626
3995,64.5,52.14938093580626
3996,64.5,52.14938093580626
3997,64.5,52.14938093580626
3998,64.5,52.14938093580626
3999,64.5,52.14938093580626
4000,64.5,52.14938093580626
4001,64.5,52.14938093580626
4002,64.5,52.14938093580626
4003,64.5,52.14938093580626
4004,64.5,52.14938093580626
4005,64.5,52.14938093580626
4006,64.5,52.14938093580626
4007,64.5,52.14938093580626
4008,64.5,52.14938093580626
4009,64.5,52.14938093580626
4010,64.5,52.14938093580626
4011,64.5,52.14938093580626
4012,64.5,52.14938093580626
4013,64.5,52.14938093580626
4014,64.5,52.14938093580626
4015,64.5,52.14938093580626
4016,64.5,52.14938093580626
4017,64.5,52.14938093580626
4018,64.5,52.14938093580626
4019,64.5,52.14938093580626
4020,64.5,52.14938093580626
4021,64.5,52.14938093580626
4022,64.5,52.14938093580626
4023,64.5,52.14938093580626
4024,64.5,52.14938093580626
4025,64.5,52.14938093580626
4026,64.5,52.14938093580626
4027,64.5,52.14938093580626
4028,64.5,52.14938093580626
4029,64.5,52.14938093580626
4030,64.5,52.14938093580626
4031,64.5,52.14938093580626
4032,64.5,52.14938093580628
4033,64.5,52.191729236073115
4034,64.5,52.191729236073115
4035,64.5,52.28791208791209
4036,64.5,52.44490245802463
4037,64.5,52.57445345001905
4038,64.5,52.57445345001905
4039,64.5,52.71604760247294
4040,64.5,52.71604760247294
4041,64.5,52.71604760247294
4042,64.5,52.83197752473771
4043,64.5,52.974453450019055
4044,64.5,53.020761993160185
4045,64.5,53.034878093249134
4046,64.5,53.07445345001905
4047,64.5,53.58791208791209
4048,64.5,53.77445345001905
4049,64.5,53.83487809324913
4050,64.5,53.931977524737704
4051,64.5,54.00888899938674
4052,64.5,54.231977524737715
4053,64.5,54.231977524737715
4054,64.5,54.431977524737704
4055,64.5,54.474453450019055
4056,64.5,54.77709876850149
4057,64.5,54.98791208791209
4058,64.5,55.020761993160185
4059,64.5,55.04938093580627
4060,64.5,55.11604760247293
4061,64.5,55.7319775247377
4062,64.5,55.949380935806275
4063,64.5,56.00888899938674
4064,64.5,56.01604760247294
4065,64.5,56.01604760247294
4066,64.5,56.108888999386735
4067,64.5,56.11604760247293
4068,64.5,56.11604760247293
4069,64.5,56.305327101254704
4070,64.5,56.431977524737704
4071,64.5,56.77445345001905
4072,64.5,56.77445345001905
4073,64.5,56.77445345001905
4074,64.5,56.77445345001905
4075,64.5,56.849380935806266
4076,64.5,56.849380935806266
4077,64.5,56.91604760247293
4078,64.5,57.18791208791208
4079,64.5,57.24938093580627
4080,64.5,57.316047602472935
4081,64.5,57.316047602472935
4082,64.5,57.33487809324913
4083,64.5,57.35839590273979
4084,64.5,57.98791208791209
4085,64.5,57.98791208791209
4086,64.5,58.01604760247294
4087,64.5,58.03487809324912
4088,64.5,58.1573052889795
4089,64.5,58.17445345001906
4090,64.5,58.17445345001906
4091,64.5,58.316047602472935
4092,64.5,58.83487809324913
4093,64.5,58.83487809324913
4094,64.5,58.98791208791209
4095,64.5,59.08791208791209
4096,64.5,59.57445345001905
4097,64.5,59.57445345001905
4098,64.5,59.57445345001905
4099,64.5,59.83487809324913
4100,64.5,59.849380935806266
4101,64.5,60.03197752473771
4102,64.5,60.03197752473771
4103,64.5,60.17445345001906
4104,64.5,60.17445345001906
4105,64.5,60.27445345001905
4106,64.5,60.27445345001905
4107,64.5,60.27445345001905
4108,64.5,60.27445345001905
4109,64.5,60.53593390018729
4110,64.5,60.63487809324913
4111,64.5,60.974453450019055
4112,64.5,60.974453450019055
4113,64.5,60.974453450019055
4114,64.5,60.974453450019055
4115,64.5,61.07445345001905
4116,64.5,61.07445345001905
4117,64.5,61.07445345001905
4118,64.5,61.17445345001906
4119,64.5,61.17445345001906
4120,64.5,61.58896789485025
4121,64.5,61.61604760247293
4122,64.5,61.61604760247293
4123,64.5,61.61604760247293
4124,64.5,61.61604760247293
4125,64.5,62.71604760247294
4126,64.5,62.71604760247294
4127,64.5,62.71604760247294
4128,64.5,63.03197752473771
4129,64.5,63.316047602472935
4130,64.5,63.316047602472935
4131,64.5,63.316047602472935
4132,64.5,63.316047602472935
4133,64.5,63.449380935806275
4134,64.5,63.49172923607313
4135,64.5,63.51604760247294
4136,64.5,63.51604760247294
4137,64.5,63.51604760247294
4138,64.5,63.51604760247294
4139,64.5,64.04649196956889
4140,64.5,64.5
4141,64.5,64.5
4142,64.5,64.5
4143,64.5,64.5
4144,64.5,64.5
4145,64.5,64.5
4146,64.5,64.5
4147,64.5,64.5
4148,64.5,64.5
4149,64.5,64.5
4150,64.5,64.5
4151,64.5,64.5
4152,64.5,64.5
4153,64.5,64.5
4154,64.5,64.5
4155,64.5,64.5
4156,64.5,64.5
4157,64.5,64.5
4158,64.5,64.5
4159,64.5,64.5
4160,64.5,64.5
4161,64.5,64.5
4162,64.5,64.5
4163,64.5,64.5
4164,64.5,64.5
4165,64.5,64.5
4166,64.5,64.5
4167,64.5,64.5
4168,64.5,64.5
4169,64.5,64.5
4170,64.5,64.5
4171,64.5,64.5
4172,64.5,64.5
4173,64.5,64.5
4174,64.5,64.5
4175,64.5,64.5
4176,64.5,64.5
4177,64.5,64.5
4178,64.5,64.5
4179,64.5,64.5
4180,64.5,64.5
4181,64.5,64.5
4182,64.5,64.5
4183,64.5,64.5
4184,64.5,64.5
4185,64.5,64.5
4186,64.5,64.5
4187,64.5,64.5
4188,64.5,64.5
4189,64.5,64.5
4190,64.5,64.5
4191,64.5,64.5
4192,64.5,64.5
4193,64.5,64.5
4194,64.5,64.5
4195,64.5,64.5
4196,64.5,64.5
4197,64.5,64.5
4198,64.5,64.5
4199,64.5,64.5
4200,64.5,64.5
4201,64.5,64.5
4202,64.5,64.5
4203,64.5,64.5
4204,64.5,64.5
4205,64.5,64.5
4206,64.5,64.5
4207,64.5,64.5
4208,64.5,64.5
4209,64.5,64.5
4210,64.5,64.5
4211,64.5,64.5
4212,64.5,64.5
4213,64.5,64.5
4214,64.5,64.5
4215,64.5,64.5
4216,64.5,64.5
4217,64.5,64.5
4218,64.5,64.5
4219,64.5,64.5
4220,64.5,64.5
4221,64.5,64.5
4222,64.5,64.5
4223,64.5,64.5
4224,64.5,64.5
4225,64.5,64.5
4226,64.5,64.5
4227,64.5,64.5
4228,64.5,64.5
4229,64.5,64.5
4230,64.5,64.5
4231,64.5,64.5
4232,64.5,64.5
4233,64.5,64.5
4234,64.5,64.5
4235,64.5,64.5
4236,64.5,64.5
4237,64.5,64.5
4238,64.5,64.5
4239,64.5,64.5
4240,64.5,64.5
4241,64.5,64.5
4242,64.5,64.5
4243,64.5,64.5
4244,64.5,64.5
4245,64.5,64.5
4246,64.5,64.5
4247,64.5,64.5
4248,64.5,64.5
4249,64.5,64.5
4250,64.5,64.5
4251,64.5,64.5
4252,64.5,64.5
4253,64.5,64.5
4254,64.5,64.5
4255,64.5,64.5
4256,64.5,64.5
4257,64.5,64.5
4258,64.5,64.5
4259,64.5,64.5
4260,64.5,64.5
4261,64.5,64.5
4262,64.5,64.5
4263,64.5,64.5
4264,64.5,64.5
4265,64.5,64.5
4266,64.5,64.5
4267,64.5,64.5
4268,64.5,64.5
4269,64.5,64.5
4270,64.5,64.5
4271,64.5,64.5
4272,64.5,64.5
4273,64.5,64.5
4274,64.5,64.5
4275,64.5,64.5
4276,64.5,64.5
4277,64.5,64.5
4278,64.5,64.5
4279,64.5,64.5
4280,64.5,64.5
4281,64.5,64.5
4282,64.5,64.5
4283,64.5,64.5
4284,64.5,64.5
4285,64.5,64.5
4286,64.5,64.5
4287,64.5,64.5
4288,64.5,64.5
4289,64.5,64.5
4290,64.5,64.5
4291,64.5,64.5
4292,64.5,64.5
4293,64.5,64.5
4294,64.5,64.5
4295,64.5,64.5
4296,64.5,64.5
4297,64.5,64.5
4298,64.5,64.5
4299,64.5,64.5
4300,64.5,64.5
4301,64.5,64.5
4302,64.5,64.5
4303,64.5,64.5
4304,64.5,64.5
4305,64.5,64.5
4306,64.5,64.5
4307,64.5,64.5
4308,64.5,64.5
4309,64.5,64.5
4310,64.5,64.5
4311,64.5,64.5
4312,64.5,64.5
4313,64.5,64.5
4314,64.5,64.5
4315,64.5,64.5
4316,64.5,64.5
4317,64.5,64.5
4318,64.5,64.5
4319,64.5,64.5
4320,64.5,64.5
4321,64.5,64.5
4322,64.5,64.5
4323,64.5,64.5
4324,64.5,64.5
4325,64.5,64.5
4326,64.5,64.5
4327,64.5,64.5
4328,64.5,64.5
4329,64.5,64.5
4330,64.5,64.5
4331,64.5,64.5
4332,64.5,64.5
4333,64.5,64.5
4334,64.5,64.5
4335,64.5,64.5
4336,64.5,64.5
4337,64.5,64.5
4338,64.5,64.5
4339,64.5,64.5
4340,64.5,64.5
4341,64.5,64.5
4342,64.5,64.5
4343,64.5,64.5
4344,64.5,64.5
4345,64.5,64.5
4346,64.5,64.5
4347,64.5,64.5
4348,64.5,64.5
4349,64.5,64.5
4350,64.5,64.5
4351,64.5,64.5
4352,64.5,64.5
4353,64.5,64.5
4354,64.5,64.5
4355,64.5,64.5
4356,64.5,64.5
4357,64.5,64.5
4358,64.5,64.5
4359,64.5,64.5
4360,64.5,64.5
4361,64.5,64.5
4362,64.5,64.5
4363,64.5,64.5
4364,64.5,64.5
4365,64.5,64.5
4366,64.5,64.5
4367,64.5,64.5
4368,64.5,64.5
4369,64.5,64.5
4370,64.5,64.5
4371,64.5,64.5
4372,64.5,64.5
4373,64.5,64.5
4374,64.5,64.5
4375,64.5,64.5
4376,64.5,64.5
4377,64.5,64.5
4378,64.5,64.5
4379,64.5,64.5
4380,64.5,64.5
4381,64.5,64.5
4382,64.5,64.5
4383,64.5,64.5
4384,64.5,64.5
4385,64.5,64.5
4386,64.5,64.5
4387,64.5,64.5
4388,64.5,64.5
4389,64.5,64.5
4390,64.5,64.5
4391,64.5,64.5
4392,64.5,64.5
4393,64.5,64.5
4394,64.5,64.5
4395,64.5,64.5
4396,64.5,64.5
4397,64.5,64.5
4398,64.5,64.5
4399,64.5,64.5
4400,64.5,64.5
4401,64.5,64.5
4402,64.5,64.5
4403,64.5,64.5
4404,64.5,64.5
4405,64.5,64.5
4406,64.5,64.5
4407,64.5,64.5
4408,64.5,64.5
4409,64.5,64.5
4410,64.5,64.5
4411,64.5,64.5
4412,64.5,64.5
4413,64.5,64.5
4414,64.5,64.5
4415,64.5,64.5
4416,64.5,64.5
4417,64.5,64.5
4418,64.5,64.5
4419,64.5,64.5
4420,64.5,64.5
4421,64.5,64.5
4422,64.5,64.5
4423,64.5,64.5
4424,64.5,64.5
4425,64.5,64.5
4426,64.5,64.5
4427,64.5,64.5
4428,64.5,64.5
4429,64.5,64.5
4430,64.5,64.5
4431,64.5,64.5
4432,64.5,64.5
4433,64.5,64.5
4434,64.5,64.5
4435,64.5,64.5
4436,64.5,64.5
4437,64.5,64.5
4438,64.5,64.5
4439,64.5,64.5
4440,64.5,64.5
4441,64.5,64.5
4442,64.5,64.5
4443,64.5,64.5
4444,64.5,64.5
4445,64.5,64.5
4446,64.5,64.5
4447,64.5,64.5
4448,64.5,64.5
4449,64.5,64.5
4450,64.5,64.5
4451,64.5,64.5
4452,64.5,64.5
4453,64.5,64.5
4454,64.5,64.5
4455,64.5,64.5
4456,64.5,64.5
4457,64.5,64.5
4458,64.5,64.5
4459,64.5,64.5
4460,64.5,64.5
4461,64.5,64.5
4462,64.5,64.5
4463,64.5,64.5
4464,64.5,64.5
4465,64.5,64.5
4466,64.5,64.5
4467,64.5,64.5
4468,64.5,64.5
4469,64.5,64.5
4470,64.5,64.5
4471,64.5,64.5
4472,64.5,64.5
4473,64.5,64.5
4474,64.5,64.5
4475,64.5,64.5
4476,64.5,64.5
4477,64.5,64.5
4478,64.5,64.5
4479,64.5,64.5
4480,64.5,64.5
4481,64.5,64.5
4482,64.5,64.5
4483,64.5,64.5
4484,64.5,64.5
4485,64.5,64.5
4486,64.5,64.5
4487,64.5,64.5
4488,64.5,64.5
4489,64.5,64.5
4490,64.5,64.5
4491,64.5,64.5
4492,64.5,64.5
4493,64.5,64.5
4494,64.5,64.5
4495,64.5,64.5
4496,64.5,64.5
4497,64.5,64.5
4498,64.5,64.5
4499,64.5,64.5
4500,64.5,64.5
4501,64.5,64.5
4502,64.5,64.5
4503,64.5,64.5
4504,64.5,64.5
4505,64.5,64.5
4506,64.5,64.5
4507,64.5,64.5
4508,64.5,64.5
4509,64.5,64.5
4510,64.5,64.5
4511,64.5,64.5
4512,64.5,64.5
4513,64.5,64.5
4514,64.5,64.5
4515,64.5,64.5
4516,64.5,64.5
4517,64.5,64.5
4518,64.5,64.5
4519,64.5,64.5
4520,64.5,64.5
4521,64.5,64.5
4522,64.5,64.5
4523,64.5,64.5
4524,64.5,64.5
4525,64.5,64.5
4526,64.5,64.5
4527,64.5,64.5
4528,64.5,64.5
4529,64.5,64.5
4530,64.5,64.5
4531,64.5,64.5
4532,64.5,64.5
4533,64.5,64.5
4534,64.5,64.5
4535,64.5,64.5
4536,64.5,64.5
4537,64.5,64.5
4538,64.5,64.5
4539,64.5,64.5
4540,64.5,64.5
4541,64.5,64.5
4542,64.5,64.5
4543,64.5,64.5
4544,64.5,64.5
4545,64.5,64.5
4546,64.5,64.5
4547,64.5,64.5
4548,64.5,64.5
4549,64.5,64.5
4550,64.5,64.5
4551,64.5,64.5
4552,64.5,64.5
4553,64.5,64.5
4554,64.5,64.5
4555,64.5,64.5
4556,64.5,64.5
4557,64.5,64.5
4558,64.5,64.5
4559,64.5,64.5
4560,64.5,64.5
4561,64.5,64.5
4562,64.5,64.5
4563,64.5,64.5
4564,64.5,64.5
4565,64.5,64.5
4566,64.5,64.5
4567,64.5,64.5
4568,64.5,64.5
4569,64.5,64.5
4570,64.5,64.5
4571,64.5,64.5
4572,64.5,64.5
4573,64.5,64.5
4574,64.5,64.5
4575,64.5,64.5
4576,64.5,64.5
4577,64.5,64.5
4578,64.5,64.5
4579,64.5,64.5
4580,64.5,64.5
4581,64.5,64.5
4582,64.5,64.5
4583,64.5,64.5
4584,64.5,64.5
4585,64.5,64.5
4586,64.5,64.5
4587,64.5,64.5
4588,64.5,64.5
4589,64.5,64.5
4590,64.5,64.5
4591,64.5,64.5
4592,64.5,64.5
4593,64.5,64.5
4594,64.5,64.5
4595,64.5,64.5
4596,64.5,64.5
4597,64.5,64.5
4598,64.5,64.5
4599,64.5,64.5
4600,64.5,64.5
4601,64.5,64.5
4602,64.5,64.5
4603,64.5,64.5
4604,64.5,64.5
4605,64.5,64.5
4606,64.5,64.5
4607,64.5,64.5
4608,64.5,64.5
4609,64.5,64.5
4610,64.5,64.5
4611,64.5,64.5
4612,64.5,64.5
4613,64.5,64.5
4614,64.5,64.5
4615,64.5,64.5
4616,64.5,64.5
4617,64.5,64.5
4618,64.5,64.5
4619,64.5,64.5
4620,64.5,64.5
4621,64.5,64.5
4622,64.5,64.5
4623,64.5,64.5
4624,64.5,64.5
4625,64.5,64.5
4626,64.5,64.5
4627,64.5,64.5
4628,64.5,64.5
4629,64.5,64.5
4630,64.5,64.5
4631,64.5,64.5
4632,64.5,64.5
4633,64.5,64.5
4634,64.5,64.5
4635,64.5,64.5
4636,64.5,64.5
4637,64.5,64.5
4638,64.5,64.5
4639,64.5,64.5
4640,64.5,64.5
4641,64.5,64.5
4642,64.5,64.5
4643,64.5,64.5
4644,64.5,64.5
4645,64.5,64.5
4646,64.5,64.5
4647,64.5,64.5
4648,64.5,64.5
4649,64.5,64.5
4650,64.5,64.5
4651,64.5,64.5
4652,64.5,64.5
4653,64.5,64.5
4654,64.5,64.5
4655,64.5,64.5
4656,64.5,64.5
4657,64.5,64.5
4658,64.5,64.5
4659,64.5,64.5
4660,64.5,64.5
4661,64.5,64.5
4662,64.5,64.5
4663,64.5,64.5
4664,64.5,64.5
4665,64.5,64.5
4666,64.5,64.5
4667,64.5,64.5
4668,64.5,64.5
4669,64.5,64.5
4670,64.5,64.5
4671,64.5,64.5
4672,64.5,64.5
4673,64.5,64.5
4674,64.5,64.5
4675,64.5,64.5
4676,64.5,64.5
4677,64.5,64.5
4678,64.5,64.5
4679,64.5,64.5
4680,64.5,64.5
4681,64.5,64.5
4682,64.5,64.5
4683,64.5,64.5
4684,64.5,64.5
4685,64.5,64.5
4686,64.5,64.5
4687,64.5,64.5
4688,64.5,64.5
4689,64.5,64.5
4690,64.5,64.5
4691,64.5,64.5
4692,64.5,64.5
4693,64.5,64.5
4694,64.5,64.5
4695,64.5,64.5
4696,64.5,64.5
4697,64.5,64.5
4698,64.5,64.5
4699,64.5,64.5
4700,64.5,64.5
4701,64.5,64.5
4702,64.5,64.5
4703,64.5,64.5
4704,64.5,64.5
4705,64.5,64.5
4706,64.5,64.5
4707,64.5,64.5
4708,64.5,64.5
4709,64.5,64.5
4710,64.5,64.5
4711,64.5,64.5
4712,64.5,64.5
4713,64.5,64.5
4714,64.5,64.5
4715,64.5,64.5
4716,64.5,64.5
4717,64.5,64.5
4718,64.5,64.5
4719,64.5,64.5
4720,64.5,64.5
4721,64.5,64.5
4722,64.5,64.5
4723,64.5,64.5
4724,64.5,64.5
4725,64.5,64.5
4726,64.5,64.5
4727,64.5,64.5
4728,64.5,64.5
4729,64.5,64.5
4730,64.5,64.5
4731,64.5,64.5
4732,64.5,64.5
4733,64.5,64.5
4734,64.5,64.5
4735,64.5,64.5
4736,64.5,64.5
4737,64.5,64.5
4738,64.5,64.5
4739,64.5,64.5
4740,64.5,64.5
4741,64.5,64.5
4742,64.5,64.5
4743,64.5,64.5
4744,64.5,64.5
4745,64.5,64.5
4746,64.5,64.5
4747,64.5,64.5
4748,64.5,64.5
4749,64.5,64.5
4750,64.5,64.5
4751,64.5,64.5
4752,64.5,64.5
4753,64.5,64.5
4754,64.5,64.5
4755,64.5,64.5
4756,64.5,64.5
4757,64.5,64.5
4758,64.5,64.5
4759,64.5,64.5
4760,64.5,64.5
4761,64.5,64.5
4762,64.5,64.5
4763,64.5,64.5
4764,64.5,64.5
4765,64.5,64.5
4766,64.5,64.5
4767,64.5,64.5
4768,64.5,64.5
4769,64.5,64.5
4770,64.5,64.5
4771,64.5,64.5
4772,64.5,64.5
4773,64.5,64.5
4774,64.5,64.5
4775,64.5,64.5
4776,64.5,64.5
4777,64.5,64.5
4778,64.5,64.5
4779,64.5,64.5
4780,64.5,64.5
4781,64.5,64.5
4782,64.5,64.5
4783,64.5,64.5
4784,64.5,64.5
4785,64.5,64.5
4786,64.5,64.5
4787,64.5,64.5
4788,64.5,64.5
4789,64.5,64.5
4790,64.5,64.5
4791,64.5,64.5
4792,64.5,64.5
4793,64.5,64.5
4794,64.5,64.5
4795,64.5,64.5
4796,64.5,64.5
4797,64.5,64.5
4798,64.5,64.5
4799,64.5,64.5
4800,64.5,64.5
4801,64.5,64.5
4802,64.5,64.5
4803,64.5,64.5
4804,64.5,64.5
4805,64.5,64.5
4806,64.5,64.5
4807,64.5,64.5
4808,64.5,64.5
4809,64.5,64.5
4810,64.5,64.5
4811,64.5,64.5
4812,64.5,64.5
4813,64.5,64.5
4814,64.5,64.5
4815,64.5,64.5
4816,64.5,64.5
4817,64.5,64.5
4818,64.5,64.5
4819,64.5,64.5
4820,64.5,64.5
4821,64.5,64.5
4822,64.5,64.5
4823,64.5,64.5
4824,64.5,64.5
4825,64.5,64.5
4826,64.5,64.5
4827,64.5,64.5
4828,64.5,64.5
4829,64.5,64.5
4830,64.5,64.5
4831,64.5,64.5
4832,64.5,64.5
4833,64.5,64.5
4834,64.5,64.5
4835,64.5,64.5
4836,64.5,64.5
4837,64.5,64.5
4838,64.5,64.5
4839,64.5,64.5
4840,64.5,64.5
4841,64.5,64.5
4842,64.5,64.5
4843,64.5,64.5
4844,64.5,64.5
4845,64.5,64.5
4846,64.5,64.5
4847,64.5,64.5
4848,64.5,64.5
4849,64.5,64.5
4850,64.5,64.5
4851,64.5,64.5
4852,64.5,64.5
4853,64.5,64.5
4854,64.5,64.5
4855,64.5,64.5
4856,64.5,64.5
4857,64.5,64.5
4858,64.5,64.5
4859,64.5,64.5
4860,64.5,64.5
4861,64.5,64.5
4862,64.5,64.5
4863,64.5,64.5
4864,64.5,64.5
4865,64.5,64.5
4866,64.5,64.5
4867,64.5,64.5
4868,64.5,64.5
4869,64.5,64.5
4870,64.5,64.5
4871,64.5,64.5
4872,64.5,64.5
4873,64.5,64.5
4874,64.5,64.5
4875,64.5,64.5
4876,64.5,64.5
4877,64.5,64.5
4878,64.5,64.5
4879,64.5,64.5
4880,64.5,64.5
4881,64.5,64.5
4882,64.5,64.5
4883,64.5,64.5
4884,64.5,64.5
4885,64.5,64.5
4886,64.5,64.5
4887,64.5,64.5
4888,64.5,64.5
4889,64.5,64.5
4890,64.5,64.5
4891,64.5,64.5
4892,64.5,64.5
4893,64.5,64.5
4894,64.5,64.5
4895,64.5,64.5
4896,64.5,64.5
4897,64.5,64.5
4898,64.5,64.5
4899,64.5,64.5
4900,64.5,64.5
4901,64.5,64.5
4902,64.5,64.5
4903,64.5,64.5
4904,64.5,64.5
4905,64.5,64.5
4906,64.5,64.5
4907,64.5,64.5
4908,64.5,64.5
4909,64.5,64.5
4910,64.5,64.5
4911,64.5,64.5
4912,64.5,64.5
4913,64.5,64.5
4914,64.5,64.5
4915,64.5,64.5
4916,64.5,64.5
4917,64.5,64.5
4918,64.5,64.5
4919,64.5,64.5
4920,64.5,64.5
4921,64.5,64.5
4922,64.5,64.5
4923,64.5,64.5
4924,64.5,64.5
4925,64.5,64.5
4926,64.5,64.5
4927,64.5,64.5
4928,64.5,64.5
4929,64.5,64.5
4930,64.5,64.5
4931,64.5,64.5
4932,64.5,64.5
4933,64.5,64.5
4934,64.5,64.5
4935,64.5,64.5
4936,64.5,64.5
4937,64.5,64.5
4938,64.5,64.5
4939,64.5,64.5
4940,64.5,64.5
4941,64.5,64.5
4942,64.5,64.5
4943,64.5,64.5
4944,64.5,64.5
4945,64.5,64.5
4946,64.5,64.5
4947,64.5,64.5
4948,64.5,64.5
4949,64.5,64.5
4950,64.5,64.5
4951,64.5,64.5
4952,64.5,64.5
4953,64.5,64.5
4954,64.5,64.5
4955,64.5,64.5
4956,64.5,64.5
4957,64.5,64.5
4958,64.5,64.5
4959,64.5,64.5
4960,64.5,64.5
4961,64.5,64.5
4962,64.5,64.5
4963,64.5,64.5
4964,64.5,64.5
4965,64.5,64.5
4966,64.5,64.5
4967,64.5,64.5
4968,64.5,64.5
4969,64.5,64.5
4970,64.5,64.5
4971,64.5,64.5
4972,64.5,64.5
4973,64.5,64.5
4974,64.5,64.5
4975,64.5,64.5
4976,64.5,64.5
4977,64.5,64.5
4978,64.5,64.5
4979,64.5,64.5
4980,64.5,64.5
4981,64.5,64.5
4982,64.5,64.5
4983,64.5,64.5
4984,64.5,64.5
4985,64.5,64.5
4986,64.5,64.5
4987,64.5,64.5
4988,64.5,64.5
4989,64.5,64.5
4990,64.5,64.5
4991,64.5,64.5
4992,64.5,64.5
4993,64.5,64.5
4994,64.5,64.5
4995,64.5,64.5
4996,64.5,64.5
4997,64.5,64.5
4998,64.5,64.5
4999,64.5,64.5
