,hsa_js,add_js
0,0.30000000000000004,0.0
1,0.30000000000000004,0.0
2,0.5,0.0
3,0.5,0.0
4,0.5,0.0
5,0.6000000000000001,0.0
6,0.6000000000000001,0.0
7,0.6000000000000001,0.0
8,0.7000000000000001,0.0
9,0.7000000000000001,0.0
10,0.8,0.0
11,0.8,0.0
12,0.8,0.0
13,0.8,0.0
14,1.0,0.0
15,1.0,0.0
16,1.0,0.0
17,1.0,0.0
18,1.0,0.0
19,1.1,0.0
20,1.1,0.0
21,1.1,0.0
22,1.1,0.0
23,1.1,0.0
24,1.3,0.0
25,1.3,0.0
26,1.3,0.0
27,1.3,0.0
28,1.4000000000000001,0.0
29,1.4000000000000001,0.0
30,1.4000000000000001,0.0
31,1.4000000000000001,0.0
32,1.5,0.0
33,1.5,0.0
34,1.5,0.0
35,1.5,0.0
36,1.5,0.0
37,1.5,0.0
38,1.5,0.0
39,1.5,0.0
40,1.6,0.0
41,1.6,0.0
42,1.6,0.0
43,1.6,0.0
44,1.7000000000000002,0.0
45,1.7000000000000002,0.0
46,1.8,0.0
47,1.8,0.0
48,1.8,0.0
49,1.8,0.0
50,1.9000000000000001,0.0
51,1.9000000000000001,0.0
52,1.9000000000000001,0.0
53,1.9000000000000001,0.0
54,1.9000000000000001,0.0
55,1.9000000000000001,0.0
56,2.0,0.0
57,2.0,0.0
58,2.0,0.0
59,2.0,0.0
60,2.0,0.0
61,2.2,0.0
62,2.2,0.0
63,2.2,0.0
64,2.2,0.0
65,2.2,0.0
66,2.2,0.0
67,2.2,0.0
68,2.2,0.0
69,2.2,0.0
70,2.2,0.0
71,2.2,0.0
72,2.4000000000000004,0.0
73,2.4000000000000004,0.0
74,2.4000000000000004,0.0
75,2.4000000000000004,0.0
76,2.4000000000000004,0.0
77,2.4000000000000004,0.0
78,2.6,0.0
79,2.6,0.0
80,2.6,0.0
81,2.6,0.0
82,2.6,0.0
83,2.6,0.0
84,2.6,0.0
85,2.6,0.0
86,2.7,0.0
87,2.7,0.0
88,2.7,0.0
89,2.7,0.0
90,2.7,0.0
91,2.7,0.0
92,2.8000000000000003,0.0
93,2.9000000000000004,0.0
94,2.9000000000000004,0.0
95,2.9000000000000004,0.0
96,2.9000000000000004,0.0
97,2.9000000000000004,0.0
98,3.0,0.0
99,3.0,0.0
100,3.0,0.0
101,3.0,0.0
102,3.0,0.0
103,3.0,0.0
104,3.0,0.0
105,3.1,0.0
106,3.1,0.0
107,3.1,0.0
108,3.1,0.0
109,3.1,0.0
110,3.1,0.0
111,3.1,0.0
112,3.1,0.0
113,3.1,0.0
114,3.1,0.0
115,3.1,0.0
116,3.1,0.0
117,3.1,0.0
118,3.4000000000000004,0.0
119,3.4000000000000004,0.0
120,3.4000000000000004,0.0
121,3.4000000000000004,0.0
122,3.4000000000000004,0.0
123,3.4000000000000004,0.0
124,3.4000000000000004,0.0
125,3.4000000000000004,0.0
126,3.4000000000000004,0.0
127,3.4000000000000004,0.0
128,3.4000000000000004,0.0
129,3.5,0.0
130,3.5,0.0
131,3.5,0.0
132,3.5,0.0
133,3.5,0.0
134,3.5,0.0
135,3.5,0.0
136,3.6,0.0
137,3.6,0.0
138,3.6,0.0
139,3.6,0.0
140,3.6,0.0
141,3.7,0.0
142,3.7,0.0
143,3.7,0.0
144,3.7,0.0
145,3.8000000000000003,0.0
146,3.8000000000000003,0.0
147,3.8000000000000003,0.0
148,3.8000000000000003,0.0
149,4.1000000000000005,0.0
150,4.1000000000000005,0.0
151,4.1000000000000005,0.0
152,4.1000000000000005,0.0
153,4.1000000000000005,0.0
154,4.1000000000000005,0.0
155,4.1000000000000005,0.0
156,4.1000000000000005,0.0
157,4.2,0.0
158,4.2,0.0
159,4.2,0.0
160,4.2,0.0
161,4.2,0.0
162,4.2,0.0
163,4.2,0.0
164,4.2,0.0
165,4.2,0.0
166,4.3,0.0
167,4.3,0.0
168,4.3,0.0
169,4.3,0.0
170,4.3,0.0
171,4.3,0.0
172,4.3,0.0
173,4.3,0.0
174,4.3,0.0
175,4.3,0.0
176,4.3,0.0
177,4.3,0.0
178,4.3,0.0
179,4.3,0.0
180,4.3,0.0
181,4.3,0.0
182,4.5,0.0
183,4.5,0.0
184,4.5,0.0
185,4.5,0.0
186,4.5,0.0
187,4.5,0.0
188,4.5,0.0
189,4.5,0.0
190,4.5,0.0
191,4.5,0.0
192,4.7,0.0
193,4.7,0.0
194,4.7,0.0
195,4.7,0.0
196,4.7,0.0
197,4.7,0.0
198,4.7,0.0
199,4.7,0.0
200,4.7,0.0
201,4.7,0.0
202,4.7,0.0
203,4.7,0.0
204,4.7,0.0
205,4.7,0.0
206,5.0,0.0
207,5.0,0.0
208,5.0,0.0
209,5.0,0.0
210,5.0,0.0
211,5.0,0.0
212,5.0,0.0
213,5.0,0.0
214,5.0,0.0
215,5.0,0.0
216,5.0,0.0
217,5.0,0.0
218,5.0,0.0
219,5.0,0.0
220,5.0,0.0
221,5.0,0.0
222,5.0,0.0
223,5.0,0.0
224,5.0,0.0
225,5.0,0.0
226,5.0,0.0
227,5.0,0.0
228,5.0,0.0
229,5.2,0.0
230,5.2,0.0
231,5.2,0.0
232,5.2,0.0
233,5.2,0.0
234,5.2,0.0
235,5.2,0.0
236,5.2,0.0
237,5.2,0.0
238,5.2,0.0
239,5.2,0.0
240,5.300000000000001,0.0
241,5.300000000000001,0.0
242,5.300000000000001,0.0
243,5.300000000000001,0.0
244,5.300000000000001,0.0
245,5.300000000000001,0.0
246,5.300000000000001,0.0
247,5.300000000000001,0.0
248,5.300000000000001,0.0
249,5.300000000000001,0.0
250,5.300000000000001,0.0
251,5.300000000000001,0.0
252,5.300000000000001,0.0
253,5.300000000000001,0.0
254,5.300000000000001,0.0
255,5.4,0.0
256,5.4,0.0
257,5.4,0.0
258,5.4,0.0
259,5.4,0.0
260,5.4,0.0
261,5.4,0.0
262,5.4,0.0
263,5.5,0.0
264,5.5,0.0
265,5.5,0.0
266,5.5,0.0
267,5.5,0.0
268,5.5,0.0
269,5.5,0.0
270,5.5,0.0
271,5.5,0.0
272,5.5,0.0
273,5.5,0.0
274,5.5,0.0
275,5.5,0.0
276,5.5,0.0
277,5.5,0.0
278,5.5,0.0
279,5.5,0.0
280,5.5,0.0
281,5.5,0.0
282,5.6000000000000005,0.0
283,5.6000000000000005,0.0
284,5.6000000000000005,0.0
285,5.6000000000000005,0.0
286,5.6000000000000005,0.0
287,5.6000000000000005,0.0
288,5.6000000000000005,0.0
289,5.6000000000000005,0.0
290,5.6000000000000005,0.0
291,5.6000000000000005,0.0
292,5.7,0.0
293,5.7,0.0
294,5.7,0.0
295,5.7,0.0
296,5.7,0.0
297,5.7,0.0
298,5.7,0.0
299,5.7,0.0
300,5.7,0.0
301,5.800000000000001,0.0
302,5.800000000000001,0.0
303,5.9,0.0
304,5.9,0.0
305,5.9,0.0
306,6.1000000000000005,0.0
307,6.1000000000000005,0.0
308,6.1000000000000005,0.0
309,6.1000000000000005,0.0
310,6.1000000000000005,0.0
311,6.1000000000000005,0.0
312,6.1000000000000005,0.0
313,6.1000000000000005,0.0
314,6.1000000000000005,0.0
315,6.1000000000000005,0.0
316,6.1000000000000005,0.0
317,6.1000000000000005,0.0
318,6.1000000000000005,0.0
319,6.1000000000000005,0.0
320,6.1000000000000005,0.0
321,6.1000000000000005,0.0
322,6.2,0.0
323,6.2,0.0
324,6.2,0.0
325,6.2,0.0
326,6.2,0.0
327,6.2,0.0
328,6.2,0.0
329,6.2,0.0
330,6.4,0.0
331,6.4,0.0
332,6.4,0.0
333,6.4,0.0
334,6.4,0.0
335,6.4,0.0
336,6.4,0.0
337,6.6000000000000005,0.0
338,6.6000000000000005,0.0
339,6.6000000000000005,0.0
340,6.6000000000000005,0.0
341,6.6000000000000005,0.0
342,6.6000000000000005,0.0
343,6.6000000000000005,0.0
344,6.6000000000000005,0.0
345,6.6000000000000005,0.0
346,6.6000000000000005,0.0
347,6.6000000000000005,0.0
348,6.800000000000001,0.0
349,6.800000000000001,0.0
350,6.800000000000001,0.0
351,6.800000000000001,0.0
352,6.9,0.0
353,6.9,0.0
354,6.9,0.0
355,6.9,0.0
356,6.9,0.0
357,6.9,0.0
358,6.9,0.0
359,6.9,0.0
360,6.9,0.0
361,6.9,0.0
362,6.9,0.0
363,6.9,0.0
364,7.0,0.0
365,7.0,0.0
366,7.0,0.0
367,7.0,0.0
368,7.0,0.0
369,7.0,0.0
370,7.0,0.0
371,7.0,0.0
372,7.0,0.0
373,7.1000000000000005,0.0
374,7.1000000000000005,0.0
375,7.1000000000000005,0.0
376,7.1000000000000005,0.0
377,7.1000000000000005,0.0
378,7.1000000000000005,0.0
379,7.1000000000000005,0.0
380,7.1000000000000005,0.0
381,7.1000000000000005,0.0
382,7.1000000000000005,0.0
383,7.300000000000001,0.0
384,7.300000000000001,0.0
385,7.300000000000001,0.0
386,7.300000000000001,0.0
387,7.300000000000001,0.0
388,7.300000000000001,0.0
389,7.300000000000001,0.0
390,7.300000000000001,0.0
391,7.300000000000001,0.0
392,7.300000000000001,0.0
393,7.300000000000001,0.0
394,7.300000000000001,0.0
395,7.300000000000001,0.0
396,7.300000000000001,0.0
397,7.300000000000001,0.0
398,7.300000000000001,0.0
399,7.300000000000001,0.0
400,7.300000000000001,0.0
401,7.300000000000001,0.0
402,7.300000000000001,0.0
403,7.300000000000001,0.0
404,7.5,0.0
405,7.5,0.0
406,7.5,0.0
407,7.5,0.0
408,7.5,0.0
409,7.5,0.0
410,7.5,0.0
411,7.5,0.0
412,7.5,0.0
413,7.6000000000000005,0.0
414,7.6000000000000005,0.0
415,7.6000000000000005,0.0
416,7.6000000000000005,0.0
417,7.6000000000000005,0.0
418,7.6000000000000005,0.0
419,7.6000000000000005,0.0
420,7.6000000000000005,0.0
421,7.6000000000000005,0.0
422,7.6000000000000005,0.0
423,7.6000000000000005,0.0
424,7.6000000000000005,0.0
425,7.6000000000000005,0.0
426,7.6000000000000005,0.0
427,7.6000000000000005,0.0
428,7.6000000000000005,0.0
429,7.6000000000000005,0.0
430,7.6000000000000005,0.0
431,7.6000000000000005,0.0
432,7.6000000000000005,0.0
433,7.6000000000000005,0.0
434,7.6000000000000005,0.0
435,7.6000000000000005,0.0
436,7.6000000000000005,0.0
437,7.6000000000000005,0.0
438,7.6000000000000005,0.0
439,7.6000000000000005,0.0
440,7.6000000000000005,0.0
441,7.6000000000000005,0.0
442,7.6000000000000005,0.0
443,7.6000000000000005,0.0
444,7.6000000000000005,0.0
445,7.6000000000000005,0.0
446,7.6000000000000005,0.0
447,7.6000000000000005,0.0
448,7.6000000000000005,0.0
449,7.6000000000000005,0.0
450,7.6000000000000005,0.0
451,7.800000000000001,0.0
452,7.800000000000001,0.0
453,7.800000000000001,0.0
454,7.800000000000001,0.0
455,7.800000000000001,0.0
456,7.800000000000001,0.0
457,7.800000000000001,0.0
458,7.800000000000001,0.0
459,7.800000000000001,0.0
460,7.800000000000001,0.0
461,7.800000000000001,0.0
462,7.800000000000001,0.0
463,7.800000000000001,0.0
464,7.800000000000001,0.0
465,8.0,0.0
466,8.0,0.0
467,8.0,0.0
468,8.0,0.0
469,8.0,0.0
470,8.0,0.0
471,8.0,0.0
472,8.0,0.0
473,8.1,0.0
474,8.1,0.0
475,8.1,0.0
476,8.1,0.0
477,8.1,0.0
478,8.1,0.0
479,8.1,0.0
480,8.1,0.0
481,8.1,0.0
482,8.1,0.0
483,8.1,0.0
484,8.1,0.0
485,8.1,0.0
486,8.1,0.0
487,8.1,0.0
488,8.1,0.0
489,8.1,0.0
490,8.1,0.0
491,8.1,0.0
492,8.1,0.0
493,8.1,0.0
494,8.1,0.0
495,8.1,0.0
496,8.1,0.0
497,8.1,0.0
498,8.1,0.0
499,8.1,0.0
500,8.200000000000001,0.0
501,8.200000000000001,0.0
502,8.200000000000001,0.0
503,8.200000000000001,0.0
504,8.200000000000001,0.0
505,8.200000000000001,0.0
506,8.200000000000001,0.0
507,8.200000000000001,0.0
508,8.200000000000001,0.0
509,8.200000000000001,0.0
510,8.200000000000001,0.0
511,8.200000000000001,0.0
512,8.200000000000001,0.0
513,8.200000000000001,0.0
514,8.200000000000001,0.0
515,8.200000000000001,0.0
516,8.3,0.0
517,8.3,0.0
518,8.3,0.0
519,8.3,0.0
520,8.3,0.0
521,8.5,0.0
522,8.5,0.0
523,8.5,0.0
524,8.5,0.0
525,8.5,0.0
526,8.5,0.0
527,8.5,0.0
528,8.5,0.0
529,8.5,0.0
530,8.5,0.0
531,8.5,0.0
532,8.5,0.0
533,8.5,0.0
534,8.5,0.0
535,8.5,0.0
536,8.5,0.0
537,8.5,0.0
538,8.5,0.0
539,8.5,0.0
540,8.5,0.0
541,8.5,0.0
542,8.5,0.0
543,8.5,0.0
544,8.5,0.0
545,8.5,0.0
546,8.5,0.0
547,8.5,0.0
548,8.5,0.0
549,8.5,0.0
550,8.5,0.0
551,8.700000000000001,0.0
552,8.700000000000001,0.0
553,8.700000000000001,0.0
554,8.700000000000001,0.0
555,8.700000000000001,0.0
556,8.700000000000001,0.0
557,8.700000000000001,0.0
558,8.700000000000001,0.0
559,8.700000000000001,0.0
560,8.700000000000001,0.0
561,8.700000000000001,0.0
562,8.700000000000001,0.0
563,8.700000000000001,0.0
564,8.700000000000001,0.0
565,8.700000000000001,0.0
566,8.700000000000001,0.0
567,8.700000000000001,0.0
568,8.700000000000001,0.0
569,8.700000000000001,0.0
570,8.8,0.0
571,8.8,0.0
572,8.8,0.0
573,8.8,0.0
574,8.8,0.0
575,8.8,0.0
576,8.8,0.0
577,8.8,0.0
578,8.8,0.0
579,8.9,0.0
580,8.9,0.0
581,8.9,0.0
582,8.9,0.0
583,8.9,0.0
584,8.9,0.0
585,8.9,0.0
586,8.9,0.0
587,8.9,0.0
588,8.9,0.0
589,9.0,0.0
590,9.0,0.0
591,9.0,0.0
592,9.0,0.0
593,9.0,0.0
594,9.1,0.0
595,9.1,0.0
596,9.1,0.0
597,9.1,0.0
598,9.1,0.0
599,9.1,0.0
600,9.1,0.0
601,9.1,0.0
602,9.1,0.0
603,9.1,0.0
604,9.1,0.0
605,9.1,0.0
606,9.1,0.0
607,9.1,0.0
608,9.1,0.0
609,9.200000000000001,0.0
610,9.200000000000001,0.0
611,9.200000000000001,0.0
612,9.200000000000001,0.0
613,9.200000000000001,0.0
614,9.200000000000001,0.0
615,9.4,0.0
616,9.4,0.0
617,9.4,0.0
618,9.4,0.0
619,9.5,0.0
620,9.5,0.0
621,9.5,0.0
622,9.5,0.0
623,9.5,0.0
624,9.5,0.0
625,9.5,0.0
626,9.5,0.0
627,9.5,0.0
628,9.5,0.0
629,9.5,0.0
630,9.5,0.0
631,9.5,0.0
632,9.5,0.0
633,9.5,0.0
634,9.600000000000001,0.0
635,9.600000000000001,0.0
636,9.600000000000001,0.0
637,9.600000000000001,0.0
638,9.600000000000001,0.0
639,9.600000000000001,0.0
640,9.600000000000001,0.0
641,9.600000000000001,0.0
642,9.600000000000001,0.0
643,9.600000000000001,0.0
644,9.600000000000001,0.0
645,9.600000000000001,0.0
646,9.600000000000001,0.0
647,9.600000000000001,0.0
648,9.600000000000001,0.0
649,9.600000000000001,0.0
650,9.600000000000001,0.0
651,9.600000000000001,0.0
652,9.600000000000001,0.0
653,9.600000000000001,0.0
654,9.600000000000001,0.0
655,9.600000000000001,0.0
656,9.600000000000001,0.0
657,9.600000000000001,0.0
658,9.600000000000001,0.0
659,9.600000000000001,0.0
660,9.700000000000001,0.0
661,9.700000000000001,0.0
662,9.700000000000001,0.0
663,9.700000000000001,0.0
664,9.700000000000001,0.0
665,9.700000000000001,0.0
666,9.700000000000001,0.0
667,9.700000000000001,0.0
668,9.700000000000001,0.0
669,9.700000000000001,0.0
670,9.700000000000001,0.0
671,9.700000000000001,0.0
672,9.700000000000001,0.0
673,9.700000000000001,0.0
674,9.700000000000001,0.0
675,10.100000000000001,0.0
676,10.100000000000001,0.0
677,10.100000000000001,0.0
678,10.100000000000001,0.0
679,10.100000000000001,0.0
680,10.100000000000001,0.0
681,10.100000000000001,0.0
682,10.100000000000001,0.0
683,10.100000000000001,0.0
684,10.100000000000001,0.0
685,10.100000000000001,0.0
686,10.100000000000001,0.0
687,10.100000000000001,0.0
688,10.100000000000001,0.0
689,10.100000000000001,0.0
690,10.100000000000001,0.0
691,10.100000000000001,0.0
692,10.3,0.0
693,10.3,0.0
694,10.3,0.0
695,10.3,0.0
696,10.3,0.0
697,10.3,0.0
698,10.3,0.0
699,10.3,0.0
700,10.3,0.0
701,10.3,0.0
702,10.3,0.0
703,10.3,0.0
704,10.3,0.0
705,10.3,0.0
706,10.4,0.0
707,10.4,0.0
708,10.4,0.0
709,10.4,0.0
710,10.4,0.0
711,10.4,0.0
712,10.4,0.0
713,10.4,0.0
714,10.4,0.0
715,10.4,0.0
716,10.600000000000001,0.0
717,10.600000000000001,0.0
718,10.600000000000001,0.0
719,10.600000000000001,0.0
720,10.600000000000001,0.0
721,10.600000000000001,0.0
722,10.600000000000001,0.0
723,10.600000000000001,0.0
724,10.600000000000001,0.0
725,10.600000000000001,0.0
726,10.600000000000001,0.0
727,10.600000000000001,0.0
728,10.600000000000001,0.0
729,10.600000000000001,0.0
730,10.600000000000001,0.0
731,10.600000000000001,0.0
732,10.600000000000001,0.0
733,10.600000000000001,0.0
734,10.600000000000001,0.0
735,10.600000000000001,0.0
736,10.600000000000001,0.0
737,10.700000000000001,0.0
738,10.700000000000001,0.0
739,10.700000000000001,0.0
740,10.700000000000001,0.0
741,10.700000000000001,0.0
742,10.700000000000001,0.0
743,10.700000000000001,0.0
744,10.700000000000001,0.0
745,10.700000000000001,0.0
746,10.700000000000001,0.0
747,10.700000000000001,0.0
748,10.700000000000001,0.0
749,10.700000000000001,0.0
750,10.8,0.0
751,10.8,0.0
752,10.8,0.0
753,10.8,0.0
754,10.8,0.0
755,10.8,0.0
756,10.8,0.0
757,10.8,0.0
758,10.8,0.0
759,10.8,0.0
760,10.8,0.0
761,10.8,0.0
762,10.8,0.0
763,10.8,0.0
764,10.8,0.0
765,11.0,0.0
766,11.0,0.0
767,11.0,0.0
768,11.0,0.0
769,11.0,0.0
770,11.0,0.0
771,11.0,0.0
772,11.0,0.0
773,11.0,0.0
774,11.0,0.0
775,11.0,0.0
776,11.0,0.0
777,11.0,0.0
778,11.0,0.0
779,11.0,0.0
780,11.0,0.0
781,11.0,0.0
782,11.0,0.0
783,11.0,0.0
784,11.100000000000001,0.0
785,11.100000000000001,0.0
786,11.100000000000001,0.0
787,11.100000000000001,0.0
788,11.100000000000001,0.0
789,11.100000000000001,0.0
790,11.100000000000001,0.0
791,11.100000000000001,0.0
792,11.100000000000001,0.0
793,11.100000000000001,0.0
794,11.100000000000001,0.0
795,11.100000000000001,0.0
796,11.100000000000001,0.0
797,11.100000000000001,0.0
798,11.100000000000001,0.0
799,11.100000000000001,0.0
800,11.100000000000001,0.0
801,11.100000000000001,0.0
802,11.100000000000001,0.0
803,11.100000000000001,0.0
804,11.100000000000001,0.0
805,11.100000000000001,0.0
806,11.100000000000001,0.0
807,11.100000000000001,0.0
808,11.100000000000001,0.0
809,11.100000000000001,0.0
810,11.3,0.0
811,11.3,0.0
812,11.3,0.0
813,11.3,0.0
814,11.3,0.0
815,11.3,0.0
816,11.3,0.0
817,11.3,0.0
818,11.5,0.0
819,11.5,0.0
820,11.5,0.0
821,11.5,0.0
822,11.5,0.0
823,11.5,0.0
824,11.5,0.0
825,11.5,0.0
826,11.5,0.0
827,11.5,0.0
828,11.5,0.0
829,11.600000000000001,0.0
830,11.600000000000001,0.0
831,11.600000000000001,0.0
832,11.600000000000001,0.0
833,11.600000000000001,0.0
834,11.600000000000001,0.0
835,11.600000000000001,0.0
836,11.600000000000001,0.0
837,11.700000000000001,0.0
838,11.700000000000001,0.0
839,11.700000000000001,0.0
840,11.700000000000001,0.0
841,11.700000000000001,0.0
842,11.700000000000001,0.0
843,11.700000000000001,0.0
844,11.700000000000001,0.0
845,11.700000000000001,0.0
846,11.700000000000001,0.0
847,11.700000000000001,0.0
848,11.700000000000001,0.0
849,11.700000000000001,0.0
850,11.700000000000001,0.0
851,11.700000000000001,0.0
852,11.700000000000001,0.0
853,11.8,0.0
854,11.8,0.0
855,11.8,0.0
856,11.8,0.0
857,11.8,0.0
858,11.8,0.0
859,11.8,0.0
860,11.8,0.0
861,11.8,0.0
862,12.200000000000001,0.0
863,12.200000000000001,0.0
864,12.200000000000001,0.0
865,12.200000000000001,0.0
866,12.200000000000001,0.0
867,12.200000000000001,0.0
868,12.200000000000001,0.0
869,12.200000000000001,0.0
870,12.200000000000001,0.0
871,12.5,0.0
872,12.5,0.0
873,12.5,0.0
874,12.5,0.0
875,12.5,0.0
876,12.5,0.0
877,12.5,0.0
878,12.700000000000001,0.0
879,12.700000000000001,0.0
880,12.700000000000001,0.0
881,12.700000000000001,0.0
882,12.700000000000001,0.0
883,12.700000000000001,0.0
884,12.700000000000001,0.0
885,12.700000000000001,0.0
886,12.700000000000001,0.0
887,12.700000000000001,0.0
888,12.700000000000001,0.0
889,12.700000000000001,0.0
890,12.700000000000001,0.0
891,12.700000000000001,0.0
892,12.9,0.0
893,12.9,0.0
894,12.9,0.0
895,12.9,0.0
896,12.9,0.0
897,12.9,0.0
898,13.100000000000001,0.0
899,13.100000000000001,0.0
900,13.100000000000001,0.0
901,13.100000000000001,0.0
902,13.100000000000001,0.0
903,13.100000000000001,0.0
904,13.100000000000001,0.0
905,13.200000000000001,0.0
906,13.200000000000001,0.0
907,13.200000000000001,0.0
908,13.200000000000001,0.0
909,13.200000000000001,0.0
910,13.4,0.0
911,13.4,0.0
912,13.4,0.0
913,13.600000000000001,0.0
914,13.600000000000001,0.0
915,13.600000000000001,0.0
916,13.700000000000001,0.0
917,13.700000000000001,0.0
918,13.700000000000001,0.0
919,13.700000000000001,0.0
920,13.700000000000001,0.0
921,13.700000000000001,0.0
922,13.700000000000001,0.0
923,13.700000000000001,0.0
924,13.700000000000001,0.0
925,13.700000000000001,0.0
926,13.700000000000001,0.0
927,13.700000000000001,0.0
928,13.8,0.0
929,13.8,0.0
930,13.8,0.0
931,13.8,0.0
932,14.100000000000001,0.0
933,14.100000000000001,0.0
934,14.100000000000001,0.0
935,14.100000000000001,0.0
936,14.100000000000001,0.0
937,14.3,0.0
938,14.3,0.0
939,14.3,0.0
940,14.3,0.0
941,14.3,0.0
942,14.3,0.0
943,14.3,0.0
944,14.3,0.0
945,14.3,0.0
946,14.3,0.0
947,14.3,0.0
948,14.3,0.0
949,14.3,0.0
950,14.3,0.0
951,14.3,0.0
952,14.3,0.0
953,14.3,0.0
954,14.5,0.0
955,14.5,0.0
956,14.5,0.0
957,14.5,0.0
958,14.5,0.0
959,14.5,0.0
960,14.5,0.0
961,14.5,0.0
962,14.5,0.0
963,14.5,0.0
964,14.5,0.0
965,14.5,0.0
966,14.5,0.0
967,14.5,0.0
968,14.5,0.0
969,14.5,0.0
970,14.5,0.0
971,14.5,0.0
972,14.5,0.0
973,14.5,0.0
974,14.5,0.0
975,14.5,0.0
976,14.5,0.0
977,14.5,0.0
978,14.5,0.0
979,14.5,0.0
980,14.5,0.0
981,14.5,0.0
982,14.5,0.0
983,14.5,0.0
984,14.5,0.0
985,14.700000000000001,0.0
986,14.700000000000001,0.0
987,14.700000000000001,0.0
988,14.700000000000001,0.0
989,14.700000000000001,0.0
990,14.700000000000001,0.0
991,14.700000000000001,0.0
992,14.700000000000001,0.0
993,14.700000000000001,0.0
994,14.700000000000001,0.0
995,14.700000000000001,0.0
996,14.700000000000001,0.0
997,14.700000000000001,0.0
998,14.700000000000001,0.0
999,14.700000000000001,0.0
1000,14.700000000000001,0.0
1001,14.700000000000001,0.0
1002,14.700000000000001,0.0
1003,14.700000000000001,0.0
1004,14.700000000000001,0.0
1005,14.700000000000001,0.0
1006,14.700000000000001,0.0
1007,14.700000000000001,0.0
1008,14.700000000000001,0.0
1009,14.700000000000001,0.0
1010,14.700000000000001,0.0
1011,14.700000000000001,0.0
1012,14.8,0.0
1013,14.8,0.0
1014,14.8,0.0
1015,14.8,0.0
1016,14.8,0.0
1017,14.8,0.0
1018,14.8,0.0
1019,14.8,0.0
1020,14.8,0.0
1021,14.8,0.0
1022,14.8,0.0
1023,14.8,0.0
1024,14.8,0.0
1025,14.8,0.0
1026,14.8,0.0
1027,14.8,0.0
1028,14.8,0.0
1029,14.8,0.0
1030,14.8,0.0
1031,15.0,0.0
1032,15.0,0.0
1033,15.0,0.0
1034,15.0,0.0
1035,15.0,0.0
1036,15.0,0.0
1037,15.0,0.0
1038,15.0,0.0
1039,15.0,0.0
1040,15.0,0.0
1041,15.0,0.0
1042,15.0,0.0
1043,15.0,0.0
1044,15.0,0.0
1045,15.0,0.0
1046,15.0,0.0
1047,15.0,0.0
1048,15.3,0.0
1049,15.3,0.0
1050,15.3,0.0
1051,15.3,0.0
1052,15.3,0.0
1053,15.3,0.0
1054,15.3,0.0
1055,15.3,0.0
1056,15.3,0.0
1057,15.3,0.0
1058,15.5,0.0
1059,15.5,0.0
1060,15.5,0.0
1061,15.5,0.0
1062,15.5,0.0
1063,15.5,0.0
1064,15.5,0.0
1065,15.5,0.0
1066,15.5,0.0
1067,15.5,0.0
1068,15.5,0.0
1069,15.5,0.0
1070,15.5,0.0
1071,15.5,0.0
1072,15.5,0.0
1073,15.5,0.0
1074,15.5,0.0
1075,15.5,0.0
1076,15.5,0.0
1077,15.5,0.0
1078,15.5,0.0
1079,15.5,0.0
1080,15.5,0.0
1081,15.5,0.0
1082,15.5,0.0
1083,15.5,0.0
1084,15.5,0.0
1085,15.5,0.0
1086,15.700000000000001,0.0
1087,15.700000000000001,0.0
1088,15.700000000000001,0.0
1089,15.700000000000001,0.0
1090,15.700000000000001,0.0
1091,15.700000000000001,0.0
1092,15.700000000000001,0.0
1093,15.700000000000001,0.0
1094,15.700000000000001,0.0
1095,15.700000000000001,0.0
1096,15.700000000000001,0.0
1097,15.700000000000001,0.0
1098,15.700000000000001,0.0
1099,16.0,0.0
1100,16.0,0.0
1101,16.0,0.0
1102,16.0,0.0
1103,16.0,0.0
1104,16.0,0.0
1105,16.400000000000002,0.0
1106,16.400000000000002,0.0
1107,16.400000000000002,0.0
1108,16.400000000000002,0.0
1109,16.400000000000002,0.0
1110,16.400000000000002,0.0
1111,16.400000000000002,0.0
1112,16.400000000000002,0.0
1113,16.400000000000002,0.0
1114,16.400000000000002,0.0
1115,16.400000000000002,0.0
1116,16.400000000000002,0.0
1117,16.400000000000002,0.0
1118,16.400000000000002,0.0
1119,16.400000000000002,0.0
1120,16.400000000000002,0.0
1121,16.400000000000002,0.0
1122,16.400000000000002,0.0
1123,16.400000000000002,0.0
1124,16.400000000000002,0.0
1125,16.400000000000002,0.0
1126,16.400000000000002,0.0
1127,16.400000000000002,0.0
1128,16.6,0.0
1129,16.6,0.0
1130,16.6,0.0
1131,16.6,0.0
1132,16.6,0.0
1133,16.6,0.0
1134,16.6,0.0
1135,16.6,0.0
1136,16.6,0.0
1137,16.6,0.0
1138,16.6,0.0
1139,16.6,0.0
1140,16.6,0.0
1141,16.6,0.0
1142,16.6,0.0
1143,16.6,0.0
1144,16.6,0.0
1145,16.6,0.0
1146,16.900000000000002,0.0
1147,16.900000000000002,0.0
1148,16.900000000000002,0.0
1149,16.900000000000002,0.0
1150,16.900000000000002,0.0
1151,16.900000000000002,0.0
1152,16.900000000000002,0.0
1153,17.1,0.0
1154,17.1,0.0
1155,17.1,0.0
1156,17.1,0.0
1157,17.7,0.0
1158,17.7,0.0
1159,17.7,0.0
1160,17.7,0.0
1161,17.7,0.0
1162,17.7,0.0
1163,17.7,0.03197752473770521
1164,17.7,0.03197752473770521
1165,17.7,0.03593390018728826
1166,17.7,0.03593390018728826
1167,17.7,0.046491969568891456
1168,17.8,0.07445345001905324
1169,17.8,0.13197752473770308
1170,17.8,0.1573052889794937
1171,17.8,0.18962922447085262
1172,17.8,0.19793645268758198
1173,17.8,0.2319775247377045
1174,17.8,0.2319775247377045
1175,17.8,0.2359339001872911
1176,17.8,0.24938093580625775
1177,17.8,0.24938093580626486
1178,17.8,0.25730528897949156
1179,17.8,0.2744534500190561
1180,17.8,0.34649196956889217
1181,17.8,0.3493809358062592
1182,17.8,0.3493809358062592
1183,18.0,0.3493809358062663
1184,18.0,0.3493809358062663
1185,18.0,0.3493809358062663
1186,18.0,0.3493809358062663
1187,18.0,0.36033734993010214
1188,18.0,0.37445345001905395
1189,18.0,0.37709876850148216
1190,18.0,0.4319775247377038
1191,18.0,0.4319775247377038
1192,18.0,0.43197752473770556
1193,18.0,0.43197752473770556
1194,18.0,0.4493809358062606
1195,18.0,0.4493809358062606
1196,18.0,0.4744534500190518
1197,18.0,0.4770987685014818
1198,18.0,0.5319775247377052
1199,18.0,0.5449024580246267
1200,18.0,0.549380935806262
1201,18.0,0.5493809358062691
1202,18.0,0.5591500505527591
1203,18.0,0.587912087912084
1204,18.0,0.6319775247377049
1205,18.0,0.6319775247377049
1206,18.3,0.6319775247377049
1207,18.3,0.646491969568892
1208,18.400000000000002,0.6744534500190547
1209,18.400000000000002,0.6879120879120855
1210,18.400000000000002,0.7319775247377045
1211,18.400000000000002,0.7348780932491294
1212,18.400000000000002,0.7464919695688916
1213,18.400000000000002,0.7493809358062649
1214,18.400000000000002,0.8348780932491273
1215,18.400000000000002,0.8464919695688922
1216,18.400000000000002,0.8464919695688922
1217,18.400000000000002,0.8493809358062663
1218,18.400000000000002,0.8493809358062663
1219,18.400000000000002,0.8493809358062663
1220,18.400000000000002,0.874453450019054
1221,18.400000000000002,0.874453450019054
1222,18.400000000000002,0.8744534500190575
1223,18.400000000000002,0.9319775247377038
1224,18.400000000000002,0.9319775247377056
1225,18.400000000000002,0.9879120879120862
1226,18.400000000000002,1.0319775247377034
1227,18.400000000000002,1.0359339001872883
1228,18.400000000000002,1.049380935806262
1229,18.400000000000002,1.131977524737703
1230,18.8,1.131977524737703
1231,18.8,1.1348780932491316
1232,18.8,1.146491969568892
1233,19.0,1.1744534500190547
1234,19.0,1.1744534500190547
1235,19.0,1.1744534500190547
1236,19.0,1.1744534500190547
1237,19.0,1.1782822004541451
1238,19.0,1.2319775247377045
1239,19.0,1.2464919695688916
1240,19.0,1.2493809358062649
1241,19.0,1.2493809358062649
1242,19.0,1.2493809358062649
1243,19.0,1.2493809358062649
1244,19.0,1.2493809358062649
1245,19.0,1.274453450019056
1246,19.0,1.2852783717037104
1247,19.0,1.3319775247377041
1248,19.200000000000003,1.3319775247377041
1249,19.200000000000003,1.3493809358062663
1250,19.200000000000003,1.3744534500190575
1251,19.200000000000003,1.3879120879120848
1252,19.200000000000003,1.4088889993867326
1253,19.200000000000003,1.4319775247377038
1254,19.200000000000003,1.4319775247377038
1255,19.200000000000003,1.4319775247377056
1256,19.200000000000003,1.4348780932491287
1257,19.200000000000003,1.4493809358062606
1258,19.200000000000003,1.4493809358062606
1259,19.200000000000003,1.4493809358062606
1260,19.200000000000003,1.4744534500190554
1261,19.200000000000003,1.4744534500190554
1262,19.200000000000003,1.4744534500190554
1263,19.200000000000003,1.4744534500190554
1264,19.200000000000003,1.508888999386734
1265,19.200000000000003,1.5207619931601783
1266,19.200000000000003,1.5319775247377052
1267,19.200000000000003,1.5348780932491302
1268,19.200000000000003,1.5464919695688915
1269,19.200000000000003,1.5464919695688915
1270,19.200000000000003,1.549380935806262
1271,19.200000000000003,1.549380935806262
1272,19.200000000000003,1.549380935806262
1273,19.200000000000003,1.6319775247377049
1274,19.400000000000002,1.6319775247377049
1275,19.400000000000002,1.6744534500190547
1276,19.400000000000002,1.7319775247377045
1277,19.400000000000002,1.7319775247377045
1278,19.400000000000002,1.7464919695688925
1279,19.400000000000002,1.7493809358062649
1280,19.400000000000002,1.7493809358062649
1281,19.400000000000002,1.787912087912087
1282,19.400000000000002,1.8319775247377041
1283,19.400000000000002,1.8319775247377041
1284,19.400000000000002,1.8464919695688922
1285,19.400000000000002,1.8493809358062663
1286,19.400000000000002,1.8603373499301021
1287,19.400000000000002,1.8744534500190575
1288,19.5,1.8889678948502464
1289,19.5,1.9464919695688918
1290,19.5,1.9464919695688918
1291,19.5,1.9493809358062606
1292,19.5,1.9493809358062606
1293,19.5,2.049380935806262
1294,19.5,2.049380935806262
1295,19.5,2.049380935806262
1296,19.5,2.049380935806262
1297,19.6,2.0744534500190532
1298,19.6,2.0744534500190532
1299,19.6,2.074453450019057
1300,19.6,2.131977524737703
1301,19.6,2.146491969568891
1302,19.6,2.1493809358062634
1303,19.6,2.1493809358062634
1304,19.6,2.1493809358062634
1305,19.6,2.1744534500190547
1306,19.6,2.1879120879120855
1307,19.6,2.2319775247377045
1308,19.6,2.2319775247377045
1309,19.6,2.234878093249133
1310,20.0,2.2464919695688916
1311,20.0,2.2464919695688925
1312,20.0,2.2493809358062578
1313,20.0,2.249380935806265
1314,20.0,2.274453450019056
1315,20.0,2.308888999386731
1316,20.0,2.331977524737704
1317,20.0,2.331977524737706
1318,20.0,2.3493809358062663
1319,20.0,2.3493809358062663
1320,20.0,2.3493809358062663
1321,20.0,2.3493809358062663
1322,20.1,2.3879120879120848
1323,20.1,2.4348780932491287
1324,20.1,2.4348780932491287
1325,20.1,2.446491969568892
1326,20.1,2.446491969568892
1327,20.1,2.4493809358062606
1328,20.1,2.4493809358062606
1329,20.1,2.531977524737705
1330,20.1,2.549380935806262
1331,20.1,2.549380935806262
1332,20.1,2.549380935806262
1333,20.1,2.549380935806269
1334,20.1,2.5744534500190532
1335,20.1,2.587912087912084
1336,20.1,2.6053271012547015
1337,20.1,2.631977524737703
1338,20.1,2.6348780932491316
1339,20.200000000000003,2.646491969568891
1340,20.200000000000003,2.6493809358062634
1341,20.200000000000003,2.6493809358062634
1342,20.200000000000003,2.6493809358062634
1343,20.200000000000003,2.6493809358062634
1344,20.200000000000003,2.6493809358062634
1345,20.200000000000003,2.6744534500190547
1346,20.200000000000003,2.6744534500190547
1347,20.200000000000003,2.7207619931601776
1348,20.200000000000003,2.7319775247377045
1349,20.200000000000003,2.7319775247377045
1350,20.200000000000003,2.7348780932491294
1351,20.200000000000003,2.7348780932491294
1352,20.200000000000003,2.7464919695688916
1353,20.200000000000003,2.774453450019056
1354,20.200000000000003,2.774453450019056
1355,20.200000000000003,2.774453450019056
1356,20.200000000000003,2.8088889993867348
1357,20.200000000000003,2.831977524737706
1358,20.200000000000003,2.8493809358062663
1359,20.200000000000003,2.8493809358062663
1360,20.200000000000003,2.874453450019054
1361,20.3,2.874453450019054
1362,20.3,2.8744534500190575
1363,20.3,2.931977524737704
1364,20.3,2.9348780932491287
1365,20.6,2.9493809358062606
1366,20.6,2.9744534500190554
1367,20.6,3.0319775247377034
1368,20.6,3.031977524737705
1369,20.6,3.031977524737705
1370,20.8,3.0464919695688915
1371,20.8,3.049380935806269
1372,20.8,3.0744534500190532
1373,20.8,3.131977524737703
1374,20.8,3.146491969568891
1375,20.8,3.146491969568893
1376,20.8,3.1493809358062634
1377,20.8,3.1493809358062634
1378,20.8,3.1493809358062634
1379,20.8,3.1493809358062634
1380,20.8,3.160337349930103
1381,20.8,3.1744534500190547
1382,21.200000000000003,3.2493809358062578
1383,21.200000000000003,3.249380935806265
1384,21.200000000000003,3.249380935806265
1385,21.200000000000003,3.249380935806265
1386,21.200000000000003,3.3088889993867348
1387,21.200000000000003,3.331977524737704
1388,21.200000000000003,3.331977524737704
1389,21.200000000000003,3.3348780932491273
1390,21.200000000000003,3.3348780932491273
1391,21.200000000000003,3.346491969568892
1392,21.200000000000003,3.3493809358062663
1393,21.200000000000003,3.3665406991198807
1394,21.200000000000003,3.374453450019054
1395,21.200000000000003,3.374453450019054
1396,21.200000000000003,3.431977524737704
1397,21.200000000000003,3.4348780932491287
1398,21.200000000000003,3.446491969568892
1399,21.5,3.446491969568892
1400,21.5,3.4493809358062606
1401,21.5,3.4493809358062606
1402,21.5,3.4603373499301036
1403,21.5,3.474453450019052
1404,21.5,3.474453450019052
1405,21.5,3.4744534500190554
1406,21.5,3.4879120879120826
1407,21.5,3.487912087912086
1408,21.5,3.531977524737705
1409,21.5,3.5359339001872883
1410,21.5,3.549380935806262
1411,21.6,3.549380935806262
1412,21.6,3.549380935806262
1413,21.6,3.549380935806262
1414,21.6,3.549380935806262
1415,21.6,3.5744534500190532
1416,21.6,3.595569588782258
1417,21.6,3.631977524737703
1418,21.6,3.646491969568891
1419,21.6,3.6493809358062634
1420,21.6,3.6493809358062634
1421,21.6,3.6744534500190547
1422,21.6,3.6879120879120855
1423,21.6,3.6917292360731153
1424,21.6,3.7319775247377045
1425,21.6,3.7348780932491294
1426,21.6,3.735933900187291
1427,21.6,3.774453450019056
1428,21.6,3.774453450019056
1429,21.6,3.787912087912087
1430,21.6,3.8088889993867348
1431,21.6,3.831977524737704
1432,21.8,3.834878093249131
1433,21.8,3.835933900187289
1434,21.8,3.846491969568892
1435,21.8,3.8493809358062663
1436,21.8,3.8493809358062663
1437,21.8,3.8493809358062663
1438,21.8,3.8879120879120848
1439,21.8,3.931977524737704
1440,21.8,3.9493809358062606
1441,21.8,3.9744534500190554
1442,22.0,4.020761993160178
1443,22.0,4.031977524737705
1444,22.0,4.031977524737705
1445,22.0,4.031977524737705
1446,22.0,4.0464919695688915
1447,22.0,4.049380935806262
1448,22.0,4.049380935806269
1449,22.0,4.074453450019053
1450,22.0,4.074453450019053
1451,22.0,4.074453450019053
1452,22.0,4.074453450019057
1453,22.0,4.087912087912084
1454,22.0,4.13593390018729
1455,22.0,4.159150050552764
1456,22.0,4.174453450019055
1457,22.0,4.174453450019055
1458,22.0,4.205327101254699
1459,22.0,4.2319775247377045
1460,22.0,4.2348780932491294
1461,22.0,4.249380935806258
1462,22.0,4.249380935806265
1463,22.0,4.320761993160179
1464,22.0,4.331977524737706
1465,22.1,4.346491969568892
1466,22.1,4.349380935806259
1467,22.1,4.349380935806266
1468,22.1,4.349380935806266
1469,22.1,4.408888999386733
1470,22.1,4.431977524737704
1471,22.1,4.43593390018729
1472,22.200000000000003,4.43593390018729
1473,22.200000000000003,4.449380935806261
1474,22.200000000000003,4.449380935806261
1475,22.200000000000003,4.449380935806268
1476,22.200000000000003,4.474453450019055
1477,22.200000000000003,4.531977524737705
1478,22.200000000000003,4.5464919695688915
1479,22.200000000000003,4.5464919695688915
1480,22.200000000000003,4.549380935806269
1481,22.200000000000003,4.549380935806269
1482,22.3,4.574453450019053
1483,22.3,4.587912087912088
1484,22.3,4.631977524737707
1485,22.3,4.646491969568893
1486,22.3,4.649380935806263
1487,22.3,4.674453450019055
1488,22.3,4.674453450019055
1489,22.3,4.6879120879120855
1490,22.3,4.749380935806258
1491,22.3,4.749380935806258
1492,22.3,4.749380935806265
1493,22.3,4.749380935806265
1494,22.3,4.787912087912087
1495,22.3,4.831977524737706
1496,22.3,4.831977524737706
1497,22.3,4.849380935806266
1498,22.3,4.849380935806266
1499,22.3,4.859150050552763
1500,22.3,4.874453450019054
1501,22.3,4.931977524737704
1502,22.3,4.93593390018729
1503,22.3,4.949380935806261
1504,22.3,4.949380935806261
1505,22.3,4.949380935806268
1506,22.3,5.031977524737705
1507,22.3,5.031977524737705
1508,22.3,5.03487809324913
1509,22.3,5.0464919695688915
1510,22.3,5.049380935806262
1511,22.3,5.049380935806262
1512,22.3,5.050715197321532
1513,22.3,5.065484892181722
1514,22.3,5.1088889993867355
1515,22.400000000000002,5.131977524737703
1516,22.400000000000002,5.131977524737707
1517,22.400000000000002,5.174453450019055
1518,22.400000000000002,5.174453450019055
1519,22.400000000000002,5.174453450019055
1520,22.400000000000002,5.2319775247377045
1521,22.400000000000002,5.2319775247377045
1522,22.400000000000002,5.249380935806258
1523,22.5,5.249380935806258
1524,22.5,5.249380935806258
1525,22.5,5.249380935806265
1526,22.5,5.274453450019056
1527,22.5,5.274453450019056
1528,22.5,5.331977524737706
1529,22.5,5.332105149752202
1530,22.5,5.349380935806266
1531,22.5,5.349380935806266
1532,22.5,5.374453450019054
1533,22.5,5.446491969568892
1534,22.5,5.449380935806261
1535,22.700000000000003,5.449380935806268
1536,22.700000000000003,5.474453450019052
1537,22.700000000000003,5.474453450019055
1538,22.700000000000003,5.474453450019055
1539,22.700000000000003,5.474453450019059
1540,22.700000000000003,5.487912087912086
1541,22.700000000000003,5.508888999386734
1542,22.700000000000003,5.531977524737705
1543,22.700000000000003,5.53487809324913
1544,22.700000000000003,5.5464919695688915
1545,22.700000000000003,5.574453450019053
1546,22.700000000000003,5.574453450019053
1547,22.700000000000003,5.587912087912084
1548,22.700000000000003,5.631977524737707
1549,22.700000000000003,5.634878093249132
1550,22.700000000000003,5.63593390018729
1551,22.700000000000003,5.649380935806263
1552,22.700000000000003,5.649380935806263
1553,22.700000000000003,5.657305288979494
1554,22.8,5.674453450019055
1555,22.8,5.674453450019055
1556,22.8,5.674453450019055
1557,22.8,5.674453450019055
1558,22.8,5.708888999386733
1559,22.8,5.749380935806258
1560,22.8,5.831977524737702
1561,22.8,5.831977524737706
1562,22.8,5.849380935806266
1563,22.8,5.8744534500190575
1564,22.8,5.8744534500190575
1565,22.8,5.908888999386736
1566,22.8,5.931977524737704
1567,22.8,5.931977524737704
1568,22.8,5.974453450019052
1569,22.8,5.974453450019055
1570,22.8,5.974453450019055
1571,22.8,6.031977524737705
1572,22.8,6.03487809324913
1573,22.8,6.035933900187288
1574,22.8,6.049380935806262
1575,22.8,6.074453450019053
1576,22.8,6.134878093249132
1577,22.8,6.149380935806263
1578,22.8,6.174453450019055
1579,22.8,6.208888999386733
1580,22.8,6.2319775247377045
1581,22.8,6.249380935806258
1582,22.900000000000002,6.249380935806258
1583,22.900000000000002,6.249380935806258
1584,22.900000000000002,6.262584323670293
1585,22.900000000000002,6.274453450019056
1586,22.900000000000002,6.331977524737706
1587,22.900000000000002,6.331977524737706
1588,22.900000000000002,6.349380935806259
1589,22.900000000000002,6.349380935806266
1590,22.900000000000002,6.349380935806266
1591,22.900000000000002,6.3744534500190575
1592,22.900000000000002,6.3744534500190575
1593,23.0,6.3744534500190575
1594,23.0,6.431977524737704
1595,23.0,6.43593390018729
1596,23.0,6.446491969568894
1597,23.0,6.449380935806261
1598,23.0,6.449380935806261
1599,23.0,6.449380935806261
1600,23.0,6.474453450019052
1601,23.0,6.474453450019055
1602,23.0,6.489629224470853
1603,23.0,6.531977524737705
1604,23.0,6.531977524737705
1605,23.0,6.531977524737705
1606,23.0,6.549380935806262
1607,23.0,6.549380935806262
1608,23.0,6.549380935806262
1609,23.0,6.631977524737707
1610,23.700000000000003,6.649380935806263
1611,23.700000000000003,6.649380935806263
1612,23.700000000000003,6.674453450019055
1613,23.700000000000003,6.674453450019055
1614,23.700000000000003,6.674453450019055
1615,23.700000000000003,6.749380935806265
1616,23.700000000000003,6.7744534500190525
1617,23.700000000000003,6.774453450019056
1618,23.700000000000003,6.828415626605672
1619,23.900000000000002,6.874453450019054
1620,23.900000000000002,6.874453450019054
1621,23.900000000000002,6.935933900187287
1622,23.900000000000002,6.949380935806261
1623,23.900000000000002,6.949380935806261
1624,23.900000000000002,7.03487809324913
1625,23.900000000000002,7.03487809324913
1626,23.900000000000002,7.035933900187288
1627,23.900000000000002,7.035933900187288
1628,23.900000000000002,7.0464919695688915
1629,23.900000000000002,7.049380935806262
1630,23.900000000000002,7.049380935806269
1631,23.900000000000002,7.074453450019053
1632,23.900000000000002,7.074453450019057
1633,24.1,7.087912087912084
1634,24.1,7.121817800098341
1635,24.1,7.131977524737707
1636,24.1,7.131977524737707
1637,24.1,7.146491969568893
1638,24.1,7.149380935806263
1639,24.1,7.174453450019055
1640,24.1,7.178282200454145
1641,24.1,7.208888999386733
1642,24.1,7.231977524737708
1643,24.1,7.234878093249133
1644,24.1,7.249380935806265
1645,24.1,7.274453450019056
1646,24.1,7.287912087912087
1647,24.1,7.288967894850245
1648,24.1,7.331977524737706
1649,24.1,7.331977524737706
1650,24.1,7.331977524737706
1651,24.1,7.334878093249131
1652,24.1,7.349380935806266
1653,24.1,7.349380935806266
1654,24.1,7.349380935806266
1655,24.1,7.374453450019054
1656,24.1,7.377098768501482
1657,24.1,7.43593390018729
1658,24.1,7.474453450019055
1659,24.1,7.549380935806262
1660,24.1,7.549380935806269
1661,24.1,7.574453450019053
1662,24.1,7.574453450019053
1663,24.1,7.6088889993867355
1664,24.1,7.631977524737703
1665,24.1,7.631977524737707
1666,24.1,7.646491969568893
1667,24.1,7.646491969568893
1668,24.1,7.646491969568893
1669,24.1,7.649380935806263
1670,24.1,7.649380935806263
1671,24.1,7.674453450019055
1672,24.1,7.7319775247377045
1673,24.400000000000002,7.774453450019056
1674,24.400000000000002,7.774453450019056
1675,24.400000000000002,7.834878093249131
1676,24.400000000000002,7.835933900187289
1677,24.400000000000002,7.8744534500190575
1678,24.400000000000002,7.887912087912085
1679,24.400000000000002,7.887912087912088
1680,24.400000000000002,7.891729236073111
1681,24.400000000000002,7.931977524737704
1682,24.400000000000002,7.946491969568894
1683,24.400000000000002,7.974453450019052
1684,24.400000000000002,7.974453450019055
1685,24.400000000000002,8.031977524737705
1686,24.400000000000002,8.031977524737705
1687,24.400000000000002,8.031977524737705
1688,24.400000000000002,8.03487809324913
1689,24.400000000000002,8.040284752954431
1690,24.400000000000002,8.04649196956889
1691,24.400000000000002,8.049380935806262
1692,24.400000000000002,8.074453450019053
1693,24.400000000000002,8.074453450019053
1694,24.400000000000002,8.074453450019053
1695,24.400000000000002,8.131977524737707
1696,24.400000000000002,8.149380935806263
1697,24.5,8.149380935806263
1698,24.5,8.174453450019055
1699,24.5,8.174453450019055
1700,24.5,8.174453450019055
1701,24.5,8.231977524737704
1702,24.5,8.231977524737704
1703,24.5,8.249380935806258
1704,24.5,8.249380935806258
1705,24.5,8.249380935806265
1706,24.5,8.249380935806265
1707,24.5,8.274453450019056
1708,24.5,8.274453450019056
1709,24.5,8.346491969568891
1710,24.5,8.37445345001905
1711,24.5,8.43593390018729
1712,24.6,8.446491969568893
1713,24.6,8.44938093580626
1714,24.6,8.449380935806268
1715,24.6,8.489629224470853
1716,24.6,8.549380935806262
1717,24.6,8.549380935806262
1718,24.8,8.54938093580627
1719,24.8,8.574453450019053
1720,24.8,8.587912087912084
1721,24.8,8.631977524737707
1722,24.8,8.631977524737707
1723,24.8,8.674453450019055
1724,24.8,8.674453450019055
1725,24.8,8.674453450019055
1726,24.8,8.674453450019055
1727,24.8,8.674453450019055
1728,24.8,8.687912087912085
1729,24.8,8.746491969568893
1730,24.900000000000002,8.749380935806265
1731,24.900000000000002,8.749380935806265
1732,24.900000000000002,8.749380935806265
1733,24.900000000000002,8.749380935806265
1734,24.900000000000002,8.749380935806265
1735,25.0,8.83487809324913
1736,25.0,8.849380935806266
1737,25.0,8.874453450019057
1738,25.0,8.874453450019057
1739,25.0,8.888967894850246
1740,25.0,8.931977524737704
1741,25.0,8.946491969568893
1742,25.0,8.946491969568893
1743,25.3,8.974453450019059
1744,25.3,8.977098768501484
1745,25.3,9.031977524737705
1746,25.3,9.031977524737705
1747,25.3,9.049380935806262
1748,25.3,9.049380935806262
1749,25.3,9.074453450019053
1750,25.3,9.074453450019053
1751,25.3,9.087912087912088
1752,25.3,9.131977524737707
1753,25.3,9.149380935806263
1754,25.3,9.149380935806263
1755,25.3,9.178282200454145
1756,25.3,9.191729236073115
1757,25.3,9.231977524737704
1758,25.3,9.231977524737704
1759,25.3,9.23487809324913
1760,25.3,9.249380935806258
1761,25.3,9.274453450019056
1762,25.3,9.308888999386731
1763,25.3,9.308888999386735
1764,25.3,9.308888999386735
1765,25.3,9.331977524737706
1766,25.3,9.335933900187293
1767,25.3,9.349380935806266
1768,25.700000000000003,9.349380935806266
1769,25.700000000000003,9.37445345001905
1770,25.700000000000003,9.408888999386733
1771,25.700000000000003,9.408888999386736
1772,25.700000000000003,9.44938093580626
1773,25.700000000000003,9.44938093580626
1774,25.700000000000003,9.44938093580626
1775,25.700000000000003,9.44938093580626
1776,25.700000000000003,9.4603373499301
1777,25.700000000000003,9.460337349930107
1778,25.700000000000003,9.474453450019052
1779,25.700000000000003,9.474453450019059
1780,25.700000000000003,9.478282200454142
1781,25.700000000000003,9.487912087912086
1782,25.700000000000003,9.487912087912086
1783,25.700000000000003,9.508888999386734
1784,25.700000000000003,9.531977524737705
1785,25.700000000000003,9.53487809324913
1786,25.700000000000003,9.54649196956889
1787,25.700000000000003,9.574453450019053
1788,25.700000000000003,9.574453450019053
1789,25.700000000000003,9.646491969568892
1790,25.700000000000003,9.646491969568892
1791,25.700000000000003,9.649380935806263
1792,25.700000000000003,9.649380935806263
1793,25.8,9.708888999386737
1794,25.8,9.73487809324913
1795,25.8,9.749380935806258
1796,25.8,9.774453450019056
1797,25.8,9.83487809324913
1798,25.8,9.835933900187289
1799,25.8,9.849380935806266
1800,25.8,9.857305288979493
1801,25.8,9.87445345001905
1802,25.8,9.908888999386736
1803,25.8,9.946491969568893
1804,25.8,9.949125685777272
1805,25.8,9.94938093580626
1806,25.8,9.94938093580626
1807,25.8,9.94938093580626
1808,25.8,9.94938093580626
1809,25.8,9.987912087912086
1810,25.8,10.03487809324913
1811,25.8,10.035933900187292
1812,25.8,10.046491969568894
1813,25.8,10.074453450019053
1814,25.8,10.074453450019053
1815,25.8,10.074453450019053
1816,25.8,10.087912087912088
1817,25.8,10.131977524737707
1818,25.8,10.131977524737707
1819,25.8,10.134878093249128
1820,25.8,10.149380935806263
1821,25.8,10.149380935806263
1822,25.8,10.149380935806263
1823,25.8,10.149380935806263
1824,25.8,10.149380935806263
1825,25.8,10.149380935806263
1826,25.8,10.174453450019055
1827,25.8,10.187912087912085
1828,25.8,10.208888999386737
1829,25.8,10.208888999386737
1830,25.8,10.249380935806258
1831,25.8,10.274453450019056
1832,25.8,10.274453450019056
1833,25.8,10.308888999386735
1834,25.8,10.33487809324913
1835,25.8,10.33487809324913
1836,25.8,10.335933900187289
1837,25.900000000000002,10.346491969568891
1838,25.900000000000002,10.349380935806266
1839,25.900000000000002,10.349380935806266
1840,25.900000000000002,10.349380935806266
1841,25.900000000000002,10.349380935806266
1842,25.900000000000002,10.431977524737704
1843,25.900000000000002,10.434878093249129
1844,25.900000000000002,10.44938093580626
1845,25.900000000000002,10.44938093580626
1846,26.1,10.44938093580626
1847,26.1,10.535933900187288
1848,26.1,10.549380935806262
1849,26.1,10.54938093580627
1850,26.200000000000003,10.54938093580627
1851,26.200000000000003,10.560337349930101
1852,26.200000000000003,10.574453450019053
1853,26.200000000000003,10.631977524737707
1854,26.200000000000003,10.634878093249132
1855,26.200000000000003,10.63593390018729
1856,26.200000000000003,10.649380935806263
1857,26.200000000000003,10.687912087912085
1858,26.200000000000003,10.73487809324913
1859,26.200000000000003,10.735933900187291
1860,26.200000000000003,10.774453450019056
1861,26.200000000000003,10.831977524737706
1862,26.200000000000003,10.83487809324913
1863,26.200000000000003,10.849380935806266
1864,26.200000000000003,10.849380935806266
1865,26.200000000000003,10.849380935806266
1866,26.200000000000003,10.87445345001905
1867,26.200000000000003,10.934878093249129
1868,26.200000000000003,10.93593390018729
1869,26.200000000000003,10.94938093580626
1870,26.200000000000003,10.94938093580626
1871,26.200000000000003,10.974453450019052
1872,26.200000000000003,10.974453450019059
1873,26.200000000000003,11.03487809324913
1874,26.200000000000003,11.035933900187288
1875,26.200000000000003,11.04649196956889
1876,26.200000000000003,11.04649196956889
1877,26.200000000000003,11.049380935806262
1878,26.200000000000003,11.049380935806262
1879,26.200000000000003,11.049380935806262
1880,26.200000000000003,11.060337349930101
1881,26.200000000000003,11.074453450019053
1882,26.200000000000003,11.087912087912084
1883,26.200000000000003,11.131977524737707
1884,26.400000000000002,11.149380935806263
1885,26.400000000000002,11.149380935806263
1886,26.400000000000002,11.174453450019055
1887,26.400000000000002,11.231977524737704
1888,26.400000000000002,11.262584323670293
1889,26.400000000000002,11.274453450019056
1890,26.400000000000002,11.331977524737706
1891,26.700000000000003,11.331977524737706
1892,26.700000000000003,11.335933900187289
1893,26.700000000000003,11.349380935806266
1894,26.700000000000003,11.349380935806266
1895,26.700000000000003,11.349380935806266
1896,26.900000000000002,11.474453450019059
1897,26.900000000000002,11.491868463361673
1898,26.900000000000002,11.574453450019053
1899,26.900000000000002,11.634878093249128
1900,26.900000000000002,11.649380935806263
1901,26.900000000000002,11.649380935806263
1902,26.900000000000002,11.649380935806263
1903,26.900000000000002,11.731977524737704
1904,26.900000000000002,11.749380935806258
1905,26.900000000000002,11.749380935806258
1906,26.900000000000002,11.749380935806258
1907,26.900000000000002,11.749380935806265
1908,26.900000000000002,11.774453450019056
1909,26.900000000000002,11.787912087912087
1910,26.900000000000002,11.831977524737706
1911,26.900000000000002,11.831977524737706
1912,26.900000000000002,11.834878093249127
1913,26.900000000000002,11.849380935806266
1914,26.900000000000002,11.86654069911988
1915,26.900000000000002,11.87445345001905
1916,26.900000000000002,11.94938093580626
1917,26.900000000000002,11.94938093580626
1918,26.900000000000002,11.94938093580626
1919,26.900000000000002,11.949380935806268
1920,26.900000000000002,11.974453450019059
1921,26.900000000000002,11.987912087912086
1922,26.900000000000002,12.035933900187288
1923,26.900000000000002,12.04649196956889
1924,26.900000000000002,12.049380935806262
1925,26.900000000000002,12.049380935806262
1926,26.900000000000002,12.074453450019053
1927,26.900000000000002,12.105327101254698
1928,26.900000000000002,12.108888999386735
1929,26.900000000000002,12.131977524737703
1930,26.900000000000002,12.149380935806263
1931,26.900000000000002,12.149380935806263
1932,26.900000000000002,12.235933900187288
1933,26.900000000000002,12.249380935806258
1934,26.900000000000002,12.249380935806258
1935,26.900000000000002,12.249380935806265
1936,26.900000000000002,12.249380935806265
1937,26.900000000000002,12.265484892181725
1938,26.900000000000002,12.274453450019056
1939,26.900000000000002,12.331977524737706
1940,26.900000000000002,12.346491969568891
1941,26.900000000000002,12.431977524737704
1942,27.1,12.44938093580626
1943,27.1,12.449380935806268
1944,27.1,12.474453450019059
1945,27.5,12.53487809324913
1946,27.5,12.574453450019053
1947,27.5,12.631977524737707
1948,27.5,12.646491969568892
1949,27.5,12.649380935806263
1950,27.5,12.649380935806263
1951,27.5,12.649380935806263
1952,27.5,12.674453450019055
1953,27.5,12.674453450019055
1954,27.5,12.674453450019055
1955,27.5,12.731977524737704
1956,27.5,12.734878093249133
1957,27.5,12.749380935806258
1958,27.5,12.831977524737702
1959,27.5,12.849380935806266
1960,27.5,12.866540699119884
1961,27.5,12.887912087912085
1962,27.5,12.931977524737704
1963,27.5,12.934878093249132
1964,27.5,12.94938093580626
1965,27.5,12.949380935806268
1966,27.5,12.949380935806268
1967,27.5,12.949380935806268
1968,27.5,13.074453450019053
1969,27.5,13.074453450019053
1970,27.5,13.131977524737707
1971,27.5,13.146491969568892
1972,27.5,13.149380935806263
1973,27.5,13.149380935806263
1974,27.5,13.149380935806263
1975,27.5,13.149380935806263
1976,27.5,13.174453450019055
1977,27.5,13.174453450019055
1978,27.5,13.174453450019055
1979,28.1,13.174453450019055
1980,28.1,13.231977524737704
1981,28.1,13.249380935806265
1982,28.1,13.249380935806272
1983,28.1,13.274453450019056
1984,28.1,13.331977524737706
1985,28.1,13.33487809324913
1986,28.1,13.346491969568891
1987,28.1,13.349380935806266
1988,28.1,13.349380935806266
1989,28.1,13.408888999386736
1990,28.1,13.408888999386736
1991,28.1,13.431977524737704
1992,28.1,13.431977524737704
1993,28.1,13.434878093249129
1994,28.1,13.44938093580626
1995,28.1,13.44938093580626
1996,28.1,13.474453450019059
1997,28.1,13.549380935806262
1998,28.1,13.574453450019053
1999,28.1,13.587912087912084
2000,28.1,13.587912087912088
2001,28.1,13.649380935806263
2002,28.1,13.649380935806263
2003,28.1,13.674453450019055
2004,28.1,13.674453450019055
2005,28.1,13.708888999386733
2006,28.1,13.731977524737704
2007,28.1,13.731977524737708
2008,28.1,13.73487809324913
2009,28.1,13.749380935806272
2010,28.1,13.757305288979492
2011,28.1,13.787912087912087
2012,28.1,13.849380935806266
2013,28.1,13.849380935806266
2014,28.1,13.849380935806266
2015,28.1,13.849380935806266
2016,28.1,13.87445345001905
2017,28.1,13.934878093249129
2018,28.1,13.94938093580626
2019,28.1,13.94938093580626
2020,28.1,13.94938093580626
2021,28.1,13.94938093580626
2022,28.1,13.959150050552758
2023,28.1,14.04938093580627
2024,28.1,14.074453450019053
2025,28.1,14.074453450019053
2026,28.1,14.149380935806263
2027,28.1,14.149380935806263
2028,29.3,14.149380935806263
2029,29.3,14.208888999386737
2030,29.3,14.22841562660567
2031,29.3,14.249380935806258
2032,29.3,14.249380935806265
2033,29.3,14.249380935806265
2034,29.3,14.287912087912087
2035,29.3,14.287912087912087
2036,29.3,14.335933900187289
2037,29.3,14.346491969568891
2038,29.3,14.346491969568891
2039,29.3,14.349380935806266
2040,29.3,14.349380935806266
2041,29.3,14.349380935806266
2042,29.3,14.349380935806266
2043,29.3,14.44938093580626
2044,29.3,14.449380935806268
2045,29.3,14.474453450019059
2046,29.3,14.48791208791209
2047,29.3,14.488967894850244
2048,29.3,14.531977524737705
2049,29.3,14.549380935806262
2050,29.3,14.549380935806262
2051,29.3,14.549380935806262
2052,29.3,14.574453450019053
2053,29.3,14.63593390018729
2054,29.3,14.721817800098343
2055,29.3,14.731977524737704
2056,29.3,14.731977524737704
2057,29.3,14.787912087912087
2058,29.3,14.87445345001905
2059,29.3,14.874453450019057
2060,29.3,14.887912087912081
2061,29.3,14.94938093580626
2062,29.3,14.974453450019059
2063,29.3,14.974453450019059
2064,29.3,14.974453450019059
2065,29.3,14.974453450019059
2066,29.3,15.031977524737705
2067,29.3,15.049380935806262
2068,29.3,15.074453450019053
2069,29.3,15.108888999386735
2070,29.3,15.131977524737707
2071,29.3,15.149380935806263
2072,29.3,15.149380935806263
2073,29.3,15.15730528897949
2074,29.3,15.174453450019055
2075,29.3,15.187912087912085
2076,29.3,15.231977524737704
2077,29.3,15.231977524737704
2078,29.3,15.234878093249133
2079,29.3,15.249380935806265
2080,29.3,15.249380935806265
2081,29.3,15.274453450019056
2082,29.3,15.274453450019056
2083,29.3,15.349380935806266
2084,29.3,15.349380935806266
2085,29.3,15.387912087912088
2086,29.5,15.474453450019059
2087,29.5,15.487912087912083
2088,29.5,15.508888999386734
2089,29.5,15.549380935806262
2090,29.5,15.549380935806262
2091,29.5,15.54938093580627
2092,29.5,15.631977524737707
2093,29.5,15.649380935806263
2094,29.5,15.649380935806263
2095,29.5,15.674453450019055
2096,29.5,15.687912087912085
2097,29.5,15.687912087912085
2098,29.5,15.746491969568893
2099,29.5,15.749380935806258
2100,29.5,15.749380935806265
2101,29.5,15.774453450019056
2102,29.5,15.774453450019056
2103,29.5,15.774453450019056
2104,29.5,15.831977524737706
2105,29.5,15.831977524737706
2106,29.5,15.849380935806266
2107,29.5,15.87445345001905
2108,29.5,15.874453450019057
2109,29.5,15.874453450019057
2110,29.5,15.931977524737707
2111,29.5,15.94938093580626
2112,29.5,15.94938093580626
2113,29.5,15.974453450019052
2114,29.5,15.974453450019059
2115,29.5,15.974453450019059
2116,29.5,16.005060248951647
2117,29.5,16.049380935806262
2118,29.5,16.074453450019053
2119,29.5,16.146491969568892
2120,29.5,16.149380935806263
2121,29.6,16.149380935806263
2122,29.6,16.149380935806263
2123,29.6,16.149380935806263
2124,29.6,16.174453450019055
2125,29.6,16.234878093249133
2126,29.6,16.249380935806258
2127,29.6,16.249380935806265
2128,29.6,16.274453450019056
2129,29.6,16.334878093249127
2130,29.6,16.349380935806266
2131,29.6,16.408888999386733
2132,29.6,16.431977524737704
2133,29.6,16.431977524737704
2134,29.6,16.43487809324913
2135,29.6,16.531977524737705
2136,29.6,16.546491969568894
2137,29.6,16.549380935806262
2138,29.6,16.549380935806262
2139,29.6,16.54938093580627
2140,29.6,16.574453450019053
2141,29.6,16.587912087912084
2142,29.6,16.631977524737707
2143,29.6,16.63487809324913
2144,29.6,16.649380935806263
2145,29.6,16.649380935806263
2146,29.6,16.649380935806263
2147,29.6,16.687912087912085
2148,29.6,16.688967894850244
2149,29.6,16.731977524737704
2150,29.6,16.731977524737708
2151,29.6,16.774453450019056
2152,29.6,16.774453450019056
2153,29.6,16.774453450019056
2154,29.6,16.774453450019056
2155,29.6,16.835933900187293
2156,29.6,16.84938093580626
2157,29.6,16.849380935806266
2158,29.6,16.849380935806266
2159,30.200000000000003,16.874453450019057
2160,30.200000000000003,16.874453450019057
2161,30.200000000000003,16.874453450019057
2162,30.200000000000003,16.931977524737704
2163,30.200000000000003,16.931977524737707
2164,30.200000000000003,16.960337349930107
2165,30.6,16.97445345001906
2166,30.6,16.97445345001906
2167,30.6,16.98791208791209
2168,30.6,17.031977524737705
2169,30.6,17.03487809324913
2170,30.6,17.03487809324913
2171,31.3,17.049380935806262
2172,31.3,17.04938093580627
2173,31.3,17.04938093580627
2174,31.3,17.131977524737707
2175,31.3,17.13593390018729
2176,31.3,17.149380935806263
2177,31.3,17.149380935806263
2178,31.3,17.149380935806263
2179,31.3,17.149380935806263
2180,31.3,17.188967894850244
2181,31.3,17.208888999386737
2182,31.3,17.234878093249133
2183,31.3,17.249380935806258
2184,31.3,17.249380935806265
2185,31.3,17.274453450019056
2186,31.3,17.287912087912087
2187,31.3,17.349380935806266
2188,31.3,17.349380935806266
2189,31.3,17.349380935806266
2190,31.3,17.37445345001905
2191,31.3,17.37445345001905
2192,31.3,17.43487809324913
2193,31.3,17.44938093580626
2194,31.3,17.44938093580626
2195,31.3,17.47445345001906
2196,31.3,17.508888999386734
2197,31.3,17.508888999386734
2198,31.3,17.531977524737705
2199,31.3,17.53487809324913
2200,31.3,17.54649196956889
2201,31.3,17.608888999386735
2202,31.3,17.608888999386735
2203,31.3,17.63593390018729
2204,31.3,17.646491969568892
2205,31.6,17.646491969568892
2206,31.6,17.649380935806263
2207,31.6,17.649380935806263
2208,31.6,17.649380935806263
2209,31.6,17.649380935806263
2210,31.6,17.649380935806263
2211,31.6,17.649380935806263
2212,31.6,17.674453450019055
2213,31.6,17.731977524737708
2214,31.6,17.734878093249133
2215,31.6,17.749380935806258
2216,31.6,17.749380935806258
2217,31.6,17.749380935806265
2218,31.6,17.749380935806265
2219,31.6,17.774453450019056
2220,31.6,17.834878093249127
2221,31.6,17.834878093249134
2222,31.6,17.849380935806266
2223,31.6,17.849380935806266
2224,31.6,17.87445345001905
2225,31.6,17.87445345001905
2226,31.6,17.931977524737704
2227,32.0,17.946491969568893
2228,32.0,17.94938093580626
2229,32.0,17.94938093580626
2230,32.0,17.974453450019052
2231,32.0,17.97445345001906
2232,32.0,17.97445345001906
2233,32.0,18.049380935806262
2234,32.0,18.049380935806262
2235,32.0,18.04938093580627
2236,32.0,18.04938093580627
2237,32.0,18.04938093580627
2238,32.0,18.074453450019053
2239,32.0,18.087912087912084
2240,32.0,18.108888999386735
2241,32.0,18.108888999386735
2242,32.0,18.149380935806263
2243,32.0,18.187912087912085
2244,32.0,18.231977524737704
2245,32.0,18.249380935806258
2246,32.0,18.249380935806265
2247,32.0,18.274453450019056
2248,32.0,18.274453450019056
2249,32.0,18.274453450019056
2250,32.0,18.331977524737706
2251,32.0,18.349380935806266
2252,32.0,18.349380935806266
2253,33.9,18.37445345001905
2254,33.9,18.449380935806268
2255,33.9,18.474453450019052
2256,33.9,18.47445345001906
2257,33.9,18.47445345001906
2258,33.9,18.47445345001906
2259,33.9,18.508888999386734
2260,33.9,18.531977524737705
2261,33.9,18.549380935806262
2262,33.9,18.574453450019053
2263,33.9,18.574453450019053
2264,33.9,18.574453450019053
2265,33.9,18.574453450019053
2266,33.9,18.577098768501482
2267,33.9,18.587912087912084
2268,33.9,18.65915005055276
2269,34.1,18.674453450019055
2270,34.1,18.67445345001906
2271,34.1,18.705593953557756
2272,34.1,18.746491969568893
2273,34.1,18.749380935806265
2274,34.1,18.774453450019056
2275,34.1,18.831977524737702
2276,34.1,18.849380935806266
2277,34.1,18.8603373499301
2278,34.1,18.860337349930106
2279,34.1,18.874453450019057
2280,34.1,18.874453450019057
2281,34.1,18.93487809324913
2282,34.1,18.949380935806268
2283,34.1,18.949380935806268
2284,34.1,18.97445345001906
2285,34.1,18.97445345001906
2286,34.1,19.031977524737705
2287,34.1,19.03487809324913
2288,34.1,19.049380935806262
2289,34.1,19.0603373499301
2290,34.1,19.087912087912084
2291,34.4,19.131977524737707
2292,34.4,19.149380935806263
2293,34.4,19.149380935806263
2294,34.4,19.174453450019055
2295,34.4,19.187912087912085
2296,34.4,19.187912087912093
2297,34.4,19.20888899938673
2298,34.4,19.249380935806258
2299,34.4,19.249380935806258
2300,34.4,19.249380935806258
2301,34.4,19.249380935806258
2302,34.4,19.249380935806258
2303,34.4,19.249380935806258
2304,34.4,19.249380935806265
2305,34.4,19.249380935806265
2306,34.4,19.274453450019056
2307,34.4,19.349380935806266
2308,34.4,19.349380935806266
2309,34.4,19.37445345001905
2310,34.4,19.37445345001905
2311,34.4,19.374453450019057
2312,34.4,19.38791208791209
2313,34.4,19.408888999386733
2314,34.4,19.435933900187294
2315,34.4,19.44938093580626
2316,34.4,19.44938093580626
2317,34.4,19.549380935806262
2318,34.4,19.549380935806262
2319,34.4,19.574453450019053
2320,34.6,19.574453450019053
2321,34.6,19.574453450019053
2322,34.6,19.649380935806263
2323,34.6,19.649380935806263
2324,34.6,19.674453450019055
2325,34.6,19.67445345001906
2326,34.6,19.678282200454145
2327,34.6,19.708888999386737
2328,34.6,19.734878093249133
2329,34.6,19.73593390018729
2330,34.6,19.73593390018729
2331,34.6,19.749380935806258
2332,34.800000000000004,19.749380935806265
2333,34.800000000000004,19.774453450019056
2334,34.800000000000004,19.831977524737702
2335,34.800000000000004,19.834878093249134
2336,34.800000000000004,19.87445345001905
2337,34.800000000000004,19.874453450019057
2338,34.800000000000004,19.874453450019057
2339,34.800000000000004,19.93487809324913
2340,34.800000000000004,19.935933900187294
2341,34.800000000000004,19.94938093580626
2342,34.800000000000004,19.949380935806268
2343,34.800000000000004,19.98791208791209
2344,34.800000000000004,20.008888999386734
2345,34.800000000000004,20.008888999386734
2346,34.800000000000004,20.031977524737705
2347,34.800000000000004,20.074453450019053
2348,34.800000000000004,20.108888999386735
2349,34.800000000000004,20.131977524737707
2350,34.800000000000004,20.131977524737707
2351,34.800000000000004,20.13487809324913
2352,34.800000000000004,20.13487809324913
2353,34.800000000000004,20.146491969568892
2354,34.800000000000004,20.149380935806263
2355,34.800000000000004,20.174453450019055
2356,34.800000000000004,20.174453450019055
2357,34.800000000000004,20.187912087912085
2358,34.800000000000004,20.2319775247377
2359,34.800000000000004,20.234878093249126
2360,34.800000000000004,20.23593390018729
2361,35.1,20.287912087912087
2362,35.1,20.391729236073118
2363,35.1,20.431977524737704
2364,35.1,20.47445345001906
2365,35.1,20.531977524737705
2366,35.1,20.531977524737705
2367,35.1,20.549380935806262
2368,35.1,20.54938093580627
2369,35.1,20.574453450019053
2370,35.1,20.631977524737707
2371,35.1,20.631977524737707
2372,35.1,20.63487809324913
2373,35.1,20.63487809324913
2374,35.1,20.674453450019055
2375,35.1,20.674453450019055
2376,35.1,20.687912087912085
2377,35.1,20.7319775247377
2378,35.1,20.734878093249126
2379,35.1,20.734878093249133
2380,35.1,20.749380935806265
2381,35.1,20.749380935806265
2382,35.1,20.774453450019056
2383,35.1,20.774453450019056
2384,35.1,20.774453450019056
2385,35.1,20.86654069911988
2386,35.1,20.874453450019057
2387,35.1,20.94938093580626
2388,35.1,20.949380935806268
2389,35.300000000000004,20.974453450019052
2390,35.300000000000004,20.97445345001906
2391,35.300000000000004,20.977098768501484
2392,35.300000000000004,21.031977524737705
2393,35.300000000000004,21.04649196956889
2394,35.300000000000004,21.049380935806262
2395,35.300000000000004,21.074453450019053
2396,35.300000000000004,21.074453450019053
2397,35.300000000000004,21.074453450019053
2398,35.300000000000004,21.149380935806263
2399,35.300000000000004,21.149380935806263
2400,35.300000000000004,21.160337349930103
2401,35.300000000000004,21.2319775247377
2402,35.300000000000004,21.231977524737708
2403,35.300000000000004,21.246491969568893
2404,35.300000000000004,21.274453450019056
2405,35.300000000000004,21.274453450019056
2406,35.300000000000004,21.274453450019056
2407,35.300000000000004,21.274453450019056
2408,35.300000000000004,21.331977524737702
2409,35.300000000000004,21.349380935806266
2410,35.300000000000004,21.37445345001905
2411,35.300000000000004,21.374453450019057
2412,35.300000000000004,21.374453450019057
2413,35.300000000000004,21.44938093580626
2414,35.300000000000004,21.44938093580626
2415,35.300000000000004,21.44938093580626
2416,35.300000000000004,21.54649196956889
2417,35.300000000000004,21.549380935806262
2418,35.300000000000004,21.574453450019053
2419,35.300000000000004,21.646491969568892
2420,36.0,21.674453450019055
2421,36.0,21.749380935806258
2422,36.0,21.774453450019056
2423,36.0,21.774453450019056
2424,36.0,21.849380935806266
2425,36.0,21.88791208791209
2426,36.0,21.94938093580626
2427,36.0,21.97445345001906
2428,36.0,21.97445345001906
2429,36.0,22.04938093580627
2430,36.0,22.08791208791209
2431,36.0,22.08791208791209
2432,36.0,22.108888999386735
2433,36.0,22.131977524737707
2434,36.0,22.149380935806263
2435,36.0,22.1625843236703
2436,36.0,22.174453450019055
2437,36.0,22.17445345001906
2438,36.0,22.17445345001906
2439,36.0,22.234878093249133
2440,36.0,22.249380935806258
2441,36.0,22.249380935806272
2442,36.0,22.249380935806272
2443,36.0,22.274453450019056
2444,36.0,22.287912087912087
2445,36.0,22.431977524737704
2446,36.0,22.431977524737704
2447,36.0,22.44938093580626
2448,36.5,22.47445345001906
2449,36.5,22.531977524737705
2450,36.5,22.53487809324913
2451,36.5,22.54938093580627
2452,36.5,22.54938093580627
2453,36.5,22.54938093580627
2454,36.5,22.54938093580627
2455,36.5,22.57445345001906
2456,36.5,22.63487809324913
2457,36.5,22.649380935806263
2458,36.5,22.674453450019055
2459,36.5,22.687912087912085
2460,36.5,22.708888999386737
2461,36.5,22.731977524737708
2462,36.5,22.73593390018729
2463,36.5,22.73593390018729
2464,36.5,22.749380935806258
2465,36.5,22.749380935806258
2466,36.5,22.749380935806272
2467,36.5,22.749380935806272
2468,36.5,22.75730528897949
2469,36.5,22.774453450019056
2470,36.5,22.83197752473771
2471,36.5,22.83197752473771
2472,36.5,22.87445345001905
2473,37.1,22.87445345001905
2474,37.1,22.931977524737704
2475,37.1,22.94938093580626
2476,37.1,22.94938093580626
2477,37.1,22.94938093580626
2478,37.1,22.94938093580626
2479,37.1,22.94938093580626
2480,37.1,22.94938093580626
2481,37.1,22.97445345001906
2482,37.1,22.98791208791209
2483,37.1,22.991729236073112
2484,37.1,23.031977524737705
2485,37.1,23.049380935806255
2486,37.1,23.049380935806255
2487,37.1,23.049380935806255
2488,37.1,23.08791208791209
2489,37.1,23.131977524737707
2490,37.1,23.149380935806263
2491,37.1,23.149380935806263
2492,37.1,23.149380935806263
2493,37.1,23.234878093249126
2494,37.1,23.234878093249133
2495,37.1,23.234878093249133
2496,37.1,23.246491969568893
2497,37.1,23.249380935806272
2498,37.1,23.287912087912087
2499,37.1,23.287912087912087
2500,37.1,23.33197752473771
2501,37.1,23.33197752473771
2502,37.1,23.334878093249127
2503,37.1,23.334878093249134
2504,37.2,23.349380935806266
2505,37.2,23.405327101254702
2506,37.2,23.44938093580626
2507,37.2,23.44938093580626
2508,37.2,23.44938093580626
2509,37.2,23.44938093580626
2510,37.2,23.531977524737705
2511,37.2,23.574453450019053
2512,37.2,23.649380935806263
2513,37.2,23.649380935806263
2514,37.2,23.649380935806263
2515,37.2,23.731977524737708
2516,37.4,23.749380935806272
2517,37.4,23.834878093249134
2518,37.4,23.874453450019057
2519,37.4,23.908888999386733
2520,37.4,23.935933900187287
2521,37.4,23.97445345001906
2522,37.4,24.031977524737705
2523,37.4,24.074453450019053
2524,37.4,24.074453450019053
2525,37.4,24.078282200454144
2526,37.4,24.131977524737707
2527,37.4,24.13487809324913
2528,37.4,24.149380935806263
2529,37.4,24.149380935806263
2530,37.4,24.174453450019055
2531,37.4,24.231977524737708
2532,37.4,24.249380935806272
2533,37.4,24.274453450019056
2534,37.4,24.274453450019056
2535,37.4,24.30888899938674
2536,37.4,24.33197752473771
2537,37.4,24.349125685777278
2538,37.4,24.349380935806266
2539,37.4,24.349380935806266
2540,37.4,24.349380935806266
2541,37.4,24.349380935806266
2542,37.4,24.349380935806266
2543,37.4,24.349380935806266
2544,37.4,24.37445345001905
2545,37.4,24.531977524737705
2546,37.4,24.54938093580627
2547,37.7,24.574453450019053
2548,37.7,24.574453450019053
2549,37.7,24.631977524737707
2550,37.7,24.674453450019055
2551,37.7,24.687912087912085
2552,37.7,24.7319775247377
2553,37.7,24.774453450019056
2554,37.7,24.831977524737702
2555,37.7,24.849380935806266
2556,37.7,24.888967894850246
2557,37.7,24.90888899938674
2558,37.7,24.98791208791209
2559,37.7,25.04938093580627
2560,37.7,25.04938093580627
2561,37.7,25.074453450019053
2562,37.7,25.074453450019053
2563,37.7,25.131977524737707
2564,37.7,25.149380935806263
2565,37.7,25.165484892181727
2566,38.400000000000006,25.174453450019055
2567,38.400000000000006,25.21033928364244
2568,38.400000000000006,25.231977524737708
2569,38.400000000000006,25.249380935806272
2570,38.400000000000006,25.249380935806272
2571,38.400000000000006,25.349380935806266
2572,38.400000000000006,25.349380935806266
2573,38.400000000000006,25.349380935806266
2574,38.400000000000006,25.349380935806266
2575,38.400000000000006,25.431977524737704
2576,38.400000000000006,25.44938093580626
2577,38.400000000000006,25.460337349930107
2578,38.400000000000006,25.47445345001906
2579,38.400000000000006,25.487912087912083
2580,38.400000000000006,25.53487809324913
2581,38.900000000000006,25.549380935806255
2582,38.900000000000006,25.54938093580627
2583,38.900000000000006,25.63487809324913
2584,38.900000000000006,25.649380935806263
2585,38.900000000000006,25.649380935806263
2586,38.900000000000006,25.649380935806263
2587,38.900000000000006,25.649380935806263
2588,38.900000000000006,25.649380935806263
2589,38.900000000000006,25.674453450019055
2590,38.900000000000006,25.67445345001906
2591,38.900000000000006,25.708888999386737
2592,38.900000000000006,25.71680175028591
2593,38.900000000000006,25.7319775247377
2594,38.900000000000006,25.849380935806266
2595,38.900000000000006,25.874453450019057
2596,38.900000000000006,25.874453450019057
2597,38.900000000000006,25.931977524737704
2598,38.900000000000006,25.94938093580626
2599,38.900000000000006,25.94938093580626
2600,38.900000000000006,26.03487809324913
2601,38.900000000000006,26.049380935806255
2602,38.900000000000006,26.087912087912084
2603,38.900000000000006,26.149380935806263
2604,38.900000000000006,26.174453450019055
2605,38.900000000000006,26.234878093249133
2606,38.900000000000006,26.249380935806258
2607,38.900000000000006,26.331977524737702
2608,39.0,26.334878093249134
2609,39.0,26.38791208791209
2610,39.0,26.431977524737704
2611,39.0,26.431977524737704
2612,39.0,26.435933900187294
2613,39.0,26.44938093580626
2614,39.0,26.47828220045415
2615,39.0,26.574453450019053
2616,39.0,26.574453450019053
2617,39.0,26.57445345001906
2618,39.0,26.631977524737707
2619,39.0,26.635933900187297
2620,39.0,26.649380935806263
2621,39.0,26.649380935806263
2622,39.0,26.674453450019055
2623,39.0,26.674453450019055
2624,39.0,26.731977524737708
2625,39.0,26.73593390018729
2626,39.0,26.73593390018729
2627,39.0,26.749380935806258
2628,39.0,26.774453450019056
2629,39.0,26.80888899938674
2630,39.0,26.828415626605672
2631,39.0,26.83197752473771
2632,39.0,26.849380935806266
2633,39.0,26.88791208791209
2634,39.0,26.931977524737704
2635,39.0,26.94938093580626
2636,39.0,26.94938093580626
2637,39.0,26.98791208791209
2638,39.0,27.074453450019053
2639,39.0,27.074453450019053
2640,39.0,27.087912087912084
2641,39.0,27.087912087912084
2642,39.0,27.231977524737708
2643,39.0,27.249380935806258
2644,39.0,27.249380935806258
2645,39.0,27.249380935806272
2646,39.0,27.249380935806272
2647,39.0,27.249380935806272
2648,39.0,27.274453450019056
2649,39.0,27.44938093580626
2650,39.0,27.44938093580626
2651,39.0,27.44938093580626
2652,39.0,27.44938093580626
2653,39.0,27.531977524737705
2654,39.0,27.53487809324913
2655,39.0,27.549380935806255
2656,39.0,27.54938093580627
2657,39.0,27.54938093580627
2658,39.0,27.574453450019053
2659,40.0,27.57445345001906
2660,40.0,27.631977524737707
2661,40.0,27.649380935806263
2662,40.0,27.649380935806263
2663,40.0,27.649380935806263
2664,40.0,27.67445345001906
2665,40.0,27.687912087912085
2666,40.0,27.746491969568893
2667,40.0,27.774453450019056
2668,40.0,27.774453450019056
2669,40.0,27.787912087912087
2670,40.0,27.787912087912087
2671,40.0,27.83197752473771
2672,40.0,27.849380935806266
2673,40.0,27.849380935806266
2674,40.0,27.87445345001905
2675,40.900000000000006,27.93487809324913
2676,40.900000000000006,27.94938093580626
2677,40.900000000000006,27.94938093580626
2678,40.900000000000006,27.94938093580626
2679,40.900000000000006,27.94938093580626
2680,40.900000000000006,27.94938093580626
2681,40.900000000000006,27.97445345001906
2682,40.900000000000006,28.02076199316018
2683,40.900000000000006,28.031977524737712
2684,40.900000000000006,28.03487809324913
2685,40.900000000000006,28.049380935806255
2686,40.900000000000006,28.049380935806255
2687,40.900000000000006,28.049380935806255
2688,40.900000000000006,28.04938093580627
2689,40.900000000000006,28.074453450019053
2690,40.900000000000006,28.074453450019053
2691,41.300000000000004,28.074453450019053
2692,41.300000000000004,28.07445345001906
2693,41.300000000000004,28.146491969568892
2694,41.300000000000004,28.149380935806263
2695,41.300000000000004,28.17445345001906
2696,41.300000000000004,28.18303139796352
2697,41.300000000000004,28.274453450019056
2698,41.300000000000004,28.408888999386733
2699,41.300000000000004,28.40888899938674
2700,41.300000000000004,28.431977524737704
2701,41.300000000000004,28.43487809324913
2702,41.300000000000004,28.44938093580626
2703,41.300000000000004,28.474453450019052
2704,41.300000000000004,28.549380935806255
2705,41.300000000000004,28.631977524737707
2706,41.300000000000004,28.63487809324913
2707,41.300000000000004,28.63487809324913
2708,41.300000000000004,28.649380935806263
2709,41.800000000000004,28.674453450019055
2710,41.800000000000004,28.674453450019055
2711,41.800000000000004,28.674453450019055
2712,41.800000000000004,28.674453450019055
2713,41.800000000000004,28.67445345001906
2714,41.800000000000004,28.687912087912085
2715,41.800000000000004,28.749380935806272
2716,41.800000000000004,28.774453450019056
2717,41.800000000000004,28.774453450019056
2718,41.800000000000004,28.774453450019056
2719,41.800000000000004,28.77709876850148
2720,41.800000000000004,28.83197752473771
2721,41.800000000000004,28.849380935806266
2722,41.800000000000004,28.849380935806266
2723,41.800000000000004,28.849380935806266
2724,41.800000000000004,28.94938093580626
2725,41.800000000000004,28.97445345001906
2726,41.800000000000004,28.987912087912083
2727,41.800000000000004,29.04938093580627
2728,41.800000000000004,29.087912087912084
2729,41.800000000000004,29.131977524737707
2730,41.800000000000004,29.17445345001906
2731,41.800000000000004,29.249380935806258
2732,41.800000000000004,29.249380935806258
2733,41.800000000000004,29.249380935806272
2734,41.800000000000004,29.249380935806272
2735,41.800000000000004,29.249380935806272
2736,41.800000000000004,29.274453450019056
2737,41.800000000000004,29.349380935806266
2738,41.800000000000004,29.349380935806266
2739,41.800000000000004,29.38791208791208
2740,41.800000000000004,29.44938093580626
2741,41.800000000000004,29.44938093580626
2742,41.800000000000004,29.44938093580626
2743,41.800000000000004,29.47828220045415
2744,41.800000000000004,29.608888999386735
2745,41.800000000000004,29.628415626605676
2746,41.800000000000004,29.649380935806263
2747,41.800000000000004,29.649380935806263
2748,41.800000000000004,29.674453450019055
2749,41.800000000000004,29.749380935806258
2750,41.800000000000004,29.774453450019056
2751,41.800000000000004,29.846491969568888
2752,41.800000000000004,29.87445345001905
2753,41.800000000000004,29.94938093580626
2754,41.800000000000004,29.94938093580626
2755,41.800000000000004,29.94938093580626
2756,41.800000000000004,29.94938093580626
2757,41.800000000000004,29.97445345001906
2758,41.800000000000004,29.98791208791209
2759,41.800000000000004,30.031977524737705
2760,41.800000000000004,30.031977524737705
2761,41.800000000000004,30.031977524737712
2762,41.800000000000004,30.03487809324913
2763,41.800000000000004,30.074453450019053
2764,41.800000000000004,30.074453450019053
2765,41.800000000000004,30.07445345001906
2766,41.800000000000004,30.108888999386735
2767,41.800000000000004,30.131977524737707
2768,41.800000000000004,30.2319775247377
2769,41.800000000000004,30.249380935806258
2770,41.800000000000004,30.249380935806258
2771,41.800000000000004,30.274453450019056
2772,41.800000000000004,30.287912087912087
2773,41.800000000000004,30.33197752473771
2774,41.800000000000004,30.349380935806266
2775,41.800000000000004,30.37445345001905
2776,41.800000000000004,30.37445345001905
2777,41.800000000000004,30.44938093580626
2778,41.800000000000004,30.47445345001906
2779,43.900000000000006,30.531977524737705
2780,43.900000000000006,30.574453450019053
2781,43.900000000000006,30.649380935806263
2782,43.900000000000006,30.666540699119878
2783,43.900000000000006,30.7319775247377
2784,43.900000000000006,30.731977524737708
2785,43.900000000000006,30.749380935806258
2786,43.900000000000006,30.749380935806258
2787,43.900000000000006,30.749380935806258
2788,43.900000000000006,30.749380935806272
2789,43.900000000000006,30.749380935806272
2790,43.900000000000006,30.749380935806272
2791,43.900000000000006,30.749380935806272
2792,43.900000000000006,30.774453450019056
2793,43.900000000000006,30.774453450019056
2794,43.900000000000006,30.834878093249134
2795,43.900000000000006,30.931977524737704
2796,45.2,30.94938093580626
2797,45.2,30.94938093580626
2798,45.2,30.94938093580626
2799,45.2,31.008888999386734
2800,45.2,31.031977524737705
2801,45.2,31.049380935806255
2802,45.2,31.04938093580627
2803,45.2,31.074453450019053
2804,45.2,31.074453450019053
2805,45.2,31.149380935806263
2806,45.2,31.149380935806263
2807,45.2,31.17445345001906
2808,45.2,31.187912087912085
2809,45.2,31.2319775247377
2810,45.2,31.274453450019056
2811,45.2,31.349380935806266
2812,45.2,31.349380935806266
2813,45.2,31.349380935806266
2814,45.6,31.349380935806266
2815,45.6,31.374453450019057
2816,45.6,31.408888999386733
2817,45.6,31.44938093580626
2818,45.6,31.44938093580626
2819,45.6,31.44938093580626
2820,45.6,31.44938093580626
2821,45.6,31.44938093580626
2822,45.6,31.47445345001906
2823,45.6,31.477098768501484
2824,45.6,31.531977524737705
2825,45.6,31.54938093580627
2826,45.6,31.54938093580627
2827,45.6,31.54938093580627
2828,45.6,31.63487809324913
2829,45.6,31.649380935806263
2830,45.6,31.649380935806263
2831,45.6,31.67445345001906
2832,45.6,31.687912087912085
2833,45.6,31.687912087912085
2834,45.6,31.708888999386737
2835,45.6,31.7319775247377
2836,45.6,31.731977524737708
2837,45.6,31.774453450019056
2838,45.6,31.774453450019056
2839,45.6,31.834878093249134
2840,45.6,31.849380935806266
2841,45.6,31.849380935806266
2842,45.6,31.859150050552763
2843,45.6,31.874453450019057
2844,45.6,31.88791208791209
2845,45.6,31.88791208791209
2846,45.6,31.97445345001906
2847,45.6,32.04938093580627
2848,45.6,32.074453450019064
2849,45.6,32.074453450019064
2850,45.6,32.13197752473771
2851,45.6,32.14938093580626
2852,45.6,32.17445345001906
2853,45.6,32.18791208791208
2854,45.6,32.24938093580627
2855,45.6,32.26086718711153
2856,45.6,32.27445345001905
2857,45.6,32.27445345001905
2858,45.6,32.349380935806266
2859,45.6,32.349380935806266
2860,45.6,32.435933900187294
2861,45.6,32.52076199316018
2862,45.6,32.534878093249134
2863,45.6,32.54938093580627
2864,45.6,32.6359339001873
2865,45.6,32.64938093580626
2866,45.6,32.67445345001906
2867,45.6,32.74938093580627
2868,45.6,32.77445345001905
2869,45.6,32.849380935806266
2870,45.6,32.849380935806266
2871,45.6,32.85915005055276
2872,45.6,32.94938093580626
2873,45.6,32.974453450019055
2874,45.6,32.99172923607311
2875,45.6,33.031977524737705
2876,45.6,33.04649196956889
2877,45.6,33.04938093580627
2878,45.6,33.08791208791209
2879,45.6,33.13197752473771
2880,45.6,33.14938093580626
2881,45.6,33.14938093580626
2882,45.6,33.24938093580626
2883,45.6,33.24938093580627
2884,45.6,33.24938093580627
2885,45.6,33.24938093580627
2886,45.6,33.24938093580627
2887,45.6,33.27445345001905
2888,45.6,33.349380935806266
2889,45.6,33.349380935806266
2890,45.6,33.349380935806266
2891,45.6,33.431977524737704
2892,45.6,33.434878093249125
2893,45.6,33.44490245802463
2894,45.6,33.44938093580626
2895,45.6,33.478282200454146
2896,45.6,33.52076199316018
2897,45.6,33.58791208791209
2898,45.6,33.58791208791209
2899,45.6,33.63197752473771
2900,45.6,33.63487809324913
2901,45.6,33.67828220045415
2902,45.6,33.74938093580626
2903,45.6,33.74938093580626
2904,45.6,33.74938093580627
2905,45.6,33.8319775247377
2906,45.6,33.887912087912085
2907,45.6,33.94938093580626
2908,45.6,33.94938093580626
2909,45.6,33.98791208791209
2910,45.6,34.034878093249134
2911,45.6,34.04938093580627
2912,45.6,34.074453450019064
2913,45.6,34.14938093580626
2914,45.6,34.14938093580626
2915,45.6,34.17445345001906
2916,45.6,34.17828220045415
2917,45.6,34.20888899938674
2918,45.7,34.28791208791209
2919,45.7,34.349380935806266
2920,45.7,34.37445345001906
2921,45.7,34.40888899938673
2922,45.7,34.44938093580626
2923,45.7,34.474453450019055
2924,45.7,34.474453450019055
2925,45.7,34.531977524737705
2926,45.7,34.549380935806255
2927,45.7,34.54938093580627
2928,45.7,34.57445345001905
2929,45.7,34.574453450019064
2930,45.7,34.63197752473771
2931,45.7,34.63487809324913
2932,45.7,34.64938093580626
2933,45.7,34.687912087912096
2934,45.7,34.73197752473771
2935,45.7,34.73197752473771
2936,45.7,34.77445345001905
2937,45.7,34.77445345001905
2938,45.7,34.849380935806266
2939,45.7,34.87445345001906
2940,45.7,34.887912087912085
2941,45.7,34.974453450019055
2942,45.7,35.03197752473771
2943,45.7,35.07445345001905
2944,45.7,35.13197752473771
2945,45.7,35.13487809324913
2946,45.7,35.14938093580626
2947,45.7,35.17445345001906
2948,45.7,35.24938093580627
2949,45.7,35.24938093580627
2950,45.7,35.349380935806266
2951,45.7,35.37445345001906
2952,45.7,35.508888999386734
2953,45.7,35.534878093249134
2954,45.7,35.54649196956889
2955,45.7,35.549380935806255
2956,45.7,35.58303139796352
2957,45.7,35.608888999386735
2958,45.7,35.67445345001906
2959,45.7,35.68791208791208
2960,45.7,35.849380935806266
2961,45.7,35.974453450019055
2962,45.7,36.04938093580627
2963,45.7,36.08791208791209
2964,45.7,36.12076199316018
2965,45.7,36.14938093580628
2966,45.7,36.14938093580628
2967,45.7,36.18791208791208
2968,45.7,36.187912087912096
2969,45.7,36.24938093580627
2970,45.7,36.27445345001905
2971,45.7,36.27445345001905
2972,45.7,36.387912087912085
2973,45.7,36.40888899938673
2974,45.7,36.434878093249125
2975,45.7,36.54938093580627
2976,45.7,36.58791208791209
2977,45.7,36.64938093580626
2978,45.7,36.64938093580628
2979,45.7,36.64938093580628
2980,45.7,36.64938093580628
2981,45.7,36.67445345001906
2982,45.7,36.8319775247377
2983,45.7,36.846491969568895
2984,45.7,36.87445345001906
2985,45.7,36.887912087912085
2986,45.7,36.935933900187294
2987,45.7,36.94938093580626
2988,45.7,36.94938093580626
2989,45.7,36.94938093580626
2990,45.7,37.031977524737705
2991,45.7,37.04938093580627
2992,45.7,37.04938093580627
2993,45.7,37.07445345001905
2994,45.7,37.07445345001905
2995,45.7,37.08791208791209
2996,45.7,37.17445345001906
2997,45.7,37.17445345001906
2998,45.7,37.31667412527141
2999,45.7,37.33197752473771
3000,45.7,37.33487809324913
3001,45.7,37.37445345001905
3002,45.7,37.37445345001906
3003,45.7,37.37445345001906
3004,45.7,37.474453450019055
3005,45.7,37.549380935806255
3006,45.7,37.57445345001905
3007,45.7,37.64938093580626
3008,45.7,37.73487809324912
3009,45.7,37.78896789485025
3010,45.7,37.80888899938674
3011,45.7,37.83593390018729
3012,45.7,37.849380935806266
3013,45.7,37.87445345001906
3014,45.7,37.94938093580626
3015,45.7,38.031977524737705
3016,45.7,38.074453450019064
3017,45.7,38.074453450019064
3018,45.7,38.14938093580626
3019,45.7,38.14938093580628
3020,45.7,38.2319775247377
3021,45.7,38.24938093580626
3022,45.7,38.24938093580627
3023,45.7,38.27445345001905
3024,45.7,38.28791208791209
3025,45.7,38.28791208791209
3026,45.7,38.349380935806266
3027,45.7,38.40888899938674
3028,45.7,38.431977524737704
3029,45.7,38.434878093249125
3030,45.7,38.44938093580626
3031,45.7,38.474453450019055
3032,45.7,38.54649196956889
3033,45.7,38.64938093580626
3034,45.7,38.64938093580626
3035,45.7,38.67445345001906
3036,45.7,38.7319775247377
3037,45.7,38.74938093580626
3038,45.7,38.74938093580627
3039,45.7,38.74938093580627
3040,45.7,38.77445345001905
3041,45.7,38.83487809324913
3042,45.7,38.87445345001906
3043,45.7,39.04938093580627
3044,45.7,39.13487809324913
3045,45.7,39.14938093580626
3046,45.7,39.14938093580626
3047,45.7,39.17445345001906
3048,45.7,39.24938093580627
3049,45.7,39.27445345001905
3050,45.7,39.33197752473771
3051,45.7,39.449380935806275
3052,45.7,39.474453450019055
3053,45.7,39.54938093580627
3054,45.7,39.63197752473771
3055,45.7,39.63593390018729
3056,45.7,39.74938093580627
3057,45.7,39.74938093580627
3058,45.7,39.77445345001905
3059,45.7,39.87445345001906
3060,45.7,39.93197752473771
3061,45.7,39.94938093580626
3062,45.7,39.974453450019055
3063,45.7,40.031977524737705
3064,45.7,40.0464919695689
3065,45.7,40.04938093580627
3066,45.7,40.08791208791209
3067,45.7,40.13197752473771
3068,45.7,40.24938093580627
3069,45.7,40.27445345001905
3070,45.7,40.33487809324913
3071,45.7,40.349380935806266
3072,45.7,40.44938093580626
3073,45.7,40.44938093580626
3074,45.7,40.44938093580626
3075,45.7,40.50888899938674
3076,45.7,40.549380935806255
3077,45.7,40.57445345001905
3078,45.7,40.608888999386735
3079,45.7,40.63487809324913
3080,45.7,40.64938093580626
3081,45.7,40.67445345001906
3082,45.7,40.68791208791208
3083,45.7,40.74938093580627
3084,45.7,40.74938093580627
3085,45.7,40.74938093580627
3086,45.7,40.77445345001905
3087,45.7,40.83197752473771
3088,45.7,40.849380935806266
3089,45.7,40.849380935806266
3090,45.7,40.87445345001905
3091,45.7,40.94938093580626
3092,45.7,41.08791208791209
3093,45.7,41.14938093580626
3094,45.7,41.14938093580626
3095,45.7,41.23487809324914
3096,45.7,41.24938093580627
3097,45.7,41.27445345001905
3098,45.7,41.349380935806266
3099,45.7,41.43197752473771
3100,45.7,41.483031397963515
3101,45.7,41.54938093580627
3102,45.7,41.54938093580627
3103,45.7,41.67445345001906
3104,45.7,41.74938093580627
3105,45.7,41.77445345001905
3106,45.7,41.94938093580626
3107,45.7,41.94938093580626
3108,45.7,41.94938093580626
3109,45.7,41.974453450019055
3110,45.7,41.98791208791209
3111,45.7,42.031977524737705
3112,45.7,42.04938093580627
3113,45.7,42.18791208791208
3114,45.7,42.18791208791208
3115,45.7,42.23197752473771
3116,45.7,42.24938093580627
3117,45.7,42.266540699119886
3118,45.7,42.349380935806266
3119,45.7,42.349380935806266
3120,45.7,42.349380935806266
3121,45.7,42.37445345001906
3122,45.7,42.44938093580626
3123,45.7,42.449380935806275
3124,45.7,42.508888999386734
3125,45.7,42.534878093249134
3126,45.7,42.54938093580627
3127,45.7,42.54938093580627
3128,45.7,42.64938093580628
3129,45.7,42.674453450019044
3130,45.7,42.828415626605675
3131,45.7,42.83593390018729
3132,45.7,42.849380935806266
3133,45.7,42.90888899938673
3134,45.7,42.93197752473771
3135,45.7,42.94938093580626
3136,45.7,42.949380935806275
3137,45.7,43.034878093249134
3138,45.7,43.03593390018729
3139,45.7,43.049380935806255
3140,45.7,43.14938093580626
3141,45.7,43.14938093580628
3142,45.7,43.174453450019044
3143,45.7,43.174453450019044
3144,45.7,43.17445345001906
3145,45.7,43.17445345001906
3146,45.7,43.24938093580626
3147,45.7,43.24938093580627
3148,45.7,43.33197752473771
3149,45.7,43.349380935806266
3150,45.7,43.37445345001906
3151,45.7,43.387912087912085
3152,45.7,43.44938093580626
3153,45.7,43.58791208791209
3154,45.7,43.63593390018729
3155,45.7,43.64938093580626
3156,45.7,43.64938093580628
3157,45.7,43.73487809324914
3158,45.7,43.73487809324914
3159,45.7,43.74938093580627
3160,45.7,43.83197752473771
3161,45.7,43.849380935806266
3162,45.7,44.031977524737705
3163,45.7,44.16086718711153
3164,45.7,44.24938093580626
3165,45.7,44.24938093580626
3166,45.7,44.24938093580627
3167,45.7,44.33197752473771
3168,45.7,44.33197752473771
3169,45.7,44.349380935806266
3170,45.7,44.44938093580626
3171,45.7,44.44938093580626
3172,45.7,44.44938093580626
3173,45.7,44.50888899938674
3174,45.7,44.605060248951645
3175,45.7,44.64938093580626
3176,45.7,44.64938093580626
3177,45.7,44.74938093580626
3178,45.7,44.83593390018729
3179,45.7,44.849380935806266
3180,45.7,44.849380935806266
3181,45.7,44.94938093580626
3182,45.7,44.94938093580626
3183,45.7,44.94938093580626
3184,45.7,44.94938093580626
3185,45.7,45.00888899938674
3186,45.7,45.049380935806255
3187,45.7,45.04938093580627
3188,45.7,45.04938093580627
3189,45.7,45.04938093580627
3190,45.7,45.13197752473771
3191,45.7,45.187912087912096
3192,45.7,45.208888999386744
3193,45.7,45.24938093580626
3194,45.7,45.24938093580626
3195,45.7,45.24938093580627
3196,45.7,45.24938093580627
3197,45.7,45.37445345001905
3198,45.7,45.431977524737704
3199,45.7,45.54490245802462
3200,45.7,45.57445345001905
3201,45.7,45.7
3202,45.7,45.7
3203,45.7,45.7
3204,45.7,45.7
3205,45.7,45.7
3206,45.7,45.7
3207,45.7,45.7
3208,45.7,45.7
3209,45.7,45.7
3210,45.7,45.7
3211,45.7,45.7
3212,45.7,45.7
3213,45.7,45.7
3214,45.7,45.7
3215,45.7,45.7
3216,45.7,45.7
3217,45.7,45.7
3218,45.7,45.7
3219,45.7,45.7
3220,45.7,45.7
3221,45.7,45.7
3222,45.7,45.7
3223,45.7,45.7
3224,45.7,45.7
3225,45.7,45.7
3226,45.7,45.7
3227,45.7,45.7
3228,45.7,45.7
3229,45.7,45.7
3230,45.7,45.7
3231,45.7,45.7
3232,45.7,45.7
3233,45.7,45.7
3234,45.7,45.7
3235,45.7,45.7
3236,45.7,45.7
3237,45.7,45.7
3238,45.7,45.7
3239,45.7,45.7
3240,45.7,45.7
3241,45.7,45.7
3242,45.7,45.7
3243,45.7,45.7
3244,45.7,45.7
3245,45.7,45.7
3246,45.7,45.7
3247,45.7,45.7
3248,45.7,45.7
3249,45.7,45.7
3250,45.7,45.7
3251,45.7,45.7
3252,45.7,45.7
3253,45.7,45.7
3254,45.7,45.7
3255,45.7,45.7
3256,45.7,45.7
3257,45.7,45.7
3258,45.7,45.7
3259,45.7,45.7
3260,45.7,45.7
3261,45.7,45.7
3262,45.7,45.7
3263,45.7,45.7
3264,45.7,45.7
3265,45.7,45.7
3266,45.7,45.7
3267,45.7,45.7
3268,45.7,45.7
3269,45.7,45.7
3270,45.7,45.7
3271,45.7,45.7
3272,45.7,45.7
3273,45.7,45.7
3274,45.7,45.7
3275,45.7,45.7
3276,45.7,45.7
3277,45.7,45.7
3278,45.7,45.7
3279,45.7,45.7
3280,45.7,45.7
3281,45.7,45.7
3282,45.7,45.7
3283,45.7,45.7
3284,45.7,45.7
3285,45.7,45.7
3286,45.7,45.7
3287,45.7,45.7
3288,45.7,45.7
3289,45.7,45.7
3290,45.7,45.7
3291,45.7,45.7
3292,45.7,45.7
3293,45.7,45.7
3294,45.7,45.7
3295,45.7,45.7
3296,45.7,45.7
3297,45.7,45.7
3298,45.7,45.7
3299,45.7,45.7
3300,45.7,45.7
3301,45.7,45.7
3302,45.7,45.7
3303,45.7,45.7
3304,45.7,45.7
3305,45.7,45.7
3306,45.7,45.7
3307,45.7,45.7
3308,45.7,45.7
3309,45.7,45.7
3310,45.7,45.7
3311,45.7,45.7
3312,45.7,45.7
3313,45.7,45.7
3314,45.7,45.7
3315,45.7,45.7
3316,45.7,45.7
3317,45.7,45.7
3318,45.7,45.7
3319,45.7,45.7
3320,45.7,45.7
3321,45.7,45.7
3322,45.7,45.7
3323,45.7,45.7
3324,45.7,45.7
3325,45.7,45.7
3326,45.7,45.7
3327,45.7,45.7
3328,45.7,45.7
3329,45.7,45.7
3330,45.7,45.7
3331,45.7,45.7
3332,45.7,45.7
3333,45.7,45.7
3334,45.7,45.7
3335,45.7,45.7
3336,45.7,45.7
3337,45.7,45.7
3338,45.7,45.7
3339,45.7,45.7
3340,45.7,45.7
3341,45.7,45.7
3342,45.7,45.7
3343,45.7,45.7
3344,45.7,45.7
3345,45.7,45.7
3346,45.7,45.7
3347,45.7,45.7
3348,45.7,45.7
3349,45.7,45.7
3350,45.7,45.7
3351,45.7,45.7
3352,45.7,45.7
3353,45.7,45.7
3354,45.7,45.7
3355,45.7,45.7
3356,45.7,45.7
3357,45.7,45.7
3358,45.7,45.7
3359,45.7,45.7
3360,45.7,45.7
3361,45.7,45.7
3362,45.7,45.7
3363,45.7,45.7
3364,45.7,45.7
3365,45.7,45.7
3366,45.7,45.7
3367,45.7,45.7
3368,45.7,45.7
3369,45.7,45.7
3370,45.7,45.7
3371,45.7,45.7
3372,45.7,45.7
3373,45.7,45.7
3374,45.7,45.7
3375,45.7,45.7
3376,45.7,45.7
3377,45.7,45.7
3378,45.7,45.7
3379,45.7,45.7
3380,45.7,45.7
3381,45.7,45.7
3382,45.7,45.7
3383,45.7,45.7
3384,45.7,45.7
3385,45.7,45.7
3386,45.7,45.7
3387,45.7,45.7
3388,45.7,45.7
3389,45.7,45.7
3390,45.7,45.7
3391,45.7,45.7
3392,45.7,45.7
3393,45.7,45.7
3394,45.7,45.7
3395,45.7,45.7
3396,45.7,45.7
3397,45.7,45.7
3398,45.7,45.7
3399,45.7,45.7
3400,45.7,45.7
3401,45.7,45.7
3402,45.7,45.7
3403,45.7,45.7
3404,45.7,45.7
3405,45.7,45.7
3406,45.7,45.7
3407,45.7,45.7
3408,45.7,45.7
3409,45.7,45.7
3410,45.7,45.7
3411,45.7,45.7
3412,45.7,45.7
3413,45.7,45.7
3414,45.7,45.7
3415,45.7,45.7
3416,45.7,45.7
3417,45.7,45.7
3418,45.7,45.7
3419,45.7,45.7
3420,45.7,45.7
3421,45.7,45.7
3422,45.7,45.7
3423,45.7,45.7
3424,45.7,45.7
3425,45.7,45.7
3426,45.7,45.7
3427,45.7,45.7
3428,45.7,45.7
3429,45.7,45.7
3430,45.7,45.7
3431,45.7,45.7
3432,45.7,45.7
3433,45.7,45.7
3434,45.7,45.7
3435,45.7,45.7
3436,45.7,45.7
3437,45.7,45.7
3438,45.7,45.7
3439,45.7,45.7
3440,45.7,45.7
3441,45.7,45.7
3442,45.7,45.7
3443,45.7,45.7
3444,45.7,45.7
3445,45.7,45.7
3446,45.7,45.7
3447,45.7,45.7
3448,45.7,45.7
3449,45.7,45.7
3450,45.7,45.7
3451,45.7,45.7
3452,45.7,45.7
3453,45.7,45.7
3454,45.7,45.7
3455,45.7,45.7
3456,45.7,45.7
3457,45.7,45.7
3458,45.7,45.7
3459,45.7,45.7
3460,45.7,45.7
3461,45.7,45.7
3462,45.7,45.7
3463,45.7,45.7
3464,45.7,45.7
3465,45.7,45.7
3466,45.7,45.7
3467,45.7,45.7
3468,45.7,45.7
3469,45.7,45.7
3470,45.7,45.7
3471,45.7,45.7
3472,45.7,45.7
3473,45.7,45.7
3474,45.7,45.7
3475,45.7,45.7
3476,45.7,45.7
3477,45.7,45.7
3478,45.7,45.7
3479,45.7,45.7
3480,45.7,45.7
3481,45.7,45.7
3482,45.7,45.7
3483,45.7,45.7
3484,45.7,45.7
3485,45.7,45.7
3486,45.7,45.7
3487,45.7,45.7
3488,45.7,45.7
3489,45.7,45.7
3490,45.7,45.7
3491,45.7,45.7
3492,45.7,45.7
3493,45.7,45.7
3494,45.7,45.7
3495,45.7,45.7
3496,45.7,45.7
3497,45.7,45.7
3498,45.7,45.7
3499,45.7,45.7
3500,45.7,45.7
3501,45.7,45.7
3502,45.7,45.7
3503,45.7,45.7
3504,45.7,45.7
3505,45.7,45.7
3506,45.7,45.7
3507,45.7,45.7
3508,45.7,45.7
3509,45.7,45.7
3510,45.7,45.7
3511,45.7,45.7
3512,45.7,45.7
3513,45.7,45.7
3514,45.7,45.7
3515,45.7,45.7
3516,45.7,45.7
3517,45.7,45.7
3518,45.7,45.7
3519,45.7,45.7
3520,45.7,45.7
3521,45.7,45.7
3522,45.7,45.7
3523,45.7,45.7
3524,45.7,45.7
3525,45.7,45.7
3526,45.7,45.7
3527,45.7,45.7
3528,45.7,45.7
3529,45.7,45.7
3530,45.7,45.7
3531,45.7,45.7
3532,45.7,45.7
3533,45.7,45.7
3534,45.7,45.7
3535,45.7,45.7
3536,45.7,45.7
3537,45.7,45.7
3538,45.7,45.7
3539,45.7,45.7
3540,45.7,45.7
3541,45.7,45.7
3542,45.7,45.7
3543,45.7,45.7
3544,45.7,45.7
3545,45.7,45.7
3546,45.7,45.7
3547,45.7,45.7
3548,45.7,45.7
3549,45.7,45.7
3550,45.7,45.7
3551,45.7,45.7
3552,45.7,45.7
3553,45.7,45.7
3554,45.7,45.7
3555,45.7,45.7
3556,45.7,45.7
3557,45.7,45.7
3558,45.7,45.7
3559,45.7,45.7
3560,45.7,45.7
3561,45.7,45.7
3562,45.7,45.7
3563,45.7,45.7
3564,45.7,45.7
3565,45.7,45.7
3566,45.7,45.7
3567,45.7,45.7
3568,45.7,45.7
3569,45.7,45.7
3570,45.7,45.7
3571,45.7,45.7
3572,45.7,45.7
3573,45.7,45.7
3574,45.7,45.7
3575,45.7,45.7
3576,45.7,45.7
3577,45.7,45.7
3578,45.7,45.7
3579,45.7,45.7
3580,45.7,45.7
3581,45.7,45.7
3582,45.7,45.7
3583,45.7,45.7
3584,45.7,45.7
3585,45.7,45.7
3586,45.7,45.7
3587,45.7,45.7
3588,45.7,45.7
3589,45.7,45.7
3590,45.7,45.7
3591,45.7,45.7
3592,45.7,45.7
3593,45.7,45.7
3594,45.7,45.7
3595,45.7,45.7
3596,45.7,45.7
3597,45.7,45.7
3598,45.7,45.7
3599,45.7,45.7
3600,45.7,45.7
3601,45.7,45.7
3602,45.7,45.7
3603,45.7,45.7
3604,45.7,45.7
3605,45.7,45.7
3606,45.7,45.7
3607,45.7,45.7
3608,45.7,45.7
3609,45.7,45.7
3610,45.7,45.7
3611,45.7,45.7
3612,45.7,45.7
3613,45.7,45.7
3614,45.7,45.7
3615,45.7,45.7
3616,45.7,45.7
3617,45.7,45.7
3618,45.7,45.7
3619,45.7,45.7
3620,45.7,45.7
3621,45.7,45.7
3622,45.7,45.7
3623,45.7,45.7
3624,45.7,45.7
3625,45.7,45.7
3626,45.7,45.7
3627,45.7,45.7
3628,45.7,45.7
3629,45.7,45.7
3630,45.7,45.7
3631,45.7,45.7
3632,45.7,45.7
3633,45.7,45.7
3634,45.7,45.7
3635,45.7,45.7
3636,45.7,45.7
3637,45.7,45.7
3638,45.7,45.7
3639,45.7,45.7
3640,45.7,45.7
3641,45.7,45.7
3642,45.7,45.7
3643,45.7,45.7
3644,45.7,45.7
3645,45.7,45.7
3646,45.7,45.7
3647,45.7,45.7
3648,45.7,45.7
3649,45.7,45.7
3650,45.7,45.7
3651,45.7,45.7
3652,45.7,45.7
3653,45.7,45.7
3654,45.7,45.7
3655,45.7,45.7
3656,45.7,45.7
3657,45.7,45.7
3658,45.7,45.7
3659,45.7,45.7
3660,45.7,45.7
3661,45.7,45.7
3662,45.7,45.7
3663,45.7,45.7
3664,45.7,45.7
3665,45.7,45.7
3666,45.7,45.7
3667,45.7,45.7
3668,45.7,45.7
3669,45.7,45.7
3670,45.7,45.7
3671,45.7,45.7
3672,45.7,45.7
3673,45.7,45.7
3674,45.7,45.7
3675,45.7,45.7
3676,45.7,45.7
3677,45.7,45.7
3678,45.7,45.7
3679,45.7,45.7
3680,45.7,45.7
3681,45.7,45.7
3682,45.7,45.7
3683,45.7,45.7
3684,45.7,45.7
3685,45.7,45.7
3686,45.7,45.7
3687,45.7,45.7
3688,45.7,45.7
3689,45.7,45.7
3690,45.7,45.7
3691,45.7,45.7
3692,45.7,45.7
3693,45.7,45.7
3694,45.7,45.7
3695,45.7,45.7
3696,45.7,45.7
3697,45.7,45.7
3698,45.7,45.7
3699,45.7,45.7
3700,45.7,45.7
3701,45.7,45.7
3702,45.7,45.7
3703,45.7,45.7
3704,45.7,45.7
3705,45.7,45.7
3706,45.7,45.7
3707,45.7,45.7
3708,45.7,45.7
3709,45.7,45.7
3710,45.7,45.7
3711,45.7,45.7
3712,45.7,45.7
3713,45.7,45.7
3714,45.7,45.7
3715,45.7,45.7
3716,45.7,45.7
3717,45.7,45.7
3718,45.7,45.7
3719,45.7,45.7
3720,45.7,45.7
3721,45.7,45.7
3722,45.7,45.7
3723,45.7,45.7
3724,45.7,45.7
3725,45.7,45.7
3726,45.7,45.7
3727,45.7,45.7
3728,45.7,45.7
3729,45.7,45.7
3730,45.7,45.7
3731,45.7,45.7
3732,45.7,45.7
3733,45.7,45.7
3734,45.7,45.7
3735,45.7,45.7
3736,45.7,45.7
3737,45.7,45.7
3738,45.7,45.7
3739,45.7,45.7
3740,45.7,45.7
3741,45.7,45.7
3742,45.7,45.7
3743,45.7,45.7
3744,45.7,45.7
3745,45.7,45.7
3746,45.7,45.7
3747,45.7,45.7
3748,45.7,45.7
3749,45.7,45.7
3750,45.7,45.7
3751,45.7,45.7
3752,45.7,45.7
3753,45.7,45.7
3754,45.7,45.7
3755,45.7,45.7
3756,45.7,45.7
3757,45.7,45.7
3758,45.7,45.7
3759,45.7,45.7
3760,45.7,45.7
3761,45.7,45.7
3762,45.7,45.7
3763,45.7,45.7
3764,45.7,45.7
3765,45.7,45.7
3766,45.7,45.7
3767,45.7,45.7
3768,45.7,45.7
3769,45.7,45.7
3770,45.7,45.7
3771,45.7,45.7
3772,45.7,45.7
3773,45.7,45.7
3774,45.7,45.7
3775,45.7,45.7
3776,45.7,45.7
3777,45.7,45.7
3778,45.7,45.7
3779,45.7,45.7
3780,45.7,45.7
3781,45.7,45.7
3782,45.7,45.7
3783,45.7,45.7
3784,45.7,45.7
3785,45.7,45.7
3786,45.7,45.7
3787,45.7,45.7
3788,45.7,45.7
3789,45.7,45.7
3790,45.7,45.7
3791,45.7,45.7
3792,45.7,45.7
3793,45.7,45.7
3794,45.7,45.7
3795,45.7,45.7
3796,45.7,45.7
3797,45.7,45.7
3798,45.7,45.7
3799,45.7,45.7
3800,45.7,45.7
3801,45.7,45.7
3802,45.7,45.7
3803,45.7,45.7
3804,45.7,45.7
3805,45.7,45.7
3806,45.7,45.7
3807,45.7,45.7
3808,45.7,45.7
3809,45.7,45.7
3810,45.7,45.7
3811,45.7,45.7
3812,45.7,45.7
3813,45.7,45.7
3814,45.7,45.7
3815,45.7,45.7
3816,45.7,45.7
3817,45.7,45.7
3818,45.7,45.7
3819,45.7,45.7
3820,45.7,45.7
3821,45.7,45.7
3822,45.7,45.7
3823,45.7,45.7
3824,45.7,45.7
3825,45.7,45.7
3826,45.7,45.7
3827,45.7,45.7
3828,45.7,45.7
3829,45.7,45.7
3830,45.7,45.7
3831,45.7,45.7
3832,45.7,45.7
3833,45.7,45.7
3834,45.7,45.7
3835,45.7,45.7
3836,45.7,45.7
3837,45.7,45.7
3838,45.7,45.7
3839,45.7,45.7
3840,45.7,45.7
3841,45.7,45.7
3842,45.7,45.7
3843,45.7,45.7
3844,45.7,45.7
3845,45.7,45.7
3846,45.7,45.7
3847,45.7,45.7
3848,45.7,45.7
3849,45.7,45.7
3850,45.7,45.7
3851,45.7,45.7
3852,45.7,45.7
3853,45.7,45.7
3854,45.7,45.7
3855,45.7,45.7
3856,45.7,45.7
3857,45.7,45.7
3858,45.7,45.7
3859,45.7,45.7
3860,45.7,45.7
3861,45.7,45.7
3862,45.7,45.7
3863,45.7,45.7
3864,45.7,45.7
3865,45.7,45.7
3866,45.7,45.7
3867,45.7,45.7
3868,45.7,45.7
3869,45.7,45.7
3870,45.7,45.7
3871,45.7,45.7
3872,45.7,45.7
3873,45.7,45.7
3874,45.7,45.7
3875,45.7,45.7
3876,45.7,45.7
3877,45.7,45.7
3878,45.7,45.7
3879,45.7,45.7
3880,45.7,45.7
3881,45.7,45.7
3882,45.7,45.7
3883,45.7,45.7
3884,45.7,45.7
3885,45.7,45.7
3886,45.7,45.7
3887,45.7,45.7
3888,45.7,45.7
3889,45.7,45.7
3890,45.7,45.7
3891,45.7,45.7
3892,45.7,45.7
3893,45.7,45.7
3894,45.7,45.7
3895,45.7,45.7
3896,45.7,45.7
3897,45.7,45.7
3898,45.7,45.7
3899,45.7,45.7
3900,45.7,45.7
3901,45.7,45.7
3902,45.7,45.7
3903,45.7,45.7
3904,45.7,45.7
3905,45.7,45.7
3906,45.7,45.7
3907,45.7,45.7
3908,45.7,45.7
3909,45.7,45.7
3910,45.7,45.7
3911,45.7,45.7
3912,45.7,45.7
3913,45.7,45.7
3914,45.7,45.7
3915,45.7,45.7
3916,45.7,45.7
3917,45.7,45.7
3918,45.7,45.7
3919,45.7,45.7
3920,45.7,45.7
3921,45.7,45.7
3922,45.7,45.7
3923,45.7,45.7
3924,45.7,45.7
3925,45.7,45.7
3926,45.7,45.7
3927,45.7,45.7
3928,45.7,45.7
3929,45.7,45.7
3930,45.7,45.7
3931,45.7,45.7
3932,45.7,45.7
3933,45.7,45.7
3934,45.7,45.7
3935,45.7,45.7
3936,45.7,45.7
3937,45.7,45.7
3938,45.7,45.7
3939,45.7,45.7
3940,45.7,45.7
3941,45.7,45.7
3942,45.7,45.7
3943,45.7,45.7
3944,45.7,45.7
3945,45.7,45.7
3946,45.7,45.7
3947,45.7,45.7
3948,45.7,45.7
3949,45.7,45.7
3950,45.7,45.7
3951,45.7,45.7
3952,45.7,45.7
3953,45.7,45.7
3954,45.7,45.7
3955,45.7,45.7
3956,45.7,45.7
3957,45.7,45.7
3958,45.7,45.7
3959,45.7,45.7
3960,45.7,45.7
3961,45.7,45.7
3962,45.7,45.7
3963,45.7,45.7
3964,45.7,45.7
3965,45.7,45.7
3966,45.7,45.7
3967,45.7,45.7
3968,45.7,45.7
3969,45.7,45.7
3970,45.7,45.7
3971,45.7,45.7
3972,45.7,45.7
3973,45.7,45.7
3974,45.7,45.7
3975,45.7,45.7
3976,45.7,45.7
3977,45.7,45.7
3978,45.7,45.7
3979,45.7,45.7
3980,45.7,45.7
3981,45.7,45.7
3982,45.7,45.7
3983,45.7,45.7
3984,45.7,45.7
3985,45.7,45.7
3986,45.7,45.7
3987,45.7,45.7
3988,45.7,45.7
3989,45.7,45.7
3990,45.7,45.7
3991,45.7,45.7
3992,45.7,45.7
3993,45.7,45.7
3994,45.7,45.7
3995,45.7,45.7
3996,45.7,45.7
3997,45.7,45.7
3998,45.7,45.7
3999,45.7,45.7
4000,45.7,45.7
4001,45.7,45.7
4002,45.7,45.7
4003,45.7,45.7
4004,45.7,45.7
4005,45.7,45.7
4006,45.7,45.7
4007,45.7,45.7
4008,45.7,45.7
4009,45.7,45.7
4010,45.7,45.7
4011,45.7,45.7
4012,45.7,45.7
4013,45.7,45.7
4014,45.7,45.7
4015,45.7,45.7
4016,45.7,45.7
4017,45.7,45.7
4018,45.7,45.7
4019,45.7,45.7
4020,45.7,45.7
4021,45.7,45.7
4022,45.7,45.7
4023,45.7,45.7
4024,45.7,45.7
4025,45.7,45.7
4026,45.7,45.7
4027,45.7,45.7
4028,45.7,45.7
4029,45.7,45.7
4030,45.7,45.7
4031,45.7,45.7
4032,45.7,45.7
4033,45.7,45.7
4034,45.7,45.7
4035,45.7,45.7
4036,45.7,45.7
4037,45.7,45.7
4038,45.7,45.7
4039,45.7,45.7
4040,45.7,45.7
4041,45.7,45.7
4042,45.7,45.7
4043,45.7,45.7
4044,45.7,45.7
4045,45.7,45.7
4046,45.7,45.7
4047,45.7,45.7
4048,45.7,45.7
4049,45.7,45.7
4050,45.7,45.7
4051,45.7,45.7
4052,45.7,45.7
4053,45.7,45.7
4054,45.7,45.7
4055,45.7,45.7
4056,45.7,45.7
4057,45.7,45.7
4058,45.7,45.7
4059,45.7,45.7
4060,45.7,45.7
4061,45.7,45.7
4062,45.7,45.7
4063,45.7,45.7
4064,45.7,45.7
4065,45.7,45.7
4066,45.7,45.7
4067,45.7,45.7
4068,45.7,45.7
4069,45.7,45.7
4070,45.7,45.7
4071,45.7,45.7
4072,45.7,45.7
4073,45.7,45.7
4074,45.7,45.7
4075,45.7,45.7
4076,45.7,45.7
4077,45.7,45.7
4078,45.7,45.7
4079,45.7,45.7
4080,45.7,45.7
4081,45.7,45.7
4082,45.7,45.7
4083,45.7,45.7
4084,45.7,45.7
4085,45.7,45.7
4086,45.7,45.7
4087,45.7,45.7
4088,45.7,45.7
4089,45.7,45.7
4090,45.7,45.7
4091,45.7,45.7
4092,45.7,45.7
4093,45.7,45.7
4094,45.7,45.7
4095,45.7,45.7
4096,45.7,45.7
4097,45.7,45.7
4098,45.7,45.7
4099,45.7,45.7
4100,45.7,45.7
4101,45.7,45.7
4102,45.7,45.7
4103,45.7,45.7
4104,45.7,45.7
4105,45.7,45.7
4106,45.7,45.7
4107,45.7,45.7
4108,45.7,45.7
4109,45.7,45.7
4110,45.7,45.7
4111,45.7,45.7
4112,45.7,45.7
4113,45.7,45.7
4114,45.7,45.7
4115,45.7,45.7
4116,45.7,45.7
4117,45.7,45.7
4118,45.7,45.7
4119,45.7,45.7
4120,45.7,45.7
4121,45.7,45.7
4122,45.7,45.7
4123,45.7,45.7
4124,45.7,45.7
4125,45.7,45.7
4126,45.7,45.7
4127,45.7,45.7
4128,45.7,45.7
4129,45.7,45.7
4130,45.7,45.7
4131,45.7,45.7
4132,45.7,45.7
4133,45.7,45.7
4134,45.7,45.7
4135,45.7,45.7
4136,45.7,45.7
4137,45.7,45.7
4138,45.7,45.7
4139,45.7,45.7
4140,45.7,45.7
4141,45.7,45.7
4142,45.7,45.7
4143,45.7,45.7
4144,45.7,45.7
4145,45.7,45.7
4146,45.7,45.7
4147,45.7,45.7
4148,45.7,45.7
4149,45.7,45.7
4150,45.7,45.7
4151,45.7,45.7
4152,45.7,45.7
4153,45.7,45.7
4154,45.7,45.7
4155,45.7,45.7
4156,45.7,45.7
4157,45.7,45.7
4158,45.7,45.7
4159,45.7,45.7
4160,45.7,45.7
4161,45.7,45.7
4162,45.7,45.7
4163,45.7,45.7
4164,45.7,45.7
4165,45.7,45.7
4166,45.7,45.7
4167,45.7,45.7
4168,45.7,45.7
4169,45.7,45.7
4170,45.7,45.7
4171,45.7,45.7
4172,45.7,45.7
4173,45.7,45.7
4174,45.7,45.7
4175,45.7,45.7
4176,45.7,45.7
4177,45.7,45.7
4178,45.7,45.7
4179,45.7,45.7
4180,45.7,45.7
4181,45.7,45.7
4182,45.7,45.7
4183,45.7,45.7
4184,45.7,45.7
4185,45.7,45.7
4186,45.7,45.7
4187,45.7,45.7
4188,45.7,45.7
4189,45.7,45.7
4190,45.7,45.7
4191,45.7,45.7
4192,45.7,45.7
4193,45.7,45.7
4194,45.7,45.7
4195,45.7,45.7
4196,45.7,45.7
4197,45.7,45.7
4198,45.7,45.7
4199,45.7,45.7
4200,45.7,45.7
4201,45.7,45.7
4202,45.7,45.7
4203,45.7,45.7
4204,45.7,45.7
4205,45.7,45.7
4206,45.7,45.7
4207,45.7,45.7
4208,45.7,45.7
4209,45.7,45.7
4210,45.7,45.7
4211,45.7,45.7
4212,45.7,45.7
4213,45.7,45.7
4214,45.7,45.7
4215,45.7,45.7
4216,45.7,45.7
4217,45.7,45.7
4218,45.7,45.7
4219,45.7,45.7
4220,45.7,45.7
4221,45.7,45.7
4222,45.7,45.7
4223,45.7,45.7
4224,45.7,45.7
4225,45.7,45.7
4226,45.7,45.7
4227,45.7,45.7
4228,45.7,45.7
4229,45.7,45.7
4230,45.7,45.7
4231,45.7,45.7
4232,45.7,45.7
4233,45.7,45.7
4234,45.7,45.7
4235,45.7,45.7
4236,45.7,45.7
4237,45.7,45.7
4238,45.7,45.7
4239,45.7,45.7
4240,45.7,45.7
4241,45.7,45.7
4242,45.7,45.7
4243,45.7,45.7
4244,45.7,45.7
4245,45.7,45.7
4246,45.7,45.7
4247,45.7,45.7
4248,45.7,45.7
4249,45.7,45.7
4250,45.7,45.7
4251,45.7,45.7
4252,45.7,45.7
4253,45.7,45.7
4254,45.7,45.7
4255,45.7,45.7
4256,45.7,45.7
4257,45.7,45.7
4258,45.7,45.7
4259,45.7,45.7
4260,45.7,45.7
4261,45.7,45.7
4262,45.7,45.7
4263,45.7,45.7
4264,45.7,45.7
4265,45.7,45.7
4266,45.7,45.7
4267,45.7,45.7
4268,45.7,45.7
4269,45.7,45.7
4270,45.7,45.7
4271,45.7,45.7
4272,45.7,45.7
4273,45.7,45.7
4274,45.7,45.7
4275,45.7,45.7
4276,45.7,45.7
4277,45.7,45.7
4278,45.7,45.7
4279,45.7,45.7
4280,45.7,45.7
4281,45.7,45.7
4282,45.7,45.7
4283,45.7,45.7
4284,45.7,45.7
4285,45.7,45.7
4286,45.7,45.7
4287,45.7,45.7
4288,45.7,45.7
4289,45.7,45.7
4290,45.7,45.7
4291,45.7,45.7
4292,45.7,45.7
4293,45.7,45.7
4294,45.7,45.7
4295,45.7,45.7
4296,45.7,45.7
4297,45.7,45.7
4298,45.7,45.7
4299,45.7,45.7
4300,45.7,45.7
4301,45.7,45.7
4302,45.7,45.7
4303,45.7,45.7
4304,45.7,45.7
4305,45.7,45.7
4306,45.7,45.7
4307,45.7,45.7
4308,45.7,45.7
4309,45.7,45.7
4310,45.7,45.7
4311,45.7,45.7
4312,45.7,45.7
4313,45.7,45.7
4314,45.7,45.7
4315,45.7,45.7
4316,45.7,45.7
4317,45.7,45.7
4318,45.7,45.7
4319,45.7,45.7
4320,45.7,45.7
4321,45.7,45.7
4322,45.7,45.7
4323,45.7,45.7
4324,45.7,45.7
4325,45.7,45.7
4326,45.7,45.7
4327,45.7,45.7
4328,45.7,45.7
4329,45.7,45.7
4330,45.7,45.7
4331,45.7,45.7
4332,45.7,45.7
4333,45.7,45.7
4334,45.7,45.7
4335,45.7,45.7
4336,45.7,45.7
4337,45.7,45.7
4338,45.7,45.7
4339,45.7,45.7
4340,45.7,45.7
4341,45.7,45.7
4342,45.7,45.7
4343,45.7,45.7
4344,45.7,45.7
4345,45.7,45.7
4346,45.7,45.7
4347,45.7,45.7
4348,45.7,45.7
4349,45.7,45.7
4350,45.7,45.7
4351,45.7,45.7
4352,45.7,45.7
4353,45.7,45.7
4354,45.7,45.7
4355,45.7,45.7
4356,45.7,45.7
4357,45.7,45.7
4358,45.7,45.7
4359,45.7,45.7
4360,45.7,45.7
4361,45.7,45.7
4362,45.7,45.7
4363,45.7,45.7
4364,45.7,45.7
4365,45.7,45.7
4366,45.7,45.7
4367,45.7,45.7
4368,45.7,45.7
4369,45.7,45.7
4370,45.7,45.7
4371,45.7,45.7
4372,45.7,45.7
4373,45.7,45.7
4374,45.7,45.7
4375,45.7,45.7
4376,45.7,45.7
4377,45.7,45.7
4378,45.7,45.7
4379,45.7,45.7
4380,45.7,45.7
4381,45.7,45.7
4382,45.7,45.7
4383,45.7,45.7
4384,45.7,45.7
4385,45.7,45.7
4386,45.7,45.7
4387,45.7,45.7
4388,45.7,45.7
4389,45.7,45.7
4390,45.7,45.7
4391,45.7,45.7
4392,45.7,45.7
4393,45.7,45.7
4394,45.7,45.7
4395,45.7,45.7
4396,45.7,45.7
4397,45.7,45.7
4398,45.7,45.7
4399,45.7,45.7
4400,45.7,45.7
4401,45.7,45.7
4402,45.7,45.7
4403,45.7,45.7
4404,45.7,45.7
4405,45.7,45.7
4406,45.7,45.7
4407,45.7,45.7
4408,45.7,45.7
4409,45.7,45.7
4410,45.7,45.7
4411,45.7,45.7
4412,45.7,45.7
4413,45.7,45.7
4414,45.7,45.7
4415,45.7,45.7
4416,45.7,45.7
4417,45.7,45.7
4418,45.7,45.7
4419,45.7,45.7
4420,45.7,45.7
4421,45.7,45.7
4422,45.7,45.7
4423,45.7,45.7
4424,45.7,45.7
4425,45.7,45.7
4426,45.7,45.7
4427,45.7,45.7
4428,45.7,45.7
4429,45.7,45.7
4430,45.7,45.7
4431,45.7,45.7
4432,45.7,45.7
4433,45.7,45.7
4434,45.7,45.7
4435,45.7,45.7
4436,45.7,45.7
4437,45.7,45.7
4438,45.7,45.7
4439,45.7,45.7
4440,45.7,45.7
4441,45.7,45.7
4442,45.7,45.7
4443,45.7,45.7
4444,45.7,45.7
4445,45.7,45.7
4446,45.7,45.7
4447,45.7,45.7
4448,45.7,45.7
4449,45.7,45.7
4450,45.7,45.7
4451,45.7,45.7
4452,45.7,45.7
4453,45.7,45.7
4454,45.7,45.7
4455,45.7,45.7
4456,45.7,45.7
4457,45.7,45.7
4458,45.7,45.7
4459,45.7,45.7
4460,45.7,45.7
4461,45.7,45.7
4462,45.7,45.7
4463,45.7,45.7
4464,45.7,45.7
4465,45.7,45.7
4466,45.7,45.7
4467,45.7,45.7
4468,45.7,45.7
4469,45.7,45.7
4470,45.7,45.7
4471,45.7,45.7
4472,45.7,45.7
4473,45.7,45.7
4474,45.7,45.7
4475,45.7,45.7
4476,45.7,45.7
4477,45.7,45.7
4478,45.7,45.7
4479,45.7,45.7
4480,45.7,45.7
4481,45.7,45.7
4482,45.7,45.7
4483,45.7,45.7
4484,45.7,45.7
4485,45.7,45.7
4486,45.7,45.7
4487,45.7,45.7
4488,45.7,45.7
4489,45.7,45.7
4490,45.7,45.7
4491,45.7,45.7
4492,45.7,45.7
4493,45.7,45.7
4494,45.7,45.7
4495,45.7,45.7
4496,45.7,45.7
4497,45.7,45.7
4498,45.7,45.7
4499,45.7,45.7
4500,45.7,45.7
4501,45.7,45.7
4502,45.7,45.7
4503,45.7,45.7
4504,45.7,45.7
4505,45.7,45.7
4506,45.7,45.7
4507,45.7,45.7
4508,45.7,45.7
4509,45.7,45.7
4510,45.7,45.7
4511,45.7,45.7
4512,45.7,45.7
4513,45.7,45.7
4514,45.7,45.7
4515,45.7,45.7
4516,45.7,45.7
4517,45.7,45.7
4518,45.7,45.7
4519,45.7,45.7
4520,45.7,45.7
4521,45.7,45.7
4522,45.7,45.7
4523,45.7,45.7
4524,45.7,45.7
4525,45.7,45.7
4526,45.7,45.7
4527,45.7,45.7
4528,45.7,45.7
4529,45.7,45.7
4530,45.7,45.7
4531,45.7,45.7
4532,45.7,45.7
4533,45.7,45.7
4534,45.7,45.7
4535,45.7,45.7
4536,45.7,45.7
4537,45.7,45.7
4538,45.7,45.7
4539,45.7,45.7
4540,45.7,45.7
4541,45.7,45.7
4542,45.7,45.7
4543,45.7,45.7
4544,45.7,45.7
4545,45.7,45.7
4546,45.7,45.7
4547,45.7,45.7
4548,45.7,45.7
4549,45.7,45.7
4550,45.7,45.7
4551,45.7,45.7
4552,45.7,45.7
4553,45.7,45.7
4554,45.7,45.7
4555,45.7,45.7
4556,45.7,45.7
4557,45.7,45.7
4558,45.7,45.7
4559,45.7,45.7
4560,45.7,45.7
4561,45.7,45.7
4562,45.7,45.7
4563,45.7,45.7
4564,45.7,45.7
4565,45.7,45.7
4566,45.7,45.7
4567,45.7,45.7
4568,45.7,45.7
4569,45.7,45.7
4570,45.7,45.7
4571,45.7,45.7
4572,45.7,45.7
4573,45.7,45.7
4574,45.7,45.7
4575,45.7,45.7
4576,45.7,45.7
4577,45.7,45.7
4578,45.7,45.7
4579,45.7,45.7
4580,45.7,45.7
4581,45.7,45.7
4582,45.7,45.7
4583,45.7,45.7
4584,45.7,45.7
4585,45.7,45.7
4586,45.7,45.7
4587,45.7,45.7
4588,45.7,45.7
4589,45.7,45.7
4590,45.7,45.7
4591,45.7,45.7
4592,45.7,45.7
4593,45.7,45.7
4594,45.7,45.7
4595,45.7,45.7
4596,45.7,45.7
4597,45.7,45.7
4598,45.7,45.7
4599,45.7,45.7
4600,45.7,45.7
4601,45.7,45.7
4602,45.7,45.7
4603,45.7,45.7
4604,45.7,45.7
4605,45.7,45.7
4606,45.7,45.7
4607,45.7,45.7
4608,45.7,45.7
4609,45.7,45.7
4610,45.7,45.7
4611,45.7,45.7
4612,45.7,45.7
4613,45.7,45.7
4614,45.7,45.7
4615,45.7,45.7
4616,45.7,45.7
4617,45.7,45.7
4618,45.7,45.7
4619,45.7,45.7
4620,45.7,45.7
4621,45.7,45.7
4622,45.7,45.7
4623,45.7,45.7
4624,45.7,45.7
4625,45.7,45.7
4626,45.7,45.7
4627,45.7,45.7
4628,45.7,45.7
4629,45.7,45.7
4630,45.7,45.7
4631,45.7,45.7
4632,45.7,45.7
4633,45.7,45.7
4634,45.7,45.7
4635,45.7,45.7
4636,45.7,45.7
4637,45.7,45.7
4638,45.7,45.7
4639,45.7,45.7
4640,45.7,45.7
4641,45.7,45.7
4642,45.7,45.7
4643,45.7,45.7
4644,45.7,45.7
4645,45.7,45.7
4646,45.7,45.7
4647,45.7,45.7
4648,45.7,45.7
4649,45.7,45.7
4650,45.7,45.7
4651,45.7,45.7
4652,45.7,45.7
4653,45.7,45.7
4654,45.7,45.7
4655,45.7,45.7
4656,45.7,45.7
4657,45.7,45.7
4658,45.7,45.7
4659,45.7,45.7
4660,45.7,45.7
4661,45.7,45.7
4662,45.7,45.7
4663,45.7,45.7
4664,45.7,45.7
4665,45.7,45.7
4666,45.7,45.7
4667,45.7,45.7
4668,45.7,45.7
4669,45.7,45.7
4670,45.7,45.7
4671,45.7,45.7
4672,45.7,45.7
4673,45.7,45.7
4674,45.7,45.7
4675,45.7,45.7
4676,45.7,45.7
4677,45.7,45.7
4678,45.7,45.7
4679,45.7,45.7
4680,45.7,45.7
4681,45.7,45.7
4682,45.7,45.7
4683,45.7,45.7
4684,45.7,45.7
4685,45.7,45.7
4686,45.7,45.7
4687,45.7,45.7
4688,45.7,45.7
4689,45.7,45.7
4690,45.7,45.7
4691,45.7,45.7
4692,45.7,45.7
4693,45.7,45.7
4694,45.7,45.7
4695,45.7,45.7
4696,45.7,45.7
4697,45.7,45.7
4698,45.7,45.7
4699,45.7,45.7
4700,45.7,45.7
4701,45.7,45.7
4702,45.7,45.7
4703,45.7,45.7
4704,45.7,45.7
4705,45.7,45.7
4706,45.7,45.7
4707,45.7,45.7
4708,45.7,45.7
4709,45.7,45.7
4710,45.7,45.7
4711,45.7,45.7
4712,45.7,45.7
4713,45.7,45.7
4714,45.7,45.7
4715,45.7,45.7
4716,45.7,45.7
4717,45.7,45.7
4718,45.7,45.7
4719,45.7,45.7
4720,45.7,45.7
4721,45.7,45.7
4722,45.7,45.7
4723,45.7,45.7
4724,45.7,45.7
4725,45.7,45.7
4726,45.7,45.7
4727,45.7,45.7
4728,45.7,45.7
4729,45.7,45.7
4730,45.7,45.7
4731,45.7,45.7
4732,45.7,45.7
4733,45.7,45.7
4734,45.7,45.7
4735,45.7,45.7
4736,45.7,45.7
4737,45.7,45.7
4738,45.7,45.7
4739,45.7,45.7
4740,45.7,45.7
4741,45.7,45.7
4742,45.7,45.7
4743,45.7,45.7
4744,45.7,45.7
4745,45.7,45.7
4746,45.7,45.7
4747,45.7,45.7
4748,45.7,45.7
4749,45.7,45.7
4750,45.7,45.7
4751,45.7,45.7
4752,45.7,45.7
4753,45.7,45.7
4754,45.7,45.7
4755,45.7,45.7
4756,45.7,45.7
4757,45.7,45.7
4758,45.7,45.7
4759,45.7,45.7
4760,45.7,45.7
4761,45.7,45.7
4762,45.7,45.7
4763,45.7,45.7
4764,45.7,45.7
4765,45.7,45.7
4766,45.7,45.7
4767,45.7,45.7
4768,45.7,45.7
4769,45.7,45.7
4770,45.7,45.7
4771,45.7,45.7
4772,45.7,45.7
4773,45.7,45.7
4774,45.7,45.7
4775,45.7,45.7
4776,45.7,45.7
4777,45.7,45.7
4778,45.7,45.7
4779,45.7,45.7
4780,45.7,45.7
4781,45.7,45.7
4782,45.7,45.7
4783,45.7,45.7
4784,45.7,45.7
4785,45.7,45.7
4786,45.7,45.7
4787,45.7,45.7
4788,45.7,45.7
4789,45.7,45.7
4790,45.7,45.7
4791,45.7,45.7
4792,45.7,45.7
4793,45.7,45.7
4794,45.7,45.7
4795,45.7,45.7
4796,45.7,45.7
4797,45.7,45.7
4798,45.7,45.7
4799,45.7,45.7
4800,45.7,45.7
4801,45.7,45.7
4802,45.7,45.7
4803,45.7,45.7
4804,45.7,45.7
4805,45.7,45.7
4806,45.7,45.7
4807,45.7,45.7
4808,45.7,45.7
4809,45.7,45.7
4810,45.7,45.7
4811,45.7,45.7
4812,45.7,45.7
4813,45.7,45.7
4814,45.7,45.7
4815,45.7,45.7
4816,45.7,45.7
4817,45.7,45.7
4818,45.7,45.7
4819,45.7,45.7
4820,45.7,45.7
4821,45.7,45.7
4822,45.7,45.7
4823,45.7,45.7
4824,45.7,45.7
4825,45.7,45.7
4826,45.7,45.7
4827,45.7,45.7
4828,45.7,45.7
4829,45.7,45.7
4830,45.7,45.7
4831,45.7,45.7
4832,45.7,45.7
4833,45.7,45.7
4834,45.7,45.7
4835,45.7,45.7
4836,45.7,45.7
4837,45.7,45.7
4838,45.7,45.7
4839,45.7,45.7
4840,45.7,45.7
4841,45.7,45.7
4842,45.7,45.7
4843,45.7,45.7
4844,45.7,45.7
4845,45.7,45.7
4846,45.7,45.7
4847,45.7,45.7
4848,45.7,45.7
4849,45.7,45.7
4850,45.7,45.7
4851,45.7,45.7
4852,45.7,45.7
4853,45.7,45.7
4854,45.7,45.7
4855,45.7,45.7
4856,45.7,45.7
4857,45.7,45.7
4858,45.7,45.7
4859,45.7,45.7
4860,45.7,45.7
4861,45.7,45.7
4862,45.7,45.7
4863,45.7,45.7
4864,45.7,45.7
4865,45.7,45.7
4866,45.7,45.7
4867,45.7,45.7
4868,45.7,45.7
4869,45.7,45.7
4870,45.7,45.7
4871,45.7,45.7
4872,45.7,45.7
4873,45.7,45.7
4874,45.7,45.7
4875,45.7,45.7
4876,45.7,45.7
4877,45.7,45.7
4878,45.7,45.7
4879,45.7,45.7
4880,45.7,45.7
4881,45.7,45.7
4882,45.7,45.7
4883,45.7,45.7
4884,45.7,45.7
4885,45.7,45.7
4886,45.7,45.7
4887,45.7,45.7
4888,45.7,45.7
4889,45.7,45.7
4890,45.7,45.7
4891,45.7,45.7
4892,45.7,45.7
4893,45.7,45.7
4894,45.7,45.7
4895,45.7,45.7
4896,45.7,45.7
4897,45.7,45.7
4898,45.7,45.7
4899,45.7,45.7
4900,45.7,45.7
4901,45.7,45.7
4902,45.7,45.7
4903,45.7,45.7
4904,45.7,45.7
4905,45.7,45.7
4906,45.7,45.7
4907,45.7,45.7
4908,45.7,45.7
4909,45.7,45.7
4910,45.7,45.7
4911,45.7,45.7
4912,45.7,45.7
4913,45.7,45.7
4914,45.7,45.7
4915,45.7,45.7
4916,45.7,45.7
4917,45.7,45.7
4918,45.7,45.7
4919,45.7,45.7
4920,45.7,45.7
4921,45.7,45.7
4922,45.7,45.7
4923,45.7,45.7
4924,45.7,45.7
4925,45.7,45.7
4926,45.7,45.7
4927,45.7,45.7
4928,45.7,45.7
4929,45.7,45.7
4930,45.7,45.7
4931,45.7,45.7
4932,45.7,45.7
4933,45.7,45.7
4934,45.7,45.7
4935,45.7,45.7
4936,45.7,45.7
4937,45.7,45.7
4938,45.7,45.7
4939,45.7,45.7
4940,45.7,45.7
4941,45.7,45.7
4942,45.7,45.7
4943,45.7,45.7
4944,45.7,45.7
4945,45.7,45.7
4946,45.7,45.7
4947,45.7,45.7
4948,45.7,45.7
4949,45.7,45.7
4950,45.7,45.7
4951,45.7,45.7
4952,45.7,45.7
4953,45.7,45.7
4954,45.7,45.7
4955,45.7,45.7
4956,45.7,45.7
4957,45.7,45.7
4958,45.7,45.7
4959,45.7,45.7
4960,45.7,45.7
4961,45.7,45.7
4962,45.7,45.7
4963,45.7,45.7
4964,45.7,45.7
4965,45.7,45.7
4966,45.7,45.7
4967,45.7,45.7
4968,45.7,45.7
4969,45.7,45.7
4970,45.7,45.7
4971,45.7,45.7
4972,45.7,45.7
4973,45.7,45.7
4974,45.7,45.7
4975,45.7,45.7
4976,45.7,45.7
4977,45.7,45.7
4978,45.7,45.7
4979,45.7,45.7
4980,45.7,45.7
4981,45.7,45.7
4982,45.7,45.7
4983,45.7,45.7
4984,45.7,45.7
4985,45.7,45.7
4986,45.7,45.7
4987,45.7,45.7
4988,45.7,45.7
4989,45.7,45.7
4990,45.7,45.7
4991,45.7,45.7
4992,45.7,45.7
4993,45.7,45.7
4994,45.7,45.7
4995,45.7,45.7
4996,45.7,45.7
4997,45.7,45.7
4998,45.7,45.7
4999,45.7,45.7
