,hsa_js,add_js
0,1.5,0.0
1,1.5,0.0
2,1.5,0.0
3,1.5,0.0
4,1.5,0.0
5,1.5,0.0
6,1.5,0.0
7,1.5,0.0
8,1.5,0.0
9,1.5,0.0
10,1.5,0.0
11,1.5,0.0
12,1.5,0.0
13,1.5,0.0
14,1.5,0.0
15,1.7000000000000002,0.0
16,1.7000000000000002,0.0
17,1.7000000000000002,0.0
18,1.7000000000000002,0.0
19,1.7000000000000002,0.0
20,1.7000000000000002,0.0
21,1.7000000000000002,0.0
22,1.7000000000000002,0.0
23,1.7000000000000002,0.0
24,1.7000000000000002,0.0
25,1.7000000000000002,0.0
26,1.7000000000000002,0.0
27,1.7000000000000002,0.0
28,1.7000000000000002,0.0
29,1.7000000000000002,0.0
30,1.7000000000000002,0.0
31,1.7000000000000002,0.0
32,1.7000000000000002,0.0
33,1.7000000000000002,0.0
34,1.7000000000000002,0.0
35,1.7000000000000002,0.0
36,1.7000000000000002,0.0
37,1.7000000000000002,0.0
38,1.7000000000000002,0.0
39,1.7000000000000002,0.0
40,1.7000000000000002,0.0
41,1.7000000000000002,0.0
42,1.7000000000000002,0.0
43,1.7000000000000002,0.0
44,1.7000000000000002,0.0
45,1.7000000000000002,0.0
46,1.7000000000000002,0.0
47,1.7000000000000002,0.0
48,1.7000000000000002,0.0
49,1.7000000000000002,0.0
50,1.7000000000000002,0.0
51,1.7000000000000002,0.0
52,1.7000000000000002,0.0
53,1.7000000000000002,0.0
54,1.7000000000000002,0.0
55,1.7000000000000002,0.0
56,1.7000000000000002,0.0
57,1.7000000000000002,0.0
58,1.9000000000000001,0.0
59,1.9000000000000001,0.0
60,1.9000000000000001,0.0
61,1.9000000000000001,0.0
62,1.9000000000000001,0.0
63,1.9000000000000001,0.0
64,1.9000000000000001,0.0
65,1.9000000000000001,0.0
66,1.9000000000000001,0.0
67,1.9000000000000001,0.0
68,1.9000000000000001,0.0
69,1.9000000000000001,0.0
70,1.9000000000000001,0.0
71,1.9000000000000001,0.0
72,1.9000000000000001,0.0
73,1.9000000000000001,0.0
74,1.9000000000000001,0.0
75,1.9000000000000001,0.0
76,1.9000000000000001,0.0
77,1.9000000000000001,0.0
78,1.9000000000000001,0.0
79,1.9000000000000001,0.0
80,1.9000000000000001,0.0
81,1.9000000000000001,0.0
82,1.9000000000000001,0.0
83,1.9000000000000001,0.0
84,1.9000000000000001,0.0
85,1.9000000000000001,0.0
86,1.9000000000000001,0.0
87,1.9000000000000001,0.0
88,1.9000000000000001,0.0
89,1.9000000000000001,0.0
90,1.9000000000000001,0.0
91,1.9000000000000001,0.0
92,1.9000000000000001,0.0
93,1.9000000000000001,0.0
94,1.9000000000000001,0.0
95,1.9000000000000001,0.0
96,1.9000000000000001,0.0
97,1.9000000000000001,0.0
98,1.9000000000000001,0.0
99,1.9000000000000001,0.0
100,1.9000000000000001,0.0
101,1.9000000000000001,0.0
102,1.9000000000000001,0.0
103,1.9000000000000001,0.0
104,1.9000000000000001,0.0
105,1.9000000000000001,0.0
106,1.9000000000000001,0.0
107,1.9000000000000001,0.0
108,1.9000000000000001,0.0
109,1.9000000000000001,0.0
110,1.9000000000000001,0.0
111,1.9000000000000001,0.0
112,1.9000000000000001,0.0
113,1.9000000000000001,0.0
114,1.9000000000000001,0.0
115,1.9000000000000001,0.0
116,1.9000000000000001,0.0
117,1.9000000000000001,0.0
118,1.9000000000000001,0.0
119,1.9000000000000001,0.0
120,1.9000000000000001,0.0
121,1.9000000000000001,0.0
122,1.9000000000000001,0.0
123,3.4000000000000004,0.0
124,3.4000000000000004,0.0
125,3.4000000000000004,0.0
126,3.4000000000000004,0.0
127,3.4000000000000004,0.0
128,3.4000000000000004,0.0
129,3.4000000000000004,0.0
130,3.4000000000000004,0.0
131,3.4000000000000004,0.0
132,3.4000000000000004,0.0
133,3.4000000000000004,0.0
134,3.4000000000000004,0.0
135,3.4000000000000004,0.0
136,3.4000000000000004,0.0
137,3.4000000000000004,0.0
138,3.4000000000000004,0.0
139,3.4000000000000004,0.0
140,3.4000000000000004,0.0
141,3.4000000000000004,0.0
142,3.4000000000000004,0.0
143,3.4000000000000004,0.0
144,3.4000000000000004,0.0
145,3.4000000000000004,0.0
146,3.4000000000000004,0.0
147,3.4000000000000004,0.0
148,3.4000000000000004,0.0
149,3.4000000000000004,0.0
150,3.4000000000000004,0.0
151,3.4000000000000004,0.0
152,3.4000000000000004,0.0
153,3.4000000000000004,0.0
154,3.4000000000000004,0.0
155,3.4000000000000004,0.0
156,3.4000000000000004,0.0
157,3.4000000000000004,0.0
158,3.4000000000000004,0.0
159,3.4000000000000004,0.0
160,3.4000000000000004,0.0
161,3.4000000000000004,0.0
162,3.4000000000000004,0.0
163,3.4000000000000004,0.0
164,3.4000000000000004,0.0
165,3.4000000000000004,0.0
166,3.4000000000000004,0.0
167,3.9000000000000004,0.0
168,3.9000000000000004,0.0
169,3.9000000000000004,0.0
170,3.9000000000000004,0.0
171,3.9000000000000004,0.0
172,3.9000000000000004,0.0
173,3.9000000000000004,0.0
174,3.9000000000000004,0.0
175,3.9000000000000004,0.0
176,3.9000000000000004,0.0
177,3.9000000000000004,0.0
178,3.9000000000000004,0.0
179,3.9000000000000004,0.0
180,3.9000000000000004,0.0
181,3.9000000000000004,0.0
182,3.9000000000000004,0.0
183,3.9000000000000004,0.0
184,3.9000000000000004,0.0
185,3.9000000000000004,0.0
186,3.9000000000000004,0.0
187,3.9000000000000004,0.0
188,3.9000000000000004,0.0
189,3.9000000000000004,0.0
190,3.9000000000000004,0.0
191,3.9000000000000004,0.0
192,3.9000000000000004,0.0
193,3.9000000000000004,0.0
194,3.9000000000000004,0.0
195,3.9000000000000004,0.0
196,3.9000000000000004,0.0
197,3.9000000000000004,0.0
198,3.9000000000000004,0.0
199,3.9000000000000004,0.0
200,3.9000000000000004,0.0
201,3.9000000000000004,0.0
202,3.9000000000000004,0.0
203,3.9000000000000004,0.0
204,3.9000000000000004,0.0
205,3.9000000000000004,0.0
206,4.1000000000000005,0.0
207,4.1000000000000005,0.0
208,4.1000000000000005,0.0
209,4.1000000000000005,0.0
210,4.1000000000000005,0.0
211,4.1000000000000005,0.0
212,4.1000000000000005,0.0
213,4.1000000000000005,0.0
214,4.1000000000000005,0.0
215,4.1000000000000005,0.0
216,4.1000000000000005,0.0
217,4.1000000000000005,0.0
218,4.1000000000000005,0.0
219,4.1000000000000005,0.0
220,4.1000000000000005,0.0
221,4.1000000000000005,0.0
222,4.1000000000000005,0.0
223,4.1000000000000005,0.0
224,4.1000000000000005,0.0
225,4.1000000000000005,0.0
226,4.1000000000000005,0.0
227,4.1000000000000005,0.0
228,4.1000000000000005,0.0
229,4.1000000000000005,0.0
230,4.1000000000000005,0.0
231,4.1000000000000005,0.0
232,4.1000000000000005,0.0
233,4.1000000000000005,0.0
234,4.1000000000000005,0.0
235,4.1000000000000005,0.0
236,4.1000000000000005,0.0
237,4.1000000000000005,0.0
238,4.1000000000000005,0.0
239,4.1000000000000005,0.0
240,4.1000000000000005,0.0
241,4.1000000000000005,0.0
242,4.1000000000000005,0.0
243,4.1000000000000005,0.0
244,4.1000000000000005,0.0
245,4.1000000000000005,0.0
246,4.800000000000001,0.0
247,4.800000000000001,0.0
248,4.800000000000001,0.0
249,4.800000000000001,0.0
250,4.800000000000001,0.0
251,4.800000000000001,0.0
252,4.800000000000001,0.0
253,4.800000000000001,0.0
254,4.800000000000001,0.0
255,4.800000000000001,0.0
256,4.800000000000001,0.0
257,4.800000000000001,0.0
258,4.800000000000001,0.0
259,4.800000000000001,0.0
260,4.800000000000001,0.0
261,4.800000000000001,0.0
262,4.800000000000001,0.0
263,4.800000000000001,0.0
264,4.800000000000001,0.0
265,4.800000000000001,0.0
266,4.800000000000001,0.0
267,4.800000000000001,0.0
268,4.800000000000001,0.0
269,4.800000000000001,0.0
270,4.800000000000001,0.0
271,4.800000000000001,0.0
272,4.800000000000001,0.0
273,4.800000000000001,0.0
274,4.800000000000001,0.0
275,4.800000000000001,0.0
276,4.800000000000001,0.0
277,4.800000000000001,0.0
278,4.800000000000001,0.0
279,4.800000000000001,0.0
280,4.800000000000001,0.0
281,4.800000000000001,0.0
282,4.800000000000001,0.0
283,4.800000000000001,0.0
284,4.800000000000001,0.0
285,4.800000000000001,0.0
286,4.800000000000001,0.0
287,4.800000000000001,0.0
288,4.800000000000001,0.0
289,4.800000000000001,0.0
290,4.800000000000001,0.0
291,4.800000000000001,0.0
292,4.800000000000001,0.0
293,4.800000000000001,0.0
294,4.800000000000001,0.0
295,4.800000000000001,0.0
296,5.2,0.0
297,5.2,0.0
298,5.2,0.0
299,5.2,0.0
300,5.2,0.0
301,5.2,0.0
302,5.2,0.0
303,5.2,0.0
304,5.2,0.0
305,5.2,0.0
306,5.2,0.0
307,5.2,0.0
308,5.2,0.0
309,5.2,0.0
310,5.2,0.0
311,5.2,0.0
312,5.2,0.0
313,5.2,0.0
314,5.2,0.0
315,5.2,0.0
316,5.2,0.0
317,5.2,0.0
318,5.2,0.0
319,5.2,0.0
320,5.2,0.0
321,5.2,0.0
322,5.2,0.0
323,5.2,0.0
324,5.2,0.0
325,5.2,0.0
326,5.2,0.0
327,5.2,0.0
328,5.2,0.0
329,5.2,0.0
330,5.2,0.0
331,5.2,0.0
332,5.2,0.0
333,5.2,0.0
334,5.2,0.0
335,5.2,0.0
336,5.2,0.0
337,5.2,0.0
338,5.2,0.0
339,5.2,0.0
340,5.2,0.0
341,5.2,0.0
342,5.2,0.0
343,5.2,0.0
344,5.2,0.0
345,5.2,0.0
346,5.2,0.0
347,5.2,0.0
348,5.2,0.0
349,5.2,0.0
350,5.2,0.0
351,5.2,0.0
352,5.2,0.0
353,5.2,0.0
354,6.4,0.0
355,6.4,0.0
356,6.4,0.0
357,6.4,0.0
358,6.4,0.0
359,6.4,0.0
360,6.4,0.0
361,6.4,0.0
362,6.4,0.0
363,6.4,0.0
364,6.4,0.0
365,6.4,0.0
366,6.4,0.0
367,6.4,0.0
368,6.4,0.0
369,6.4,0.0
370,6.4,0.0
371,6.4,0.0
372,6.4,0.0
373,6.4,0.0
374,6.4,0.0
375,6.4,0.0
376,6.4,0.0
377,6.4,0.0
378,6.4,0.0
379,6.4,0.0
380,6.4,0.0
381,6.4,0.0
382,6.4,0.0
383,6.4,0.0
384,6.4,0.0
385,6.4,0.0
386,6.4,0.0
387,6.4,0.0
388,6.4,0.0
389,6.4,0.0
390,6.4,0.0
391,6.4,0.0
392,6.4,0.0
393,6.4,0.0
394,6.4,0.0
395,6.4,0.0
396,6.4,0.0
397,6.4,0.0
398,6.4,0.0
399,6.4,0.0
400,6.4,0.0
401,6.4,0.0
402,6.4,0.0
403,6.4,0.0
404,6.4,0.0
405,6.4,0.0
406,6.4,0.0
407,6.4,0.0
408,6.4,0.0
409,6.4,0.0
410,6.4,0.0
411,6.4,0.0
412,6.4,0.0
413,6.4,0.0
414,6.4,0.0
415,6.4,0.0
416,6.4,0.0
417,6.4,0.0
418,6.4,0.0
419,6.4,0.0
420,6.4,0.0
421,6.4,0.0
422,6.4,0.0
423,6.4,0.0
424,6.4,0.0
425,6.4,0.0
426,6.5,0.0
427,6.5,0.0
428,6.5,0.0
429,6.5,0.0
430,6.5,0.0
431,6.5,0.0
432,6.5,0.0
433,6.5,0.0
434,6.5,0.0
435,6.5,0.0
436,6.5,0.0
437,6.5,0.0
438,6.5,0.0
439,6.5,0.0
440,6.5,0.0
441,6.5,0.0
442,6.5,0.0
443,6.5,0.0
444,6.5,0.0
445,6.5,0.0
446,6.5,0.0
447,6.5,0.0
448,6.5,0.0
449,6.5,0.0
450,6.5,0.0
451,6.5,0.0
452,6.5,0.0
453,6.5,0.0
454,6.5,0.0
455,6.5,0.0
456,6.5,0.0
457,6.5,0.0
458,6.5,0.0
459,6.5,0.0
460,6.5,0.0
461,6.5,0.0
462,6.5,0.0
463,6.5,0.0
464,6.5,0.0
465,6.5,0.0
466,6.5,0.0
467,6.5,0.0
468,6.5,0.0
469,6.5,0.0
470,6.5,0.0
471,6.5,0.0
472,6.5,0.0
473,6.5,0.0
474,6.5,0.0
475,6.5,0.0
476,6.5,0.0
477,6.5,0.0
478,6.5,0.0
479,7.6000000000000005,0.0
480,7.6000000000000005,0.0
481,7.6000000000000005,0.0
482,7.6000000000000005,0.0
483,7.6000000000000005,0.0
484,7.6000000000000005,0.0
485,7.6000000000000005,0.0
486,7.6000000000000005,0.0
487,7.6000000000000005,0.0
488,7.6000000000000005,0.0
489,7.6000000000000005,0.0
490,7.6000000000000005,0.0
491,7.6000000000000005,0.0
492,7.6000000000000005,0.0
493,7.6000000000000005,0.0
494,7.6000000000000005,0.0
495,7.6000000000000005,0.0
496,7.6000000000000005,0.0
497,7.6000000000000005,0.0
498,7.6000000000000005,0.0
499,7.6000000000000005,0.0
500,7.6000000000000005,0.0
501,7.6000000000000005,0.0
502,7.6000000000000005,0.0
503,7.6000000000000005,0.0
504,7.6000000000000005,0.0
505,7.6000000000000005,0.0
506,7.6000000000000005,0.0
507,8.5,0.0
508,8.5,0.0
509,8.5,0.0
510,8.5,0.0
511,8.5,0.0
512,8.5,0.0
513,8.5,0.0
514,8.5,0.0
515,8.5,0.0
516,8.5,0.0
517,8.5,0.0
518,8.5,0.0
519,8.5,0.0
520,8.5,0.0
521,8.5,0.0
522,8.5,0.0
523,8.5,0.0
524,8.5,0.0
525,8.5,0.0
526,8.5,0.0
527,8.5,0.0
528,8.5,0.0
529,8.5,0.0
530,8.5,0.0
531,8.5,0.0
532,8.5,0.0
533,8.5,0.0
534,9.4,0.0
535,9.4,0.0
536,9.4,0.0
537,9.4,0.0
538,9.4,0.0
539,9.4,0.0
540,9.4,0.0
541,9.4,0.0
542,9.4,0.0
543,9.4,0.0
544,9.4,0.0
545,9.4,0.0
546,9.4,0.0
547,9.4,0.0
548,9.4,0.0
549,9.4,0.0
550,9.4,0.0
551,9.4,0.0
552,9.4,0.0
553,9.4,0.0
554,9.4,0.0
555,9.4,0.0
556,9.4,0.0
557,9.4,0.0
558,9.4,0.0
559,9.4,0.0
560,9.4,0.0
561,9.4,0.0
562,9.4,0.0
563,9.4,0.0
564,9.4,0.0
565,9.4,0.0
566,9.4,0.0
567,9.4,0.0
568,9.4,0.0
569,9.4,0.0
570,9.4,0.0
571,9.4,0.0
572,9.4,0.0
573,9.4,0.0
574,9.4,0.0
575,9.4,0.0
576,9.4,0.0
577,9.4,0.0
578,9.4,0.0
579,9.4,0.0
580,9.4,0.0
581,9.4,0.0
582,9.4,0.0
583,9.4,0.0
584,9.4,0.0
585,9.4,0.0
586,9.4,0.0
587,9.4,0.0
588,9.4,0.0
589,9.4,0.0
590,9.4,0.0
591,9.4,0.0
592,9.4,0.0
593,9.4,0.0
594,9.4,0.0
595,9.4,0.0
596,9.4,0.0
597,9.4,0.0
598,9.4,0.0
599,9.4,0.0
600,9.4,0.0
601,9.4,0.0
602,9.4,0.0
603,9.4,0.0
604,9.4,0.0
605,9.4,0.0
606,9.4,0.0
607,9.4,0.0
608,9.4,0.0
609,9.4,0.0
610,9.4,0.0
611,9.4,0.0
612,9.4,0.0
613,9.4,0.0
614,9.4,0.0
615,9.4,0.0
616,9.4,0.0
617,9.4,0.0
618,9.4,0.0
619,9.4,0.0
620,9.4,0.0
621,9.4,0.0
622,9.4,0.0
623,9.4,0.0
624,9.4,0.0
625,9.4,0.0
626,9.4,0.0
627,9.4,0.0
628,9.4,0.0
629,9.4,0.0
630,9.4,0.0
631,9.4,0.0
632,9.4,0.0
633,9.4,0.0
634,9.4,0.0
635,9.4,0.0
636,9.4,0.0
637,9.4,0.0
638,10.8,0.0
639,10.8,0.0
640,10.8,0.0
641,10.8,0.0
642,10.8,0.0
643,10.8,0.0
644,10.8,0.0
645,10.8,0.0
646,10.8,0.0
647,10.8,0.0
648,10.8,0.0
649,10.8,0.0
650,10.8,0.0
651,10.8,0.0
652,10.8,0.0
653,10.8,0.0
654,10.8,0.0
655,10.8,0.0
656,10.8,0.0
657,10.8,0.0
658,10.8,0.0
659,10.8,0.0
660,10.8,0.0
661,10.8,0.0
662,10.8,0.0
663,10.8,0.0
664,10.8,0.0
665,10.8,0.0
666,10.8,0.0
667,10.8,0.0
668,10.8,0.0
669,10.8,0.0
670,10.8,0.0
671,10.8,0.0
672,10.8,0.0
673,10.8,0.0
674,10.8,0.0
675,10.8,0.0
676,10.8,0.0
677,10.8,0.0
678,10.8,0.0
679,10.8,0.0
680,10.8,0.0
681,10.8,0.0
682,10.8,0.0
683,10.8,0.0
684,10.8,0.0
685,10.8,0.0
686,10.8,0.0
687,10.8,0.0
688,10.8,0.0
689,10.8,0.0
690,10.8,0.0
691,10.8,0.0
692,10.8,0.0
693,10.8,0.0
694,10.8,0.0
695,10.8,0.0
696,10.8,0.0
697,10.8,0.0
698,10.8,0.0
699,10.8,0.0
700,10.8,0.0
701,10.8,0.0
702,10.8,0.0
703,10.8,0.0
704,10.8,0.0
705,10.8,0.0
706,10.8,0.0
707,10.8,0.0
708,10.8,0.0
709,10.8,0.0
710,10.8,0.0
711,10.8,0.0
712,10.8,0.0
713,10.8,0.0
714,10.8,0.0
715,10.8,0.0
716,10.8,0.0
717,10.8,0.0
718,10.8,0.0
719,12.3,0.0
720,12.3,0.0
721,12.3,0.0
722,12.3,0.0
723,12.3,0.0
724,12.3,0.0
725,12.3,0.0
726,12.3,0.0
727,12.3,0.0
728,12.3,0.0
729,12.3,0.0
730,12.3,0.0
731,12.3,0.0
732,12.3,0.0
733,12.3,0.0
734,12.3,0.0
735,12.3,0.0
736,12.3,0.0
737,12.3,0.0
738,12.3,0.0
739,12.3,0.0
740,12.3,0.0
741,12.3,0.0
742,12.3,0.0
743,12.3,0.0
744,12.3,0.0
745,12.3,0.0
746,12.3,0.0
747,12.3,0.0
748,12.3,0.0
749,12.3,0.0
750,12.3,0.0
751,12.3,0.0
752,12.3,0.0
753,12.3,0.0
754,12.3,0.0
755,12.3,0.0
756,12.3,0.0
757,12.3,0.0
758,12.3,0.0
759,12.3,0.0
760,13.9,0.0
761,13.9,0.0
762,13.9,0.0
763,13.9,0.0
764,13.9,0.0
765,13.9,0.0
766,13.9,0.0
767,13.9,0.0
768,13.9,0.0
769,13.9,0.0
770,13.9,0.0
771,13.9,0.0
772,13.9,0.0
773,13.9,0.0
774,13.9,0.0
775,13.9,0.0
776,13.9,0.0
777,13.9,0.0
778,13.9,0.0
779,13.9,0.0
780,13.9,0.0
781,13.9,0.0
782,13.9,0.0
783,13.9,0.0
784,13.9,0.0
785,13.9,0.0
786,13.9,0.0
787,13.9,0.0
788,13.9,0.0
789,13.9,0.0
790,13.9,0.0
791,13.9,0.0
792,13.9,0.0
793,13.9,0.0
794,13.9,0.0
795,13.9,0.0
796,13.9,0.0
797,13.9,0.0
798,13.9,0.0
799,13.9,0.0
800,13.9,0.0
801,13.9,0.0
802,13.9,0.0
803,13.9,0.0
804,13.9,0.0
805,13.9,0.0
806,13.9,0.0
807,13.9,0.0
808,13.9,0.0
809,13.9,0.0
810,13.9,0.0
811,13.9,0.0
812,13.9,0.0
813,13.9,0.0
814,13.9,0.0
815,13.9,0.0
816,13.9,0.0
817,13.9,0.0
818,13.9,0.0
819,13.9,0.0
820,13.9,0.0
821,13.9,0.0
822,13.9,0.0
823,14.3,0.0
824,14.3,0.0
825,14.3,0.0
826,14.3,0.0
827,14.3,0.0
828,14.3,0.0
829,14.3,0.0
830,14.3,0.0
831,14.3,0.0
832,14.3,0.0
833,14.3,0.0
834,14.3,0.0
835,14.3,0.0
836,14.3,0.0
837,14.3,0.0
838,14.3,0.0
839,14.3,0.0
840,14.3,0.0
841,14.3,0.0
842,14.3,0.0
843,14.3,0.0
844,14.3,0.0
845,14.3,0.0
846,14.3,0.0
847,14.3,0.0
848,14.3,0.0
849,14.3,0.0
850,14.3,0.0
851,14.3,0.0
852,14.3,0.0
853,14.3,0.0
854,14.3,0.0
855,14.3,0.0
856,14.3,0.0
857,14.3,0.0
858,14.3,0.0
859,14.3,0.0
860,14.3,0.0
861,14.3,0.0
862,14.3,0.0
863,14.3,0.0
864,14.3,0.0
865,14.3,0.0
866,14.3,0.0
867,14.3,0.0
868,14.3,0.0
869,14.3,0.0
870,14.3,0.0
871,14.3,0.0
872,14.3,0.0
873,14.3,0.0
874,14.3,0.0
875,14.3,0.0
876,14.3,0.0
877,14.3,0.0
878,14.3,0.0
879,16.1,0.0
880,16.1,0.0
881,16.1,0.0
882,16.1,0.0
883,16.1,0.0
884,16.1,0.0
885,16.1,0.0
886,16.1,0.0
887,16.1,0.0
888,16.1,0.0
889,16.1,0.0
890,16.1,0.0
891,16.1,0.0
892,16.1,0.0
893,16.1,0.0
894,16.1,0.0
895,16.1,0.0
896,16.1,0.0
897,16.1,0.0
898,16.1,0.0
899,16.1,0.0
900,16.1,0.0
901,16.1,0.0
902,16.1,0.0
903,16.1,0.0
904,16.1,0.0
905,16.1,0.0
906,16.1,0.0
907,16.1,0.0
908,16.1,0.0
909,16.1,0.0
910,16.1,0.0
911,16.1,0.0
912,16.1,0.0
913,16.1,0.0
914,16.1,0.0
915,16.1,0.049380935806262016
916,16.1,0.049380935806262016
917,16.1,0.049380935806262016
918,16.1,0.057305288979492275
919,16.1,0.06654069911988003
920,16.1,0.07828220045414369
921,16.1,0.10532710125469968
922,16.1,0.13487809324913158
923,16.1,0.146491969568892
924,16.1,0.146491969568892
925,16.1,0.146491969568892
926,16.1,0.23487809324912945
927,16.1,0.24938093580625775
928,16.1,0.24938093580625775
929,16.1,0.24938093580626486
930,16.1,0.24938093580626486
931,16.1,0.24938093580626486
932,16.1,0.24938093580626486
933,16.1,0.24938093580626486
934,18.3,0.24938093580626486
935,18.3,0.24938093580626486
936,18.3,0.24938093580626486
937,18.3,0.278282200454143
938,18.3,0.34649196956889217
939,18.3,0.42181780009834213
940,18.3,0.4319775247377038
941,18.3,0.4319775247377038
942,18.3,0.4464919695688918
943,18.3,0.4464919695688918
944,18.3,0.4464919695688918
945,18.3,0.4464919695688918
946,18.3,0.47445345001905537
947,18.3,0.47445345001905537
948,18.3,0.5319775247377052
949,18.3,0.5449024580246231
950,18.3,0.6319775247377049
951,18.3,0.6319775247377049
952,18.3,0.6319775247377049
953,18.3,0.6319775247377049
954,18.3,0.646491969568892
955,18.3,0.646491969568892
956,18.3,0.7319775247377045
957,18.3,0.7319775247377045
958,18.3,0.7348780932491294
959,18.3,0.7879120879120869
960,18.3,0.8464919695688922
961,18.3,0.8464919695688922
962,18.3,0.8491256857772704
963,18.3,0.8493809358062663
964,18.3,0.8493809358062663
965,18.3,1.0359339001872883
966,18.3,1.0464919695688923
967,18.3,1.1654848921817234
968,18.3,1.1744534500190547
969,18.3,1.1744534500190547
970,18.3,1.1744534500190547
971,18.3,1.2088889993867333
972,18.3,1.2088889993867333
973,18.3,1.2088889993867333
974,18.3,1.274453450019056
975,18.3,1.3464919695688922
976,18.3,1.3464919695688922
977,18.3,1.3782822004541444
978,18.3,1.4493809358062606
979,18.3,1.4493809358062606
980,18.3,1.4493809358062606
981,18.3,1.4493809358062606
982,18.3,1.4507151973215322
983,18.3,1.4744534500190554
984,18.3,1.4744534500190554
985,18.3,1.4744534500190554
986,18.3,1.5464919695688923
987,18.3,1.5464919695688923
988,18.3,1.5464919695688923
989,18.3,1.6493809358062634
990,18.3,1.6493809358062634
991,18.3,1.6493809358062634
992,18.3,1.6493809358062634
993,18.3,1.6493809358062634
994,18.7,1.6493809358062634
995,18.7,1.6591500505527605
996,18.7,1.6744534500190547
997,18.7,1.6744534500190547
998,18.7,1.6744534500190547
999,18.7,1.6744534500190547
1000,18.7,1.6744534500190547
1001,18.7,1.6744534500190547
1002,18.7,1.6744534500190547
1003,18.7,1.6744534500190547
1004,18.7,1.7464919695688916
1005,18.7,1.7464919695688925
1006,18.7,1.7493809358062578
1007,18.7,1.7493809358062578
1008,18.7,1.774453450019056
1009,18.7,1.774453450019056
1010,18.7,1.774453450019056
1011,18.7,1.774453450019056
1012,18.7,1.774453450019056
1013,18.7,1.774453450019056
1014,18.7,1.8493809358062592
1015,18.7,1.8493809358062592
1016,18.7,1.8493809358062592
1017,18.7,1.8493809358062592
1018,18.7,1.9319775247377038
1019,18.7,1.9319775247377038
1020,18.7,1.9319775247377038
1021,18.7,1.9464919695688918
1022,18.7,1.9464919695688918
1023,18.7,1.9464919695688918
1024,18.7,1.9464919695688918
1025,18.7,2.03487809324913
1026,18.7,2.087912087912084
1027,18.7,2.131977524737705
1028,18.7,2.131977524737705
1029,18.7,2.131977524737705
1030,18.7,2.131977524737705
1031,18.7,2.131977524737705
1032,18.7,2.131977524737705
1033,18.7,2.146491969568892
1034,18.7,2.146491969568892
1035,18.7,2.2348780932491294
1036,18.7,2.274453450019056
1037,18.7,2.2879120879120833
1038,18.7,2.2879120879120833
1039,18.7,2.287912087912087
1040,18.7,2.3879120879120848
1041,18.7,2.4493809358062606
1042,18.7,2.4493809358062606
1043,18.7,2.4493809358062606
1044,18.7,2.4493809358062606
1045,18.7,2.4493809358062606
1046,18.7,2.4493809358062606
1047,18.7,2.4656163846209047
1048,19.200000000000003,2.4879120879120826
1049,19.200000000000003,2.531977524737705
1050,19.200000000000003,2.531977524737705
1051,19.200000000000003,2.531977524737705
1052,19.200000000000003,2.5464919695688923
1053,19.200000000000003,2.5464919695688923
1054,19.200000000000003,2.631977524737705
1055,19.200000000000003,2.631977524737705
1056,19.200000000000003,2.631977524737705
1057,19.200000000000003,2.631977524737705
1058,19.200000000000003,2.687912087912082
1059,19.200000000000003,2.687912087912082
1060,19.200000000000003,2.7603373499301043
1061,19.200000000000003,2.8493809358062663
1062,19.200000000000003,2.8493809358062663
1063,19.200000000000003,2.8493809358062663
1064,19.200000000000003,2.8493809358062663
1065,19.200000000000003,2.8493809358062663
1066,19.200000000000003,2.8493809358062663
1067,19.200000000000003,2.8744534500190575
1068,19.200000000000003,2.8744534500190575
1069,19.200000000000003,2.946491969568892
1070,19.200000000000003,2.9493809358062606
1071,19.200000000000003,2.9493809358062606
1072,19.200000000000003,2.9493809358062606
1073,19.200000000000003,2.9603373499301036
1074,19.200000000000003,2.9744534500190554
1075,19.200000000000003,2.9744534500190554
1076,19.200000000000003,2.9744534500190554
1077,19.200000000000003,2.9744534500190554
1078,19.200000000000003,3.0464919695688915
1079,19.200000000000003,3.0464919695688915
1080,19.200000000000003,3.120761993160176
1081,19.200000000000003,3.134878093249128
1082,19.200000000000003,3.1359339001872897
1083,19.200000000000003,3.146491969568893
1084,19.200000000000003,3.146491969568893
1085,19.200000000000003,3.146491969568893
1086,19.200000000000003,3.146491969568893
1087,19.200000000000003,3.178282200454145
1088,19.200000000000003,3.2088889993867333
1089,19.200000000000003,3.2464919695688907
1090,19.200000000000003,3.2464919695688907
1091,19.200000000000003,3.3348780932491273
1092,19.200000000000003,3.3348780932491273
1093,19.200000000000003,3.3348780932491273
1094,19.200000000000003,3.346491969568892
1095,19.200000000000003,3.346491969568892
1096,19.200000000000003,3.346491969568892
1097,19.200000000000003,3.346491969568892
1098,19.200000000000003,3.349380935806259
1099,19.200000000000003,3.349380935806259
1100,19.200000000000003,3.349380935806259
1101,19.200000000000003,3.388967894850243
1102,19.200000000000003,3.446491969568892
1103,19.200000000000003,3.531977524737705
1104,19.200000000000003,3.531977524737705
1105,19.200000000000003,3.6050602489516486
1106,19.200000000000003,3.6493809358062634
1107,19.200000000000003,3.6493809358062634
1108,19.200000000000003,3.6493809358062634
1109,19.200000000000003,3.7088889993867333
1110,19.200000000000003,3.7319775247377045
1111,19.200000000000003,3.7319775247377045
1112,19.200000000000003,3.7319775247377045
1113,19.200000000000003,3.7319775247377045
1114,19.200000000000003,3.7319775247377045
1115,19.200000000000003,3.774453450019056
1116,19.200000000000003,3.831977524737704
1117,19.200000000000003,3.831977524737704
1118,19.200000000000003,3.835933900187289
1119,19.200000000000003,3.849380935806259
1120,19.200000000000003,3.9088889993867326
1121,19.200000000000003,3.931977524737704
1122,19.200000000000003,3.931977524737704
1123,19.200000000000003,3.931977524737704
1124,19.200000000000003,3.9464919695688936
1125,19.200000000000003,3.9464919695688936
1126,19.200000000000003,4.049380935806262
1127,19.200000000000003,4.049380935806262
1128,19.200000000000003,4.049380935806262
1129,19.200000000000003,4.049380935806262
1130,19.200000000000003,4.131977524737703
1131,19.200000000000003,4.131977524737703
1132,19.200000000000003,4.146491969568893
1133,19.200000000000003,4.174453450019055
1134,19.200000000000003,4.174453450019055
1135,19.200000000000003,4.174453450019055
1136,19.200000000000003,4.2359339001872875
1137,19.200000000000003,4.274453450019056
1138,19.200000000000003,4.274453450019056
1139,19.200000000000003,4.274453450019056
1140,19.200000000000003,4.274453450019056
1141,19.200000000000003,4.274453450019056
1142,19.200000000000003,4.2782822004541465
1143,19.200000000000003,4.308888999386731
1144,19.200000000000003,4.308888999386731
1145,19.200000000000003,4.308888999386731
1146,19.200000000000003,4.346491969568892
1147,19.200000000000003,4.346491969568892
1148,19.200000000000003,4.434878093249129
1149,19.200000000000003,4.795569588782258
1150,19.200000000000003,4.877098768501482
1151,19.200000000000003,4.887912087912085
1152,19.200000000000003,4.887912087912085
1153,19.200000000000003,4.931977524737704
1154,19.200000000000003,5.131977524737707
1155,19.200000000000003,5.13593390018729
1156,19.200000000000003,5.13593390018729
1157,19.200000000000003,5.174453450019055
1158,19.200000000000003,5.174453450019055
1159,19.200000000000003,5.174453450019055
1160,19.200000000000003,5.1879120879120855
1161,19.200000000000003,5.2319775247377045
1162,19.200000000000003,5.2319775247377045
1163,19.200000000000003,5.2319775247377045
1164,19.200000000000003,5.246491969568891
1165,19.200000000000003,5.287912087912083
1166,19.200000000000003,5.334878093249131
1167,19.200000000000003,5.349380935806266
1168,19.200000000000003,5.349380935806266
1169,21.3,5.349380935806266
1170,21.3,5.349380935806266
1171,21.3,5.349380935806266
1172,21.3,5.349380935806266
1173,21.3,5.349380935806266
1174,21.3,5.449380935806261
1175,21.3,5.449380935806261
1176,21.3,5.449380935806261
1177,21.3,5.449380935806261
1178,21.3,5.449380935806261
1179,21.3,5.449380935806261
1180,21.3,5.449380935806261
1181,21.3,5.449380935806261
1182,21.3,5.449380935806261
1183,21.3,5.531977524737705
1184,21.3,5.531977524737705
1185,21.3,5.535933900187288
1186,21.3,5.549380935806262
1187,21.3,5.560337349930101
1188,21.3,5.574453450019053
1189,21.3,5.574453450019053
1190,21.3,5.574453450019053
1191,21.3,5.6088889993867355
1192,21.3,5.7319775247377045
1193,21.3,5.7319775247377045
1194,21.3,5.7319775247377045
1195,21.3,5.7319775247377045
1196,21.3,5.7319775247377045
1197,21.3,5.749380935806265
1198,21.3,5.749380935806265
1199,21.3,5.759150050552762
1200,21.3,5.787912087912087
1201,21.3,5.787912087912087
1202,21.3,5.920761993160177
1203,21.3,5.931977524737704
1204,21.3,5.949380935806261
1205,21.3,5.949380935806261
1206,21.3,5.974453450019055
1207,21.3,5.974453450019055
1208,21.3,5.974453450019055
1209,21.3,5.974453450019055
1210,21.3,6.03487809324913
1211,21.3,6.149380935806263
1212,21.3,6.149380935806263
1213,21.3,6.149380935806263
1214,21.3,6.174453450019055
1215,21.3,6.174453450019055
1216,21.3,6.174453450019055
1217,21.3,6.174453450019055
1218,21.3,6.174453450019055
1219,21.3,6.174453450019055
1220,21.3,6.331977524737706
1221,21.3,6.331977524737706
1222,21.3,6.331977524737706
1223,21.3,6.346491969568892
1224,21.3,6.631977524737707
1225,21.3,6.634878093249132
1226,21.3,6.649380935806263
1227,21.3,6.774453450019056
1228,23.700000000000003,6.774453450019056
1229,23.700000000000003,6.774453450019056
1230,23.700000000000003,6.774453450019056
1231,23.700000000000003,6.774453450019056
1232,23.700000000000003,6.8744534500190575
1233,23.700000000000003,6.934878093249132
1234,23.700000000000003,6.934878093249132
1235,23.700000000000003,7.031977524737705
1236,23.700000000000003,7.031977524737705
1237,23.700000000000003,7.074453450019057
1238,23.700000000000003,7.2319775247377045
1239,23.700000000000003,7.320761993160179
1240,23.700000000000003,7.328415626605672
1241,23.700000000000003,7.334878093249131
1242,23.700000000000003,7.3744534500190575
1243,23.700000000000003,7.3744534500190575
1244,23.700000000000003,7.474453450019055
1245,23.700000000000003,7.474453450019055
1246,23.700000000000003,7.631977524737707
1247,23.700000000000003,7.649380935806263
1248,23.700000000000003,7.6879120879120855
1249,23.700000000000003,7.6879120879120855
1250,23.700000000000003,7.7319775247377045
1251,23.700000000000003,7.7319775247377045
1252,23.700000000000003,7.7319775247377045
1253,23.700000000000003,7.735933900187291
1254,23.700000000000003,7.787912087912087
1255,23.700000000000003,7.787912087912087
1256,23.700000000000003,7.849380935806266
1257,23.700000000000003,7.849380935806266
1258,23.700000000000003,7.849380935806266
1259,23.700000000000003,7.931977524737704
1260,23.700000000000003,7.931977524737704
1261,23.700000000000003,7.931977524737704
1262,23.700000000000003,8.035933900187292
1263,23.700000000000003,8.131977524737703
1264,23.700000000000003,8.131977524737703
1265,23.700000000000003,8.131977524737703
1266,23.700000000000003,8.131977524737703
1267,23.700000000000003,8.131977524737703
1268,23.700000000000003,8.149380935806263
1269,23.700000000000003,8.149380935806263
1270,23.700000000000003,8.149380935806263
1271,23.700000000000003,8.162584323670291
1272,23.700000000000003,8.174453450019055
1273,23.700000000000003,8.174453450019055
1274,23.700000000000003,8.174453450019055
1275,23.700000000000003,8.231977524737704
1276,23.700000000000003,8.274453450019056
1277,23.700000000000003,8.274453450019056
1278,23.700000000000003,8.316674125271408
1279,23.700000000000003,8.331977524737702
1280,23.700000000000003,8.332105149752206
1281,23.700000000000003,8.43593390018729
1282,23.700000000000003,8.53487809324913
1283,23.700000000000003,8.649380935806263
1284,23.700000000000003,8.674453450019055
1285,26.200000000000003,8.674453450019055
1286,26.200000000000003,8.674453450019055
1287,26.200000000000003,8.674453450019055
1288,26.200000000000003,8.774453450019056
1289,26.200000000000003,8.774453450019056
1290,26.200000000000003,8.774453450019056
1291,26.200000000000003,8.846491969568891
1292,26.200000000000003,8.846491969568891
1293,26.200000000000003,8.846491969568891
1294,26.200000000000003,8.887912087912088
1295,26.200000000000003,9.008888999386734
1296,26.200000000000003,9.031977524737705
1297,26.200000000000003,9.04649196956889
1298,26.200000000000003,9.04938093580627
1299,26.200000000000003,9.04938093580627
1300,26.200000000000003,9.04938093580627
1301,26.200000000000003,9.04938093580627
1302,26.200000000000003,9.04938093580627
1303,26.200000000000003,9.04938093580627
1304,26.200000000000003,9.04938093580627
1305,26.200000000000003,9.04938093580627
1306,26.200000000000003,9.04938093580627
1307,26.200000000000003,9.134878093249132
1308,26.200000000000003,9.174453450019055
1309,26.200000000000003,9.174453450019055
1310,26.200000000000003,9.174453450019055
1311,26.200000000000003,9.174453450019055
1312,26.200000000000003,9.246491969568893
1313,26.200000000000003,9.246491969568893
1314,26.200000000000003,9.246491969568893
1315,26.200000000000003,9.266540699119883
1316,26.200000000000003,9.274453450019056
1317,26.200000000000003,9.274453450019056
1318,26.200000000000003,9.308888999386735
1319,26.200000000000003,9.328415626605672
1320,26.200000000000003,9.408888999386733
1321,26.200000000000003,9.431977524737704
1322,26.200000000000003,9.446491969568893
1323,26.200000000000003,9.474453450019052
1324,26.200000000000003,9.477098768501484
1325,26.200000000000003,9.574453450019053
1326,26.200000000000003,9.574453450019053
1327,26.200000000000003,9.574453450019053
1328,26.200000000000003,9.574453450019053
1329,26.200000000000003,9.589629224470855
1330,26.200000000000003,9.631977524737707
1331,26.200000000000003,9.63593390018729
1332,26.200000000000003,9.646491969568892
1333,26.200000000000003,9.649380935806263
1334,26.200000000000003,9.649380935806263
1335,26.200000000000003,9.649380935806263
1336,26.200000000000003,9.649380935806263
1337,26.200000000000003,9.734878093249133
1338,26.200000000000003,9.83487809324913
1339,26.200000000000003,9.874453450019057
1340,26.200000000000003,9.874453450019057
1341,26.200000000000003,9.874453450019057
1342,26.200000000000003,9.874453450019057
1343,26.200000000000003,9.874453450019057
1344,26.200000000000003,9.874453450019057
1345,26.200000000000003,9.874453450019057
1346,26.200000000000003,9.874453450019057
1347,26.200000000000003,9.887912087912088
1348,26.200000000000003,9.987912087912086
1349,26.200000000000003,10.331977524737702
1350,26.200000000000003,10.531977524737705
1351,26.200000000000003,10.531977524737705
1352,26.200000000000003,10.531977524737705
1353,26.200000000000003,10.574453450019053
1354,26.200000000000003,10.574453450019053
1355,26.200000000000003,10.574453450019053
1356,26.200000000000003,10.574453450019053
1357,26.200000000000003,10.574453450019053
1358,26.200000000000003,10.583031397963524
1359,26.200000000000003,10.634878093249132
1360,26.200000000000003,10.634878093249132
1361,26.200000000000003,10.646491969568892
1362,26.200000000000003,10.731977524737704
1363,26.200000000000003,10.731977524737704
1364,26.200000000000003,10.749380935806265
1365,26.200000000000003,10.749380935806265
1366,26.200000000000003,10.749380935806265
1367,26.200000000000003,10.808888999386735
1368,26.200000000000003,10.808888999386735
1369,26.200000000000003,10.846491969568891
1370,26.200000000000003,10.846491969568891
1371,26.200000000000003,10.931977524737704
1372,26.200000000000003,10.931977524737704
1373,26.200000000000003,10.946491969568893
1374,26.200000000000003,10.94938093580626
1375,26.200000000000003,10.94938093580626
1376,26.200000000000003,10.94938093580626
1377,26.200000000000003,10.94938093580626
1378,26.200000000000003,11.031977524737705
1379,26.200000000000003,11.031977524737705
1380,26.200000000000003,11.031977524737705
1381,26.200000000000003,11.03487809324913
1382,26.200000000000003,11.03487809324913
1383,26.200000000000003,11.074453450019053
1384,26.200000000000003,11.074453450019053
1385,26.200000000000003,11.131977524737703
1386,26.200000000000003,11.131977524737703
1387,26.200000000000003,11.134878093249132
1388,26.200000000000003,11.187912087912085
1389,26.200000000000003,11.274453450019056
1390,26.200000000000003,11.274453450019056
1391,26.200000000000003,11.274453450019056
1392,26.200000000000003,11.374453450019057
1393,26.200000000000003,11.374453450019057
1394,26.200000000000003,11.374453450019057
1395,26.200000000000003,11.374453450019057
1396,26.200000000000003,11.374453450019057
1397,26.200000000000003,11.446491969568893
1398,26.200000000000003,11.44938093580626
1399,26.200000000000003,11.449380935806268
1400,26.200000000000003,11.449380935806268
1401,26.200000000000003,11.449380935806268
1402,26.200000000000003,11.449380935806268
1403,26.200000000000003,11.449380935806268
1404,26.200000000000003,11.449380935806268
1405,26.200000000000003,11.608888999386735
1406,26.200000000000003,11.631977524737707
1407,26.200000000000003,11.631977524737707
1408,26.200000000000003,11.674453450019055
1409,26.200000000000003,11.674453450019055
1410,26.200000000000003,11.708888999386737
1411,26.200000000000003,11.874453450019057
1412,26.200000000000003,11.905327101254702
1413,26.200000000000003,11.931977524737707
1414,26.200000000000003,11.931977524737707
1415,26.200000000000003,11.960337349930107
1416,26.200000000000003,11.974453450019059
1417,26.200000000000003,11.974453450019059
1418,26.200000000000003,11.987912087912086
1419,26.200000000000003,12.07445345001906
1420,26.200000000000003,12.07445345001906
1421,26.200000000000003,12.07445345001906
1422,26.200000000000003,12.13593390018729
1423,26.200000000000003,12.13593390018729
1424,26.200000000000003,12.162584323670295
1425,26.200000000000003,12.177098768501484
1426,26.200000000000003,12.187912087912085
1427,26.200000000000003,12.235933900187291
1428,26.200000000000003,12.274453450019056
1429,26.200000000000003,12.274453450019056
1430,26.200000000000003,12.3053271012547
1431,26.200000000000003,12.331977524737706
1432,26.200000000000003,12.331977524737706
1433,26.200000000000003,12.331977524737706
1434,26.200000000000003,12.349380935806266
1435,26.200000000000003,12.349380935806266
1436,26.200000000000003,12.349380935806266
1437,26.200000000000003,12.349380935806266
1438,26.200000000000003,12.349380935806266
1439,26.200000000000003,12.349380935806266
1440,26.200000000000003,12.349380935806266
1441,26.200000000000003,12.349380935806266
1442,26.200000000000003,12.349380935806266
1443,26.200000000000003,12.420761993160177
1444,26.200000000000003,12.434878093249129
1445,26.200000000000003,12.53487809324913
1446,26.200000000000003,12.53487809324913
1447,26.200000000000003,12.585278371703712
1448,26.200000000000003,12.787912087912087
1449,26.200000000000003,12.846491969568891
1450,26.200000000000003,12.846491969568891
1451,26.200000000000003,13.03487809324913
1452,26.200000000000003,13.03487809324913
1453,26.200000000000003,13.03487809324913
1454,26.200000000000003,13.04649196956889
1455,26.200000000000003,13.149380935806263
1456,26.200000000000003,13.149380935806263
1457,26.200000000000003,13.149380935806263
1458,26.200000000000003,13.331977524737706
1459,26.200000000000003,13.331977524737706
1460,26.200000000000003,13.331977524737706
1461,27.400000000000002,13.331977524737706
1462,27.400000000000002,13.446491969568893
1463,27.400000000000002,13.44938093580626
1464,27.400000000000002,13.44938093580626
1465,27.400000000000002,13.44938093580626
1466,27.400000000000002,13.44938093580626
1467,27.400000000000002,13.487912087912086
1468,27.400000000000002,13.487912087912086
1469,27.400000000000002,13.531977524737705
1470,27.400000000000002,13.531977524737705
1471,27.400000000000002,13.531977524737705
1472,27.400000000000002,13.535933900187288
1473,27.400000000000002,13.54938093580627
1474,27.400000000000002,13.54938093580627
1475,27.400000000000002,13.54938093580627
1476,27.400000000000002,13.54938093580627
1477,27.400000000000002,13.54938093580627
1478,27.400000000000002,13.54938093580627
1479,27.400000000000002,13.560337349930101
1480,27.400000000000002,13.574453450019053
1481,27.400000000000002,13.574453450019053
1482,27.400000000000002,13.574453450019053
1483,27.400000000000002,13.587912087912088
1484,27.400000000000002,13.63593390018729
1485,27.400000000000002,13.649380935806263
1486,27.400000000000002,13.649380935806263
1487,27.400000000000002,13.674453450019055
1488,27.400000000000002,13.674453450019055
1489,27.400000000000002,13.674453450019055
1490,27.400000000000002,13.674453450019055
1491,27.400000000000002,13.674453450019055
1492,27.400000000000002,13.734878093249133
1493,27.400000000000002,13.759150050552762
1494,27.400000000000002,13.808888999386735
1495,27.400000000000002,13.934878093249132
1496,27.400000000000002,13.978282200454146
1497,27.400000000000002,14.008888999386734
1498,27.400000000000002,14.049380935806255
1499,27.400000000000002,14.049380935806255
1500,27.400000000000002,14.131977524737707
1501,27.400000000000002,14.13593390018729
1502,27.400000000000002,14.188967894850247
1503,27.400000000000002,14.234878093249133
1504,27.400000000000002,14.33487809324913
1505,27.400000000000002,14.383031397963524
1506,27.400000000000002,14.387912087912088
1507,27.400000000000002,14.434878093249132
1508,27.400000000000002,14.474453450019059
1509,27.400000000000002,14.474453450019059
1510,27.400000000000002,14.474453450019059
1511,27.400000000000002,14.532105149752201
1512,27.400000000000002,14.574453450019053
1513,27.400000000000002,14.687912087912085
1514,27.400000000000002,14.687912087912085
1515,27.400000000000002,14.687912087912085
1516,27.400000000000002,14.687912087912085
1517,27.400000000000002,14.687912087912085
1518,27.400000000000002,14.687912087912085
1519,27.400000000000002,14.687912087912085
1520,27.400000000000002,14.687912087912085
1521,27.400000000000002,14.787912087912087
1522,27.400000000000002,14.831977524737706
1523,27.400000000000002,14.831977524737706
1524,27.400000000000002,14.849380935806266
1525,27.400000000000002,14.849380935806266
1526,27.400000000000002,14.849380935806266
1527,27.400000000000002,14.849380935806266
1528,27.400000000000002,15.03487809324913
1529,27.400000000000002,15.03487809324913
1530,27.400000000000002,15.074453450019053
1531,27.400000000000002,15.074453450019053
1532,27.400000000000002,15.116801750285909
1533,27.400000000000002,15.12076199316018
1534,27.400000000000002,15.234878093249133
1535,27.400000000000002,15.246491969568893
1536,27.400000000000002,15.365484892181723
1537,27.400000000000002,15.408888999386736
1538,27.400000000000002,15.43593390018729
1539,27.400000000000002,15.44649196956889
1540,27.400000000000002,15.44649196956889
1541,27.400000000000002,15.44649196956889
1542,27.400000000000002,15.53487809324913
1543,27.400000000000002,15.53487809324913
1544,27.400000000000002,15.53487809324913
1545,27.400000000000002,15.53487809324913
1546,27.400000000000002,15.53487809324913
1547,27.400000000000002,15.587912087912084
1548,27.400000000000002,15.587912087912084
1549,27.400000000000002,15.62076199316018
1550,27.400000000000002,15.631977524737707
1551,27.400000000000002,15.631977524737707
1552,27.400000000000002,15.634878093249132
1553,27.400000000000002,15.646491969568888
1554,27.400000000000002,15.646491969568888
1555,27.400000000000002,15.649380935806263
1556,27.400000000000002,15.649380935806263
1557,27.400000000000002,15.649380935806263
1558,27.400000000000002,15.649380935806263
1559,27.400000000000002,15.649380935806263
1560,27.400000000000002,15.649380935806263
1561,27.400000000000002,15.649380935806263
1562,27.400000000000002,15.731977524737708
1563,27.400000000000002,15.774453450019056
1564,27.400000000000002,15.774453450019056
1565,27.400000000000002,15.774453450019056
1566,27.400000000000002,15.98791208791209
1567,27.400000000000002,15.98791208791209
1568,27.400000000000002,16.031977524737705
1569,27.400000000000002,16.031977524737705
1570,27.400000000000002,16.03487809324913
1571,27.400000000000002,16.057305288979496
1572,27.400000000000002,16.13593390018729
1573,27.400000000000002,16.23593390018729
1574,27.400000000000002,16.334878093249127
1575,27.400000000000002,16.334878093249127
1576,27.400000000000002,16.334878093249127
1577,27.400000000000002,16.334878093249127
1578,27.400000000000002,16.508888999386734
1579,27.400000000000002,16.508888999386734
1580,27.400000000000002,16.508888999386734
1581,27.400000000000002,16.574453450019053
1582,27.400000000000002,16.574453450019053
1583,27.400000000000002,16.574453450019053
1584,27.400000000000002,16.574453450019053
1585,27.400000000000002,16.574453450019053
1586,27.400000000000002,16.574453450019053
1587,28.200000000000003,16.608888999386735
1588,28.200000000000003,16.608888999386735
1589,28.200000000000003,16.63593390018729
1590,28.200000000000003,16.63593390018729
1591,28.200000000000003,16.649380935806263
1592,28.200000000000003,16.649380935806263
1593,28.200000000000003,16.678282200454145
1594,28.200000000000003,16.734878093249133
1595,28.200000000000003,16.734878093249133
1596,28.200000000000003,16.805060248951644
1597,28.200000000000003,16.834878093249134
1598,28.200000000000003,16.849380935806266
1599,28.200000000000003,16.849380935806266
1600,28.200000000000003,16.849380935806266
1601,28.200000000000003,16.849380935806266
1602,28.200000000000003,16.849380935806266
1603,28.200000000000003,16.849380935806266
1604,28.200000000000003,16.960867187111525
1605,28.200000000000003,16.974453450019052
1606,28.200000000000003,16.974453450019052
1607,28.200000000000003,17.13593390018729
1608,28.200000000000003,17.23593390018729
1609,28.200000000000003,17.30888899938673
1610,28.200000000000003,17.38791208791209
1611,28.200000000000003,17.42181780009834
1612,28.200000000000003,17.431977524737704
1613,28.200000000000003,17.431977524737704
1614,28.200000000000003,17.431977524737704
1615,28.200000000000003,17.43487809324913
1616,28.200000000000003,17.531977524737705
1617,28.200000000000003,17.53593390018729
1618,28.200000000000003,17.53593390018729
1619,28.200000000000003,17.646491969568892
1620,28.200000000000003,17.687912087912085
1621,28.200000000000003,17.708888999386737
1622,28.200000000000003,17.774453450019056
1623,28.200000000000003,17.835933900187293
1624,28.200000000000003,17.835933900187293
1625,28.200000000000003,17.878282200454148
1626,28.200000000000003,17.931977524737704
1627,28.200000000000003,17.931977524737704
1628,28.200000000000003,17.935933900187294
1629,28.200000000000003,17.949380935806268
1630,28.200000000000003,17.949380935806268
1631,28.200000000000003,17.949380935806268
1632,28.200000000000003,17.949380935806268
1633,28.200000000000003,17.949380935806268
1634,28.200000000000003,17.98791208791209
1635,28.200000000000003,18.031977524737705
1636,28.200000000000003,18.031977524737705
1637,28.200000000000003,18.031977524737705
1638,28.200000000000003,18.031977524737705
1639,28.200000000000003,18.031977524737705
1640,28.200000000000003,18.031977524737705
1641,28.200000000000003,18.04649196956889
1642,28.200000000000003,18.149380935806263
1643,28.200000000000003,18.149380935806263
1644,28.200000000000003,18.149380935806263
1645,28.200000000000003,18.149380935806263
1646,28.200000000000003,18.174453450019055
1647,28.200000000000003,18.274453450019056
1648,28.200000000000003,18.287912087912087
1649,28.200000000000003,18.31561831833325
1650,28.200000000000003,18.37445345001905
1651,28.200000000000003,18.37445345001905
1652,28.200000000000003,18.37445345001905
1653,28.200000000000003,18.37445345001905
1654,28.200000000000003,18.37445345001905
1655,28.200000000000003,18.374453450019057
1656,28.200000000000003,18.374453450019057
1657,28.200000000000003,18.374453450019057
1658,28.200000000000003,18.374453450019057
1659,28.200000000000003,18.44938093580626
1660,28.200000000000003,18.44938093580626
1661,28.200000000000003,18.44938093580626
1662,28.200000000000003,18.44938093580626
1663,28.200000000000003,18.44938093580626
1664,31.5,18.449380935806268
1665,31.5,18.449380935806268
1666,31.5,18.449380935806268
1667,31.5,18.449380935806268
1668,31.5,18.449380935806268
1669,31.5,18.449380935806268
1670,31.5,18.449380935806268
1671,31.5,18.674453450019055
1672,31.5,18.674453450019055
1673,31.5,18.674453450019055
1674,31.5,18.931977524737707
1675,31.5,18.97445345001906
1676,31.5,18.97445345001906
1677,31.5,19.049380935806262
1678,31.5,19.13487809324913
1679,31.5,19.231977524737708
1680,31.5,19.231977524737708
1681,31.5,19.331977524737706
1682,31.5,19.331977524737706
1683,31.5,19.331977524737706
1684,31.5,19.431977524737707
1685,31.5,19.508888999386734
1686,31.5,19.574453450019053
1687,31.5,19.574453450019053
1688,31.5,19.587912087912084
1689,31.5,19.63593390018729
1690,31.5,19.649380935806263
1691,31.5,19.649380935806263
1692,31.5,19.649380935806263
1693,31.5,19.649380935806263
1694,31.5,19.649380935806263
1695,31.5,19.649380935806263
1696,31.5,19.649380935806263
1697,31.5,19.649380935806263
1698,31.5,19.649380935806263
1699,31.5,19.687912087912085
1700,31.5,19.774453450019056
1701,31.5,19.774453450019056
1702,31.5,19.774453450019056
1703,31.5,19.80888899938674
1704,31.5,19.849380935806266
1705,31.5,19.849380935806266
1706,31.5,19.849380935806266
1707,31.5,19.849380935806266
1708,31.5,19.849380935806266
1709,31.5,19.849380935806266
1710,31.5,19.849380935806266
1711,31.5,19.849380935806266
1712,31.5,19.87445345001905
1713,31.5,19.87445345001905
1714,31.5,20.031977524737705
1715,31.5,20.131977524737707
1716,31.5,20.231977524737708
1717,31.5,20.349380935806266
1718,31.5,20.531977524737705
1719,31.5,20.531977524737705
1720,31.5,20.531977524737705
1721,31.5,20.574453450019053
1722,31.5,20.574453450019053
1723,31.5,20.574453450019053
1724,31.5,20.574453450019053
1725,31.5,20.587912087912084
1726,31.5,20.587912087912084
1727,31.5,20.631977524737707
1728,31.5,20.631977524737707
1729,31.5,20.834878093249134
1730,31.5,20.97445345001906
1731,31.5,20.97445345001906
1732,31.5,20.97445345001906
1733,31.5,20.97445345001906
1734,31.5,21.074453450019053
1735,31.5,21.074453450019053
1736,31.5,21.074453450019053
1737,31.5,21.087912087912084
1738,31.5,21.131977524737707
1739,31.5,21.131977524737707
1740,31.5,21.131977524737707
1741,31.5,21.17445345001906
1742,31.5,21.334878093249134
1743,31.5,21.334878093249134
1744,31.5,21.431977524737704
1745,31.5,21.431977524737704
1746,31.5,21.43487809324913
1747,31.5,21.474453450019052
1748,31.5,21.474453450019052
1749,31.5,21.474453450019052
1750,31.5,21.474453450019052
1751,31.5,21.508888999386734
1752,31.5,21.63593390018729
1753,31.5,21.63593390018729
1754,31.5,21.677098768501487
1755,31.5,21.731977524737708
1756,31.5,21.731977524737708
1757,31.5,21.731977524737708
1758,34.300000000000004,21.774453450019056
1759,34.300000000000004,21.774453450019056
1760,34.300000000000004,21.774453450019056
1761,34.300000000000004,21.774453450019056
1762,34.300000000000004,21.774453450019056
1763,34.300000000000004,21.946491969568893
1764,34.300000000000004,21.974453450019052
1765,34.300000000000004,21.974453450019052
1766,34.300000000000004,21.974453450019052
1767,34.300000000000004,21.974453450019052
1768,34.300000000000004,21.974453450019052
1769,34.300000000000004,21.974453450019052
1770,34.300000000000004,21.97828220045415
1771,34.300000000000004,22.174453450019055
1772,34.300000000000004,22.174453450019055
1773,34.300000000000004,22.174453450019055
1774,34.300000000000004,22.240284752954434
1775,34.300000000000004,22.24912568577727
1776,34.300000000000004,22.53593390018729
1777,34.300000000000004,22.587912087912084
1778,34.300000000000004,22.587912087912084
1779,34.300000000000004,22.587912087912084
1780,34.300000000000004,22.931977524737704
1781,34.300000000000004,22.931977524737704
1782,34.300000000000004,22.94938093580626
1783,34.300000000000004,22.94938093580626
1784,34.300000000000004,22.987912087912083
1785,34.300000000000004,23.131977524737707
1786,34.300000000000004,23.146491969568892
1787,34.300000000000004,23.231977524737708
1788,34.300000000000004,23.231977524737708
1789,34.300000000000004,23.249380935806272
1790,34.300000000000004,23.249380935806272
1791,34.300000000000004,23.249380935806272
1792,34.300000000000004,23.249380935806272
1793,34.300000000000004,23.249380935806272
1794,34.300000000000004,23.249380935806272
1795,34.300000000000004,23.249380935806272
1796,34.300000000000004,23.43487809324913
1797,34.300000000000004,23.43487809324913
1798,34.300000000000004,23.47445345001906
1799,34.300000000000004,23.47445345001906
1800,34.300000000000004,23.47445345001906
1801,34.300000000000004,23.47445345001906
1802,34.300000000000004,23.47445345001906
1803,34.300000000000004,23.47445345001906
1804,34.300000000000004,23.531977524737705
1805,34.300000000000004,23.549380935806255
1806,34.300000000000004,23.549380935806255
1807,34.300000000000004,23.574453450019053
1808,34.300000000000004,23.574453450019053
1809,34.300000000000004,23.574453450019053
1810,34.300000000000004,23.574453450019053
1811,34.300000000000004,23.574453450019053
1812,34.300000000000004,23.608888999386735
1813,34.300000000000004,23.787912087912087
1814,34.300000000000004,23.874453450019057
1815,34.300000000000004,23.874453450019057
1816,34.300000000000004,23.96047270979398
1817,34.300000000000004,24.074453450019053
1818,34.300000000000004,24.074453450019053
1819,34.300000000000004,24.074453450019053
1820,34.300000000000004,24.074453450019053
1821,34.300000000000004,24.131977524737707
1822,34.300000000000004,24.234878093249126
1823,34.300000000000004,24.274453450019056
1824,34.300000000000004,24.38791208791208
1825,34.300000000000004,24.38791208791209
1826,34.300000000000004,24.53593390018729
1827,34.300000000000004,24.53593390018729
1828,34.300000000000004,24.53593390018729
1829,34.300000000000004,24.746491969568893
1830,34.300000000000004,24.746491969568893
1831,34.300000000000004,24.774453450019056
1832,34.300000000000004,24.774453450019056
1833,37.4,24.774453450019056
1834,37.4,24.80888899938673
1835,37.4,24.935933900187287
1836,37.4,25.234878093249133
1837,37.4,25.234878093249133
1838,37.4,25.431977524737704
1839,37.4,25.505327101254696
1840,37.4,25.566540699119884
1841,37.4,25.608888999386735
1842,37.4,25.649380935806263
1843,37.4,25.649380935806263
1844,37.4,25.649380935806263
1845,37.4,25.649380935806263
1846,37.4,25.649380935806263
1847,37.4,25.649380935806263
1848,37.4,25.649380935806263
1849,37.4,25.649380935806263
1850,37.4,25.746491969568893
1851,37.4,25.746491969568893
1852,37.4,25.774453450019056
1853,37.4,25.774453450019056
1854,37.4,25.774453450019056
1855,37.4,25.774453450019056
1856,37.4,25.83197752473771
1857,37.4,25.88791208791208
1858,37.4,25.97445345001906
1859,37.4,25.987912087912083
1860,37.4,25.987912087912083
1861,37.4,26.046491969568894
1862,37.4,26.166540699119878
1863,37.4,26.20888899938673
1864,37.4,26.274453450019056
1865,37.4,26.274453450019056
1866,37.4,26.33197752473771
1867,37.4,26.33197752473771
1868,37.4,26.335933900187285
1869,37.4,26.431977524737704
1870,37.4,26.587912087912084
1871,37.4,26.774453450019056
1872,37.4,26.774453450019056
1873,37.4,26.774453450019056
1874,37.4,26.834878093249127
1875,37.4,26.834878093249127
1876,37.4,26.849380935806266
1877,37.4,26.849380935806266
1878,37.4,26.849380935806266
1879,37.4,26.849380935806266
1880,37.4,26.849380935806266
1881,37.4,26.849380935806266
1882,37.4,26.931977524737704
1883,37.4,26.98791208791209
1884,37.4,27.04938093580627
1885,37.4,27.04938093580627
1886,37.4,27.04938093580627
1887,37.4,27.04938093580627
1888,37.4,27.04938093580627
1889,37.4,27.04938093580627
1890,37.4,27.04938093580627
1891,37.4,27.04938093580627
1892,37.4,27.04938093580627
1893,37.4,27.16033734993011
1894,37.4,27.17445345001906
1895,37.4,27.17445345001906
1896,37.4,27.346491969568895
1897,37.4,27.3573052889795
1898,37.4,27.408888999386733
1899,37.4,27.43487809324913
1900,37.4,27.487912087912083
1901,37.4,27.487912087912083
1902,37.4,27.631977524737707
1903,37.4,27.631977524737707
1904,37.4,27.631977524737707
1905,37.4,27.73593390018729
1906,37.4,27.774453450019056
1907,37.4,27.834878093249134
1908,37.4,28.034878093249137
1909,37.4,28.187912087912085
1910,37.4,28.249380935806272
1911,37.4,28.249380935806272
1912,37.4,28.249380935806272
1913,37.4,28.249380935806272
1914,37.4,28.249380935806272
1915,37.4,28.249380935806272
1916,37.4,28.249380935806272
1917,37.4,28.249380935806272
1918,37.4,28.249380935806272
1919,37.4,28.408888999386733
1920,37.4,28.431977524737704
1921,37.4,28.431977524737704
1922,37.4,28.431977524737704
1923,37.4,28.53593390018729
1924,37.4,28.63487809324913
1925,37.4,28.63487809324913
1926,37.4,28.7319775247377
1927,37.4,28.80888899938674
1928,37.4,28.831977524737702
1929,37.4,28.831977524737702
1930,37.4,28.874453450019057
1931,37.4,28.874453450019057
1932,37.4,29.03487809324913
1933,37.4,29.074453450019053
1934,37.4,29.631977524737707
1935,37.4,29.649380935806263
1936,37.4,29.649380935806263
1937,37.4,29.649380935806263
1938,37.4,29.649380935806263
1939,37.4,30.008888999386734
1940,37.4,30.031977524737705
1941,37.4,30.149380935806263
1942,37.4,30.149380935806263
1943,37.4,30.149380935806263
1944,37.4,30.149380935806263
1945,37.4,30.149380935806263
1946,46.1,30.149380935806263
1947,46.1,30.149380935806263
1948,46.1,30.149380935806263
1949,46.1,30.149380935806263
1950,46.1,30.149380935806263
1951,46.1,30.178282200454145
1952,46.1,30.2319775247377
1953,46.1,30.231977524737708
1954,46.1,30.231977524737708
1955,46.1,30.231977524737708
1956,46.1,30.231977524737708
1957,46.1,30.249380935806272
1958,46.1,30.249380935806272
1959,46.1,30.249380935806272
1960,46.1,30.249380935806272
1961,46.1,30.249380935806272
1962,46.1,30.47445345001906
1963,46.1,30.47445345001906
1964,46.1,30.47445345001906
1965,46.1,30.47445345001906
1966,46.1,30.677098768501487
1967,46.1,30.734878093249133
1968,46.1,30.787912087912087
1969,46.1,30.83197752473771
1970,46.1,31.128415626605676
1971,46.1,31.274453450019056
1972,46.1,31.274453450019056
1973,46.1,31.274453450019056
1974,46.1,31.431977524737704
1975,46.1,31.431977524737704
1976,46.1,31.44938093580626
1977,46.1,31.44938093580626
1978,46.1,31.44938093580626
1979,46.1,31.44938093580626
1980,46.1,31.44938093580626
1981,46.1,31.44938093580626
1982,46.1,31.44938093580626
1983,46.1,31.44938093580626
1984,46.1,31.44938093580626
1985,46.1,31.53593390018729
1986,46.1,31.574453450019053
1987,46.1,31.574453450019053
1988,46.1,31.631977524737707
1989,46.1,31.631977524737707
1990,46.1,31.631977524737707
1991,46.1,31.67445345001906
1992,46.1,31.67445345001906
1993,46.1,31.67445345001906
1994,46.1,31.7319775247377
1995,46.1,31.7319775247377
1996,46.1,31.7319775247377
1997,46.1,31.774453450019056
1998,46.1,31.774453450019056
1999,46.1,31.774453450019056
2000,46.1,31.831977524737702
2001,46.1,31.888967894850246
2002,46.1,31.98791208791209
2003,46.1,32.03593390018729
2004,46.1,32.23593390018729
2005,46.1,32.28791208791209
2006,46.1,32.509016624401234
2007,46.1,32.83197752473771
2008,46.1,32.83197752473771
2009,46.1,32.83197752473771
2010,46.1,32.83487809324913
2011,46.1,32.974453450019055
2012,46.1,32.974453450019055
2013,46.1,32.974453450019055
2014,46.1,33.059150050552766
2015,46.1,33.12841562660567
2016,46.1,33.3319775247377
2017,46.1,33.608888999386735
2018,46.1,33.63197752473771
2019,46.1,33.63487809324913
2020,46.1,33.63487809324913
2021,46.1,33.77445345001905
2022,46.1,33.77445345001905
2023,46.1,33.77445345001905
2024,46.1,33.77445345001905
2025,46.1,33.77445345001905
2026,46.1,33.77445345001905
2027,46.1,34.020761993160185
2028,46.1,34.031977524737705
2029,46.1,34.62076199316018
2030,46.1,34.63487809324913
2031,46.1,34.77445345001905
2032,46.1,34.77445345001905
2033,46.1,34.974453450019055
2034,46.1,34.974453450019055
2035,46.1,35.24938093580627
2036,46.1,35.24938093580627
2037,46.1,35.24938093580627
2038,46.1,35.24938093580627
2039,46.1,35.24938093580627
2040,46.1,35.24938093580627
2041,46.1,35.24938093580627
2042,46.1,35.24938093580627
2043,46.1,35.24938093580627
2044,46.1,35.24938093580627
2045,46.1,35.24938093580627
2046,46.1,35.33197752473771
2047,46.1,35.431977524737704
2048,46.1,35.44938093580626
2049,46.1,35.44938093580626
2050,46.1,35.44938093580626
2051,46.1,35.44938093580626
2052,46.1,35.44938093580626
2053,46.1,35.44938093580626
2054,51.1,35.44938093580626
2055,51.1,35.58791208791209
2056,51.1,35.58791208791209
2057,51.1,35.58791208791209
2058,51.1,35.58791208791209
2059,51.1,35.931977524737704
2060,51.1,35.931977524737704
2061,51.1,36.07445345001905
2062,51.1,36.07445345001905
2063,51.1,36.074453450019064
2064,51.1,36.074453450019064
2065,51.1,36.13197752473771
2066,51.1,36.27445345001905
2067,51.1,36.27445345001905
2068,51.1,36.43487809324914
2069,51.1,36.43487809324914
2070,51.1,36.44938093580626
2071,51.1,36.44938093580626
2072,51.1,36.44938093580626
2073,51.1,36.44938093580626
2074,51.1,36.44938093580626
2075,51.1,36.44938093580626
2076,51.1,36.44938093580626
2077,51.1,36.44938093580626
2078,51.1,36.44938093580626
2079,51.1,36.44938093580626
2080,51.1,36.44938093580626
2081,51.1,36.44938093580626
2082,51.1,36.44938093580626
2083,51.1,36.4625843236703
2084,51.1,36.48791208791209
2085,51.1,36.574453450019064
2086,51.1,36.574453450019064
2087,51.1,36.574453450019064
2088,51.1,36.574453450019064
2089,51.1,36.574453450019064
2090,51.1,36.574453450019064
2091,51.1,36.63197752473771
2092,51.1,37.03593390018729
2093,51.1,37.07828220045414
2094,51.1,37.1603373499301
2095,51.1,37.17445345001906
2096,51.1,37.17445345001906
2097,51.1,37.17445345001906
2098,51.1,37.17445345001906
2099,51.1,37.346491969568895
2100,51.1,37.40888899938674
2101,51.1,37.53593390018729
2102,51.1,37.63197752473771
2103,51.1,37.687912087912096
2104,51.1,37.687912087912096
2105,51.1,37.77445345001905
2106,51.1,37.77445345001905
2107,51.1,37.83197752473771
2108,51.1,37.83197752473771
2109,51.1,37.946491969568896
2110,51.1,37.974453450019055
2111,51.1,37.974453450019055
2112,51.1,38.13197752473771
2113,51.1,38.18791208791208
2114,51.1,38.18791208791208
2115,51.1,38.18791208791208
2116,51.1,38.266540699119886
2117,51.1,38.388967894850246
2118,51.1,38.474453450019055
2119,51.1,38.474453450019055
2120,51.1,38.474453450019055
2121,51.1,38.474453450019055
2122,51.1,38.474453450019055
2123,51.1,38.474453450019055
2124,51.1,38.520761993160185
2125,51.1,38.63487809324913
2126,51.1,38.63487809324913
2127,51.1,39.03197752473771
2128,51.1,39.03487809324912
2129,51.1,39.40888899938673
2130,51.1,39.53593390018729
2131,51.1,39.67828220045415
2132,51.1,39.78791208791209
2133,51.1,39.83487809324913
2134,51.1,40.63487809324913
2135,51.1,40.63487809324913
2136,51.1,40.63487809324913
2137,51.1,40.78791208791209
2138,51.1,40.78791208791209
2139,51.1,40.80888899938674
2140,51.1,40.931977524737704
2141,51.1,40.931977524737704
2142,51.1,40.949380935806275
2143,51.1,40.98791208791209
2144,51.1,41.01604760247292
2145,51.1,41.0603373499301
2146,51.1,41.37445345001906
2147,51.1,41.37445345001906
2148,51.1,41.37445345001906
2149,51.1,41.37445345001906
2150,51.1,41.37445345001906
2151,51.1,41.37445345001906
2152,51.1,41.37445345001906
2153,51.1,41.43197752473771
2154,51.1,41.43197752473771
2155,51.1,41.44938093580626
2156,51.1,41.44938093580626
2157,51.1,41.44938093580626
2158,51.1,41.44938093580626
2159,51.1,41.44938093580626
2160,51.1,41.44938093580626
2161,51.1,41.44938093580626
2162,51.1,41.44938093580626
2163,51.1,41.608888999386735
2164,51.1,41.63487809324913
2165,51.1,41.674453450019044
2166,51.1,41.674453450019044
2167,51.1,41.887912087912085
2168,51.1,42.33197752473771
2169,51.1,42.33197752473771
2170,51.1,42.33197752473771
2171,51.1,42.446491969568896
2172,51.1,42.44938093580626
2173,51.1,42.44938093580626
2174,51.1,42.44938093580626
2175,51.1,42.44938093580626
2176,51.1,42.44938093580626
2177,51.1,42.44938093580626
2178,51.1,42.44938093580626
2179,58.300000000000004,42.44938093580626
2180,58.300000000000004,42.44938093580626
2181,58.300000000000004,42.44938093580626
2182,58.300000000000004,42.44938093580626
2183,58.300000000000004,42.44938093580626
2184,58.300000000000004,42.44938093580626
2185,58.300000000000004,42.44938093580626
2186,58.300000000000004,42.44938093580626
2187,58.300000000000004,42.44938093580626
2188,58.300000000000004,42.44938093580626
2189,58.300000000000004,42.44938093580626
2190,58.300000000000004,42.44938093580626
2191,58.300000000000004,42.44938093580626
2192,58.300000000000004,42.44938093580626
2193,58.300000000000004,42.44938093580626
2194,58.300000000000004,42.58791208791209
2195,58.300000000000004,42.58791208791209
2196,58.300000000000004,42.846491969568895
2197,58.300000000000004,42.93487809324914
2198,58.300000000000004,42.935933900187294
2199,58.300000000000004,42.935933900187294
2200,58.300000000000004,43.13197752473771
2201,58.300000000000004,43.13487809324913
2202,58.300000000000004,43.13487809324913
2203,58.300000000000004,43.13487809324913
2204,58.300000000000004,43.349380935806266
2205,58.300000000000004,43.349380935806266
2206,58.300000000000004,43.349380935806266
2207,58.300000000000004,43.349380935806266
2208,58.300000000000004,43.416047602472915
2209,58.300000000000004,43.53197752473771
2210,58.300000000000004,43.64938093580626
2211,58.300000000000004,43.64938093580626
2212,58.300000000000004,43.64938093580626
2213,58.300000000000004,43.64938093580626
2214,58.300000000000004,43.64938093580626
2215,58.300000000000004,43.64938093580626
2216,58.300000000000004,43.64938093580626
2217,58.300000000000004,43.64938093580626
2218,58.300000000000004,43.64938093580626
2219,58.300000000000004,43.64938093580626
2220,58.300000000000004,43.64938093580626
2221,58.300000000000004,43.64938093580626
2222,58.300000000000004,43.64938093580626
2223,58.300000000000004,43.64938093580626
2224,58.300000000000004,43.64938093580626
2225,58.300000000000004,43.64938093580626
2226,58.300000000000004,43.64938093580626
2227,58.300000000000004,43.64938093580626
2228,58.300000000000004,43.64938093580626
2229,58.300000000000004,43.64938093580626
2230,58.300000000000004,43.70888899938674
2231,58.300000000000004,43.77445345001905
2232,58.300000000000004,43.77445345001905
2233,58.300000000000004,43.77445345001905
2234,58.300000000000004,43.77445345001905
2235,58.300000000000004,43.83593390018729
2236,58.300000000000004,43.90888899938673
2237,58.300000000000004,43.98791208791209
2238,58.300000000000004,43.98791208791209
2239,58.300000000000004,44.034878093249134
2240,58.300000000000004,44.48791208791209
2241,58.300000000000004,44.48791208791209
2242,58.300000000000004,44.52181780009835
2243,58.300000000000004,44.53593390018729
2244,58.300000000000004,44.83197752473771
2245,58.300000000000004,44.83487809324913
2246,58.300000000000004,44.83487809324913
2247,58.300000000000004,44.974453450019055
2248,58.300000000000004,44.974453450019055
2249,58.300000000000004,45.17445345001906
2250,58.300000000000004,45.17445345001906
2251,58.300000000000004,45.17445345001906
2252,58.300000000000004,45.33487809324913
2253,58.300000000000004,45.33487809324913
2254,58.300000000000004,45.63197752473771
2255,58.300000000000004,45.92841562660567
2256,58.300000000000004,46.1464919695689
2257,58.300000000000004,46.37445345001906
2258,58.300000000000004,46.37445345001906
2259,58.300000000000004,46.37445345001906
2260,58.300000000000004,46.37445345001906
2261,58.300000000000004,46.37445345001906
2262,58.300000000000004,46.44938093580626
2263,58.300000000000004,46.44938093580626
2264,58.300000000000004,46.44938093580626
2265,58.300000000000004,46.44938093580626
2266,58.300000000000004,46.44938093580626
2267,58.300000000000004,46.44938093580626
2268,58.300000000000004,46.44938093580626
2269,58.300000000000004,46.44938093580626
2270,58.300000000000004,46.44938093580626
2271,58.300000000000004,46.83197752473771
2272,58.300000000000004,47.55730528897951
2273,58.300000000000004,47.68791208791208
2274,58.300000000000004,47.68791208791208
2275,58.300000000000004,47.68791208791208
2276,58.300000000000004,47.760337349930104
2277,58.300000000000004,47.77445345001905
2278,58.300000000000004,47.77445345001905
2279,58.300000000000004,47.77445345001905
2280,58.300000000000004,47.77445345001905
2281,58.300000000000004,47.846491969568895
2282,58.300000000000004,47.934878093249125
2283,58.300000000000004,48.13197752473771
2284,58.300000000000004,48.23487809324914
2285,58.300000000000004,48.27445345001905
2286,58.300000000000004,48.27445345001905
2287,58.300000000000004,48.27445345001905
2288,58.300000000000004,48.27445345001905
2289,58.300000000000004,48.27445345001905
2290,58.300000000000004,48.27445345001905
2291,58.300000000000004,48.27445345001905
2292,58.300000000000004,48.27445345001905
2293,58.300000000000004,48.37445345001906
2294,58.300000000000004,48.37445345001906
2295,58.300000000000004,48.43197752473771
2296,58.300000000000004,48.43197752473771
2297,58.300000000000004,48.64938093580628
2298,58.300000000000004,48.64938093580628
2299,58.300000000000004,48.75839590273978
2300,58.300000000000004,49.03593390018729
2301,58.300000000000004,49.208888999386744
2302,58.300000000000004,49.54490245802462
2303,58.300000000000004,49.57445345001905
2304,58.300000000000004,49.57445345001905
2305,58.300000000000004,49.57445345001905
2306,58.300000000000004,49.63197752473771
2307,58.300000000000004,49.63197752473771
2308,58.300000000000004,49.78791208791209
2309,58.300000000000004,49.83197752473771
2310,58.300000000000004,49.83197752473771
2311,58.300000000000004,49.83197752473771
2312,58.300000000000004,49.83197752473771
2313,58.300000000000004,50.04938093580627
2314,58.300000000000004,50.04938093580627
2315,58.300000000000004,50.04938093580627
2316,58.300000000000004,50.33197752473771
2317,58.300000000000004,50.849380935806266
2318,58.300000000000004,51.187912087912096
2319,58.300000000000004,52.034878093249134
2320,58.300000000000004,52.14938093580626
2321,58.300000000000004,52.349380935806266
2322,58.300000000000004,52.349380935806266
2323,58.300000000000004,52.3879120879121
2324,58.300000000000004,52.3879120879121
2325,58.300000000000004,52.80888899938674
2326,58.300000000000004,52.80888899938674
2327,58.300000000000004,52.935933900187294
2328,58.300000000000004,53.14938093580628
2329,58.300000000000004,53.14938093580628
2330,58.300000000000004,53.14938093580628
2331,58.300000000000004,53.14938093580628
2332,58.300000000000004,53.216047602472926
2333,58.300000000000004,53.216047602472926
2334,58.300000000000004,53.37445345001906
2335,58.300000000000004,53.37445345001906
2336,58.300000000000004,53.37445345001906
2337,58.300000000000004,53.37445345001906
2338,58.300000000000004,53.37445345001906
2339,58.300000000000004,53.5319775247377
2340,58.300000000000004,53.57445345001905
2341,58.300000000000004,53.57445345001905
2342,58.300000000000004,53.57445345001905
2343,58.300000000000004,53.57445345001905
2344,58.300000000000004,53.57445345001905
2345,58.300000000000004,53.57445345001905
2346,58.300000000000004,53.57445345001905
2347,58.300000000000004,53.57445345001905
2348,58.300000000000004,53.57445345001905
2349,58.300000000000004,53.64938093580626
2350,58.300000000000004,53.64938093580626
2351,58.300000000000004,53.64938093580626
2352,58.300000000000004,53.64938093580626
2353,58.300000000000004,53.64938093580626
2354,58.300000000000004,53.64938093580626
2355,58.300000000000004,53.64938093580626
2356,58.300000000000004,53.64938093580626
2357,58.300000000000004,53.64938093580626
2358,58.300000000000004,53.64938093580626
2359,58.300000000000004,53.64938093580626
2360,58.300000000000004,53.64938093580626
2361,58.300000000000004,53.64938093580626
2362,58.300000000000004,53.64938093580626
2363,58.300000000000004,53.64938093580626
2364,58.300000000000004,53.64938093580626
2365,58.300000000000004,53.849380935806266
2366,58.300000000000004,53.849380935806266
2367,58.300000000000004,53.849380935806266
2368,58.300000000000004,53.849380935806266
2369,58.300000000000004,53.849380935806266
2370,58.300000000000004,54.208888999386744
2371,58.300000000000004,54.349380935806266
2372,58.300000000000004,54.349380935806266
2373,58.300000000000004,54.3879120879121
2374,58.300000000000004,54.3879120879121
2375,58.300000000000004,54.3879120879121
2376,58.300000000000004,54.57445345001905
2377,58.300000000000004,54.96178376676114
2378,58.300000000000004,55.23487809324914
2379,58.300000000000004,55.23487809324914
2380,72.53333333333333,55.24938093580626
2381,72.53333333333333,55.24938093580626
2382,72.53333333333333,55.24938093580626
2383,72.53333333333333,55.24938093580626
2384,72.53333333333333,55.24938093580626
2385,72.53333333333333,55.24938093580626
2386,72.53333333333333,55.58791208791209
2387,72.53333333333333,55.63197752473771
2388,72.53333333333333,55.64938093580626
2389,72.53333333333333,55.64938093580626
2390,72.53333333333333,55.64938093580626
2391,72.53333333333333,55.64938093580626
2392,72.53333333333333,55.64938093580626
2393,72.53333333333333,55.64938093580626
2394,72.53333333333333,55.64938093580626
2395,72.53333333333333,55.64938093580626
2396,72.53333333333333,55.757305288979495
2397,72.53333333333333,55.757305288979495
2398,72.53333333333333,56.83197752473771
2399,72.53333333333333,56.849380935806266
2400,72.53333333333333,56.849380935806266
2401,72.53333333333333,56.849380935806266
2402,72.53333333333333,56.849380935806266
2403,72.53333333333333,56.849380935806266
2404,72.53333333333333,56.849380935806266
2405,72.53333333333333,56.849380935806266
2406,72.53333333333333,56.849380935806266
2407,72.53333333333333,56.849380935806266
2408,72.53333333333333,56.849380935806266
2409,72.53333333333333,56.849380935806266
2410,72.53333333333333,56.849380935806266
2411,72.53333333333333,56.849380935806266
2412,72.53333333333333,56.849380935806266
2413,72.53333333333333,56.849380935806266
2414,72.53333333333333,56.849380935806266
2415,72.53333333333333,56.849380935806266
2416,72.53333333333333,56.849380935806266
2417,72.53333333333333,56.849380935806266
2418,72.53333333333333,56.94938093580626
2419,72.53333333333333,56.94938093580626
2420,72.53333333333333,56.94938093580626
2421,72.53333333333333,56.94938093580626
2422,72.53333333333333,56.94938093580626
2423,72.53333333333333,56.94938093580626
2424,72.53333333333333,56.94938093580626
2425,72.53333333333333,56.94938093580626
2426,72.53333333333333,56.94938093580626
2427,72.53333333333333,56.94938093580626
2428,72.53333333333333,56.94938093580626
2429,72.53333333333333,56.94938093580626
2430,72.53333333333333,56.94938093580626
2431,72.53333333333333,56.94938093580626
2432,72.53333333333333,56.94938093580626
2433,72.53333333333333,57.03197752473771
2434,72.53333333333333,57.53593390018729
2435,72.53333333333333,57.94938093580626
2436,72.53333333333333,58.049380935806255
2437,72.53333333333333,58.049380935806255
2438,72.53333333333333,58.049380935806255
2439,72.53333333333333,58.049380935806255
2440,72.53333333333333,58.049380935806255
2441,72.53333333333333,58.049380935806255
2442,72.53333333333333,58.049380935806255
2443,72.53333333333333,58.049380935806255
2444,72.53333333333333,58.049380935806255
2445,72.53333333333333,58.049380935806255
2446,72.53333333333333,58.049380935806255
2447,72.53333333333333,58.049380935806255
2448,72.53333333333333,58.049380935806255
2449,72.53333333333333,58.049380935806255
2450,72.53333333333333,58.049380935806255
2451,72.53333333333333,58.049380935806255
2452,72.53333333333333,58.049380935806255
2453,72.53333333333333,58.231977524737715
2454,72.53333333333333,58.231977524737715
2455,72.53333333333333,58.449380935806275
2456,72.53333333333333,58.449380935806275
2457,72.53333333333333,58.449380935806275
2458,72.53333333333333,58.449380935806275
2459,72.53333333333333,58.449380935806275
2460,72.53333333333333,58.849380935806266
2461,72.53333333333333,58.94938093580626
2462,72.53333333333333,58.94938093580626
2463,72.53333333333333,58.94938093580626
2464,72.53333333333333,58.94938093580626
2465,72.53333333333333,58.94938093580626
2466,72.53333333333333,58.94938093580626
2467,72.53333333333333,58.94938093580626
2468,72.53333333333333,58.94938093580626
2469,72.53333333333333,58.94938093580626
2470,72.53333333333333,58.94938093580626
2471,72.53333333333333,58.94938093580626
2472,72.53333333333333,58.94938093580626
2473,72.53333333333333,58.94938093580626
2474,72.53333333333333,58.94938093580626
2475,72.53333333333333,58.94938093580626
2476,72.53333333333333,58.94938093580626
2477,72.53333333333333,58.94938093580626
2478,72.53333333333333,58.94938093580626
2479,72.53333333333333,58.94938093580626
2480,72.53333333333333,59.341120116685715
2481,72.53333333333333,59.57445345001905
2482,72.53333333333333,59.57445345001905
2483,72.53333333333333,59.57445345001905
2484,72.53333333333333,59.57445345001905
2485,72.53333333333333,59.58791208791209
2486,72.53333333333333,60.23487809324914
2487,72.53333333333333,60.434878093249125
2488,72.53333333333333,60.434878093249125
2489,72.53333333333333,60.5603373499301
2490,72.53333333333333,60.57445345001905
2491,72.53333333333333,60.57445345001905
2492,72.53333333333333,60.57445345001905
2493,72.53333333333333,60.57445345001905
2494,72.53333333333333,61.434878093249125
2495,72.53333333333333,61.474453450019055
2496,72.53333333333333,61.77445345001905
2497,72.53333333333333,61.77445345001905
2498,72.53333333333333,61.77445345001905
2499,72.53333333333333,61.77445345001905
2500,72.53333333333333,61.77445345001905
2501,72.53333333333333,61.77445345001905
2502,72.53333333333333,61.77445345001905
2503,72.53333333333333,61.77445345001905
2504,72.53333333333333,61.77445345001905
2505,72.53333333333333,61.77445345001905
2506,72.53333333333333,61.84490245802462
2507,72.53333333333333,62.53593390018729
2508,72.53333333333333,62.74938093580626
2509,72.53333333333333,62.74938093580626
2510,72.53333333333333,62.74938093580626
2511,72.53333333333333,62.74938093580626
2512,72.53333333333333,62.74938093580626
2513,72.53333333333333,62.74938093580626
2514,72.53333333333333,62.74938093580626
2515,72.53333333333333,62.74938093580626
2516,72.53333333333333,62.74938093580626
2517,72.53333333333333,62.74938093580626
2518,72.53333333333333,62.74938093580626
2519,72.53333333333333,62.74938093580626
2520,72.53333333333333,62.74938093580626
2521,72.53333333333333,62.74938093580626
2522,72.53333333333333,62.74938093580626
2523,72.53333333333333,62.74938093580626
2524,72.53333333333333,62.79172923607311
2525,72.53333333333333,64.57445345001905
2526,72.53333333333333,64.57445345001905
2527,72.53333333333333,64.57445345001905
2528,72.53333333333333,64.57445345001905
2529,72.53333333333333,64.64938093580626
2530,72.53333333333333,64.64938093580626
2531,72.53333333333333,64.74938093580626
2532,72.53333333333333,64.74938093580626
2533,72.53333333333333,64.74938093580626
2534,72.53333333333333,64.74938093580626
2535,72.53333333333333,64.74938093580626
2536,72.53333333333333,64.74938093580626
2537,72.53333333333333,64.74938093580626
2538,72.53333333333333,64.74938093580626
2539,72.53333333333333,64.74938093580626
2540,72.53333333333333,64.74938093580626
2541,72.53333333333333,64.74938093580626
2542,72.53333333333333,64.74938093580626
2543,72.53333333333333,64.74938093580626
2544,72.53333333333333,64.74938093580626
2545,72.53333333333333,64.74938093580626
2546,72.53333333333333,64.74938093580626
2547,72.53333333333333,64.8879120879121
2548,72.53333333333333,65.23197752473772
2549,72.53333333333333,65.4319775247377
2550,72.53333333333333,65.4319775247377
2551,72.53333333333333,65.44938093580627
2552,72.53333333333333,65.44938093580627
2553,72.53333333333333,65.44938093580627
2554,72.53333333333333,65.44938093580627
2555,72.53333333333333,65.44938093580627
2556,72.53333333333333,65.44938093580627
2557,72.53333333333333,65.44938093580627
2558,72.53333333333333,65.44938093580627
2559,72.53333333333333,65.44938093580627
2560,72.53333333333333,65.44938093580627
2561,72.53333333333333,65.44938093580627
2562,72.53333333333333,65.44938093580627
2563,72.53333333333333,65.44938093580627
2564,72.53333333333333,65.44938093580627
2565,72.53333333333333,65.51604760247292
2566,72.53333333333333,65.51604760247292
2567,72.53333333333333,65.51604760247292
2568,72.53333333333333,65.51604760247292
2569,72.53333333333333,65.58791208791209
2570,72.53333333333333,65.58791208791209
2571,72.53333333333333,66.43487809324913
2572,72.53333333333333,66.43487809324913
2573,72.53333333333333,66.43487809324913
2574,72.53333333333333,66.54938093580625
2575,72.53333333333333,66.54938093580625
2576,72.53333333333333,66.54938093580625
2577,72.53333333333333,66.54938093580625
2578,72.53333333333333,66.54938093580625
2579,72.53333333333333,66.54938093580625
2580,72.53333333333333,66.54938093580625
2581,72.53333333333333,66.54938093580625
2582,72.53333333333333,66.54938093580625
2583,72.53333333333333,66.54938093580625
2584,72.53333333333333,66.54938093580625
2585,72.53333333333333,66.54938093580625
2586,72.53333333333333,66.54938093580625
2587,72.53333333333333,66.54938093580625
2588,72.53333333333333,66.54938093580625
2589,72.53333333333333,66.54938093580625
2590,72.53333333333333,66.54938093580625
2591,72.53333333333333,66.54938093580625
2592,72.53333333333333,66.54938093580625
2593,72.53333333333333,66.54938093580625
2594,72.53333333333333,66.54938093580625
2595,72.53333333333333,66.54938093580625
2596,72.53333333333333,66.54938093580625
2597,72.53333333333333,66.58791208791209
2598,72.53333333333333,66.58791208791209
2599,72.53333333333333,66.58791208791209
2600,72.53333333333333,66.58791208791209
2601,72.53333333333333,66.64938093580628
2602,72.53333333333333,66.64938093580628
2603,72.53333333333333,66.64938093580628
2604,72.53333333333333,66.64938093580628
2605,72.53333333333333,66.64938093580628
2606,72.53333333333333,66.64938093580628
2607,72.53333333333333,66.64938093580628
2608,72.53333333333333,66.64938093580628
2609,72.53333333333333,66.64938093580628
2610,72.53333333333333,66.71604760247293
2611,72.53333333333333,66.71604760247293
2612,72.53333333333333,66.71604760247293
2613,72.53333333333333,66.71604760247293
2614,72.53333333333333,66.71604760247293
2615,72.53333333333333,66.71604760247293
2616,72.53333333333333,66.71604760247293
2617,72.53333333333333,66.71604760247293
2618,72.53333333333333,66.71604760247293
2619,72.53333333333333,66.77445345001907
2620,72.53333333333333,66.77445345001907
2621,72.53333333333333,66.84112011668572
2622,72.53333333333333,67.40888899938673
2623,72.53333333333333,67.55457875457874
2624,72.53333333333333,67.78791208791209
2625,72.53333333333333,68.17445345001906
2626,72.53333333333333,68.17445345001906
2627,72.53333333333333,68.17445345001906
2628,72.53333333333333,68.2411201166857
2629,72.53333333333333,68.40888899938673
2630,72.53333333333333,68.53593390018729
2631,72.53333333333333,68.63487809324913
2632,72.53333333333333,68.64938093580626
2633,72.53333333333333,68.64938093580626
2634,72.53333333333333,68.74938093580626
2635,72.53333333333333,68.74938093580626
2636,72.53333333333333,68.74938093580626
2637,72.53333333333333,68.74938093580626
2638,72.53333333333333,68.74938093580626
2639,72.53333333333333,68.74938093580626
2640,72.53333333333333,68.74938093580626
2641,72.53333333333333,68.74938093580626
2642,72.53333333333333,68.74938093580626
2643,72.53333333333333,68.74938093580626
2644,72.53333333333333,68.74938093580626
2645,72.53333333333333,68.74938093580626
2646,72.53333333333333,68.74938093580626
2647,72.53333333333333,68.74938093580626
2648,72.53333333333333,68.74938093580626
2649,72.53333333333333,68.74938093580626
2650,72.53333333333333,68.74938093580626
2651,72.53333333333333,68.74938093580626
2652,72.53333333333333,68.74938093580626
2653,72.53333333333333,68.74938093580626
2654,72.53333333333333,68.74938093580626
2655,72.53333333333333,68.74938093580626
2656,72.53333333333333,68.74938093580626
2657,72.53333333333333,68.74938093580626
2658,72.53333333333333,68.74938093580626
2659,72.53333333333333,68.74938093580626
2660,72.53333333333333,68.74938093580626
2661,72.53333333333333,68.74938093580626
2662,72.53333333333333,69.04938093580627
2663,72.53333333333333,69.04938093580627
2664,72.53333333333333,69.04938093580627
2665,72.53333333333333,69.04938093580627
2666,72.53333333333333,69.04938093580627
2667,72.53333333333333,69.04938093580627
2668,72.53333333333333,69.14938093580626
2669,72.53333333333333,69.14938093580626
2670,72.53333333333333,69.14938093580626
2671,72.53333333333333,69.14938093580626
2672,72.53333333333333,69.14938093580626
2673,72.53333333333333,69.14938093580626
2674,72.53333333333333,69.14938093580626
2675,72.53333333333333,69.14938093580626
2676,72.53333333333333,69.14938093580626
2677,72.53333333333333,69.14938093580626
2678,72.53333333333333,69.14938093580626
2679,72.53333333333333,69.14938093580626
2680,72.53333333333333,69.14938093580626
2681,72.53333333333333,69.14938093580626
2682,72.53333333333333,69.14938093580626
2683,72.53333333333333,69.14938093580626
2684,72.53333333333333,69.14938093580626
2685,72.53333333333333,69.14938093580626
2686,72.53333333333333,69.14938093580626
2687,72.53333333333333,69.14938093580626
2688,72.53333333333333,69.14938093580626
2689,72.53333333333333,69.14938093580626
2690,72.53333333333333,69.14938093580626
2691,72.53333333333333,69.14938093580626
2692,72.53333333333333,69.14938093580626
2693,72.53333333333333,69.14938093580626
2694,72.53333333333333,69.14938093580626
2695,72.53333333333333,69.19172923607312
2696,72.53333333333333,69.3881673379411
2697,72.53333333333333,69.60888899938674
2698,72.53333333333333,69.73593390018729
2699,72.53333333333333,70.17445345001906
2700,72.53333333333333,70.47445345001906
2701,72.53333333333333,70.47445345001906
2702,72.53333333333333,70.47445345001906
2703,72.53333333333333,70.47445345001906
2704,72.53333333333333,71.27445345001907
2705,72.53333333333333,71.27445345001907
2706,72.53333333333333,71.34112011668572
2707,72.53333333333333,71.4319775247377
2708,72.53333333333333,71.64938093580626
2709,72.53333333333333,71.64938093580626
2710,72.53333333333333,71.74938093580626
2711,72.53333333333333,71.74938093580626
2712,72.53333333333333,71.74938093580626
2713,72.53333333333333,71.74938093580626
2714,72.53333333333333,71.74938093580626
2715,72.53333333333333,71.74938093580626
2716,72.53333333333333,71.74938093580626
2717,72.53333333333333,71.74938093580626
2718,72.53333333333333,71.74938093580626
2719,72.53333333333333,71.74938093580626
2720,72.53333333333333,71.74938093580626
2721,72.53333333333333,71.74938093580626
2722,72.53333333333333,71.74938093580626
2723,72.53333333333333,71.74938093580626
2724,72.53333333333333,71.74938093580626
2725,72.53333333333333,71.74938093580626
2726,72.53333333333333,71.74938093580626
2727,72.53333333333333,71.74938093580626
2728,72.53333333333333,71.74938093580626
2729,72.53333333333333,71.74938093580626
2730,72.53333333333333,71.74938093580626
2731,72.53333333333333,71.74938093580626
2732,72.53333333333333,71.74938093580626
2733,72.53333333333333,71.74938093580626
2734,72.53333333333333,71.74938093580626
2735,72.53333333333333,71.74938093580626
2736,72.53333333333333,71.74938093580626
2737,72.53333333333333,71.74938093580626
2738,72.53333333333333,71.74938093580626
2739,72.53333333333333,71.74938093580626
2740,72.53333333333333,71.74938093580626
2741,72.53333333333333,71.74938093580626
2742,72.53333333333333,71.74938093580626
2743,72.53333333333333,71.74938093580626
2744,72.53333333333333,71.74938093580626
2745,72.53333333333333,71.74938093580626
2746,72.53333333333333,71.74938093580626
2747,72.53333333333333,71.74938093580626
2748,72.53333333333333,71.74938093580626
2749,72.53333333333333,71.74938093580626
2750,72.53333333333333,71.77445345001905
2751,72.53333333333333,71.77445345001905
2752,72.53333333333333,71.77445345001905
2753,72.53333333333333,71.77445345001905
2754,72.53333333333333,71.77445345001905
2755,72.53333333333333,71.77445345001905
2756,72.53333333333333,71.77445345001905
2757,72.53333333333333,71.97445345001906
2758,72.53333333333333,71.97445345001906
2759,72.53333333333333,71.97445345001906
2760,72.53333333333333,71.97445345001906
2761,72.53333333333333,72.40888899938673
2762,72.53333333333333,72.40888899938673
2763,72.53333333333333,72.4319775247377
2764,72.53333333333333,72.4319775247377
2765,72.53333333333333,72.47445345001906
2766,72.53333333333333,72.47445345001906
2767,72.53333333333333,72.47445345001906
2768,72.53333333333333,72.47445345001906
2769,72.53333333333333,72.53333333333333
2770,72.53333333333333,72.53333333333333
2771,72.53333333333333,72.53333333333333
2772,72.53333333333333,72.53333333333333
2773,72.53333333333333,72.53333333333333
2774,72.53333333333333,72.53333333333333
2775,72.53333333333333,72.53333333333333
2776,72.53333333333333,72.53333333333333
2777,72.53333333333333,72.53333333333333
2778,72.53333333333333,72.53333333333333
2779,72.53333333333333,72.53333333333333
2780,72.53333333333333,72.53333333333333
2781,72.53333333333333,72.53333333333333
2782,72.53333333333333,72.53333333333333
2783,72.53333333333333,72.53333333333333
2784,72.53333333333333,72.53333333333333
2785,72.53333333333333,72.53333333333333
2786,72.53333333333333,72.53333333333333
2787,72.53333333333333,72.53333333333333
2788,72.53333333333333,72.53333333333333
2789,72.53333333333333,72.53333333333333
2790,72.53333333333333,72.53333333333333
2791,72.53333333333333,72.53333333333333
2792,72.53333333333333,72.53333333333333
2793,72.53333333333333,72.53333333333333
2794,72.53333333333333,72.53333333333333
2795,72.53333333333333,72.53333333333333
2796,72.53333333333333,72.53333333333333
2797,72.53333333333333,72.53333333333333
2798,72.53333333333333,72.53333333333333
2799,72.53333333333333,72.53333333333333
2800,72.53333333333333,72.53333333333333
2801,72.53333333333333,72.53333333333333
2802,72.53333333333333,72.53333333333333
2803,72.53333333333333,72.53333333333333
2804,72.53333333333333,72.53333333333333
2805,72.53333333333333,72.53333333333333
2806,72.53333333333333,72.53333333333333
2807,72.53333333333333,72.53333333333333
2808,72.53333333333333,72.53333333333333
2809,72.53333333333333,72.53333333333333
2810,72.53333333333333,72.53333333333333
2811,72.53333333333333,72.53333333333333
2812,72.53333333333333,72.53333333333333
2813,72.53333333333333,72.53333333333333
2814,72.53333333333333,72.53333333333333
2815,72.53333333333333,72.53333333333333
2816,72.53333333333333,72.53333333333333
2817,72.53333333333333,72.53333333333333
2818,72.53333333333333,72.53333333333333
2819,72.53333333333333,72.53333333333333
2820,72.53333333333333,72.53333333333333
2821,72.53333333333333,72.53333333333333
2822,72.53333333333333,72.53333333333333
2823,72.53333333333333,72.53333333333333
2824,72.53333333333333,72.53333333333333
2825,72.53333333333333,72.53333333333333
2826,72.53333333333333,72.53333333333333
2827,72.53333333333333,72.53333333333333
2828,72.53333333333333,72.53333333333333
2829,72.53333333333333,72.53333333333333
2830,72.53333333333333,72.53333333333333
2831,72.53333333333333,72.53333333333333
2832,72.53333333333333,72.53333333333333
2833,72.53333333333333,72.53333333333333
2834,72.53333333333333,72.53333333333333
2835,72.53333333333333,72.53333333333333
2836,72.53333333333333,72.53333333333333
2837,72.53333333333333,72.53333333333333
2838,72.53333333333333,72.53333333333333
2839,72.53333333333333,72.53333333333333
2840,72.53333333333333,72.53333333333333
2841,72.53333333333333,72.53333333333333
2842,72.53333333333333,72.53333333333333
2843,72.53333333333333,72.53333333333333
2844,72.53333333333333,72.53333333333333
2845,72.53333333333333,72.53333333333333
2846,72.53333333333333,72.53333333333333
2847,72.53333333333333,72.53333333333333
2848,72.53333333333333,72.53333333333333
2849,72.53333333333333,72.53333333333333
2850,72.53333333333333,72.53333333333333
2851,72.53333333333333,72.53333333333333
2852,72.53333333333333,72.53333333333333
2853,72.53333333333333,72.53333333333333
2854,72.53333333333333,72.53333333333333
2855,72.53333333333333,72.53333333333333
2856,72.53333333333333,72.53333333333333
2857,72.53333333333333,72.53333333333333
2858,72.53333333333333,72.53333333333333
2859,72.53333333333333,72.53333333333333
2860,72.53333333333333,72.53333333333333
2861,72.53333333333333,72.53333333333333
2862,72.53333333333333,72.53333333333333
2863,72.53333333333333,72.53333333333333
2864,72.53333333333333,72.53333333333333
2865,72.53333333333333,72.53333333333333
2866,72.53333333333333,72.53333333333333
2867,72.53333333333333,72.53333333333333
2868,72.53333333333333,72.53333333333333
2869,72.53333333333333,72.53333333333333
2870,72.53333333333333,72.53333333333333
2871,72.53333333333333,72.53333333333333
2872,72.53333333333333,72.53333333333333
2873,72.53333333333333,72.53333333333333
2874,72.53333333333333,72.53333333333333
2875,72.53333333333333,72.53333333333333
2876,72.53333333333333,72.53333333333333
2877,72.53333333333333,72.53333333333333
2878,72.53333333333333,72.53333333333333
2879,72.53333333333333,72.53333333333333
2880,72.53333333333333,72.53333333333333
2881,72.53333333333333,72.53333333333333
2882,72.53333333333333,72.53333333333333
2883,72.53333333333333,72.53333333333333
2884,72.53333333333333,72.53333333333333
2885,72.53333333333333,72.53333333333333
2886,72.53333333333333,72.53333333333333
2887,72.53333333333333,72.53333333333333
2888,72.53333333333333,72.53333333333333
2889,72.53333333333333,72.53333333333333
2890,72.53333333333333,72.53333333333333
2891,72.53333333333333,72.53333333333333
2892,72.53333333333333,72.53333333333333
2893,72.53333333333333,72.53333333333333
2894,72.53333333333333,72.53333333333333
2895,72.53333333333333,72.53333333333333
2896,72.53333333333333,72.53333333333333
2897,72.53333333333333,72.53333333333333
2898,72.53333333333333,72.53333333333333
2899,72.53333333333333,72.53333333333333
2900,72.53333333333333,72.53333333333333
2901,72.53333333333333,72.53333333333333
2902,72.53333333333333,72.53333333333333
2903,72.53333333333333,72.53333333333333
2904,72.53333333333333,72.53333333333333
2905,72.53333333333333,72.53333333333333
2906,72.53333333333333,72.53333333333333
2907,72.53333333333333,72.53333333333333
2908,72.53333333333333,72.53333333333333
2909,72.53333333333333,72.53333333333333
2910,72.53333333333333,72.53333333333333
2911,72.53333333333333,72.53333333333333
2912,72.53333333333333,72.53333333333333
2913,72.53333333333333,72.53333333333333
2914,72.53333333333333,72.53333333333333
2915,72.53333333333333,72.53333333333333
2916,72.53333333333333,72.53333333333333
2917,72.53333333333333,72.53333333333333
2918,72.53333333333333,72.53333333333333
2919,72.53333333333333,72.53333333333333
2920,72.53333333333333,72.53333333333333
2921,72.53333333333333,72.53333333333333
2922,72.53333333333333,72.53333333333333
2923,72.53333333333333,72.53333333333333
2924,72.53333333333333,72.53333333333333
2925,72.53333333333333,72.53333333333333
2926,72.53333333333333,72.53333333333333
2927,72.53333333333333,72.53333333333333
2928,72.53333333333333,72.53333333333333
2929,72.53333333333333,72.53333333333333
2930,72.53333333333333,72.53333333333333
2931,72.53333333333333,72.53333333333333
2932,72.53333333333333,72.53333333333333
2933,72.53333333333333,72.53333333333333
2934,72.53333333333333,72.53333333333333
2935,72.53333333333333,72.53333333333333
2936,72.53333333333333,72.53333333333333
2937,72.53333333333333,72.53333333333333
2938,72.53333333333333,72.53333333333333
2939,72.53333333333333,72.53333333333333
2940,72.53333333333333,72.53333333333333
2941,72.53333333333333,72.53333333333333
2942,72.53333333333333,72.53333333333333
2943,72.53333333333333,72.53333333333333
2944,72.53333333333333,72.53333333333333
2945,72.53333333333333,72.53333333333333
2946,72.53333333333333,72.53333333333333
2947,72.53333333333333,72.53333333333333
2948,72.53333333333333,72.53333333333333
2949,72.53333333333333,72.53333333333333
2950,72.53333333333333,72.53333333333333
2951,72.53333333333333,72.53333333333333
2952,72.53333333333333,72.53333333333333
2953,72.53333333333333,72.53333333333333
2954,72.53333333333333,72.53333333333333
2955,72.53333333333333,72.53333333333333
2956,72.53333333333333,72.53333333333333
2957,72.53333333333333,72.53333333333333
2958,72.53333333333333,72.53333333333333
2959,72.53333333333333,72.53333333333333
2960,72.53333333333333,72.53333333333333
2961,72.53333333333333,72.53333333333333
2962,72.53333333333333,72.53333333333333
2963,72.53333333333333,72.53333333333333
2964,72.53333333333333,72.53333333333333
2965,72.53333333333333,72.53333333333333
2966,72.53333333333333,72.53333333333333
2967,72.53333333333333,72.53333333333333
2968,72.53333333333333,72.53333333333333
2969,72.53333333333333,72.53333333333333
2970,72.53333333333333,72.53333333333333
2971,72.53333333333333,72.53333333333333
2972,72.53333333333333,72.53333333333333
2973,72.53333333333333,72.53333333333333
2974,72.53333333333333,72.53333333333333
2975,72.53333333333333,72.53333333333333
2976,72.53333333333333,72.53333333333333
2977,72.53333333333333,72.53333333333333
2978,72.53333333333333,72.53333333333333
2979,72.53333333333333,72.53333333333333
2980,72.53333333333333,72.53333333333333
2981,72.53333333333333,72.53333333333333
2982,72.53333333333333,72.53333333333333
2983,72.53333333333333,72.53333333333333
2984,72.53333333333333,72.53333333333333
2985,72.53333333333333,72.53333333333333
2986,72.53333333333333,72.53333333333333
2987,72.53333333333333,72.53333333333333
2988,72.53333333333333,72.53333333333333
2989,72.53333333333333,72.53333333333333
2990,72.53333333333333,72.53333333333333
2991,72.53333333333333,72.53333333333333
2992,72.53333333333333,72.53333333333333
2993,72.53333333333333,72.53333333333333
2994,72.53333333333333,72.53333333333333
2995,72.53333333333333,72.53333333333333
2996,72.53333333333333,72.53333333333333
2997,72.53333333333333,72.53333333333333
2998,72.53333333333333,72.53333333333333
2999,72.53333333333333,72.53333333333333
3000,72.53333333333333,72.53333333333333
3001,72.53333333333333,72.53333333333333
3002,72.53333333333333,72.53333333333333
3003,72.53333333333333,72.53333333333333
3004,72.53333333333333,72.53333333333333
3005,72.53333333333333,72.53333333333333
3006,72.53333333333333,72.53333333333333
3007,72.53333333333333,72.53333333333333
3008,72.53333333333333,72.53333333333333
3009,72.53333333333333,72.53333333333333
3010,72.53333333333333,72.53333333333333
3011,72.53333333333333,72.53333333333333
3012,72.53333333333333,72.53333333333333
3013,72.53333333333333,72.53333333333333
3014,72.53333333333333,72.53333333333333
3015,72.53333333333333,72.53333333333333
3016,72.53333333333333,72.53333333333333
3017,72.53333333333333,72.53333333333333
3018,72.53333333333333,72.53333333333333
3019,72.53333333333333,72.53333333333333
3020,72.53333333333333,72.53333333333333
3021,72.53333333333333,72.53333333333333
3022,72.53333333333333,72.53333333333333
3023,72.53333333333333,72.53333333333333
3024,72.53333333333333,72.53333333333333
3025,72.53333333333333,72.53333333333333
3026,72.53333333333333,72.53333333333333
3027,72.53333333333333,72.53333333333333
3028,72.53333333333333,72.53333333333333
3029,72.53333333333333,72.53333333333333
3030,72.53333333333333,72.53333333333333
3031,72.53333333333333,72.53333333333333
3032,72.53333333333333,72.53333333333333
3033,72.53333333333333,72.53333333333333
3034,72.53333333333333,72.53333333333333
3035,72.53333333333333,72.53333333333333
3036,72.53333333333333,72.53333333333333
3037,72.53333333333333,72.53333333333333
3038,72.53333333333333,72.53333333333333
3039,72.53333333333333,72.53333333333333
3040,72.53333333333333,72.53333333333333
3041,72.53333333333333,72.53333333333333
3042,72.53333333333333,72.53333333333333
3043,72.53333333333333,72.53333333333333
3044,72.53333333333333,72.53333333333333
3045,72.53333333333333,72.53333333333333
3046,72.53333333333333,72.53333333333333
3047,72.53333333333333,72.53333333333333
3048,72.53333333333333,72.53333333333333
3049,72.53333333333333,72.53333333333333
3050,72.53333333333333,72.53333333333333
3051,72.53333333333333,72.53333333333333
3052,72.53333333333333,72.53333333333333
3053,72.53333333333333,72.53333333333333
3054,72.53333333333333,72.53333333333333
3055,72.53333333333333,72.53333333333333
3056,72.53333333333333,72.53333333333333
3057,72.53333333333333,72.53333333333333
3058,72.53333333333333,72.53333333333333
3059,72.53333333333333,72.53333333333333
3060,72.53333333333333,72.53333333333333
3061,72.53333333333333,72.53333333333333
3062,72.53333333333333,72.53333333333333
3063,72.53333333333333,72.53333333333333
3064,72.53333333333333,72.53333333333333
3065,72.53333333333333,72.53333333333333
3066,72.53333333333333,72.53333333333333
3067,72.53333333333333,72.53333333333333
3068,72.53333333333333,72.53333333333333
3069,72.53333333333333,72.53333333333333
3070,72.53333333333333,72.53333333333333
3071,72.53333333333333,72.53333333333333
3072,72.53333333333333,72.53333333333333
3073,72.53333333333333,72.53333333333333
3074,72.53333333333333,72.53333333333333
3075,72.53333333333333,72.53333333333333
3076,72.53333333333333,72.53333333333333
3077,72.53333333333333,72.53333333333333
3078,72.53333333333333,72.53333333333333
3079,72.53333333333333,72.53333333333333
3080,72.53333333333333,72.53333333333333
3081,72.53333333333333,72.53333333333333
3082,72.53333333333333,72.53333333333333
3083,72.53333333333333,72.53333333333333
3084,72.53333333333333,72.53333333333333
3085,72.53333333333333,72.53333333333333
3086,72.53333333333333,72.53333333333333
3087,72.53333333333333,72.53333333333333
3088,72.53333333333333,72.53333333333333
3089,72.53333333333333,72.53333333333333
3090,72.53333333333333,72.53333333333333
3091,72.53333333333333,72.53333333333333
3092,72.53333333333333,72.53333333333333
3093,72.53333333333333,72.53333333333333
3094,72.53333333333333,72.53333333333333
3095,72.53333333333333,72.53333333333333
3096,72.53333333333333,72.53333333333333
3097,72.53333333333333,72.53333333333333
3098,72.53333333333333,72.53333333333333
3099,72.53333333333333,72.53333333333333
3100,72.53333333333333,72.53333333333333
3101,72.53333333333333,72.53333333333333
3102,72.53333333333333,72.53333333333333
3103,72.53333333333333,72.53333333333333
3104,72.53333333333333,72.53333333333333
3105,72.53333333333333,72.53333333333333
3106,72.53333333333333,72.53333333333333
3107,72.53333333333333,72.53333333333333
3108,72.53333333333333,72.53333333333333
3109,72.53333333333333,72.53333333333333
3110,72.53333333333333,72.53333333333333
3111,72.53333333333333,72.53333333333333
3112,72.53333333333333,72.53333333333333
3113,72.53333333333333,72.53333333333333
3114,72.53333333333333,72.53333333333333
3115,72.53333333333333,72.53333333333333
3116,72.53333333333333,72.53333333333333
3117,72.53333333333333,72.53333333333333
3118,72.53333333333333,72.53333333333333
3119,72.53333333333333,72.53333333333333
3120,72.53333333333333,72.53333333333333
3121,72.53333333333333,72.53333333333333
3122,72.53333333333333,72.53333333333333
3123,72.53333333333333,72.53333333333333
3124,72.53333333333333,72.53333333333333
3125,72.53333333333333,72.53333333333333
3126,72.53333333333333,72.53333333333333
3127,72.53333333333333,72.53333333333333
3128,72.53333333333333,72.53333333333333
3129,72.53333333333333,72.53333333333333
3130,72.53333333333333,72.53333333333333
3131,72.53333333333333,72.53333333333333
3132,72.53333333333333,72.53333333333333
3133,72.53333333333333,72.53333333333333
3134,72.53333333333333,72.53333333333333
3135,72.53333333333333,72.53333333333333
3136,72.53333333333333,72.53333333333333
3137,72.53333333333333,72.53333333333333
3138,72.53333333333333,72.53333333333333
3139,72.53333333333333,72.53333333333333
3140,72.53333333333333,72.53333333333333
3141,72.53333333333333,72.53333333333333
3142,72.53333333333333,72.53333333333333
3143,72.53333333333333,72.53333333333333
3144,72.53333333333333,72.53333333333333
3145,72.53333333333333,72.53333333333333
3146,72.53333333333333,72.53333333333333
3147,72.53333333333333,72.53333333333333
3148,72.53333333333333,72.53333333333333
3149,72.53333333333333,72.53333333333333
3150,72.53333333333333,72.53333333333333
3151,72.53333333333333,72.53333333333333
3152,72.53333333333333,72.53333333333333
3153,72.53333333333333,72.53333333333333
3154,72.53333333333333,72.53333333333333
3155,72.53333333333333,72.53333333333333
3156,72.53333333333333,72.53333333333333
3157,72.53333333333333,72.53333333333333
3158,72.53333333333333,72.53333333333333
3159,72.53333333333333,72.53333333333333
3160,72.53333333333333,72.53333333333333
3161,72.53333333333333,72.53333333333333
3162,72.53333333333333,72.53333333333333
3163,72.53333333333333,72.53333333333333
3164,72.53333333333333,72.53333333333333
3165,72.53333333333333,72.53333333333333
3166,72.53333333333333,72.53333333333333
3167,72.53333333333333,72.53333333333333
3168,72.53333333333333,72.53333333333333
3169,72.53333333333333,72.53333333333333
3170,72.53333333333333,72.53333333333333
3171,72.53333333333333,72.53333333333333
3172,72.53333333333333,72.53333333333333
3173,72.53333333333333,72.53333333333333
3174,72.53333333333333,72.53333333333333
3175,72.53333333333333,72.53333333333333
3176,72.53333333333333,72.53333333333333
3177,72.53333333333333,72.53333333333333
3178,72.53333333333333,72.53333333333333
3179,72.53333333333333,72.53333333333333
3180,72.53333333333333,72.53333333333333
3181,72.53333333333333,72.53333333333333
3182,72.53333333333333,72.53333333333333
3183,72.53333333333333,72.53333333333333
3184,72.53333333333333,72.53333333333333
3185,72.53333333333333,72.53333333333333
3186,72.53333333333333,72.53333333333333
3187,72.53333333333333,72.53333333333333
3188,72.53333333333333,72.53333333333333
3189,72.53333333333333,72.53333333333333
3190,72.53333333333333,72.53333333333333
3191,72.53333333333333,72.53333333333333
3192,72.53333333333333,72.53333333333333
3193,72.53333333333333,72.53333333333333
3194,72.53333333333333,72.53333333333333
3195,72.53333333333333,72.53333333333333
3196,72.53333333333333,72.53333333333333
3197,72.53333333333333,72.53333333333333
3198,72.53333333333333,72.53333333333333
3199,72.53333333333333,72.53333333333333
3200,72.53333333333333,72.53333333333333
3201,72.53333333333333,72.53333333333333
3202,72.53333333333333,72.53333333333333
3203,72.53333333333333,72.53333333333333
3204,72.53333333333333,72.53333333333333
3205,72.53333333333333,72.53333333333333
3206,72.53333333333333,72.53333333333333
3207,72.53333333333333,72.53333333333333
3208,72.53333333333333,72.53333333333333
3209,72.53333333333333,72.53333333333333
3210,72.53333333333333,72.53333333333333
3211,72.53333333333333,72.53333333333333
3212,72.53333333333333,72.53333333333333
3213,72.53333333333333,72.53333333333333
3214,72.53333333333333,72.53333333333333
3215,72.53333333333333,72.53333333333333
3216,72.53333333333333,72.53333333333333
3217,72.53333333333333,72.53333333333333
3218,72.53333333333333,72.53333333333333
3219,72.53333333333333,72.53333333333333
3220,72.53333333333333,72.53333333333333
3221,72.53333333333333,72.53333333333333
3222,72.53333333333333,72.53333333333333
3223,72.53333333333333,72.53333333333333
3224,72.53333333333333,72.53333333333333
3225,72.53333333333333,72.53333333333333
3226,72.53333333333333,72.53333333333333
3227,72.53333333333333,72.53333333333333
3228,72.53333333333333,72.53333333333333
3229,72.53333333333333,72.53333333333333
3230,72.53333333333333,72.53333333333333
3231,72.53333333333333,72.53333333333333
3232,72.53333333333333,72.53333333333333
3233,72.53333333333333,72.53333333333333
3234,72.53333333333333,72.53333333333333
3235,72.53333333333333,72.53333333333333
3236,72.53333333333333,72.53333333333333
3237,72.53333333333333,72.53333333333333
3238,72.53333333333333,72.53333333333333
3239,72.53333333333333,72.53333333333333
3240,72.53333333333333,72.53333333333333
3241,72.53333333333333,72.53333333333333
3242,72.53333333333333,72.53333333333333
3243,72.53333333333333,72.53333333333333
3244,72.53333333333333,72.53333333333333
3245,72.53333333333333,72.53333333333333
3246,72.53333333333333,72.53333333333333
3247,72.53333333333333,72.53333333333333
3248,72.53333333333333,72.53333333333333
3249,72.53333333333333,72.53333333333333
3250,72.53333333333333,72.53333333333333
3251,72.53333333333333,72.53333333333333
3252,72.53333333333333,72.53333333333333
3253,72.53333333333333,72.53333333333333
3254,72.53333333333333,72.53333333333333
3255,72.53333333333333,72.53333333333333
3256,72.53333333333333,72.53333333333333
3257,72.53333333333333,72.53333333333333
3258,72.53333333333333,72.53333333333333
3259,72.53333333333333,72.53333333333333
3260,72.53333333333333,72.53333333333333
3261,72.53333333333333,72.53333333333333
3262,72.53333333333333,72.53333333333333
3263,72.53333333333333,72.53333333333333
3264,72.53333333333333,72.53333333333333
3265,72.53333333333333,72.53333333333333
3266,72.53333333333333,72.53333333333333
3267,72.53333333333333,72.53333333333333
3268,72.53333333333333,72.53333333333333
3269,72.53333333333333,72.53333333333333
3270,72.53333333333333,72.53333333333333
3271,72.53333333333333,72.53333333333333
3272,72.53333333333333,72.53333333333333
3273,72.53333333333333,72.53333333333333
3274,72.53333333333333,72.53333333333333
3275,72.53333333333333,72.53333333333333
3276,72.53333333333333,72.53333333333333
3277,72.53333333333333,72.53333333333333
3278,72.53333333333333,72.53333333333333
3279,72.53333333333333,72.53333333333333
3280,72.53333333333333,72.53333333333333
3281,72.53333333333333,72.53333333333333
3282,72.53333333333333,72.53333333333333
3283,72.53333333333333,72.53333333333333
3284,72.53333333333333,72.53333333333333
3285,72.53333333333333,72.53333333333333
3286,72.53333333333333,72.53333333333333
3287,72.53333333333333,72.53333333333333
3288,72.53333333333333,72.53333333333333
3289,72.53333333333333,72.53333333333333
3290,72.53333333333333,72.53333333333333
3291,72.53333333333333,72.53333333333333
3292,72.53333333333333,72.53333333333333
3293,72.53333333333333,72.53333333333333
3294,72.53333333333333,72.53333333333333
3295,72.53333333333333,72.53333333333333
3296,72.53333333333333,72.53333333333333
3297,72.53333333333333,72.53333333333333
3298,72.53333333333333,72.53333333333333
3299,72.53333333333333,72.53333333333333
3300,72.53333333333333,72.53333333333333
3301,72.53333333333333,72.53333333333333
3302,72.53333333333333,72.53333333333333
3303,72.53333333333333,72.53333333333333
3304,72.53333333333333,72.53333333333333
3305,72.53333333333333,72.53333333333333
3306,72.53333333333333,72.53333333333333
3307,72.53333333333333,72.53333333333333
3308,72.53333333333333,72.53333333333333
3309,72.53333333333333,72.53333333333333
3310,72.53333333333333,72.53333333333333
3311,72.53333333333333,72.53333333333333
3312,72.53333333333333,72.53333333333333
3313,72.53333333333333,72.53333333333333
3314,72.53333333333333,72.53333333333333
3315,72.53333333333333,72.53333333333333
3316,72.53333333333333,72.53333333333333
3317,72.53333333333333,72.53333333333333
3318,72.53333333333333,72.53333333333333
3319,72.53333333333333,72.53333333333333
3320,72.53333333333333,72.53333333333333
3321,72.53333333333333,72.53333333333333
3322,72.53333333333333,72.53333333333333
3323,72.53333333333333,72.53333333333333
3324,72.53333333333333,72.53333333333333
3325,72.53333333333333,72.53333333333333
3326,72.53333333333333,72.53333333333333
3327,72.53333333333333,72.53333333333333
3328,72.53333333333333,72.53333333333333
3329,72.53333333333333,72.53333333333333
3330,72.53333333333333,72.53333333333333
3331,72.53333333333333,72.53333333333333
3332,72.53333333333333,72.53333333333333
3333,72.53333333333333,72.53333333333333
3334,72.53333333333333,72.53333333333333
3335,72.53333333333333,72.53333333333333
3336,72.53333333333333,72.53333333333333
3337,72.53333333333333,72.53333333333333
3338,72.53333333333333,72.53333333333333
3339,72.53333333333333,72.53333333333333
3340,72.53333333333333,72.53333333333333
3341,72.53333333333333,72.53333333333333
3342,72.53333333333333,72.53333333333333
3343,72.53333333333333,72.53333333333333
3344,72.53333333333333,72.53333333333333
3345,72.53333333333333,72.53333333333333
3346,72.53333333333333,72.53333333333333
3347,72.53333333333333,72.53333333333333
3348,72.53333333333333,72.53333333333333
3349,72.53333333333333,72.53333333333333
3350,72.53333333333333,72.53333333333333
3351,72.53333333333333,72.53333333333333
3352,72.53333333333333,72.53333333333333
3353,72.53333333333333,72.53333333333333
3354,72.53333333333333,72.53333333333333
3355,72.53333333333333,72.53333333333333
3356,72.53333333333333,72.53333333333333
3357,72.53333333333333,72.53333333333333
3358,72.53333333333333,72.53333333333333
3359,72.53333333333333,72.53333333333333
3360,72.53333333333333,72.53333333333333
3361,72.53333333333333,72.53333333333333
3362,72.53333333333333,72.53333333333333
3363,72.53333333333333,72.53333333333333
3364,72.53333333333333,72.53333333333333
3365,72.53333333333333,72.53333333333333
3366,72.53333333333333,72.53333333333333
3367,72.53333333333333,72.53333333333333
3368,72.53333333333333,72.53333333333333
3369,72.53333333333333,72.53333333333333
3370,72.53333333333333,72.53333333333333
3371,72.53333333333333,72.53333333333333
3372,72.53333333333333,72.53333333333333
3373,72.53333333333333,72.53333333333333
3374,72.53333333333333,72.53333333333333
3375,72.53333333333333,72.53333333333333
3376,72.53333333333333,72.53333333333333
3377,72.53333333333333,72.53333333333333
3378,72.53333333333333,72.53333333333333
3379,72.53333333333333,72.53333333333333
3380,72.53333333333333,72.53333333333333
3381,72.53333333333333,72.53333333333333
3382,72.53333333333333,72.53333333333333
3383,72.53333333333333,72.53333333333333
3384,72.53333333333333,72.53333333333333
3385,72.53333333333333,72.53333333333333
3386,72.53333333333333,72.53333333333333
3387,72.53333333333333,72.53333333333333
3388,72.53333333333333,72.53333333333333
3389,72.53333333333333,72.53333333333333
3390,72.53333333333333,72.53333333333333
3391,72.53333333333333,72.53333333333333
3392,72.53333333333333,72.53333333333333
3393,72.53333333333333,72.53333333333333
3394,72.53333333333333,72.53333333333333
3395,72.53333333333333,72.53333333333333
3396,72.53333333333333,72.53333333333333
3397,72.53333333333333,72.53333333333333
3398,72.53333333333333,72.53333333333333
3399,72.53333333333333,72.53333333333333
3400,72.53333333333333,72.53333333333333
3401,72.53333333333333,72.53333333333333
3402,72.53333333333333,72.53333333333333
3403,72.53333333333333,72.53333333333333
3404,72.53333333333333,72.53333333333333
3405,72.53333333333333,72.53333333333333
3406,72.53333333333333,72.53333333333333
3407,72.53333333333333,72.53333333333333
3408,72.53333333333333,72.53333333333333
3409,72.53333333333333,72.53333333333333
3410,72.53333333333333,72.53333333333333
3411,72.53333333333333,72.53333333333333
3412,72.53333333333333,72.53333333333333
3413,72.53333333333333,72.53333333333333
3414,72.53333333333333,72.53333333333333
3415,72.53333333333333,72.53333333333333
3416,72.53333333333333,72.53333333333333
3417,72.53333333333333,72.53333333333333
3418,72.53333333333333,72.53333333333333
3419,72.53333333333333,72.53333333333333
3420,72.53333333333333,72.53333333333333
3421,72.53333333333333,72.53333333333333
3422,72.53333333333333,72.53333333333333
3423,72.53333333333333,72.53333333333333
3424,72.53333333333333,72.53333333333333
3425,72.53333333333333,72.53333333333333
3426,72.53333333333333,72.53333333333333
3427,72.53333333333333,72.53333333333333
3428,72.53333333333333,72.53333333333333
3429,72.53333333333333,72.53333333333333
3430,72.53333333333333,72.53333333333333
3431,72.53333333333333,72.53333333333333
3432,72.53333333333333,72.53333333333333
3433,72.53333333333333,72.53333333333333
3434,72.53333333333333,72.53333333333333
3435,72.53333333333333,72.53333333333333
3436,72.53333333333333,72.53333333333333
3437,72.53333333333333,72.53333333333333
3438,72.53333333333333,72.53333333333333
3439,72.53333333333333,72.53333333333333
3440,72.53333333333333,72.53333333333333
3441,72.53333333333333,72.53333333333333
3442,72.53333333333333,72.53333333333333
3443,72.53333333333333,72.53333333333333
3444,72.53333333333333,72.53333333333333
3445,72.53333333333333,72.53333333333333
3446,72.53333333333333,72.53333333333333
3447,72.53333333333333,72.53333333333333
3448,72.53333333333333,72.53333333333333
3449,72.53333333333333,72.53333333333333
3450,72.53333333333333,72.53333333333333
3451,72.53333333333333,72.53333333333333
3452,72.53333333333333,72.53333333333333
3453,72.53333333333333,72.53333333333333
3454,72.53333333333333,72.53333333333333
3455,72.53333333333333,72.53333333333333
3456,72.53333333333333,72.53333333333333
3457,72.53333333333333,72.53333333333333
3458,72.53333333333333,72.53333333333333
3459,72.53333333333333,72.53333333333333
3460,72.53333333333333,72.53333333333333
3461,72.53333333333333,72.53333333333333
3462,72.53333333333333,72.53333333333333
3463,72.53333333333333,72.53333333333333
3464,72.53333333333333,72.53333333333333
3465,72.53333333333333,72.53333333333333
3466,72.53333333333333,72.53333333333333
3467,72.53333333333333,72.53333333333333
3468,72.53333333333333,72.53333333333333
3469,72.53333333333333,72.53333333333333
3470,72.53333333333333,72.53333333333333
3471,72.53333333333333,72.53333333333333
3472,72.53333333333333,72.53333333333333
3473,72.53333333333333,72.53333333333333
3474,72.53333333333333,72.53333333333333
3475,72.53333333333333,72.53333333333333
3476,72.53333333333333,72.53333333333333
3477,72.53333333333333,72.53333333333333
3478,72.53333333333333,72.53333333333333
3479,72.53333333333333,72.53333333333333
3480,72.53333333333333,72.53333333333333
3481,72.53333333333333,72.53333333333333
3482,72.53333333333333,72.53333333333333
3483,72.53333333333333,72.53333333333333
3484,72.53333333333333,72.53333333333333
3485,72.53333333333333,72.53333333333333
3486,72.53333333333333,72.53333333333333
3487,72.53333333333333,72.53333333333333
3488,72.53333333333333,72.53333333333333
3489,72.53333333333333,72.53333333333333
3490,72.53333333333333,72.53333333333333
3491,72.53333333333333,72.53333333333333
3492,72.53333333333333,72.53333333333333
3493,72.53333333333333,72.53333333333333
3494,72.53333333333333,72.53333333333333
3495,72.53333333333333,72.53333333333333
3496,72.53333333333333,72.53333333333333
3497,72.53333333333333,72.53333333333333
3498,72.53333333333333,72.53333333333333
3499,72.53333333333333,72.53333333333333
3500,72.53333333333333,72.53333333333333
3501,72.53333333333333,72.53333333333333
3502,72.53333333333333,72.53333333333333
3503,72.53333333333333,72.53333333333333
3504,72.53333333333333,72.53333333333333
3505,72.53333333333333,72.53333333333333
3506,72.53333333333333,72.53333333333333
3507,72.53333333333333,72.53333333333333
3508,72.53333333333333,72.53333333333333
3509,72.53333333333333,72.53333333333333
3510,72.53333333333333,72.53333333333333
3511,72.53333333333333,72.53333333333333
3512,72.53333333333333,72.53333333333333
3513,72.53333333333333,72.53333333333333
3514,72.53333333333333,72.53333333333333
3515,72.53333333333333,72.53333333333333
3516,72.53333333333333,72.53333333333333
3517,72.53333333333333,72.53333333333333
3518,72.53333333333333,72.53333333333333
3519,72.53333333333333,72.53333333333333
3520,72.53333333333333,72.53333333333333
3521,72.53333333333333,72.53333333333333
3522,72.53333333333333,72.53333333333333
3523,72.53333333333333,72.53333333333333
3524,72.53333333333333,72.53333333333333
3525,72.53333333333333,72.53333333333333
3526,72.53333333333333,72.53333333333333
3527,72.53333333333333,72.53333333333333
3528,72.53333333333333,72.53333333333333
3529,72.53333333333333,72.53333333333333
3530,72.53333333333333,72.53333333333333
3531,72.53333333333333,72.53333333333333
3532,72.53333333333333,72.53333333333333
3533,72.53333333333333,72.53333333333333
3534,72.53333333333333,72.53333333333333
3535,72.53333333333333,72.53333333333333
3536,72.53333333333333,72.53333333333333
3537,72.53333333333333,72.53333333333333
3538,72.53333333333333,72.53333333333333
3539,72.53333333333333,72.53333333333333
3540,72.53333333333333,72.53333333333333
3541,72.53333333333333,72.53333333333333
3542,72.53333333333333,72.53333333333333
3543,72.53333333333333,72.53333333333333
3544,72.53333333333333,72.53333333333333
3545,72.53333333333333,72.53333333333333
3546,72.53333333333333,72.53333333333333
3547,72.53333333333333,72.53333333333333
3548,72.53333333333333,72.53333333333333
3549,72.53333333333333,72.53333333333333
3550,72.53333333333333,72.53333333333333
3551,72.53333333333333,72.53333333333333
3552,72.53333333333333,72.53333333333333
3553,72.53333333333333,72.53333333333333
3554,72.53333333333333,72.53333333333333
3555,72.53333333333333,72.53333333333333
3556,72.53333333333333,72.53333333333333
3557,72.53333333333333,72.53333333333333
3558,72.53333333333333,72.53333333333333
3559,72.53333333333333,72.53333333333333
3560,72.53333333333333,72.53333333333333
3561,72.53333333333333,72.53333333333333
3562,72.53333333333333,72.53333333333333
3563,72.53333333333333,72.53333333333333
3564,72.53333333333333,72.53333333333333
3565,72.53333333333333,72.53333333333333
3566,72.53333333333333,72.53333333333333
3567,72.53333333333333,72.53333333333333
3568,72.53333333333333,72.53333333333333
3569,72.53333333333333,72.53333333333333
3570,72.53333333333333,72.53333333333333
3571,72.53333333333333,72.53333333333333
3572,72.53333333333333,72.53333333333333
3573,72.53333333333333,72.53333333333333
3574,72.53333333333333,72.53333333333333
3575,72.53333333333333,72.53333333333333
3576,72.53333333333333,72.53333333333333
3577,72.53333333333333,72.53333333333333
3578,72.53333333333333,72.53333333333333
3579,72.53333333333333,72.53333333333333
3580,72.53333333333333,72.53333333333333
3581,72.53333333333333,72.53333333333333
3582,72.53333333333333,72.53333333333333
3583,72.53333333333333,72.53333333333333
3584,72.53333333333333,72.53333333333333
3585,72.53333333333333,72.53333333333333
3586,72.53333333333333,72.53333333333333
3587,72.53333333333333,72.53333333333333
3588,72.53333333333333,72.53333333333333
3589,72.53333333333333,72.53333333333333
3590,72.53333333333333,72.53333333333333
3591,72.53333333333333,72.53333333333333
3592,72.53333333333333,72.53333333333333
3593,72.53333333333333,72.53333333333333
3594,72.53333333333333,72.53333333333333
3595,72.53333333333333,72.53333333333333
3596,72.53333333333333,72.53333333333333
3597,72.53333333333333,72.53333333333333
3598,72.53333333333333,72.53333333333333
3599,72.53333333333333,72.53333333333333
3600,72.53333333333333,72.53333333333333
3601,72.53333333333333,72.53333333333333
3602,72.53333333333333,72.53333333333333
3603,72.53333333333333,72.53333333333333
3604,72.53333333333333,72.53333333333333
3605,72.53333333333333,72.53333333333333
3606,72.53333333333333,72.53333333333333
3607,72.53333333333333,72.53333333333333
3608,72.53333333333333,72.53333333333333
3609,72.53333333333333,72.53333333333333
3610,72.53333333333333,72.53333333333333
3611,72.53333333333333,72.53333333333333
3612,72.53333333333333,72.53333333333333
3613,72.53333333333333,72.53333333333333
3614,72.53333333333333,72.53333333333333
3615,72.53333333333333,72.53333333333333
3616,72.53333333333333,72.53333333333333
3617,72.53333333333333,72.53333333333333
3618,72.53333333333333,72.53333333333333
3619,72.53333333333333,72.53333333333333
3620,72.53333333333333,72.53333333333333
3621,72.53333333333333,72.53333333333333
3622,72.53333333333333,72.53333333333333
3623,72.53333333333333,72.53333333333333
3624,72.53333333333333,72.53333333333333
3625,72.53333333333333,72.53333333333333
3626,72.53333333333333,72.53333333333333
3627,72.53333333333333,72.53333333333333
3628,72.53333333333333,72.53333333333333
3629,72.53333333333333,72.53333333333333
3630,72.53333333333333,72.53333333333333
3631,72.53333333333333,72.53333333333333
3632,72.53333333333333,72.53333333333333
3633,72.53333333333333,72.53333333333333
3634,72.53333333333333,72.53333333333333
3635,72.53333333333333,72.53333333333333
3636,72.53333333333333,72.53333333333333
3637,72.53333333333333,72.53333333333333
3638,72.53333333333333,72.53333333333333
3639,72.53333333333333,72.53333333333333
3640,72.53333333333333,72.53333333333333
3641,72.53333333333333,72.53333333333333
3642,72.53333333333333,72.53333333333333
3643,72.53333333333333,72.53333333333333
3644,72.53333333333333,72.53333333333333
3645,72.53333333333333,72.53333333333333
3646,72.53333333333333,72.53333333333333
3647,72.53333333333333,72.53333333333333
3648,72.53333333333333,72.53333333333333
3649,72.53333333333333,72.53333333333333
3650,72.53333333333333,72.53333333333333
3651,72.53333333333333,72.53333333333333
3652,72.53333333333333,72.53333333333333
3653,72.53333333333333,72.53333333333333
3654,72.53333333333333,72.53333333333333
3655,72.53333333333333,72.53333333333333
3656,72.53333333333333,72.53333333333333
3657,72.53333333333333,72.53333333333333
3658,72.53333333333333,72.53333333333333
3659,72.53333333333333,72.53333333333333
3660,72.53333333333333,72.53333333333333
3661,72.53333333333333,72.53333333333333
3662,72.53333333333333,72.53333333333333
3663,72.53333333333333,72.53333333333333
3664,72.53333333333333,72.53333333333333
3665,72.53333333333333,72.53333333333333
3666,72.53333333333333,72.53333333333333
3667,72.53333333333333,72.53333333333333
3668,72.53333333333333,72.53333333333333
3669,72.53333333333333,72.53333333333333
3670,72.53333333333333,72.53333333333333
3671,72.53333333333333,72.53333333333333
3672,72.53333333333333,72.53333333333333
3673,72.53333333333333,72.53333333333333
3674,72.53333333333333,72.53333333333333
3675,72.53333333333333,72.53333333333333
3676,72.53333333333333,72.53333333333333
3677,72.53333333333333,72.53333333333333
3678,72.53333333333333,72.53333333333333
3679,72.53333333333333,72.53333333333333
3680,72.53333333333333,72.53333333333333
3681,72.53333333333333,72.53333333333333
3682,72.53333333333333,72.53333333333333
3683,72.53333333333333,72.53333333333333
3684,72.53333333333333,72.53333333333333
3685,72.53333333333333,72.53333333333333
3686,72.53333333333333,72.53333333333333
3687,72.53333333333333,72.53333333333333
3688,72.53333333333333,72.53333333333333
3689,72.53333333333333,72.53333333333333
3690,72.53333333333333,72.53333333333333
3691,72.53333333333333,72.53333333333333
3692,72.53333333333333,72.53333333333333
3693,72.53333333333333,72.53333333333333
3694,72.53333333333333,72.53333333333333
3695,72.53333333333333,72.53333333333333
3696,72.53333333333333,72.53333333333333
3697,72.53333333333333,72.53333333333333
3698,72.53333333333333,72.53333333333333
3699,72.53333333333333,72.53333333333333
3700,72.53333333333333,72.53333333333333
3701,72.53333333333333,72.53333333333333
3702,72.53333333333333,72.53333333333333
3703,72.53333333333333,72.53333333333333
3704,72.53333333333333,72.53333333333333
3705,72.53333333333333,72.53333333333333
3706,72.53333333333333,72.53333333333333
3707,72.53333333333333,72.53333333333333
3708,72.53333333333333,72.53333333333333
3709,72.53333333333333,72.53333333333333
3710,72.53333333333333,72.53333333333333
3711,72.53333333333333,72.53333333333333
3712,72.53333333333333,72.53333333333333
3713,72.53333333333333,72.53333333333333
3714,72.53333333333333,72.53333333333333
3715,72.53333333333333,72.53333333333333
3716,72.53333333333333,72.53333333333333
3717,72.53333333333333,72.53333333333333
3718,72.53333333333333,72.53333333333333
3719,72.53333333333333,72.53333333333333
3720,72.53333333333333,72.53333333333333
3721,72.53333333333333,72.53333333333333
3722,72.53333333333333,72.53333333333333
3723,72.53333333333333,72.53333333333333
3724,72.53333333333333,72.53333333333333
3725,72.53333333333333,72.53333333333333
3726,72.53333333333333,72.53333333333333
3727,72.53333333333333,72.53333333333333
3728,72.53333333333333,72.53333333333333
3729,72.53333333333333,72.53333333333333
3730,72.53333333333333,72.53333333333333
3731,72.53333333333333,72.53333333333333
3732,72.53333333333333,72.53333333333333
3733,72.53333333333333,72.53333333333333
3734,72.53333333333333,72.53333333333333
3735,72.53333333333333,72.53333333333333
3736,72.53333333333333,72.53333333333333
3737,72.53333333333333,72.53333333333333
3738,72.53333333333333,72.53333333333333
3739,72.53333333333333,72.53333333333333
3740,72.53333333333333,72.53333333333333
3741,72.53333333333333,72.53333333333333
3742,72.53333333333333,72.53333333333333
3743,72.53333333333333,72.53333333333333
3744,72.53333333333333,72.53333333333333
3745,72.53333333333333,72.53333333333333
3746,72.53333333333333,72.53333333333333
3747,72.53333333333333,72.53333333333333
3748,72.53333333333333,72.53333333333333
3749,72.53333333333333,72.53333333333333
3750,72.53333333333333,72.53333333333333
3751,72.53333333333333,72.53333333333333
3752,72.53333333333333,72.53333333333333
3753,72.53333333333333,72.53333333333333
3754,72.53333333333333,72.53333333333333
3755,72.53333333333333,72.53333333333333
3756,72.53333333333333,72.53333333333333
3757,72.53333333333333,72.53333333333333
3758,72.53333333333333,72.53333333333333
3759,72.53333333333333,72.53333333333333
3760,72.53333333333333,72.53333333333333
3761,72.53333333333333,72.53333333333333
3762,72.53333333333333,72.53333333333333
3763,72.53333333333333,72.53333333333333
3764,72.53333333333333,72.53333333333333
3765,72.53333333333333,72.53333333333333
3766,72.53333333333333,72.53333333333333
3767,72.53333333333333,72.53333333333333
3768,72.53333333333333,72.53333333333333
3769,72.53333333333333,72.53333333333333
3770,72.53333333333333,72.53333333333333
3771,72.53333333333333,72.53333333333333
3772,72.53333333333333,72.53333333333333
3773,72.53333333333333,72.53333333333333
3774,72.53333333333333,72.53333333333333
3775,72.53333333333333,72.53333333333333
3776,72.53333333333333,72.53333333333333
3777,72.53333333333333,72.53333333333333
3778,72.53333333333333,72.53333333333333
3779,72.53333333333333,72.53333333333333
3780,72.53333333333333,72.53333333333333
3781,72.53333333333333,72.53333333333333
3782,72.53333333333333,72.53333333333333
3783,72.53333333333333,72.53333333333333
3784,72.53333333333333,72.53333333333333
3785,72.53333333333333,72.53333333333333
3786,72.53333333333333,72.53333333333333
3787,72.53333333333333,72.53333333333333
3788,72.53333333333333,72.53333333333333
3789,72.53333333333333,72.53333333333333
3790,72.53333333333333,72.53333333333333
3791,72.53333333333333,72.53333333333333
3792,72.53333333333333,72.53333333333333
3793,72.53333333333333,72.53333333333333
3794,72.53333333333333,72.53333333333333
3795,72.53333333333333,72.53333333333333
3796,72.53333333333333,72.53333333333333
3797,72.53333333333333,72.53333333333333
3798,72.53333333333333,72.53333333333333
3799,72.53333333333333,72.53333333333333
3800,72.53333333333333,72.53333333333333
3801,72.53333333333333,72.53333333333333
3802,72.53333333333333,72.53333333333333
3803,72.53333333333333,72.53333333333333
3804,72.53333333333333,72.53333333333333
3805,72.53333333333333,72.53333333333333
3806,72.53333333333333,72.53333333333333
3807,72.53333333333333,72.53333333333333
3808,72.53333333333333,72.53333333333333
3809,72.53333333333333,72.53333333333333
3810,72.53333333333333,72.53333333333333
3811,72.53333333333333,72.53333333333333
3812,72.53333333333333,72.53333333333333
3813,72.53333333333333,72.53333333333333
3814,72.53333333333333,72.53333333333333
3815,72.53333333333333,72.53333333333333
3816,72.53333333333333,72.53333333333333
3817,72.53333333333333,72.53333333333333
3818,72.53333333333333,72.53333333333333
3819,72.53333333333333,72.53333333333333
3820,72.53333333333333,72.53333333333333
3821,72.53333333333333,72.53333333333333
3822,72.53333333333333,72.53333333333333
3823,72.53333333333333,72.53333333333333
3824,72.53333333333333,72.53333333333333
3825,72.53333333333333,72.53333333333333
3826,72.53333333333333,72.53333333333333
3827,72.53333333333333,72.53333333333333
3828,72.53333333333333,72.53333333333333
3829,72.53333333333333,72.53333333333333
3830,72.53333333333333,72.53333333333333
3831,72.53333333333333,72.53333333333333
3832,72.53333333333333,72.53333333333333
3833,72.53333333333333,72.53333333333333
3834,72.53333333333333,72.53333333333333
3835,72.53333333333333,72.53333333333333
3836,72.53333333333333,72.53333333333333
3837,72.53333333333333,72.53333333333333
3838,72.53333333333333,72.53333333333333
3839,72.53333333333333,72.53333333333333
3840,72.53333333333333,72.53333333333333
3841,72.53333333333333,72.53333333333333
3842,72.53333333333333,72.53333333333333
3843,72.53333333333333,72.53333333333333
3844,72.53333333333333,72.53333333333333
3845,72.53333333333333,72.53333333333333
3846,72.53333333333333,72.53333333333333
3847,72.53333333333333,72.53333333333333
3848,72.53333333333333,72.53333333333333
3849,72.53333333333333,72.53333333333333
3850,72.53333333333333,72.53333333333333
3851,72.53333333333333,72.53333333333333
3852,72.53333333333333,72.53333333333333
3853,72.53333333333333,72.53333333333333
3854,72.53333333333333,72.53333333333333
3855,72.53333333333333,72.53333333333333
3856,72.53333333333333,72.53333333333333
3857,72.53333333333333,72.53333333333333
3858,72.53333333333333,72.53333333333333
3859,72.53333333333333,72.53333333333333
3860,72.53333333333333,72.53333333333333
3861,72.53333333333333,72.53333333333333
3862,72.53333333333333,72.53333333333333
3863,72.53333333333333,72.53333333333333
3864,72.53333333333333,72.53333333333333
3865,72.53333333333333,72.53333333333333
3866,72.53333333333333,72.53333333333333
3867,72.53333333333333,72.53333333333333
3868,72.53333333333333,72.53333333333333
3869,72.53333333333333,72.53333333333333
3870,72.53333333333333,72.53333333333333
3871,72.53333333333333,72.53333333333333
3872,72.53333333333333,72.53333333333333
3873,72.53333333333333,72.53333333333333
3874,72.53333333333333,72.53333333333333
3875,72.53333333333333,72.53333333333333
3876,72.53333333333333,72.53333333333333
3877,72.53333333333333,72.53333333333333
3878,72.53333333333333,72.53333333333333
3879,72.53333333333333,72.53333333333333
3880,72.53333333333333,72.53333333333333
3881,72.53333333333333,72.53333333333333
3882,72.53333333333333,72.53333333333333
3883,72.53333333333333,72.53333333333333
3884,72.53333333333333,72.53333333333333
3885,72.53333333333333,72.53333333333333
3886,72.53333333333333,72.53333333333333
3887,72.53333333333333,72.53333333333333
3888,72.53333333333333,72.53333333333333
3889,72.53333333333333,72.53333333333333
3890,72.53333333333333,72.53333333333333
3891,72.53333333333333,72.53333333333333
3892,72.53333333333333,72.53333333333333
3893,72.53333333333333,72.53333333333333
3894,72.53333333333333,72.53333333333333
3895,72.53333333333333,72.53333333333333
3896,72.53333333333333,72.53333333333333
3897,72.53333333333333,72.53333333333333
3898,72.53333333333333,72.53333333333333
3899,72.53333333333333,72.53333333333333
3900,72.53333333333333,72.53333333333333
3901,72.53333333333333,72.53333333333333
3902,72.53333333333333,72.53333333333333
3903,72.53333333333333,72.53333333333333
3904,72.53333333333333,72.53333333333333
3905,72.53333333333333,72.53333333333333
3906,72.53333333333333,72.53333333333333
3907,72.53333333333333,72.53333333333333
3908,72.53333333333333,72.53333333333333
3909,72.53333333333333,72.53333333333333
3910,72.53333333333333,72.53333333333333
3911,72.53333333333333,72.53333333333333
3912,72.53333333333333,72.53333333333333
3913,72.53333333333333,72.53333333333333
3914,72.53333333333333,72.53333333333333
3915,72.53333333333333,72.53333333333333
3916,72.53333333333333,72.53333333333333
3917,72.53333333333333,72.53333333333333
3918,72.53333333333333,72.53333333333333
3919,72.53333333333333,72.53333333333333
3920,72.53333333333333,72.53333333333333
3921,72.53333333333333,72.53333333333333
3922,72.53333333333333,72.53333333333333
3923,72.53333333333333,72.53333333333333
3924,72.53333333333333,72.53333333333333
3925,72.53333333333333,72.53333333333333
3926,72.53333333333333,72.53333333333333
3927,72.53333333333333,72.53333333333333
3928,72.53333333333333,72.53333333333333
3929,72.53333333333333,72.53333333333333
3930,72.53333333333333,72.53333333333333
3931,72.53333333333333,72.53333333333333
3932,72.53333333333333,72.53333333333333
3933,72.53333333333333,72.53333333333333
3934,72.53333333333333,72.53333333333333
3935,72.53333333333333,72.53333333333333
3936,72.53333333333333,72.53333333333333
3937,72.53333333333333,72.53333333333333
3938,72.53333333333333,72.53333333333333
3939,72.53333333333333,72.53333333333333
3940,72.53333333333333,72.53333333333333
3941,72.53333333333333,72.53333333333333
3942,72.53333333333333,72.53333333333333
3943,72.53333333333333,72.53333333333333
3944,72.53333333333333,72.53333333333333
3945,72.53333333333333,72.53333333333333
3946,72.53333333333333,72.53333333333333
3947,72.53333333333333,72.53333333333333
3948,72.53333333333333,72.53333333333333
3949,72.53333333333333,72.53333333333333
3950,72.53333333333333,72.53333333333333
3951,72.53333333333333,72.53333333333333
3952,72.53333333333333,72.53333333333333
3953,72.53333333333333,72.53333333333333
3954,72.53333333333333,72.53333333333333
3955,72.53333333333333,72.53333333333333
3956,72.53333333333333,72.53333333333333
3957,72.53333333333333,72.53333333333333
3958,72.53333333333333,72.53333333333333
3959,72.53333333333333,72.53333333333333
3960,72.53333333333333,72.53333333333333
3961,72.53333333333333,72.53333333333333
3962,72.53333333333333,72.53333333333333
3963,72.53333333333333,72.53333333333333
3964,72.53333333333333,72.53333333333333
3965,72.53333333333333,72.53333333333333
3966,72.53333333333333,72.53333333333333
3967,72.53333333333333,72.53333333333333
3968,72.53333333333333,72.53333333333333
3969,72.53333333333333,72.53333333333333
3970,72.53333333333333,72.53333333333333
3971,72.53333333333333,72.53333333333333
3972,72.53333333333333,72.53333333333333
3973,72.53333333333333,72.53333333333333
3974,72.53333333333333,72.53333333333333
3975,72.53333333333333,72.53333333333333
3976,72.53333333333333,72.53333333333333
3977,72.53333333333333,72.53333333333333
3978,72.53333333333333,72.53333333333333
3979,72.53333333333333,72.53333333333333
3980,72.53333333333333,72.53333333333333
3981,72.53333333333333,72.53333333333333
3982,72.53333333333333,72.53333333333333
3983,72.53333333333333,72.53333333333333
3984,72.53333333333333,72.53333333333333
3985,72.53333333333333,72.53333333333333
3986,72.53333333333333,72.53333333333333
3987,72.53333333333333,72.53333333333333
3988,72.53333333333333,72.53333333333333
3989,72.53333333333333,72.53333333333333
3990,72.53333333333333,72.53333333333333
3991,72.53333333333333,72.53333333333333
3992,72.53333333333333,72.53333333333333
3993,72.53333333333333,72.53333333333333
3994,72.53333333333333,72.53333333333333
3995,72.53333333333333,72.53333333333333
3996,72.53333333333333,72.53333333333333
3997,72.53333333333333,72.53333333333333
3998,72.53333333333333,72.53333333333333
3999,72.53333333333333,72.53333333333333
4000,72.53333333333333,72.53333333333333
4001,72.53333333333333,72.53333333333333
4002,72.53333333333333,72.53333333333333
4003,72.53333333333333,72.53333333333333
4004,72.53333333333333,72.53333333333333
4005,72.53333333333333,72.53333333333333
4006,72.53333333333333,72.53333333333333
4007,72.53333333333333,72.53333333333333
4008,72.53333333333333,72.53333333333333
4009,72.53333333333333,72.53333333333333
4010,72.53333333333333,72.53333333333333
4011,72.53333333333333,72.53333333333333
4012,72.53333333333333,72.53333333333333
4013,72.53333333333333,72.53333333333333
4014,72.53333333333333,72.53333333333333
4015,72.53333333333333,72.53333333333333
4016,72.53333333333333,72.53333333333333
4017,72.53333333333333,72.53333333333333
4018,72.53333333333333,72.53333333333333
4019,72.53333333333333,72.53333333333333
4020,72.53333333333333,72.53333333333333
4021,72.53333333333333,72.53333333333333
4022,72.53333333333333,72.53333333333333
4023,72.53333333333333,72.53333333333333
4024,72.53333333333333,72.53333333333333
4025,72.53333333333333,72.53333333333333
4026,72.53333333333333,72.53333333333333
4027,72.53333333333333,72.53333333333333
4028,72.53333333333333,72.53333333333333
4029,72.53333333333333,72.53333333333333
4030,72.53333333333333,72.53333333333333
4031,72.53333333333333,72.53333333333333
4032,72.53333333333333,72.53333333333333
4033,72.53333333333333,72.53333333333333
4034,72.53333333333333,72.53333333333333
4035,72.53333333333333,72.53333333333333
4036,72.53333333333333,72.53333333333333
4037,72.53333333333333,72.53333333333333
4038,72.53333333333333,72.53333333333333
4039,72.53333333333333,72.53333333333333
4040,72.53333333333333,72.53333333333333
4041,72.53333333333333,72.53333333333333
4042,72.53333333333333,72.53333333333333
4043,72.53333333333333,72.53333333333333
4044,72.53333333333333,72.53333333333333
4045,72.53333333333333,72.53333333333333
4046,72.53333333333333,72.53333333333333
4047,72.53333333333333,72.53333333333333
4048,72.53333333333333,72.53333333333333
4049,72.53333333333333,72.53333333333333
4050,72.53333333333333,72.53333333333333
4051,72.53333333333333,72.53333333333333
4052,72.53333333333333,72.53333333333333
4053,72.53333333333333,72.53333333333333
4054,72.53333333333333,72.53333333333333
4055,72.53333333333333,72.53333333333333
4056,72.53333333333333,72.53333333333333
4057,72.53333333333333,72.53333333333333
4058,72.53333333333333,72.53333333333333
4059,72.53333333333333,72.53333333333333
4060,72.53333333333333,72.53333333333333
4061,72.53333333333333,72.53333333333333
4062,72.53333333333333,72.53333333333333
4063,72.53333333333333,72.53333333333333
4064,72.53333333333333,72.53333333333333
4065,72.53333333333333,72.53333333333333
4066,72.53333333333333,72.53333333333333
4067,72.53333333333333,72.53333333333333
4068,72.53333333333333,72.53333333333333
4069,72.53333333333333,72.53333333333333
4070,72.53333333333333,72.53333333333333
4071,72.53333333333333,72.53333333333333
4072,72.53333333333333,72.53333333333333
4073,72.53333333333333,72.53333333333333
4074,72.53333333333333,72.53333333333333
4075,72.53333333333333,72.53333333333333
4076,72.53333333333333,72.53333333333333
4077,72.53333333333333,72.53333333333333
4078,72.53333333333333,72.53333333333333
4079,72.53333333333333,72.53333333333333
4080,72.53333333333333,72.53333333333333
4081,72.53333333333333,72.53333333333333
4082,72.53333333333333,72.53333333333333
4083,72.53333333333333,72.53333333333333
4084,72.53333333333333,72.53333333333333
4085,72.53333333333333,72.53333333333333
4086,72.53333333333333,72.53333333333333
4087,72.53333333333333,72.53333333333333
4088,72.53333333333333,72.53333333333333
4089,72.53333333333333,72.53333333333333
4090,72.53333333333333,72.53333333333333
4091,72.53333333333333,72.53333333333333
4092,72.53333333333333,72.53333333333333
4093,72.53333333333333,72.53333333333333
4094,72.53333333333333,72.53333333333333
4095,72.53333333333333,72.53333333333333
4096,72.53333333333333,72.53333333333333
4097,72.53333333333333,72.53333333333333
4098,72.53333333333333,72.53333333333333
4099,72.53333333333333,72.53333333333333
4100,72.53333333333333,72.53333333333333
4101,72.53333333333333,72.53333333333333
4102,72.53333333333333,72.53333333333333
4103,72.53333333333333,72.53333333333333
4104,72.53333333333333,72.53333333333333
4105,72.53333333333333,72.53333333333333
4106,72.53333333333333,72.53333333333333
4107,72.53333333333333,72.53333333333333
4108,72.53333333333333,72.53333333333333
4109,72.53333333333333,72.53333333333333
4110,72.53333333333333,72.53333333333333
4111,72.53333333333333,72.53333333333333
4112,72.53333333333333,72.53333333333333
4113,72.53333333333333,72.53333333333333
4114,72.53333333333333,72.53333333333333
4115,72.53333333333333,72.53333333333333
4116,72.53333333333333,72.53333333333333
4117,72.53333333333333,72.53333333333333
4118,72.53333333333333,72.53333333333333
4119,72.53333333333333,72.53333333333333
4120,72.53333333333333,72.53333333333333
4121,72.53333333333333,72.53333333333333
4122,72.53333333333333,72.53333333333333
4123,72.53333333333333,72.53333333333333
4124,72.53333333333333,72.53333333333333
4125,72.53333333333333,72.53333333333333
4126,72.53333333333333,72.53333333333333
4127,72.53333333333333,72.53333333333333
4128,72.53333333333333,72.53333333333333
4129,72.53333333333333,72.53333333333333
4130,72.53333333333333,72.53333333333333
4131,72.53333333333333,72.53333333333333
4132,72.53333333333333,72.53333333333333
4133,72.53333333333333,72.53333333333333
4134,72.53333333333333,72.53333333333333
4135,72.53333333333333,72.53333333333333
4136,72.53333333333333,72.53333333333333
4137,72.53333333333333,72.53333333333333
4138,72.53333333333333,72.53333333333333
4139,72.53333333333333,72.53333333333333
4140,72.53333333333333,72.53333333333333
4141,72.53333333333333,72.53333333333333
4142,72.53333333333333,72.53333333333333
4143,72.53333333333333,72.53333333333333
4144,72.53333333333333,72.53333333333333
4145,72.53333333333333,72.53333333333333
4146,72.53333333333333,72.53333333333333
4147,72.53333333333333,72.53333333333333
4148,72.53333333333333,72.53333333333333
4149,72.53333333333333,72.53333333333333
4150,72.53333333333333,72.53333333333333
4151,72.53333333333333,72.53333333333333
4152,72.53333333333333,72.53333333333333
4153,72.53333333333333,72.53333333333333
4154,72.53333333333333,72.53333333333333
4155,72.53333333333333,72.53333333333333
4156,72.53333333333333,72.53333333333333
4157,72.53333333333333,72.53333333333333
4158,72.53333333333333,72.53333333333333
4159,72.53333333333333,72.53333333333333
4160,72.53333333333333,72.53333333333333
4161,72.53333333333333,72.53333333333333
4162,72.53333333333333,72.53333333333333
4163,72.53333333333333,72.53333333333333
4164,72.53333333333333,72.53333333333333
4165,72.53333333333333,72.53333333333333
4166,72.53333333333333,72.53333333333333
4167,72.53333333333333,72.53333333333333
4168,72.53333333333333,72.53333333333333
4169,72.53333333333333,72.53333333333333
4170,72.53333333333333,72.53333333333333
4171,72.53333333333333,72.53333333333333
4172,72.53333333333333,72.53333333333333
4173,72.53333333333333,72.53333333333333
4174,72.53333333333333,72.53333333333333
4175,72.53333333333333,72.53333333333333
4176,72.53333333333333,72.53333333333333
4177,72.53333333333333,72.53333333333333
4178,72.53333333333333,72.53333333333333
4179,72.53333333333333,72.53333333333333
4180,72.53333333333333,72.53333333333333
4181,72.53333333333333,72.53333333333333
4182,72.53333333333333,72.53333333333333
4183,72.53333333333333,72.53333333333333
4184,72.53333333333333,72.53333333333333
4185,72.53333333333333,72.53333333333333
4186,72.53333333333333,72.53333333333333
4187,72.53333333333333,72.53333333333333
4188,72.53333333333333,72.53333333333333
4189,72.53333333333333,72.53333333333333
4190,72.53333333333333,72.53333333333333
4191,72.53333333333333,72.53333333333333
4192,72.53333333333333,72.53333333333333
4193,72.53333333333333,72.53333333333333
4194,72.53333333333333,72.53333333333333
4195,72.53333333333333,72.53333333333333
4196,72.53333333333333,72.53333333333333
4197,72.53333333333333,72.53333333333333
4198,72.53333333333333,72.53333333333333
4199,72.53333333333333,72.53333333333333
4200,72.53333333333333,72.53333333333333
4201,72.53333333333333,72.53333333333333
4202,72.53333333333333,72.53333333333333
4203,72.53333333333333,72.53333333333333
4204,72.53333333333333,72.53333333333333
4205,72.53333333333333,72.53333333333333
4206,72.53333333333333,72.53333333333333
4207,72.53333333333333,72.53333333333333
4208,72.53333333333333,72.53333333333333
4209,72.53333333333333,72.53333333333333
4210,72.53333333333333,72.53333333333333
4211,72.53333333333333,72.53333333333333
4212,72.53333333333333,72.53333333333333
4213,72.53333333333333,72.53333333333333
4214,72.53333333333333,72.53333333333333
4215,72.53333333333333,72.53333333333333
4216,72.53333333333333,72.53333333333333
4217,72.53333333333333,72.53333333333333
4218,72.53333333333333,72.53333333333333
4219,72.53333333333333,72.53333333333333
4220,72.53333333333333,72.53333333333333
4221,72.53333333333333,72.53333333333333
4222,72.53333333333333,72.53333333333333
4223,72.53333333333333,72.53333333333333
4224,72.53333333333333,72.53333333333333
4225,72.53333333333333,72.53333333333333
4226,72.53333333333333,72.53333333333333
4227,72.53333333333333,72.53333333333333
4228,72.53333333333333,72.53333333333333
4229,72.53333333333333,72.53333333333333
4230,72.53333333333333,72.53333333333333
4231,72.53333333333333,72.53333333333333
4232,72.53333333333333,72.53333333333333
4233,72.53333333333333,72.53333333333333
4234,72.53333333333333,72.53333333333333
4235,72.53333333333333,72.53333333333333
4236,72.53333333333333,72.53333333333333
4237,72.53333333333333,72.53333333333333
4238,72.53333333333333,72.53333333333333
4239,72.53333333333333,72.53333333333333
4240,72.53333333333333,72.53333333333333
4241,72.53333333333333,72.53333333333333
4242,72.53333333333333,72.53333333333333
4243,72.53333333333333,72.53333333333333
4244,72.53333333333333,72.53333333333333
4245,72.53333333333333,72.53333333333333
4246,72.53333333333333,72.53333333333333
4247,72.53333333333333,72.53333333333333
4248,72.53333333333333,72.53333333333333
4249,72.53333333333333,72.53333333333333
4250,72.53333333333333,72.53333333333333
4251,72.53333333333333,72.53333333333333
4252,72.53333333333333,72.53333333333333
4253,72.53333333333333,72.53333333333333
4254,72.53333333333333,72.53333333333333
4255,72.53333333333333,72.53333333333333
4256,72.53333333333333,72.53333333333333
4257,72.53333333333333,72.53333333333333
4258,72.53333333333333,72.53333333333333
4259,72.53333333333333,72.53333333333333
4260,72.53333333333333,72.53333333333333
4261,72.53333333333333,72.53333333333333
4262,72.53333333333333,72.53333333333333
4263,72.53333333333333,72.53333333333333
4264,72.53333333333333,72.53333333333333
4265,72.53333333333333,72.53333333333333
4266,72.53333333333333,72.53333333333333
4267,72.53333333333333,72.53333333333333
4268,72.53333333333333,72.53333333333333
4269,72.53333333333333,72.53333333333333
4270,72.53333333333333,72.53333333333333
4271,72.53333333333333,72.53333333333333
4272,72.53333333333333,72.53333333333333
4273,72.53333333333333,72.53333333333333
4274,72.53333333333333,72.53333333333333
4275,72.53333333333333,72.53333333333333
4276,72.53333333333333,72.53333333333333
4277,72.53333333333333,72.53333333333333
4278,72.53333333333333,72.53333333333333
4279,72.53333333333333,72.53333333333333
4280,72.53333333333333,72.53333333333333
4281,72.53333333333333,72.53333333333333
4282,72.53333333333333,72.53333333333333
4283,72.53333333333333,72.53333333333333
4284,72.53333333333333,72.53333333333333
4285,72.53333333333333,72.53333333333333
4286,72.53333333333333,72.53333333333333
4287,72.53333333333333,72.53333333333333
4288,72.53333333333333,72.53333333333333
4289,72.53333333333333,72.53333333333333
4290,72.53333333333333,72.53333333333333
4291,72.53333333333333,72.53333333333333
4292,72.53333333333333,72.53333333333333
4293,72.53333333333333,72.53333333333333
4294,72.53333333333333,72.53333333333333
4295,72.53333333333333,72.53333333333333
4296,72.53333333333333,72.53333333333333
4297,72.53333333333333,72.53333333333333
4298,72.53333333333333,72.53333333333333
4299,72.53333333333333,72.53333333333333
4300,72.53333333333333,72.53333333333333
4301,72.53333333333333,72.53333333333333
4302,72.53333333333333,72.53333333333333
4303,72.53333333333333,72.53333333333333
4304,72.53333333333333,72.53333333333333
4305,72.53333333333333,72.53333333333333
4306,72.53333333333333,72.53333333333333
4307,72.53333333333333,72.53333333333333
4308,72.53333333333333,72.53333333333333
4309,72.53333333333333,72.53333333333333
4310,72.53333333333333,72.53333333333333
4311,72.53333333333333,72.53333333333333
4312,72.53333333333333,72.53333333333333
4313,72.53333333333333,72.53333333333333
4314,72.53333333333333,72.53333333333333
4315,72.53333333333333,72.53333333333333
4316,72.53333333333333,72.53333333333333
4317,72.53333333333333,72.53333333333333
4318,72.53333333333333,72.53333333333333
4319,72.53333333333333,72.53333333333333
4320,72.53333333333333,72.53333333333333
4321,72.53333333333333,72.53333333333333
4322,72.53333333333333,72.53333333333333
4323,72.53333333333333,72.53333333333333
4324,72.53333333333333,72.53333333333333
4325,72.53333333333333,72.53333333333333
4326,72.53333333333333,72.53333333333333
4327,72.53333333333333,72.53333333333333
4328,72.53333333333333,72.53333333333333
4329,72.53333333333333,72.53333333333333
4330,72.53333333333333,72.53333333333333
4331,72.53333333333333,72.53333333333333
4332,72.53333333333333,72.53333333333333
4333,72.53333333333333,72.53333333333333
4334,72.53333333333333,72.53333333333333
4335,72.53333333333333,72.53333333333333
4336,72.53333333333333,72.53333333333333
4337,72.53333333333333,72.53333333333333
4338,72.53333333333333,72.53333333333333
4339,72.53333333333333,72.53333333333333
4340,72.53333333333333,72.53333333333333
4341,72.53333333333333,72.53333333333333
4342,72.53333333333333,72.53333333333333
4343,72.53333333333333,72.53333333333333
4344,72.53333333333333,72.53333333333333
4345,72.53333333333333,72.53333333333333
4346,72.53333333333333,72.53333333333333
4347,72.53333333333333,72.53333333333333
4348,72.53333333333333,72.53333333333333
4349,72.53333333333333,72.53333333333333
4350,72.53333333333333,72.53333333333333
4351,72.53333333333333,72.53333333333333
4352,72.53333333333333,72.53333333333333
4353,72.53333333333333,72.53333333333333
4354,72.53333333333333,72.53333333333333
4355,72.53333333333333,72.53333333333333
4356,72.53333333333333,72.53333333333333
4357,72.53333333333333,72.53333333333333
4358,72.53333333333333,72.53333333333333
4359,72.53333333333333,72.53333333333333
4360,72.53333333333333,72.53333333333333
4361,72.53333333333333,72.53333333333333
4362,72.53333333333333,72.53333333333333
4363,72.53333333333333,72.53333333333333
4364,72.53333333333333,72.53333333333333
4365,72.53333333333333,72.53333333333333
4366,72.53333333333333,72.53333333333333
4367,72.53333333333333,72.53333333333333
4368,72.53333333333333,72.53333333333333
4369,72.53333333333333,72.53333333333333
4370,72.53333333333333,72.53333333333333
4371,72.53333333333333,72.53333333333333
4372,72.53333333333333,72.53333333333333
4373,72.53333333333333,72.53333333333333
4374,72.53333333333333,72.53333333333333
4375,72.53333333333333,72.53333333333333
4376,72.53333333333333,72.53333333333333
4377,72.53333333333333,72.53333333333333
4378,72.53333333333333,72.53333333333333
4379,72.53333333333333,72.53333333333333
4380,72.53333333333333,72.53333333333333
4381,72.53333333333333,72.53333333333333
4382,72.53333333333333,72.53333333333333
4383,72.53333333333333,72.53333333333333
4384,72.53333333333333,72.53333333333333
4385,72.53333333333333,72.53333333333333
4386,72.53333333333333,72.53333333333333
4387,72.53333333333333,72.53333333333333
4388,72.53333333333333,72.53333333333333
4389,72.53333333333333,72.53333333333333
4390,72.53333333333333,72.53333333333333
4391,72.53333333333333,72.53333333333333
4392,72.53333333333333,72.53333333333333
4393,72.53333333333333,72.53333333333333
4394,72.53333333333333,72.53333333333333
4395,72.53333333333333,72.53333333333333
4396,72.53333333333333,72.53333333333333
4397,72.53333333333333,72.53333333333333
4398,72.53333333333333,72.53333333333333
4399,72.53333333333333,72.53333333333333
4400,72.53333333333333,72.53333333333333
4401,72.53333333333333,72.53333333333333
4402,72.53333333333333,72.53333333333333
4403,72.53333333333333,72.53333333333333
4404,72.53333333333333,72.53333333333333
4405,72.53333333333333,72.53333333333333
4406,72.53333333333333,72.53333333333333
4407,72.53333333333333,72.53333333333333
4408,72.53333333333333,72.53333333333333
4409,72.53333333333333,72.53333333333333
4410,72.53333333333333,72.53333333333333
4411,72.53333333333333,72.53333333333333
4412,72.53333333333333,72.53333333333333
4413,72.53333333333333,72.53333333333333
4414,72.53333333333333,72.53333333333333
4415,72.53333333333333,72.53333333333333
4416,72.53333333333333,72.53333333333333
4417,72.53333333333333,72.53333333333333
4418,72.53333333333333,72.53333333333333
4419,72.53333333333333,72.53333333333333
4420,72.53333333333333,72.53333333333333
4421,72.53333333333333,72.53333333333333
4422,72.53333333333333,72.53333333333333
4423,72.53333333333333,72.53333333333333
4424,72.53333333333333,72.53333333333333
4425,72.53333333333333,72.53333333333333
4426,72.53333333333333,72.53333333333333
4427,72.53333333333333,72.53333333333333
4428,72.53333333333333,72.53333333333333
4429,72.53333333333333,72.53333333333333
4430,72.53333333333333,72.53333333333333
4431,72.53333333333333,72.53333333333333
4432,72.53333333333333,72.53333333333333
4433,72.53333333333333,72.53333333333333
4434,72.53333333333333,72.53333333333333
4435,72.53333333333333,72.53333333333333
4436,72.53333333333333,72.53333333333333
4437,72.53333333333333,72.53333333333333
4438,72.53333333333333,72.53333333333333
4439,72.53333333333333,72.53333333333333
4440,72.53333333333333,72.53333333333333
4441,72.53333333333333,72.53333333333333
4442,72.53333333333333,72.53333333333333
4443,72.53333333333333,72.53333333333333
4444,72.53333333333333,72.53333333333333
4445,72.53333333333333,72.53333333333333
4446,72.53333333333333,72.53333333333333
4447,72.53333333333333,72.53333333333333
4448,72.53333333333333,72.53333333333333
4449,72.53333333333333,72.53333333333333
4450,72.53333333333333,72.53333333333333
4451,72.53333333333333,72.53333333333333
4452,72.53333333333333,72.53333333333333
4453,72.53333333333333,72.53333333333333
4454,72.53333333333333,72.53333333333333
4455,72.53333333333333,72.53333333333333
4456,72.53333333333333,72.53333333333333
4457,72.53333333333333,72.53333333333333
4458,72.53333333333333,72.53333333333333
4459,72.53333333333333,72.53333333333333
4460,72.53333333333333,72.53333333333333
4461,72.53333333333333,72.53333333333333
4462,72.53333333333333,72.53333333333333
4463,72.53333333333333,72.53333333333333
4464,72.53333333333333,72.53333333333333
4465,72.53333333333333,72.53333333333333
4466,72.53333333333333,72.53333333333333
4467,72.53333333333333,72.53333333333333
4468,72.53333333333333,72.53333333333333
4469,72.53333333333333,72.53333333333333
4470,72.53333333333333,72.53333333333333
4471,72.53333333333333,72.53333333333333
4472,72.53333333333333,72.53333333333333
4473,72.53333333333333,72.53333333333333
4474,72.53333333333333,72.53333333333333
4475,72.53333333333333,72.53333333333333
4476,72.53333333333333,72.53333333333333
4477,72.53333333333333,72.53333333333333
4478,72.53333333333333,72.53333333333333
4479,72.53333333333333,72.53333333333333
4480,72.53333333333333,72.53333333333333
4481,72.53333333333333,72.53333333333333
4482,72.53333333333333,72.53333333333333
4483,72.53333333333333,72.53333333333333
4484,72.53333333333333,72.53333333333333
4485,72.53333333333333,72.53333333333333
4486,72.53333333333333,72.53333333333333
4487,72.53333333333333,72.53333333333333
4488,72.53333333333333,72.53333333333333
4489,72.53333333333333,72.53333333333333
4490,72.53333333333333,72.53333333333333
4491,72.53333333333333,72.53333333333333
4492,72.53333333333333,72.53333333333333
4493,72.53333333333333,72.53333333333333
4494,72.53333333333333,72.53333333333333
4495,72.53333333333333,72.53333333333333
4496,72.53333333333333,72.53333333333333
4497,72.53333333333333,72.53333333333333
4498,72.53333333333333,72.53333333333333
4499,72.53333333333333,72.53333333333333
4500,72.53333333333333,72.53333333333333
4501,72.53333333333333,72.53333333333333
4502,72.53333333333333,72.53333333333333
4503,72.53333333333333,72.53333333333333
4504,72.53333333333333,72.53333333333333
4505,72.53333333333333,72.53333333333333
4506,72.53333333333333,72.53333333333333
4507,72.53333333333333,72.53333333333333
4508,72.53333333333333,72.53333333333333
4509,72.53333333333333,72.53333333333333
4510,72.53333333333333,72.53333333333333
4511,72.53333333333333,72.53333333333333
4512,72.53333333333333,72.53333333333333
4513,72.53333333333333,72.53333333333333
4514,72.53333333333333,72.53333333333333
4515,72.53333333333333,72.53333333333333
4516,72.53333333333333,72.53333333333333
4517,72.53333333333333,72.53333333333333
4518,72.53333333333333,72.53333333333333
4519,72.53333333333333,72.53333333333333
4520,72.53333333333333,72.53333333333333
4521,72.53333333333333,72.53333333333333
4522,72.53333333333333,72.53333333333333
4523,72.53333333333333,72.53333333333333
4524,72.53333333333333,72.53333333333333
4525,72.53333333333333,72.53333333333333
4526,72.53333333333333,72.53333333333333
4527,72.53333333333333,72.53333333333333
4528,72.53333333333333,72.53333333333333
4529,72.53333333333333,72.53333333333333
4530,72.53333333333333,72.53333333333333
4531,72.53333333333333,72.53333333333333
4532,72.53333333333333,72.53333333333333
4533,72.53333333333333,72.53333333333333
4534,72.53333333333333,72.53333333333333
4535,72.53333333333333,72.53333333333333
4536,72.53333333333333,72.53333333333333
4537,72.53333333333333,72.53333333333333
4538,72.53333333333333,72.53333333333333
4539,72.53333333333333,72.53333333333333
4540,72.53333333333333,72.53333333333333
4541,72.53333333333333,72.53333333333333
4542,72.53333333333333,72.53333333333333
4543,72.53333333333333,72.53333333333333
4544,72.53333333333333,72.53333333333333
4545,72.53333333333333,72.53333333333333
4546,72.53333333333333,72.53333333333333
4547,72.53333333333333,72.53333333333333
4548,72.53333333333333,72.53333333333333
4549,72.53333333333333,72.53333333333333
4550,72.53333333333333,72.53333333333333
4551,72.53333333333333,72.53333333333333
4552,72.53333333333333,72.53333333333333
4553,72.53333333333333,72.53333333333333
4554,72.53333333333333,72.53333333333333
4555,72.53333333333333,72.53333333333333
4556,72.53333333333333,72.53333333333333
4557,72.53333333333333,72.53333333333333
4558,72.53333333333333,72.53333333333333
4559,72.53333333333333,72.53333333333333
4560,72.53333333333333,72.53333333333333
4561,72.53333333333333,72.53333333333333
4562,72.53333333333333,72.53333333333333
4563,72.53333333333333,72.53333333333333
4564,72.53333333333333,72.53333333333333
4565,72.53333333333333,72.53333333333333
4566,72.53333333333333,72.53333333333333
4567,72.53333333333333,72.53333333333333
4568,72.53333333333333,72.53333333333333
4569,72.53333333333333,72.53333333333333
4570,72.53333333333333,72.53333333333333
4571,72.53333333333333,72.53333333333333
4572,72.53333333333333,72.53333333333333
4573,72.53333333333333,72.53333333333333
4574,72.53333333333333,72.53333333333333
4575,72.53333333333333,72.53333333333333
4576,72.53333333333333,72.53333333333333
4577,72.53333333333333,72.53333333333333
4578,72.53333333333333,72.53333333333333
4579,72.53333333333333,72.53333333333333
4580,72.53333333333333,72.53333333333333
4581,72.53333333333333,72.53333333333333
4582,72.53333333333333,72.53333333333333
4583,72.53333333333333,72.53333333333333
4584,72.53333333333333,72.53333333333333
4585,72.53333333333333,72.53333333333333
4586,72.53333333333333,72.53333333333333
4587,72.53333333333333,72.53333333333333
4588,72.53333333333333,72.53333333333333
4589,72.53333333333333,72.53333333333333
4590,72.53333333333333,72.53333333333333
4591,72.53333333333333,72.53333333333333
4592,72.53333333333333,72.53333333333333
4593,72.53333333333333,72.53333333333333
4594,72.53333333333333,72.53333333333333
4595,72.53333333333333,72.53333333333333
4596,72.53333333333333,72.53333333333333
4597,72.53333333333333,72.53333333333333
4598,72.53333333333333,72.53333333333333
4599,72.53333333333333,72.53333333333333
4600,72.53333333333333,72.53333333333333
4601,72.53333333333333,72.53333333333333
4602,72.53333333333333,72.53333333333333
4603,72.53333333333333,72.53333333333333
4604,72.53333333333333,72.53333333333333
4605,72.53333333333333,72.53333333333333
4606,72.53333333333333,72.53333333333333
4607,72.53333333333333,72.53333333333333
4608,72.53333333333333,72.53333333333333
4609,72.53333333333333,72.53333333333333
4610,72.53333333333333,72.53333333333333
4611,72.53333333333333,72.53333333333333
4612,72.53333333333333,72.53333333333333
4613,72.53333333333333,72.53333333333333
4614,72.53333333333333,72.53333333333333
4615,72.53333333333333,72.53333333333333
4616,72.53333333333333,72.53333333333333
4617,72.53333333333333,72.53333333333333
4618,72.53333333333333,72.53333333333333
4619,72.53333333333333,72.53333333333333
4620,72.53333333333333,72.53333333333333
4621,72.53333333333333,72.53333333333333
4622,72.53333333333333,72.53333333333333
4623,72.53333333333333,72.53333333333333
4624,72.53333333333333,72.53333333333333
4625,72.53333333333333,72.53333333333333
4626,72.53333333333333,72.53333333333333
4627,72.53333333333333,72.53333333333333
4628,72.53333333333333,72.53333333333333
4629,72.53333333333333,72.53333333333333
4630,72.53333333333333,72.53333333333333
4631,72.53333333333333,72.53333333333333
4632,72.53333333333333,72.53333333333333
4633,72.53333333333333,72.53333333333333
4634,72.53333333333333,72.53333333333333
4635,72.53333333333333,72.53333333333333
4636,72.53333333333333,72.53333333333333
4637,72.53333333333333,72.53333333333333
4638,72.53333333333333,72.53333333333333
4639,72.53333333333333,72.53333333333333
4640,72.53333333333333,72.53333333333333
4641,72.53333333333333,72.53333333333333
4642,72.53333333333333,72.53333333333333
4643,72.53333333333333,72.53333333333333
4644,72.53333333333333,72.53333333333333
4645,72.53333333333333,72.53333333333333
4646,72.53333333333333,72.53333333333333
4647,72.53333333333333,72.53333333333333
4648,72.53333333333333,72.53333333333333
4649,72.53333333333333,72.53333333333333
4650,72.53333333333333,72.53333333333333
4651,72.53333333333333,72.53333333333333
4652,72.53333333333333,72.53333333333333
4653,72.53333333333333,72.53333333333333
4654,72.53333333333333,72.53333333333333
4655,72.53333333333333,72.53333333333333
4656,72.53333333333333,72.53333333333333
4657,72.53333333333333,72.53333333333333
4658,72.53333333333333,72.53333333333333
4659,72.53333333333333,72.53333333333333
4660,72.53333333333333,72.53333333333333
4661,72.53333333333333,72.53333333333333
4662,72.53333333333333,72.53333333333333
4663,72.53333333333333,72.53333333333333
4664,72.53333333333333,72.53333333333333
4665,72.53333333333333,72.53333333333333
4666,72.53333333333333,72.53333333333333
4667,72.53333333333333,72.53333333333333
4668,72.53333333333333,72.53333333333333
4669,72.53333333333333,72.53333333333333
4670,72.53333333333333,72.53333333333333
4671,72.53333333333333,72.53333333333333
4672,72.53333333333333,72.53333333333333
4673,72.53333333333333,72.53333333333333
4674,72.53333333333333,72.53333333333333
4675,72.53333333333333,72.53333333333333
4676,72.53333333333333,72.53333333333333
4677,72.53333333333333,72.53333333333333
4678,72.53333333333333,72.53333333333333
4679,72.53333333333333,72.53333333333333
4680,72.53333333333333,72.53333333333333
4681,72.53333333333333,72.53333333333333
4682,72.53333333333333,72.53333333333333
4683,72.53333333333333,72.53333333333333
4684,72.53333333333333,72.53333333333333
4685,72.53333333333333,72.53333333333333
4686,72.53333333333333,72.53333333333333
4687,72.53333333333333,72.53333333333333
4688,72.53333333333333,72.53333333333333
4689,72.53333333333333,72.53333333333333
4690,72.53333333333333,72.53333333333333
4691,72.53333333333333,72.53333333333333
4692,72.53333333333333,72.53333333333333
4693,72.53333333333333,72.53333333333333
4694,72.53333333333333,72.53333333333333
4695,72.53333333333333,72.53333333333333
4696,72.53333333333333,72.53333333333333
4697,72.53333333333333,72.53333333333333
4698,72.53333333333333,72.53333333333333
4699,72.53333333333333,72.53333333333333
4700,72.53333333333333,72.53333333333333
4701,72.53333333333333,72.53333333333333
4702,72.53333333333333,72.53333333333333
4703,72.53333333333333,72.53333333333333
4704,72.53333333333333,72.53333333333333
4705,72.53333333333333,72.53333333333333
4706,72.53333333333333,72.53333333333333
4707,72.53333333333333,72.53333333333333
4708,72.53333333333333,72.53333333333333
4709,72.53333333333333,72.53333333333333
4710,72.53333333333333,72.53333333333333
4711,72.53333333333333,72.53333333333333
4712,72.53333333333333,72.53333333333333
4713,72.53333333333333,72.53333333333333
4714,72.53333333333333,72.53333333333333
4715,72.53333333333333,72.53333333333333
4716,72.53333333333333,72.53333333333333
4717,72.53333333333333,72.53333333333333
4718,72.53333333333333,72.53333333333333
4719,72.53333333333333,72.53333333333333
4720,72.53333333333333,72.53333333333333
4721,72.53333333333333,72.53333333333333
4722,72.53333333333333,72.53333333333333
4723,72.53333333333333,72.53333333333333
4724,72.53333333333333,72.53333333333333
4725,72.53333333333333,72.53333333333333
4726,72.53333333333333,72.53333333333333
4727,72.53333333333333,72.53333333333333
4728,72.53333333333333,72.53333333333333
4729,72.53333333333333,72.53333333333333
4730,72.53333333333333,72.53333333333333
4731,72.53333333333333,72.53333333333333
4732,72.53333333333333,72.53333333333333
4733,72.53333333333333,72.53333333333333
4734,72.53333333333333,72.53333333333333
4735,72.53333333333333,72.53333333333333
4736,72.53333333333333,72.53333333333333
4737,72.53333333333333,72.53333333333333
4738,72.53333333333333,72.53333333333333
4739,72.53333333333333,72.53333333333333
4740,72.53333333333333,72.53333333333333
4741,72.53333333333333,72.53333333333333
4742,72.53333333333333,72.53333333333333
4743,72.53333333333333,72.53333333333333
4744,72.53333333333333,72.53333333333333
4745,72.53333333333333,72.53333333333333
4746,72.53333333333333,72.53333333333333
4747,72.53333333333333,72.53333333333333
4748,72.53333333333333,72.53333333333333
4749,72.53333333333333,72.53333333333333
4750,72.53333333333333,72.53333333333333
4751,72.53333333333333,72.53333333333333
4752,72.53333333333333,72.53333333333333
4753,72.53333333333333,72.53333333333333
4754,72.53333333333333,72.53333333333333
4755,72.53333333333333,72.53333333333333
4756,72.53333333333333,72.53333333333333
4757,72.53333333333333,72.53333333333333
4758,72.53333333333333,72.53333333333333
4759,72.53333333333333,72.53333333333333
4760,72.53333333333333,72.53333333333333
4761,72.53333333333333,72.53333333333333
4762,72.53333333333333,72.53333333333333
4763,72.53333333333333,72.53333333333333
4764,72.53333333333333,72.53333333333333
4765,72.53333333333333,72.53333333333333
4766,72.53333333333333,72.53333333333333
4767,72.53333333333333,72.53333333333333
4768,72.53333333333333,72.53333333333333
4769,72.53333333333333,72.53333333333333
4770,72.53333333333333,72.53333333333333
4771,72.53333333333333,72.53333333333333
4772,72.53333333333333,72.53333333333333
4773,72.53333333333333,72.53333333333333
4774,72.53333333333333,72.53333333333333
4775,72.53333333333333,72.53333333333333
4776,72.53333333333333,72.53333333333333
4777,72.53333333333333,72.53333333333333
4778,72.53333333333333,72.53333333333333
4779,72.53333333333333,72.53333333333333
4780,72.53333333333333,72.53333333333333
4781,72.53333333333333,72.53333333333333
4782,72.53333333333333,72.53333333333333
4783,72.53333333333333,72.53333333333333
4784,72.53333333333333,72.53333333333333
4785,72.53333333333333,72.53333333333333
4786,72.53333333333333,72.53333333333333
4787,72.53333333333333,72.53333333333333
4788,72.53333333333333,72.53333333333333
4789,72.53333333333333,72.53333333333333
4790,72.53333333333333,72.53333333333333
4791,72.53333333333333,72.53333333333333
4792,72.53333333333333,72.53333333333333
4793,72.53333333333333,72.53333333333333
4794,72.53333333333333,72.53333333333333
4795,72.53333333333333,72.53333333333333
4796,72.53333333333333,72.53333333333333
4797,72.53333333333333,72.53333333333333
4798,72.53333333333333,72.53333333333333
4799,72.53333333333333,72.53333333333333
4800,72.53333333333333,72.53333333333333
4801,72.53333333333333,72.53333333333333
4802,72.53333333333333,72.53333333333333
4803,72.53333333333333,72.53333333333333
4804,72.53333333333333,72.53333333333333
4805,72.53333333333333,72.53333333333333
4806,72.53333333333333,72.53333333333333
4807,72.53333333333333,72.53333333333333
4808,72.53333333333333,72.53333333333333
4809,72.53333333333333,72.53333333333333
4810,72.53333333333333,72.53333333333333
4811,72.53333333333333,72.53333333333333
4812,72.53333333333333,72.53333333333333
4813,72.53333333333333,72.53333333333333
4814,72.53333333333333,72.53333333333333
4815,72.53333333333333,72.53333333333333
4816,72.53333333333333,72.53333333333333
4817,72.53333333333333,72.53333333333333
4818,72.53333333333333,72.53333333333333
4819,72.53333333333333,72.53333333333333
4820,72.53333333333333,72.53333333333333
4821,72.53333333333333,72.53333333333333
4822,72.53333333333333,72.53333333333333
4823,72.53333333333333,72.53333333333333
4824,72.53333333333333,72.53333333333333
4825,72.53333333333333,72.53333333333333
4826,72.53333333333333,72.53333333333333
4827,72.53333333333333,72.53333333333333
4828,72.53333333333333,72.53333333333333
4829,72.53333333333333,72.53333333333333
4830,72.53333333333333,72.53333333333333
4831,72.53333333333333,72.53333333333333
4832,72.53333333333333,72.53333333333333
4833,72.53333333333333,72.53333333333333
4834,72.53333333333333,72.53333333333333
4835,72.53333333333333,72.53333333333333
4836,72.53333333333333,72.53333333333333
4837,72.53333333333333,72.53333333333333
4838,72.53333333333333,72.53333333333333
4839,72.53333333333333,72.53333333333333
4840,72.53333333333333,72.53333333333333
4841,72.53333333333333,72.53333333333333
4842,72.53333333333333,72.53333333333333
4843,72.53333333333333,72.53333333333333
4844,72.53333333333333,72.53333333333333
4845,72.53333333333333,72.53333333333333
4846,72.53333333333333,72.53333333333333
4847,72.53333333333333,72.53333333333333
4848,72.53333333333333,72.53333333333333
4849,72.53333333333333,72.53333333333333
4850,72.53333333333333,72.53333333333333
4851,72.53333333333333,72.53333333333333
4852,72.53333333333333,72.53333333333333
4853,72.53333333333333,72.53333333333333
4854,72.53333333333333,72.53333333333333
4855,72.53333333333333,72.53333333333333
4856,72.53333333333333,72.53333333333333
4857,72.53333333333333,72.53333333333333
4858,72.53333333333333,72.53333333333333
4859,72.53333333333333,72.53333333333333
4860,72.53333333333333,72.53333333333333
4861,72.53333333333333,72.53333333333333
4862,72.53333333333333,72.53333333333333
4863,72.53333333333333,72.53333333333333
4864,72.53333333333333,72.53333333333333
4865,72.53333333333333,72.53333333333333
4866,72.53333333333333,72.53333333333333
4867,72.53333333333333,72.53333333333333
4868,72.53333333333333,72.53333333333333
4869,72.53333333333333,72.53333333333333
4870,72.53333333333333,72.53333333333333
4871,72.53333333333333,72.53333333333333
4872,72.53333333333333,72.53333333333333
4873,72.53333333333333,72.53333333333333
4874,72.53333333333333,72.53333333333333
4875,72.53333333333333,72.53333333333333
4876,72.53333333333333,72.53333333333333
4877,72.53333333333333,72.53333333333333
4878,72.53333333333333,72.53333333333333
4879,72.53333333333333,72.53333333333333
4880,72.53333333333333,72.53333333333333
4881,72.53333333333333,72.53333333333333
4882,72.53333333333333,72.53333333333333
4883,72.53333333333333,72.53333333333333
4884,72.53333333333333,72.53333333333333
4885,72.53333333333333,72.53333333333333
4886,72.53333333333333,72.53333333333333
4887,72.53333333333333,72.53333333333333
4888,72.53333333333333,72.53333333333333
4889,72.53333333333333,72.53333333333333
4890,72.53333333333333,72.53333333333333
4891,72.53333333333333,72.53333333333333
4892,72.53333333333333,72.53333333333333
4893,72.53333333333333,72.53333333333333
4894,72.53333333333333,72.53333333333333
4895,72.53333333333333,72.53333333333333
4896,72.53333333333333,72.53333333333333
4897,72.53333333333333,72.53333333333333
4898,72.53333333333333,72.53333333333333
4899,72.53333333333333,72.53333333333333
4900,72.53333333333333,72.53333333333333
4901,72.53333333333333,72.53333333333333
4902,72.53333333333333,72.53333333333333
4903,72.53333333333333,72.53333333333333
4904,72.53333333333333,72.53333333333333
4905,72.53333333333333,72.53333333333333
4906,72.53333333333333,72.53333333333333
4907,72.53333333333333,72.53333333333333
4908,72.53333333333333,72.53333333333333
4909,72.53333333333333,72.53333333333333
4910,72.53333333333333,72.53333333333333
4911,72.53333333333333,72.53333333333333
4912,72.53333333333333,72.53333333333333
4913,72.53333333333333,72.53333333333333
4914,72.53333333333333,72.53333333333333
4915,72.53333333333333,72.53333333333333
4916,72.53333333333333,72.53333333333333
4917,72.53333333333333,72.53333333333333
4918,72.53333333333333,72.53333333333333
4919,72.53333333333333,72.53333333333333
4920,72.53333333333333,72.53333333333333
4921,72.53333333333333,72.53333333333333
4922,72.53333333333333,72.53333333333333
4923,72.53333333333333,72.53333333333333
4924,72.53333333333333,72.53333333333333
4925,72.53333333333333,72.53333333333333
4926,72.53333333333333,72.53333333333333
4927,72.53333333333333,72.53333333333333
4928,72.53333333333333,72.53333333333333
4929,72.53333333333333,72.53333333333333
4930,72.53333333333333,72.53333333333333
4931,72.53333333333333,72.53333333333333
4932,72.53333333333333,72.53333333333333
4933,72.53333333333333,72.53333333333333
4934,72.53333333333333,72.53333333333333
4935,72.53333333333333,72.53333333333333
4936,72.53333333333333,72.53333333333333
4937,72.53333333333333,72.53333333333333
4938,72.53333333333333,72.53333333333333
4939,72.53333333333333,72.53333333333333
4940,72.53333333333333,72.53333333333333
4941,72.53333333333333,72.53333333333333
4942,72.53333333333333,72.53333333333333
4943,72.53333333333333,72.53333333333333
4944,72.53333333333333,72.53333333333333
4945,72.53333333333333,72.53333333333333
4946,72.53333333333333,72.53333333333333
4947,72.53333333333333,72.53333333333333
4948,72.53333333333333,72.53333333333333
4949,72.53333333333333,72.53333333333333
4950,72.53333333333333,72.53333333333333
4951,72.53333333333333,72.53333333333333
4952,72.53333333333333,72.53333333333333
4953,72.53333333333333,72.53333333333333
4954,72.53333333333333,72.53333333333333
4955,72.53333333333333,72.53333333333333
4956,72.53333333333333,72.53333333333333
4957,72.53333333333333,72.53333333333333
4958,72.53333333333333,72.53333333333333
4959,72.53333333333333,72.53333333333333
4960,72.53333333333333,72.53333333333333
4961,72.53333333333333,72.53333333333333
4962,72.53333333333333,72.53333333333333
4963,72.53333333333333,72.53333333333333
4964,72.53333333333333,72.53333333333333
4965,72.53333333333333,72.53333333333333
4966,72.53333333333333,72.53333333333333
4967,72.53333333333333,72.53333333333333
4968,72.53333333333333,72.53333333333333
4969,72.53333333333333,72.53333333333333
4970,72.53333333333333,72.53333333333333
4971,72.53333333333333,72.53333333333333
4972,72.53333333333333,72.53333333333333
4973,72.53333333333333,72.53333333333333
4974,72.53333333333333,72.53333333333333
4975,72.53333333333333,72.53333333333333
4976,72.53333333333333,72.53333333333333
4977,72.53333333333333,72.53333333333333
4978,72.53333333333333,72.53333333333333
4979,72.53333333333333,72.53333333333333
4980,72.53333333333333,72.53333333333333
4981,72.53333333333333,72.53333333333333
4982,72.53333333333333,72.53333333333333
4983,72.53333333333333,72.53333333333333
4984,72.53333333333333,72.53333333333333
4985,72.53333333333333,72.53333333333333
4986,72.53333333333333,72.53333333333333
4987,72.53333333333333,72.53333333333333
4988,72.53333333333333,72.53333333333333
4989,72.53333333333333,72.53333333333333
4990,72.53333333333333,72.53333333333333
4991,72.53333333333333,72.53333333333333
4992,72.53333333333333,72.53333333333333
4993,72.53333333333333,72.53333333333333
4994,72.53333333333333,72.53333333333333
4995,72.53333333333333,72.53333333333333
4996,72.53333333333333,72.53333333333333
4997,72.53333333333333,72.53333333333333
4998,72.53333333333333,72.53333333333333
4999,72.53333333333333,72.53333333333333
