,hsa_js,add_js
0,0.5,0.0
1,0.5,0.0
2,0.5,0.0
3,0.5,0.0
4,0.5,0.0
5,0.5,0.0
6,0.5,0.0
7,0.7000000000000001,0.0
8,0.7000000000000001,0.0
9,0.7000000000000001,0.0
10,0.7000000000000001,0.0
11,0.7000000000000001,0.0
12,0.7000000000000001,0.0
13,0.7000000000000001,0.0
14,0.7000000000000001,0.0
15,0.7000000000000001,0.0
16,0.7000000000000001,0.0
17,0.7000000000000001,0.0
18,0.8,0.0
19,0.8,0.0
20,0.8,0.0
21,0.8,0.0
22,0.8,0.0
23,0.8,0.0
24,0.8,0.0
25,0.9,0.0
26,0.9,0.0
27,0.9,0.0
28,0.9,0.0
29,1.0,0.0
30,1.0,0.0
31,1.2000000000000002,0.0
32,1.2000000000000002,0.0
33,1.4000000000000001,0.0
34,1.4000000000000001,0.0
35,1.4000000000000001,0.0
36,1.5,0.0
37,1.7000000000000002,0.0
38,1.7000000000000002,0.0
39,1.7000000000000002,0.0
40,1.7000000000000002,0.0
41,1.7000000000000002,0.0
42,1.7000000000000002,0.0
43,1.7000000000000002,0.0
44,1.7000000000000002,0.0
45,1.7000000000000002,0.0
46,1.7000000000000002,0.0
47,1.7000000000000002,0.0
48,1.7000000000000002,0.0
49,1.7000000000000002,0.0
50,1.7000000000000002,0.0
51,1.7000000000000002,0.0
52,1.7000000000000002,0.0
53,1.7000000000000002,0.0
54,1.7000000000000002,0.0
55,1.7000000000000002,0.0
56,1.7000000000000002,0.0
57,1.7000000000000002,0.0
58,1.7000000000000002,0.0
59,1.7000000000000002,0.0
60,1.7000000000000002,0.0
61,1.7000000000000002,0.0
62,1.7000000000000002,0.0
63,1.7000000000000002,0.0
64,1.7000000000000002,0.0
65,1.7000000000000002,0.0
66,1.7000000000000002,0.0
67,1.7000000000000002,0.0
68,1.7000000000000002,0.0
69,1.7000000000000002,0.0
70,1.7000000000000002,0.0
71,1.7000000000000002,0.0
72,1.7000000000000002,0.0
73,1.7000000000000002,0.0
74,1.7000000000000002,0.0
75,1.7000000000000002,0.0
76,1.7000000000000002,0.0
77,1.7000000000000002,0.0
78,1.7000000000000002,0.0
79,1.7000000000000002,0.0
80,1.7000000000000002,0.0
81,1.7000000000000002,0.0
82,1.7000000000000002,0.0
83,1.7000000000000002,0.0
84,1.7000000000000002,0.0
85,1.7000000000000002,0.0
86,1.7000000000000002,0.0
87,1.7000000000000002,0.0
88,1.7000000000000002,0.0
89,1.7000000000000002,0.0
90,1.7000000000000002,0.0
91,1.7000000000000002,0.0
92,1.7000000000000002,0.0
93,1.7000000000000002,0.0
94,1.7000000000000002,0.0
95,1.7000000000000002,0.0
96,1.7000000000000002,0.0
97,1.7000000000000002,0.0
98,1.7000000000000002,0.0
99,1.8,0.0
100,1.8,0.0
101,1.8,0.0
102,1.8,0.0
103,1.9000000000000001,0.0
104,1.9000000000000001,0.0
105,1.9000000000000001,0.0
106,1.9000000000000001,0.0
107,1.9000000000000001,0.0
108,1.9000000000000001,0.0
109,1.9000000000000001,0.0
110,1.9000000000000001,0.0
111,1.9000000000000001,0.0
112,1.9000000000000001,0.0
113,1.9000000000000001,0.0
114,1.9000000000000001,0.0
115,1.9000000000000001,0.0
116,1.9000000000000001,0.0
117,1.9000000000000001,0.0
118,1.9000000000000001,0.0
119,1.9000000000000001,0.0
120,1.9000000000000001,0.0
121,1.9000000000000001,0.0
122,1.9000000000000001,0.0
123,1.9000000000000001,0.0
124,1.9000000000000001,0.0
125,1.9000000000000001,0.0
126,1.9000000000000001,0.0
127,1.9000000000000001,0.0
128,1.9000000000000001,0.0
129,1.9000000000000001,0.0
130,1.9000000000000001,0.0
131,1.9000000000000001,0.0
132,1.9000000000000001,0.0
133,1.9000000000000001,0.0
134,1.9000000000000001,0.0
135,1.9000000000000001,0.0
136,1.9000000000000001,0.0
137,1.9000000000000001,0.0
138,1.9000000000000001,0.0
139,1.9000000000000001,0.0
140,1.9000000000000001,0.0
141,1.9000000000000001,0.0
142,1.9000000000000001,0.0
143,1.9000000000000001,0.0
144,1.9000000000000001,0.0
145,1.9000000000000001,0.0
146,1.9000000000000001,0.0
147,1.9000000000000001,0.0
148,1.9000000000000001,0.0
149,1.9000000000000001,0.0
150,1.9000000000000001,0.0
151,1.9000000000000001,0.0
152,2.0,0.0
153,2.0,0.0
154,2.1,0.0
155,2.1,0.0
156,2.1,0.0
157,2.1,0.0
158,2.1,0.0
159,2.2,0.0
160,2.2,0.0
161,2.2,0.0
162,2.2,0.0
163,2.2,0.0
164,2.3000000000000003,0.0
165,2.4000000000000004,0.0
166,2.4000000000000004,0.0
167,2.4000000000000004,0.0
168,3.1,0.0
169,3.1,0.0
170,3.1,0.0
171,3.4000000000000004,0.0
172,3.4000000000000004,0.0
173,3.4000000000000004,0.0
174,3.4000000000000004,0.0
175,3.4000000000000004,0.0
176,3.4000000000000004,0.0
177,3.4000000000000004,0.0
178,3.4000000000000004,0.0
179,3.4000000000000004,0.0
180,3.4000000000000004,0.0
181,3.4000000000000004,0.0
182,3.4000000000000004,0.0
183,3.4000000000000004,0.0
184,3.4000000000000004,0.0
185,3.4000000000000004,0.0
186,3.4000000000000004,0.0
187,3.4000000000000004,0.0
188,3.4000000000000004,0.0
189,3.4000000000000004,0.0
190,3.4000000000000004,0.0
191,3.4000000000000004,0.0
192,3.4000000000000004,0.0
193,3.4000000000000004,0.0
194,3.4000000000000004,0.0
195,3.4000000000000004,0.0
196,3.4000000000000004,0.0
197,3.4000000000000004,0.0
198,3.4000000000000004,0.0
199,3.4000000000000004,0.0
200,3.4000000000000004,0.0
201,3.4000000000000004,0.0
202,3.4000000000000004,0.0
203,3.4000000000000004,0.0
204,3.4000000000000004,0.0
205,3.4000000000000004,0.0
206,3.4000000000000004,0.0
207,3.4000000000000004,0.0
208,3.4000000000000004,0.0
209,3.4000000000000004,0.0
210,3.4000000000000004,0.0
211,3.4000000000000004,0.0
212,3.4000000000000004,0.0
213,3.4000000000000004,0.0
214,3.4000000000000004,0.0
215,3.4000000000000004,0.0
216,3.4000000000000004,0.0
217,3.4000000000000004,0.0
218,3.4000000000000004,0.0
219,3.4000000000000004,0.0
220,3.4000000000000004,0.0
221,3.4000000000000004,0.0
222,3.4000000000000004,0.0
223,3.4000000000000004,0.0
224,3.4000000000000004,0.0
225,3.4000000000000004,0.0
226,3.4000000000000004,0.0
227,3.4000000000000004,0.0
228,3.4000000000000004,0.0
229,3.4000000000000004,0.0
230,3.4000000000000004,0.0
231,3.4000000000000004,0.0
232,3.4000000000000004,0.0
233,3.4000000000000004,0.0
234,3.4000000000000004,0.0
235,3.4000000000000004,0.0
236,3.4000000000000004,0.0
237,3.4000000000000004,0.0
238,3.4000000000000004,0.0
239,3.5,0.0
240,3.5,0.0
241,3.5,0.0
242,3.6,0.0
243,3.6,0.0
244,3.9000000000000004,0.0
245,3.9000000000000004,0.0
246,3.9000000000000004,0.0
247,3.9000000000000004,0.0
248,3.9000000000000004,0.0
249,3.9000000000000004,0.0
250,3.9000000000000004,0.0
251,3.9000000000000004,0.0
252,3.9000000000000004,0.0
253,3.9000000000000004,0.0
254,3.9000000000000004,0.0
255,3.9000000000000004,0.0
256,3.9000000000000004,0.0
257,3.9000000000000004,0.0
258,3.9000000000000004,0.0
259,3.9000000000000004,0.0
260,3.9000000000000004,0.0
261,3.9000000000000004,0.0
262,3.9000000000000004,0.0
263,3.9000000000000004,0.0
264,3.9000000000000004,0.0
265,3.9000000000000004,0.0
266,3.9000000000000004,0.0
267,3.9000000000000004,0.0
268,3.9000000000000004,0.0
269,3.9000000000000004,0.0
270,3.9000000000000004,0.0
271,3.9000000000000004,0.0
272,3.9000000000000004,0.0
273,3.9000000000000004,0.0
274,3.9000000000000004,0.0
275,3.9000000000000004,0.0
276,3.9000000000000004,0.0
277,3.9000000000000004,0.0
278,3.9000000000000004,0.0
279,3.9000000000000004,0.0
280,3.9000000000000004,0.0
281,3.9000000000000004,0.0
282,3.9000000000000004,0.0
283,3.9000000000000004,0.0
284,3.9000000000000004,0.0
285,3.9000000000000004,0.0
286,3.9000000000000004,0.0
287,3.9000000000000004,0.0
288,3.9000000000000004,0.0
289,3.9000000000000004,0.0
290,3.9000000000000004,0.0
291,3.9000000000000004,0.0
292,3.9000000000000004,0.0
293,3.9000000000000004,0.0
294,3.9000000000000004,0.0
295,3.9000000000000004,0.0
296,3.9000000000000004,0.0
297,3.9000000000000004,0.0
298,3.9000000000000004,0.0
299,3.9000000000000004,0.0
300,3.9000000000000004,0.0
301,3.9000000000000004,0.0
302,3.9000000000000004,0.0
303,3.9000000000000004,0.0
304,3.9000000000000004,0.0
305,3.9000000000000004,0.0
306,3.9000000000000004,0.0
307,4.0,0.0
308,4.0,0.0
309,4.0,0.0
310,4.0,0.0
311,4.0,0.0
312,4.1000000000000005,0.0
313,4.1000000000000005,0.0
314,4.1000000000000005,0.0
315,4.1000000000000005,0.0
316,4.1000000000000005,0.0
317,4.1000000000000005,0.0
318,4.1000000000000005,0.0
319,4.1000000000000005,0.0
320,4.1000000000000005,0.0
321,4.1000000000000005,0.0
322,4.1000000000000005,0.0
323,4.1000000000000005,0.0
324,4.1000000000000005,0.0
325,4.1000000000000005,0.0
326,4.2,0.0
327,4.2,0.0
328,4.2,0.0
329,4.2,0.0
330,4.2,0.0
331,4.3,0.0
332,4.3,0.0
333,4.3,0.0
334,4.6000000000000005,0.0
335,4.6000000000000005,0.0
336,4.6000000000000005,0.0
337,4.6000000000000005,0.0
338,4.6000000000000005,0.0
339,4.800000000000001,0.0
340,4.800000000000001,0.0
341,4.800000000000001,0.0
342,4.800000000000001,0.0
343,4.800000000000001,0.0
344,4.800000000000001,0.0
345,4.800000000000001,0.0
346,4.800000000000001,0.0
347,4.800000000000001,0.0
348,4.800000000000001,0.0
349,4.800000000000001,0.0
350,4.800000000000001,0.0
351,4.800000000000001,0.0
352,4.800000000000001,0.0
353,4.800000000000001,0.0
354,4.800000000000001,0.0
355,4.800000000000001,0.0
356,4.800000000000001,0.0
357,4.800000000000001,0.0
358,4.800000000000001,0.0
359,4.800000000000001,0.0
360,4.800000000000001,0.0
361,4.800000000000001,0.0
362,4.800000000000001,0.0
363,4.800000000000001,0.0
364,4.800000000000001,0.0
365,4.800000000000001,0.0
366,4.800000000000001,0.0
367,4.800000000000001,0.0
368,4.800000000000001,0.0
369,4.800000000000001,0.0
370,4.800000000000001,0.0
371,4.800000000000001,0.0
372,4.800000000000001,0.0
373,4.800000000000001,0.0
374,4.800000000000001,0.0
375,4.800000000000001,0.0
376,4.800000000000001,0.0
377,4.800000000000001,0.0
378,4.800000000000001,0.0
379,4.800000000000001,0.0
380,4.800000000000001,0.0
381,4.800000000000001,0.0
382,4.800000000000001,0.0
383,4.800000000000001,0.0
384,4.800000000000001,0.0
385,4.800000000000001,0.0
386,4.800000000000001,0.0
387,4.800000000000001,0.0
388,4.800000000000001,0.0
389,4.800000000000001,0.0
390,4.800000000000001,0.0
391,4.800000000000001,0.0
392,4.800000000000001,0.0
393,4.800000000000001,0.0
394,4.800000000000001,0.0
395,4.800000000000001,0.0
396,4.800000000000001,0.0
397,4.800000000000001,0.0
398,4.800000000000001,0.0
399,4.800000000000001,0.0
400,4.800000000000001,0.0
401,4.800000000000001,0.0
402,4.800000000000001,0.0
403,4.800000000000001,0.0
404,4.800000000000001,0.0
405,4.800000000000001,0.0
406,4.800000000000001,0.0
407,4.800000000000001,0.0
408,5.2,0.0
409,5.2,0.0
410,5.2,0.0
411,5.2,0.0
412,5.2,0.0
413,5.2,0.0
414,5.2,0.0
415,5.2,0.0
416,5.2,0.0
417,5.2,0.0
418,5.2,0.0
419,5.2,0.0
420,5.2,0.0
421,5.2,0.0
422,5.2,0.0
423,5.2,0.0
424,5.2,0.0
425,5.2,0.0
426,5.2,0.0
427,5.2,0.0
428,5.2,0.0
429,5.2,0.0
430,5.2,0.0
431,5.2,0.0
432,5.2,0.0
433,5.2,0.0
434,5.2,0.0
435,5.2,0.0
436,5.2,0.0
437,5.2,0.0
438,5.2,0.0
439,5.2,0.0
440,5.2,0.0
441,5.2,0.0
442,5.2,0.0
443,5.2,0.0
444,5.2,0.0
445,5.2,0.0
446,5.2,0.0
447,5.2,0.0
448,5.2,0.0
449,5.2,0.0
450,5.2,0.0
451,5.2,0.0
452,5.2,0.0
453,5.2,0.0
454,5.2,0.0
455,5.2,0.0
456,5.2,0.0
457,5.2,0.0
458,5.2,0.0
459,5.2,0.0
460,5.2,0.0
461,5.2,0.0
462,5.2,0.0
463,5.2,0.0
464,5.2,0.0
465,5.2,0.0
466,5.2,0.0
467,5.2,0.0
468,5.2,0.0
469,5.2,0.0
470,5.2,0.0
471,5.2,0.0
472,5.2,0.0
473,5.2,0.0
474,5.2,0.0
475,5.2,0.0
476,5.2,0.0
477,5.2,0.0
478,5.2,0.0
479,5.2,0.0
480,5.2,0.0
481,5.2,0.0
482,5.2,0.0
483,5.2,0.0
484,5.2,0.0
485,5.2,0.0
486,5.2,0.0
487,5.2,0.0
488,5.2,0.0
489,5.2,0.0
490,5.2,0.0
491,5.2,0.0
492,5.2,0.0
493,5.2,0.0
494,5.2,0.0
495,5.2,0.0
496,5.2,0.0
497,5.2,0.0
498,5.2,0.0
499,5.2,0.0
500,5.2,0.0
501,5.2,0.0
502,5.2,0.0
503,5.2,0.0
504,5.2,0.0
505,5.6000000000000005,0.0
506,5.6000000000000005,0.0
507,5.6000000000000005,0.0
508,5.6000000000000005,0.0
509,5.6000000000000005,0.0
510,5.6000000000000005,0.0
511,5.6000000000000005,0.0
512,5.6000000000000005,0.0
513,5.6000000000000005,0.0
514,5.6000000000000005,0.0
515,5.6000000000000005,0.0
516,5.6000000000000005,0.0
517,5.6000000000000005,0.0
518,5.6000000000000005,0.0
519,5.6000000000000005,0.0
520,5.6000000000000005,0.0
521,5.6000000000000005,0.0
522,5.7,0.0
523,5.7,0.0
524,5.7,0.0
525,5.7,0.0
526,5.7,0.0
527,5.7,0.0
528,5.7,0.0
529,6.4,0.0
530,6.4,0.0
531,6.4,0.0
532,6.4,0.0
533,6.4,0.0
534,6.4,0.0
535,6.4,0.0
536,6.4,0.0
537,6.4,0.0
538,6.4,0.0
539,6.4,0.0
540,6.4,0.0
541,6.4,0.0
542,6.4,0.0
543,6.4,0.0
544,6.4,0.0
545,6.4,0.0
546,6.4,0.0
547,6.4,0.0
548,6.4,0.0
549,6.4,0.0
550,6.4,0.0
551,6.4,0.0
552,6.4,0.0
553,6.4,0.0
554,6.4,0.0
555,6.4,0.0
556,6.4,0.0
557,6.4,0.0
558,6.4,0.0
559,6.4,0.0
560,6.4,0.0
561,6.4,0.0
562,6.4,0.0
563,6.4,0.0
564,6.4,0.0
565,6.4,0.0
566,6.4,0.0
567,6.4,0.0
568,6.4,0.0
569,6.4,0.0
570,6.4,0.0
571,6.4,0.0
572,6.4,0.0
573,6.4,0.0
574,6.4,0.0
575,6.4,0.0
576,6.4,0.0
577,6.4,0.0
578,6.4,0.0
579,6.4,0.0
580,6.4,0.0
581,6.4,0.0
582,6.4,0.0
583,6.4,0.0
584,6.4,0.0
585,6.4,0.0
586,6.4,0.0
587,6.4,0.0
588,6.4,0.0
589,6.4,0.0
590,6.4,0.0
591,6.4,0.0
592,6.4,0.0
593,6.4,0.0
594,6.4,0.0
595,6.4,0.0
596,6.4,0.0
597,6.4,0.0
598,6.4,0.0
599,6.4,0.0
600,6.4,0.0
601,6.4,0.0
602,6.4,0.0
603,6.4,0.0
604,6.4,0.0
605,6.4,0.0
606,6.4,0.0
607,6.4,0.0
608,6.4,0.0
609,6.4,0.0
610,6.4,0.0
611,6.4,0.0
612,6.4,0.0
613,6.4,0.0
614,6.4,0.0
615,6.4,0.0
616,6.4,0.0
617,6.4,0.0
618,6.4,0.0
619,6.4,0.0
620,6.4,0.0
621,6.4,0.0
622,6.4,0.0
623,6.4,0.0
624,6.4,0.0
625,6.4,0.0
626,6.4,0.0
627,6.4,0.0
628,6.4,0.0
629,6.4,0.0
630,6.4,0.0
631,6.4,0.0
632,6.4,0.0
633,6.4,0.0
634,6.4,0.0
635,6.4,0.0
636,6.4,0.0
637,6.4,0.0
638,6.4,0.0
639,6.4,0.0
640,6.4,0.0
641,6.4,0.0
642,6.4,0.0
643,6.4,0.0
644,6.4,0.0
645,6.4,0.0
646,6.4,0.0
647,6.4,0.0
648,6.4,0.0
649,6.4,0.0
650,6.4,0.0
651,6.4,0.0
652,6.4,0.0
653,6.4,0.0
654,6.4,0.0
655,6.4,0.0
656,6.4,0.0
657,6.4,0.0
658,6.4,0.0
659,6.4,0.0
660,6.4,0.0
661,6.4,0.0
662,6.4,0.0
663,6.4,0.0
664,6.4,0.0
665,6.4,0.0
666,6.4,0.0
667,6.4,0.0
668,6.4,0.0
669,6.4,0.0
670,6.4,0.0
671,6.4,0.0
672,6.4,0.0
673,6.4,0.0
674,6.4,0.0
675,6.4,0.0
676,6.4,0.0
677,6.4,0.0
678,6.4,0.0
679,6.4,0.0
680,6.4,0.0
681,6.4,0.0
682,6.4,0.0
683,6.4,0.0
684,6.4,0.0
685,6.5,0.0
686,6.5,0.0
687,6.5,0.0
688,6.5,0.0
689,6.5,0.0
690,6.5,0.0
691,6.5,0.0
692,6.5,0.0
693,6.5,0.0
694,6.5,0.0
695,6.5,0.0
696,6.5,0.0
697,6.5,0.0
698,6.5,0.0
699,6.5,0.0
700,6.5,0.0
701,6.5,0.0
702,6.5,0.0
703,6.5,0.0
704,6.5,0.0
705,6.5,0.0
706,6.5,0.0
707,6.5,0.0
708,6.5,0.0
709,6.5,0.0
710,6.5,0.0
711,6.5,0.0
712,6.5,0.0
713,6.5,0.0
714,6.5,0.0
715,6.5,0.0
716,6.5,0.0
717,6.5,0.0
718,6.5,0.0
719,6.5,0.0
720,6.5,0.0
721,6.5,0.0
722,6.5,0.0
723,6.5,0.0
724,6.5,0.0
725,6.5,0.0
726,6.5,0.0
727,6.5,0.0
728,6.5,0.0
729,6.5,0.0
730,6.5,0.0
731,6.5,0.0
732,6.5,0.0
733,6.5,0.0
734,6.5,0.0
735,6.5,0.0
736,6.5,0.0
737,6.5,0.0
738,6.5,0.0
739,6.5,0.0
740,6.5,0.0
741,6.5,0.0
742,6.5,0.0
743,6.5,0.0
744,6.5,0.0
745,6.5,0.0
746,6.5,0.0
747,6.5,0.0
748,6.5,0.0
749,6.5,0.0
750,6.5,0.0
751,6.5,0.0
752,6.5,0.0
753,6.5,0.0
754,6.5,0.0
755,6.5,0.0
756,6.5,0.0
757,6.5,0.0
758,6.5,0.0
759,6.5,0.0
760,6.5,0.0
761,6.5,0.0
762,6.5,0.0
763,6.5,0.0
764,6.5,0.0
765,6.5,0.0
766,6.5,0.0
767,6.5,0.0
768,6.5,0.0
769,6.5,0.0
770,6.5,0.0
771,6.5,0.0
772,6.5,0.0
773,6.5,0.0
774,6.5,0.0
775,6.5,0.0
776,6.5,0.0
777,6.5,0.0
778,6.5,0.0
779,6.5,0.0
780,6.5,0.0
781,6.5,0.0
782,6.5,0.0
783,6.5,0.0
784,6.5,0.0
785,6.5,0.0
786,6.5,0.0
787,6.5,0.0
788,6.5,0.0
789,6.5,0.0
790,6.5,0.0
791,6.5,0.0
792,6.5,0.0
793,6.5,0.0
794,6.5,0.0
795,6.5,0.0
796,6.5,0.0
797,6.5,0.0
798,6.5,0.0
799,6.5,0.0
800,6.5,0.0
801,6.5,0.0
802,6.5,0.0
803,6.5,0.0
804,6.5,0.0
805,6.5,0.0
806,6.5,0.0
807,6.5,0.0
808,6.5,0.0
809,6.6000000000000005,0.0
810,6.6000000000000005,0.0
811,6.6000000000000005,0.0
812,6.6000000000000005,0.0
813,6.6000000000000005,0.0
814,6.6000000000000005,0.0
815,6.6000000000000005,0.0
816,6.6000000000000005,0.0
817,6.6000000000000005,0.0
818,6.6000000000000005,0.0
819,6.6000000000000005,0.0
820,6.6000000000000005,0.0
821,6.6000000000000005,0.0
822,6.6000000000000005,0.0
823,6.6000000000000005,0.0
824,6.6000000000000005,0.0
825,6.6000000000000005,0.0
826,6.6000000000000005,0.0
827,6.6000000000000005,0.0
828,6.6000000000000005,0.0
829,6.6000000000000005,0.0
830,6.6000000000000005,0.0
831,6.6000000000000005,0.0
832,6.6000000000000005,0.0
833,6.6000000000000005,0.0
834,6.6000000000000005,0.0
835,6.6000000000000005,0.0
836,6.6000000000000005,0.0
837,6.6000000000000005,0.0
838,6.6000000000000005,0.0
839,6.6000000000000005,0.0
840,6.6000000000000005,0.0
841,6.6000000000000005,0.0
842,6.6000000000000005,0.0
843,6.6000000000000005,0.0
844,6.6000000000000005,0.0
845,6.800000000000001,0.0
846,6.800000000000001,0.0
847,6.800000000000001,0.0
848,6.800000000000001,0.0
849,6.800000000000001,0.0
850,6.800000000000001,0.0
851,6.800000000000001,0.0
852,6.800000000000001,0.0
853,6.800000000000001,0.0
854,6.800000000000001,0.0
855,6.800000000000001,0.0
856,6.800000000000001,0.0
857,6.800000000000001,0.0
858,6.800000000000001,0.0
859,6.800000000000001,0.0
860,6.800000000000001,0.0
861,6.800000000000001,0.0
862,6.800000000000001,0.0
863,6.800000000000001,0.0
864,6.800000000000001,0.0
865,6.800000000000001,0.0
866,6.800000000000001,0.0
867,6.800000000000001,0.0
868,6.800000000000001,0.0
869,6.800000000000001,0.0
870,6.800000000000001,0.0
871,7.2,0.0
872,7.2,0.0
873,7.2,0.0
874,7.2,0.0
875,7.2,0.0
876,7.2,0.0
877,7.2,0.0
878,7.2,0.0
879,7.2,0.0
880,7.2,0.0
881,7.2,0.0
882,7.5,0.0
883,7.5,0.0
884,7.5,0.0
885,7.5,0.0
886,7.5,0.0
887,7.5,0.0
888,7.5,0.0
889,7.5,0.0
890,7.5,0.0
891,7.5,0.0
892,7.5,0.0
893,7.5,0.0
894,7.5,0.0
895,7.6000000000000005,0.0
896,7.6000000000000005,0.0
897,7.6000000000000005,0.0
898,7.6000000000000005,0.0
899,7.6000000000000005,0.0
900,7.6000000000000005,0.0
901,7.6000000000000005,0.0
902,7.6000000000000005,0.0
903,7.6000000000000005,0.0
904,7.6000000000000005,0.0
905,7.6000000000000005,0.0
906,7.6000000000000005,0.0
907,7.6000000000000005,0.0
908,7.6000000000000005,0.0
909,7.6000000000000005,0.0
910,7.6000000000000005,0.0
911,7.6000000000000005,0.0
912,7.6000000000000005,0.0
913,7.6000000000000005,0.0
914,7.6000000000000005,0.0
915,7.6000000000000005,0.0
916,7.6000000000000005,0.0
917,7.6000000000000005,0.0
918,7.6000000000000005,0.0
919,7.6000000000000005,0.0
920,7.6000000000000005,0.0
921,7.6000000000000005,0.0
922,7.6000000000000005,0.0
923,7.6000000000000005,0.0
924,7.6000000000000005,0.0
925,7.6000000000000005,0.0
926,7.6000000000000005,0.0
927,7.6000000000000005,0.0
928,7.6000000000000005,0.0
929,7.6000000000000005,0.0
930,7.6000000000000005,0.0
931,7.6000000000000005,0.0
932,7.6000000000000005,0.0
933,7.6000000000000005,0.0
934,7.6000000000000005,0.0
935,7.6000000000000005,0.0
936,7.6000000000000005,0.0
937,7.6000000000000005,0.0
938,7.6000000000000005,0.0
939,7.6000000000000005,0.0
940,7.6000000000000005,0.0
941,7.6000000000000005,0.0
942,7.6000000000000005,0.0
943,7.6000000000000005,0.0
944,7.6000000000000005,0.0
945,7.6000000000000005,0.0
946,7.6000000000000005,0.0
947,7.6000000000000005,0.0
948,7.6000000000000005,0.0
949,7.6000000000000005,0.0
950,7.6000000000000005,0.0
951,7.6000000000000005,0.0
952,7.6000000000000005,0.0
953,7.6000000000000005,0.0
954,7.6000000000000005,0.0
955,7.6000000000000005,0.0
956,7.6000000000000005,0.0
957,7.6000000000000005,0.0
958,7.6000000000000005,0.0
959,7.6000000000000005,0.0
960,7.6000000000000005,0.0
961,7.6000000000000005,0.0
962,7.6000000000000005,0.0
963,7.6000000000000005,0.0
964,7.6000000000000005,0.0
965,7.6000000000000005,0.0
966,7.6000000000000005,0.0
967,7.6000000000000005,0.0
968,7.6000000000000005,0.0
969,7.6000000000000005,0.0
970,7.6000000000000005,0.0
971,7.6000000000000005,0.0
972,7.6000000000000005,0.0
973,7.6000000000000005,0.0
974,7.6000000000000005,0.0
975,7.6000000000000005,0.0
976,7.6000000000000005,0.0
977,7.6000000000000005,0.0
978,7.6000000000000005,0.0
979,7.6000000000000005,0.0
980,7.6000000000000005,0.0
981,7.7,0.0
982,7.7,0.0
983,7.7,0.0
984,7.7,0.0
985,7.7,0.0
986,7.7,0.0
987,7.7,0.0
988,7.7,0.0
989,7.7,0.0
990,8.4,0.0
991,8.4,0.0
992,8.4,0.0
993,8.4,0.0
994,8.4,0.0
995,8.5,0.0
996,8.5,0.0
997,8.5,0.0
998,8.5,0.0
999,8.5,0.0
1000,8.5,0.0
1001,8.5,0.0
1002,8.5,0.0
1003,8.5,0.0
1004,8.5,0.0
1005,8.5,0.0
1006,8.5,0.0
1007,8.5,0.0
1008,8.5,0.0
1009,8.5,0.0
1010,8.5,0.0
1011,8.5,0.0
1012,8.5,0.0
1013,8.5,0.0
1014,8.5,0.0
1015,8.5,0.0
1016,8.5,0.0
1017,8.5,0.0
1018,8.5,0.0
1019,8.5,0.0
1020,8.5,0.0
1021,8.5,0.0
1022,8.5,0.0
1023,8.5,0.0
1024,8.5,0.0
1025,8.5,0.0
1026,8.5,0.0
1027,8.5,0.0
1028,8.5,0.0
1029,8.5,0.0
1030,8.5,0.0
1031,8.5,0.0
1032,8.5,0.0
1033,8.5,0.0
1034,8.5,0.0
1035,8.5,0.0
1036,8.5,0.0
1037,8.5,0.0
1038,8.5,0.0
1039,8.5,0.0
1040,8.5,0.0
1041,8.5,0.0
1042,8.5,0.0
1043,8.5,0.0
1044,8.5,0.0
1045,8.5,0.0
1046,8.5,0.0
1047,8.5,0.0
1048,8.5,0.0
1049,8.5,0.0
1050,8.5,0.0
1051,8.5,0.0
1052,8.5,0.0
1053,8.5,0.0
1054,8.5,0.0
1055,8.5,0.0
1056,8.5,0.0
1057,8.5,0.0
1058,8.5,0.0
1059,8.5,0.0
1060,8.5,0.0
1061,8.5,0.0
1062,8.5,0.0
1063,8.5,0.0
1064,8.5,0.0
1065,8.5,0.0
1066,8.5,0.0
1067,8.5,0.0
1068,8.5,0.0
1069,8.5,0.0
1070,8.5,0.0
1071,8.5,0.0
1072,8.5,0.0
1073,8.5,0.0
1074,8.5,0.0
1075,8.5,0.0
1076,8.5,0.0
1077,8.5,0.0
1078,8.5,0.0
1079,8.5,0.0
1080,8.5,0.0
1081,8.5,0.0
1082,8.5,0.0
1083,8.5,0.0
1084,8.5,0.0
1085,8.5,0.0
1086,8.5,0.0
1087,8.5,0.0
1088,8.5,0.0
1089,8.5,0.0
1090,8.5,0.0
1091,8.5,0.0
1092,8.5,0.0
1093,8.5,0.0
1094,8.5,0.0
1095,8.5,0.0
1096,8.5,0.0
1097,8.5,0.0
1098,8.5,0.0
1099,8.5,0.0
1100,8.5,0.0
1101,8.5,0.0
1102,8.5,0.0
1103,8.6,0.0
1104,8.6,0.0
1105,8.6,0.0
1106,8.6,0.0
1107,8.6,0.0
1108,8.6,0.0
1109,8.6,0.0
1110,8.6,0.0
1111,8.6,0.0
1112,8.6,0.0
1113,8.6,0.0
1114,8.6,0.0
1115,8.6,0.0
1116,8.6,0.0
1117,8.6,0.0
1118,8.6,0.0
1119,8.6,0.0
1120,8.9,0.0
1121,8.9,0.0
1122,8.9,0.0
1123,8.9,0.0
1124,8.9,0.0
1125,8.9,0.0
1126,8.9,0.0
1127,9.0,0.0
1128,9.0,0.0
1129,9.0,0.0
1130,9.0,0.0
1131,9.0,0.0
1132,9.0,0.0
1133,9.0,0.0
1134,9.0,0.0
1135,9.200000000000001,0.0
1136,9.200000000000001,0.0
1137,9.200000000000001,0.0
1138,9.200000000000001,0.0
1139,9.200000000000001,0.0
1140,9.200000000000001,0.0
1141,9.200000000000001,0.0
1142,9.3,0.0
1143,9.3,0.0
1144,9.3,0.0
1145,9.3,0.0
1146,9.3,0.0
1147,9.3,0.0
1148,9.3,0.0
1149,9.3,0.0
1150,9.3,0.0
1151,9.3,0.0
1152,9.3,0.0
1153,9.3,0.0
1154,9.4,0.0
1155,9.4,0.0
1156,9.4,0.0
1157,9.4,0.0
1158,9.4,0.0
1159,9.4,0.0
1160,9.4,0.0
1161,10.100000000000001,0.0
1162,10.100000000000001,0.0
1163,10.100000000000001,0.0
1164,10.100000000000001,0.0
1165,10.100000000000001,0.0
1166,10.100000000000001,0.0
1167,10.100000000000001,0.0
1168,10.100000000000001,0.0
1169,10.100000000000001,0.0
1170,10.100000000000001,0.0
1171,10.100000000000001,0.0
1172,10.100000000000001,0.0
1173,10.100000000000001,0.0
1174,10.100000000000001,0.0
1175,10.200000000000001,0.0
1176,10.200000000000001,0.0
1177,10.200000000000001,0.0
1178,10.200000000000001,0.0
1179,10.200000000000001,0.0
1180,10.200000000000001,0.0
1181,10.3,0.0
1182,10.3,0.0
1183,10.3,0.0
1184,10.3,0.0
1185,10.3,0.0
1186,10.700000000000001,0.0
1187,10.700000000000001,0.0
1188,10.700000000000001,0.0
1189,10.700000000000001,0.0
1190,10.700000000000001,0.0
1191,10.700000000000001,0.0
1192,10.700000000000001,0.0
1193,10.8,0.0
1194,10.8,0.0
1195,10.8,0.0
1196,10.8,0.0
1197,11.0,0.0
1198,11.0,0.0
1199,11.0,0.0
1200,11.0,0.0
1201,11.0,0.0
1202,11.0,0.0
1203,11.0,0.0
1204,11.0,0.0
1205,11.0,0.0
1206,11.0,0.0
1207,11.0,0.0
1208,11.700000000000001,0.0
1209,11.700000000000001,0.0
1210,11.700000000000001,0.0
1211,11.700000000000001,0.0
1212,11.700000000000001,0.0
1213,11.700000000000001,0.0
1214,11.9,0.0
1215,11.9,0.0
1216,11.9,0.0
1217,12.3,0.0
1218,12.3,0.0
1219,12.3,0.0
1220,12.3,0.0
1221,12.3,0.0
1222,12.3,0.0
1223,12.3,0.0
1224,12.3,0.0
1225,12.3,0.0
1226,12.3,0.0
1227,12.3,0.0
1228,12.3,0.0
1229,12.3,0.0
1230,12.3,0.0
1231,12.3,0.0
1232,12.3,0.0
1233,12.3,0.0
1234,12.3,0.0
1235,12.3,0.0
1236,12.3,0.0
1237,12.3,0.0
1238,12.3,0.0
1239,12.3,0.0
1240,12.3,0.0
1241,12.3,0.0
1242,12.3,0.0
1243,12.3,0.0
1244,12.3,0.0
1245,12.3,0.0
1246,12.3,0.0
1247,12.3,0.0
1248,12.3,0.0
1249,12.3,0.0
1250,12.3,0.0
1251,12.3,0.0
1252,12.3,0.0
1253,12.3,0.0
1254,12.3,0.0
1255,12.3,0.0
1256,12.3,0.0
1257,12.3,0.0
1258,12.3,0.0
1259,12.3,0.0
1260,12.3,0.0
1261,12.3,0.0
1262,12.3,0.0
1263,12.3,0.0
1264,12.3,0.0
1265,12.3,0.0
1266,12.3,0.0
1267,12.3,0.0
1268,12.3,0.0
1269,12.3,0.0
1270,12.3,0.0
1271,12.3,0.0
1272,12.3,0.0
1273,12.3,0.0
1274,12.3,0.0
1275,12.3,0.0
1276,12.3,0.0
1277,12.3,0.0
1278,12.3,0.0
1279,12.3,0.0
1280,12.3,0.0
1281,12.3,0.0
1282,12.3,0.0
1283,12.3,0.0
1284,12.3,0.0
1285,12.3,0.0
1286,12.3,0.0
1287,12.3,0.0
1288,12.3,0.0
1289,12.3,0.0
1290,12.3,0.0
1291,12.3,0.0
1292,12.3,0.0
1293,12.3,0.0
1294,12.3,0.0
1295,12.3,0.0
1296,12.3,0.0
1297,12.3,0.0
1298,12.3,0.0
1299,12.3,0.0
1300,12.3,0.0
1301,12.3,0.0
1302,12.3,0.0
1303,12.3,0.0
1304,12.3,0.0
1305,12.3,0.0
1306,12.3,0.0
1307,12.3,0.0
1308,12.3,0.0
1309,12.3,0.0
1310,12.3,0.0
1311,12.3,0.0
1312,12.3,0.0
1313,12.3,0.0
1314,12.3,0.0
1315,12.3,0.0
1316,12.3,0.0
1317,12.3,0.0
1318,12.3,0.0
1319,12.3,0.0
1320,12.3,0.0
1321,12.3,0.0
1322,12.3,0.0
1323,12.3,0.0
1324,12.3,0.0
1325,12.3,0.0
1326,12.3,0.0
1327,12.3,0.0
1328,12.3,0.0
1329,12.3,0.0
1330,12.700000000000001,0.0
1331,12.700000000000001,0.0
1332,12.700000000000001,0.0
1333,12.700000000000001,0.0
1334,12.700000000000001,0.0
1335,12.700000000000001,0.0
1336,13.8,0.0
1337,13.8,0.0
1338,13.8,0.0
1339,13.8,0.0
1340,13.8,0.0
1341,13.8,0.0
1342,13.8,0.0
1343,13.9,0.0
1344,13.9,0.0
1345,13.9,0.0
1346,14.3,0.0
1347,14.3,0.0
1348,14.3,0.0
1349,14.3,0.0
1350,14.3,0.0
1351,14.3,0.0
1352,14.3,0.0
1353,14.3,0.0
1354,14.3,0.0
1355,14.3,0.0
1356,14.3,0.0
1357,14.3,0.0
1358,14.3,0.0
1359,14.3,0.0
1360,14.3,0.0
1361,14.3,0.0
1362,14.3,0.0
1363,14.3,0.0
1364,14.3,0.0
1365,14.3,0.0
1366,14.3,0.0
1367,14.3,0.0
1368,14.3,0.0
1369,14.3,0.0
1370,14.3,0.0
1371,14.3,0.0
1372,14.3,0.0
1373,14.3,0.0
1374,14.3,0.0
1375,14.3,0.0
1376,14.3,0.0
1377,14.3,0.0
1378,14.3,0.0
1379,14.3,0.0
1380,14.3,0.0
1381,14.3,0.0
1382,14.3,0.0
1383,14.3,0.0
1384,14.3,0.0
1385,14.3,0.0
1386,14.3,0.0
1387,14.3,0.0
1388,14.3,0.0
1389,14.3,0.0
1390,14.3,0.0
1391,14.3,0.0
1392,14.3,0.0
1393,14.3,0.0
1394,14.3,0.0
1395,14.3,0.0
1396,14.3,0.0
1397,14.3,0.0
1398,14.3,0.0
1399,14.3,0.0
1400,14.3,0.0
1401,14.3,0.0
1402,14.3,0.0
1403,14.3,0.0
1404,14.3,0.0
1405,14.3,0.0
1406,14.3,0.0
1407,14.3,0.0
1408,14.3,0.0
1409,14.3,0.0
1410,14.3,0.0
1411,14.3,0.0
1412,14.3,0.0
1413,14.3,0.0
1414,14.3,0.0
1415,14.3,0.0
1416,14.3,0.0
1417,14.3,0.0
1418,14.3,0.0
1419,14.3,0.0
1420,14.3,0.0
1421,14.3,0.0
1422,14.3,0.0
1423,14.3,0.0
1424,14.3,0.0
1425,14.3,0.0
1426,14.3,0.0
1427,14.3,0.0
1428,14.3,0.0
1429,14.3,0.0
1430,14.3,0.0
1431,14.3,0.0
1432,14.3,0.0
1433,14.3,0.0
1434,14.3,0.0
1435,14.3,0.0
1436,14.3,0.0
1437,14.3,0.0
1438,14.3,0.0
1439,14.3,0.0
1440,14.3,0.0
1441,14.3,0.0
1442,14.3,0.0
1443,14.3,0.0
1444,14.3,0.0
1445,14.3,0.0
1446,14.3,0.0
1447,14.3,0.0
1448,14.3,0.0
1449,14.3,0.0
1450,14.3,0.0
1451,14.3,0.0
1452,14.3,0.0
1453,14.3,0.0
1454,14.3,0.0
1455,14.3,0.0
1456,14.3,0.0
1457,14.3,0.0
1458,14.3,0.0
1459,14.3,0.0
1460,14.3,0.0
1461,14.3,0.0
1462,14.3,0.0
1463,14.3,0.0
1464,14.3,0.0
1465,14.3,0.0
1466,14.3,0.0
1467,14.3,0.0
1468,14.3,0.0
1469,14.3,0.0
1470,14.3,0.0
1471,14.3,0.0
1472,14.700000000000001,0.0
1473,14.700000000000001,0.0
1474,14.700000000000001,0.0
1475,14.700000000000001,0.0
1476,14.700000000000001,0.0
1477,14.700000000000001,0.0
1478,14.700000000000001,0.0
1479,14.700000000000001,0.0
1480,14.700000000000001,0.0
1481,14.700000000000001,0.0
1482,14.700000000000001,0.0
1483,14.700000000000001,0.0
1484,14.700000000000001,0.0
1485,14.700000000000001,0.0
1486,14.8,0.0
1487,14.8,0.0
1488,14.8,0.0
1489,14.8,0.0
1490,14.8,0.0
1491,14.8,0.0
1492,15.0,0.0
1493,15.0,0.0
1494,15.0,0.0
1495,15.0,0.0
1496,15.0,0.0
1497,16.1,0.0
1498,16.1,0.0
1499,16.1,0.0
1500,16.1,0.0
1501,16.1,0.0
1502,16.1,0.0
1503,16.1,0.0
1504,16.1,0.0
1505,16.1,0.0
1506,16.1,0.0
1507,16.1,0.0
1508,16.1,0.0
1509,16.1,0.0
1510,16.1,0.0
1511,16.1,0.0
1512,16.1,0.0
1513,16.1,0.0
1514,16.1,0.0
1515,16.1,0.0
1516,16.1,0.0
1517,16.1,0.0
1518,16.1,0.0
1519,16.1,0.0
1520,16.1,0.0
1521,16.1,0.0
1522,16.1,0.0
1523,16.1,0.0
1524,16.1,0.0
1525,16.1,0.0
1526,16.1,0.0
1527,16.1,0.0
1528,16.1,0.0
1529,16.1,0.0
1530,16.1,0.0
1531,16.1,0.0
1532,16.1,0.0
1533,16.1,0.0
1534,16.1,0.0
1535,16.1,0.0
1536,16.1,0.0
1537,16.1,0.0
1538,16.1,0.0
1539,16.1,0.0
1540,16.1,0.0
1541,16.1,0.0
1542,16.1,0.0
1543,16.1,0.0
1544,16.1,0.0
1545,16.1,0.0
1546,16.1,0.0
1547,16.1,0.0
1548,16.1,0.0
1549,16.1,0.0
1550,16.1,0.0
1551,16.1,0.0
1552,16.1,0.0
1553,16.1,0.0
1554,16.1,0.0
1555,16.1,0.0
1556,16.1,0.0
1557,16.1,0.0
1558,16.1,0.0
1559,16.1,0.0
1560,16.1,0.0
1561,16.1,0.0
1562,16.1,0.0
1563,16.1,0.0
1564,16.1,0.0
1565,16.1,0.0
1566,16.1,0.0
1567,16.1,0.0
1568,16.1,0.0
1569,16.1,0.0
1570,16.1,0.0
1571,16.1,0.0
1572,16.1,0.0
1573,16.1,0.0
1574,16.1,0.0
1575,16.1,0.0
1576,16.1,0.0
1577,16.1,0.0
1578,16.1,0.0
1579,16.1,0.0
1580,16.1,0.0
1581,16.1,0.0
1582,16.1,0.0
1583,16.1,0.0
1584,16.1,0.0
1585,16.1,0.0
1586,16.1,0.0
1587,16.1,0.0
1588,16.1,0.0
1589,16.1,0.0
1590,16.1,0.0
1591,16.1,0.0
1592,16.1,0.0
1593,16.1,0.0
1594,16.1,0.0
1595,16.1,0.0
1596,16.1,0.0
1597,16.1,0.0
1598,16.1,0.0
1599,16.1,0.0
1600,16.1,0.0
1601,16.1,0.0
1602,16.1,0.0
1603,16.1,0.0
1604,16.1,0.0
1605,16.1,0.0
1606,16.1,0.0
1607,16.1,0.0
1608,16.1,0.0
1609,16.1,0.0
1610,16.1,0.0
1611,16.1,0.0
1612,16.1,0.0
1613,16.1,0.0
1614,16.1,0.0
1615,16.1,0.0
1616,16.1,0.0
1617,16.1,0.0
1618,16.1,0.0
1619,18.3,0.0
1620,18.3,0.0
1621,18.3,0.0
1622,18.3,0.0
1623,18.3,0.0
1624,18.3,0.0
1625,18.3,0.0
1626,18.3,0.0
1627,18.3,0.0
1628,18.3,0.0
1629,18.3,0.0
1630,18.3,0.0
1631,18.3,0.0
1632,18.3,0.0
1633,18.3,0.0
1634,18.3,0.0
1635,18.3,0.0
1636,18.3,0.0
1637,18.3,0.0
1638,18.3,0.0
1639,18.3,0.0
1640,18.3,0.0
1641,18.3,0.0
1642,18.3,0.0
1643,18.3,0.0
1644,18.3,0.0
1645,18.3,0.0
1646,18.3,0.0
1647,18.3,0.0
1648,18.3,0.0
1649,18.3,0.0
1650,18.3,0.0
1651,18.3,0.0
1652,18.3,0.0
1653,18.3,0.0
1654,18.3,0.0
1655,18.3,0.0
1656,18.3,0.0
1657,18.3,0.0
1658,18.3,0.0
1659,18.3,0.0
1660,18.3,0.0
1661,18.3,0.0
1662,18.3,0.0
1663,18.3,0.0
1664,18.3,0.0
1665,18.3,0.0
1666,18.3,0.0
1667,18.3,0.0
1668,18.3,0.0
1669,18.3,0.0
1670,18.3,0.0
1671,18.3,0.0
1672,18.3,0.0
1673,18.3,0.0
1674,18.3,0.0
1675,18.3,0.0
1676,18.3,0.0
1677,18.3,0.0
1678,18.3,0.0
1679,18.3,0.0
1680,18.3,0.0
1681,18.3,0.0
1682,18.3,0.0
1683,18.3,0.0
1684,18.3,0.0
1685,18.3,0.0
1686,18.3,0.0
1687,18.3,0.0
1688,18.3,0.0
1689,18.3,0.0
1690,18.3,0.0
1691,18.3,0.0
1692,18.3,0.0
1693,18.3,0.0
1694,18.3,0.0
1695,18.3,0.0
1696,18.3,0.0
1697,18.3,0.0
1698,18.3,0.0
1699,18.3,0.0
1700,18.3,0.0
1701,18.3,0.0
1702,18.3,0.0
1703,18.3,0.0
1704,18.3,0.0
1705,18.3,0.0
1706,18.3,0.0
1707,18.3,0.0
1708,18.3,0.0
1709,18.3,0.0
1710,18.3,0.0
1711,18.3,0.0
1712,18.3,0.0
1713,18.3,0.0
1714,18.3,0.0
1715,18.3,0.0
1716,18.3,0.0
1717,18.3,0.0
1718,18.3,0.0
1719,18.3,0.0
1720,18.3,0.0
1721,18.3,0.0
1722,18.3,0.0
1723,18.3,0.0
1724,18.3,0.0
1725,18.3,0.0
1726,18.3,0.0
1727,18.3,0.0
1728,18.3,0.0
1729,18.3,0.0
1730,18.3,0.0
1731,18.3,0.0
1732,18.3,0.0
1733,18.3,0.0
1734,18.3,0.0
1735,18.3,0.0
1736,18.3,0.0
1737,18.3,0.0
1738,18.3,0.0
1739,18.3,0.0
1740,18.3,0.0
1741,18.3,0.0
1742,18.3,0.0
1743,18.3,0.0
1744,18.3,0.0
1745,18.3,0.0
1746,18.3,0.0
1747,18.3,0.0
1748,18.3,0.0
1749,18.3,0.0
1750,18.3,0.0
1751,18.3,0.0
1752,18.3,0.0
1753,18.3,0.0
1754,18.7,0.0
1755,18.7,0.0
1756,18.7,0.0
1757,18.7,0.0
1758,18.7,0.0
1759,18.7,0.0
1760,18.7,0.0
1761,18.7,0.0
1762,18.7,0.0
1763,18.7,0.0
1764,18.7,0.0
1765,18.7,0.0
1766,18.7,0.0
1767,18.7,0.0
1768,18.7,0.0
1769,18.7,0.0
1770,18.7,0.0
1771,18.7,0.0
1772,18.7,0.0
1773,18.7,0.0
1774,18.7,0.0
1775,18.7,0.0
1776,18.7,0.0
1777,18.7,0.0
1778,18.7,0.0
1779,18.7,0.0
1780,18.7,0.0
1781,18.7,0.0
1782,18.7,0.0
1783,18.7,0.0
1784,18.7,0.0
1785,18.7,0.0
1786,18.7,0.0
1787,18.7,0.0
1788,18.7,0.0
1789,18.7,0.0
1790,18.7,0.0
1791,18.7,0.0
1792,18.7,0.0
1793,18.7,0.0
1794,18.7,0.0
1795,18.7,0.0
1796,18.7,0.0
1797,18.7,0.0
1798,18.7,0.0
1799,18.7,0.0
1800,18.7,0.0
1801,18.7,0.0
1802,18.7,0.0
1803,18.7,0.0
1804,18.7,0.0
1805,18.7,0.0
1806,18.7,0.0
1807,18.7,0.0
1808,18.7,0.0
1809,18.7,0.0
1810,18.7,0.0
1811,18.7,0.0
1812,18.7,0.0
1813,18.7,0.0
1814,18.7,0.0
1815,18.7,0.0
1816,18.7,0.0
1817,18.7,0.0
1818,18.7,0.0
1819,18.7,0.0
1820,18.7,0.0
1821,18.7,0.0
1822,18.7,0.0
1823,18.7,0.0
1824,18.7,0.0
1825,18.7,0.0
1826,18.7,0.0
1827,18.7,0.0
1828,18.7,0.0
1829,18.7,0.0
1830,18.7,0.0
1831,18.7,0.0
1832,18.7,0.0
1833,18.7,0.0
1834,18.7,0.0
1835,18.7,0.0
1836,18.7,0.0
1837,18.7,0.0
1838,18.7,0.0
1839,18.7,0.0
1840,18.7,0.0
1841,18.7,0.0
1842,18.7,0.0
1843,18.7,0.0
1844,18.7,0.0
1845,18.7,0.0
1846,18.7,0.0
1847,18.7,0.0
1848,18.7,0.0
1849,18.7,0.0
1850,18.7,0.0
1851,18.7,0.0
1852,18.7,0.0
1853,18.7,0.0
1854,18.7,0.0
1855,18.7,0.0
1856,18.7,0.0
1857,18.7,0.0
1858,18.7,0.0
1859,18.7,0.0
1860,18.7,0.0
1861,18.7,0.0
1862,18.7,0.0
1863,18.7,0.0
1864,18.7,0.0
1865,18.7,0.0
1866,18.7,0.0
1867,18.7,0.0
1868,18.7,0.0
1869,18.7,0.0
1870,18.7,0.03197752473770343
1871,18.7,0.13197752473770308
1872,18.7,0.13197752473770485
1873,18.7,0.146491969568892
1874,18.7,0.14938093580626344
1875,18.7,0.24938093580625775
1876,18.7,0.2879120879120869
1877,18.7,0.33593390018728897
1878,18.7,0.34649196956889217
1879,18.7,0.43487809324912874
1880,18.7,0.4359339001872904
1881,18.7,0.4493809358062606
1882,18.7,0.4493809358062606
1883,18.7,0.4493809358062606
1884,18.7,0.4493809358062606
1885,18.7,0.4744534500190518
1886,18.7,0.4744534500190518
1887,18.7,0.47445345001905537
1888,18.7,0.47445345001905537
1889,18.7,0.47445345001905537
1890,18.7,0.47445345001905537
1891,18.7,0.47445345001905537
1892,18.7,0.47445345001905537
1893,18.7,0.47445345001905537
1894,18.7,0.508888999386734
1895,18.7,0.5464919695688923
1896,18.7,0.5464919695688923
1897,18.7,0.5744534500190532
1898,18.7,0.5744534500190568
1899,18.7,0.5770987685014823
1900,18.7,0.587912087912084
1901,18.7,0.6319775247377031
1902,18.7,0.6319775247377031
1903,18.7,0.6348780932491316
1904,18.7,0.646491969568892
1905,19.0,0.6493809358062634
1906,19.0,0.6493809358062634
1907,19.0,0.6493809358062634
1908,19.0,0.6744534500190547
1909,19.0,0.7088889993867333
1910,19.0,0.7207619931601776
1911,19.0,0.7348780932491294
1912,19.0,0.7348780932491294
1913,19.0,0.7359339001872911
1914,19.0,0.7464919695688916
1915,19.0,0.7464919695688916
1916,19.0,0.7464919695688916
1917,19.0,0.7493809358062649
1918,19.900000000000002,0.7493809358062649
1919,19.900000000000002,0.7493809358062649
1920,19.900000000000002,0.7493809358062649
1921,19.900000000000002,0.7744534500190561
1922,19.900000000000002,0.7744534500190561
1923,19.900000000000002,0.7744534500190561
1924,19.900000000000002,0.7744534500190561
1925,19.900000000000002,0.8088889993867348
1926,19.900000000000002,0.8319775247377041
1927,19.900000000000002,0.8464919695688922
1928,21.3,0.8493809358062663
1929,21.3,0.8493809358062663
1930,21.3,0.8493809358062663
1931,21.3,0.8493809358062663
1932,21.3,0.8493809358062663
1933,21.3,0.8493809358062663
1934,21.3,0.8493809358062663
1935,21.3,0.874453450019054
1936,21.3,0.874453450019054
1937,21.3,0.9319775247377038
1938,21.3,0.9319775247377038
1939,21.3,0.9319775247377038
1940,21.3,0.9319775247377038
1941,21.3,0.9319775247377038
1942,21.3,0.9319775247377038
1943,21.3,0.9464919695688918
1944,21.3,0.9464919695688918
1945,21.3,0.9493809358062606
1946,21.3,0.9744534500190554
1947,21.3,0.9744534500190554
1948,21.3,0.9830313979635221
1949,21.3,1.008888999386734
1950,21.3,1.008888999386734
1951,21.3,1.008888999386734
1952,21.3,1.0319775247377052
1953,21.3,1.0319775247377052
1954,21.3,1.0319775247377052
1955,21.3,1.0359339001872883
1956,21.3,1.0359339001872883
1957,21.3,1.0464919695688915
1958,21.3,1.0464919695688923
1959,21.3,1.049380935806262
1960,21.3,1.049380935806262
1961,21.3,1.065484892181722
1962,21.3,1.0744534500190532
1963,21.3,1.0889678948502457
1964,21.3,1.1319775247377049
1965,21.3,1.1319775247377049
1966,21.3,1.1319775247377049
1967,21.3,1.1348780932491316
1968,21.3,1.1493809358062634
1969,21.3,1.1493809358062634
1970,21.3,1.1493809358062634
1971,21.3,1.1493809358062634
1972,21.3,1.1603373499301028
1973,21.3,1.1654848921817234
1974,21.3,1.1744534500190547
1975,21.3,1.1744534500190547
1976,21.3,1.1879120879120855
1977,21.3,1.2319775247377045
1978,21.3,1.2319775247377045
1979,21.3,1.2493809358062649
1980,21.3,1.2744534500190525
1981,21.3,1.274453450019056
1982,21.3,1.2879120879120833
1983,21.3,1.320761993160179
1984,21.3,1.374453450019054
1985,21.3,1.3879120879120848
1986,21.3,1.4284156266056716
1987,21.3,1.4493809358062677
1988,21.3,1.4591500505527613
1989,21.3,1.4744534500190554
1990,21.3,1.4744534500190554
1991,21.3,1.4744534500190554
1992,21.3,1.4744534500190554
1993,21.3,1.4744534500190554
1994,21.3,1.5464919695688923
1995,21.3,1.5493809358062691
1996,21.3,1.5493809358062691
1997,21.3,1.5493809358062691
1998,21.3,1.5493809358062691
1999,21.3,1.5493809358062691
2000,21.3,1.5493809358062691
2001,21.3,1.5744534500190532
2002,21.3,1.5744534500190532
2003,21.3,1.5744534500190532
2004,21.3,1.5744534500190568
2005,21.3,1.5744534500190568
2006,21.3,1.587912087912084
2007,21.3,1.587912087912084
2008,21.3,1.6319775247377049
2009,21.3,1.6319775247377049
2010,21.3,1.6493809358062634
2011,21.3,1.6493809358062634
2012,21.3,1.7319775247377045
2013,21.3,1.774453450019056
2014,21.3,1.8591500505527634
2015,21.3,1.9319775247377038
2016,21.3,1.9359339001872904
2017,21.3,1.9359339001872904
2018,21.3,1.9464919695688918
2019,21.3,1.9464919695688918
2020,21.3,1.9464919695688918
2021,21.3,1.9464919695688918
2022,21.3,1.9744534500190554
2023,21.3,2.031977524737705
2024,21.3,2.031977524737705
2025,21.3,2.031977524737705
2026,21.3,2.031977524737705
2027,21.3,2.031977524737705
2028,21.3,2.03487809324913
2029,21.3,2.03487809324913
2030,21.3,2.03487809324913
2031,21.3,2.0464919695688915
2032,21.3,2.0464919695688915
2033,21.3,2.0744534500190532
2034,21.3,2.131977524737705
2035,21.3,2.1348780932491316
2036,21.3,2.1493809358062634
2037,21.3,2.1493809358062634
2038,21.3,2.1493809358062634
2039,21.3,2.1744534500190547
2040,21.3,2.1879120879120855
2041,21.3,2.2319775247377045
2042,21.3,2.2348780932491294
2043,21.3,2.2348780932491294
2044,21.3,2.235933900187291
2045,21.3,2.2464919695688916
2046,21.3,2.2464919695688916
2047,21.3,2.2464919695688916
2048,21.3,2.2507151973215325
2049,21.3,2.2573052889794916
2050,21.3,2.3464919695688913
2051,21.3,2.346491969568892
2052,21.3,2.346491969568892
2053,21.3,2.346491969568892
2054,21.3,2.3493809358062663
2055,21.3,2.4088889993867326
2056,21.3,2.431977524737704
2057,21.3,2.446491969568892
2058,21.3,2.446491969568892
2059,21.3,2.474453450019052
2060,21.3,2.474453450019052
2061,21.3,2.4879120879120826
2062,21.3,2.508888999386734
2063,21.3,2.508888999386734
2064,21.3,2.5464919695688923
2065,21.3,2.5464919695688923
2066,21.3,2.549380935806269
2067,21.3,2.549380935806269
2068,21.3,2.6088889993867355
2069,21.3,2.634878093249128
2070,21.3,2.6348780932491316
2071,21.3,2.774453450019056
2072,21.3,2.787912087912087
2073,21.3,2.831977524737704
2074,21.3,2.834878093249131
2075,21.3,2.8744534500190575
2076,21.3,2.8744534500190575
2077,21.3,2.8879120879120848
2078,21.3,2.8879120879120848
2079,21.8,2.8879120879120848
2080,21.8,2.920761993160177
2081,21.8,2.931977524737704
2082,21.8,2.9348780932491287
2083,21.8,2.9493809358062677
2084,22.900000000000002,2.9493809358062677
2085,22.900000000000002,2.974453450019052
2086,22.900000000000002,3.005060248951647
2087,22.900000000000002,3.0319775247377034
2088,22.900000000000002,3.031977524737705
2089,22.900000000000002,3.031977524737705
2090,23.700000000000003,3.031977524737705
2091,23.700000000000003,3.0348780932491266
2092,23.700000000000003,3.0464919695688915
2093,23.700000000000003,3.049380935806269
2094,23.700000000000003,3.049380935806269
2095,23.700000000000003,3.049380935806269
2096,23.700000000000003,3.049380935806269
2097,23.700000000000003,3.049380935806269
2098,23.700000000000003,3.0744534500190532
2099,23.700000000000003,3.0770987685014832
2100,23.700000000000003,3.131977524737705
2101,23.700000000000003,3.146491969568893
2102,23.700000000000003,3.1744534500190547
2103,23.700000000000003,3.1744534500190547
2104,23.700000000000003,3.178282200454145
2105,23.700000000000003,3.2088889993867333
2106,23.700000000000003,3.2319775247377045
2107,23.700000000000003,3.2319775247377045
2108,23.700000000000003,3.2348780932491294
2109,23.700000000000003,3.2348780932491294
2110,23.700000000000003,3.2359339001872875
2111,23.700000000000003,3.2464919695688907
2112,23.700000000000003,3.2464919695688907
2113,23.700000000000003,3.2493809358062578
2114,23.700000000000003,3.249380935806265
2115,23.700000000000003,3.249380935806265
2116,23.700000000000003,3.249380935806265
2117,23.700000000000003,3.2744534500190525
2118,23.700000000000003,3.274453450019056
2119,23.700000000000003,3.316801750285908
2120,23.700000000000003,3.320761993160179
2121,23.700000000000003,3.349380935806259
2122,23.700000000000003,3.3744534500190504
2123,23.700000000000003,3.3744534500190504
2124,23.700000000000003,3.3744534500190504
2125,23.700000000000003,3.4088889993867326
2126,23.700000000000003,3.431977524737704
2127,23.700000000000003,3.431977524737704
2128,23.700000000000003,3.4348780932491287
2129,23.700000000000003,3.4348780932491287
2130,23.700000000000003,3.446491969568892
2131,23.700000000000003,3.531977524737705
2132,23.700000000000003,3.5359339001872883
2133,23.700000000000003,3.5955695887822587
2134,23.700000000000003,3.631977524737705
2135,23.700000000000003,3.631977524737705
2136,23.700000000000003,3.6348780932491316
2137,23.700000000000003,3.7319775247377045
2138,23.700000000000003,3.7319775247377045
2139,23.700000000000003,3.7319775247377045
2140,23.700000000000003,3.7319775247377045
2141,23.700000000000003,3.7464919695688907
2142,23.700000000000003,3.7493809358062578
2143,23.700000000000003,3.7493809358062578
2144,23.700000000000003,3.7493809358062578
2145,23.700000000000003,3.7744534500190525
2146,23.700000000000003,3.774453450019056
2147,23.700000000000003,3.787912087912087
2148,23.700000000000003,3.831977524737704
2149,23.700000000000003,3.8348780932491273
2150,23.700000000000003,3.8348780932491273
2151,23.700000000000003,3.846491969568892
2152,23.700000000000003,3.874453450019054
2153,23.700000000000003,3.8879120879120848
2154,23.700000000000003,3.8879120879120848
2155,23.700000000000003,3.8879120879120848
2156,23.700000000000003,3.9088889993867326
2157,23.700000000000003,3.931977524737704
2158,23.700000000000003,3.931977524737704
2159,23.700000000000003,3.931977524737704
2160,23.700000000000003,3.9464919695688936
2161,23.700000000000003,3.9493809358062677
2162,23.700000000000003,3.9493809358062677
2163,23.700000000000003,3.9744534500190554
2164,23.700000000000003,3.9744534500190554
2165,23.700000000000003,3.9744534500190554
2166,23.700000000000003,3.9770987685014836
2167,23.700000000000003,3.987912087912086
2168,23.700000000000003,3.9896292244708533
2169,23.700000000000003,4.028415626605671
2170,23.700000000000003,4.031977524737705
2171,23.700000000000003,4.031977524737705
2172,23.700000000000003,4.03487809324913
2173,23.700000000000003,4.0464919695688915
2174,23.700000000000003,4.0464919695688915
2175,23.700000000000003,4.057305288979492
2176,23.700000000000003,4.066540699119884
2177,23.700000000000003,4.074453450019053
2178,23.700000000000003,4.087912087912084
2179,23.700000000000003,4.1088889993867355
2180,23.700000000000003,4.1088889993867355
2181,23.700000000000003,4.149380935806263
2182,23.700000000000003,4.149380935806263
2183,23.700000000000003,4.149380935806263
2184,23.700000000000003,4.149380935806263
2185,23.700000000000003,4.149380935806263
2186,23.700000000000003,4.149380935806263
2187,23.700000000000003,4.149380935806263
2188,23.700000000000003,4.174453450019055
2189,23.700000000000003,4.174453450019055
2190,23.700000000000003,4.2319775247377045
2191,23.700000000000003,4.305327101254697
2192,23.700000000000003,4.331977524737706
2193,23.700000000000003,4.331977524737706
2194,23.700000000000003,4.346491969568892
2195,23.700000000000003,4.3744534500190575
2196,23.700000000000003,4.449380935806261
2197,23.700000000000003,4.449380935806261
2198,23.700000000000003,4.449380935806261
2199,23.700000000000003,4.449380935806261
2200,23.700000000000003,4.449380935806261
2201,23.700000000000003,4.449380935806261
2202,23.700000000000003,4.449380935806261
2203,23.700000000000003,4.474453450019055
2204,23.700000000000003,4.474453450019055
2205,23.700000000000003,4.487912087912086
2206,23.700000000000003,4.531977524737705
2207,23.700000000000003,4.549380935806269
2208,23.700000000000003,4.557305288979492
2209,23.700000000000003,4.587912087912084
2210,23.700000000000003,4.631977524737703
2211,23.700000000000003,4.649380935806263
2212,23.700000000000003,4.708888999386733
2213,23.700000000000003,4.720761993160178
2214,23.700000000000003,4.7348780932491294
2215,23.700000000000003,4.7348780932491294
2216,23.700000000000003,4.787912087912087
2217,23.700000000000003,4.831977524737706
2218,23.700000000000003,4.849380935806259
2219,23.700000000000003,4.849380935806259
2220,23.700000000000003,4.887912087912085
2221,23.700000000000003,4.931977524737704
2222,23.700000000000003,4.931977524737704
2223,23.700000000000003,4.931977524737704
2224,23.700000000000003,4.934878093249129
2225,23.700000000000003,4.974453450019052
2226,23.700000000000003,4.987912087912086
2227,23.700000000000003,5.028415626605671
2228,23.700000000000003,5.035933900187288
2229,23.700000000000003,5.049380935806262
2230,23.700000000000003,5.074453450019053
2231,23.700000000000003,5.074453450019053
2232,23.700000000000003,5.149380935806263
2233,23.700000000000003,5.208888999386733
2234,23.700000000000003,5.2319775247377045
2235,23.700000000000003,5.274453450019056
2236,23.700000000000003,5.274453450019056
2237,23.700000000000003,5.274453450019056
2238,23.700000000000003,5.308888999386735
2239,23.700000000000003,5.331977524737702
2240,23.700000000000003,5.3744534500190575
2241,23.700000000000003,5.3744534500190575
2242,23.700000000000003,5.388967894850243
2243,23.700000000000003,5.431977524737704
2244,23.700000000000003,5.449380935806261
2245,27.5,5.474453450019055
2246,27.5,5.474453450019055
2247,27.5,5.474453450019055
2248,27.5,5.474453450019055
2249,27.5,5.474453450019055
2250,27.5,5.474453450019055
2251,27.5,5.535933900187288
2252,27.5,5.587912087912084
2253,27.5,5.6088889993867355
2254,28.200000000000003,5.6088889993867355
2255,28.200000000000003,5.620761993160176
2256,28.200000000000003,5.634878093249128
2257,28.200000000000003,5.634878093249128
2258,28.200000000000003,5.7319775247377045
2259,28.200000000000003,5.7319775247377045
2260,28.200000000000003,5.7348780932491294
2261,28.200000000000003,5.749380935806265
2262,28.200000000000003,5.749380935806265
2263,28.200000000000003,5.749380935806265
2264,28.200000000000003,5.7744534500190525
2265,28.200000000000003,5.7744534500190525
2266,28.200000000000003,5.831977524737702
2267,28.200000000000003,5.834878093249127
2268,28.200000000000003,5.835933900187289
2269,28.200000000000003,5.849380935806259
2270,28.200000000000003,5.849380935806259
2271,28.200000000000003,5.849380935806259
2272,28.200000000000003,5.934878093249129
2273,28.200000000000003,5.974453450019052
2274,28.200000000000003,5.974453450019052
2275,28.200000000000003,6.02181780009834
2276,28.200000000000003,6.031977524737705
2277,28.200000000000003,6.03487809324913
2278,28.200000000000003,6.035933900187288
2279,28.200000000000003,6.0464919695688915
2280,28.200000000000003,6.049380935806269
2281,28.200000000000003,6.065484892181722
2282,28.200000000000003,6.078282200454144
2283,28.200000000000003,6.131977524737707
2284,28.200000000000003,6.149380935806263
2285,28.200000000000003,6.149380935806263
2286,28.200000000000003,6.149380935806263
2287,28.200000000000003,6.149380935806263
2288,28.200000000000003,6.2319775247377045
2289,28.200000000000003,6.249380935806265
2290,28.200000000000003,6.249380935806265
2291,28.200000000000003,6.274453450019056
2292,28.200000000000003,6.274453450019056
2293,28.200000000000003,6.331977524737706
2294,28.200000000000003,6.349380935806259
2295,28.200000000000003,6.349380935806259
2296,28.200000000000003,6.3744534500190575
2297,28.200000000000003,6.3744534500190575
2298,28.200000000000003,6.3744534500190575
2299,28.200000000000003,6.449380935806261
2300,28.200000000000003,6.474453450019055
2301,28.200000000000003,6.53487809324913
2302,28.200000000000003,6.549380935806269
2303,28.200000000000003,6.549380935806269
2304,28.200000000000003,6.549380935806269
2305,28.200000000000003,6.549380935806269
2306,28.200000000000003,6.549380935806269
2307,28.200000000000003,6.549380935806269
2308,28.200000000000003,6.549380935806269
2309,28.200000000000003,6.574453450019057
2310,28.200000000000003,6.587912087912084
2311,28.200000000000003,6.6879120879120855
2312,28.200000000000003,6.7319775247377045
2313,28.200000000000003,6.7319775247377045
2314,28.200000000000003,6.7359339001872875
2315,28.200000000000003,6.749380935806258
2316,28.200000000000003,6.805327101254701
2317,28.200000000000003,6.835933900187289
2318,28.200000000000003,6.887912087912085
2319,28.200000000000003,6.931977524737704
2320,28.200000000000003,6.931977524737704
2321,28.200000000000003,6.934878093249129
2322,28.200000000000003,6.934878093249129
2323,28.200000000000003,6.934878093249129
2324,28.200000000000003,6.949380935806268
2325,28.200000000000003,6.949380935806268
2326,28.200000000000003,6.974453450019055
2327,28.200000000000003,6.974453450019055
2328,28.200000000000003,6.974453450019055
2329,28.200000000000003,6.987912087912086
2330,28.200000000000003,6.987912087912086
2331,28.200000000000003,7.031977524737705
2332,28.200000000000003,7.031977524737705
2333,28.200000000000003,7.035933900187288
2334,28.200000000000003,7.049380935806269
2335,28.200000000000003,7.049380935806269
2336,28.200000000000003,7.091729236073121
2337,28.200000000000003,7.13593390018729
2338,28.200000000000003,7.1879120879120855
2339,28.200000000000003,7.1879120879120855
2340,28.200000000000003,7.249380935806258
2341,28.200000000000003,7.249380935806265
2342,28.200000000000003,7.249380935806265
2343,28.200000000000003,7.249380935806265
2344,28.200000000000003,7.249380935806265
2345,28.200000000000003,7.287912087912087
2346,28.200000000000003,7.331977524737702
2347,28.200000000000003,7.334878093249131
2348,28.200000000000003,7.334878093249131
2349,28.200000000000003,7.3744534500190575
2350,28.200000000000003,7.387912087912088
2351,28.200000000000003,7.431977524737704
2352,28.200000000000003,7.431977524737704
2353,28.200000000000003,7.431977524737704
2354,28.200000000000003,7.431977524737704
2355,28.200000000000003,7.434878093249129
2356,28.200000000000003,7.474453450019052
2357,28.200000000000003,7.474453450019055
2358,28.200000000000003,7.531977524737705
2359,28.200000000000003,7.53487809324913
2360,28.200000000000003,7.549380935806262
2361,28.200000000000003,7.549380935806262
2362,28.200000000000003,7.574453450019053
2363,28.200000000000003,7.646491969568893
2364,28.200000000000003,7.646491969568893
2365,28.200000000000003,7.649380935806263
2366,28.200000000000003,7.674453450019055
2367,28.200000000000003,7.674453450019055
2368,28.200000000000003,7.6879120879120855
2369,28.200000000000003,7.708888999386733
2370,28.200000000000003,7.7348780932491294
2371,28.200000000000003,7.762584323670293
2372,28.200000000000003,7.774453450019056
2373,28.200000000000003,7.808888999386731
2374,28.200000000000003,7.831977524737706
2375,28.200000000000003,7.834878093249131
2376,28.200000000000003,7.846491969568892
2377,28.200000000000003,7.887912087912088
2378,28.200000000000003,7.931977524737704
2379,28.200000000000003,7.977098768501484
2380,28.200000000000003,7.978282200454146
2381,28.200000000000003,8.03487809324913
2382,28.200000000000003,8.04649196956889
2383,28.200000000000003,8.049380935806262
2384,28.200000000000003,8.049380935806262
2385,28.200000000000003,8.049380935806262
2386,28.200000000000003,8.049380935806262
2387,28.200000000000003,8.087912087912088
2388,28.200000000000003,8.134878093249128
2389,28.200000000000003,8.149380935806263
2390,28.200000000000003,8.149380935806263
2391,28.200000000000003,8.149380935806263
2392,28.200000000000003,8.174453450019055
2393,28.200000000000003,8.174453450019055
2394,28.200000000000003,8.174453450019055
2395,28.200000000000003,8.174453450019055
2396,28.200000000000003,8.174453450019055
2397,28.200000000000003,8.177098768501484
2398,28.200000000000003,8.23487809324913
2399,28.200000000000003,8.249380935806265
2400,28.200000000000003,8.249380935806265
2401,28.200000000000003,8.274453450019056
2402,28.200000000000003,8.274453450019056
2403,28.200000000000003,8.289629224470854
2404,28.200000000000003,8.308888999386735
2405,28.200000000000003,8.308888999386735
2406,28.200000000000003,8.331977524737702
2407,28.200000000000003,8.331977524737706
2408,28.200000000000003,8.346491969568891
2409,28.200000000000003,8.36654069911988
2410,28.200000000000003,8.37445345001905
2411,28.200000000000003,8.37445345001905
2412,28.200000000000003,8.374453450019057
2413,28.200000000000003,8.431977524737704
2414,28.200000000000003,8.434878093249129
2415,28.200000000000003,8.44938093580626
2416,28.200000000000003,8.44938093580626
2417,28.200000000000003,8.474453450019052
2418,28.200000000000003,8.474453450019059
2419,28.200000000000003,8.474453450019059
2420,28.200000000000003,8.508888999386734
2421,28.200000000000003,8.531977524737705
2422,28.200000000000003,8.574453450019053
2423,28.200000000000003,8.587912087912084
2424,28.200000000000003,8.631977524737707
2425,28.200000000000003,8.63593390018729
2426,28.200000000000003,8.649380935806263
2427,28.200000000000003,8.649380935806263
2428,28.5,8.674453450019055
2429,28.5,8.674453450019055
2430,28.5,8.674453450019055
2431,28.5,8.731977524737704
2432,28.5,8.731977524737704
2433,28.5,8.731977524737704
2434,28.5,8.746491969568893
2435,28.5,8.778282200454147
2436,28.5,8.831977524737706
2437,28.5,8.831977524737706
2438,28.5,8.846491969568891
2439,28.5,8.874453450019057
2440,28.5,8.887912087912085
2441,28.5,8.90822766976612
2442,28.5,8.946491969568893
2443,28.5,8.974453450019052
2444,28.5,8.974453450019052
2445,28.5,8.974453450019059
2446,28.5,8.987912087912086
2447,28.5,9.008888999386734
2448,28.5,9.04938093580627
2449,28.5,9.04938093580627
2450,28.5,9.074453450019053
2451,28.5,9.077098768501482
2452,28.5,9.149380935806263
2453,28.5,9.174453450019055
2454,28.5,9.174453450019055
2455,28.5,9.187912087912085
2456,28.5,9.208888999386733
2457,28.5,9.249380935806265
2458,28.5,9.249380935806265
2459,28.5,9.274453450019056
2460,28.5,9.274453450019056
2461,28.5,9.274453450019056
2462,28.5,9.274453450019056
2463,28.5,9.287912087912087
2464,28.5,9.349380935806266
2465,28.5,9.349380935806266
2466,28.5,9.349380935806266
2467,28.5,9.387912087912081
2468,28.5,9.431977524737704
2469,28.5,9.43593390018729
2470,28.5,9.44938093580626
2471,28.5,9.474453450019059
2472,28.5,9.474453450019059
2473,28.5,9.574453450019053
2474,28.5,9.628415626605673
2475,28.5,9.631977524737707
2476,28.5,9.631977524737707
2477,28.5,9.649380935806263
2478,28.5,9.649380935806263
2479,28.5,9.649380935806263
2480,28.5,9.674453450019055
2481,28.5,9.687912087912085
2482,28.5,9.731977524737704
2483,28.5,9.749380935806265
2484,28.5,9.749380935806265
2485,28.5,9.749380935806265
2486,28.5,9.774453450019056
2487,28.5,9.831977524737706
2488,28.5,9.84938093580626
2489,28.5,9.874453450019057
2490,28.5,9.874453450019057
2491,28.5,9.946491969568893
2492,28.5,9.974453450019059
2493,28.5,9.974453450019059
2494,28.5,9.978282200454146
2495,28.5,9.987912087912086
2496,28.5,10.03487809324913
2497,28.5,10.074453450019053
2498,28.5,10.120761993160176
2499,28.5,10.131977524737703
2500,28.5,10.131977524737703
2501,28.5,10.134878093249128
2502,28.5,10.231977524737704
2503,28.5,10.231977524737704
2504,28.5,10.231977524737704
2505,28.5,10.234878093249126
2506,28.5,10.235933900187291
2507,28.5,10.249380935806265
2508,28.5,10.308888999386731
2509,28.5,10.434878093249129
2510,28.5,10.44938093580626
2511,28.5,10.44938093580626
2512,28.5,10.44938093580626
2513,28.5,10.44938093580626
2514,28.5,10.44938093580626
2515,28.5,10.44938093580626
2516,28.5,10.549380935806262
2517,28.5,10.549380935806262
2518,28.5,10.549380935806262
2519,28.5,10.649380935806263
2520,28.5,10.649380935806263
2521,28.5,10.649380935806263
2522,28.5,10.649380935806263
2523,28.5,10.649380935806263
2524,28.5,10.649380935806263
2525,28.5,10.649380935806263
2526,28.5,10.674453450019055
2527,28.5,10.674453450019055
2528,28.5,10.674453450019055
2529,28.5,10.674453450019055
2530,28.5,10.674453450019055
2531,28.5,10.731977524737704
2532,28.5,10.731977524737704
2533,28.5,10.731977524737704
2534,28.5,10.731977524737704
2535,28.5,10.734878093249133
2536,28.5,10.749380935806265
2537,28.5,10.749380935806265
2538,28.5,10.774453450019056
2539,28.5,10.774453450019056
2540,28.5,10.808888999386731
2541,28.5,10.831977524737706
2542,28.5,10.84938093580626
2543,28.5,10.84938093580626
2544,28.5,10.849380935806266
2545,28.5,10.849380935806266
2546,28.5,10.849380935806266
2547,28.5,10.849380935806266
2548,28.5,10.849380935806266
2549,28.5,10.849380935806266
2550,28.5,10.849380935806266
2551,28.5,10.849380935806266
2552,28.5,10.849380935806266
2553,28.5,10.849380935806266
2554,28.5,10.874453450019057
2555,28.5,10.874453450019057
2556,28.5,10.874453450019057
2557,28.5,10.931977524737704
2558,28.5,10.931977524737704
2559,28.5,10.974453450019052
2560,28.5,11.04649196956889
2561,28.5,11.074453450019053
2562,28.5,11.074453450019053
2563,28.5,11.074453450019053
2564,28.5,11.07445345001906
2565,28.5,11.07445345001906
2566,28.5,11.149125685777271
2567,28.5,11.149380935806263
2568,28.5,11.149380935806263
2569,28.5,11.174453450019055
2570,28.5,11.174453450019055
2571,28.5,11.174453450019055
2572,28.5,11.174453450019055
2573,28.5,11.231977524737704
2574,28.5,11.231977524737704
2575,28.5,11.249380935806258
2576,28.5,11.249380935806265
2577,28.5,11.249380935806265
2578,28.5,11.249380935806265
2579,28.5,11.249380935806265
2580,28.5,11.262584323670293
2581,28.5,11.274453450019056
2582,28.5,11.331977524737706
2583,28.5,11.34938093580626
2584,28.5,11.34938093580626
2585,28.5,11.374453450019057
2586,28.5,11.44938093580626
2587,28.5,11.474453450019059
2588,28.5,11.531977524737705
2589,28.5,11.549380935806262
2590,28.5,11.549380935806262
2591,28.5,11.57445345001906
2592,28.5,11.674453450019055
2593,28.5,11.674453450019055
2594,28.5,11.674453450019055
2595,28.5,11.749380935806265
2596,28.5,11.749380935806265
2597,28.5,11.749380935806265
2598,28.5,11.760337349930104
2599,28.5,11.760867187111526
2600,28.5,11.774453450019056
2601,28.5,11.787912087912083
2602,28.5,11.831977524737706
2603,28.5,11.83487809324913
2604,28.5,11.874453450019057
2605,28.5,11.874453450019057
2606,28.5,11.934878093249129
2607,28.5,11.93593390018729
2608,28.5,11.93593390018729
2609,28.5,11.974453450019059
2610,28.5,11.974453450019059
2611,28.5,12.04938093580627
2612,28.5,12.074453450019053
2613,28.5,12.074453450019053
2614,28.5,12.149380935806263
2615,28.5,12.149380935806263
2616,28.5,12.149380935806263
2617,28.5,12.174453450019055
2618,28.5,12.174453450019055
2619,28.5,12.174453450019055
2620,28.5,12.174453450019055
2621,28.5,12.231977524737704
2622,28.5,12.249380935806265
2623,28.5,12.249380935806265
2624,28.5,12.249380935806265
2625,28.5,12.331977524737702
2626,28.5,12.331977524737702
2627,28.5,12.331977524737706
2628,28.5,12.331977524737706
2629,28.5,12.34912568577727
2630,28.5,12.374453450019057
2631,28.5,12.387912087912088
2632,28.5,12.431977524737707
2633,28.5,12.431977524737707
2634,28.5,12.44938093580626
2635,28.5,12.44938093580626
2636,28.5,12.44938093580626
2637,28.5,12.474453450019059
2638,28.5,12.549380935806262
2639,28.5,12.549380935806262
2640,28.5,12.549380935806262
2641,28.5,12.549380935806262
2642,28.5,12.549380935806262
2643,28.5,12.549380935806262
2644,28.5,12.549380935806262
2645,28.5,12.549380935806262
2646,28.5,12.549380935806262
2647,28.5,12.549380935806262
2648,28.5,12.57445345001906
2649,28.5,12.587912087912088
2650,28.5,12.631977524737707
2651,28.5,12.631977524737707
2652,28.5,12.649380935806263
2653,28.5,12.649380935806263
2654,28.5,12.649380935806263
2655,28.5,12.674453450019055
2656,28.5,12.674453450019055
2657,28.5,12.687912087912085
2658,28.5,12.687912087912085
2659,28.5,12.708888999386733
2660,28.5,12.728415626605674
2661,28.5,12.760337349930104
2662,28.5,12.774453450019056
2663,28.5,12.774453450019056
2664,28.5,12.774453450019056
2665,28.5,12.774453450019056
2666,28.5,12.831977524737706
2667,28.5,12.831977524737706
2668,28.5,12.834878093249127
2669,28.5,12.835933900187289
2670,28.5,12.874453450019057
2671,28.5,12.908888999386736
2672,28.5,12.934878093249132
2673,28.5,12.935933900187287
2674,28.5,12.946491969568893
2675,28.5,12.94938093580626
2676,28.5,12.978282200454146
2677,28.5,12.987912087912086
2678,28.5,13.008888999386734
2679,28.5,13.031977524737705
2680,28.5,13.03487809324913
2681,28.5,13.049380935806262
2682,28.5,13.049380935806262
2683,28.5,13.049380935806262
2684,28.5,13.149380935806263
2685,28.5,13.149380935806263
2686,28.5,13.174453450019055
2687,28.5,13.174453450019055
2688,28.5,13.174453450019055
2689,28.5,13.208888999386733
2690,28.5,13.231977524737704
2691,28.5,13.234878093249133
2692,28.5,13.249380935806265
2693,28.5,13.249380935806265
2694,28.5,13.249380935806265
2695,28.5,13.249380935806265
2696,28.5,13.249380935806265
2697,28.5,13.249380935806265
2698,28.5,13.249380935806265
2699,28.5,13.249380935806265
2700,28.5,13.274453450019056
2701,28.5,13.291729236073117
2702,28.5,13.331977524737706
2703,28.5,13.335933900187293
2704,28.5,13.34938093580626
2705,28.5,13.34938093580626
2706,28.5,13.349380935806266
2707,28.5,13.349380935806266
2708,28.5,13.37445345001905
2709,28.5,13.37445345001905
2710,28.5,13.434878093249132
2711,28.5,13.44938093580626
2712,28.5,13.474453450019059
2713,28.5,13.474453450019059
2714,28.5,13.487912087912086
2715,28.5,13.649380935806263
2716,28.5,13.649380935806263
2717,28.5,13.649380935806263
2718,28.5,13.674453450019055
2719,28.5,13.731977524737708
2720,28.5,13.774453450019056
2721,28.5,13.83487809324913
2722,28.5,13.874453450019057
2723,28.5,13.908888999386736
2724,28.5,13.931977524737704
2725,28.5,13.93593390018729
2726,28.5,13.93593390018729
2727,28.5,13.974453450019052
2728,28.5,14.074453450019053
2729,28.5,14.074453450019053
2730,28.5,14.108888999386735
2731,28.5,14.108888999386735
2732,28.5,14.12076199316018
2733,28.5,14.149380935806263
2734,28.5,14.174453450019055
2735,28.5,14.178282200454145
2736,28.5,14.24649196956889
2737,28.5,14.249380935806265
2738,28.5,14.249380935806265
2739,28.5,14.249380935806265
2740,28.5,14.249380935806265
2741,28.5,14.249380935806265
2742,28.5,14.249380935806265
2743,28.5,14.287912087912087
2744,28.5,14.287912087912087
2745,28.5,14.331977524737706
2746,28.5,14.349380935806266
2747,28.5,14.349380935806266
2748,28.5,14.37445345001905
2749,28.5,14.37445345001905
2750,28.5,14.374453450019057
2751,28.5,14.387912087912081
2752,28.5,14.405327101254702
2753,28.5,14.408888999386736
2754,28.5,14.434878093249129
2755,28.5,14.449380935806268
2756,28.5,14.460337349930107
2757,28.5,14.474453450019059
2758,28.5,14.574453450019053
2759,28.5,14.57445345001906
2760,28.5,14.587912087912084
2761,28.5,14.587912087912084
2762,28.5,14.646491969568888
2763,28.5,14.646491969568888
2764,28.5,14.649380935806263
2765,28.5,14.649380935806263
2766,28.5,14.649380935806263
2767,28.5,14.674453450019055
2768,28.5,14.734878093249133
2769,28.5,14.74649196956889
2770,28.5,14.749380935806265
2771,28.5,14.749380935806265
2772,28.5,14.749380935806265
2773,28.5,14.749380935806265
2774,28.5,14.749380935806265
2775,28.5,14.749380935806265
2776,28.5,14.787912087912087
2777,28.5,14.831977524737702
2778,28.5,14.831977524737702
2779,28.5,14.831977524737706
2780,28.5,14.931977524737704
2781,28.5,14.974453450019059
2782,28.5,14.974453450019059
2783,28.5,15.031977524737705
2784,28.5,15.03487809324913
2785,28.5,15.04649196956889
2786,28.5,15.049380935806262
2787,28.5,15.049380935806262
2788,28.5,15.049380935806262
2789,28.5,15.049380935806262
2790,28.5,15.049380935806262
2791,28.5,15.074453450019053
2792,28.5,15.087912087912084
2793,28.5,15.131977524737707
2794,28.5,15.134878093249132
2795,28.5,15.134878093249132
2796,28.5,15.149380935806263
2797,28.5,15.274453450019056
2798,28.5,15.274453450019056
2799,28.5,15.287912087912087
2800,28.5,15.334878093249127
2801,28.5,15.435933900187287
2802,28.5,15.44938093580626
2803,28.5,15.44938093580626
2804,28.5,15.44938093580626
2805,28.5,15.44938093580626
2806,28.5,15.44938093580626
2807,28.5,15.459150050552765
2808,28.5,15.549380935806262
2809,28.5,15.549380935806262
2810,28.5,15.549380935806262
2811,28.5,15.562584323670297
2812,28.5,15.57445345001906
2813,28.5,15.649380935806263
2814,28.5,15.649380935806263
2815,28.5,15.649380935806263
2816,28.5,15.649380935806263
2817,28.5,15.649380935806263
2818,28.5,15.649380935806263
2819,28.5,15.731977524737708
2820,28.5,15.831977524737706
2821,28.5,15.849380935806266
2822,28.5,15.849380935806266
2823,28.5,15.849380935806266
2824,28.5,15.849380935806266
2825,28.5,15.849380935806266
2826,28.5,15.849380935806266
2827,28.5,15.849380935806266
2828,28.5,15.849380935806266
2829,28.5,15.849380935806266
2830,28.5,15.931977524737707
2831,28.5,15.974453450019059
2832,28.5,15.974453450019059
2833,28.5,16.074453450019053
2834,28.5,16.074453450019053
2835,28.5,16.108888999386735
2836,28.5,16.15915005055276
2837,28.5,16.174453450019055
2838,28.5,16.188967894850244
2839,28.5,16.234878093249126
2840,28.5,16.249380935806265
2841,28.5,16.249380935806265
2842,28.5,16.408888999386733
2843,28.5,16.42181780009834
2844,28.5,16.474453450019052
2845,28.5,16.47445345001906
2846,28.5,16.549380935806262
2847,28.5,16.549380935806262
2848,28.5,16.549380935806262
2849,28.5,16.549380935806262
2850,28.5,16.549380935806262
2851,28.5,16.549380935806262
2852,28.5,16.549380935806262
2853,28.5,16.549380935806262
2854,28.5,16.549380935806262
2855,28.5,16.73593390018729
2856,28.5,16.749380935806265
2857,28.5,16.749380935806265
2858,28.5,16.749380935806265
2859,28.5,16.749380935806265
2860,28.5,16.774453450019056
2861,28.5,16.80888899938673
2862,28.5,16.874453450019057
2863,28.5,16.874453450019057
2864,28.5,16.931977524737707
2865,28.5,16.94938093580626
2866,28.5,16.94938093580626
2867,28.5,16.94938093580626
2868,28.5,16.97445345001906
2869,28.5,16.97445345001906
2870,28.5,16.97445345001906
2871,28.5,16.97445345001906
2872,28.5,17.03593390018729
2873,28.5,17.04649196956889
2874,28.5,17.04649196956889
2875,28.5,17.049380935806262
2876,28.5,17.087912087912084
2877,28.5,17.149380935806263
2878,28.5,17.165616384620904
2879,28.5,17.17445345001906
2880,28.5,17.231977524737704
2881,28.5,17.244902458024622
2882,28.5,17.249380935806265
2883,28.5,17.357305288979493
2884,28.5,17.44938093580626
2885,28.5,17.44938093580626
2886,28.5,17.44938093580626
2887,28.5,17.449380935806268
2888,28.5,17.549380935806262
2889,28.5,17.549380935806262
2890,28.5,17.549380935806262
2891,28.5,17.649380935806263
2892,28.5,17.649380935806263
2893,28.5,17.649380935806263
2894,28.5,17.649380935806263
2895,28.5,17.649380935806263
2896,28.5,17.649380935806263
2897,28.5,17.649380935806263
2898,28.5,17.649380935806263
2899,28.5,17.649380935806263
2900,28.5,17.649380935806263
2901,28.5,17.674453450019055
2902,28.5,17.691729236073115
2903,28.5,17.749380935806265
2904,28.5,17.749380935806265
2905,28.5,17.749380935806265
2906,28.5,17.787912087912087
2907,28.5,17.787912087912087
2908,28.5,17.831977524737706
2909,28.5,17.834878093249127
2910,28.5,17.849380935806266
2911,28.5,17.94938093580626
2912,28.5,17.94938093580626
2913,28.5,17.94938093580626
2914,28.5,17.949380935806268
2915,28.5,17.949380935806268
2916,28.5,18.031977524737705
2917,28.5,18.049380935806262
2918,28.5,18.049380935806262
2919,28.5,18.049380935806262
2920,28.5,18.049380935806262
2921,28.5,18.049380935806262
2922,28.5,18.049380935806262
2923,28.5,18.049380935806262
2924,28.5,18.049380935806262
2925,28.5,18.049380935806262
2926,28.5,18.074453450019053
2927,28.5,18.131977524737707
2928,28.5,18.13487809324913
2929,28.5,18.174453450019055
2930,28.5,18.231977524737708
2931,28.5,18.231977524737708
2932,28.5,18.231977524737708
2933,28.5,18.249380935806265
2934,28.5,18.249380935806265
2935,28.5,18.249380935806265
2936,28.5,18.349380935806266
2937,28.5,18.349380935806266
2938,28.5,18.349380935806266
2939,28.5,18.349380935806266
2940,28.5,18.349380935806266
2941,28.5,18.37445345001905
2942,28.5,18.44938093580626
2943,28.5,18.44938093580626
2944,28.5,18.449380935806268
2945,28.5,18.449380935806268
2946,28.5,18.449380935806268
2947,28.5,18.449380935806268
2948,28.5,18.449380935806268
2949,28.5,18.505593953557756
2950,28.5,18.531977524737705
2951,28.5,18.549380935806262
2952,28.5,18.549380935806262
2953,28.5,18.549380935806262
2954,28.5,18.574453450019053
2955,28.5,18.63487809324913
2956,28.5,18.63487809324913
2957,28.5,18.649380935806263
2958,28.5,18.649380935806263
2959,28.5,18.649380935806263
2960,28.5,18.649380935806263
2961,28.5,18.687912087912085
2962,28.5,18.708888999386737
2963,28.5,18.749380935806265
2964,28.5,18.749380935806265
2965,28.5,18.749380935806265
2966,28.5,18.749380935806265
2967,28.5,18.749380935806265
2968,28.5,18.749380935806265
2969,28.5,18.749380935806265
2970,28.5,18.831977524737706
2971,28.5,18.849380935806266
2972,28.5,18.849380935806266
2973,28.5,18.849380935806266
2974,28.5,18.874453450019057
2975,28.5,18.874453450019057
2976,28.5,18.908888999386733
2977,28.5,18.90888899938674
2978,28.5,18.949380935806268
2979,28.5,18.949380935806268
2980,28.5,18.949380935806268
2981,28.5,18.97445345001906
2982,28.5,19.008888999386734
2983,28.5,19.035933900187295
2984,28.5,19.049380935806262
2985,28.5,19.14490245802462
2986,28.5,19.149380935806263
2987,28.5,19.149380935806263
2988,28.5,19.249380935806265
2989,28.5,19.249380935806265
2990,28.5,19.249380935806265
2991,28.5,19.249380935806265
2992,28.5,19.287912087912087
2993,28.5,19.331977524737706
2994,28.5,19.349380935806266
2995,28.5,19.349380935806266
2996,28.5,19.349380935806266
2997,28.5,19.40888899938674
2998,28.5,19.40888899938674
2999,28.5,19.53487809324913
3000,28.5,19.53487809324913
3001,28.5,19.546491969568894
3002,28.5,19.546491969568894
3003,28.5,19.560867187111526
3004,28.5,19.649380935806263
3005,28.5,19.649380935806263
3006,28.5,19.649380935806263
3007,28.5,19.649380935806263
3008,28.5,19.649380935806263
3009,28.5,19.649380935806263
3010,28.5,19.649380935806263
3011,28.5,19.749380935806265
3012,28.5,19.749380935806265
3013,28.5,19.749380935806265
3014,28.5,19.749380935806265
3015,28.5,19.749380935806265
3016,28.5,19.749380935806265
3017,28.5,19.749380935806265
3018,28.5,19.749380935806265
3019,28.5,19.749380935806265
3020,28.5,19.774453450019056
3021,28.5,19.80888899938674
3022,28.5,19.835933900187293
3023,28.5,19.84649196956889
3024,28.5,19.849380935806266
3025,28.5,19.849380935806266
3026,28.5,19.849380935806266
3027,28.5,19.849380935806266
3028,28.5,19.849380935806266
3029,28.5,19.849380935806266
3030,28.5,19.849380935806266
3031,28.5,19.849380935806266
3032,28.5,19.88791208791209
3033,28.5,19.891729236073118
3034,28.5,20.03487809324913
3035,28.5,20.049380935806262
3036,28.5,20.049380935806262
3037,28.5,20.082714269139593
3038,28.5,20.131977524737707
3039,28.5,20.13487809324913
3040,28.5,20.13593390018729
3041,28.5,20.187912087912085
3042,28.5,20.2319775247377
3043,28.5,20.2319775247377
3044,28.5,20.231977524737708
3045,28.5,20.249380935806265
3046,28.5,20.249380935806265
3047,28.5,20.249380935806265
3048,28.5,20.249380935806265
3049,28.5,20.249380935806265
3050,28.5,20.274453450019056
3051,28.5,20.30888899938674
3052,28.5,20.33197752473771
3053,28.5,20.349380935806266
3054,28.5,20.349380935806266
3055,28.5,20.349380935806266
3056,28.5,20.349380935806266
3057,28.5,20.349380935806266
3058,28.5,20.38791208791209
3059,28.5,20.38791208791209
3060,28.5,20.38791208791209
3061,28.5,20.431977524737704
3062,28.5,20.435933900187294
3063,28.5,20.449380935806268
3064,28.5,20.449380935806268
3065,28.5,20.449380935806268
3066,28.5,20.449380935806268
3067,28.5,20.449380935806268
3068,28.5,20.449380935806268
3069,28.5,20.47445345001906
3070,28.5,20.549380935806262
3071,28.5,20.549380935806262
3072,28.5,20.549380935806262
3073,28.5,20.631977524737707
3074,28.5,20.734878093249133
3075,28.5,20.749380935806265
3076,28.5,20.749380935806265
3077,28.5,20.749380935806265
3078,28.5,20.749380935806265
3079,28.5,20.749380935806265
3080,28.5,20.835933900187293
3081,28.5,20.849380935806266
3082,28.5,20.849380935806266
3083,28.5,20.849380935806266
3084,28.5,20.94938093580626
3085,28.5,20.94938093580626
3086,28.5,21.146491969568892
3087,28.5,21.17445345001906
3088,28.5,21.2319775247377
3089,28.5,21.287912087912087
3090,28.5,21.449380935806268
3091,28.5,21.449380935806268
3092,28.5,21.449380935806268
3093,28.5,21.449380935806268
3094,28.5,21.449380935806268
3095,28.5,21.508888999386734
3096,28.5,21.631977524737707
3097,28.5,21.749380935806265
3098,28.5,21.749380935806265
3099,28.5,21.749380935806265
3100,28.5,21.788967894850245
3101,28.5,21.83197752473771
3102,28.5,21.849380935806266
3103,28.5,21.849380935806266
3104,28.5,21.849380935806266
3105,28.5,21.849380935806266
3106,28.5,21.849380935806266
3107,28.5,21.87445345001905
3108,28.5,21.87445345001905
3109,28.5,21.94938093580626
3110,28.5,21.94938093580626
3111,28.5,21.94938093580626
3112,28.5,21.94938093580626
3113,28.5,21.94938093580626
3114,28.5,22.082714269139586
3115,28.5,22.13487809324913
3116,28.5,22.187912087912085
3117,28.5,22.249380935806272
3118,28.5,22.274453450019056
3119,28.5,22.274453450019056
3120,28.5,22.274453450019056
3121,28.5,22.274453450019056
3122,28.5,22.274453450019056
3123,28.5,22.37445345001905
3124,28.5,22.649380935806263
3125,28.5,22.649380935806263
3126,28.5,22.649380935806263
3127,28.5,22.749380935806272
3128,28.5,22.749380935806272
3129,28.5,22.749380935806272
3130,28.5,22.749380935806272
3131,28.5,22.834878093249134
3132,28.5,22.849380935806266
3133,28.5,22.849380935806266
3134,28.5,22.849380935806266
3135,28.5,22.849380935806266
3136,28.5,22.849380935806266
3137,28.5,22.849380935806266
3138,28.5,22.849380935806266
3139,28.5,22.849380935806266
3140,28.5,22.849380935806266
3141,28.5,22.849380935806266
3142,28.5,22.849380935806266
3143,28.5,22.849380935806266
3144,28.5,22.849380935806266
3145,28.5,22.849380935806266
3146,28.5,22.849380935806266
3147,28.5,22.849380935806266
3148,28.5,22.849380935806266
3149,28.5,22.849380935806266
3150,28.5,22.849380935806266
3151,28.5,22.860337349930106
3152,28.5,22.88791208791208
3153,28.5,22.88791208791209
3154,28.5,22.931977524737704
3155,28.5,22.94938093580626
3156,28.5,22.94938093580626
3157,28.5,22.974453450019052
3158,28.5,22.974453450019052
3159,28.5,22.987912087912083
3160,28.5,23.03487809324913
3161,28.5,23.03487809324913
3162,28.5,23.049380935806255
3163,28.5,23.049380935806255
3164,28.5,23.049380935806255
3165,28.5,23.049380935806255
3166,28.5,23.049380935806255
3167,28.5,23.04938093580627
3168,28.5,23.04938093580627
3169,28.5,23.04938093580627
3170,28.5,23.04938093580627
3171,28.5,23.04938093580627
3172,28.5,23.04938093580627
3173,28.5,23.04938093580627
3174,28.5,23.04938093580627
3175,28.5,23.04938093580627
3176,28.5,23.174453450019055
3177,28.5,23.17445345001906
3178,28.5,23.349380935806266
3179,28.5,23.349380935806266
3180,28.5,23.349380935806266
3181,28.5,23.349380935806266
3182,28.5,23.374453450019057
3183,28.5,23.374453450019057
3184,28.5,23.44938093580626
3185,28.5,23.44938093580626
3186,28.5,23.44938093580626
3187,28.5,23.459150050552765
3188,28.5,23.531977524737705
3189,28.5,23.531977524737705
3190,28.5,23.674453450019055
3191,28.5,23.749380935806258
3192,28.5,23.749380935806258
3193,28.5,23.749380935806258
3194,28.5,23.749380935806258
3195,28.5,23.749380935806258
3196,28.5,23.749380935806258
3197,28.5,23.749380935806272
3198,28.5,23.749380935806272
3199,28.5,23.749380935806272
3200,28.5,23.749380935806272
3201,28.5,23.749380935806272
3202,28.5,23.749380935806272
3203,28.5,23.749380935806272
3204,28.5,23.749380935806272
3205,28.5,23.749380935806272
3206,28.5,23.787912087912087
3207,28.5,23.849380935806266
3208,28.5,23.849380935806266
3209,28.5,23.849380935806266
3210,28.5,23.849380935806266
3211,28.5,23.849380935806266
3212,28.5,23.874453450019057
3213,28.5,23.931977524737704
3214,28.5,23.93197752473771
3215,28.5,23.94938093580626
3216,28.5,23.94938093580626
3217,28.5,23.94938093580626
3218,28.5,23.94938093580626
3219,28.5,23.94938093580626
3220,28.5,23.94938093580626
3221,28.5,23.974453450019052
3222,28.5,23.974453450019052
3223,28.5,23.974453450019052
3224,28.5,24.031977524737705
3225,28.5,24.049380935806255
3226,28.5,24.049380935806255
3227,28.5,24.049380935806255
3228,28.5,24.049380935806255
3229,28.5,24.174453450019055
3230,28.5,24.17445345001906
3231,28.5,24.17445345001906
3232,28.5,24.374453450019057
3233,28.5,24.374453450019057
3234,28.5,24.38791208791208
3235,28.5,24.474453450019052
3236,28.5,24.474453450019052
3237,28.5,24.531977524737705
3238,28.5,24.583031397963527
3239,28.5,24.587912087912084
3240,28.5,24.649380935806263
3241,28.5,24.649380935806263
3242,28.5,24.649380935806263
3243,28.5,24.649380935806263
3244,28.5,24.731977524737708
3245,28.5,24.746491969568893
3246,28.5,24.749380935806272
3247,28.5,24.749380935806272
3248,28.5,24.749380935806272
3249,28.5,24.749380935806272
3250,28.5,24.749380935806272
3251,28.5,24.749380935806272
3252,28.5,24.749380935806272
3253,28.5,24.749380935806272
3254,28.5,24.749380935806272
3255,28.5,24.749380935806272
3256,28.5,24.749380935806272
3257,28.5,24.749380935806272
3258,28.5,24.749380935806272
3259,28.5,24.80888899938674
3260,28.5,24.849380935806266
3261,28.5,24.849380935806266
3262,28.5,24.849380935806266
3263,28.5,24.849380935806266
3264,28.5,24.849380935806266
3265,28.5,24.849380935806266
3266,28.5,25.04938093580627
3267,28.5,25.07445345001906
3268,28.5,25.07445345001906
3269,28.5,25.149380935806263
3270,28.5,25.149380935806263
3271,28.5,25.149380935806263
3272,28.5,25.149380935806263
3273,28.5,25.149380935806263
3274,28.5,25.149380935806263
3275,28.5,25.249380935806272
3276,28.5,25.249380935806272
3277,28.5,25.249380935806272
3278,28.5,25.249380935806272
3279,28.5,25.249380935806272
3280,28.5,25.374453450019057
3281,28.5,25.431977524737704
3282,28.5,25.44938093580626
3283,28.5,25.54938093580627
3284,28.5,25.54938093580627
3285,28.5,25.54938093580627
3286,28.5,25.54938093580627
3287,28.5,25.54938093580627
3288,28.5,25.54938093580627
3289,28.5,25.54938093580627
3290,28.5,25.574453450019053
3291,28.5,25.574453450019053
3292,28.5,25.649380935806263
3293,28.5,25.649380935806263
3294,28.5,25.649380935806263
3295,28.5,25.649380935806263
3296,28.5,25.649380935806263
3297,28.5,25.649380935806263
3298,28.5,25.649380935806263
3299,28.5,25.649380935806263
3300,28.5,25.649380935806263
3301,28.5,25.649380935806263
3302,28.5,25.674453450019055
3303,28.5,25.674453450019055
3304,28.5,25.674453450019055
3305,28.5,25.849380935806266
3306,28.5,25.849380935806266
3307,28.5,25.882714269139598
3308,28.5,25.93487809324913
3309,28.5,26.016674125271408
3310,28.5,26.03487809324913
3311,28.5,26.2319775247377
3312,28.5,26.274453450019056
3313,28.5,26.274453450019056
3314,28.5,26.274453450019056
3315,28.5,26.349380935806266
3316,28.5,26.349380935806266
3317,28.5,26.349380935806266
3318,28.5,26.349380935806266
3319,28.5,26.349380935806266
3320,28.5,26.349380935806266
3321,28.5,26.349380935806266
3322,28.5,26.349380935806266
3323,28.5,26.349380935806266
3324,28.5,26.349380935806266
3325,28.5,26.349380935806266
3326,28.5,26.349380935806266
3327,28.5,26.374453450019057
3328,28.5,26.434878093249136
3329,28.5,26.44938093580626
3330,28.5,26.44938093580626
3331,28.5,26.44938093580626
3332,28.5,26.44938093580626
3333,28.5,26.44938093580626
3334,28.5,26.44938093580626
3335,28.5,26.48791208791209
3336,28.5,26.53593390018729
3337,28.5,26.54938093580627
3338,28.5,26.54938093580627
3339,28.5,26.54938093580627
3340,28.5,26.54938093580627
3341,28.5,26.54938093580627
3342,28.5,26.54938093580627
3343,28.5,26.54938093580627
3344,28.5,26.628415626605676
3345,28.5,26.708888999386737
3346,28.5,26.80888899938674
3347,28.5,26.931977524737704
3348,28.5,26.94938093580626
3349,28.5,26.94938093580626
3350,28.5,26.94938093580626
3351,28.5,26.94938093580626
3352,28.5,26.94938093580626
3353,28.5,26.94938093580626
3354,28.5,26.94938093580626
3355,28.5,26.94938093580626
3356,28.5,26.94938093580626
3357,28.5,26.94938093580626
3358,28.5,26.94938093580626
3359,28.5,26.94938093580626
3360,28.5,27.04938093580627
3361,28.5,27.04938093580627
3362,28.5,27.04938093580627
3363,28.5,27.04938093580627
3364,28.5,27.04938093580627
3365,28.5,27.21957469378284
3366,28.5,27.249380935806272
3367,28.5,27.249380935806272
3368,28.5,27.346491969568888
3369,28.5,27.374453450019057
3370,28.5,27.434878093249136
3371,28.5,27.434878093249136
3372,28.5,27.47445345001906
3373,28.5,27.774453450019056
3374,28.5,27.874453450019057
3375,28.5,27.874453450019057
3376,28.5,27.882714269139598
3377,28.5,27.88791208791208
3378,28.5,27.94938093580626
3379,28.5,27.94938093580626
3380,28.5,27.94938093580626
3381,28.5,27.94938093580626
3382,28.5,27.94938093580626
3383,28.5,27.94938093580626
3384,28.5,27.94938093580626
3385,28.5,27.94938093580626
3386,28.5,27.94938093580626
3387,28.5,27.94938093580626
3388,28.5,27.94938093580626
3389,28.5,27.94938093580626
3390,28.5,27.991729236073112
3391,28.5,28.031977524737705
3392,28.5,28.049380935806255
3393,28.5,28.049380935806255
3394,28.5,28.049380935806255
3395,28.5,28.049380935806255
3396,28.5,28.049380935806255
3397,28.5,28.049380935806255
3398,28.5,28.074453450019053
3399,28.5,28.074453450019053
3400,28.5,28.149380935806263
3401,28.5,28.149380935806263
3402,28.5,28.149380935806263
3403,28.5,28.149380935806263
3404,28.5,28.149380935806263
3405,28.5,28.149380935806263
3406,28.5,28.374453450019057
3407,28.5,28.48896789485024
3408,28.5,28.5
3409,28.5,28.5
3410,28.5,28.5
3411,28.5,28.5
3412,28.5,28.5
3413,28.5,28.5
3414,28.5,28.5
3415,28.5,28.5
3416,28.5,28.5
3417,28.5,28.5
3418,28.5,28.5
3419,28.5,28.5
3420,28.5,28.5
3421,28.5,28.5
3422,28.5,28.5
3423,28.5,28.5
3424,28.5,28.5
3425,28.5,28.5
3426,28.5,28.5
3427,28.5,28.5
3428,28.5,28.5
3429,28.5,28.5
3430,28.5,28.5
3431,28.5,28.5
3432,28.5,28.5
3433,28.5,28.5
3434,28.5,28.5
3435,28.5,28.5
3436,28.5,28.5
3437,28.5,28.5
3438,28.5,28.5
3439,28.5,28.5
3440,28.5,28.5
3441,28.5,28.5
3442,28.5,28.5
3443,28.5,28.5
3444,28.5,28.5
3445,28.5,28.5
3446,28.5,28.5
3447,28.5,28.5
3448,28.5,28.5
3449,28.5,28.5
3450,28.5,28.5
3451,28.5,28.5
3452,28.5,28.5
3453,28.5,28.5
3454,28.5,28.5
3455,28.5,28.5
3456,28.5,28.5
3457,28.5,28.5
3458,28.5,28.5
3459,28.5,28.5
3460,28.5,28.5
3461,28.5,28.5
3462,28.5,28.5
3463,28.5,28.5
3464,28.5,28.5
3465,28.5,28.5
3466,28.5,28.5
3467,28.5,28.5
3468,28.5,28.5
3469,28.5,28.5
3470,28.5,28.5
3471,28.5,28.5
3472,28.5,28.5
3473,28.5,28.5
3474,28.5,28.5
3475,28.5,28.5
3476,28.5,28.5
3477,28.5,28.5
3478,28.5,28.5
3479,28.5,28.5
3480,28.5,28.5
3481,28.5,28.5
3482,28.5,28.5
3483,28.5,28.5
3484,28.5,28.5
3485,28.5,28.5
3486,28.5,28.5
3487,28.5,28.5
3488,28.5,28.5
3489,28.5,28.5
3490,28.5,28.5
3491,28.5,28.5
3492,28.5,28.5
3493,28.5,28.5
3494,28.5,28.5
3495,28.5,28.5
3496,28.5,28.5
3497,28.5,28.5
3498,28.5,28.5
3499,28.5,28.5
3500,28.5,28.5
3501,28.5,28.5
3502,28.5,28.5
3503,28.5,28.5
3504,28.5,28.5
3505,28.5,28.5
3506,28.5,28.5
3507,28.5,28.5
3508,28.5,28.5
3509,28.5,28.5
3510,28.5,28.5
3511,28.5,28.5
3512,28.5,28.5
3513,28.5,28.5
3514,28.5,28.5
3515,28.5,28.5
3516,28.5,28.5
3517,28.5,28.5
3518,28.5,28.5
3519,28.5,28.5
3520,28.5,28.5
3521,28.5,28.5
3522,28.5,28.5
3523,28.5,28.5
3524,28.5,28.5
3525,28.5,28.5
3526,28.5,28.5
3527,28.5,28.5
3528,28.5,28.5
3529,28.5,28.5
3530,28.5,28.5
3531,28.5,28.5
3532,28.5,28.5
3533,28.5,28.5
3534,28.5,28.5
3535,28.5,28.5
3536,28.5,28.5
3537,28.5,28.5
3538,28.5,28.5
3539,28.5,28.5
3540,28.5,28.5
3541,28.5,28.5
3542,28.5,28.5
3543,28.5,28.5
3544,28.5,28.5
3545,28.5,28.5
3546,28.5,28.5
3547,28.5,28.5
3548,28.5,28.5
3549,28.5,28.5
3550,28.5,28.5
3551,28.5,28.5
3552,28.5,28.5
3553,28.5,28.5
3554,28.5,28.5
3555,28.5,28.5
3556,28.5,28.5
3557,28.5,28.5
3558,28.5,28.5
3559,28.5,28.5
3560,28.5,28.5
3561,28.5,28.5
3562,28.5,28.5
3563,28.5,28.5
3564,28.5,28.5
3565,28.5,28.5
3566,28.5,28.5
3567,28.5,28.5
3568,28.5,28.5
3569,28.5,28.5
3570,28.5,28.5
3571,28.5,28.5
3572,28.5,28.5
3573,28.5,28.5
3574,28.5,28.5
3575,28.5,28.5
3576,28.5,28.5
3577,28.5,28.5
3578,28.5,28.5
3579,28.5,28.5
3580,28.5,28.5
3581,28.5,28.5
3582,28.5,28.5
3583,28.5,28.5
3584,28.5,28.5
3585,28.5,28.5
3586,28.5,28.5
3587,28.5,28.5
3588,28.5,28.5
3589,28.5,28.5
3590,28.5,28.5
3591,28.5,28.5
3592,28.5,28.5
3593,28.5,28.5
3594,28.5,28.5
3595,28.5,28.5
3596,28.5,28.5
3597,28.5,28.5
3598,28.5,28.5
3599,28.5,28.5
3600,28.5,28.5
3601,28.5,28.5
3602,28.5,28.5
3603,28.5,28.5
3604,28.5,28.5
3605,28.5,28.5
3606,28.5,28.5
3607,28.5,28.5
3608,28.5,28.5
3609,28.5,28.5
3610,28.5,28.5
3611,28.5,28.5
3612,28.5,28.5
3613,28.5,28.5
3614,28.5,28.5
3615,28.5,28.5
3616,28.5,28.5
3617,28.5,28.5
3618,28.5,28.5
3619,28.5,28.5
3620,28.5,28.5
3621,28.5,28.5
3622,28.5,28.5
3623,28.5,28.5
3624,28.5,28.5
3625,28.5,28.5
3626,28.5,28.5
3627,28.5,28.5
3628,28.5,28.5
3629,28.5,28.5
3630,28.5,28.5
3631,28.5,28.5
3632,28.5,28.5
3633,28.5,28.5
3634,28.5,28.5
3635,28.5,28.5
3636,28.5,28.5
3637,28.5,28.5
3638,28.5,28.5
3639,28.5,28.5
3640,28.5,28.5
3641,28.5,28.5
3642,28.5,28.5
3643,28.5,28.5
3644,28.5,28.5
3645,28.5,28.5
3646,28.5,28.5
3647,28.5,28.5
3648,28.5,28.5
3649,28.5,28.5
3650,28.5,28.5
3651,28.5,28.5
3652,28.5,28.5
3653,28.5,28.5
3654,28.5,28.5
3655,28.5,28.5
3656,28.5,28.5
3657,28.5,28.5
3658,28.5,28.5
3659,28.5,28.5
3660,28.5,28.5
3661,28.5,28.5
3662,28.5,28.5
3663,28.5,28.5
3664,28.5,28.5
3665,28.5,28.5
3666,28.5,28.5
3667,28.5,28.5
3668,28.5,28.5
3669,28.5,28.5
3670,28.5,28.5
3671,28.5,28.5
3672,28.5,28.5
3673,28.5,28.5
3674,28.5,28.5
3675,28.5,28.5
3676,28.5,28.5
3677,28.5,28.5
3678,28.5,28.5
3679,28.5,28.5
3680,28.5,28.5
3681,28.5,28.5
3682,28.5,28.5
3683,28.5,28.5
3684,28.5,28.5
3685,28.5,28.5
3686,28.5,28.5
3687,28.5,28.5
3688,28.5,28.5
3689,28.5,28.5
3690,28.5,28.5
3691,28.5,28.5
3692,28.5,28.5
3693,28.5,28.5
3694,28.5,28.5
3695,28.5,28.5
3696,28.5,28.5
3697,28.5,28.5
3698,28.5,28.5
3699,28.5,28.5
3700,28.5,28.5
3701,28.5,28.5
3702,28.5,28.5
3703,28.5,28.5
3704,28.5,28.5
3705,28.5,28.5
3706,28.5,28.5
3707,28.5,28.5
3708,28.5,28.5
3709,28.5,28.5
3710,28.5,28.5
3711,28.5,28.5
3712,28.5,28.5
3713,28.5,28.5
3714,28.5,28.5
3715,28.5,28.5
3716,28.5,28.5
3717,28.5,28.5
3718,28.5,28.5
3719,28.5,28.5
3720,28.5,28.5
3721,28.5,28.5
3722,28.5,28.5
3723,28.5,28.5
3724,28.5,28.5
3725,28.5,28.5
3726,28.5,28.5
3727,28.5,28.5
3728,28.5,28.5
3729,28.5,28.5
3730,28.5,28.5
3731,28.5,28.5
3732,28.5,28.5
3733,28.5,28.5
3734,28.5,28.5
3735,28.5,28.5
3736,28.5,28.5
3737,28.5,28.5
3738,28.5,28.5
3739,28.5,28.5
3740,28.5,28.5
3741,28.5,28.5
3742,28.5,28.5
3743,28.5,28.5
3744,28.5,28.5
3745,28.5,28.5
3746,28.5,28.5
3747,28.5,28.5
3748,28.5,28.5
3749,28.5,28.5
3750,28.5,28.5
3751,28.5,28.5
3752,28.5,28.5
3753,28.5,28.5
3754,28.5,28.5
3755,28.5,28.5
3756,28.5,28.5
3757,28.5,28.5
3758,28.5,28.5
3759,28.5,28.5
3760,28.5,28.5
3761,28.5,28.5
3762,28.5,28.5
3763,28.5,28.5
3764,28.5,28.5
3765,28.5,28.5
3766,28.5,28.5
3767,28.5,28.5
3768,28.5,28.5
3769,28.5,28.5
3770,28.5,28.5
3771,28.5,28.5
3772,28.5,28.5
3773,28.5,28.5
3774,28.5,28.5
3775,28.5,28.5
3776,28.5,28.5
3777,28.5,28.5
3778,28.5,28.5
3779,28.5,28.5
3780,28.5,28.5
3781,28.5,28.5
3782,28.5,28.5
3783,28.5,28.5
3784,28.5,28.5
3785,28.5,28.5
3786,28.5,28.5
3787,28.5,28.5
3788,28.5,28.5
3789,28.5,28.5
3790,28.5,28.5
3791,28.5,28.5
3792,28.5,28.5
3793,28.5,28.5
3794,28.5,28.5
3795,28.5,28.5
3796,28.5,28.5
3797,28.5,28.5
3798,28.5,28.5
3799,28.5,28.5
3800,28.5,28.5
3801,28.5,28.5
3802,28.5,28.5
3803,28.5,28.5
3804,28.5,28.5
3805,28.5,28.5
3806,28.5,28.5
3807,28.5,28.5
3808,28.5,28.5
3809,28.5,28.5
3810,28.5,28.5
3811,28.5,28.5
3812,28.5,28.5
3813,28.5,28.5
3814,28.5,28.5
3815,28.5,28.5
3816,28.5,28.5
3817,28.5,28.5
3818,28.5,28.5
3819,28.5,28.5
3820,28.5,28.5
3821,28.5,28.5
3822,28.5,28.5
3823,28.5,28.5
3824,28.5,28.5
3825,28.5,28.5
3826,28.5,28.5
3827,28.5,28.5
3828,28.5,28.5
3829,28.5,28.5
3830,28.5,28.5
3831,28.5,28.5
3832,28.5,28.5
3833,28.5,28.5
3834,28.5,28.5
3835,28.5,28.5
3836,28.5,28.5
3837,28.5,28.5
3838,28.5,28.5
3839,28.5,28.5
3840,28.5,28.5
3841,28.5,28.5
3842,28.5,28.5
3843,28.5,28.5
3844,28.5,28.5
3845,28.5,28.5
3846,28.5,28.5
3847,28.5,28.5
3848,28.5,28.5
3849,28.5,28.5
3850,28.5,28.5
3851,28.5,28.5
3852,28.5,28.5
3853,28.5,28.5
3854,28.5,28.5
3855,28.5,28.5
3856,28.5,28.5
3857,28.5,28.5
3858,28.5,28.5
3859,28.5,28.5
3860,28.5,28.5
3861,28.5,28.5
3862,28.5,28.5
3863,28.5,28.5
3864,28.5,28.5
3865,28.5,28.5
3866,28.5,28.5
3867,28.5,28.5
3868,28.5,28.5
3869,28.5,28.5
3870,28.5,28.5
3871,28.5,28.5
3872,28.5,28.5
3873,28.5,28.5
3874,28.5,28.5
3875,28.5,28.5
3876,28.5,28.5
3877,28.5,28.5
3878,28.5,28.5
3879,28.5,28.5
3880,28.5,28.5
3881,28.5,28.5
3882,28.5,28.5
3883,28.5,28.5
3884,28.5,28.5
3885,28.5,28.5
3886,28.5,28.5
3887,28.5,28.5
3888,28.5,28.5
3889,28.5,28.5
3890,28.5,28.5
3891,28.5,28.5
3892,28.5,28.5
3893,28.5,28.5
3894,28.5,28.5
3895,28.5,28.5
3896,28.5,28.5
3897,28.5,28.5
3898,28.5,28.5
3899,28.5,28.5
3900,28.5,28.5
3901,28.5,28.5
3902,28.5,28.5
3903,28.5,28.5
3904,28.5,28.5
3905,28.5,28.5
3906,28.5,28.5
3907,28.5,28.5
3908,28.5,28.5
3909,28.5,28.5
3910,28.5,28.5
3911,28.5,28.5
3912,28.5,28.5
3913,28.5,28.5
3914,28.5,28.5
3915,28.5,28.5
3916,28.5,28.5
3917,28.5,28.5
3918,28.5,28.5
3919,28.5,28.5
3920,28.5,28.5
3921,28.5,28.5
3922,28.5,28.5
3923,28.5,28.5
3924,28.5,28.5
3925,28.5,28.5
3926,28.5,28.5
3927,28.5,28.5
3928,28.5,28.5
3929,28.5,28.5
3930,28.5,28.5
3931,28.5,28.5
3932,28.5,28.5
3933,28.5,28.5
3934,28.5,28.5
3935,28.5,28.5
3936,28.5,28.5
3937,28.5,28.5
3938,28.5,28.5
3939,28.5,28.5
3940,28.5,28.5
3941,28.5,28.5
3942,28.5,28.5
3943,28.5,28.5
3944,28.5,28.5
3945,28.5,28.5
3946,28.5,28.5
3947,28.5,28.5
3948,28.5,28.5
3949,28.5,28.5
3950,28.5,28.5
3951,28.5,28.5
3952,28.5,28.5
3953,28.5,28.5
3954,28.5,28.5
3955,28.5,28.5
3956,28.5,28.5
3957,28.5,28.5
3958,28.5,28.5
3959,28.5,28.5
3960,28.5,28.5
3961,28.5,28.5
3962,28.5,28.5
3963,28.5,28.5
3964,28.5,28.5
3965,28.5,28.5
3966,28.5,28.5
3967,28.5,28.5
3968,28.5,28.5
3969,28.5,28.5
3970,28.5,28.5
3971,28.5,28.5
3972,28.5,28.5
3973,28.5,28.5
3974,28.5,28.5
3975,28.5,28.5
3976,28.5,28.5
3977,28.5,28.5
3978,28.5,28.5
3979,28.5,28.5
3980,28.5,28.5
3981,28.5,28.5
3982,28.5,28.5
3983,28.5,28.5
3984,28.5,28.5
3985,28.5,28.5
3986,28.5,28.5
3987,28.5,28.5
3988,28.5,28.5
3989,28.5,28.5
3990,28.5,28.5
3991,28.5,28.5
3992,28.5,28.5
3993,28.5,28.5
3994,28.5,28.5
3995,28.5,28.5
3996,28.5,28.5
3997,28.5,28.5
3998,28.5,28.5
3999,28.5,28.5
4000,28.5,28.5
4001,28.5,28.5
4002,28.5,28.5
4003,28.5,28.5
4004,28.5,28.5
4005,28.5,28.5
4006,28.5,28.5
4007,28.5,28.5
4008,28.5,28.5
4009,28.5,28.5
4010,28.5,28.5
4011,28.5,28.5
4012,28.5,28.5
4013,28.5,28.5
4014,28.5,28.5
4015,28.5,28.5
4016,28.5,28.5
4017,28.5,28.5
4018,28.5,28.5
4019,28.5,28.5
4020,28.5,28.5
4021,28.5,28.5
4022,28.5,28.5
4023,28.5,28.5
4024,28.5,28.5
4025,28.5,28.5
4026,28.5,28.5
4027,28.5,28.5
4028,28.5,28.5
4029,28.5,28.5
4030,28.5,28.5
4031,28.5,28.5
4032,28.5,28.5
4033,28.5,28.5
4034,28.5,28.5
4035,28.5,28.5
4036,28.5,28.5
4037,28.5,28.5
4038,28.5,28.5
4039,28.5,28.5
4040,28.5,28.5
4041,28.5,28.5
4042,28.5,28.5
4043,28.5,28.5
4044,28.5,28.5
4045,28.5,28.5
4046,28.5,28.5
4047,28.5,28.5
4048,28.5,28.5
4049,28.5,28.5
4050,28.5,28.5
4051,28.5,28.5
4052,28.5,28.5
4053,28.5,28.5
4054,28.5,28.5
4055,28.5,28.5
4056,28.5,28.5
4057,28.5,28.5
4058,28.5,28.5
4059,28.5,28.5
4060,28.5,28.5
4061,28.5,28.5
4062,28.5,28.5
4063,28.5,28.5
4064,28.5,28.5
4065,28.5,28.5
4066,28.5,28.5
4067,28.5,28.5
4068,28.5,28.5
4069,28.5,28.5
4070,28.5,28.5
4071,28.5,28.5
4072,28.5,28.5
4073,28.5,28.5
4074,28.5,28.5
4075,28.5,28.5
4076,28.5,28.5
4077,28.5,28.5
4078,28.5,28.5
4079,28.5,28.5
4080,28.5,28.5
4081,28.5,28.5
4082,28.5,28.5
4083,28.5,28.5
4084,28.5,28.5
4085,28.5,28.5
4086,28.5,28.5
4087,28.5,28.5
4088,28.5,28.5
4089,28.5,28.5
4090,28.5,28.5
4091,28.5,28.5
4092,28.5,28.5
4093,28.5,28.5
4094,28.5,28.5
4095,28.5,28.5
4096,28.5,28.5
4097,28.5,28.5
4098,28.5,28.5
4099,28.5,28.5
4100,28.5,28.5
4101,28.5,28.5
4102,28.5,28.5
4103,28.5,28.5
4104,28.5,28.5
4105,28.5,28.5
4106,28.5,28.5
4107,28.5,28.5
4108,28.5,28.5
4109,28.5,28.5
4110,28.5,28.5
4111,28.5,28.5
4112,28.5,28.5
4113,28.5,28.5
4114,28.5,28.5
4115,28.5,28.5
4116,28.5,28.5
4117,28.5,28.5
4118,28.5,28.5
4119,28.5,28.5
4120,28.5,28.5
4121,28.5,28.5
4122,28.5,28.5
4123,28.5,28.5
4124,28.5,28.5
4125,28.5,28.5
4126,28.5,28.5
4127,28.5,28.5
4128,28.5,28.5
4129,28.5,28.5
4130,28.5,28.5
4131,28.5,28.5
4132,28.5,28.5
4133,28.5,28.5
4134,28.5,28.5
4135,28.5,28.5
4136,28.5,28.5
4137,28.5,28.5
4138,28.5,28.5
4139,28.5,28.5
4140,28.5,28.5
4141,28.5,28.5
4142,28.5,28.5
4143,28.5,28.5
4144,28.5,28.5
4145,28.5,28.5
4146,28.5,28.5
4147,28.5,28.5
4148,28.5,28.5
4149,28.5,28.5
4150,28.5,28.5
4151,28.5,28.5
4152,28.5,28.5
4153,28.5,28.5
4154,28.5,28.5
4155,28.5,28.5
4156,28.5,28.5
4157,28.5,28.5
4158,28.5,28.5
4159,28.5,28.5
4160,28.5,28.5
4161,28.5,28.5
4162,28.5,28.5
4163,28.5,28.5
4164,28.5,28.5
4165,28.5,28.5
4166,28.5,28.5
4167,28.5,28.5
4168,28.5,28.5
4169,28.5,28.5
4170,28.5,28.5
4171,28.5,28.5
4172,28.5,28.5
4173,28.5,28.5
4174,28.5,28.5
4175,28.5,28.5
4176,28.5,28.5
4177,28.5,28.5
4178,28.5,28.5
4179,28.5,28.5
4180,28.5,28.5
4181,28.5,28.5
4182,28.5,28.5
4183,28.5,28.5
4184,28.5,28.5
4185,28.5,28.5
4186,28.5,28.5
4187,28.5,28.5
4188,28.5,28.5
4189,28.5,28.5
4190,28.5,28.5
4191,28.5,28.5
4192,28.5,28.5
4193,28.5,28.5
4194,28.5,28.5
4195,28.5,28.5
4196,28.5,28.5
4197,28.5,28.5
4198,28.5,28.5
4199,28.5,28.5
4200,28.5,28.5
4201,28.5,28.5
4202,28.5,28.5
4203,28.5,28.5
4204,28.5,28.5
4205,28.5,28.5
4206,28.5,28.5
4207,28.5,28.5
4208,28.5,28.5
4209,28.5,28.5
4210,28.5,28.5
4211,28.5,28.5
4212,28.5,28.5
4213,28.5,28.5
4214,28.5,28.5
4215,28.5,28.5
4216,28.5,28.5
4217,28.5,28.5
4218,28.5,28.5
4219,28.5,28.5
4220,28.5,28.5
4221,28.5,28.5
4222,28.5,28.5
4223,28.5,28.5
4224,28.5,28.5
4225,28.5,28.5
4226,28.5,28.5
4227,28.5,28.5
4228,28.5,28.5
4229,28.5,28.5
4230,28.5,28.5
4231,28.5,28.5
4232,28.5,28.5
4233,28.5,28.5
4234,28.5,28.5
4235,28.5,28.5
4236,28.5,28.5
4237,28.5,28.5
4238,28.5,28.5
4239,28.5,28.5
4240,28.5,28.5
4241,28.5,28.5
4242,28.5,28.5
4243,28.5,28.5
4244,28.5,28.5
4245,28.5,28.5
4246,28.5,28.5
4247,28.5,28.5
4248,28.5,28.5
4249,28.5,28.5
4250,28.5,28.5
4251,28.5,28.5
4252,28.5,28.5
4253,28.5,28.5
4254,28.5,28.5
4255,28.5,28.5
4256,28.5,28.5
4257,28.5,28.5
4258,28.5,28.5
4259,28.5,28.5
4260,28.5,28.5
4261,28.5,28.5
4262,28.5,28.5
4263,28.5,28.5
4264,28.5,28.5
4265,28.5,28.5
4266,28.5,28.5
4267,28.5,28.5
4268,28.5,28.5
4269,28.5,28.5
4270,28.5,28.5
4271,28.5,28.5
4272,28.5,28.5
4273,28.5,28.5
4274,28.5,28.5
4275,28.5,28.5
4276,28.5,28.5
4277,28.5,28.5
4278,28.5,28.5
4279,28.5,28.5
4280,28.5,28.5
4281,28.5,28.5
4282,28.5,28.5
4283,28.5,28.5
4284,28.5,28.5
4285,28.5,28.5
4286,28.5,28.5
4287,28.5,28.5
4288,28.5,28.5
4289,28.5,28.5
4290,28.5,28.5
4291,28.5,28.5
4292,28.5,28.5
4293,28.5,28.5
4294,28.5,28.5
4295,28.5,28.5
4296,28.5,28.5
4297,28.5,28.5
4298,28.5,28.5
4299,28.5,28.5
4300,28.5,28.5
4301,28.5,28.5
4302,28.5,28.5
4303,28.5,28.5
4304,28.5,28.5
4305,28.5,28.5
4306,28.5,28.5
4307,28.5,28.5
4308,28.5,28.5
4309,28.5,28.5
4310,28.5,28.5
4311,28.5,28.5
4312,28.5,28.5
4313,28.5,28.5
4314,28.5,28.5
4315,28.5,28.5
4316,28.5,28.5
4317,28.5,28.5
4318,28.5,28.5
4319,28.5,28.5
4320,28.5,28.5
4321,28.5,28.5
4322,28.5,28.5
4323,28.5,28.5
4324,28.5,28.5
4325,28.5,28.5
4326,28.5,28.5
4327,28.5,28.5
4328,28.5,28.5
4329,28.5,28.5
4330,28.5,28.5
4331,28.5,28.5
4332,28.5,28.5
4333,28.5,28.5
4334,28.5,28.5
4335,28.5,28.5
4336,28.5,28.5
4337,28.5,28.5
4338,28.5,28.5
4339,28.5,28.5
4340,28.5,28.5
4341,28.5,28.5
4342,28.5,28.5
4343,28.5,28.5
4344,28.5,28.5
4345,28.5,28.5
4346,28.5,28.5
4347,28.5,28.5
4348,28.5,28.5
4349,28.5,28.5
4350,28.5,28.5
4351,28.5,28.5
4352,28.5,28.5
4353,28.5,28.5
4354,28.5,28.5
4355,28.5,28.5
4356,28.5,28.5
4357,28.5,28.5
4358,28.5,28.5
4359,28.5,28.5
4360,28.5,28.5
4361,28.5,28.5
4362,28.5,28.5
4363,28.5,28.5
4364,28.5,28.5
4365,28.5,28.5
4366,28.5,28.5
4367,28.5,28.5
4368,28.5,28.5
4369,28.5,28.5
4370,28.5,28.5
4371,28.5,28.5
4372,28.5,28.5
4373,28.5,28.5
4374,28.5,28.5
4375,28.5,28.5
4376,28.5,28.5
4377,28.5,28.5
4378,28.5,28.5
4379,28.5,28.5
4380,28.5,28.5
4381,28.5,28.5
4382,28.5,28.5
4383,28.5,28.5
4384,28.5,28.5
4385,28.5,28.5
4386,28.5,28.5
4387,28.5,28.5
4388,28.5,28.5
4389,28.5,28.5
4390,28.5,28.5
4391,28.5,28.5
4392,28.5,28.5
4393,28.5,28.5
4394,28.5,28.5
4395,28.5,28.5
4396,28.5,28.5
4397,28.5,28.5
4398,28.5,28.5
4399,28.5,28.5
4400,28.5,28.5
4401,28.5,28.5
4402,28.5,28.5
4403,28.5,28.5
4404,28.5,28.5
4405,28.5,28.5
4406,28.5,28.5
4407,28.5,28.5
4408,28.5,28.5
4409,28.5,28.5
4410,28.5,28.5
4411,28.5,28.5
4412,28.5,28.5
4413,28.5,28.5
4414,28.5,28.5
4415,28.5,28.5
4416,28.5,28.5
4417,28.5,28.5
4418,28.5,28.5
4419,28.5,28.5
4420,28.5,28.5
4421,28.5,28.5
4422,28.5,28.5
4423,28.5,28.5
4424,28.5,28.5
4425,28.5,28.5
4426,28.5,28.5
4427,28.5,28.5
4428,28.5,28.5
4429,28.5,28.5
4430,28.5,28.5
4431,28.5,28.5
4432,28.5,28.5
4433,28.5,28.5
4434,28.5,28.5
4435,28.5,28.5
4436,28.5,28.5
4437,28.5,28.5
4438,28.5,28.5
4439,28.5,28.5
4440,28.5,28.5
4441,28.5,28.5
4442,28.5,28.5
4443,28.5,28.5
4444,28.5,28.5
4445,28.5,28.5
4446,28.5,28.5
4447,28.5,28.5
4448,28.5,28.5
4449,28.5,28.5
4450,28.5,28.5
4451,28.5,28.5
4452,28.5,28.5
4453,28.5,28.5
4454,28.5,28.5
4455,28.5,28.5
4456,28.5,28.5
4457,28.5,28.5
4458,28.5,28.5
4459,28.5,28.5
4460,28.5,28.5
4461,28.5,28.5
4462,28.5,28.5
4463,28.5,28.5
4464,28.5,28.5
4465,28.5,28.5
4466,28.5,28.5
4467,28.5,28.5
4468,28.5,28.5
4469,28.5,28.5
4470,28.5,28.5
4471,28.5,28.5
4472,28.5,28.5
4473,28.5,28.5
4474,28.5,28.5
4475,28.5,28.5
4476,28.5,28.5
4477,28.5,28.5
4478,28.5,28.5
4479,28.5,28.5
4480,28.5,28.5
4481,28.5,28.5
4482,28.5,28.5
4483,28.5,28.5
4484,28.5,28.5
4485,28.5,28.5
4486,28.5,28.5
4487,28.5,28.5
4488,28.5,28.5
4489,28.5,28.5
4490,28.5,28.5
4491,28.5,28.5
4492,28.5,28.5
4493,28.5,28.5
4494,28.5,28.5
4495,28.5,28.5
4496,28.5,28.5
4497,28.5,28.5
4498,28.5,28.5
4499,28.5,28.5
4500,28.5,28.5
4501,28.5,28.5
4502,28.5,28.5
4503,28.5,28.5
4504,28.5,28.5
4505,28.5,28.5
4506,28.5,28.5
4507,28.5,28.5
4508,28.5,28.5
4509,28.5,28.5
4510,28.5,28.5
4511,28.5,28.5
4512,28.5,28.5
4513,28.5,28.5
4514,28.5,28.5
4515,28.5,28.5
4516,28.5,28.5
4517,28.5,28.5
4518,28.5,28.5
4519,28.5,28.5
4520,28.5,28.5
4521,28.5,28.5
4522,28.5,28.5
4523,28.5,28.5
4524,28.5,28.5
4525,28.5,28.5
4526,28.5,28.5
4527,28.5,28.5
4528,28.5,28.5
4529,28.5,28.5
4530,28.5,28.5
4531,28.5,28.5
4532,28.5,28.5
4533,28.5,28.5
4534,28.5,28.5
4535,28.5,28.5
4536,28.5,28.5
4537,28.5,28.5
4538,28.5,28.5
4539,28.5,28.5
4540,28.5,28.5
4541,28.5,28.5
4542,28.5,28.5
4543,28.5,28.5
4544,28.5,28.5
4545,28.5,28.5
4546,28.5,28.5
4547,28.5,28.5
4548,28.5,28.5
4549,28.5,28.5
4550,28.5,28.5
4551,28.5,28.5
4552,28.5,28.5
4553,28.5,28.5
4554,28.5,28.5
4555,28.5,28.5
4556,28.5,28.5
4557,28.5,28.5
4558,28.5,28.5
4559,28.5,28.5
4560,28.5,28.5
4561,28.5,28.5
4562,28.5,28.5
4563,28.5,28.5
4564,28.5,28.5
4565,28.5,28.5
4566,28.5,28.5
4567,28.5,28.5
4568,28.5,28.5
4569,28.5,28.5
4570,28.5,28.5
4571,28.5,28.5
4572,28.5,28.5
4573,28.5,28.5
4574,28.5,28.5
4575,28.5,28.5
4576,28.5,28.5
4577,28.5,28.5
4578,28.5,28.5
4579,28.5,28.5
4580,28.5,28.5
4581,28.5,28.5
4582,28.5,28.5
4583,28.5,28.5
4584,28.5,28.5
4585,28.5,28.5
4586,28.5,28.5
4587,28.5,28.5
4588,28.5,28.5
4589,28.5,28.5
4590,28.5,28.5
4591,28.5,28.5
4592,28.5,28.5
4593,28.5,28.5
4594,28.5,28.5
4595,28.5,28.5
4596,28.5,28.5
4597,28.5,28.5
4598,28.5,28.5
4599,28.5,28.5
4600,28.5,28.5
4601,28.5,28.5
4602,28.5,28.5
4603,28.5,28.5
4604,28.5,28.5
4605,28.5,28.5
4606,28.5,28.5
4607,28.5,28.5
4608,28.5,28.5
4609,28.5,28.5
4610,28.5,28.5
4611,28.5,28.5
4612,28.5,28.5
4613,28.5,28.5
4614,28.5,28.5
4615,28.5,28.5
4616,28.5,28.5
4617,28.5,28.5
4618,28.5,28.5
4619,28.5,28.5
4620,28.5,28.5
4621,28.5,28.5
4622,28.5,28.5
4623,28.5,28.5
4624,28.5,28.5
4625,28.5,28.5
4626,28.5,28.5
4627,28.5,28.5
4628,28.5,28.5
4629,28.5,28.5
4630,28.5,28.5
4631,28.5,28.5
4632,28.5,28.5
4633,28.5,28.5
4634,28.5,28.5
4635,28.5,28.5
4636,28.5,28.5
4637,28.5,28.5
4638,28.5,28.5
4639,28.5,28.5
4640,28.5,28.5
4641,28.5,28.5
4642,28.5,28.5
4643,28.5,28.5
4644,28.5,28.5
4645,28.5,28.5
4646,28.5,28.5
4647,28.5,28.5
4648,28.5,28.5
4649,28.5,28.5
4650,28.5,28.5
4651,28.5,28.5
4652,28.5,28.5
4653,28.5,28.5
4654,28.5,28.5
4655,28.5,28.5
4656,28.5,28.5
4657,28.5,28.5
4658,28.5,28.5
4659,28.5,28.5
4660,28.5,28.5
4661,28.5,28.5
4662,28.5,28.5
4663,28.5,28.5
4664,28.5,28.5
4665,28.5,28.5
4666,28.5,28.5
4667,28.5,28.5
4668,28.5,28.5
4669,28.5,28.5
4670,28.5,28.5
4671,28.5,28.5
4672,28.5,28.5
4673,28.5,28.5
4674,28.5,28.5
4675,28.5,28.5
4676,28.5,28.5
4677,28.5,28.5
4678,28.5,28.5
4679,28.5,28.5
4680,28.5,28.5
4681,28.5,28.5
4682,28.5,28.5
4683,28.5,28.5
4684,28.5,28.5
4685,28.5,28.5
4686,28.5,28.5
4687,28.5,28.5
4688,28.5,28.5
4689,28.5,28.5
4690,28.5,28.5
4691,28.5,28.5
4692,28.5,28.5
4693,28.5,28.5
4694,28.5,28.5
4695,28.5,28.5
4696,28.5,28.5
4697,28.5,28.5
4698,28.5,28.5
4699,28.5,28.5
4700,28.5,28.5
4701,28.5,28.5
4702,28.5,28.5
4703,28.5,28.5
4704,28.5,28.5
4705,28.5,28.5
4706,28.5,28.5
4707,28.5,28.5
4708,28.5,28.5
4709,28.5,28.5
4710,28.5,28.5
4711,28.5,28.5
4712,28.5,28.5
4713,28.5,28.5
4714,28.5,28.5
4715,28.5,28.5
4716,28.5,28.5
4717,28.5,28.5
4718,28.5,28.5
4719,28.5,28.5
4720,28.5,28.5
4721,28.5,28.5
4722,28.5,28.5
4723,28.5,28.5
4724,28.5,28.5
4725,28.5,28.5
4726,28.5,28.5
4727,28.5,28.5
4728,28.5,28.5
4729,28.5,28.5
4730,28.5,28.5
4731,28.5,28.5
4732,28.5,28.5
4733,28.5,28.5
4734,28.5,28.5
4735,28.5,28.5
4736,28.5,28.5
4737,28.5,28.5
4738,28.5,28.5
4739,28.5,28.5
4740,28.5,28.5
4741,28.5,28.5
4742,28.5,28.5
4743,28.5,28.5
4744,28.5,28.5
4745,28.5,28.5
4746,28.5,28.5
4747,28.5,28.5
4748,28.5,28.5
4749,28.5,28.5
4750,28.5,28.5
4751,28.5,28.5
4752,28.5,28.5
4753,28.5,28.5
4754,28.5,28.5
4755,28.5,28.5
4756,28.5,28.5
4757,28.5,28.5
4758,28.5,28.5
4759,28.5,28.5
4760,28.5,28.5
4761,28.5,28.5
4762,28.5,28.5
4763,28.5,28.5
4764,28.5,28.5
4765,28.5,28.5
4766,28.5,28.5
4767,28.5,28.5
4768,28.5,28.5
4769,28.5,28.5
4770,28.5,28.5
4771,28.5,28.5
4772,28.5,28.5
4773,28.5,28.5
4774,28.5,28.5
4775,28.5,28.5
4776,28.5,28.5
4777,28.5,28.5
4778,28.5,28.5
4779,28.5,28.5
4780,28.5,28.5
4781,28.5,28.5
4782,28.5,28.5
4783,28.5,28.5
4784,28.5,28.5
4785,28.5,28.5
4786,28.5,28.5
4787,28.5,28.5
4788,28.5,28.5
4789,28.5,28.5
4790,28.5,28.5
4791,28.5,28.5
4792,28.5,28.5
4793,28.5,28.5
4794,28.5,28.5
4795,28.5,28.5
4796,28.5,28.5
4797,28.5,28.5
4798,28.5,28.5
4799,28.5,28.5
4800,28.5,28.5
4801,28.5,28.5
4802,28.5,28.5
4803,28.5,28.5
4804,28.5,28.5
4805,28.5,28.5
4806,28.5,28.5
4807,28.5,28.5
4808,28.5,28.5
4809,28.5,28.5
4810,28.5,28.5
4811,28.5,28.5
4812,28.5,28.5
4813,28.5,28.5
4814,28.5,28.5
4815,28.5,28.5
4816,28.5,28.5
4817,28.5,28.5
4818,28.5,28.5
4819,28.5,28.5
4820,28.5,28.5
4821,28.5,28.5
4822,28.5,28.5
4823,28.5,28.5
4824,28.5,28.5
4825,28.5,28.5
4826,28.5,28.5
4827,28.5,28.5
4828,28.5,28.5
4829,28.5,28.5
4830,28.5,28.5
4831,28.5,28.5
4832,28.5,28.5
4833,28.5,28.5
4834,28.5,28.5
4835,28.5,28.5
4836,28.5,28.5
4837,28.5,28.5
4838,28.5,28.5
4839,28.5,28.5
4840,28.5,28.5
4841,28.5,28.5
4842,28.5,28.5
4843,28.5,28.5
4844,28.5,28.5
4845,28.5,28.5
4846,28.5,28.5
4847,28.5,28.5
4848,28.5,28.5
4849,28.5,28.5
4850,28.5,28.5
4851,28.5,28.5
4852,28.5,28.5
4853,28.5,28.5
4854,28.5,28.5
4855,28.5,28.5
4856,28.5,28.5
4857,28.5,28.5
4858,28.5,28.5
4859,28.5,28.5
4860,28.5,28.5
4861,28.5,28.5
4862,28.5,28.5
4863,28.5,28.5
4864,28.5,28.5
4865,28.5,28.5
4866,28.5,28.5
4867,28.5,28.5
4868,28.5,28.5
4869,28.5,28.5
4870,28.5,28.5
4871,28.5,28.5
4872,28.5,28.5
4873,28.5,28.5
4874,28.5,28.5
4875,28.5,28.5
4876,28.5,28.5
4877,28.5,28.5
4878,28.5,28.5
4879,28.5,28.5
4880,28.5,28.5
4881,28.5,28.5
4882,28.5,28.5
4883,28.5,28.5
4884,28.5,28.5
4885,28.5,28.5
4886,28.5,28.5
4887,28.5,28.5
4888,28.5,28.5
4889,28.5,28.5
4890,28.5,28.5
4891,28.5,28.5
4892,28.5,28.5
4893,28.5,28.5
4894,28.5,28.5
4895,28.5,28.5
4896,28.5,28.5
4897,28.5,28.5
4898,28.5,28.5
4899,28.5,28.5
4900,28.5,28.5
4901,28.5,28.5
4902,28.5,28.5
4903,28.5,28.5
4904,28.5,28.5
4905,28.5,28.5
4906,28.5,28.5
4907,28.5,28.5
4908,28.5,28.5
4909,28.5,28.5
4910,28.5,28.5
4911,28.5,28.5
4912,28.5,28.5
4913,28.5,28.5
4914,28.5,28.5
4915,28.5,28.5
4916,28.5,28.5
4917,28.5,28.5
4918,28.5,28.5
4919,28.5,28.5
4920,28.5,28.5
4921,28.5,28.5
4922,28.5,28.5
4923,28.5,28.5
4924,28.5,28.5
4925,28.5,28.5
4926,28.5,28.5
4927,28.5,28.5
4928,28.5,28.5
4929,28.5,28.5
4930,28.5,28.5
4931,28.5,28.5
4932,28.5,28.5
4933,28.5,28.5
4934,28.5,28.5
4935,28.5,28.5
4936,28.5,28.5
4937,28.5,28.5
4938,28.5,28.5
4939,28.5,28.5
4940,28.5,28.5
4941,28.5,28.5
4942,28.5,28.5
4943,28.5,28.5
4944,28.5,28.5
4945,28.5,28.5
4946,28.5,28.5
4947,28.5,28.5
4948,28.5,28.5
4949,28.5,28.5
4950,28.5,28.5
4951,28.5,28.5
4952,28.5,28.5
4953,28.5,28.5
4954,28.5,28.5
4955,28.5,28.5
4956,28.5,28.5
4957,28.5,28.5
4958,28.5,28.5
4959,28.5,28.5
4960,28.5,28.5
4961,28.5,28.5
4962,28.5,28.5
4963,28.5,28.5
4964,28.5,28.5
4965,28.5,28.5
4966,28.5,28.5
4967,28.5,28.5
4968,28.5,28.5
4969,28.5,28.5
4970,28.5,28.5
4971,28.5,28.5
4972,28.5,28.5
4973,28.5,28.5
4974,28.5,28.5
4975,28.5,28.5
4976,28.5,28.5
4977,28.5,28.5
4978,28.5,28.5
4979,28.5,28.5
4980,28.5,28.5
4981,28.5,28.5
4982,28.5,28.5
4983,28.5,28.5
4984,28.5,28.5
4985,28.5,28.5
4986,28.5,28.5
4987,28.5,28.5
4988,28.5,28.5
4989,28.5,28.5
4990,28.5,28.5
4991,28.5,28.5
4992,28.5,28.5
4993,28.5,28.5
4994,28.5,28.5
4995,28.5,28.5
4996,28.5,28.5
4997,28.5,28.5
4998,28.5,28.5
4999,28.5,28.5
