,hsa_js,add_js
0,0.8,0.0
1,0.8,0.0
2,0.8,0.0
3,0.8,0.0
4,0.8,0.0
5,0.8,0.0
6,0.8,0.0
7,0.8,0.0
8,0.8,0.0
9,0.8,0.0
10,0.8,0.0
11,0.8,0.0
12,0.8,0.0
13,0.8,0.0
14,0.8,0.0
15,0.8,0.0
16,0.8,0.0
17,0.8,0.0
18,0.8,0.0
19,0.8,0.0
20,0.8,0.0
21,0.8,0.0
22,0.8,0.0
23,0.8,0.0
24,0.8,0.0
25,0.8,0.0
26,0.8,0.0
27,0.8,0.0
28,0.8,0.0
29,0.8,0.0
30,0.8,0.0
31,0.8,0.0
32,1.0,0.0
33,1.0,0.0
34,1.0,0.0
35,1.3,0.0
36,1.5,0.0
37,1.5,0.0
38,1.5,0.0
39,1.5,0.0
40,1.5,0.0
41,1.5,0.0
42,1.5,0.0
43,1.8,0.0
44,1.8,0.0
45,1.8,0.0
46,2.2,0.0
47,2.2,0.0
48,2.2,0.0
49,2.2,0.0
50,2.2,0.0
51,2.2,0.0
52,2.2,0.0
53,2.2,0.0
54,2.2,0.0
55,2.2,0.0
56,2.2,0.0
57,2.2,0.0
58,2.2,0.0
59,2.2,0.0
60,2.2,0.0
61,2.2,0.0
62,2.2,0.0
63,2.2,0.0
64,2.2,0.0
65,2.2,0.0
66,2.2,0.0
67,2.2,0.0
68,2.2,0.0
69,2.2,0.0
70,2.2,0.0
71,2.2,0.0
72,2.2,0.0
73,2.2,0.0
74,2.2,0.0
75,2.2,0.0
76,2.2,0.0
77,2.2,0.0
78,2.2,0.0
79,2.2,0.0
80,2.2,0.0
81,2.2,0.0
82,2.2,0.0
83,2.2,0.0
84,2.2,0.0
85,2.2,0.0
86,2.2,0.0
87,2.2,0.0
88,2.2,0.0
89,2.2,0.0
90,2.2,0.0
91,2.2,0.0
92,2.2,0.0
93,2.2,0.0
94,2.2,0.0
95,2.2,0.0
96,2.2,0.0
97,2.2,0.0
98,2.2,0.0
99,2.2,0.0
100,2.2,0.0
101,2.2,0.0
102,2.2,0.0
103,2.2,0.0
104,2.2,0.0
105,2.2,0.0
106,2.2,0.0
107,2.2,0.0
108,2.2,0.0
109,2.2,0.0
110,2.2,0.0
111,2.2,0.0
112,2.2,0.0
113,2.2,0.0
114,2.2,0.0
115,2.3000000000000003,0.0
116,2.3000000000000003,0.0
117,2.4000000000000004,0.0
118,2.4000000000000004,0.0
119,2.4000000000000004,0.0
120,2.4000000000000004,0.0
121,2.5,0.0
122,2.5,0.0
123,2.6,0.0
124,2.6,0.0
125,2.6,0.0
126,2.6,0.0
127,2.6,0.0
128,2.6,0.0
129,2.6,0.0
130,2.6,0.0
131,2.6,0.0
132,2.6,0.0
133,2.6,0.0
134,2.6,0.0
135,2.6,0.0
136,2.6,0.0
137,2.6,0.0
138,2.6,0.0
139,2.6,0.0
140,2.6,0.0
141,2.6,0.0
142,2.6,0.0
143,2.6,0.0
144,2.6,0.0
145,2.6,0.0
146,2.6,0.0
147,2.6,0.0
148,2.6,0.0
149,2.6,0.0
150,2.6,0.0
151,2.6,0.0
152,2.6,0.0
153,2.6,0.0
154,2.6,0.0
155,2.6,0.0
156,2.6,0.0
157,2.6,0.0
158,2.6,0.0
159,2.6,0.0
160,2.6,0.0
161,2.6,0.0
162,2.6,0.0
163,2.6,0.0
164,2.6,0.0
165,2.6,0.0
166,2.6,0.0
167,2.6,0.0
168,2.6,0.0
169,2.6,0.0
170,2.6,0.0
171,2.6,0.0
172,2.6,0.0
173,2.6,0.0
174,2.6,0.0
175,2.6,0.0
176,2.6,0.0
177,2.6,0.0
178,2.6,0.0
179,2.6,0.0
180,2.6,0.0
181,2.6,0.0
182,2.6,0.0
183,2.6,0.0
184,2.6,0.0
185,2.6,0.0
186,2.6,0.0
187,2.6,0.0
188,2.6,0.0
189,2.6,0.0
190,2.6,0.0
191,2.6,0.0
192,2.6,0.0
193,2.6,0.0
194,2.6,0.0
195,2.7,0.0
196,2.7,0.0
197,2.7,0.0
198,2.7,0.0
199,2.7,0.0
200,2.7,0.0
201,2.7,0.0
202,2.9000000000000004,0.0
203,2.9000000000000004,0.0
204,2.9000000000000004,0.0
205,2.9000000000000004,0.0
206,2.9000000000000004,0.0
207,3.1,0.0
208,3.1,0.0
209,3.1,0.0
210,3.1,0.0
211,3.1,0.0
212,3.4000000000000004,0.0
213,3.4000000000000004,0.0
214,3.4000000000000004,0.0
215,3.4000000000000004,0.0
216,3.4000000000000004,0.0
217,3.4000000000000004,0.0
218,3.4000000000000004,0.0
219,3.4000000000000004,0.0
220,3.4000000000000004,0.0
221,3.4000000000000004,0.0
222,3.4000000000000004,0.0
223,3.4000000000000004,0.0
224,3.4000000000000004,0.0
225,3.4000000000000004,0.0
226,3.4000000000000004,0.0
227,3.4000000000000004,0.0
228,3.4000000000000004,0.0
229,3.4000000000000004,0.0
230,3.4000000000000004,0.0
231,3.4000000000000004,0.0
232,3.4000000000000004,0.0
233,3.4000000000000004,0.0
234,3.4000000000000004,0.0
235,3.4000000000000004,0.0
236,3.4000000000000004,0.0
237,3.4000000000000004,0.0
238,3.4000000000000004,0.0
239,3.4000000000000004,0.0
240,3.4000000000000004,0.0
241,3.4000000000000004,0.0
242,3.4000000000000004,0.0
243,3.4000000000000004,0.0
244,3.4000000000000004,0.0
245,3.4000000000000004,0.0
246,3.4000000000000004,0.0
247,3.4000000000000004,0.0
248,3.4000000000000004,0.0
249,3.4000000000000004,0.0
250,3.4000000000000004,0.0
251,3.4000000000000004,0.0
252,3.4000000000000004,0.0
253,3.4000000000000004,0.0
254,3.4000000000000004,0.0
255,3.4000000000000004,0.0
256,3.4000000000000004,0.0
257,3.4000000000000004,0.0
258,3.4000000000000004,0.0
259,3.4000000000000004,0.0
260,3.4000000000000004,0.0
261,3.4000000000000004,0.0
262,3.4000000000000004,0.0
263,3.4000000000000004,0.0
264,3.4000000000000004,0.0
265,3.4000000000000004,0.0
266,3.4000000000000004,0.0
267,3.4000000000000004,0.0
268,3.4000000000000004,0.0
269,3.4000000000000004,0.0
270,3.4000000000000004,0.0
271,3.4000000000000004,0.0
272,3.5,0.0
273,3.5,0.0
274,3.5,0.0
275,3.5,0.0
276,3.5,0.0
277,3.6,0.0
278,3.6,0.0
279,3.6,0.0
280,3.8000000000000003,0.0
281,3.8000000000000003,0.0
282,3.8000000000000003,0.0
283,3.8000000000000003,0.0
284,3.9000000000000004,0.0
285,3.9000000000000004,0.0
286,4.3,0.0
287,4.3,0.0
288,4.3,0.0
289,4.3,0.0
290,4.3,0.0
291,4.3,0.0
292,4.3,0.0
293,4.3,0.0
294,4.3,0.0
295,4.3,0.0
296,4.3,0.0
297,4.3,0.0
298,4.3,0.0
299,4.3,0.0
300,4.3,0.0
301,4.3,0.0
302,4.3,0.0
303,4.3,0.0
304,4.3,0.0
305,4.3,0.0
306,4.3,0.0
307,4.3,0.0
308,4.3,0.0
309,4.3,0.0
310,4.3,0.0
311,4.3,0.0
312,4.3,0.0
313,4.3,0.0
314,4.3,0.0
315,4.3,0.0
316,4.3,0.0
317,4.3,0.0
318,4.3,0.0
319,4.3,0.0
320,4.3,0.0
321,4.3,0.0
322,4.3,0.0
323,4.3,0.0
324,4.3,0.0
325,4.3,0.0
326,4.3,0.0
327,4.3,0.0
328,4.3,0.0
329,4.3,0.0
330,4.3,0.0
331,4.3,0.0
332,4.3,0.0
333,4.3,0.0
334,4.3,0.0
335,4.3,0.0
336,4.3,0.0
337,4.3,0.0
338,4.3,0.0
339,4.3,0.0
340,4.3,0.0
341,4.3,0.0
342,4.3,0.0
343,4.3,0.0
344,4.3,0.0
345,4.3,0.0
346,4.3,0.0
347,4.3,0.0
348,4.3,0.0
349,4.3,0.0
350,4.3,0.0
351,4.3,0.0
352,4.3,0.0
353,4.3,0.0
354,4.3,0.0
355,4.3,0.0
356,4.3,0.0
357,4.3,0.0
358,4.3,0.0
359,4.3,0.0
360,4.3,0.0
361,4.3,0.0
362,4.3,0.0
363,4.3,0.0
364,4.3,0.0
365,4.3,0.0
366,4.3,0.0
367,4.3,0.0
368,4.3,0.0
369,4.3,0.0
370,4.3,0.0
371,4.3,0.0
372,4.3,0.0
373,4.3,0.0
374,4.3,0.0
375,4.3,0.0
376,4.5,0.0
377,4.5,0.0
378,4.5,0.0
379,4.5,0.0
380,4.5,0.0
381,4.5,0.0
382,4.5,0.0
383,4.7,0.0
384,4.7,0.0
385,4.7,0.0
386,4.7,0.0
387,4.7,0.0
388,4.7,0.0
389,4.7,0.0
390,4.7,0.0
391,4.7,0.0
392,4.7,0.0
393,4.7,0.0
394,4.7,0.0
395,4.7,0.0
396,4.7,0.0
397,4.7,0.0
398,4.7,0.0
399,4.7,0.0
400,4.7,0.0
401,4.7,0.0
402,4.7,0.0
403,4.7,0.0
404,4.7,0.0
405,4.7,0.0
406,4.7,0.0
407,4.7,0.0
408,4.7,0.0
409,4.7,0.0
410,4.7,0.0
411,4.7,0.0
412,4.7,0.0
413,4.7,0.0
414,4.7,0.0
415,4.7,0.0
416,4.7,0.0
417,4.7,0.0
418,4.7,0.0
419,4.7,0.0
420,4.7,0.0
421,4.7,0.0
422,4.7,0.0
423,4.7,0.0
424,4.7,0.0
425,4.7,0.0
426,4.7,0.0
427,4.7,0.0
428,4.7,0.0
429,4.7,0.0
430,4.7,0.0
431,4.7,0.0
432,4.7,0.0
433,4.7,0.0
434,4.7,0.0
435,4.7,0.0
436,4.7,0.0
437,4.7,0.0
438,4.7,0.0
439,4.7,0.0
440,4.7,0.0
441,4.7,0.0
442,4.7,0.0
443,4.7,0.0
444,4.7,0.0
445,4.7,0.0
446,4.7,0.0
447,4.7,0.0
448,4.7,0.0
449,4.7,0.0
450,4.7,0.0
451,4.7,0.0
452,4.7,0.0
453,4.7,0.0
454,4.7,0.0
455,4.7,0.0
456,4.7,0.0
457,4.7,0.0
458,4.7,0.0
459,4.7,0.0
460,4.7,0.0
461,4.7,0.0
462,4.7,0.0
463,4.7,0.0
464,4.7,0.0
465,4.7,0.0
466,4.7,0.0
467,4.7,0.0
468,4.7,0.0
469,5.0,0.0
470,5.0,0.0
471,5.0,0.0
472,5.0,0.0
473,5.0,0.0
474,5.0,0.0
475,5.0,0.0
476,5.0,0.0
477,5.0,0.0
478,5.0,0.0
479,5.0,0.0
480,5.0,0.0
481,5.0,0.0
482,5.0,0.0
483,5.0,0.0
484,5.0,0.0
485,5.0,0.0
486,5.0,0.0
487,5.0,0.0
488,5.4,0.0
489,5.4,0.0
490,5.4,0.0
491,5.4,0.0
492,5.4,0.0
493,5.4,0.0
494,5.4,0.0
495,5.4,0.0
496,5.4,0.0
497,5.7,0.0
498,5.7,0.0
499,5.7,0.0
500,5.7,0.0
501,5.7,0.0
502,5.7,0.0
503,5.7,0.0
504,5.9,0.0
505,5.9,0.0
506,5.9,0.0
507,5.9,0.0
508,5.9,0.0
509,5.9,0.0
510,5.9,0.0
511,5.9,0.0
512,5.9,0.0
513,5.9,0.0
514,5.9,0.0
515,5.9,0.0
516,6.1000000000000005,0.0
517,6.1000000000000005,0.0
518,6.1000000000000005,0.0
519,6.1000000000000005,0.0
520,6.1000000000000005,0.0
521,6.1000000000000005,0.0
522,6.1000000000000005,0.0
523,6.1000000000000005,0.0
524,6.1000000000000005,0.0
525,6.4,0.0
526,6.4,0.0
527,6.4,0.0
528,6.4,0.0
529,6.4,0.0
530,6.4,0.0
531,6.4,0.0
532,6.4,0.0
533,6.4,0.0
534,6.4,0.0
535,6.4,0.0
536,6.5,0.0
537,6.5,0.0
538,6.5,0.0
539,6.5,0.0
540,6.5,0.0
541,6.5,0.0
542,6.5,0.0
543,6.5,0.0
544,6.5,0.0
545,6.5,0.0
546,6.5,0.0
547,6.5,0.0
548,6.5,0.0
549,6.5,0.0
550,6.5,0.0
551,6.5,0.0
552,6.5,0.0
553,6.5,0.0
554,6.5,0.0
555,6.5,0.0
556,6.5,0.0
557,6.5,0.0
558,6.5,0.0
559,6.5,0.0
560,6.5,0.0
561,6.5,0.0
562,6.5,0.0
563,6.5,0.0
564,6.5,0.0
565,6.5,0.0
566,6.5,0.0
567,6.5,0.0
568,6.5,0.0
569,6.5,0.0
570,6.5,0.0
571,6.5,0.0
572,6.5,0.0
573,6.5,0.0
574,6.5,0.0
575,6.5,0.0
576,6.5,0.0
577,6.5,0.0
578,6.5,0.0
579,6.5,0.0
580,6.5,0.0
581,6.5,0.0
582,6.5,0.0
583,6.5,0.0
584,6.5,0.0
585,6.5,0.0
586,6.5,0.0
587,6.5,0.0
588,6.5,0.0
589,6.5,0.0
590,6.5,0.0
591,6.5,0.0
592,6.5,0.0
593,6.5,0.0
594,6.5,0.0
595,6.5,0.0
596,6.5,0.0
597,6.5,0.0
598,6.5,0.0
599,6.5,0.0
600,6.5,0.0
601,6.5,0.0
602,6.5,0.0
603,6.5,0.0
604,6.5,0.0
605,6.5,0.0
606,6.7,0.0
607,6.7,0.0
608,6.7,0.0
609,6.7,0.0
610,6.7,0.0
611,6.7,0.0
612,6.7,0.0
613,6.7,0.0
614,6.7,0.0
615,6.7,0.0
616,6.7,0.0
617,6.7,0.0
618,6.7,0.0
619,6.7,0.0
620,6.7,0.0
621,6.7,0.0
622,6.7,0.0
623,6.7,0.0
624,6.7,0.0
625,6.7,0.0
626,6.7,0.0
627,6.7,0.0
628,6.7,0.0
629,7.300000000000001,0.0
630,7.300000000000001,0.0
631,7.300000000000001,0.0
632,7.300000000000001,0.0
633,7.300000000000001,0.0
634,7.300000000000001,0.0
635,7.300000000000001,0.0
636,7.300000000000001,0.0
637,7.300000000000001,0.0
638,7.300000000000001,0.0
639,7.6000000000000005,0.0
640,7.6000000000000005,0.0
641,7.6000000000000005,0.0
642,7.6000000000000005,0.0
643,7.6000000000000005,0.0
644,7.6000000000000005,0.0
645,7.6000000000000005,0.0
646,7.6000000000000005,0.0
647,7.6000000000000005,0.0
648,7.6000000000000005,0.0
649,7.6000000000000005,0.0
650,7.800000000000001,0.0
651,7.800000000000001,0.0
652,7.800000000000001,0.0
653,7.800000000000001,0.0
654,7.800000000000001,0.0
655,7.800000000000001,0.0
656,7.800000000000001,0.0
657,7.800000000000001,0.0
658,7.800000000000001,0.0
659,7.800000000000001,0.0
660,7.800000000000001,0.0
661,7.800000000000001,0.0
662,7.800000000000001,0.0
663,7.800000000000001,0.0
664,7.800000000000001,0.0
665,7.800000000000001,0.0
666,7.800000000000001,0.0
667,7.800000000000001,0.0
668,7.800000000000001,0.0
669,7.800000000000001,0.0
670,7.800000000000001,0.0
671,7.800000000000001,0.0
672,7.800000000000001,0.0
673,7.800000000000001,0.0
674,7.800000000000001,0.0
675,7.800000000000001,0.0
676,7.800000000000001,0.0
677,7.800000000000001,0.0
678,7.800000000000001,0.0
679,7.800000000000001,0.0
680,7.800000000000001,0.0
681,7.800000000000001,0.0
682,7.800000000000001,0.0
683,7.800000000000001,0.0
684,7.800000000000001,0.0
685,7.800000000000001,0.0
686,7.800000000000001,0.0
687,7.800000000000001,0.0
688,7.800000000000001,0.0
689,7.800000000000001,0.0
690,7.800000000000001,0.0
691,7.800000000000001,0.0
692,7.800000000000001,0.0
693,7.800000000000001,0.0
694,7.800000000000001,0.0
695,7.800000000000001,0.0
696,7.800000000000001,0.0
697,7.800000000000001,0.0
698,7.800000000000001,0.0
699,7.800000000000001,0.0
700,7.800000000000001,0.0
701,7.800000000000001,0.0
702,7.800000000000001,0.0
703,7.800000000000001,0.0
704,7.800000000000001,0.0
705,7.800000000000001,0.0
706,7.800000000000001,0.0
707,7.800000000000001,0.0
708,7.800000000000001,0.0
709,7.800000000000001,0.0
710,7.800000000000001,0.0
711,7.800000000000001,0.0
712,7.800000000000001,0.0
713,7.800000000000001,0.0
714,7.800000000000001,0.0
715,7.800000000000001,0.0
716,7.800000000000001,0.0
717,7.800000000000001,0.0
718,7.800000000000001,0.0
719,7.800000000000001,0.0
720,7.800000000000001,0.0
721,7.800000000000001,0.0
722,7.800000000000001,0.0
723,7.800000000000001,0.0
724,7.800000000000001,0.0
725,7.800000000000001,0.0
726,7.800000000000001,0.0
727,7.800000000000001,0.0
728,7.800000000000001,0.0
729,7.800000000000001,0.0
730,7.800000000000001,0.0
731,7.800000000000001,0.0
732,7.800000000000001,0.0
733,7.800000000000001,0.0
734,7.800000000000001,0.0
735,7.800000000000001,0.0
736,7.800000000000001,0.0
737,7.800000000000001,0.0
738,7.800000000000001,0.0
739,8.0,0.0
740,8.0,0.0
741,8.0,0.0
742,8.0,0.0
743,8.0,0.0
744,8.0,0.0
745,8.0,0.0
746,8.0,0.0
747,8.0,0.0
748,8.0,0.0
749,8.0,0.0
750,8.0,0.0
751,8.0,0.0
752,8.0,0.0
753,8.0,0.0
754,8.0,0.0
755,8.0,0.0
756,8.0,0.0
757,8.0,0.0
758,8.0,0.0
759,8.0,0.0
760,8.0,0.0
761,8.0,0.0
762,8.0,0.0
763,8.0,0.0
764,8.0,0.0
765,8.0,0.0
766,8.0,0.0
767,8.0,0.0
768,8.0,0.0
769,8.0,0.0
770,8.0,0.0
771,8.0,0.0
772,8.0,0.0
773,8.0,0.0
774,8.0,0.0
775,8.0,0.0
776,8.0,0.0
777,8.0,0.0
778,8.0,0.0
779,8.0,0.0
780,8.0,0.0
781,8.0,0.0
782,8.0,0.0
783,8.0,0.0
784,8.0,0.0
785,8.0,0.0
786,8.0,0.0
787,8.0,0.0
788,8.0,0.0
789,8.0,0.0
790,8.0,0.0
791,8.0,0.0
792,8.0,0.0
793,8.0,0.0
794,8.0,0.0
795,8.0,0.0
796,8.0,0.0
797,8.0,0.0
798,8.0,0.0
799,8.0,0.0
800,8.0,0.0
801,8.0,0.0
802,8.0,0.0
803,8.0,0.0
804,8.0,0.0
805,8.0,0.0
806,8.0,0.0
807,8.0,0.0
808,8.0,0.0
809,8.0,0.0
810,8.0,0.0
811,8.0,0.0
812,8.0,0.0
813,8.0,0.0
814,8.0,0.0
815,8.0,0.0
816,8.0,0.0
817,8.0,0.0
818,8.0,0.0
819,8.0,0.0
820,8.0,0.0
821,8.0,0.0
822,8.0,0.0
823,8.0,0.0
824,8.0,0.0
825,8.0,0.0
826,8.0,0.0
827,8.0,0.0
828,8.0,0.0
829,8.0,0.0
830,8.0,0.0
831,8.0,0.0
832,8.0,0.0
833,8.0,0.0
834,8.0,0.0
835,8.0,0.0
836,8.0,0.0
837,8.0,0.0
838,8.0,0.0
839,8.0,0.0
840,8.0,0.0
841,8.0,0.0
842,8.0,0.0
843,8.0,0.0
844,8.0,0.0
845,8.0,0.0
846,8.0,0.0
847,8.0,0.0
848,8.0,0.0
849,8.0,0.0
850,8.1,0.0
851,8.1,0.0
852,8.1,0.0
853,8.1,0.0
854,8.1,0.0
855,8.1,0.0
856,8.1,0.0
857,8.1,0.0
858,8.1,0.0
859,8.1,0.0
860,8.1,0.0
861,8.1,0.0
862,8.1,0.0
863,8.1,0.0
864,8.1,0.0
865,8.1,0.0
866,8.1,0.0
867,8.5,0.0
868,8.5,0.0
869,8.5,0.0
870,8.5,0.0
871,8.5,0.0
872,8.5,0.0
873,8.5,0.0
874,8.5,0.0
875,8.5,0.0
876,8.5,0.0
877,8.5,0.0
878,8.5,0.0
879,8.8,0.0
880,8.8,0.0
881,8.8,0.0
882,8.8,0.0
883,8.8,0.0
884,8.8,0.0
885,8.8,0.0
886,8.8,0.0
887,8.8,0.0
888,8.8,0.0
889,8.8,0.0
890,8.8,0.0
891,8.9,0.0
892,8.9,0.0
893,8.9,0.0
894,8.9,0.0
895,8.9,0.0
896,8.9,0.0
897,8.9,0.0
898,8.9,0.0
899,8.9,0.0
900,8.9,0.0
901,8.9,0.0
902,8.9,0.0
903,8.9,0.0
904,8.9,0.0
905,8.9,0.0
906,8.9,0.0
907,8.9,0.0
908,8.9,0.0
909,8.9,0.0
910,8.9,0.0
911,8.9,0.0
912,8.9,0.0
913,8.9,0.0
914,8.9,0.0
915,8.9,0.0
916,8.9,0.0
917,8.9,0.0
918,8.9,0.0
919,8.9,0.0
920,8.9,0.0
921,8.9,0.0
922,8.9,0.0
923,8.9,0.0
924,8.9,0.0
925,8.9,0.0
926,8.9,0.0
927,8.9,0.0
928,8.9,0.0
929,8.9,0.0
930,8.9,0.0
931,8.9,0.0
932,8.9,0.0
933,8.9,0.0
934,8.9,0.0
935,8.9,0.0
936,8.9,0.0
937,8.9,0.0
938,8.9,0.0
939,8.9,0.0
940,8.9,0.0
941,8.9,0.0
942,8.9,0.0
943,8.9,0.0
944,8.9,0.0
945,8.9,0.0
946,8.9,0.0
947,8.9,0.0
948,8.9,0.0
949,8.9,0.0
950,8.9,0.0
951,8.9,0.0
952,8.9,0.0
953,8.9,0.0
954,8.9,0.0
955,8.9,0.0
956,8.9,0.0
957,8.9,0.0
958,8.9,0.0
959,8.9,0.0
960,8.9,0.0
961,8.9,0.0
962,8.9,0.0
963,8.9,0.0
964,8.9,0.0
965,8.9,0.0
966,8.9,0.0
967,8.9,0.0
968,8.9,0.0
969,8.9,0.0
970,8.9,0.0
971,8.9,0.0
972,8.9,0.0
973,8.9,0.0
974,8.9,0.0
975,8.9,0.0
976,8.9,0.0
977,8.9,0.0
978,8.9,0.0
979,8.9,0.0
980,8.9,0.0
981,8.9,0.0
982,8.9,0.0
983,8.9,0.0
984,8.9,0.0
985,8.9,0.0
986,8.9,0.0
987,8.9,0.0
988,8.9,0.0
989,8.9,0.0
990,8.9,0.0
991,8.9,0.0
992,8.9,0.0
993,8.9,0.0
994,8.9,0.0
995,8.9,0.0
996,8.9,0.0
997,8.9,0.0
998,8.9,0.0
999,8.9,0.0
1000,8.9,0.0
1001,8.9,0.0
1002,8.9,0.0
1003,8.9,0.0
1004,8.9,0.0
1005,8.9,0.0
1006,8.9,0.0
1007,8.9,0.0
1008,8.9,0.0
1009,8.9,0.0
1010,8.9,0.0
1011,8.9,0.0
1012,8.9,0.0
1013,8.9,0.0
1014,8.9,0.0
1015,8.9,0.0
1016,8.9,0.0
1017,8.9,0.0
1018,8.9,0.0
1019,8.9,0.0
1020,8.9,0.0
1021,8.9,0.0
1022,8.9,0.0
1023,8.9,0.0
1024,8.9,0.0
1025,8.9,0.0
1026,8.9,0.0
1027,8.9,0.0
1028,8.9,0.0
1029,8.9,0.0
1030,8.9,0.0
1031,8.9,0.0
1032,8.9,0.0
1033,8.9,0.0
1034,8.9,0.0
1035,8.9,0.0
1036,8.9,0.0
1037,8.9,0.0
1038,8.9,0.0
1039,9.200000000000001,0.0
1040,9.200000000000001,0.0
1041,9.200000000000001,0.0
1042,9.200000000000001,0.0
1043,9.200000000000001,0.0
1044,9.200000000000001,0.0
1045,9.200000000000001,0.0
1046,9.200000000000001,0.0
1047,9.200000000000001,0.0
1048,9.200000000000001,0.0
1049,9.200000000000001,0.0
1050,9.200000000000001,0.0
1051,9.200000000000001,0.0
1052,9.200000000000001,0.0
1053,9.200000000000001,0.0
1054,9.200000000000001,0.0
1055,9.200000000000001,0.0
1056,9.200000000000001,0.0
1057,9.200000000000001,0.0
1058,9.200000000000001,0.0
1059,9.200000000000001,0.0
1060,9.200000000000001,0.0
1061,9.200000000000001,0.0
1062,9.200000000000001,0.0
1063,9.200000000000001,0.0
1064,9.200000000000001,0.0
1065,9.200000000000001,0.0
1066,9.200000000000001,0.0
1067,9.200000000000001,0.0
1068,9.200000000000001,0.0
1069,9.200000000000001,0.0
1070,9.200000000000001,0.0
1071,9.200000000000001,0.0
1072,9.200000000000001,0.0
1073,9.200000000000001,0.0
1074,9.200000000000001,0.0
1075,9.200000000000001,0.0
1076,9.200000000000001,0.0
1077,9.200000000000001,0.0
1078,9.200000000000001,0.0
1079,9.200000000000001,0.0
1080,9.200000000000001,0.0
1081,9.200000000000001,0.0
1082,9.200000000000001,0.0
1083,9.200000000000001,0.0
1084,9.200000000000001,0.0
1085,9.200000000000001,0.0
1086,9.200000000000001,0.0
1087,9.200000000000001,0.0
1088,9.200000000000001,0.0
1089,9.200000000000001,0.0
1090,9.200000000000001,0.0
1091,9.200000000000001,0.0
1092,9.200000000000001,0.0
1093,9.200000000000001,0.0
1094,9.200000000000001,0.0
1095,9.200000000000001,0.0
1096,9.200000000000001,0.0
1097,9.200000000000001,0.0
1098,9.200000000000001,0.0
1099,9.200000000000001,0.0
1100,9.200000000000001,0.0
1101,9.200000000000001,0.0
1102,9.200000000000001,0.0
1103,9.200000000000001,0.0
1104,9.200000000000001,0.0
1105,9.200000000000001,0.0
1106,9.200000000000001,0.0
1107,9.200000000000001,0.0
1108,9.200000000000001,0.0
1109,9.200000000000001,0.0
1110,9.200000000000001,0.0
1111,9.200000000000001,0.0
1112,9.200000000000001,0.0
1113,9.200000000000001,0.0
1114,9.200000000000001,0.0
1115,9.200000000000001,0.0
1116,9.200000000000001,0.0
1117,9.200000000000001,0.0
1118,9.200000000000001,0.0
1119,9.200000000000001,0.0
1120,9.200000000000001,0.0
1121,9.200000000000001,0.0
1122,9.200000000000001,0.0
1123,9.200000000000001,0.0
1124,9.200000000000001,0.0
1125,9.200000000000001,0.0
1126,9.200000000000001,0.0
1127,9.200000000000001,0.0
1128,9.200000000000001,0.0
1129,9.200000000000001,0.0
1130,9.200000000000001,0.0
1131,9.200000000000001,0.0
1132,9.200000000000001,0.0
1133,9.200000000000001,0.0
1134,9.200000000000001,0.0
1135,9.200000000000001,0.0
1136,9.200000000000001,0.0
1137,9.200000000000001,0.0
1138,9.200000000000001,0.0
1139,9.200000000000001,0.0
1140,9.200000000000001,0.0
1141,9.200000000000001,0.0
1142,9.200000000000001,0.0
1143,9.200000000000001,0.0
1144,9.200000000000001,0.0
1145,9.200000000000001,0.0
1146,9.200000000000001,0.0
1147,9.200000000000001,0.0
1148,9.200000000000001,0.0
1149,9.200000000000001,0.0
1150,9.200000000000001,0.0
1151,9.200000000000001,0.0
1152,9.200000000000001,0.0
1153,9.200000000000001,0.0
1154,9.200000000000001,0.0
1155,9.200000000000001,0.0
1156,9.200000000000001,0.0
1157,9.200000000000001,0.0
1158,9.200000000000001,0.0
1159,9.200000000000001,0.0
1160,9.200000000000001,0.0
1161,9.200000000000001,0.0
1162,9.200000000000001,0.0
1163,9.200000000000001,0.0
1164,9.200000000000001,0.0
1165,9.200000000000001,0.0
1166,9.200000000000001,0.0
1167,9.200000000000001,0.0
1168,9.200000000000001,0.0
1169,9.200000000000001,0.0
1170,9.200000000000001,0.0
1171,9.200000000000001,0.0
1172,9.200000000000001,0.0
1173,9.200000000000001,0.0
1174,9.200000000000001,0.0
1175,9.200000000000001,0.0
1176,9.200000000000001,0.0
1177,9.200000000000001,0.0
1178,9.5,0.0
1179,9.5,0.0
1180,9.5,0.0
1181,9.5,0.0
1182,9.5,0.0
1183,9.5,0.0
1184,9.5,0.0
1185,9.5,0.0
1186,9.5,0.0
1187,9.5,0.0
1188,9.5,0.0
1189,9.700000000000001,0.0
1190,9.700000000000001,0.0
1191,9.700000000000001,0.0
1192,9.700000000000001,0.0
1193,9.700000000000001,0.0
1194,9.700000000000001,0.0
1195,9.700000000000001,0.0
1196,9.700000000000001,0.0
1197,9.700000000000001,0.0
1198,9.700000000000001,0.0
1199,9.700000000000001,0.0
1200,10.100000000000001,0.0
1201,10.100000000000001,0.0
1202,10.100000000000001,0.0
1203,10.100000000000001,0.0
1204,10.100000000000001,0.0
1205,10.100000000000001,0.0
1206,10.100000000000001,0.0
1207,10.100000000000001,0.0
1208,10.100000000000001,0.0
1209,10.100000000000001,0.0
1210,10.100000000000001,0.0
1211,10.3,0.0
1212,10.3,0.0
1213,10.3,0.0
1214,10.3,0.0
1215,10.3,0.0
1216,10.3,0.0
1217,10.3,0.0
1218,10.3,0.0
1219,10.3,0.0
1220,10.3,0.0
1221,10.3,0.0
1222,10.3,0.0
1223,10.3,0.0
1224,10.3,0.0
1225,10.3,0.0
1226,10.3,0.0
1227,10.3,0.0
1228,10.3,0.0
1229,10.3,0.0
1230,10.3,0.0
1231,10.600000000000001,0.0
1232,10.600000000000001,0.0
1233,10.600000000000001,0.0
1234,10.600000000000001,0.0
1235,10.600000000000001,0.0
1236,10.600000000000001,0.0
1237,10.600000000000001,0.0
1238,10.600000000000001,0.0
1239,10.600000000000001,0.0
1240,10.600000000000001,0.0
1241,10.600000000000001,0.0
1242,10.600000000000001,0.0
1243,10.600000000000001,0.0
1244,10.600000000000001,0.0
1245,10.600000000000001,0.0
1246,10.600000000000001,0.0
1247,10.600000000000001,0.0
1248,10.600000000000001,0.0
1249,10.600000000000001,0.0
1250,10.600000000000001,0.0
1251,10.600000000000001,0.0
1252,10.600000000000001,0.0
1253,10.600000000000001,0.0
1254,10.600000000000001,0.0
1255,10.600000000000001,0.0
1256,10.600000000000001,0.0
1257,10.600000000000001,0.0
1258,10.600000000000001,0.0
1259,10.600000000000001,0.0
1260,10.600000000000001,0.0
1261,10.600000000000001,0.0
1262,10.600000000000001,0.0
1263,10.600000000000001,0.0
1264,10.600000000000001,0.0
1265,10.600000000000001,0.0
1266,10.600000000000001,0.0
1267,10.600000000000001,0.0
1268,10.600000000000001,0.0
1269,10.600000000000001,0.0
1270,10.600000000000001,0.0
1271,10.600000000000001,0.0
1272,10.600000000000001,0.0
1273,10.600000000000001,0.0
1274,10.600000000000001,0.0
1275,10.600000000000001,0.0
1276,10.600000000000001,0.0
1277,10.600000000000001,0.0
1278,10.600000000000001,0.0
1279,10.600000000000001,0.0
1280,10.600000000000001,0.0
1281,10.600000000000001,0.0
1282,10.600000000000001,0.0
1283,10.600000000000001,0.0
1284,10.600000000000001,0.0
1285,10.600000000000001,0.0
1286,10.600000000000001,0.0
1287,10.600000000000001,0.0
1288,10.600000000000001,0.0
1289,10.600000000000001,0.0
1290,10.600000000000001,0.0
1291,10.600000000000001,0.0
1292,10.600000000000001,0.0
1293,10.600000000000001,0.0
1294,10.600000000000001,0.0
1295,10.600000000000001,0.0
1296,10.600000000000001,0.0
1297,10.600000000000001,0.0
1298,10.600000000000001,0.0
1299,10.600000000000001,0.0
1300,10.600000000000001,0.0
1301,10.600000000000001,0.0
1302,10.600000000000001,0.0
1303,10.600000000000001,0.0
1304,10.600000000000001,0.0
1305,10.600000000000001,0.0
1306,10.600000000000001,0.0
1307,10.600000000000001,0.0
1308,10.600000000000001,0.0
1309,10.600000000000001,0.0
1310,10.600000000000001,0.0
1311,10.600000000000001,0.0
1312,10.600000000000001,0.0
1313,10.600000000000001,0.0
1314,10.600000000000001,0.0
1315,10.600000000000001,0.0
1316,10.600000000000001,0.0
1317,10.600000000000001,0.0
1318,10.600000000000001,0.0
1319,10.600000000000001,0.0
1320,10.600000000000001,0.0
1321,10.600000000000001,0.0
1322,10.600000000000001,0.0
1323,11.0,0.0
1324,11.0,0.0
1325,11.0,0.0
1326,11.0,0.0
1327,11.0,0.0
1328,11.0,0.0
1329,11.0,0.0
1330,11.0,0.0
1331,11.0,0.0
1332,11.0,0.0
1333,11.0,0.0
1334,11.0,0.0
1335,11.0,0.0
1336,11.0,0.0
1337,11.0,0.0
1338,11.0,0.0
1339,11.0,0.0
1340,11.0,0.0
1341,11.0,0.0
1342,11.0,0.0
1343,11.0,0.0
1344,11.0,0.0
1345,11.0,0.0
1346,11.0,0.0
1347,11.0,0.0
1348,11.0,0.0
1349,11.0,0.0
1350,11.100000000000001,0.0
1351,11.100000000000001,0.0
1352,11.100000000000001,0.0
1353,11.100000000000001,0.0
1354,11.100000000000001,0.0
1355,11.100000000000001,0.0
1356,11.100000000000001,0.0
1357,11.100000000000001,0.0
1358,11.100000000000001,0.0
1359,11.100000000000001,0.0
1360,11.100000000000001,0.0
1361,11.100000000000001,0.0
1362,11.100000000000001,0.0
1363,11.100000000000001,0.0
1364,11.100000000000001,0.0
1365,11.100000000000001,0.0
1366,11.100000000000001,0.0
1367,11.100000000000001,0.0
1368,11.100000000000001,0.0
1369,11.100000000000001,0.0
1370,11.100000000000001,0.0
1371,11.100000000000001,0.0
1372,11.100000000000001,0.0
1373,11.100000000000001,0.0
1374,11.100000000000001,0.0
1375,11.100000000000001,0.0
1376,12.0,0.0
1377,12.0,0.0
1378,12.0,0.0
1379,12.0,0.0
1380,12.0,0.0
1381,12.0,0.0
1382,12.0,0.0
1383,12.0,0.0
1384,12.0,0.0
1385,12.0,0.0
1386,12.0,0.0
1387,12.0,0.0
1388,12.0,0.0
1389,12.0,0.0
1390,12.0,0.0
1391,12.0,0.0
1392,12.0,0.0
1393,12.0,0.0
1394,12.0,0.0
1395,12.0,0.0
1396,12.0,0.0
1397,12.0,0.0
1398,12.0,0.0
1399,12.0,0.0
1400,12.0,0.0
1401,12.0,0.0
1402,12.0,0.0
1403,12.200000000000001,0.0
1404,12.200000000000001,0.0
1405,12.200000000000001,0.0
1406,12.200000000000001,0.0
1407,12.200000000000001,0.0
1408,12.200000000000001,0.0
1409,12.200000000000001,0.0
1410,12.200000000000001,0.0
1411,12.200000000000001,0.0
1412,12.200000000000001,0.0
1413,12.200000000000001,0.0
1414,12.200000000000001,0.0
1415,12.200000000000001,0.0
1416,12.200000000000001,0.0
1417,12.200000000000001,0.0
1418,12.200000000000001,0.0
1419,12.700000000000001,0.0
1420,12.700000000000001,0.0
1421,12.700000000000001,0.0
1422,12.700000000000001,0.0
1423,12.700000000000001,0.0
1424,12.700000000000001,0.0
1425,12.700000000000001,0.0
1426,12.700000000000001,0.0
1427,12.700000000000001,0.0
1428,12.700000000000001,0.0
1429,12.700000000000001,0.0
1430,12.700000000000001,0.0
1431,12.700000000000001,0.0
1432,12.700000000000001,0.0
1433,12.700000000000001,0.0
1434,12.700000000000001,0.0
1435,12.700000000000001,0.0
1436,12.700000000000001,0.0
1437,12.700000000000001,0.0
1438,12.700000000000001,0.0
1439,12.700000000000001,0.0
1440,12.700000000000001,0.0
1441,12.700000000000001,0.0
1442,12.700000000000001,0.0
1443,13.4,0.0
1444,13.4,0.0
1445,13.4,0.0
1446,13.4,0.0
1447,13.4,0.0
1448,13.4,0.0
1449,13.4,0.0
1450,13.4,0.0
1451,13.4,0.0
1452,13.4,0.0
1453,13.4,0.0
1454,13.4,0.0
1455,13.4,0.0
1456,13.4,0.0
1457,13.4,0.0
1458,13.4,0.0
1459,13.4,0.0
1460,13.4,0.0
1461,13.600000000000001,0.0
1462,13.600000000000001,0.0
1463,13.600000000000001,0.0
1464,13.600000000000001,0.0
1465,13.600000000000001,0.0
1466,13.600000000000001,0.0
1467,13.600000000000001,0.0
1468,13.600000000000001,0.0
1469,13.600000000000001,0.0
1470,13.600000000000001,0.0
1471,13.600000000000001,0.0
1472,13.600000000000001,0.0
1473,13.600000000000001,0.0
1474,13.600000000000001,0.0
1475,13.600000000000001,0.0
1476,13.600000000000001,0.0
1477,13.600000000000001,0.0
1478,13.600000000000001,0.0
1479,13.600000000000001,0.0
1480,13.600000000000001,0.0
1481,13.600000000000001,0.0
1482,13.600000000000001,0.0
1483,13.600000000000001,0.0
1484,13.600000000000001,0.0
1485,13.600000000000001,0.0
1486,13.600000000000001,0.0
1487,13.600000000000001,0.0
1488,13.600000000000001,0.0
1489,13.600000000000001,0.0
1490,13.600000000000001,0.0
1491,13.8,0.0
1492,13.8,0.0
1493,13.8,0.0
1494,13.8,0.0
1495,13.8,0.0
1496,13.8,0.0
1497,13.8,0.0
1498,13.8,0.0
1499,13.8,0.0
1500,13.8,0.0
1501,13.8,0.0
1502,13.8,0.0
1503,13.8,0.0
1504,13.8,0.0
1505,13.8,0.0
1506,13.8,0.0
1507,13.8,0.0
1508,13.8,0.0
1509,13.8,0.0
1510,13.8,0.0
1511,13.8,0.0
1512,13.8,0.0
1513,14.100000000000001,0.0
1514,14.100000000000001,0.0
1515,14.100000000000001,0.0
1516,14.100000000000001,0.0
1517,14.100000000000001,0.0
1518,14.100000000000001,0.0
1519,14.100000000000001,0.0
1520,14.100000000000001,0.0
1521,14.100000000000001,0.0
1522,14.100000000000001,0.0
1523,14.100000000000001,0.0
1524,14.100000000000001,0.0
1525,14.100000000000001,0.0
1526,14.100000000000001,0.0
1527,14.100000000000001,0.0
1528,14.100000000000001,0.0
1529,14.100000000000001,0.0
1530,14.100000000000001,0.0
1531,14.100000000000001,0.0
1532,14.100000000000001,0.0
1533,14.100000000000001,0.0
1534,14.100000000000001,0.0
1535,14.100000000000001,0.0
1536,14.100000000000001,0.0
1537,14.100000000000001,0.0
1538,14.100000000000001,0.0
1539,14.100000000000001,0.0
1540,14.100000000000001,0.0
1541,14.100000000000001,0.0
1542,14.100000000000001,0.0
1543,14.100000000000001,0.0
1544,14.100000000000001,0.0
1545,14.100000000000001,0.0
1546,14.100000000000001,0.0
1547,14.100000000000001,0.0
1548,14.100000000000001,0.0
1549,14.100000000000001,0.0
1550,14.100000000000001,0.0
1551,14.100000000000001,0.0
1552,14.100000000000001,0.0
1553,14.100000000000001,0.0
1554,14.100000000000001,0.0
1555,14.100000000000001,0.0
1556,14.100000000000001,0.0
1557,14.100000000000001,0.0
1558,14.100000000000001,0.0
1559,14.100000000000001,0.0
1560,14.100000000000001,0.0
1561,14.100000000000001,0.0
1562,14.100000000000001,0.0
1563,14.100000000000001,0.0
1564,14.100000000000001,0.0
1565,14.100000000000001,0.0
1566,14.100000000000001,0.0
1567,14.100000000000001,0.0
1568,14.100000000000001,0.0
1569,14.100000000000001,0.0
1570,14.100000000000001,0.0
1571,14.100000000000001,0.0
1572,14.100000000000001,0.0
1573,14.100000000000001,0.0
1574,14.100000000000001,0.0
1575,14.100000000000001,0.0
1576,14.100000000000001,0.0
1577,14.100000000000001,0.0
1578,14.100000000000001,0.0
1579,14.100000000000001,0.0
1580,14.100000000000001,0.0
1581,14.100000000000001,0.0
1582,14.100000000000001,0.0
1583,14.100000000000001,0.0
1584,14.100000000000001,0.0
1585,14.100000000000001,0.0
1586,14.100000000000001,0.0
1587,14.100000000000001,0.0
1588,14.100000000000001,0.0
1589,14.100000000000001,0.0
1590,14.100000000000001,0.0
1591,14.100000000000001,0.0
1592,14.100000000000001,0.0
1593,14.100000000000001,0.0
1594,14.100000000000001,0.0
1595,15.5,0.0
1596,15.5,0.0
1597,15.5,0.0
1598,15.5,0.0
1599,15.5,0.0
1600,15.5,0.0
1601,15.5,0.0
1602,15.5,0.0
1603,15.5,0.0
1604,15.5,0.0
1605,15.5,0.0
1606,15.5,0.0
1607,15.5,0.0
1608,17.1,0.0
1609,17.1,0.0
1610,17.1,0.0
1611,17.1,0.0
1612,17.1,0.0
1613,17.1,0.0
1614,17.1,0.0
1615,17.1,0.0
1616,17.1,0.0
1617,17.1,0.0
1618,17.1,0.0
1619,17.1,0.0
1620,17.1,0.0
1621,17.1,0.0
1622,17.1,0.0
1623,17.1,0.0
1624,17.1,0.0
1625,17.1,0.0
1626,17.2,0.0
1627,17.2,0.0
1628,17.2,0.0
1629,17.2,0.0
1630,17.2,0.0
1631,17.2,0.0
1632,17.2,0.0
1633,17.2,0.0
1634,17.2,0.0
1635,17.2,0.0
1636,17.2,0.0
1637,17.2,0.0
1638,17.2,0.0
1639,17.2,0.0
1640,17.2,0.0
1641,17.2,0.0
1642,17.2,0.0
1643,17.2,0.0
1644,17.2,0.0
1645,17.2,0.0
1646,17.2,0.0
1647,17.2,0.0
1648,17.2,0.0
1649,17.2,0.0
1650,17.2,0.0
1651,17.2,0.0
1652,17.2,0.03197752473770521
1653,20.1,0.03197752473770521
1654,20.1,0.046491969568891456
1655,20.1,0.049380935806262016
1656,20.1,0.049380935806262016
1657,20.1,0.049380935806262016
1658,20.1,0.049380935806262016
1659,20.1,0.049380935806262016
1660,20.1,0.07445345001905324
1661,20.1,0.07445345001905324
1662,20.1,0.07445345001905324
1663,20.1,0.07445345001905324
1664,20.1,0.07445345001905324
1665,20.1,0.12841562660567263
1666,20.1,0.13197752473770308
1667,20.1,0.13593390018728968
1668,20.1,0.13593390018728968
1669,20.1,0.14938093580626344
1670,20.1,0.1625843236702913
1671,20.1,0.18791208791208547
1672,20.1,0.18791208791208547
1673,20.1,0.20888899938673333
1674,20.1,0.2319775247377045
1675,20.1,0.2319775247377045
1676,20.1,0.2319775247377045
1677,20.1,0.23487809324912945
1678,20.1,0.24938093580625775
1679,20.1,0.24938093580625775
1680,20.1,0.2744534500190525
1681,20.1,0.2744534500190525
1682,20.1,0.2744534500190561
1683,20.1,0.2744534500190561
1684,20.1,0.28962922447085226
1685,20.1,0.3319775247377059
1686,20.1,0.34649196956889217
1687,20.1,0.34649196956889217
1688,20.1,0.34649196956889217
1689,20.1,0.34649196956889217
1690,20.1,0.34649196956889217
1691,20.1,0.3493809358062592
1692,20.1,0.3493809358062592
1693,20.1,0.4088889993867326
1694,20.1,0.43197752473770556
1695,20.1,0.43197752473770556
1696,20.1,0.4464919695688918
1697,20.1,0.4464919695688918
1698,20.1,0.4493809358062606
1699,20.1,0.4493809358062606
1700,20.1,0.4493809358062606
1701,20.1,0.4493809358062606
1702,20.1,0.4493809358062606
1703,20.1,0.46033734993010356
1704,20.1,0.5603373499301014
1705,20.1,0.6319775247377049
1706,20.1,0.6348780932491316
1707,20.1,0.6464919695688911
1708,20.1,0.6493809358062634
1709,20.1,0.6493809358062634
1710,20.1,0.6493809358062634
1711,20.1,0.6744534500190547
1712,20.1,0.6744534500190547
1713,20.1,0.7319775247377045
1714,20.1,0.7319775247377045
1715,20.1,0.7319775247377045
1716,20.1,0.7464919695688916
1717,20.1,0.7879120879120869
1718,20.1,0.7879120879120869
1719,20.1,0.7917292360731096
1720,20.1,0.8319775247377041
1721,20.1,0.8319775247377059
1722,20.1,0.8348780932491309
1723,20.1,0.835933900187289
1724,20.1,0.8493809358062663
1725,20.1,0.8493809358062663
1726,20.1,0.8665406991198807
1727,20.1,0.8665406991198807
1728,20.1,0.9319775247377038
1729,20.1,0.9348780932491287
1730,20.1,0.9493809358062606
1731,20.1,0.9744534500190518
1732,20.1,1.0319775247377052
1733,20.1,1.0319775247377052
1734,20.400000000000002,1.0348780932491302
1735,20.400000000000002,1.0359339001872883
1736,20.400000000000002,1.049380935806262
1737,20.400000000000002,1.049380935806262
1738,20.400000000000002,1.049380935806262
1739,20.400000000000002,1.1493809358062634
1740,20.400000000000002,1.1744534500190547
1741,20.400000000000002,1.1879120879120855
1742,20.400000000000002,1.2319775247377045
1743,20.400000000000002,1.2319775247377045
1744,20.400000000000002,1.2319775247377045
1745,20.400000000000002,1.2348780932491294
1746,20.400000000000002,1.235933900187291
1747,20.400000000000002,1.2464919695688916
1748,20.400000000000002,1.2464919695688916
1749,20.400000000000002,1.249125685777269
1750,20.400000000000002,1.2744534500190525
1751,20.400000000000002,1.287912087912087
1752,20.400000000000002,1.287912087912087
1753,20.400000000000002,1.2896292244708523
1754,20.400000000000002,1.3088889993867312
1755,20.400000000000002,1.3319775247377041
1756,20.400000000000002,1.3319775247377041
1757,20.400000000000002,1.3319775247377041
1758,20.400000000000002,1.3319775247377041
1759,20.400000000000002,1.3319775247377041
1760,20.400000000000002,1.3493809358062592
1761,20.400000000000002,1.3493809358062592
1762,20.400000000000002,1.3493809358062592
1763,20.400000000000002,1.4348780932491287
1764,20.400000000000002,1.4348780932491287
1765,20.400000000000002,1.4348780932491287
1766,20.400000000000002,1.4464919695688918
1767,20.400000000000002,1.4493809358062606
1768,20.400000000000002,1.4493809358062606
1769,20.400000000000002,1.4493809358062606
1770,20.400000000000002,1.4573052889794944
1771,20.400000000000002,1.4744534500190518
1772,22.0,1.549380935806262
1773,22.0,1.549380935806262
1774,22.0,1.587912087912084
1775,22.0,1.6088889993867355
1776,22.0,1.6319775247377049
1777,22.0,1.6319775247377049
1778,22.0,1.6319775247377049
1779,22.0,1.6348780932491316
1780,22.0,1.646491969568891
1781,22.0,1.6744534500190547
1782,22.0,1.6889678948502436
1783,22.0,1.7348780932491294
1784,22.0,1.735933900187291
1785,22.0,1.7493809358062649
1786,22.0,1.7493809358062649
1787,22.0,1.7493809358062649
1788,22.0,1.7493809358062649
1789,22.0,1.7744534500190525
1790,22.0,1.7744534500190525
1791,22.0,1.8088889993867348
1792,22.0,1.8319775247377041
1793,22.0,1.8464919695688913
1794,22.0,1.8464919695688913
1795,22.0,1.8591500505527598
1796,22.0,1.8879120879120848
1797,22.0,1.9319775247377038
1798,22.0,1.9464919695688918
1799,22.0,1.9493809358062606
1800,22.0,1.9879120879120826
1801,22.0,1.9879120879120826
1802,22.0,2.008888999386734
1803,22.0,2.031977524737705
1804,22.0,2.03487809324913
1805,22.0,2.0464919695688915
1806,22.0,2.0464919695688915
1807,22.0,2.0464919695688915
1808,22.0,2.049380935806262
1809,22.0,2.049380935806262
1810,22.0,2.1493809358062634
1811,22.0,2.1493809358062634
1812,22.0,2.1493809358062634
1813,22.5,2.1493809358062634
1814,22.5,2.1493809358062634
1815,22.5,2.1493809358062634
1816,22.5,2.1493809358062634
1817,22.5,2.1744534500190547
1818,22.5,2.1744534500190547
1819,22.5,2.1744534500190547
1820,22.5,2.1744534500190547
1821,22.5,2.1744534500190547
1822,22.5,2.2053271012546993
1823,22.5,2.2088889993867333
1824,22.5,2.2088889993867333
1825,22.5,2.2493809358062578
1826,22.5,2.274453450019056
1827,22.5,2.274453450019056
1828,22.5,2.308888999386731
1829,22.5,2.331977524737704
1830,22.5,2.331977524737704
1831,22.5,2.331977524737706
1832,22.5,2.349380935806259
1833,22.5,2.349380935806259
1834,22.5,2.3493809358062663
1835,22.5,2.3493809358062663
1836,22.5,2.3493809358062663
1837,22.5,2.3744534500190575
1838,22.5,2.3879120879120883
1839,22.5,2.4088889993867326
1840,22.5,2.446491969568892
1841,22.5,2.4493809358062606
1842,22.5,2.4493809358062606
1843,22.5,2.474453450019052
1844,22.5,2.474453450019052
1845,22.5,2.531977524737705
1846,22.5,2.531977524737705
1847,22.5,2.5464919695688915
1848,22.5,2.5464919695688915
1849,22.5,2.588967894850242
1850,22.5,2.646491969568892
1851,22.5,2.6493809358062634
1852,22.5,2.6493809358062634
1853,22.5,2.6493809358062634
1854,22.5,2.6493809358062634
1855,22.5,2.6493809358062634
1856,22.5,2.6493809358062634
1857,22.5,2.6493809358062634
1858,22.5,2.6879120879120855
1859,22.5,2.831977524737706
1860,22.5,2.849380935806259
1861,22.5,2.849380935806259
1862,22.5,2.8493809358062663
1863,22.5,2.8493809358062663
1864,22.5,2.8493809358062663
1865,22.5,2.8744534500190575
1866,22.5,2.8955695887822577
1867,22.5,2.9493809358062606
1868,22.5,2.9493809358062606
1869,22.5,2.9493809358062606
1870,22.5,2.9493809358062677
1871,22.5,2.9744534500190554
1872,22.5,2.9879120879120826
1873,22.5,3.031977524737705
1874,22.5,3.031977524737705
1875,22.5,3.0744534500190532
1876,22.5,3.177098768501483
1877,22.5,3.2284156266056705
1878,22.5,3.2319775247377045
1879,22.5,3.2464919695688907
1880,22.5,3.2493809358062578
1881,22.5,3.2493809358062578
1882,22.5,3.288967894850245
1883,22.5,3.331977524737706
1884,22.5,3.3493809358062663
1885,22.5,3.3493809358062663
1886,22.5,3.3493809358062663
1887,22.5,3.374453450019054
1888,22.5,3.4493809358062606
1889,22.8,3.4493809358062606
1890,22.8,3.531977524737705
1891,22.8,3.531977524737705
1892,22.8,3.531977524737705
1893,22.8,3.5359339001872883
1894,22.8,3.549380935806262
1895,22.8,3.549380935806262
1896,22.8,3.550715197321532
1897,22.8,3.5744534500190532
1898,22.8,3.5744534500190532
1899,22.8,3.631977524737705
1900,22.8,3.6493809358062563
1901,22.8,3.7493809358062578
1902,22.8,3.7493809358062578
1903,22.8,3.774453450019056
1904,22.8,3.774453450019056
1905,22.8,3.774453450019056
1906,22.8,3.8348780932491273
1907,22.8,3.835933900187289
1908,22.8,3.846491969568892
1909,22.8,3.849380935806259
1910,22.8,3.849380935806259
1911,22.8,3.849380935806259
1912,22.8,3.849380935806259
1913,22.8,3.849380935806259
1914,22.8,3.8493809358062663
1915,22.8,3.8493809358062663
1916,22.8,3.874453450019054
1917,22.8,3.874453450019054
1918,22.8,3.874453450019054
1919,22.8,3.9088889993867326
1920,22.8,3.9493809358062606
1921,22.8,3.974453450019052
1922,22.8,3.9744534500190554
1923,22.8,3.9879120879120826
1924,23.200000000000003,3.987912087912086
1925,23.200000000000003,4.031977524737705
1926,23.200000000000003,4.035933900187288
1927,23.200000000000003,4.035933900187288
1928,23.200000000000003,4.049380935806262
1929,23.200000000000003,4.049380935806262
1930,23.200000000000003,4.049380935806262
1931,23.200000000000003,4.049380935806262
1932,23.200000000000003,4.146491969568891
1933,23.200000000000003,4.146491969568891
1934,23.200000000000003,4.146491969568893
1935,23.200000000000003,4.149380935806263
1936,23.200000000000003,4.208888999386737
1937,23.200000000000003,4.2319775247377045
1938,23.200000000000003,4.249380935806265
1939,23.200000000000003,4.249380935806265
1940,23.200000000000003,4.260337349930101
1941,23.200000000000003,4.274453450019056
1942,23.200000000000003,4.334878093249131
1943,23.200000000000003,4.334878093249131
1944,23.200000000000003,4.377098768501482
1945,23.200000000000003,4.387912087912085
1946,23.200000000000003,4.431977524737704
1947,23.200000000000003,4.431977524737704
1948,23.6,4.431977524737704
1949,23.6,4.474453450019052
1950,23.6,4.474453450019052
1951,23.6,4.474453450019055
1952,23.6,4.508888999386734
1953,23.6,4.531977524737705
1954,23.6,4.53487809324913
1955,23.6,4.546491969568893
1956,23.6,4.549380935806262
1957,23.6,4.549380935806262
1958,23.6,4.549380935806262
1959,23.6,4.549380935806262
1960,23.6,4.549380935806262
1961,23.6,4.549380935806262
1962,23.6,4.631977524737703
1963,23.6,4.634878093249132
1964,23.6,4.646491969568893
1965,23.6,4.7348780932491294
1966,23.6,4.735933900187291
1967,23.6,4.746491969568891
1968,23.6,4.7464919695688925
1969,23.6,4.749380935806265
1970,23.6,4.749380935806265
1971,23.6,4.749380935806265
1972,23.6,4.787912087912087
1973,23.8,4.834878093249127
1974,23.8,4.846491969568892
1975,23.8,4.846491969568892
1976,23.8,4.849380935806259
1977,23.8,4.849380935806259
1978,23.8,4.849380935806259
1979,23.8,4.849380935806266
1980,23.8,4.857305288979493
1981,23.8,4.874453450019054
1982,23.8,4.874453450019054
1983,23.8,4.887912087912088
1984,23.8,4.887912087912088
1985,23.8,4.931977524737704
1986,23.8,4.931977524737704
1987,23.8,4.931977524737704
1988,23.8,4.949380935806261
1989,23.8,4.949380935806261
1990,23.8,4.949380935806261
1991,23.8,4.974453450019055
1992,23.8,5.0464919695688915
1993,23.8,5.0464919695688915
1994,23.8,5.1088889993867355
1995,23.8,5.131977524737707
1996,23.8,5.131977524737707
1997,23.8,5.149380935806263
1998,23.8,5.149380935806263
1999,23.8,5.149380935806263
2000,23.8,5.149380935806263
2001,23.8,5.178282200454145
2002,23.8,5.2348780932491294
2003,23.8,5.2348780932491294
2004,23.8,5.249380935806258
2005,23.8,5.249380935806258
2006,23.8,5.2744534500190525
2007,23.8,5.2744534500190525
2008,23.8,5.2744534500190525
2009,23.8,5.274453450019056
2010,23.8,5.346491969568892
2011,23.8,5.346491969568892
2012,23.8,5.349380935806266
2013,23.8,5.349380935806266
2014,23.8,5.349380935806266
2015,23.8,5.349380935806266
2016,23.8,5.3744534500190575
2017,23.8,5.3744534500190575
2018,23.8,5.434878093249129
2019,23.8,5.446491969568892
2020,23.8,5.449380935806261
2021,23.8,5.449380935806261
2022,23.8,5.449380935806261
2023,23.8,5.53487809324913
2024,23.8,5.5464919695688915
2025,23.8,5.546491969568893
2026,23.8,5.621817800098341
2027,23.8,5.631977524737703
2028,23.8,5.631977524737707
2029,23.8,5.649380935806263
2030,23.8,5.649380935806263
2031,23.8,5.649380935806263
2032,23.8,5.649380935806263
2033,23.8,5.649380935806263
2034,23.8,5.674453450019055
2035,23.8,5.674453450019055
2036,23.8,5.674453450019055
2037,23.8,5.6879120879120855
2038,23.8,5.6879120879120855
2039,23.8,5.688967894850244
2040,23.8,5.708888999386733
2041,23.8,5.708888999386733
2042,23.8,5.734878093249133
2043,23.8,5.735933900187291
2044,23.8,5.746491969568891
2045,23.8,5.746491969568891
2046,23.8,5.7464919695688925
2047,23.8,5.749380935806258
2048,23.8,5.749380935806258
2049,23.8,5.749380935806258
2050,23.8,5.749380935806258
2051,23.8,5.749380935806258
2052,23.8,5.757305288979492
2053,23.8,5.831977524737706
2054,23.8,5.831977524737706
2055,23.8,5.874453450019054
2056,23.8,5.887912087912088
2057,23.8,5.934878093249129
2058,23.8,5.93593390018729
2059,23.8,5.949125685777272
2060,23.8,6.031977524737705
2061,23.8,6.049380935806262
2062,23.8,6.049380935806262
2063,27.400000000000002,6.049380935806262
2064,27.400000000000002,6.049380935806262
2065,27.400000000000002,6.074453450019053
2066,27.400000000000002,6.1088889993867355
2067,27.400000000000002,6.149380935806263
2068,27.400000000000002,6.149380935806263
2069,27.400000000000002,6.149380935806263
2070,27.400000000000002,6.149380935806263
2071,27.400000000000002,6.2464919695688925
2072,27.400000000000002,6.249380935806258
2073,27.400000000000002,6.274453450019056
2074,27.400000000000002,6.274453450019056
2075,27.400000000000002,6.346491969568892
2076,27.400000000000002,6.374453450019054
2077,27.400000000000002,6.434878093249129
2078,27.400000000000002,6.43593390018729
2079,27.400000000000002,6.449380935806268
2080,27.400000000000002,6.474453450019055
2081,27.400000000000002,6.531977524737705
2082,27.400000000000002,6.531977524737705
2083,27.400000000000002,6.549380935806262
2084,27.400000000000002,6.549380935806262
2085,27.400000000000002,6.549380935806262
2086,27.400000000000002,6.549380935806262
2087,27.400000000000002,6.574453450019053
2088,27.400000000000002,6.631977524737707
2089,27.400000000000002,6.646491969568893
2090,27.400000000000002,6.7348780932491294
2091,27.400000000000002,6.749380935806265
2092,27.400000000000002,6.787912087912087
2093,27.400000000000002,6.808888999386731
2094,27.400000000000002,6.846491969568892
2095,27.400000000000002,6.846491969568892
2096,27.400000000000002,6.849380935806259
2097,27.400000000000002,6.849380935806259
2098,27.400000000000002,6.849380935806259
2099,27.400000000000002,6.849380935806259
2100,27.400000000000002,6.849380935806259
2101,27.400000000000002,6.874453450019054
2102,27.400000000000002,6.946491969568894
2103,27.400000000000002,6.949380935806261
2104,27.400000000000002,6.974453450019052
2105,30.0,7.049380935806262
2106,30.0,7.049380935806262
2107,30.0,7.049380935806269
2108,30.0,7.074453450019057
2109,30.0,7.074453450019057
2110,30.0,7.108888999386732
2111,30.0,7.134878093249132
2112,30.0,7.149380935806263
2113,30.0,7.149380935806263
2114,30.0,7.174453450019055
2115,30.0,7.249380935806258
2116,30.0,7.249380935806258
2117,30.0,7.274453450019056
2118,30.0,7.335933900187289
2119,30.0,7.349380935806259
2120,30.0,7.349380935806259
2121,30.0,7.349380935806259
2122,30.0,7.349380935806259
2123,30.0,7.349380935806266
2124,30.0,7.359150050552763
2125,30.0,7.374453450019054
2126,30.0,7.431977524737704
2127,30.0,7.608888999386732
2128,30.0,7.634878093249132
2129,30.0,7.649380935806263
2130,30.0,7.649380935806263
2131,30.0,7.708888999386737
2132,30.0,7.7319775247377045
2133,30.0,7.749380935806265
2134,30.0,7.760337349930104
2135,30.0,7.762584323670293
2136,30.0,7.774453450019056
2137,30.0,7.831977524737702
2138,30.0,7.831977524737702
2139,30.0,7.849380935806266
2140,30.0,7.849380935806266
2141,30.0,7.849380935806266
2142,30.0,7.849380935806266
2143,30.0,7.849380935806266
2144,30.0,7.931977524737704
2145,30.0,7.949380935806261
2146,30.0,7.949380935806261
2147,30.0,7.949380935806261
2148,30.0,7.974453450019052
2149,30.0,8.049380935806262
2150,30.0,8.049380935806262
2151,30.0,8.049380935806262
2152,30.0,8.04938093580627
2153,30.0,8.074453450019053
2154,30.0,8.131977524737707
2155,32.800000000000004,8.13593390018729
2156,32.800000000000004,8.146491969568892
2157,32.800000000000004,8.174453450019055
2158,32.800000000000004,8.174453450019055
2159,32.800000000000004,8.187912087912085
2160,32.800000000000004,8.231977524737704
2161,32.800000000000004,8.231977524737708
2162,32.800000000000004,8.231977524737708
2163,32.800000000000004,8.23487809324913
2164,32.800000000000004,8.274453450019056
2165,32.800000000000004,8.278282200454147
2166,32.800000000000004,8.308888999386731
2167,32.800000000000004,8.308888999386731
2168,32.800000000000004,8.308888999386731
2169,32.800000000000004,8.360337349930099
2170,32.800000000000004,8.37445345001905
2171,32.800000000000004,8.374453450019057
2172,32.800000000000004,8.44938093580626
2173,32.800000000000004,8.44938093580626
2174,32.800000000000004,8.44938093580626
2175,32.800000000000004,8.449380935806268
2176,32.800000000000004,8.474453450019059
2177,32.800000000000004,8.474453450019059
2178,32.800000000000004,8.474453450019059
2179,32.800000000000004,8.505593953557753
2180,32.800000000000004,8.531977524737705
2181,32.800000000000004,8.54649196956889
2182,32.800000000000004,8.608888999386735
2183,32.800000000000004,8.649380935806263
2184,32.800000000000004,8.649380935806263
2185,32.800000000000004,8.649380935806263
2186,32.800000000000004,8.649380935806263
2187,32.800000000000004,8.649380935806263
2188,32.800000000000004,8.649380935806263
2189,32.800000000000004,8.649380935806263
2190,33.9,8.649380935806263
2191,33.9,8.649380935806263
2192,33.9,8.674453450019055
2193,33.9,8.674453450019055
2194,33.9,8.731977524737704
2195,33.9,8.731977524737704
2196,33.9,8.749380935806258
2197,33.9,8.749380935806258
2198,33.9,8.831977524737702
2199,33.9,8.849380935806266
2200,33.9,8.93593390018729
2201,33.9,8.94938093580626
2202,33.9,8.94938093580626
2203,33.9,8.949380935806268
2204,33.9,9.008888999386734
2205,33.9,9.031977524737705
2206,33.9,9.03487809324913
2207,33.9,9.049380935806255
2208,33.9,9.049380935806255
2209,33.9,9.049380935806262
2210,33.9,9.074453450019053
2211,33.9,9.149380935806263
2212,33.9,9.149380935806263
2213,33.9,9.23487809324913
2214,33.9,9.249380935806265
2215,33.9,9.277098768501482
2216,33.9,9.331977524737706
2217,33.9,9.34938093580626
2218,33.9,9.387912087912085
2219,33.9,9.434878093249129
2220,33.9,9.44938093580626
2221,33.9,9.44938093580626
2222,33.9,9.44938093580626
2223,33.9,9.44938093580626
2224,33.9,9.449380935806268
2225,33.9,9.54649196956889
2226,33.9,9.549380935806262
2227,33.9,9.549380935806262
2228,33.9,9.549380935806262
2229,33.9,9.574453450019053
2230,33.9,9.587912087912084
2231,33.9,9.634878093249128
2232,33.9,9.687912087912085
2233,33.9,9.774453450019056
2234,33.9,9.831977524737702
2235,33.9,9.831977524737706
2236,33.9,9.849380935806266
2237,33.9,9.849380935806266
2238,33.9,9.849380935806266
2239,33.9,9.849380935806266
2240,33.9,9.849380935806266
2241,33.9,9.849380935806266
2242,33.9,9.849380935806266
2243,33.9,9.849380935806266
2244,33.9,9.849380935806266
2245,33.9,9.887912087912085
2246,33.9,9.891729236073118
2247,33.9,9.931977524737704
2248,33.9,9.931977524737704
2249,33.9,9.931977524737704
2250,33.9,9.931977524737704
2251,33.9,9.974453450019059
2252,33.9,10.008888999386734
2253,33.9,10.131977524737707
2254,33.9,10.149380935806263
2255,33.9,10.2053271012547
2256,33.9,10.235933900187291
2257,33.9,10.274453450019056
2258,33.9,10.274453450019056
2259,33.9,10.421817800098342
2260,33.9,10.44938093580626
2261,33.9,10.44938093580626
2262,33.9,10.44938093580626
2263,33.9,10.474453450019052
2264,33.9,10.531977524737705
2265,33.9,10.531977524737705
2266,33.9,10.531977524737705
2267,33.9,10.549380935806262
2268,33.9,10.574453450019053
2269,33.9,10.574453450019053
2270,33.9,10.574453450019053
2271,33.9,10.608888999386732
2272,33.9,10.674453450019055
2273,33.9,10.749380935806265
2274,33.9,10.774453450019056
2275,33.9,10.83487809324913
2276,33.9,10.84938093580626
2277,33.9,10.84938093580626
2278,33.9,10.849380935806266
2279,33.9,10.849380935806266
2280,33.9,10.849380935806266
2281,33.9,10.891729236073118
2282,33.9,10.931977524737704
2283,33.9,10.946491969568893
2284,33.9,10.94938093580626
2285,33.9,10.974453450019052
2286,33.9,10.991729236073112
2287,33.9,11.146491969568892
2288,33.9,11.146491969568892
2289,33.9,11.149380935806263
2290,33.9,11.149380935806263
2291,33.9,11.249380935806265
2292,33.9,11.249380935806265
2293,33.9,11.274453450019056
2294,33.9,11.274453450019056
2295,33.9,11.274453450019056
2296,33.9,11.346491969568891
2297,33.9,11.349380935806266
2298,33.9,11.349380935806266
2299,33.9,11.349380935806266
2300,33.9,11.349380935806266
2301,33.9,11.349380935806266
2302,33.9,11.446491969568893
2303,33.9,11.474453450019052
2304,33.9,11.474453450019052
2305,33.9,11.674453450019055
2306,33.9,11.749380935806265
2307,33.9,11.766540699119883
2308,33.9,11.774453450019049
2309,33.9,11.808888999386735
2310,33.9,11.831977524737706
2311,33.9,11.84938093580626
2312,33.9,11.87445345001905
2313,33.9,11.87445345001905
2314,33.9,11.887912087912085
2315,33.9,11.931977524737704
2316,33.9,11.949380935806268
2317,33.9,12.049380935806262
2318,33.9,12.049380935806262
2319,33.9,12.049380935806262
2320,33.9,12.049380935806262
2321,33.9,12.049380935806262
2322,33.9,12.049380935806262
2323,33.9,12.174453450019055
2324,33.9,12.174453450019055
2325,33.9,12.174453450019055
2326,33.9,12.174453450019055
2327,33.9,12.208888999386733
2328,33.9,12.234878093249133
2329,33.9,12.249380935806258
2330,33.9,12.249380935806258
2331,33.9,12.249380935806258
2332,33.9,12.249380935806258
2333,33.9,12.249380935806258
2334,33.9,12.249380935806258
2335,33.9,12.249380935806258
2336,33.9,12.249380935806258
2337,33.9,12.249380935806258
2338,33.9,12.249380935806265
2339,33.9,12.249380935806265
2340,33.9,12.249380935806265
2341,33.9,12.249380935806265
2342,33.9,12.274453450019049
2343,33.9,12.331977524737706
2344,33.9,12.331977524737706
2345,33.9,12.37445345001905
2346,33.9,12.449380935806268
2347,33.9,12.449380935806268
2348,33.9,12.449380935806268
2349,33.9,12.474453450019052
2350,33.9,12.531977524737705
2351,33.9,12.531977524737705
2352,33.9,12.531977524737705
2353,33.9,12.53487809324913
2354,33.9,12.54938093580627
2355,33.9,12.54938093580627
2356,33.9,12.54938093580627
2357,33.9,12.54938093580627
2358,33.9,12.54938093580627
2359,33.9,12.54938093580627
2360,33.9,12.54938093580627
2361,33.9,12.54938093580627
2362,33.9,12.574453450019053
2363,33.9,12.574453450019053
2364,33.9,12.649380935806263
2365,33.9,12.649380935806263
2366,33.9,12.649380935806263
2367,33.9,12.73487809324913
2368,33.9,12.73487809324913
2369,33.9,12.73487809324913
2370,33.9,12.87445345001905
2371,33.9,12.931977524737704
2372,33.9,12.949380935806268
2373,33.9,12.949380935806268
2374,33.9,12.949380935806268
2375,33.9,12.974453450019059
2376,33.9,12.974453450019059
2377,33.9,12.987912087912083
2378,33.9,13.031977524737705
2379,33.9,13.108888999386732
2380,33.9,13.108888999386735
2381,33.9,13.131977524737703
2382,33.9,13.149380935806263
2383,33.9,13.174453450019055
2384,33.9,13.187912087912085
2385,37.1,13.249380935806258
2386,37.1,13.249380935806265
2387,37.1,13.274453450019056
2388,37.1,13.287912087912087
2389,37.1,13.331977524737702
2390,37.1,13.331977524737706
2391,37.1,13.346491969568891
2392,37.1,13.349380935806266
2393,37.1,13.434878093249129
2394,37.1,13.44938093580626
2395,37.1,13.474453450019052
2396,37.1,13.474453450019059
2397,37.1,13.54938093580627
2398,37.1,13.574453450019053
2399,37.1,13.57445345001906
2400,37.1,13.57445345001906
2401,37.1,13.57445345001906
2402,37.1,13.687912087912085
2403,37.1,13.73487809324913
2404,37.1,13.774453450019049
2405,37.1,13.84938093580626
2406,37.1,13.84938093580626
2407,37.1,13.84938093580626
2408,37.1,13.84938093580626
2409,37.1,13.87445345001905
2410,37.1,13.87445345001905
2411,37.1,13.931977524737704
2412,37.1,13.934878093249132
2413,37.1,13.94938093580626
2414,37.1,13.949380935806268
2415,37.1,13.949380935806268
2416,37.1,13.949380935806268
2417,37.1,14.074453450019053
2418,37.1,14.131977524737707
2419,37.1,14.134878093249132
2420,37.1,14.134878093249132
2421,37.1,14.146491969568892
2422,37.1,14.187912087912085
2423,37.1,14.235933900187291
2424,37.1,14.349380935806266
2425,37.1,14.349380935806266
2426,37.1,14.357305288979493
2427,37.1,14.474453450019052
2428,37.1,14.649380935806263
2429,37.1,14.649380935806263
2430,37.1,14.649380935806263
2431,37.1,14.649380935806263
2432,37.1,14.649380935806263
2433,37.1,14.674453450019055
2434,37.1,14.674453450019055
2435,37.1,14.687912087912085
2436,37.1,14.731977524737708
2437,37.1,14.749380935806265
2438,37.1,14.749380935806265
2439,37.1,14.749380935806265
2440,37.1,14.878282200454144
2441,37.1,14.931977524737704
2442,37.1,14.94938093580626
2443,37.1,14.94938093580626
2444,37.1,14.974453450019052
2445,37.1,14.974453450019052
2446,37.1,14.974453450019052
2447,37.1,14.991868463361666
2448,37.1,15.049380935806262
2449,37.1,15.049380935806262
2450,37.1,15.049380935806262
2451,37.1,15.049380935806262
2452,37.1,15.049380935806262
2453,37.1,15.049380935806262
2454,37.1,15.108888999386735
2455,37.1,15.174453450019055
2456,37.1,15.188967894850244
2457,37.1,15.235933900187291
2458,37.1,15.249380935806265
2459,37.1,15.249380935806265
2460,37.1,15.274453450019056
2461,37.1,15.346491969568891
2462,37.1,15.34938093580626
2463,37.1,15.374453450019057
2464,37.1,15.374453450019057
2465,37.1,15.387912087912081
2466,37.1,15.387912087912081
2467,37.1,15.44938093580626
2468,37.1,15.44938093580626
2469,37.1,15.44938093580626
2470,37.1,15.44938093580626
2471,37.1,15.44938093580626
2472,37.1,15.44938093580626
2473,37.1,15.44938093580626
2474,37.1,15.549380935806262
2475,37.1,15.587912087912084
2476,37.1,15.608888999386735
2477,37.1,15.631977524737707
2478,37.1,15.649380935806263
2479,37.1,15.674453450019055
2480,37.1,15.831977524737702
2481,37.1,15.831977524737706
2482,37.1,15.831977524737706
2483,37.1,15.874453450019057
2484,37.1,15.946491969568893
2485,37.1,16.074453450019053
2486,37.1,16.074453450019053
2487,37.1,16.074453450019053
2488,37.1,16.231977524737704
2489,37.1,16.249380935806258
2490,37.1,16.249380935806258
2491,37.1,16.274453450019056
2492,37.1,16.27709876850148
2493,37.1,16.287912087912087
2494,37.1,16.37445345001905
2495,37.1,16.374453450019057
2496,37.1,16.38791208791208
2497,37.1,16.38791208791208
2498,37.1,16.431977524737704
2499,37.1,16.505060248951647
2500,37.1,16.508888999386734
2501,37.1,16.52841562660567
2502,37.1,16.531977524737705
2503,37.1,16.674453450019055
2504,37.1,16.78791208791208
2505,37.1,16.787912087912087
2506,37.1,16.849380935806266
2507,37.1,16.849380935806266
2508,37.1,16.874453450019057
2509,37.1,16.88791208791208
2510,37.1,16.94938093580626
2511,37.1,16.974453450019052
2512,37.1,16.97445345001906
2513,37.1,17.049380935806255
2514,37.1,17.049380935806255
2515,37.1,17.049380935806255
2516,37.1,17.049380935806262
2517,37.1,17.049380935806262
2518,37.1,17.049380935806262
2519,37.1,17.049380935806262
2520,37.1,17.049380935806262
2521,37.1,17.049380935806262
2522,37.1,17.049380935806262
2523,37.1,17.074453450019053
2524,37.1,17.074453450019053
2525,37.1,17.234878093249126
2526,37.1,17.274453450019056
2527,37.1,17.274453450019056
2528,37.1,17.274453450019056
2529,37.1,17.274453450019056
2530,37.1,17.43487809324913
2531,37.1,17.449380935806268
2532,37.1,17.531977524737705
2533,37.1,17.574453450019053
2534,37.1,17.649380935806263
2535,37.1,17.649380935806263
2536,37.1,17.649380935806263
2537,37.1,17.674453450019055
2538,37.1,17.674453450019055
2539,37.1,17.687912087912085
2540,37.1,17.760337349930104
2541,37.1,17.774453450019056
2542,37.1,17.774453450019056
2543,37.1,17.834878093249134
2544,37.1,17.849380935806266
2545,37.1,17.849380935806266
2546,37.1,18.074453450019053
2547,37.1,18.074453450019053
2548,37.1,18.074453450019053
2549,37.1,18.07445345001906
2550,37.1,18.07445345001906
2551,37.1,18.108888999386735
2552,37.1,18.174453450019055
2553,37.1,18.174453450019055
2554,37.1,18.249380935806265
2555,37.1,18.359150050552763
2556,37.1,18.37445345001905
2557,37.1,18.37445345001905
2558,37.1,18.377098768501483
2559,37.1,18.38791208791208
2560,37.1,18.431977524737704
2561,37.1,18.474453450019052
2562,37.1,18.53487809324913
2563,37.1,18.53487809324913
2564,37.1,18.5603373499301
2565,37.1,18.574453450019053
2566,37.1,18.574453450019053
2567,37.1,18.574453450019053
2568,37.1,18.574453450019053
2569,37.1,18.587912087912084
2570,37.1,18.608888999386735
2571,37.1,18.634878093249124
2572,37.1,18.63593390018729
2573,37.1,18.649380935806263
2574,37.1,18.649380935806263
2575,37.1,18.687912087912085
2576,37.1,18.774453450019056
2577,37.1,18.831977524737702
2578,37.1,18.831977524737702
2579,37.1,18.849380935806266
2580,37.1,18.849380935806266
2581,37.1,18.849380935806266
2582,37.1,18.87445345001905
2583,37.1,18.931977524737707
2584,37.1,18.931977524737707
2585,37.1,18.931977524737707
2586,40.0,18.97445345001906
2587,40.0,19.049380935806262
2588,40.0,19.049380935806262
2589,40.0,19.049380935806262
2590,40.0,19.22841562660567
2591,40.0,19.234878093249133
2592,40.0,19.249380935806258
2593,40.0,19.249380935806258
2594,40.0,19.249380935806258
2595,40.0,19.249380935806258
2596,40.0,19.249380935806258
2597,40.0,19.249380935806258
2598,40.0,19.249380935806258
2599,40.0,19.374453450019057
2600,40.0,19.435933900187294
2601,40.0,19.47445345001906
2602,40.0,19.531977524737705
2603,40.0,19.531977524737705
2604,40.0,19.574453450019053
2605,40.0,19.574453450019053
2606,40.0,19.58791208791209
2607,40.0,19.631977524737707
2608,40.0,19.631977524737707
2609,40.0,19.631977524737707
2610,40.0,19.774453450019056
2611,40.0,19.787912087912087
2612,40.0,19.874453450019057
2613,40.0,20.031977524737705
2614,40.0,20.087912087912084
2615,40.0,20.087912087912084
2616,40.0,20.131977524737707
2617,40.0,20.13487809324913
2618,40.0,20.149380935806263
2619,40.0,20.249380935806258
2620,40.0,20.249380935806258
2621,40.0,20.274453450019056
2622,40.0,20.274453450019056
2623,40.0,20.37445345001905
2624,40.0,20.37445345001905
2625,40.0,20.37445345001905
2626,40.0,20.44938093580626
2627,40.0,20.44938093580626
2628,40.0,20.44938093580626
2629,40.0,20.44938093580626
2630,40.0,20.44938093580626
2631,40.0,20.44938093580626
2632,40.0,20.47445345001906
2633,40.0,20.63593390018729
2634,40.0,20.687912087912085
2635,40.0,20.749380935806265
2636,40.0,20.749380935806265
2637,40.0,20.749380935806265
2638,40.0,20.749380935806265
2639,40.0,20.749380935806265
2640,40.5,20.760337349930104
2641,40.5,20.774453450019056
2642,40.5,20.931977524737704
2643,40.5,20.974453450019052
2644,40.5,20.974453450019052
2645,40.5,20.974453450019052
2646,40.5,20.97445345001906
2647,40.5,20.987912087912083
2648,40.5,20.987912087912083
2649,40.5,21.074453450019053
2650,40.5,21.249380935806258
2651,40.5,21.249380935806258
2652,40.5,21.249380935806258
2653,40.5,21.249380935806258
2654,40.5,21.249380935806258
2655,40.5,21.249380935806258
2656,40.5,21.249380935806258
2657,40.5,21.38791208791208
2658,40.5,21.649380935806263
2659,40.5,21.649380935806263
2660,40.5,21.649380935806263
2661,40.5,21.674453450019055
2662,40.5,21.749380935806258
2663,40.5,21.749380935806258
2664,40.5,21.749380935806265
2665,40.5,21.749380935806265
2666,40.5,21.749380935806265
2667,40.5,21.749380935806265
2668,40.5,21.749380935806265
2669,40.5,21.749380935806265
2670,40.5,21.777098768501485
2671,40.5,21.834878093249127
2672,40.5,21.834878093249127
2673,40.5,21.84938093580626
2674,40.5,21.84938093580626
2675,40.5,21.84938093580626
2676,40.5,21.84938093580626
2677,40.5,21.84938093580626
2678,40.5,21.84938093580626
2679,40.5,21.88791208791209
2680,40.5,21.974453450019052
2681,40.5,22.010339283642452
2682,40.5,22.049380935806255
2683,40.5,22.049380935806255
2684,40.5,22.087912087912084
2685,40.5,22.2319775247377
2686,40.5,22.234878093249133
2687,40.5,22.374453450019057
2688,40.5,22.44938093580626
2689,40.5,22.44938093580626
2690,40.5,22.44938093580626
2691,40.5,22.44938093580626
2692,40.5,22.44938093580626
2693,40.5,22.44938093580626
2694,40.5,22.474453450019052
2695,40.5,22.549380935806255
2696,40.5,22.549380935806255
2697,40.5,22.549380935806255
2698,40.5,22.549380935806255
2699,40.5,22.54938093580627
2700,40.5,22.54938093580627
2701,40.5,22.54938093580627
2702,40.5,22.587912087912084
2703,40.5,22.649380935806263
2704,40.5,22.674453450019055
2705,40.5,22.687912087912085
2706,40.5,22.787912087912087
2707,40.5,22.80888899938673
2708,40.5,22.831977524737702
2709,40.5,22.831977524737702
2710,40.5,22.83197752473771
2711,40.5,22.935933900187287
2712,40.5,22.94938093580626
2713,40.5,22.94938093580626
2714,40.5,22.97445345001906
2715,40.5,22.97445345001906
2716,40.5,22.97445345001906
2717,40.5,22.978282200454142
2718,40.5,23.149380935806263
2719,40.5,23.149380935806263
2720,40.5,23.149380935806263
2721,40.5,23.149380935806263
2722,40.5,23.149380935806263
2723,40.5,23.20888899938673
2724,40.5,23.274453450019056
2725,40.5,23.331977524737702
2726,40.5,23.335933900187285
2727,40.5,23.349380935806266
2728,40.5,23.349380935806266
2729,40.5,23.37445345001905
2730,40.5,23.44938093580626
2731,40.5,23.44938093580626
2732,40.5,23.44938093580626
2733,40.5,23.44938093580626
2734,40.5,23.44938093580626
2735,40.5,23.44938093580626
2736,40.5,23.47445345001906
2737,40.5,23.47445345001906
2738,40.5,23.47445345001906
2739,40.5,23.52076199316018
2740,40.5,23.531977524737705
2741,40.5,23.574453450019053
2742,40.5,23.587912087912084
2743,40.5,23.608888999386735
2744,40.5,23.6319775247377
2745,40.5,23.72076199316018
2746,40.5,23.749380935806258
2747,40.5,23.774453450019056
2748,40.5,23.787912087912087
2749,40.5,23.849380935806266
2750,40.5,23.849380935806266
2751,40.5,23.849380935806266
2752,40.5,23.849380935806266
2753,40.5,23.849380935806266
2754,40.5,23.849380935806266
2755,40.5,23.849380935806266
2756,40.5,23.849380935806266
2757,40.5,23.87445345001905
2758,40.5,23.87445345001905
2759,40.5,24.07445345001906
2760,40.5,24.149380935806263
2761,40.5,24.274453450019056
2762,40.5,24.37445345001905
2763,40.5,24.431977524737704
2764,40.5,24.431977524737704
2765,40.5,24.44938093580626
2766,40.5,24.44938093580626
2767,40.5,24.44938093580626
2768,40.5,24.47445345001906
2769,40.5,24.508888999386734
2770,40.5,24.508888999386734
2771,40.5,24.63487809324913
2772,40.5,24.649380935806263
2773,40.5,24.649380935806263
2774,40.5,24.649380935806263
2775,40.5,24.649380935806263
2776,40.5,24.7319775247377
2777,40.5,24.83197752473771
2778,40.5,24.874453450019057
2779,40.5,24.920761993160177
2780,40.5,24.931977524737704
2781,40.5,24.934878093249136
2782,40.5,24.946491969568893
2783,40.5,25.049380935806255
2784,40.5,25.049380935806255
2785,40.5,25.049380935806255
2786,40.5,25.049380935806255
2787,40.5,25.049380935806255
2788,40.5,25.074453450019053
2789,40.5,25.174453450019055
2790,40.5,25.274453450019056
2791,40.5,25.274453450019056
2792,40.5,25.43197752473771
2793,40.5,25.43487809324913
2794,40.5,25.43487809324913
2795,40.5,25.474453450019052
2796,40.5,25.474453450019052
2797,41.800000000000004,25.531977524737705
2798,41.800000000000004,25.566540699119884
2799,41.800000000000004,25.75915005055277
2800,41.800000000000004,25.774453450019056
2801,41.800000000000004,25.831977524737702
2802,41.800000000000004,25.849380935806266
2803,41.800000000000004,25.849380935806266
2804,41.800000000000004,25.849380935806266
2805,41.800000000000004,25.849380935806266
2806,41.800000000000004,25.849380935806266
2807,41.800000000000004,25.849380935806266
2808,41.800000000000004,25.849380935806266
2809,41.800000000000004,25.849380935806266
2810,41.800000000000004,25.849380935806266
2811,41.800000000000004,25.849380935806266
2812,41.800000000000004,25.90888899938674
2813,41.800000000000004,25.931977524737704
2814,41.800000000000004,26.16033734993011
2815,41.800000000000004,26.174453450019055
2816,41.800000000000004,26.17445345001906
2817,41.800000000000004,26.187912087912085
2818,41.800000000000004,26.249380935806272
2819,41.800000000000004,26.249380935806272
2820,41.800000000000004,26.274453450019056
2821,41.800000000000004,26.287912087912087
2822,41.800000000000004,26.331977524737702
2823,41.800000000000004,26.334878093249127
2824,41.800000000000004,26.34649196956889
2825,41.800000000000004,26.53487809324913
2826,41.800000000000004,26.57445345001906
2827,41.800000000000004,26.57445345001906
2828,41.800000000000004,26.674453450019055
2829,41.800000000000004,26.774453450019056
2830,41.800000000000004,26.774453450019056
2831,41.800000000000004,26.774453450019056
2832,41.800000000000004,26.787912087912087
2833,41.800000000000004,26.831977524737702
2834,41.800000000000004,26.831977524737702
2835,41.800000000000004,26.831977524737702
2836,41.800000000000004,26.87445345001905
2837,41.800000000000004,26.97445345001906
2838,41.800000000000004,26.97445345001906
2839,41.800000000000004,27.074453450019053
2840,41.800000000000004,27.13487809324913
2841,41.800000000000004,27.146491969568892
2842,41.800000000000004,27.149380935806263
2843,41.800000000000004,27.149380935806263
2844,41.800000000000004,27.149380935806263
2845,41.800000000000004,27.149380935806263
2846,41.800000000000004,27.149380935806263
2847,41.800000000000004,27.165484892181727
2848,41.800000000000004,27.174453450019048
2849,41.800000000000004,27.187912087912085
2850,41.800000000000004,27.249380935806258
2851,41.800000000000004,27.249380935806258
2852,41.800000000000004,27.249380935806258
2853,41.800000000000004,27.249380935806258
2854,41.800000000000004,27.274453450019056
2855,41.800000000000004,27.374453450019057
2856,41.800000000000004,27.435933900187287
2857,41.800000000000004,27.44938093580626
2858,41.800000000000004,27.44938093580626
2859,41.800000000000004,27.44938093580626
2860,41.800000000000004,27.474453450019052
2861,41.800000000000004,27.508888999386734
2862,41.800000000000004,27.54938093580627
2863,41.800000000000004,27.54938093580627
2864,41.800000000000004,27.54938093580627
2865,41.800000000000004,27.54938093580627
2866,41.800000000000004,27.54938093580627
2867,41.800000000000004,27.61667412527141
2868,41.800000000000004,27.631977524737707
2869,41.800000000000004,27.674453450019055
2870,41.800000000000004,27.834878093249134
2871,41.800000000000004,27.849380935806266
2872,41.800000000000004,27.849380935806266
2873,41.800000000000004,27.849380935806266
2874,41.800000000000004,27.849380935806266
2875,41.800000000000004,27.97445345001906
2876,41.800000000000004,27.97445345001906
2877,41.800000000000004,27.97445345001906
2878,41.800000000000004,27.97445345001906
2879,41.800000000000004,28.016801750285914
2880,41.800000000000004,28.18303139796352
2881,41.800000000000004,28.231977524737708
2882,41.800000000000004,28.26654069911988
2883,41.800000000000004,28.287912087912087
2884,41.800000000000004,28.349380935806266
2885,41.9,28.349380935806266
2886,41.9,28.349380935806266
2887,41.9,28.349380935806266
2888,41.9,28.349380935806266
2889,41.9,28.349380935806266
2890,41.9,28.349380935806266
2891,41.9,28.44938093580626
2892,41.9,28.44938093580626
2893,41.9,28.44938093580626
2894,41.9,28.44938093580626
2895,41.9,28.44938093580626
2896,41.9,28.44938093580626
2897,41.9,28.44938093580626
2898,41.9,28.531977524737712
2899,41.9,28.549380935806255
2900,41.9,28.549380935806255
2901,41.9,28.549380935806255
2902,41.9,28.587912087912084
2903,41.9,28.649380935806263
2904,41.9,28.649380935806263
2905,41.9,28.649380935806263
2906,41.9,28.649380935806263
2907,41.9,28.649380935806263
2908,41.9,28.649380935806263
2909,41.9,28.691729236073115
2910,41.9,28.731977524737708
2911,41.9,28.774453450019056
2912,41.9,29.031977524737705
2913,41.9,29.074453450019053
2914,41.9,29.174453450019055
2915,41.9,29.22076199316018
2916,41.9,29.346491969568888
2917,41.9,29.374453450019057
2918,41.9,29.374453450019057
2919,41.9,29.466540699119882
2920,41.9,29.48791208791209
2921,41.9,29.48791208791209
2922,41.9,29.587912087912084
2923,41.9,29.67445345001906
2924,41.9,29.749380935806272
2925,41.9,29.749380935806272
2926,41.9,29.749380935806272
2927,41.9,29.749380935806272
2928,41.9,29.787912087912087
2929,41.9,29.80888899938674
2930,41.9,29.834878093249134
2931,41.9,29.849380935806266
2932,41.9,29.849380935806266
2933,41.9,29.874453450019057
2934,41.9,29.874453450019057
2935,41.9,29.931977524737704
2936,41.9,29.93197752473771
2937,41.9,29.93487809324913
2938,41.9,30.031977524737705
2939,41.9,30.049380935806255
2940,41.9,30.049380935806255
2941,41.9,30.049380935806255
2942,41.9,30.049380935806255
2943,41.9,30.049380935806255
2944,41.9,30.174453450019055
2945,41.9,30.174453450019055
2946,41.9,30.174453450019055
2947,41.9,30.234878093249126
2948,41.9,30.37445345001905
2949,41.9,30.37445345001905
2950,41.9,30.37445345001905
2951,41.9,30.37445345001905
2952,41.9,30.37445345001905
2953,41.9,30.374453450019057
2954,41.9,30.374453450019057
2955,41.9,30.374453450019057
2956,41.9,30.631977524737707
2957,41.9,30.63487809324913
2958,41.9,30.67445345001906
2959,41.9,30.67445345001906
2960,41.9,30.67445345001906
2961,41.9,30.67445345001906
2962,41.9,30.67445345001906
2963,41.9,30.774453450019056
2964,41.9,30.774453450019056
2965,41.9,30.83197752473771
2966,41.9,30.87445345001905
2967,41.9,30.88791208791209
2968,41.9,30.931977524737704
2969,41.9,30.94938093580626
2970,41.9,30.94938093580626
2971,41.9,30.987912087912083
2972,41.9,31.03487809324913
2973,41.9,31.03593390018729
2974,41.9,31.07445345001906
2975,41.9,31.160867187111528
2976,41.9,31.249380935806272
2977,41.9,31.249380935806272
2978,41.9,31.30888899938674
2979,41.9,31.631977524737707
2980,41.9,31.67445345001906
2981,41.9,31.731977524737708
2982,41.9,31.849380935806266
2983,41.9,31.849380935806266
2984,41.9,31.849380935806266
2985,41.9,31.849380935806266
2986,41.9,31.849380935806266
2987,41.9,32.07445345001905
2988,41.9,32.07445345001905
2989,41.9,32.07445345001905
2990,41.9,32.18791208791208
2991,41.9,32.20888899938673
2992,41.9,32.2319775247377
2993,41.9,32.2319775247377
2994,41.9,32.2319775247377
2995,41.9,32.474453450019055
2996,41.9,32.474453450019055
2997,41.9,32.54938093580627
2998,41.9,32.54938093580627
2999,41.9,32.58791208791209
3000,41.9,32.58791208791209
3001,41.9,32.63197752473771
3002,41.9,32.64938093580626
3003,41.9,32.67445345001906
3004,41.9,32.68791208791208
3005,41.9,32.78791208791209
3006,41.9,32.78791208791209
3007,41.9,32.83197752473771
3008,41.9,32.87445345001906
3009,41.9,32.87445345001906
3010,41.9,33.034878093249134
3011,41.9,33.034878093249134
3012,41.9,33.13487809324913
3013,41.9,33.17445345001906
3014,41.9,33.18791208791208
3015,41.9,33.27828220045414
3016,41.9,33.27828220045414
3017,41.9,33.38303139796352
3018,41.9,33.534878093249134
3019,41.9,33.549380935806255
3020,41.9,33.549380935806255
3021,41.9,33.549380935806255
3022,41.9,33.549380935806255
3023,41.9,33.549380935806255
3024,41.9,33.549380935806255
3025,41.9,33.549380935806255
3026,41.9,33.549380935806255
3027,41.9,33.57445345001905
3028,41.9,33.63487809324913
3029,41.9,33.68791208791208
3030,41.9,33.77445345001905
3031,41.9,33.8319775247377
3032,41.9,33.8319775247377
3033,41.9,33.98791208791209
3034,41.9,34.1359339001873
3035,41.9,34.37445345001905
3036,41.9,34.37445345001905
3037,41.9,34.434878093249125
3038,41.9,34.534878093249134
3039,41.9,34.549380935806255
3040,41.9,34.549380935806255
3041,41.9,34.549380935806255
3042,41.9,34.549380935806255
3043,41.9,34.549380935806255
3044,41.9,34.549380935806255
3045,41.9,34.608888999386735
3046,41.9,34.78791208791209
3047,41.9,34.80888899938674
3048,41.9,34.82076199316018
3049,41.9,34.83487809324913
3050,41.9,34.83487809324913
3051,41.9,34.921817800098346
3052,41.9,35.049380935806255
3053,41.9,35.13197752473771
3054,41.9,35.17445345001906
3055,41.9,35.431977524737704
3056,41.9,35.474453450019055
3057,41.9,35.474453450019055
3058,41.9,35.474453450019055
3059,41.9,35.574453450019064
3060,41.9,35.574453450019064
3061,41.9,35.77445345001905
3062,41.9,35.846491969568895
3063,41.9,35.974453450019055
3064,41.9,35.974453450019055
3065,41.9,35.974453450019055
3066,41.9,35.974453450019055
3067,41.9,36.1359339001873
3068,41.9,36.18791208791208
3069,41.9,36.20888899938674
3070,41.9,36.23487809324914
3071,41.9,36.25915005055276
3072,41.9,36.28791208791209
3073,41.9,36.33593390018729
3074,41.9,36.37445345001906
3075,41.9,36.387912087912085
3076,41.9,36.387912087912085
3077,41.9,36.40888899938673
3078,41.9,36.54938093580627
3079,41.9,36.54938093580627
3080,41.9,36.687912087912096
3081,41.9,36.687912087912096
3082,41.9,36.77445345001905
3083,41.9,36.931977524737704
3084,41.9,37.034878093249134
3085,41.9,37.034878093249134
3086,41.9,37.08791208791209
3087,41.9,37.13197752473771
3088,41.9,37.17445345001906
3089,41.9,37.24938093580627
3090,41.9,37.24938093580627
3091,41.9,37.24938093580627
3092,41.9,37.24938093580627
3093,41.9,37.24938093580627
3094,41.9,37.24938093580627
3095,41.9,37.24938093580627
3096,41.9,37.24938093580627
3097,41.9,37.24938093580627
3098,41.9,37.24938093580627
3099,41.9,37.24938093580627
3100,41.9,37.24938093580627
3101,41.9,37.24938093580627
3102,41.9,37.24938093580627
3103,41.9,37.30888899938674
3104,41.9,37.33593390018729
3105,41.9,37.37445345001905
3106,41.9,37.44490245802463
3107,41.9,37.48791208791209
3108,41.9,37.63197752473771
3109,41.9,37.64938093580626
3110,41.9,37.64938093580626
3111,41.9,37.64938093580626
3112,41.9,37.64938093580626
3113,41.9,37.64938093580626
3114,41.9,37.74938093580627
3115,41.9,37.74938093580627
3116,41.9,37.74938093580627
3117,41.9,37.74938093580627
3118,41.9,37.74938093580627
3119,41.9,37.74938093580627
3120,41.9,37.74938093580627
3121,41.9,37.74938093580627
3122,41.9,37.74938093580627
3123,41.9,37.74938093580627
3124,41.9,37.74938093580627
3125,41.9,37.791729236073124
3126,41.9,37.93487809324914
3127,41.9,37.949380935806275
3128,41.9,38.077098768501486
3129,41.9,38.20888899938674
3130,41.9,38.37828220045415
3131,41.9,38.388967894850246
3132,41.9,38.416047602472915
3133,41.9,38.431977524737704
3134,41.9,38.44938093580626
3135,41.9,38.44938093580626
3136,41.9,38.44938093580626
3137,41.9,38.44938093580626
3138,41.9,38.44938093580626
3139,41.9,38.44938093580626
3140,41.9,38.44938093580626
3141,41.9,38.44938093580626
3142,41.9,38.44938093580626
3143,41.9,38.44938093580626
3144,41.9,38.48791208791209
3145,41.9,38.531977524737705
3146,41.9,38.57445345001905
3147,41.9,38.57445345001905
3148,41.9,38.57445345001905
3149,41.9,38.63197752473771
3150,41.9,38.63197752473771
3151,41.9,38.83487809324913
3152,41.9,38.87445345001906
3153,41.9,38.87445345001906
3154,41.9,38.87445345001906
3155,41.9,38.93487809324914
3156,41.9,38.946491969568896
3157,41.9,39.14938093580628
3158,41.9,39.216047602472926
3159,41.9,39.216047602472926
3160,41.9,39.37445345001905
3161,41.9,39.37445345001905
3162,41.9,39.531977524737705
3163,41.9,39.531977524737705
3164,41.9,39.549380935806255
3165,41.9,39.549380935806255
3166,41.9,39.58791208791209
3167,41.9,39.58791208791209
3168,41.9,39.74938093580627
3169,41.9,39.74938093580627
3170,41.9,39.74938093580627
3171,41.9,39.74938093580627
3172,41.9,39.77445345001905
3173,41.9,39.77445345001905
3174,41.9,39.83197752473771
3175,41.9,39.849380935806266
3176,41.9,39.849380935806266
3177,41.9,39.87445345001905
3178,41.9,39.87445345001905
3179,41.9,40.11604760247292
3180,41.9,40.11604760247292
3181,41.9,40.11604760247292
3182,41.9,40.11604760247292
3183,41.9,40.174453450019044
3184,41.9,40.23197752473771
3185,41.9,40.434878093249125
3186,41.9,40.44938093580626
3187,41.9,40.44938093580626
3188,41.9,40.44938093580626
3189,41.9,40.44938093580626
3190,41.9,40.44938093580626
3191,41.9,40.44938093580626
3192,41.9,40.51604760247292
3193,41.9,40.51604760247292
3194,41.9,40.51604760247292
3195,41.9,40.51604760247292
3196,41.9,40.51604760247292
3197,41.9,40.51604760247292
3198,41.9,40.51604760247292
3199,41.9,40.57445345001905
3200,41.9,40.57445345001905
3201,41.9,40.61680175028591
3202,41.9,40.849380935806266
3203,41.9,40.849380935806266
3204,41.9,40.849380935806266
3205,41.9,40.849380935806266
3206,41.9,40.849380935806266
3207,41.9,40.849380935806266
3208,41.9,40.849380935806266
3209,41.9,41.14938093580626
3210,41.9,41.14938093580626
3211,41.9,41.14938093580626
3212,41.9,41.14938093580626
3213,41.9,41.14938093580626
3214,41.9,41.14938093580626
3215,41.9,41.14938093580626
3216,41.9,41.14938093580626
3217,41.9,41.14938093580626
3218,41.9,41.220761993160174
3219,41.9,41.57445345001905
3220,41.9,41.73197752473771
3221,41.9,41.8319775247377
3222,41.9,41.86086718711153
3223,41.9,41.87445345001905
3224,41.9,41.87445345001905
3225,41.9,41.9
3226,41.9,41.9
3227,41.9,41.9
3228,41.9,41.9
3229,41.9,41.9
3230,41.9,41.9
3231,41.9,41.9
3232,41.9,41.9
3233,41.9,41.9
3234,41.9,41.9
3235,41.9,41.9
3236,41.9,41.9
3237,41.9,41.9
3238,41.9,41.9
3239,41.9,41.9
3240,41.9,41.9
3241,41.9,41.9
3242,41.9,41.9
3243,41.9,41.9
3244,41.9,41.9
3245,41.9,41.9
3246,41.9,41.9
3247,41.9,41.9
3248,41.9,41.9
3249,41.9,41.9
3250,41.9,41.9
3251,41.9,41.9
3252,41.9,41.9
3253,41.9,41.9
3254,41.9,41.9
3255,41.9,41.9
3256,41.9,41.9
3257,41.9,41.9
3258,41.9,41.9
3259,41.9,41.9
3260,41.9,41.9
3261,41.9,41.9
3262,41.9,41.9
3263,41.9,41.9
3264,41.9,41.9
3265,41.9,41.9
3266,41.9,41.9
3267,41.9,41.9
3268,41.9,41.9
3269,41.9,41.9
3270,41.9,41.9
3271,41.9,41.9
3272,41.9,41.9
3273,41.9,41.9
3274,41.9,41.9
3275,41.9,41.9
3276,41.9,41.9
3277,41.9,41.9
3278,41.9,41.9
3279,41.9,41.9
3280,41.9,41.9
3281,41.9,41.9
3282,41.9,41.9
3283,41.9,41.9
3284,41.9,41.9
3285,41.9,41.9
3286,41.9,41.9
3287,41.9,41.9
3288,41.9,41.9
3289,41.9,41.9
3290,41.9,41.9
3291,41.9,41.9
3292,41.9,41.9
3293,41.9,41.9
3294,41.9,41.9
3295,41.9,41.9
3296,41.9,41.9
3297,41.9,41.9
3298,41.9,41.9
3299,41.9,41.9
3300,41.9,41.9
3301,41.9,41.9
3302,41.9,41.9
3303,41.9,41.9
3304,41.9,41.9
3305,41.9,41.9
3306,41.9,41.9
3307,41.9,41.9
3308,41.9,41.9
3309,41.9,41.9
3310,41.9,41.9
3311,41.9,41.9
3312,41.9,41.9
3313,41.9,41.9
3314,41.9,41.9
3315,41.9,41.9
3316,41.9,41.9
3317,41.9,41.9
3318,41.9,41.9
3319,41.9,41.9
3320,41.9,41.9
3321,41.9,41.9
3322,41.9,41.9
3323,41.9,41.9
3324,41.9,41.9
3325,41.9,41.9
3326,41.9,41.9
3327,41.9,41.9
3328,41.9,41.9
3329,41.9,41.9
3330,41.9,41.9
3331,41.9,41.9
3332,41.9,41.9
3333,41.9,41.9
3334,41.9,41.9
3335,41.9,41.9
3336,41.9,41.9
3337,41.9,41.9
3338,41.9,41.9
3339,41.9,41.9
3340,41.9,41.9
3341,41.9,41.9
3342,41.9,41.9
3343,41.9,41.9
3344,41.9,41.9
3345,41.9,41.9
3346,41.9,41.9
3347,41.9,41.9
3348,41.9,41.9
3349,41.9,41.9
3350,41.9,41.9
3351,41.9,41.9
3352,41.9,41.9
3353,41.9,41.9
3354,41.9,41.9
3355,41.9,41.9
3356,41.9,41.9
3357,41.9,41.9
3358,41.9,41.9
3359,41.9,41.9
3360,41.9,41.9
3361,41.9,41.9
3362,41.9,41.9
3363,41.9,41.9
3364,41.9,41.9
3365,41.9,41.9
3366,41.9,41.9
3367,41.9,41.9
3368,41.9,41.9
3369,41.9,41.9
3370,41.9,41.9
3371,41.9,41.9
3372,41.9,41.9
3373,41.9,41.9
3374,41.9,41.9
3375,41.9,41.9
3376,41.9,41.9
3377,41.9,41.9
3378,41.9,41.9
3379,41.9,41.9
3380,41.9,41.9
3381,41.9,41.9
3382,41.9,41.9
3383,41.9,41.9
3384,41.9,41.9
3385,41.9,41.9
3386,41.9,41.9
3387,41.9,41.9
3388,41.9,41.9
3389,41.9,41.9
3390,41.9,41.9
3391,41.9,41.9
3392,41.9,41.9
3393,41.9,41.9
3394,41.9,41.9
3395,41.9,41.9
3396,41.9,41.9
3397,41.9,41.9
3398,41.9,41.9
3399,41.9,41.9
3400,41.9,41.9
3401,41.9,41.9
3402,41.9,41.9
3403,41.9,41.9
3404,41.9,41.9
3405,41.9,41.9
3406,41.9,41.9
3407,41.9,41.9
3408,41.9,41.9
3409,41.9,41.9
3410,41.9,41.9
3411,41.9,41.9
3412,41.9,41.9
3413,41.9,41.9
3414,41.9,41.9
3415,41.9,41.9
3416,41.9,41.9
3417,41.9,41.9
3418,41.9,41.9
3419,41.9,41.9
3420,41.9,41.9
3421,41.9,41.9
3422,41.9,41.9
3423,41.9,41.9
3424,41.9,41.9
3425,41.9,41.9
3426,41.9,41.9
3427,41.9,41.9
3428,41.9,41.9
3429,41.9,41.9
3430,41.9,41.9
3431,41.9,41.9
3432,41.9,41.9
3433,41.9,41.9
3434,41.9,41.9
3435,41.9,41.9
3436,41.9,41.9
3437,41.9,41.9
3438,41.9,41.9
3439,41.9,41.9
3440,41.9,41.9
3441,41.9,41.9
3442,41.9,41.9
3443,41.9,41.9
3444,41.9,41.9
3445,41.9,41.9
3446,41.9,41.9
3447,41.9,41.9
3448,41.9,41.9
3449,41.9,41.9
3450,41.9,41.9
3451,41.9,41.9
3452,41.9,41.9
3453,41.9,41.9
3454,41.9,41.9
3455,41.9,41.9
3456,41.9,41.9
3457,41.9,41.9
3458,41.9,41.9
3459,41.9,41.9
3460,41.9,41.9
3461,41.9,41.9
3462,41.9,41.9
3463,41.9,41.9
3464,41.9,41.9
3465,41.9,41.9
3466,41.9,41.9
3467,41.9,41.9
3468,41.9,41.9
3469,41.9,41.9
3470,41.9,41.9
3471,41.9,41.9
3472,41.9,41.9
3473,41.9,41.9
3474,41.9,41.9
3475,41.9,41.9
3476,41.9,41.9
3477,41.9,41.9
3478,41.9,41.9
3479,41.9,41.9
3480,41.9,41.9
3481,41.9,41.9
3482,41.9,41.9
3483,41.9,41.9
3484,41.9,41.9
3485,41.9,41.9
3486,41.9,41.9
3487,41.9,41.9
3488,41.9,41.9
3489,41.9,41.9
3490,41.9,41.9
3491,41.9,41.9
3492,41.9,41.9
3493,41.9,41.9
3494,41.9,41.9
3495,41.9,41.9
3496,41.9,41.9
3497,41.9,41.9
3498,41.9,41.9
3499,41.9,41.9
3500,41.9,41.9
3501,41.9,41.9
3502,41.9,41.9
3503,41.9,41.9
3504,41.9,41.9
3505,41.9,41.9
3506,41.9,41.9
3507,41.9,41.9
3508,41.9,41.9
3509,41.9,41.9
3510,41.9,41.9
3511,41.9,41.9
3512,41.9,41.9
3513,41.9,41.9
3514,41.9,41.9
3515,41.9,41.9
3516,41.9,41.9
3517,41.9,41.9
3518,41.9,41.9
3519,41.9,41.9
3520,41.9,41.9
3521,41.9,41.9
3522,41.9,41.9
3523,41.9,41.9
3524,41.9,41.9
3525,41.9,41.9
3526,41.9,41.9
3527,41.9,41.9
3528,41.9,41.9
3529,41.9,41.9
3530,41.9,41.9
3531,41.9,41.9
3532,41.9,41.9
3533,41.9,41.9
3534,41.9,41.9
3535,41.9,41.9
3536,41.9,41.9
3537,41.9,41.9
3538,41.9,41.9
3539,41.9,41.9
3540,41.9,41.9
3541,41.9,41.9
3542,41.9,41.9
3543,41.9,41.9
3544,41.9,41.9
3545,41.9,41.9
3546,41.9,41.9
3547,41.9,41.9
3548,41.9,41.9
3549,41.9,41.9
3550,41.9,41.9
3551,41.9,41.9
3552,41.9,41.9
3553,41.9,41.9
3554,41.9,41.9
3555,41.9,41.9
3556,41.9,41.9
3557,41.9,41.9
3558,41.9,41.9
3559,41.9,41.9
3560,41.9,41.9
3561,41.9,41.9
3562,41.9,41.9
3563,41.9,41.9
3564,41.9,41.9
3565,41.9,41.9
3566,41.9,41.9
3567,41.9,41.9
3568,41.9,41.9
3569,41.9,41.9
3570,41.9,41.9
3571,41.9,41.9
3572,41.9,41.9
3573,41.9,41.9
3574,41.9,41.9
3575,41.9,41.9
3576,41.9,41.9
3577,41.9,41.9
3578,41.9,41.9
3579,41.9,41.9
3580,41.9,41.9
3581,41.9,41.9
3582,41.9,41.9
3583,41.9,41.9
3584,41.9,41.9
3585,41.9,41.9
3586,41.9,41.9
3587,41.9,41.9
3588,41.9,41.9
3589,41.9,41.9
3590,41.9,41.9
3591,41.9,41.9
3592,41.9,41.9
3593,41.9,41.9
3594,41.9,41.9
3595,41.9,41.9
3596,41.9,41.9
3597,41.9,41.9
3598,41.9,41.9
3599,41.9,41.9
3600,41.9,41.9
3601,41.9,41.9
3602,41.9,41.9
3603,41.9,41.9
3604,41.9,41.9
3605,41.9,41.9
3606,41.9,41.9
3607,41.9,41.9
3608,41.9,41.9
3609,41.9,41.9
3610,41.9,41.9
3611,41.9,41.9
3612,41.9,41.9
3613,41.9,41.9
3614,41.9,41.9
3615,41.9,41.9
3616,41.9,41.9
3617,41.9,41.9
3618,41.9,41.9
3619,41.9,41.9
3620,41.9,41.9
3621,41.9,41.9
3622,41.9,41.9
3623,41.9,41.9
3624,41.9,41.9
3625,41.9,41.9
3626,41.9,41.9
3627,41.9,41.9
3628,41.9,41.9
3629,41.9,41.9
3630,41.9,41.9
3631,41.9,41.9
3632,41.9,41.9
3633,41.9,41.9
3634,41.9,41.9
3635,41.9,41.9
3636,41.9,41.9
3637,41.9,41.9
3638,41.9,41.9
3639,41.9,41.9
3640,41.9,41.9
3641,41.9,41.9
3642,41.9,41.9
3643,41.9,41.9
3644,41.9,41.9
3645,41.9,41.9
3646,41.9,41.9
3647,41.9,41.9
3648,41.9,41.9
3649,41.9,41.9
3650,41.9,41.9
3651,41.9,41.9
3652,41.9,41.9
3653,41.9,41.9
3654,41.9,41.9
3655,41.9,41.9
3656,41.9,41.9
3657,41.9,41.9
3658,41.9,41.9
3659,41.9,41.9
3660,41.9,41.9
3661,41.9,41.9
3662,41.9,41.9
3663,41.9,41.9
3664,41.9,41.9
3665,41.9,41.9
3666,41.9,41.9
3667,41.9,41.9
3668,41.9,41.9
3669,41.9,41.9
3670,41.9,41.9
3671,41.9,41.9
3672,41.9,41.9
3673,41.9,41.9
3674,41.9,41.9
3675,41.9,41.9
3676,41.9,41.9
3677,41.9,41.9
3678,41.9,41.9
3679,41.9,41.9
3680,41.9,41.9
3681,41.9,41.9
3682,41.9,41.9
3683,41.9,41.9
3684,41.9,41.9
3685,41.9,41.9
3686,41.9,41.9
3687,41.9,41.9
3688,41.9,41.9
3689,41.9,41.9
3690,41.9,41.9
3691,41.9,41.9
3692,41.9,41.9
3693,41.9,41.9
3694,41.9,41.9
3695,41.9,41.9
3696,41.9,41.9
3697,41.9,41.9
3698,41.9,41.9
3699,41.9,41.9
3700,41.9,41.9
3701,41.9,41.9
3702,41.9,41.9
3703,41.9,41.9
3704,41.9,41.9
3705,41.9,41.9
3706,41.9,41.9
3707,41.9,41.9
3708,41.9,41.9
3709,41.9,41.9
3710,41.9,41.9
3711,41.9,41.9
3712,41.9,41.9
3713,41.9,41.9
3714,41.9,41.9
3715,41.9,41.9
3716,41.9,41.9
3717,41.9,41.9
3718,41.9,41.9
3719,41.9,41.9
3720,41.9,41.9
3721,41.9,41.9
3722,41.9,41.9
3723,41.9,41.9
3724,41.9,41.9
3725,41.9,41.9
3726,41.9,41.9
3727,41.9,41.9
3728,41.9,41.9
3729,41.9,41.9
3730,41.9,41.9
3731,41.9,41.9
3732,41.9,41.9
3733,41.9,41.9
3734,41.9,41.9
3735,41.9,41.9
3736,41.9,41.9
3737,41.9,41.9
3738,41.9,41.9
3739,41.9,41.9
3740,41.9,41.9
3741,41.9,41.9
3742,41.9,41.9
3743,41.9,41.9
3744,41.9,41.9
3745,41.9,41.9
3746,41.9,41.9
3747,41.9,41.9
3748,41.9,41.9
3749,41.9,41.9
3750,41.9,41.9
3751,41.9,41.9
3752,41.9,41.9
3753,41.9,41.9
3754,41.9,41.9
3755,41.9,41.9
3756,41.9,41.9
3757,41.9,41.9
3758,41.9,41.9
3759,41.9,41.9
3760,41.9,41.9
3761,41.9,41.9
3762,41.9,41.9
3763,41.9,41.9
3764,41.9,41.9
3765,41.9,41.9
3766,41.9,41.9
3767,41.9,41.9
3768,41.9,41.9
3769,41.9,41.9
3770,41.9,41.9
3771,41.9,41.9
3772,41.9,41.9
3773,41.9,41.9
3774,41.9,41.9
3775,41.9,41.9
3776,41.9,41.9
3777,41.9,41.9
3778,41.9,41.9
3779,41.9,41.9
3780,41.9,41.9
3781,41.9,41.9
3782,41.9,41.9
3783,41.9,41.9
3784,41.9,41.9
3785,41.9,41.9
3786,41.9,41.9
3787,41.9,41.9
3788,41.9,41.9
3789,41.9,41.9
3790,41.9,41.9
3791,41.9,41.9
3792,41.9,41.9
3793,41.9,41.9
3794,41.9,41.9
3795,41.9,41.9
3796,41.9,41.9
3797,41.9,41.9
3798,41.9,41.9
3799,41.9,41.9
3800,41.9,41.9
3801,41.9,41.9
3802,41.9,41.9
3803,41.9,41.9
3804,41.9,41.9
3805,41.9,41.9
3806,41.9,41.9
3807,41.9,41.9
3808,41.9,41.9
3809,41.9,41.9
3810,41.9,41.9
3811,41.9,41.9
3812,41.9,41.9
3813,41.9,41.9
3814,41.9,41.9
3815,41.9,41.9
3816,41.9,41.9
3817,41.9,41.9
3818,41.9,41.9
3819,41.9,41.9
3820,41.9,41.9
3821,41.9,41.9
3822,41.9,41.9
3823,41.9,41.9
3824,41.9,41.9
3825,41.9,41.9
3826,41.9,41.9
3827,41.9,41.9
3828,41.9,41.9
3829,41.9,41.9
3830,41.9,41.9
3831,41.9,41.9
3832,41.9,41.9
3833,41.9,41.9
3834,41.9,41.9
3835,41.9,41.9
3836,41.9,41.9
3837,41.9,41.9
3838,41.9,41.9
3839,41.9,41.9
3840,41.9,41.9
3841,41.9,41.9
3842,41.9,41.9
3843,41.9,41.9
3844,41.9,41.9
3845,41.9,41.9
3846,41.9,41.9
3847,41.9,41.9
3848,41.9,41.9
3849,41.9,41.9
3850,41.9,41.9
3851,41.9,41.9
3852,41.9,41.9
3853,41.9,41.9
3854,41.9,41.9
3855,41.9,41.9
3856,41.9,41.9
3857,41.9,41.9
3858,41.9,41.9
3859,41.9,41.9
3860,41.9,41.9
3861,41.9,41.9
3862,41.9,41.9
3863,41.9,41.9
3864,41.9,41.9
3865,41.9,41.9
3866,41.9,41.9
3867,41.9,41.9
3868,41.9,41.9
3869,41.9,41.9
3870,41.9,41.9
3871,41.9,41.9
3872,41.9,41.9
3873,41.9,41.9
3874,41.9,41.9
3875,41.9,41.9
3876,41.9,41.9
3877,41.9,41.9
3878,41.9,41.9
3879,41.9,41.9
3880,41.9,41.9
3881,41.9,41.9
3882,41.9,41.9
3883,41.9,41.9
3884,41.9,41.9
3885,41.9,41.9
3886,41.9,41.9
3887,41.9,41.9
3888,41.9,41.9
3889,41.9,41.9
3890,41.9,41.9
3891,41.9,41.9
3892,41.9,41.9
3893,41.9,41.9
3894,41.9,41.9
3895,41.9,41.9
3896,41.9,41.9
3897,41.9,41.9
3898,41.9,41.9
3899,41.9,41.9
3900,41.9,41.9
3901,41.9,41.9
3902,41.9,41.9
3903,41.9,41.9
3904,41.9,41.9
3905,41.9,41.9
3906,41.9,41.9
3907,41.9,41.9
3908,41.9,41.9
3909,41.9,41.9
3910,41.9,41.9
3911,41.9,41.9
3912,41.9,41.9
3913,41.9,41.9
3914,41.9,41.9
3915,41.9,41.9
3916,41.9,41.9
3917,41.9,41.9
3918,41.9,41.9
3919,41.9,41.9
3920,41.9,41.9
3921,41.9,41.9
3922,41.9,41.9
3923,41.9,41.9
3924,41.9,41.9
3925,41.9,41.9
3926,41.9,41.9
3927,41.9,41.9
3928,41.9,41.9
3929,41.9,41.9
3930,41.9,41.9
3931,41.9,41.9
3932,41.9,41.9
3933,41.9,41.9
3934,41.9,41.9
3935,41.9,41.9
3936,41.9,41.9
3937,41.9,41.9
3938,41.9,41.9
3939,41.9,41.9
3940,41.9,41.9
3941,41.9,41.9
3942,41.9,41.9
3943,41.9,41.9
3944,41.9,41.9
3945,41.9,41.9
3946,41.9,41.9
3947,41.9,41.9
3948,41.9,41.9
3949,41.9,41.9
3950,41.9,41.9
3951,41.9,41.9
3952,41.9,41.9
3953,41.9,41.9
3954,41.9,41.9
3955,41.9,41.9
3956,41.9,41.9
3957,41.9,41.9
3958,41.9,41.9
3959,41.9,41.9
3960,41.9,41.9
3961,41.9,41.9
3962,41.9,41.9
3963,41.9,41.9
3964,41.9,41.9
3965,41.9,41.9
3966,41.9,41.9
3967,41.9,41.9
3968,41.9,41.9
3969,41.9,41.9
3970,41.9,41.9
3971,41.9,41.9
3972,41.9,41.9
3973,41.9,41.9
3974,41.9,41.9
3975,41.9,41.9
3976,41.9,41.9
3977,41.9,41.9
3978,41.9,41.9
3979,41.9,41.9
3980,41.9,41.9
3981,41.9,41.9
3982,41.9,41.9
3983,41.9,41.9
3984,41.9,41.9
3985,41.9,41.9
3986,41.9,41.9
3987,41.9,41.9
3988,41.9,41.9
3989,41.9,41.9
3990,41.9,41.9
3991,41.9,41.9
3992,41.9,41.9
3993,41.9,41.9
3994,41.9,41.9
3995,41.9,41.9
3996,41.9,41.9
3997,41.9,41.9
3998,41.9,41.9
3999,41.9,41.9
4000,41.9,41.9
4001,41.9,41.9
4002,41.9,41.9
4003,41.9,41.9
4004,41.9,41.9
4005,41.9,41.9
4006,41.9,41.9
4007,41.9,41.9
4008,41.9,41.9
4009,41.9,41.9
4010,41.9,41.9
4011,41.9,41.9
4012,41.9,41.9
4013,41.9,41.9
4014,41.9,41.9
4015,41.9,41.9
4016,41.9,41.9
4017,41.9,41.9
4018,41.9,41.9
4019,41.9,41.9
4020,41.9,41.9
4021,41.9,41.9
4022,41.9,41.9
4023,41.9,41.9
4024,41.9,41.9
4025,41.9,41.9
4026,41.9,41.9
4027,41.9,41.9
4028,41.9,41.9
4029,41.9,41.9
4030,41.9,41.9
4031,41.9,41.9
4032,41.9,41.9
4033,41.9,41.9
4034,41.9,41.9
4035,41.9,41.9
4036,41.9,41.9
4037,41.9,41.9
4038,41.9,41.9
4039,41.9,41.9
4040,41.9,41.9
4041,41.9,41.9
4042,41.9,41.9
4043,41.9,41.9
4044,41.9,41.9
4045,41.9,41.9
4046,41.9,41.9
4047,41.9,41.9
4048,41.9,41.9
4049,41.9,41.9
4050,41.9,41.9
4051,41.9,41.9
4052,41.9,41.9
4053,41.9,41.9
4054,41.9,41.9
4055,41.9,41.9
4056,41.9,41.9
4057,41.9,41.9
4058,41.9,41.9
4059,41.9,41.9
4060,41.9,41.9
4061,41.9,41.9
4062,41.9,41.9
4063,41.9,41.9
4064,41.9,41.9
4065,41.9,41.9
4066,41.9,41.9
4067,41.9,41.9
4068,41.9,41.9
4069,41.9,41.9
4070,41.9,41.9
4071,41.9,41.9
4072,41.9,41.9
4073,41.9,41.9
4074,41.9,41.9
4075,41.9,41.9
4076,41.9,41.9
4077,41.9,41.9
4078,41.9,41.9
4079,41.9,41.9
4080,41.9,41.9
4081,41.9,41.9
4082,41.9,41.9
4083,41.9,41.9
4084,41.9,41.9
4085,41.9,41.9
4086,41.9,41.9
4087,41.9,41.9
4088,41.9,41.9
4089,41.9,41.9
4090,41.9,41.9
4091,41.9,41.9
4092,41.9,41.9
4093,41.9,41.9
4094,41.9,41.9
4095,41.9,41.9
4096,41.9,41.9
4097,41.9,41.9
4098,41.9,41.9
4099,41.9,41.9
4100,41.9,41.9
4101,41.9,41.9
4102,41.9,41.9
4103,41.9,41.9
4104,41.9,41.9
4105,41.9,41.9
4106,41.9,41.9
4107,41.9,41.9
4108,41.9,41.9
4109,41.9,41.9
4110,41.9,41.9
4111,41.9,41.9
4112,41.9,41.9
4113,41.9,41.9
4114,41.9,41.9
4115,41.9,41.9
4116,41.9,41.9
4117,41.9,41.9
4118,41.9,41.9
4119,41.9,41.9
4120,41.9,41.9
4121,41.9,41.9
4122,41.9,41.9
4123,41.9,41.9
4124,41.9,41.9
4125,41.9,41.9
4126,41.9,41.9
4127,41.9,41.9
4128,41.9,41.9
4129,41.9,41.9
4130,41.9,41.9
4131,41.9,41.9
4132,41.9,41.9
4133,41.9,41.9
4134,41.9,41.9
4135,41.9,41.9
4136,41.9,41.9
4137,41.9,41.9
4138,41.9,41.9
4139,41.9,41.9
4140,41.9,41.9
4141,41.9,41.9
4142,41.9,41.9
4143,41.9,41.9
4144,41.9,41.9
4145,41.9,41.9
4146,41.9,41.9
4147,41.9,41.9
4148,41.9,41.9
4149,41.9,41.9
4150,41.9,41.9
4151,41.9,41.9
4152,41.9,41.9
4153,41.9,41.9
4154,41.9,41.9
4155,41.9,41.9
4156,41.9,41.9
4157,41.9,41.9
4158,41.9,41.9
4159,41.9,41.9
4160,41.9,41.9
4161,41.9,41.9
4162,41.9,41.9
4163,41.9,41.9
4164,41.9,41.9
4165,41.9,41.9
4166,41.9,41.9
4167,41.9,41.9
4168,41.9,41.9
4169,41.9,41.9
4170,41.9,41.9
4171,41.9,41.9
4172,41.9,41.9
4173,41.9,41.9
4174,41.9,41.9
4175,41.9,41.9
4176,41.9,41.9
4177,41.9,41.9
4178,41.9,41.9
4179,41.9,41.9
4180,41.9,41.9
4181,41.9,41.9
4182,41.9,41.9
4183,41.9,41.9
4184,41.9,41.9
4185,41.9,41.9
4186,41.9,41.9
4187,41.9,41.9
4188,41.9,41.9
4189,41.9,41.9
4190,41.9,41.9
4191,41.9,41.9
4192,41.9,41.9
4193,41.9,41.9
4194,41.9,41.9
4195,41.9,41.9
4196,41.9,41.9
4197,41.9,41.9
4198,41.9,41.9
4199,41.9,41.9
4200,41.9,41.9
4201,41.9,41.9
4202,41.9,41.9
4203,41.9,41.9
4204,41.9,41.9
4205,41.9,41.9
4206,41.9,41.9
4207,41.9,41.9
4208,41.9,41.9
4209,41.9,41.9
4210,41.9,41.9
4211,41.9,41.9
4212,41.9,41.9
4213,41.9,41.9
4214,41.9,41.9
4215,41.9,41.9
4216,41.9,41.9
4217,41.9,41.9
4218,41.9,41.9
4219,41.9,41.9
4220,41.9,41.9
4221,41.9,41.9
4222,41.9,41.9
4223,41.9,41.9
4224,41.9,41.9
4225,41.9,41.9
4226,41.9,41.9
4227,41.9,41.9
4228,41.9,41.9
4229,41.9,41.9
4230,41.9,41.9
4231,41.9,41.9
4232,41.9,41.9
4233,41.9,41.9
4234,41.9,41.9
4235,41.9,41.9
4236,41.9,41.9
4237,41.9,41.9
4238,41.9,41.9
4239,41.9,41.9
4240,41.9,41.9
4241,41.9,41.9
4242,41.9,41.9
4243,41.9,41.9
4244,41.9,41.9
4245,41.9,41.9
4246,41.9,41.9
4247,41.9,41.9
4248,41.9,41.9
4249,41.9,41.9
4250,41.9,41.9
4251,41.9,41.9
4252,41.9,41.9
4253,41.9,41.9
4254,41.9,41.9
4255,41.9,41.9
4256,41.9,41.9
4257,41.9,41.9
4258,41.9,41.9
4259,41.9,41.9
4260,41.9,41.9
4261,41.9,41.9
4262,41.9,41.9
4263,41.9,41.9
4264,41.9,41.9
4265,41.9,41.9
4266,41.9,41.9
4267,41.9,41.9
4268,41.9,41.9
4269,41.9,41.9
4270,41.9,41.9
4271,41.9,41.9
4272,41.9,41.9
4273,41.9,41.9
4274,41.9,41.9
4275,41.9,41.9
4276,41.9,41.9
4277,41.9,41.9
4278,41.9,41.9
4279,41.9,41.9
4280,41.9,41.9
4281,41.9,41.9
4282,41.9,41.9
4283,41.9,41.9
4284,41.9,41.9
4285,41.9,41.9
4286,41.9,41.9
4287,41.9,41.9
4288,41.9,41.9
4289,41.9,41.9
4290,41.9,41.9
4291,41.9,41.9
4292,41.9,41.9
4293,41.9,41.9
4294,41.9,41.9
4295,41.9,41.9
4296,41.9,41.9
4297,41.9,41.9
4298,41.9,41.9
4299,41.9,41.9
4300,41.9,41.9
4301,41.9,41.9
4302,41.9,41.9
4303,41.9,41.9
4304,41.9,41.9
4305,41.9,41.9
4306,41.9,41.9
4307,41.9,41.9
4308,41.9,41.9
4309,41.9,41.9
4310,41.9,41.9
4311,41.9,41.9
4312,41.9,41.9
4313,41.9,41.9
4314,41.9,41.9
4315,41.9,41.9
4316,41.9,41.9
4317,41.9,41.9
4318,41.9,41.9
4319,41.9,41.9
4320,41.9,41.9
4321,41.9,41.9
4322,41.9,41.9
4323,41.9,41.9
4324,41.9,41.9
4325,41.9,41.9
4326,41.9,41.9
4327,41.9,41.9
4328,41.9,41.9
4329,41.9,41.9
4330,41.9,41.9
4331,41.9,41.9
4332,41.9,41.9
4333,41.9,41.9
4334,41.9,41.9
4335,41.9,41.9
4336,41.9,41.9
4337,41.9,41.9
4338,41.9,41.9
4339,41.9,41.9
4340,41.9,41.9
4341,41.9,41.9
4342,41.9,41.9
4343,41.9,41.9
4344,41.9,41.9
4345,41.9,41.9
4346,41.9,41.9
4347,41.9,41.9
4348,41.9,41.9
4349,41.9,41.9
4350,41.9,41.9
4351,41.9,41.9
4352,41.9,41.9
4353,41.9,41.9
4354,41.9,41.9
4355,41.9,41.9
4356,41.9,41.9
4357,41.9,41.9
4358,41.9,41.9
4359,41.9,41.9
4360,41.9,41.9
4361,41.9,41.9
4362,41.9,41.9
4363,41.9,41.9
4364,41.9,41.9
4365,41.9,41.9
4366,41.9,41.9
4367,41.9,41.9
4368,41.9,41.9
4369,41.9,41.9
4370,41.9,41.9
4371,41.9,41.9
4372,41.9,41.9
4373,41.9,41.9
4374,41.9,41.9
4375,41.9,41.9
4376,41.9,41.9
4377,41.9,41.9
4378,41.9,41.9
4379,41.9,41.9
4380,41.9,41.9
4381,41.9,41.9
4382,41.9,41.9
4383,41.9,41.9
4384,41.9,41.9
4385,41.9,41.9
4386,41.9,41.9
4387,41.9,41.9
4388,41.9,41.9
4389,41.9,41.9
4390,41.9,41.9
4391,41.9,41.9
4392,41.9,41.9
4393,41.9,41.9
4394,41.9,41.9
4395,41.9,41.9
4396,41.9,41.9
4397,41.9,41.9
4398,41.9,41.9
4399,41.9,41.9
4400,41.9,41.9
4401,41.9,41.9
4402,41.9,41.9
4403,41.9,41.9
4404,41.9,41.9
4405,41.9,41.9
4406,41.9,41.9
4407,41.9,41.9
4408,41.9,41.9
4409,41.9,41.9
4410,41.9,41.9
4411,41.9,41.9
4412,41.9,41.9
4413,41.9,41.9
4414,41.9,41.9
4415,41.9,41.9
4416,41.9,41.9
4417,41.9,41.9
4418,41.9,41.9
4419,41.9,41.9
4420,41.9,41.9
4421,41.9,41.9
4422,41.9,41.9
4423,41.9,41.9
4424,41.9,41.9
4425,41.9,41.9
4426,41.9,41.9
4427,41.9,41.9
4428,41.9,41.9
4429,41.9,41.9
4430,41.9,41.9
4431,41.9,41.9
4432,41.9,41.9
4433,41.9,41.9
4434,41.9,41.9
4435,41.9,41.9
4436,41.9,41.9
4437,41.9,41.9
4438,41.9,41.9
4439,41.9,41.9
4440,41.9,41.9
4441,41.9,41.9
4442,41.9,41.9
4443,41.9,41.9
4444,41.9,41.9
4445,41.9,41.9
4446,41.9,41.9
4447,41.9,41.9
4448,41.9,41.9
4449,41.9,41.9
4450,41.9,41.9
4451,41.9,41.9
4452,41.9,41.9
4453,41.9,41.9
4454,41.9,41.9
4455,41.9,41.9
4456,41.9,41.9
4457,41.9,41.9
4458,41.9,41.9
4459,41.9,41.9
4460,41.9,41.9
4461,41.9,41.9
4462,41.9,41.9
4463,41.9,41.9
4464,41.9,41.9
4465,41.9,41.9
4466,41.9,41.9
4467,41.9,41.9
4468,41.9,41.9
4469,41.9,41.9
4470,41.9,41.9
4471,41.9,41.9
4472,41.9,41.9
4473,41.9,41.9
4474,41.9,41.9
4475,41.9,41.9
4476,41.9,41.9
4477,41.9,41.9
4478,41.9,41.9
4479,41.9,41.9
4480,41.9,41.9
4481,41.9,41.9
4482,41.9,41.9
4483,41.9,41.9
4484,41.9,41.9
4485,41.9,41.9
4486,41.9,41.9
4487,41.9,41.9
4488,41.9,41.9
4489,41.9,41.9
4490,41.9,41.9
4491,41.9,41.9
4492,41.9,41.9
4493,41.9,41.9
4494,41.9,41.9
4495,41.9,41.9
4496,41.9,41.9
4497,41.9,41.9
4498,41.9,41.9
4499,41.9,41.9
4500,41.9,41.9
4501,41.9,41.9
4502,41.9,41.9
4503,41.9,41.9
4504,41.9,41.9
4505,41.9,41.9
4506,41.9,41.9
4507,41.9,41.9
4508,41.9,41.9
4509,41.9,41.9
4510,41.9,41.9
4511,41.9,41.9
4512,41.9,41.9
4513,41.9,41.9
4514,41.9,41.9
4515,41.9,41.9
4516,41.9,41.9
4517,41.9,41.9
4518,41.9,41.9
4519,41.9,41.9
4520,41.9,41.9
4521,41.9,41.9
4522,41.9,41.9
4523,41.9,41.9
4524,41.9,41.9
4525,41.9,41.9
4526,41.9,41.9
4527,41.9,41.9
4528,41.9,41.9
4529,41.9,41.9
4530,41.9,41.9
4531,41.9,41.9
4532,41.9,41.9
4533,41.9,41.9
4534,41.9,41.9
4535,41.9,41.9
4536,41.9,41.9
4537,41.9,41.9
4538,41.9,41.9
4539,41.9,41.9
4540,41.9,41.9
4541,41.9,41.9
4542,41.9,41.9
4543,41.9,41.9
4544,41.9,41.9
4545,41.9,41.9
4546,41.9,41.9
4547,41.9,41.9
4548,41.9,41.9
4549,41.9,41.9
4550,41.9,41.9
4551,41.9,41.9
4552,41.9,41.9
4553,41.9,41.9
4554,41.9,41.9
4555,41.9,41.9
4556,41.9,41.9
4557,41.9,41.9
4558,41.9,41.9
4559,41.9,41.9
4560,41.9,41.9
4561,41.9,41.9
4562,41.9,41.9
4563,41.9,41.9
4564,41.9,41.9
4565,41.9,41.9
4566,41.9,41.9
4567,41.9,41.9
4568,41.9,41.9
4569,41.9,41.9
4570,41.9,41.9
4571,41.9,41.9
4572,41.9,41.9
4573,41.9,41.9
4574,41.9,41.9
4575,41.9,41.9
4576,41.9,41.9
4577,41.9,41.9
4578,41.9,41.9
4579,41.9,41.9
4580,41.9,41.9
4581,41.9,41.9
4582,41.9,41.9
4583,41.9,41.9
4584,41.9,41.9
4585,41.9,41.9
4586,41.9,41.9
4587,41.9,41.9
4588,41.9,41.9
4589,41.9,41.9
4590,41.9,41.9
4591,41.9,41.9
4592,41.9,41.9
4593,41.9,41.9
4594,41.9,41.9
4595,41.9,41.9
4596,41.9,41.9
4597,41.9,41.9
4598,41.9,41.9
4599,41.9,41.9
4600,41.9,41.9
4601,41.9,41.9
4602,41.9,41.9
4603,41.9,41.9
4604,41.9,41.9
4605,41.9,41.9
4606,41.9,41.9
4607,41.9,41.9
4608,41.9,41.9
4609,41.9,41.9
4610,41.9,41.9
4611,41.9,41.9
4612,41.9,41.9
4613,41.9,41.9
4614,41.9,41.9
4615,41.9,41.9
4616,41.9,41.9
4617,41.9,41.9
4618,41.9,41.9
4619,41.9,41.9
4620,41.9,41.9
4621,41.9,41.9
4622,41.9,41.9
4623,41.9,41.9
4624,41.9,41.9
4625,41.9,41.9
4626,41.9,41.9
4627,41.9,41.9
4628,41.9,41.9
4629,41.9,41.9
4630,41.9,41.9
4631,41.9,41.9
4632,41.9,41.9
4633,41.9,41.9
4634,41.9,41.9
4635,41.9,41.9
4636,41.9,41.9
4637,41.9,41.9
4638,41.9,41.9
4639,41.9,41.9
4640,41.9,41.9
4641,41.9,41.9
4642,41.9,41.9
4643,41.9,41.9
4644,41.9,41.9
4645,41.9,41.9
4646,41.9,41.9
4647,41.9,41.9
4648,41.9,41.9
4649,41.9,41.9
4650,41.9,41.9
4651,41.9,41.9
4652,41.9,41.9
4653,41.9,41.9
4654,41.9,41.9
4655,41.9,41.9
4656,41.9,41.9
4657,41.9,41.9
4658,41.9,41.9
4659,41.9,41.9
4660,41.9,41.9
4661,41.9,41.9
4662,41.9,41.9
4663,41.9,41.9
4664,41.9,41.9
4665,41.9,41.9
4666,41.9,41.9
4667,41.9,41.9
4668,41.9,41.9
4669,41.9,41.9
4670,41.9,41.9
4671,41.9,41.9
4672,41.9,41.9
4673,41.9,41.9
4674,41.9,41.9
4675,41.9,41.9
4676,41.9,41.9
4677,41.9,41.9
4678,41.9,41.9
4679,41.9,41.9
4680,41.9,41.9
4681,41.9,41.9
4682,41.9,41.9
4683,41.9,41.9
4684,41.9,41.9
4685,41.9,41.9
4686,41.9,41.9
4687,41.9,41.9
4688,41.9,41.9
4689,41.9,41.9
4690,41.9,41.9
4691,41.9,41.9
4692,41.9,41.9
4693,41.9,41.9
4694,41.9,41.9
4695,41.9,41.9
4696,41.9,41.9
4697,41.9,41.9
4698,41.9,41.9
4699,41.9,41.9
4700,41.9,41.9
4701,41.9,41.9
4702,41.9,41.9
4703,41.9,41.9
4704,41.9,41.9
4705,41.9,41.9
4706,41.9,41.9
4707,41.9,41.9
4708,41.9,41.9
4709,41.9,41.9
4710,41.9,41.9
4711,41.9,41.9
4712,41.9,41.9
4713,41.9,41.9
4714,41.9,41.9
4715,41.9,41.9
4716,41.9,41.9
4717,41.9,41.9
4718,41.9,41.9
4719,41.9,41.9
4720,41.9,41.9
4721,41.9,41.9
4722,41.9,41.9
4723,41.9,41.9
4724,41.9,41.9
4725,41.9,41.9
4726,41.9,41.9
4727,41.9,41.9
4728,41.9,41.9
4729,41.9,41.9
4730,41.9,41.9
4731,41.9,41.9
4732,41.9,41.9
4733,41.9,41.9
4734,41.9,41.9
4735,41.9,41.9
4736,41.9,41.9
4737,41.9,41.9
4738,41.9,41.9
4739,41.9,41.9
4740,41.9,41.9
4741,41.9,41.9
4742,41.9,41.9
4743,41.9,41.9
4744,41.9,41.9
4745,41.9,41.9
4746,41.9,41.9
4747,41.9,41.9
4748,41.9,41.9
4749,41.9,41.9
4750,41.9,41.9
4751,41.9,41.9
4752,41.9,41.9
4753,41.9,41.9
4754,41.9,41.9
4755,41.9,41.9
4756,41.9,41.9
4757,41.9,41.9
4758,41.9,41.9
4759,41.9,41.9
4760,41.9,41.9
4761,41.9,41.9
4762,41.9,41.9
4763,41.9,41.9
4764,41.9,41.9
4765,41.9,41.9
4766,41.9,41.9
4767,41.9,41.9
4768,41.9,41.9
4769,41.9,41.9
4770,41.9,41.9
4771,41.9,41.9
4772,41.9,41.9
4773,41.9,41.9
4774,41.9,41.9
4775,41.9,41.9
4776,41.9,41.9
4777,41.9,41.9
4778,41.9,41.9
4779,41.9,41.9
4780,41.9,41.9
4781,41.9,41.9
4782,41.9,41.9
4783,41.9,41.9
4784,41.9,41.9
4785,41.9,41.9
4786,41.9,41.9
4787,41.9,41.9
4788,41.9,41.9
4789,41.9,41.9
4790,41.9,41.9
4791,41.9,41.9
4792,41.9,41.9
4793,41.9,41.9
4794,41.9,41.9
4795,41.9,41.9
4796,41.9,41.9
4797,41.9,41.9
4798,41.9,41.9
4799,41.9,41.9
4800,41.9,41.9
4801,41.9,41.9
4802,41.9,41.9
4803,41.9,41.9
4804,41.9,41.9
4805,41.9,41.9
4806,41.9,41.9
4807,41.9,41.9
4808,41.9,41.9
4809,41.9,41.9
4810,41.9,41.9
4811,41.9,41.9
4812,41.9,41.9
4813,41.9,41.9
4814,41.9,41.9
4815,41.9,41.9
4816,41.9,41.9
4817,41.9,41.9
4818,41.9,41.9
4819,41.9,41.9
4820,41.9,41.9
4821,41.9,41.9
4822,41.9,41.9
4823,41.9,41.9
4824,41.9,41.9
4825,41.9,41.9
4826,41.9,41.9
4827,41.9,41.9
4828,41.9,41.9
4829,41.9,41.9
4830,41.9,41.9
4831,41.9,41.9
4832,41.9,41.9
4833,41.9,41.9
4834,41.9,41.9
4835,41.9,41.9
4836,41.9,41.9
4837,41.9,41.9
4838,41.9,41.9
4839,41.9,41.9
4840,41.9,41.9
4841,41.9,41.9
4842,41.9,41.9
4843,41.9,41.9
4844,41.9,41.9
4845,41.9,41.9
4846,41.9,41.9
4847,41.9,41.9
4848,41.9,41.9
4849,41.9,41.9
4850,41.9,41.9
4851,41.9,41.9
4852,41.9,41.9
4853,41.9,41.9
4854,41.9,41.9
4855,41.9,41.9
4856,41.9,41.9
4857,41.9,41.9
4858,41.9,41.9
4859,41.9,41.9
4860,41.9,41.9
4861,41.9,41.9
4862,41.9,41.9
4863,41.9,41.9
4864,41.9,41.9
4865,41.9,41.9
4866,41.9,41.9
4867,41.9,41.9
4868,41.9,41.9
4869,41.9,41.9
4870,41.9,41.9
4871,41.9,41.9
4872,41.9,41.9
4873,41.9,41.9
4874,41.9,41.9
4875,41.9,41.9
4876,41.9,41.9
4877,41.9,41.9
4878,41.9,41.9
4879,41.9,41.9
4880,41.9,41.9
4881,41.9,41.9
4882,41.9,41.9
4883,41.9,41.9
4884,41.9,41.9
4885,41.9,41.9
4886,41.9,41.9
4887,41.9,41.9
4888,41.9,41.9
4889,41.9,41.9
4890,41.9,41.9
4891,41.9,41.9
4892,41.9,41.9
4893,41.9,41.9
4894,41.9,41.9
4895,41.9,41.9
4896,41.9,41.9
4897,41.9,41.9
4898,41.9,41.9
4899,41.9,41.9
4900,41.9,41.9
4901,41.9,41.9
4902,41.9,41.9
4903,41.9,41.9
4904,41.9,41.9
4905,41.9,41.9
4906,41.9,41.9
4907,41.9,41.9
4908,41.9,41.9
4909,41.9,41.9
4910,41.9,41.9
4911,41.9,41.9
4912,41.9,41.9
4913,41.9,41.9
4914,41.9,41.9
4915,41.9,41.9
4916,41.9,41.9
4917,41.9,41.9
4918,41.9,41.9
4919,41.9,41.9
4920,41.9,41.9
4921,41.9,41.9
4922,41.9,41.9
4923,41.9,41.9
4924,41.9,41.9
4925,41.9,41.9
4926,41.9,41.9
4927,41.9,41.9
4928,41.9,41.9
4929,41.9,41.9
4930,41.9,41.9
4931,41.9,41.9
4932,41.9,41.9
4933,41.9,41.9
4934,41.9,41.9
4935,41.9,41.9
4936,41.9,41.9
4937,41.9,41.9
4938,41.9,41.9
4939,41.9,41.9
4940,41.9,41.9
4941,41.9,41.9
4942,41.9,41.9
4943,41.9,41.9
4944,41.9,41.9
4945,41.9,41.9
4946,41.9,41.9
4947,41.9,41.9
4948,41.9,41.9
4949,41.9,41.9
4950,41.9,41.9
4951,41.9,41.9
4952,41.9,41.9
4953,41.9,41.9
4954,41.9,41.9
4955,41.9,41.9
4956,41.9,41.9
4957,41.9,41.9
4958,41.9,41.9
4959,41.9,41.9
4960,41.9,41.9
4961,41.9,41.9
4962,41.9,41.9
4963,41.9,41.9
4964,41.9,41.9
4965,41.9,41.9
4966,41.9,41.9
4967,41.9,41.9
4968,41.9,41.9
4969,41.9,41.9
4970,41.9,41.9
4971,41.9,41.9
4972,41.9,41.9
4973,41.9,41.9
4974,41.9,41.9
4975,41.9,41.9
4976,41.9,41.9
4977,41.9,41.9
4978,41.9,41.9
4979,41.9,41.9
4980,41.9,41.9
4981,41.9,41.9
4982,41.9,41.9
4983,41.9,41.9
4984,41.9,41.9
4985,41.9,41.9
4986,41.9,41.9
4987,41.9,41.9
4988,41.9,41.9
4989,41.9,41.9
4990,41.9,41.9
4991,41.9,41.9
4992,41.9,41.9
4993,41.9,41.9
4994,41.9,41.9
4995,41.9,41.9
4996,41.9,41.9
4997,41.9,41.9
4998,41.9,41.9
4999,41.9,41.9
