,hsa_js,add_js
0,0.1,0.0
1,0.30000000000000004,0.0
2,0.30000000000000004,0.0
3,0.30000000000000004,0.0
4,0.30000000000000004,0.0
5,0.30000000000000004,0.0
6,0.30000000000000004,0.0
7,0.30000000000000004,0.0
8,0.30000000000000004,0.0
9,0.30000000000000004,0.0
10,0.5,0.0
11,0.5,0.0
12,0.5,0.0
13,0.5,0.0
14,0.5,0.0
15,0.5,0.0
16,0.7000000000000001,0.0
17,0.7000000000000001,0.0
18,0.7000000000000001,0.0
19,0.8,0.0
20,0.8,0.0
21,0.8,0.0
22,0.8,0.0
23,0.8,0.0
24,0.8,0.0
25,1.0,0.0
26,1.0,0.0
27,1.0,0.0
28,1.0,0.0
29,1.0,0.0
30,1.0,0.0
31,1.0,0.0
32,1.0,0.0
33,1.0,0.0
34,1.1,0.0
35,1.1,0.0
36,1.1,0.0
37,1.1,0.0
38,1.2000000000000002,0.0
39,1.2000000000000002,0.0
40,1.2000000000000002,0.0
41,1.4000000000000001,0.0
42,1.4000000000000001,0.0
43,1.5,0.0
44,1.5,0.0
45,1.5,0.0
46,1.5,0.0
47,1.5,0.0
48,1.5,0.0
49,1.5,0.0
50,1.5,0.0
51,1.5,0.0
52,1.5,0.0
53,1.5,0.0
54,1.5,0.0
55,1.5,0.0
56,1.6,0.0
57,1.6,0.0
58,1.6,0.0
59,1.6,0.0
60,1.6,0.0
61,1.7000000000000002,0.0
62,1.7000000000000002,0.0
63,1.7000000000000002,0.0
64,1.7000000000000002,0.0
65,1.7000000000000002,0.0
66,1.7000000000000002,0.0
67,1.7000000000000002,0.0
68,1.7000000000000002,0.0
69,1.7000000000000002,0.0
70,1.7000000000000002,0.0
71,1.7000000000000002,0.0
72,1.7000000000000002,0.0
73,1.7000000000000002,0.0
74,1.7000000000000002,0.0
75,1.7000000000000002,0.0
76,1.7000000000000002,0.0
77,1.7000000000000002,0.0
78,1.7000000000000002,0.0
79,1.7000000000000002,0.0
80,1.8,0.0
81,1.8,0.0
82,1.8,0.0
83,1.8,0.0
84,1.8,0.0
85,1.8,0.0
86,1.9000000000000001,0.0
87,1.9000000000000001,0.0
88,1.9000000000000001,0.0
89,1.9000000000000001,0.0
90,2.0,0.0
91,2.0,0.0
92,2.0,0.0
93,2.0,0.0
94,2.0,0.0
95,2.0,0.0
96,2.0,0.0
97,2.0,0.0
98,2.0,0.0
99,2.2,0.0
100,2.2,0.0
101,2.2,0.0
102,2.2,0.0
103,2.2,0.0
104,2.2,0.0
105,2.2,0.0
106,2.2,0.0
107,2.2,0.0
108,2.2,0.0
109,2.2,0.0
110,2.2,0.0
111,2.2,0.0
112,2.2,0.0
113,2.2,0.0
114,2.2,0.0
115,2.4000000000000004,0.0
116,2.4000000000000004,0.0
117,2.4000000000000004,0.0
118,2.4000000000000004,0.0
119,2.4000000000000004,0.0
120,2.4000000000000004,0.0
121,2.4000000000000004,0.0
122,2.4000000000000004,0.0
123,2.4000000000000004,0.0
124,2.6,0.0
125,2.6,0.0
126,2.6,0.0
127,2.6,0.0
128,2.6,0.0
129,2.6,0.0
130,2.6,0.0
131,2.6,0.0
132,2.6,0.0
133,2.7,0.0
134,2.7,0.0
135,2.8000000000000003,0.0
136,2.8000000000000003,0.0
137,2.8000000000000003,0.0
138,2.9000000000000004,0.0
139,2.9000000000000004,0.0
140,2.9000000000000004,0.0
141,2.9000000000000004,0.0
142,2.9000000000000004,0.0
143,2.9000000000000004,0.0
144,2.9000000000000004,0.0
145,2.9000000000000004,0.0
146,2.9000000000000004,0.0
147,2.9000000000000004,0.0
148,2.9000000000000004,0.0
149,3.0,0.0
150,3.0,0.0
151,3.0,0.0
152,3.0,0.0
153,3.0,0.0
154,3.0,0.0
155,3.0,0.0
156,3.1,0.0
157,3.1,0.0
158,3.1,0.0
159,3.1,0.0
160,3.1,0.0
161,3.1,0.0
162,3.1,0.0
163,3.1,0.0
164,3.1,0.0
165,3.1,0.0
166,3.1,0.0
167,3.2,0.0
168,3.2,0.0
169,3.2,0.0
170,3.2,0.0
171,3.2,0.0
172,3.2,0.0
173,3.2,0.0
174,3.2,0.0
175,3.2,0.0
176,3.3000000000000003,0.0
177,3.3000000000000003,0.0
178,3.4000000000000004,0.0
179,3.4000000000000004,0.0
180,3.4000000000000004,0.0
181,3.4000000000000004,0.0
182,3.5,0.0
183,3.5,0.0
184,3.5,0.0
185,3.5,0.0
186,3.5,0.0
187,3.5,0.0
188,3.5,0.0
189,3.6,0.0
190,3.7,0.0
191,3.7,0.0
192,3.7,0.0
193,3.7,0.0
194,3.7,0.0
195,3.7,0.0
196,3.7,0.0
197,3.8000000000000003,0.0
198,3.8000000000000003,0.0
199,3.8000000000000003,0.0
200,3.8000000000000003,0.0
201,3.8000000000000003,0.0
202,3.8000000000000003,0.0
203,3.8000000000000003,0.0
204,3.8000000000000003,0.0
205,3.8000000000000003,0.0
206,4.1000000000000005,0.0
207,4.1000000000000005,0.0
208,4.1000000000000005,0.0
209,4.1000000000000005,0.0
210,4.2,0.0
211,4.2,0.0
212,4.2,0.0
213,4.2,0.0
214,4.2,0.0
215,4.2,0.0
216,4.2,0.0
217,4.2,0.0
218,4.2,0.0
219,4.3,0.0
220,4.3,0.0
221,4.3,0.0
222,4.3,0.0
223,4.3,0.0
224,4.3,0.0
225,4.3,0.0
226,4.3,0.0
227,4.3,0.0
228,4.3,0.0
229,4.3,0.0
230,4.3,0.0
231,4.3,0.0
232,4.3,0.0
233,4.3,0.0
234,4.3,0.0
235,4.3,0.0
236,4.3,0.0
237,4.3,0.0
238,4.3,0.0
239,4.4,0.0
240,4.4,0.0
241,4.4,0.0
242,4.4,0.0
243,4.4,0.0
244,4.4,0.0
245,4.5,0.0
246,4.5,0.0
247,4.5,0.0
248,4.5,0.0
249,4.5,0.0
250,4.5,0.0
251,4.5,0.0
252,4.5,0.0
253,4.7,0.0
254,4.7,0.0
255,4.7,0.0
256,4.7,0.0
257,4.7,0.0
258,4.7,0.0
259,4.7,0.0
260,4.7,0.0
261,4.7,0.0
262,4.7,0.0
263,4.800000000000001,0.0
264,4.800000000000001,0.0
265,4.800000000000001,0.0
266,4.800000000000001,0.0
267,4.800000000000001,0.0
268,5.0,0.0
269,5.0,0.0
270,5.0,0.0
271,5.0,0.0
272,5.0,0.0
273,5.0,0.0
274,5.0,0.0
275,5.0,0.0
276,5.0,0.0
277,5.0,0.0
278,5.0,0.0
279,5.0,0.0
280,5.0,0.0
281,5.0,0.0
282,5.0,0.0
283,5.0,0.0
284,5.0,0.0
285,5.0,0.0
286,5.0,0.0
287,5.0,0.0
288,5.0,0.0
289,5.0,0.0
290,5.0,0.0
291,5.0,0.0
292,5.0,0.0
293,5.0,0.0
294,5.2,0.0
295,5.2,0.0
296,5.2,0.0
297,5.2,0.0
298,5.2,0.0
299,5.2,0.0
300,5.2,0.0
301,5.2,0.0
302,5.2,0.0
303,5.2,0.0
304,5.2,0.0
305,5.2,0.0
306,5.2,0.0
307,5.2,0.0
308,5.2,0.0
309,5.2,0.0
310,5.2,0.0
311,5.2,0.0
312,5.2,0.0
313,5.2,0.0
314,5.300000000000001,0.0
315,5.300000000000001,0.0
316,5.300000000000001,0.0
317,5.300000000000001,0.0
318,5.300000000000001,0.0
319,5.300000000000001,0.0
320,5.300000000000001,0.0
321,5.300000000000001,0.0
322,5.4,0.0
323,5.4,0.0
324,5.4,0.0
325,5.4,0.0
326,5.4,0.0
327,5.4,0.0
328,5.4,0.0
329,5.4,0.0
330,5.4,0.0
331,5.4,0.0
332,5.4,0.0
333,5.4,0.0
334,5.4,0.0
335,5.4,0.0
336,5.4,0.0
337,5.4,0.0
338,5.4,0.0
339,5.4,0.0
340,5.4,0.0
341,5.4,0.0
342,5.4,0.0
343,5.4,0.0
344,5.4,0.0
345,5.4,0.0
346,5.4,0.0
347,5.4,0.0
348,5.4,0.0
349,5.4,0.0
350,5.5,0.0
351,5.5,0.0
352,5.5,0.0
353,5.5,0.0
354,5.5,0.0
355,5.5,0.0
356,5.5,0.0
357,5.5,0.0
358,5.5,0.0
359,5.7,0.0
360,5.7,0.0
361,5.7,0.0
362,5.7,0.0
363,5.7,0.0
364,5.9,0.0
365,5.9,0.0
366,5.9,0.0
367,5.9,0.0
368,5.9,0.0
369,5.9,0.0
370,5.9,0.0
371,5.9,0.0
372,6.1000000000000005,0.0
373,6.1000000000000005,0.0
374,6.1000000000000005,0.0
375,6.1000000000000005,0.0
376,6.1000000000000005,0.0
377,6.1000000000000005,0.0
378,6.1000000000000005,0.0
379,6.1000000000000005,0.0
380,6.1000000000000005,0.0
381,6.1000000000000005,0.0
382,6.1000000000000005,0.0
383,6.1000000000000005,0.0
384,6.1000000000000005,0.0
385,6.2,0.0
386,6.2,0.0
387,6.2,0.0
388,6.2,0.0
389,6.2,0.0
390,6.2,0.0
391,6.2,0.0
392,6.2,0.0
393,6.2,0.0
394,6.2,0.0
395,6.2,0.0
396,6.4,0.0
397,6.4,0.0
398,6.4,0.0
399,6.4,0.0
400,6.4,0.0
401,6.4,0.0
402,6.4,0.0
403,6.4,0.0
404,6.4,0.0
405,6.4,0.0
406,6.4,0.0
407,6.4,0.0
408,6.4,0.0
409,6.4,0.0
410,6.4,0.0
411,6.4,0.0
412,6.4,0.0
413,6.6000000000000005,0.0
414,6.6000000000000005,0.0
415,6.6000000000000005,0.0
416,6.6000000000000005,0.0
417,6.6000000000000005,0.0
418,6.6000000000000005,0.0
419,6.6000000000000005,0.0
420,6.6000000000000005,0.0
421,6.6000000000000005,0.0
422,6.6000000000000005,0.0
423,6.6000000000000005,0.0
424,6.6000000000000005,0.0
425,6.6000000000000005,0.0
426,6.6000000000000005,0.0
427,6.6000000000000005,0.0
428,6.6000000000000005,0.0
429,6.6000000000000005,0.0
430,6.6000000000000005,0.0
431,6.6000000000000005,0.0
432,6.6000000000000005,0.0
433,6.6000000000000005,0.0
434,6.6000000000000005,0.0
435,6.9,0.0
436,6.9,0.0
437,6.9,0.0
438,6.9,0.0
439,6.9,0.0
440,6.9,0.0
441,6.9,0.0
442,6.9,0.0
443,6.9,0.0
444,6.9,0.0
445,6.9,0.0
446,6.9,0.0
447,6.9,0.0
448,6.9,0.0
449,6.9,0.0
450,6.9,0.0
451,6.9,0.0
452,6.9,0.0
453,6.9,0.0
454,6.9,0.0
455,6.9,0.0
456,6.9,0.0
457,6.9,0.0
458,6.9,0.0
459,7.0,0.0
460,7.0,0.0
461,7.0,0.0
462,7.0,0.0
463,7.0,0.0
464,7.0,0.0
465,7.0,0.0
466,7.0,0.0
467,7.0,0.0
468,7.0,0.0
469,7.1000000000000005,0.0
470,7.1000000000000005,0.0
471,7.1000000000000005,0.0
472,7.1000000000000005,0.0
473,7.1000000000000005,0.0
474,7.1000000000000005,0.0
475,7.1000000000000005,0.0
476,7.1000000000000005,0.0
477,7.1000000000000005,0.0
478,7.1000000000000005,0.0
479,7.1000000000000005,0.0
480,7.1000000000000005,0.0
481,7.1000000000000005,0.0
482,7.1000000000000005,0.0
483,7.1000000000000005,0.0
484,7.1000000000000005,0.0
485,7.300000000000001,0.0
486,7.300000000000001,0.0
487,7.300000000000001,0.0
488,7.300000000000001,0.0
489,7.300000000000001,0.0
490,7.300000000000001,0.0
491,7.300000000000001,0.0
492,7.300000000000001,0.0
493,7.300000000000001,0.0
494,7.300000000000001,0.0
495,7.300000000000001,0.0
496,7.300000000000001,0.0
497,7.300000000000001,0.0
498,7.300000000000001,0.0
499,7.300000000000001,0.0
500,7.300000000000001,0.0
501,7.300000000000001,0.0
502,7.300000000000001,0.0
503,7.300000000000001,0.0
504,7.300000000000001,0.0
505,7.5,0.0
506,7.5,0.0
507,7.5,0.0
508,7.5,0.0
509,7.5,0.0
510,7.5,0.0
511,7.5,0.0
512,7.5,0.0
513,7.5,0.0
514,7.5,0.0
515,7.5,0.0
516,7.5,0.0
517,7.5,0.0
518,7.5,0.0
519,7.5,0.0
520,7.6000000000000005,0.0
521,7.6000000000000005,0.0
522,7.6000000000000005,0.0
523,7.6000000000000005,0.0
524,7.6000000000000005,0.0
525,7.6000000000000005,0.0
526,7.6000000000000005,0.0
527,7.6000000000000005,0.0
528,7.6000000000000005,0.0
529,7.6000000000000005,0.0
530,7.6000000000000005,0.0
531,7.6000000000000005,0.0
532,7.6000000000000005,0.0
533,7.6000000000000005,0.0
534,7.6000000000000005,0.0
535,7.6000000000000005,0.0
536,7.6000000000000005,0.0
537,7.6000000000000005,0.0
538,7.6000000000000005,0.0
539,7.6000000000000005,0.0
540,7.6000000000000005,0.0
541,7.6000000000000005,0.0
542,7.6000000000000005,0.0
543,7.800000000000001,0.0
544,7.800000000000001,0.0
545,7.800000000000001,0.0
546,7.800000000000001,0.0
547,7.800000000000001,0.0
548,7.800000000000001,0.0
549,7.800000000000001,0.0
550,7.800000000000001,0.0
551,8.1,0.0
552,8.1,0.0
553,8.1,0.0
554,8.1,0.0
555,8.1,0.0
556,8.1,0.0
557,8.1,0.0
558,8.1,0.0
559,8.1,0.0
560,8.1,0.0
561,8.1,0.0
562,8.1,0.0
563,8.1,0.0
564,8.1,0.0
565,8.1,0.0
566,8.1,0.0
567,8.1,0.0
568,8.1,0.0
569,8.1,0.0
570,8.1,0.0
571,8.1,0.0
572,8.1,0.0
573,8.1,0.0
574,8.1,0.0
575,8.1,0.0
576,8.1,0.0
577,8.1,0.0
578,8.1,0.0
579,8.1,0.0
580,8.200000000000001,0.0
581,8.200000000000001,0.0
582,8.200000000000001,0.0
583,8.200000000000001,0.0
584,8.200000000000001,0.0
585,8.200000000000001,0.0
586,8.200000000000001,0.0
587,8.200000000000001,0.0
588,8.200000000000001,0.0
589,8.200000000000001,0.0
590,8.200000000000001,0.0
591,8.200000000000001,0.0
592,8.200000000000001,0.0
593,8.200000000000001,0.0
594,8.200000000000001,0.0
595,8.200000000000001,0.0
596,8.200000000000001,0.0
597,8.200000000000001,0.0
598,8.200000000000001,0.0
599,8.200000000000001,0.0
600,8.200000000000001,0.0
601,8.200000000000001,0.0
602,8.200000000000001,0.0
603,8.200000000000001,0.0
604,8.200000000000001,0.0
605,8.3,0.0
606,8.3,0.0
607,8.3,0.0
608,8.3,0.0
609,8.3,0.0
610,8.3,0.0
611,8.3,0.0
612,8.3,0.0
613,8.3,0.0
614,8.3,0.0
615,8.3,0.0
616,8.3,0.0
617,8.3,0.0
618,8.3,0.0
619,8.3,0.0
620,8.3,0.0
621,8.3,0.0
622,8.3,0.0
623,8.5,0.0
624,8.5,0.0
625,8.5,0.0
626,8.5,0.0
627,8.5,0.0
628,8.5,0.0
629,8.5,0.0
630,8.5,0.0
631,8.5,0.0
632,8.5,0.0
633,8.5,0.0
634,8.5,0.0
635,8.5,0.0
636,8.5,0.0
637,8.5,0.0
638,8.5,0.0
639,8.5,0.0
640,8.5,0.0
641,8.5,0.0
642,8.5,0.0
643,8.5,0.0
644,8.5,0.0
645,8.5,0.0
646,8.5,0.0
647,8.5,0.0
648,8.700000000000001,0.0
649,8.700000000000001,0.0
650,8.700000000000001,0.0
651,8.700000000000001,0.0
652,8.700000000000001,0.0
653,8.700000000000001,0.0
654,8.700000000000001,0.0
655,8.700000000000001,0.0
656,8.700000000000001,0.0
657,8.8,0.0
658,8.8,0.0
659,8.8,0.0
660,8.8,0.0
661,8.8,0.0
662,8.8,0.0
663,8.8,0.0
664,8.8,0.0
665,8.8,0.0
666,8.8,0.0
667,8.8,0.0
668,8.8,0.0
669,8.8,0.0
670,8.8,0.0
671,8.8,0.0
672,8.8,0.0
673,8.8,0.0
674,8.8,0.0
675,8.8,0.0
676,8.8,0.0
677,8.8,0.0
678,8.8,0.0
679,8.8,0.0
680,8.8,0.0
681,8.8,0.0
682,8.9,0.0
683,8.9,0.0
684,8.9,0.0
685,8.9,0.0
686,8.9,0.0
687,8.9,0.0
688,8.9,0.0
689,8.9,0.0
690,8.9,0.0
691,8.9,0.0
692,8.9,0.0
693,8.9,0.0
694,8.9,0.0
695,9.0,0.0
696,9.0,0.0
697,9.0,0.0
698,9.0,0.0
699,9.0,0.0
700,9.0,0.0
701,9.0,0.0
702,9.1,0.0
703,9.1,0.0
704,9.1,0.0
705,9.1,0.0
706,9.1,0.0
707,9.1,0.0
708,9.1,0.0
709,9.1,0.0
710,9.1,0.0
711,9.1,0.0
712,9.1,0.0
713,9.1,0.0
714,9.1,0.0
715,9.1,0.0
716,9.1,0.0
717,9.1,0.0
718,9.1,0.0
719,9.1,0.0
720,9.1,0.0
721,9.1,0.0
722,9.1,0.0
723,9.1,0.0
724,9.200000000000001,0.0
725,9.200000000000001,0.0
726,9.200000000000001,0.0
727,9.200000000000001,0.0
728,9.200000000000001,0.0
729,9.200000000000001,0.0
730,9.200000000000001,0.0
731,9.200000000000001,0.0
732,9.200000000000001,0.0
733,9.5,0.0
734,9.5,0.0
735,9.5,0.0
736,9.5,0.0
737,9.5,0.0
738,9.5,0.0
739,9.5,0.0
740,9.5,0.0
741,9.5,0.0
742,9.5,0.0
743,9.5,0.0
744,9.5,0.0
745,9.5,0.0
746,9.5,0.0
747,9.5,0.0
748,9.5,0.0
749,9.5,0.0
750,9.5,0.0
751,9.5,0.0
752,9.5,0.0
753,9.5,0.0
754,9.600000000000001,0.0
755,9.600000000000001,0.0
756,9.600000000000001,0.0
757,9.600000000000001,0.0
758,9.600000000000001,0.0
759,9.600000000000001,0.0
760,9.600000000000001,0.0
761,9.600000000000001,0.0
762,9.600000000000001,0.0
763,9.600000000000001,0.0
764,9.600000000000001,0.0
765,9.600000000000001,0.0
766,9.600000000000001,0.0
767,9.600000000000001,0.0
768,9.600000000000001,0.0
769,9.600000000000001,0.0
770,9.600000000000001,0.0
771,9.600000000000001,0.0
772,9.600000000000001,0.0
773,9.600000000000001,0.0
774,9.600000000000001,0.0
775,9.600000000000001,0.0
776,9.600000000000001,0.0
777,9.600000000000001,0.0
778,9.600000000000001,0.0
779,9.600000000000001,0.0
780,9.600000000000001,0.0
781,9.600000000000001,0.0
782,9.600000000000001,0.0
783,9.600000000000001,0.0
784,9.600000000000001,0.0
785,9.600000000000001,0.0
786,9.600000000000001,0.0
787,9.600000000000001,0.0
788,9.600000000000001,0.0
789,9.600000000000001,0.0
790,9.600000000000001,0.0
791,9.9,0.0
792,9.9,0.0
793,9.9,0.0
794,9.9,0.0
795,9.9,0.0
796,9.9,0.0
797,9.9,0.0
798,9.9,0.0
799,9.9,0.0
800,9.9,0.0
801,9.9,0.0
802,9.9,0.0
803,9.9,0.0
804,9.9,0.0
805,10.100000000000001,0.0
806,10.100000000000001,0.0
807,10.100000000000001,0.0
808,10.100000000000001,0.0
809,10.100000000000001,0.0
810,10.100000000000001,0.0
811,10.100000000000001,0.0
812,10.100000000000001,0.0
813,10.100000000000001,0.0
814,10.100000000000001,0.0
815,10.100000000000001,0.0
816,10.100000000000001,0.0
817,10.100000000000001,0.0
818,10.100000000000001,0.0
819,10.100000000000001,0.0
820,10.200000000000001,0.0
821,10.200000000000001,0.0
822,10.3,0.0
823,10.3,0.0
824,10.3,0.0
825,10.3,0.0
826,10.3,0.0
827,10.3,0.0
828,10.3,0.0
829,10.3,0.0
830,10.3,0.0
831,10.3,0.0
832,10.600000000000001,0.0
833,10.600000000000001,0.0
834,10.600000000000001,0.0
835,10.600000000000001,0.0
836,10.600000000000001,0.0
837,10.700000000000001,0.0
838,10.700000000000001,0.0
839,10.700000000000001,0.0
840,10.700000000000001,0.0
841,10.700000000000001,0.0
842,10.700000000000001,0.0
843,10.700000000000001,0.0
844,10.700000000000001,0.0
845,10.700000000000001,0.0
846,10.700000000000001,0.0
847,10.700000000000001,0.0
848,10.700000000000001,0.0
849,10.700000000000001,0.0
850,10.700000000000001,0.0
851,10.700000000000001,0.0
852,10.8,0.0
853,10.8,0.0
854,10.8,0.0
855,10.8,0.0
856,10.8,0.0
857,10.8,0.0
858,10.8,0.0
859,10.8,0.0
860,10.8,0.0
861,10.8,0.0
862,10.8,0.0
863,10.8,0.0
864,10.8,0.0
865,10.8,0.0
866,10.8,0.0
867,10.9,0.0
868,10.9,0.0
869,10.9,0.0
870,10.9,0.0
871,10.9,0.0
872,10.9,0.0
873,10.9,0.0
874,10.9,0.0
875,10.9,0.0
876,10.9,0.0
877,11.0,0.0
878,11.0,0.0
879,11.0,0.0
880,11.0,0.0
881,11.0,0.0
882,11.0,0.0
883,11.0,0.0
884,11.0,0.0
885,11.0,0.0
886,11.0,0.0
887,11.0,0.0
888,11.0,0.0
889,11.0,0.0
890,11.0,0.0
891,11.0,0.0
892,11.0,0.0
893,11.0,0.0
894,11.0,0.0
895,11.0,0.0
896,11.0,0.0
897,11.0,0.0
898,11.0,0.0
899,11.0,0.0
900,11.100000000000001,0.0
901,11.100000000000001,0.0
902,11.100000000000001,0.0
903,11.100000000000001,0.0
904,11.100000000000001,0.0
905,11.100000000000001,0.0
906,11.100000000000001,0.0
907,11.100000000000001,0.0
908,11.100000000000001,0.0
909,11.100000000000001,0.0
910,11.100000000000001,0.0
911,11.100000000000001,0.0
912,11.100000000000001,0.0
913,11.100000000000001,0.0
914,11.100000000000001,0.0
915,11.100000000000001,0.0
916,11.100000000000001,0.0
917,11.100000000000001,0.0
918,11.100000000000001,0.0
919,11.100000000000001,0.0
920,11.100000000000001,0.0
921,11.100000000000001,0.0
922,11.100000000000001,0.0
923,11.100000000000001,0.0
924,11.100000000000001,0.0
925,11.100000000000001,0.0
926,11.3,0.0
927,11.3,0.0
928,11.3,0.0
929,11.3,0.0
930,11.3,0.0
931,11.3,0.0
932,11.3,0.0
933,11.3,0.0
934,11.3,0.0
935,11.3,0.0
936,11.3,0.0
937,11.3,0.0
938,11.3,0.0
939,11.3,0.0
940,11.3,0.0
941,11.5,0.0
942,11.5,0.0
943,11.5,0.0
944,11.5,0.0
945,11.5,0.0
946,11.5,0.0
947,11.5,0.0
948,11.5,0.0
949,11.5,0.0
950,11.5,0.0
951,11.8,0.0
952,11.8,0.0
953,11.8,0.0
954,11.8,0.0
955,11.8,0.0
956,11.8,0.0
957,11.8,0.0
958,11.8,0.0
959,12.3,0.0
960,12.3,0.0
961,12.3,0.0
962,12.3,0.0
963,12.3,0.0
964,12.5,0.0
965,12.5,0.0
966,12.5,0.0
967,12.5,0.0
968,12.5,0.0
969,12.5,0.0
970,12.5,0.0
971,12.600000000000001,0.0
972,12.600000000000001,0.0
973,12.600000000000001,0.0
974,12.600000000000001,0.0
975,12.600000000000001,0.0
976,12.600000000000001,0.0
977,12.600000000000001,0.0
978,12.700000000000001,0.0
979,12.700000000000001,0.0
980,12.700000000000001,0.0
981,12.700000000000001,0.0
982,12.700000000000001,0.0
983,12.700000000000001,0.0
984,12.700000000000001,0.0
985,12.700000000000001,0.0
986,12.700000000000001,0.0
987,12.9,0.0
988,12.9,0.0
989,12.9,0.0
990,12.9,0.0
991,12.9,0.0
992,12.9,0.0
993,12.9,0.0
994,12.9,0.0
995,12.9,0.0
996,12.9,0.0
997,13.0,0.0
998,13.4,0.0
999,13.4,0.0
1000,13.4,0.0
1001,13.4,0.0
1002,13.4,0.0
1003,13.4,0.0
1004,13.700000000000001,0.0
1005,13.700000000000001,0.0
1006,13.700000000000001,0.0
1007,13.700000000000001,0.0
1008,13.700000000000001,0.0
1009,13.700000000000001,0.0
1010,13.700000000000001,0.0
1011,13.700000000000001,0.0
1012,13.700000000000001,0.0
1013,13.700000000000001,0.0
1014,13.700000000000001,0.0
1015,13.700000000000001,0.0
1016,13.700000000000001,0.0
1017,13.9,0.0
1018,13.9,0.0
1019,13.9,0.0
1020,13.9,0.0
1021,13.9,0.0
1022,13.9,0.0
1023,13.9,0.0
1024,13.9,0.0
1025,13.9,0.0
1026,14.100000000000001,0.0
1027,14.100000000000001,0.0
1028,14.100000000000001,0.0
1029,14.100000000000001,0.0
1030,14.100000000000001,0.0
1031,14.100000000000001,0.0
1032,14.100000000000001,0.0
1033,14.100000000000001,0.0
1034,14.100000000000001,0.0
1035,14.100000000000001,0.0
1036,14.3,0.0
1037,14.3,0.0
1038,14.3,0.0
1039,14.3,0.0
1040,14.3,0.0
1041,14.3,0.0
1042,14.3,0.0
1043,14.3,0.0
1044,14.3,0.0
1045,14.3,0.0
1046,14.3,0.0
1047,14.3,0.0
1048,14.5,0.0
1049,14.5,0.0
1050,14.5,0.0
1051,14.5,0.0
1052,14.5,0.0
1053,14.5,0.0
1054,14.5,0.0
1055,14.5,0.0
1056,14.5,0.0
1057,14.5,0.0
1058,14.5,0.0
1059,14.5,0.0
1060,14.5,0.0
1061,14.5,0.0
1062,14.5,0.0
1063,14.5,0.0
1064,14.5,0.0
1065,14.5,0.0
1066,14.5,0.0
1067,14.5,0.0
1068,14.5,0.0
1069,14.5,0.0
1070,14.5,0.0
1071,14.5,0.0
1072,14.5,0.0
1073,14.5,0.0
1074,14.5,0.0
1075,14.600000000000001,0.0
1076,14.600000000000001,0.0
1077,14.600000000000001,0.0
1078,14.600000000000001,0.0
1079,14.600000000000001,0.0
1080,14.700000000000001,0.0
1081,14.700000000000001,0.0
1082,14.700000000000001,0.0
1083,14.700000000000001,0.0
1084,14.700000000000001,0.0
1085,14.700000000000001,0.0
1086,14.700000000000001,0.0
1087,14.700000000000001,0.0
1088,14.700000000000001,0.0
1089,14.700000000000001,0.0
1090,14.700000000000001,0.0
1091,14.700000000000001,0.0
1092,14.700000000000001,0.0
1093,14.700000000000001,0.0
1094,14.700000000000001,0.0
1095,14.700000000000001,0.0
1096,14.700000000000001,0.0
1097,14.700000000000001,0.0
1098,14.700000000000001,0.0
1099,14.700000000000001,0.0
1100,14.700000000000001,0.0
1101,14.700000000000001,0.0
1102,14.700000000000001,0.0
1103,14.700000000000001,0.0
1104,14.700000000000001,0.0
1105,14.700000000000001,0.0
1106,14.700000000000001,0.0
1107,14.700000000000001,0.0
1108,14.700000000000001,0.0
1109,14.700000000000001,0.0
1110,14.8,0.0
1111,14.8,0.0
1112,14.8,0.0
1113,14.8,0.0
1114,14.8,0.0
1115,14.8,0.0
1116,14.8,0.0
1117,14.8,0.0
1118,14.8,0.0
1119,14.8,0.0
1120,14.8,0.0
1121,14.8,0.0
1122,14.8,0.0
1123,14.8,0.0
1124,14.8,0.0
1125,14.8,0.0
1126,14.8,0.0
1127,14.8,0.0
1128,14.8,0.0
1129,14.8,0.0
1130,15.0,0.0
1131,15.0,0.0
1132,15.0,0.0
1133,15.0,0.0
1134,15.0,0.0
1135,15.0,0.0
1136,15.0,0.0
1137,15.0,0.0
1138,15.0,0.0
1139,15.0,0.0
1140,15.0,0.0
1141,15.0,0.0
1142,15.0,0.0
1143,15.0,0.0
1144,15.0,0.0
1145,15.0,0.0
1146,15.0,0.0
1147,15.0,0.0
1148,15.0,0.0
1149,15.3,0.0
1150,15.3,0.0
1151,15.3,0.0
1152,15.3,0.0
1153,15.3,0.0
1154,15.3,0.0
1155,15.3,0.0
1156,15.3,0.0
1157,15.3,0.0
1158,15.3,0.0
1159,15.3,0.0
1160,15.3,0.0
1161,15.4,0.0
1162,15.4,0.0
1163,15.4,0.0
1164,15.4,0.0
1165,15.4,0.0
1166,15.4,0.0
1167,15.4,0.0
1168,15.5,0.0
1169,15.5,0.0
1170,15.5,0.0
1171,15.5,0.0
1172,15.5,0.0
1173,15.5,0.0
1174,15.5,0.0
1175,15.5,0.0
1176,15.5,0.0
1177,15.5,0.0
1178,15.5,0.0
1179,15.5,0.0
1180,15.5,0.0
1181,15.5,0.0
1182,15.5,0.0
1183,15.5,0.0
1184,15.5,0.0
1185,15.5,0.0
1186,15.5,0.0
1187,15.5,0.0
1188,15.5,0.0
1189,15.5,0.0
1190,15.5,0.0
1191,15.5,0.0
1192,15.5,0.0
1193,15.5,0.0
1194,15.5,0.0
1195,15.5,0.0
1196,15.5,0.0
1197,15.5,0.0
1198,15.5,0.0
1199,15.700000000000001,0.0
1200,15.700000000000001,0.0
1201,15.700000000000001,0.0
1202,15.700000000000001,0.0
1203,15.700000000000001,0.0
1204,15.9,0.0
1205,15.9,0.0
1206,15.9,0.0
1207,15.9,0.0
1208,15.9,0.0
1209,15.9,0.0
1210,15.9,0.0
1211,15.9,0.0
1212,15.9,0.0
1213,16.0,0.0
1214,16.0,0.0
1215,16.0,0.0
1216,16.0,0.0
1217,16.0,0.0
1218,16.0,0.0
1219,16.0,0.0
1220,16.0,0.0
1221,16.0,0.0
1222,16.2,0.0
1223,16.2,0.0
1224,16.2,0.0
1225,16.2,0.0
1226,16.2,0.0
1227,16.2,0.0
1228,16.2,0.0
1229,16.2,0.0
1230,16.2,0.0
1231,16.2,0.0
1232,16.2,0.0
1233,16.2,0.0
1234,16.2,0.0
1235,16.2,0.0
1236,16.2,0.0
1237,16.2,0.0
1238,16.400000000000002,0.0
1239,16.400000000000002,0.0
1240,16.400000000000002,0.0
1241,16.400000000000002,0.0
1242,16.400000000000002,0.0
1243,16.400000000000002,0.0
1244,16.400000000000002,0.0
1245,16.400000000000002,0.0
1246,16.400000000000002,0.0
1247,16.400000000000002,0.0
1248,16.400000000000002,0.0
1249,16.400000000000002,0.0
1250,16.400000000000002,0.0
1251,16.400000000000002,0.0
1252,16.6,0.0
1253,16.6,0.0
1254,16.6,0.0
1255,16.6,0.0
1256,16.6,0.0
1257,16.6,0.0
1258,16.6,0.0
1259,16.6,0.0
1260,16.6,0.0
1261,16.6,0.0
1262,16.6,0.0
1263,16.6,0.0
1264,16.6,0.0
1265,16.6,0.0
1266,16.6,0.0
1267,16.7,0.0
1268,16.7,0.0
1269,16.7,0.0
1270,16.7,0.0
1271,16.7,0.0
1272,16.7,0.0
1273,16.7,0.0
1274,16.7,0.0
1275,16.7,0.0
1276,16.7,0.0
1277,16.7,0.0
1278,16.7,0.0
1279,16.8,0.0
1280,16.8,0.0
1281,16.8,0.0
1282,16.8,0.0
1283,16.8,0.0
1284,16.8,0.0
1285,16.8,0.0
1286,16.8,0.0
1287,17.3,0.0
1288,17.3,0.0
1289,17.3,0.0
1290,17.3,0.0
1291,17.3,0.0
1292,17.7,0.0
1293,17.7,0.0
1294,17.7,0.0
1295,17.7,0.0
1296,17.7,0.0
1297,17.7,0.0
1298,17.7,0.0
1299,17.7,0.0
1300,17.7,0.0
1301,17.7,0.0
1302,17.7,0.0
1303,17.7,0.0
1304,17.7,0.0
1305,17.8,0.0
1306,17.8,0.0
1307,17.8,0.0
1308,17.8,0.0
1309,17.8,0.0
1310,17.8,0.0
1311,17.8,0.0
1312,17.8,0.0
1313,17.8,0.0
1314,17.8,0.0
1315,17.8,0.0
1316,17.8,0.0
1317,17.8,0.0
1318,17.8,0.0
1319,17.8,0.0
1320,17.8,0.03197752473770521
1321,17.8,0.049380935806262016
1322,17.8,0.049380935806262016
1323,17.8,0.10532710125470146
1324,17.8,0.13197752473770308
1325,17.8,0.13197752473770485
1326,17.8,0.146491969568892
1327,17.8,0.14938093580626344
1328,17.8,0.14938093580626344
1329,17.8,0.14938093580626344
1330,17.8,0.14938093580626344
1331,18.0,0.17445345001905466
1332,18.0,0.18527837170371075
1333,18.0,0.2319775247377045
1334,18.0,0.24938093580626486
1335,18.0,0.2744534500190561
1336,18.0,0.33197752473770237
1337,18.0,0.33197752473770414
1338,18.0,0.34649196956889217
1339,18.0,0.3493809358062663
1340,18.0,0.3493809358062663
1341,18.0,0.3493809358062663
1342,18.0,0.4319775247377038
1343,18.0,0.4493809358062606
1344,18.0,0.4493809358062606
1345,18.0,0.4493809358062606
1346,18.0,0.46033734993010356
1347,18.0,0.5319775247377052
1348,18.0,0.5319775247377052
1349,18.0,0.5319775247377052
1350,18.0,0.549380935806262
1351,18.0,0.549380935806262
1352,18.0,0.549380935806262
1353,18.0,0.6493809358062634
1354,18.0,0.6493809358062634
1355,18.0,0.6493809358062634
1356,18.0,0.6573052889794901
1357,18.0,0.6744534500190547
1358,18.1,0.6744534500190547
1359,18.1,0.6744534500190547
1360,18.1,0.6744534500190547
1361,18.1,0.7319775247377045
1362,18.1,0.7319775247377045
1363,18.1,0.7319775247377045
1364,18.3,0.7348780932491294
1365,18.3,0.7464919695688916
1366,18.3,0.7464919695688916
1367,18.3,0.7744534500190561
1368,18.3,0.8088889993867312
1369,18.3,0.8348780932491273
1370,18.3,0.8464919695688922
1371,18.3,0.8493809358062592
1372,18.3,0.8493809358062663
1373,18.3,0.874453450019054
1374,18.3,0.874453450019054
1375,18.3,0.8744534500190575
1376,18.3,0.8744534500190575
1377,18.3,0.8879120879120848
1378,18.3,0.8879120879120848
1379,18.3,0.9088889993867326
1380,18.3,0.9319775247377038
1381,18.400000000000002,0.9319775247377038
1382,18.400000000000002,0.9319775247377038
1383,18.400000000000002,0.9348780932491287
1384,18.400000000000002,0.9348780932491287
1385,18.400000000000002,0.9464919695688918
1386,18.400000000000002,0.9464919695688918
1387,18.400000000000002,0.9744534500190518
1388,18.400000000000002,0.9744534500190518
1389,18.400000000000002,1.0319775247377034
1390,18.400000000000002,1.0348780932491302
1391,18.400000000000002,1.0464919695688915
1392,18.400000000000002,1.049380935806262
1393,18.400000000000002,1.049380935806262
1394,18.400000000000002,1.049380935806262
1395,18.400000000000002,1.049380935806262
1396,18.400000000000002,1.108888999386732
1397,18.400000000000002,1.131977524737703
1398,18.400000000000002,1.1319775247377049
1399,18.400000000000002,1.1319775247377049
1400,18.400000000000002,1.1348780932491316
1401,18.400000000000002,1.146491969568891
1402,18.400000000000002,1.146491969568891
1403,18.400000000000002,1.1493809358062634
1404,18.400000000000002,1.1493809358062634
1405,18.900000000000002,1.1493809358062634
1406,18.900000000000002,1.1744534500190547
1407,18.900000000000002,1.1879120879120855
1408,18.900000000000002,1.2319775247377045
1409,18.900000000000002,1.2493809358062578
1410,18.900000000000002,1.2493809358062649
1411,18.900000000000002,1.2493809358062649
1412,18.900000000000002,1.2744534500190525
1413,18.900000000000002,1.274453450019056
1414,18.900000000000002,1.287912087912087
1415,19.0,1.331977524737706
1416,19.0,1.3464919695688922
1417,19.0,1.3464919695688922
1418,19.0,1.3493809358062663
1419,19.0,1.3493809358062663
1420,19.0,1.3879120879120848
1421,19.0,1.3879120879120848
1422,19.0,1.4319775247377038
1423,19.0,1.4493809358062606
1424,19.200000000000003,1.4493809358062606
1425,19.200000000000003,1.4493809358062677
1426,19.200000000000003,1.4603373499301
1427,19.200000000000003,1.4744534500190518
1428,19.200000000000003,1.4744534500190554
1429,19.200000000000003,1.5464919695688915
1430,19.200000000000003,1.549380935806262
1431,19.200000000000003,1.549380935806262
1432,19.200000000000003,1.549380935806262
1433,19.200000000000003,1.5493809358062691
1434,19.200000000000003,1.5493809358062691
1435,19.200000000000003,1.5744534500190532
1436,19.200000000000003,1.5744534500190532
1437,19.200000000000003,1.5744534500190532
1438,19.200000000000003,1.587912087912084
1439,19.200000000000003,1.6207619931601798
1440,19.200000000000003,1.6319775247377049
1441,19.200000000000003,1.6319775247377049
1442,19.200000000000003,1.6879120879120855
1443,19.200000000000003,1.7088889993867333
1444,19.200000000000003,1.7319775247377045
1445,19.200000000000003,1.7319775247377045
1446,19.200000000000003,1.7319775247377045
1447,19.200000000000003,1.7348780932491294
1448,19.200000000000003,1.7464919695688916
1449,19.200000000000003,1.7464919695688916
1450,19.200000000000003,1.7493809358062649
1451,19.400000000000002,1.7493809358062649
1452,19.400000000000002,1.7665406991198793
1453,19.400000000000002,1.874453450019054
1454,19.400000000000002,1.874453450019054
1455,19.400000000000002,1.9319775247377038
1456,19.400000000000002,1.9319775247377038
1457,19.400000000000002,1.9348780932491287
1458,19.400000000000002,1.9464919695688918
1459,19.400000000000002,1.9493809358062606
1460,19.400000000000002,1.9493809358062606
1461,19.400000000000002,1.9493809358062606
1462,19.400000000000002,1.9744534500190554
1463,19.400000000000002,1.9879120879120826
1464,19.400000000000002,1.9955695887822584
1465,19.400000000000002,2.03487809324913
1466,19.400000000000002,2.03487809324913
1467,19.900000000000002,2.0359339001872883
1468,19.900000000000002,2.0464919695688923
1469,19.900000000000002,2.049380935806262
1470,19.900000000000002,2.131977524737703
1471,19.900000000000002,2.146491969568892
1472,19.900000000000002,2.1493809358062634
1473,19.900000000000002,2.1493809358062634
1474,20.0,2.1493809358062634
1475,20.0,2.1744534500190547
1476,20.0,2.2088889993867333
1477,20.0,2.2207619931601776
1478,20.0,2.2319775247377045
1479,20.0,2.2348780932491294
1480,20.0,2.235933900187291
1481,20.0,2.235933900187291
1482,20.0,2.2464919695688916
1483,20.0,2.2493809358062578
1484,20.0,2.2493809358062578
1485,20.0,2.2493809358062578
1486,20.0,2.2744534500190525
1487,20.0,2.2744534500190525
1488,20.0,2.274453450019056
1489,20.0,2.287912087912087
1490,20.1,2.331977524737706
1491,20.1,2.335933900187289
1492,20.1,2.374453450019054
1493,20.1,2.374453450019054
1494,20.1,2.374453450019054
1495,20.1,2.374453450019054
1496,20.1,2.4348780932491287
1497,20.1,2.446491969568892
1498,20.1,2.446491969568892
1499,20.1,2.465484892181724
1500,20.1,2.5319775247377034
1501,20.1,2.531977524737705
1502,20.1,2.531977524737705
1503,20.1,2.549380935806269
1504,20.1,2.5744534500190532
1505,20.1,2.574453450019057
1506,20.1,2.6348780932491316
1507,20.1,2.6348780932491316
1508,20.1,2.6493809358062634
1509,20.200000000000003,2.6744534500190547
1510,20.200000000000003,2.6744534500190547
1511,20.200000000000003,2.6744534500190547
1512,20.200000000000003,2.7319775247377045
1513,20.200000000000003,2.7319775247377045
1514,20.200000000000003,2.7319775247377045
1515,20.200000000000003,2.735933900187291
1516,20.200000000000003,2.7464919695688925
1517,20.200000000000003,2.7493809358062578
1518,20.200000000000003,2.7493809358062578
1519,20.200000000000003,2.7744534500190525
1520,20.200000000000003,2.774453450019056
1521,20.200000000000003,2.8053271012547008
1522,20.200000000000003,2.8218178000983407
1523,20.200000000000003,2.831977524737704
1524,20.200000000000003,2.831977524737706
1525,20.200000000000003,2.831977524737706
1526,20.400000000000002,2.835933900187289
1527,20.400000000000002,2.849380935806259
1528,20.400000000000002,2.8493809358062663
1529,20.400000000000002,2.8591500505527634
1530,20.400000000000002,2.874453450019054
1531,20.400000000000002,2.931977524737704
1532,21.1,2.946491969568892
1533,21.1,2.9493809358062606
1534,21.1,2.9493809358062606
1535,21.1,2.9493809358062606
1536,21.1,2.9493809358062606
1537,21.3,2.9493809358062606
1538,21.3,2.974453450019052
1539,21.3,2.974453450019052
1540,21.3,3.028415626605671
1541,21.3,3.049380935806269
1542,21.3,3.074453450019057
1543,21.6,3.1348780932491316
1544,21.6,3.1493809358062634
1545,21.6,3.1493809358062634
1546,21.6,3.1493809358062634
1547,21.6,3.1744534500190547
1548,21.6,3.2464919695688907
1549,21.6,3.2493809358062578
1550,21.6,3.274453450019056
1551,21.6,3.287912087912087
1552,21.6,3.2917292360731096
1553,21.6,3.3088889993867348
1554,21.6,3.331977524737706
1555,21.6,3.331977524737706
1556,21.6,3.335933900187289
1557,21.6,3.346491969568892
1558,21.6,3.3493809358062663
1559,21.6,3.3493809358062663
1560,21.6,3.3493809358062663
1561,21.6,3.3493809358062663
1562,21.6,3.3493809358062663
1563,21.6,3.374453450019054
1564,21.6,3.374453450019054
1565,21.6,3.374453450019054
1566,21.6,3.3879120879120848
1567,21.8,3.4319775247377056
1568,21.8,3.4319775247377056
1569,21.8,3.4493809358062606
1570,21.8,3.4493809358062606
1571,21.8,3.4744534500190554
1572,21.8,3.5359339001872883
1573,21.8,3.5359339001872883
1574,21.8,3.549380935806262
1575,21.8,3.5744534500190532
1576,21.8,3.5744534500190532
1577,21.8,3.5744534500190532
1578,21.8,3.6088889993867355
1579,21.8,3.631977524737705
1580,21.8,3.631977524737705
1581,21.8,3.631977524737705
1582,22.0,3.6359339001872897
1583,22.0,3.6493809358062634
1584,22.0,3.6493809358062634
1585,22.0,3.7359339001872875
1586,22.0,3.7493809358062578
1587,22.0,3.7744534500190525
1588,22.0,3.774453450019056
1589,22.0,3.774453450019056
1590,22.0,3.831977524737706
1591,22.0,3.846491969568892
1592,22.0,3.8493809358062663
1593,22.0,3.862584323670294
1594,22.0,3.931977524737704
1595,22.0,3.9359339001872904
1596,22.0,3.946491969568892
1597,22.0,3.9493809358062606
1598,22.0,3.974453450019052
1599,22.0,4.008888999386734
1600,22.0,4.031977524737705
1601,22.0,4.031977524737705
1602,22.0,4.031977524737705
1603,22.0,4.032105149752201
1604,22.0,4.0464919695688915
1605,22.0,4.049380935806262
1606,22.0,4.049380935806269
1607,22.0,4.049380935806269
1608,22.0,4.087912087912084
1609,22.0,4.131977524737707
1610,22.0,4.149380935806263
1611,22.0,4.149380935806263
1612,22.0,4.149380935806263
1613,22.0,4.149380935806263
1614,22.0,4.150715197321532
1615,22.0,4.174453450019055
1616,22.0,4.174453450019055
1617,22.0,4.2319775247377045
1618,22.0,4.2319775247377045
1619,22.0,4.2464919695688925
1620,22.0,4.274453450019056
1621,22.0,4.287912087912087
1622,22.0,4.331977524737702
1623,22.0,4.331977524737702
1624,22.3,4.349380935806259
1625,22.3,4.349380935806266
1626,22.3,4.3744534500190575
1627,22.3,4.408888999386733
1628,22.3,4.431977524737704
1629,22.3,4.431977524737704
1630,22.3,4.449380935806268
1631,22.3,4.460337349930104
1632,22.3,4.474453450019052
1633,22.3,4.474453450019052
1634,22.3,4.474453450019055
1635,22.3,4.474453450019055
1636,22.3,4.489629224470853
1637,22.3,4.531977524737705
1638,22.3,4.531977524737705
1639,22.3,4.53487809324913
1640,22.3,4.53487809324913
1641,22.3,4.549380935806262
1642,22.3,4.549380935806262
1643,22.3,4.574453450019053
1644,22.3,4.631977524737703
1645,22.3,4.649380935806263
1646,22.3,4.649380935806263
1647,22.3,4.649380935806263
1648,22.3,4.674453450019055
1649,22.3,4.674453450019055
1650,22.3,4.674453450019055
1651,22.8,4.674453450019055
1652,22.8,4.674453450019055
1653,22.8,4.674453450019055
1654,22.8,4.7319775247377045
1655,22.8,4.7348780932491294
1656,22.8,4.735933900187291
1657,22.8,4.749380935806258
1658,22.8,4.774453450019056
1659,22.8,4.774453450019056
1660,22.8,4.788967894850245
1661,22.8,4.831977524737702
1662,22.8,4.8359339001872925
1663,22.8,4.849380935806266
1664,22.8,4.8744534500190575
1665,22.8,4.908888999386733
1666,22.8,4.931977524737704
1667,22.8,4.934878093249129
1668,22.8,4.949380935806261
1669,22.8,4.949380935806268
1670,22.8,4.949380935806268
1671,22.8,4.974453450019055
1672,22.8,5.008888999386734
1673,22.8,5.031977524737705
1674,22.8,5.049380935806262
1675,22.8,5.049380935806262
1676,22.8,5.049380935806269
1677,22.8,5.074453450019053
1678,22.8,5.1088889993867355
1679,22.8,5.131977524737703
1680,22.8,5.131977524737707
1681,22.8,5.131977524737707
1682,22.8,5.178282200454145
1683,22.8,5.2319775247377045
1684,22.8,5.2319775247377045
1685,22.8,5.2319775247377045
1686,22.8,5.235933900187291
1687,22.8,5.249380935806265
1688,22.8,5.274453450019056
1689,22.8,5.274453450019056
1690,22.8,5.274453450019056
1691,22.8,5.29172923607311
1692,22.8,5.308888999386735
1693,22.8,5.346491969568892
1694,22.8,5.349380935806266
1695,22.8,5.374453450019054
1696,22.8,5.374453450019054
1697,22.8,5.3744534500190575
1698,22.8,5.3744534500190575
1699,23.0,5.3744534500190575
1700,23.0,5.408888999386733
1701,23.0,5.431977524737704
1702,23.0,5.446491969568892
1703,23.0,5.488967894850244
1704,23.0,5.4917292360731125
1705,23.0,5.508888999386734
1706,23.0,5.53487809324913
1707,23.0,5.549380935806262
1708,23.0,5.549380935806262
1709,23.0,5.574453450019053
1710,23.0,5.574453450019053
1711,23.0,5.577098768501483
1712,23.0,5.587912087912084
1713,23.0,5.631977524737707
1714,23.0,5.63593390018729
1715,23.0,5.649380935806263
1716,23.0,5.674453450019055
1717,23.0,5.735933900187291
1718,23.0,5.735933900187291
1719,23.0,5.746491969568891
1720,23.0,5.749380935806258
1721,23.0,5.749380935806265
1722,23.0,5.749380935806265
1723,24.1,5.774453450019056
1724,24.1,5.774453450019056
1725,24.1,5.831977524737706
1726,24.1,5.831977524737706
1727,24.1,5.834878093249131
1728,24.1,5.849380935806266
1729,24.1,5.849380935806266
1730,24.1,5.874453450019054
1731,24.1,5.934878093249129
1732,24.1,5.934878093249132
1733,24.1,5.949380935806261
1734,24.1,5.949380935806261
1735,24.1,5.949380935806261
1736,24.1,5.949380935806261
1737,24.1,5.974453450019052
1738,24.1,5.974453450019055
1739,24.1,5.974453450019055
1740,24.1,6.031977524737705
1741,24.1,6.03487809324913
1742,24.1,6.035933900187292
1743,24.1,6.087912087912084
1744,24.1,6.131977524737707
1745,24.1,6.146491969568891
1746,24.1,6.146491969568893
1747,24.1,6.149380935806263
1748,24.1,6.149380935806263
1749,24.1,6.149380935806263
1750,24.1,6.174453450019055
1751,24.1,6.174453450019055
1752,24.1,6.178282200454145
1753,24.1,6.2319775247377045
1754,24.1,6.2319775247377045
1755,24.1,6.249125685777269
1756,24.1,6.249380935806258
1757,24.1,6.249380935806258
1758,24.1,6.249380935806258
1759,24.1,6.274453450019056
1760,24.1,6.346491969568892
1761,24.1,6.349380935806266
1762,24.1,6.374453450019054
1763,24.1,6.387912087912085
1764,24.1,6.449380935806261
1765,24.400000000000002,6.449380935806261
1766,24.400000000000002,6.449380935806261
1767,24.400000000000002,6.487912087912086
1768,24.400000000000002,6.489629224470853
1769,24.400000000000002,6.5464919695688915
1770,24.400000000000002,6.549380935806262
1771,24.400000000000002,6.549380935806269
1772,24.400000000000002,6.574453450019053
1773,24.400000000000002,6.574453450019057
1774,24.400000000000002,6.631977524737707
1775,24.400000000000002,6.634878093249132
1776,24.6,6.640284752954432
1777,24.6,6.646491969568891
1778,24.6,6.646491969568893
1779,24.6,6.646491969568893
1780,24.6,6.649380935806263
1781,24.6,6.649380935806263
1782,24.6,6.674453450019055
1783,25.3,6.674453450019055
1784,25.3,6.7319775247377045
1785,25.3,6.749380935806258
1786,25.3,6.749380935806258
1787,25.3,6.774453450019056
1788,25.3,6.774453450019056
1789,25.3,6.849380935806259
1790,25.3,6.874453450019054
1791,25.3,6.874453450019054
1792,25.3,6.874453450019054
1793,25.8,6.874453450019054
1794,25.8,6.931977524737704
1795,25.8,6.946491969568892
1796,25.8,6.949380935806261
1797,25.8,6.949380935806261
1798,25.8,6.949380935806268
1799,25.8,7.049380935806269
1800,25.8,7.049380935806269
1801,25.8,7.074453450019053
1802,25.8,7.074453450019053
1803,25.8,7.146491969568893
1804,25.8,7.149380935806263
1805,25.8,7.149380935806263
1806,25.8,7.149380935806263
1807,25.8,7.1879120879120855
1808,25.8,7.205327101254699
1809,25.8,7.208888999386737
1810,25.8,7.2348780932491294
1811,25.8,7.2464919695688925
1812,25.8,7.274453450019056
1813,25.8,7.287912087912083
1814,25.8,7.334878093249127
1815,25.8,7.346491969568892
1816,25.8,7.349380935806259
1817,25.8,7.349380935806259
1818,25.8,7.349380935806266
1819,25.8,7.349380935806266
1820,25.8,7.349380935806266
1821,25.8,7.349380935806266
1822,25.8,7.374453450019054
1823,25.8,7.431977524737704
1824,25.8,7.43593390018729
1825,25.8,7.446491969568892
1826,25.8,7.449380935806261
1827,25.8,7.449380935806261
1828,25.8,7.487912087912086
1829,25.8,7.531977524737705
1830,25.8,7.53487809324913
1831,25.8,7.53487809324913
1832,25.8,7.535933900187288
1833,25.8,7.549380935806262
1834,25.8,7.557305288979492
1835,25.8,7.6088889993867355
1836,25.8,7.631977524737703
1837,26.200000000000003,7.649380935806263
1838,26.200000000000003,7.7319775247377045
1839,26.200000000000003,7.749380935806258
1840,26.200000000000003,7.749380935806258
1841,26.200000000000003,7.808888999386735
1842,26.200000000000003,7.831977524737706
1843,26.200000000000003,7.831977524737706
1844,26.200000000000003,7.834878093249131
1845,26.200000000000003,7.849380935806259
1846,26.200000000000003,7.849380935806266
1847,26.200000000000003,7.849380935806266
1848,26.200000000000003,7.849380935806266
1849,26.200000000000003,7.874453450019054
1850,26.200000000000003,7.8744534500190575
1851,26.200000000000003,7.877098768501482
1852,26.200000000000003,7.931977524737704
1853,26.200000000000003,7.931977524737704
1854,26.200000000000003,7.934878093249129
1855,26.200000000000003,7.949380935806261
1856,26.200000000000003,7.949380935806261
1857,26.200000000000003,7.949380935806268
1858,26.200000000000003,7.974453450019052
1859,26.200000000000003,7.974453450019055
1860,26.200000000000003,8.049380935806262
1861,26.200000000000003,8.049380935806262
1862,26.200000000000003,8.060337349930101
1863,26.200000000000003,8.087912087912088
1864,26.200000000000003,8.108888999386732
1865,26.200000000000003,8.146491969568892
1866,26.200000000000003,8.146491969568892
1867,26.200000000000003,8.149380935806263
1868,26.200000000000003,8.174453450019055
1869,26.200000000000003,8.249380935806258
1870,26.200000000000003,8.249380935806258
1871,26.3,8.274453450019056
1872,26.3,8.334878093249127
1873,26.3,8.349380935806266
1874,26.3,8.349380935806266
1875,26.3,8.378282200454144
1876,26.3,8.387912087912085
1877,26.3,8.434878093249129
1878,26.3,8.434878093249132
1879,26.3,8.43593390018729
1880,26.3,8.446491969568893
1881,26.3,8.460337349930107
1882,26.3,8.474453450019059
1883,26.3,8.508888999386734
1884,26.900000000000002,8.508888999386734
1885,26.900000000000002,8.531977524737705
1886,26.900000000000002,8.546491969568894
1887,26.900000000000002,8.549380935806262
1888,26.900000000000002,8.549380935806262
1889,26.900000000000002,8.549380935806262
1890,26.900000000000002,8.54938093580627
1891,26.900000000000002,8.54938093580627
1892,26.900000000000002,8.574453450019053
1893,26.900000000000002,8.587912087912084
1894,26.900000000000002,8.649380935806263
1895,26.900000000000002,8.649380935806263
1896,26.900000000000002,8.649380935806263
1897,26.900000000000002,8.708888999386737
1898,26.900000000000002,8.735933900187291
1899,26.900000000000002,8.746491969568893
1900,26.900000000000002,8.749380935806258
1901,26.900000000000002,8.749380935806258
1902,26.900000000000002,8.749380935806258
1903,26.900000000000002,8.749380935806258
1904,26.900000000000002,8.749380935806265
1905,26.900000000000002,8.749380935806265
1906,26.900000000000002,8.749380935806265
1907,26.900000000000002,8.774453450019056
1908,26.900000000000002,8.787912087912087
1909,26.900000000000002,8.831977524737702
1910,26.900000000000002,8.849380935806266
1911,26.900000000000002,8.87445345001905
1912,26.900000000000002,8.887912087912085
1913,26.900000000000002,8.934878093249132
1914,26.900000000000002,8.935933900187287
1915,26.900000000000002,8.946491969568893
1916,26.900000000000002,8.94938093580626
1917,26.900000000000002,8.974453450019059
1918,26.900000000000002,9.049380935806262
1919,26.900000000000002,9.04938093580627
1920,26.900000000000002,9.074453450019053
1921,26.900000000000002,9.074453450019053
1922,26.900000000000002,9.13593390018729
1923,26.900000000000002,9.149380935806263
1924,26.900000000000002,9.174453450019055
1925,26.900000000000002,9.23487809324913
1926,26.900000000000002,9.249380935806258
1927,26.900000000000002,9.287912087912083
1928,26.900000000000002,9.287912087912087
1929,27.5,9.331977524737702
1930,27.5,9.349380935806266
1931,27.5,9.360337349930106
1932,27.5,9.374453450019057
1933,27.5,9.374453450019057
1934,27.5,9.387912087912085
1935,27.5,9.434878093249129
1936,27.5,9.43593390018729
1937,27.5,9.44938093580626
1938,27.5,9.44938093580626
1939,27.5,9.449380935806268
1940,27.5,9.474453450019059
1941,27.5,9.531977524737705
1942,27.5,9.53487809324913
1943,27.5,9.535933900187288
1944,27.5,9.546491969568894
1945,27.5,9.549380935806262
1946,27.5,9.574453450019053
1947,27.5,9.646491969568892
1948,27.5,9.649380935806263
1949,27.5,9.649380935806263
1950,27.5,9.674453450019055
1951,27.5,9.731977524737704
1952,27.5,9.731977524737704
1953,27.5,9.731977524737704
1954,27.5,9.774453450019056
1955,27.5,9.831977524737702
1956,27.5,9.831977524737702
1957,27.5,9.831977524737706
1958,27.5,9.846491969568891
1959,27.5,9.849380935806266
1960,27.5,9.849380935806266
1961,27.5,9.949380935806268
1962,27.5,10.02181780009834
1963,27.8,10.049380935806262
1964,27.8,10.04938093580627
1965,27.8,10.074453450019053
1966,27.8,10.074453450019053
1967,27.8,10.087912087912088
1968,27.8,10.149380935806263
1969,27.8,10.149380935806263
1970,27.8,10.162584323670291
1971,27.8,10.191868463361669
1972,27.8,10.231977524737708
1973,27.8,10.231977524737708
1974,27.8,10.249380935806258
1975,27.8,10.331977524737706
1976,27.8,10.349380935806266
1977,28.1,10.365484892181723
1978,28.1,10.44938093580626
1979,28.1,10.44938093580626
1980,28.1,10.466540699119882
1981,28.1,10.487912087912086
1982,28.1,10.535933900187288
1983,28.1,10.549380935806262
1984,28.1,10.54938093580627
1985,28.1,10.574453450019053
1986,28.1,10.574453450019053
1987,28.1,10.574453450019053
1988,28.1,10.634878093249128
1989,28.1,10.649380935806263
1990,28.1,10.649380935806263
1991,28.1,10.674453450019055
1992,28.1,10.687912087912085
1993,28.1,10.731977524737704
1994,28.1,10.746491969568893
1995,28.1,10.749380935806258
1996,28.1,10.774453450019056
1997,28.1,10.808888999386731
1998,28.1,10.84938093580626
1999,28.1,10.849380935806266
2000,28.1,10.849380935806266
2001,28.1,10.849380935806266
2002,28.1,10.931977524737707
2003,28.1,10.966540699119882
2004,28.1,10.974453450019059
2005,28.1,11.031977524737705
2006,28.1,11.049380935806262
2007,28.1,11.049380935806262
2008,28.1,11.04938093580627
2009,28.1,11.074453450019053
2010,28.1,11.074453450019053
2011,28.1,11.134878093249128
2012,28.1,11.149380935806263
2013,28.1,11.149380935806263
2014,28.1,11.249380935806265
2015,28.1,11.249380935806265
2016,28.1,11.274453450019056
2017,28.1,11.274453450019056
2018,28.1,11.274453450019056
2019,28.1,11.287912087912087
2020,28.1,11.308888999386735
2021,28.1,11.34938093580626
2022,28.1,11.34938093580626
2023,28.1,11.349380935806266
2024,28.1,11.349380935806266
2025,28.1,11.37445345001905
2026,29.0,11.387912087912085
2027,29.0,11.474453450019052
2028,29.0,11.508888999386734
2029,29.0,11.531977524737705
2030,29.0,11.549380935806255
2031,29.0,11.549380935806262
2032,29.0,11.549380935806262
2033,29.0,11.549380935806262
2034,29.0,11.549380935806262
2035,29.0,11.54938093580627
2036,29.0,11.574453450019053
2037,29.0,11.634878093249132
2038,29.0,11.649380935806263
2039,29.0,11.649380935806263
2040,29.3,11.674453450019055
2041,29.3,11.731977524737704
2042,29.3,11.731977524737704
2043,29.3,11.749380935806265
2044,29.3,11.774453450019056
2045,29.3,11.774453450019056
2046,29.3,11.774453450019056
2047,29.3,11.774453450019056
2048,29.3,11.828415626605672
2049,29.3,11.849380935806266
2050,29.3,11.849380935806266
2051,29.3,11.849380935806266
2052,29.3,11.87445345001905
2053,29.3,11.874453450019057
2054,29.3,11.874453450019057
2055,29.3,11.931977524737704
2056,29.3,11.931977524737704
2057,29.3,11.93593390018729
2058,29.3,11.94649196956889
2059,29.3,11.949380935806268
2060,29.3,11.974453450019052
2061,29.3,11.974453450019059
2062,29.3,11.987912087912086
2063,29.3,12.031977524737705
2064,29.3,12.031977524737705
2065,29.3,12.031977524737705
2066,29.3,12.049380935806262
2067,29.3,12.049380935806262
2068,29.3,12.049380935806262
2069,29.3,12.149380935806263
2070,29.3,12.23487809324913
2071,29.3,12.260337349930104
2072,29.3,12.274453450019056
2073,29.3,12.274453450019056
2074,29.3,12.308888999386731
2075,29.3,12.308888999386738
2076,29.3,12.331977524737706
2077,29.3,12.33487809324913
2078,29.3,12.335933900187293
2079,29.3,12.349380935806266
2080,29.3,12.349380935806266
2081,29.3,12.37445345001905
2082,29.3,12.431977524737704
2083,29.3,12.431977524737704
2084,29.3,12.431977524737704
2085,29.3,12.44938093580626
2086,29.3,12.449380935806268
2087,29.3,12.474453450019052
2088,29.3,12.474453450019059
2089,29.3,12.474453450019059
2090,29.3,12.53487809324913
2091,29.3,12.54938093580627
2092,29.3,12.587912087912084
2093,29.3,12.674453450019055
2094,29.3,12.674453450019055
2095,29.3,12.674453450019055
2096,29.3,12.734878093249133
2097,29.3,12.74649196956889
2098,29.5,12.749380935806258
2099,29.5,12.749380935806258
2100,29.5,12.774453450019056
2101,29.5,12.774453450019056
2102,29.5,12.831977524737706
2103,29.5,12.84938093580626
2104,29.5,12.931977524737704
2105,29.5,12.931977524737704
2106,29.5,12.934878093249132
2107,29.5,12.94938093580626
2108,29.5,12.94938093580626
2109,29.5,12.949380935806268
2110,29.5,12.949380935806268
2111,29.5,12.974453450019059
2112,29.5,13.031977524737705
2113,29.5,13.03487809324913
2114,29.5,13.04938093580627
2115,29.5,13.057305288979492
2116,29.5,13.074453450019053
2117,29.5,13.087912087912088
2118,29.5,13.134878093249132
2119,29.5,13.149380935806263
2120,29.5,13.149380935806263
2121,29.5,13.149380935806263
2122,29.5,13.149380935806263
2123,29.5,13.174453450019055
2124,29.5,13.174453450019055
2125,29.5,13.187912087912085
2126,29.5,13.208888999386733
2127,29.5,13.231977524737704
2128,29.5,13.23487809324913
2129,29.5,13.274453450019056
2130,29.5,13.287912087912087
2131,29.5,13.331977524737702
2132,29.5,13.349380935806266
2133,29.6,13.349380935806266
2134,29.6,13.37445345001905
2135,29.6,13.37445345001905
2136,29.6,13.37445345001905
2137,29.6,13.374453450019057
2138,29.6,13.387912087912085
2139,29.6,13.408888999386736
2140,29.6,13.431977524737704
2141,29.6,13.431977524737704
2142,29.6,13.44938093580626
2143,29.6,13.44938093580626
2144,29.6,13.44938093580626
2145,29.6,13.44938093580626
2146,29.6,13.44938093580626
2147,29.6,13.457305288979494
2148,29.6,13.459150050552758
2149,29.6,13.505060248951647
2150,29.6,13.54938093580627
2151,29.6,13.574453450019053
2152,29.6,13.574453450019053
2153,29.6,13.587912087912084
2154,29.6,13.649380935806263
2155,29.6,13.649380935806263
2156,29.6,13.649380935806263
2157,29.6,13.674453450019055
2158,29.6,13.674453450019055
2159,29.6,13.674453450019055
2160,29.6,13.677098768501484
2161,29.6,13.687912087912085
2162,29.6,13.731977524737704
2163,29.6,13.774453450019056
2164,29.6,13.831977524737702
2165,29.6,13.83487809324913
2166,29.6,13.846491969568891
2167,29.6,13.846491969568891
2168,29.6,13.849380935806266
2169,29.6,13.849380935806266
2170,29.6,13.849380935806266
2171,30.200000000000003,13.87445345001905
2172,30.200000000000003,13.87445345001905
2173,30.200000000000003,13.94649196956889
2174,30.200000000000003,13.94938093580626
2175,30.200000000000003,13.987912087912086
2176,30.200000000000003,13.988967894850244
2177,30.200000000000003,14.074453450019053
2178,30.200000000000003,14.074453450019053
2179,30.200000000000003,14.074453450019053
2180,30.200000000000003,14.131977524737707
2181,30.200000000000003,14.149380935806263
2182,30.200000000000003,14.149380935806263
2183,30.200000000000003,14.149380935806263
2184,30.200000000000003,14.174453450019055
2185,30.200000000000003,14.249380935806258
2186,30.200000000000003,14.274453450019049
2187,30.200000000000003,14.274453450019056
2188,30.200000000000003,14.34938093580626
2189,30.200000000000003,14.34938093580626
2190,30.200000000000003,14.349380935806266
2191,30.200000000000003,14.374453450019057
2192,30.200000000000003,14.431977524737704
2193,30.200000000000003,14.474453450019052
2194,30.200000000000003,14.474453450019059
2195,30.200000000000003,14.549380935806262
2196,30.200000000000003,14.549380935806262
2197,30.200000000000003,14.54938093580627
2198,30.6,14.587912087912084
2199,30.6,14.631977524737707
2200,30.6,14.646491969568892
2201,30.6,14.649380935806263
2202,30.6,14.649380935806263
2203,30.6,14.674453450019055
2204,30.6,14.705593953557756
2205,30.6,14.731977524737704
2206,30.6,14.749380935806258
2207,30.6,14.749380935806265
2208,30.6,14.749380935806265
2209,30.6,14.774453450019056
2210,30.6,14.846491969568891
2211,30.6,14.849380935806266
2212,31.3,14.849380935806266
2213,31.3,14.908888999386736
2214,31.3,14.94938093580626
2215,31.3,14.974453450019059
2216,31.3,14.987912087912083
2217,31.3,14.98791208791209
2218,31.3,15.03487809324913
2219,31.3,15.049380935806262
2220,31.3,15.049380935806262
2221,31.3,15.074453450019053
2222,31.3,15.074453450019053
2223,31.3,15.108888999386732
2224,31.3,15.131977524737703
2225,31.3,15.149380935806263
2226,31.3,15.149380935806263
2227,31.3,15.174453450019055
2228,31.3,15.174453450019055
2229,31.3,15.174453450019055
2230,31.3,15.174453450019055
2231,31.3,15.174453450019062
2232,31.3,15.187912087912085
2233,31.3,15.234878093249126
2234,31.3,15.234878093249126
2235,31.3,15.235933900187291
2236,31.3,15.246491969568893
2237,31.3,15.249380935806265
2238,31.3,15.288967894850245
2239,31.3,15.308888999386735
2240,31.3,15.334878093249134
2241,31.3,15.349380935806266
2242,31.3,15.431977524737704
2243,31.3,15.43593390018729
2244,31.3,15.44938093580626
2245,31.3,15.44938093580626
2246,31.6,15.449380935806268
2247,31.6,15.474453450019059
2248,31.6,15.488967894850248
2249,31.6,15.531977524737705
2250,31.6,15.549380935806262
2251,31.6,15.549380935806262
2252,31.6,15.549380935806262
2253,31.6,15.54938093580627
2254,31.6,15.587912087912084
2255,31.6,15.634878093249132
2256,31.6,15.649380935806263
2257,31.6,15.649380935806263
2258,31.6,15.674453450019055
2259,31.6,15.674453450019055
2260,31.6,15.687912087912085
2261,31.6,15.708888999386733
2262,31.6,15.731977524737704
2263,31.6,15.749380935806258
2264,31.6,15.749380935806265
2265,31.6,15.774453450019056
2266,31.6,15.849380935806266
2267,31.6,15.87445345001905
2268,31.6,15.874453450019057
2269,31.6,15.874453450019057
2270,31.900000000000002,15.887912087912081
2271,31.900000000000002,15.931977524737704
2272,31.900000000000002,15.94938093580626
2273,31.900000000000002,15.974453450019059
2274,31.900000000000002,15.98791208791209
2275,31.900000000000002,16.008888999386734
2276,31.900000000000002,16.03487809324913
2277,31.900000000000002,16.04938093580627
2278,31.900000000000002,16.074453450019053
2279,31.900000000000002,16.131977524737703
2280,31.900000000000002,16.149380935806263
2281,31.900000000000002,16.149380935806263
2282,31.900000000000002,16.149380935806263
2283,31.900000000000002,16.174453450019055
2284,31.900000000000002,16.174453450019055
2285,31.900000000000002,16.249380935806258
2286,31.900000000000002,16.249380935806265
2287,31.900000000000002,16.274453450019056
2288,31.900000000000002,16.334878093249127
2289,31.900000000000002,16.335933900187285
2290,31.900000000000002,16.359150050552763
2291,31.900000000000002,16.37445345001905
2292,31.900000000000002,16.37445345001905
2293,31.900000000000002,16.37445345001905
2294,31.900000000000002,16.374453450019057
2295,31.900000000000002,16.408888999386733
2296,31.900000000000002,16.431977524737704
2297,31.900000000000002,16.43487809324913
2298,32.0,16.435933900187287
2299,32.0,16.446491969568893
2300,32.0,16.44938093580626
2301,32.0,16.44938093580626
2302,32.0,16.449380935806268
2303,32.0,16.4603373499301
2304,32.0,16.47445345001906
2305,32.0,16.47445345001906
2306,32.0,16.47445345001906
2307,32.0,16.508888999386734
2308,32.0,16.54938093580627
2309,32.0,16.587912087912084
2310,32.0,16.63487809324913
2311,32.0,16.649380935806263
2312,32.0,16.649380935806263
2313,32.0,16.674453450019055
2314,32.0,16.674453450019055
2315,32.0,16.708888999386737
2316,32.0,16.749380935806258
2317,32.0,16.760337349930104
2318,32.0,16.80888899938674
2319,32.0,16.831977524737706
2320,32.0,16.849380935806266
2321,32.0,16.87445345001905
2322,32.0,16.87445345001905
2323,32.0,16.87445345001905
2324,32.300000000000004,16.874453450019057
2325,32.300000000000004,16.874453450019057
2326,32.300000000000004,16.93487809324913
2327,32.300000000000004,16.935933900187294
2328,32.300000000000004,16.94938093580626
2329,32.300000000000004,16.974453450019052
2330,32.300000000000004,16.97445345001906
2331,32.300000000000004,17.008888999386734
2332,32.300000000000004,17.008888999386734
2333,32.300000000000004,17.074453450019053
2334,32.300000000000004,17.087912087912084
2335,32.300000000000004,17.149380935806263
2336,32.300000000000004,17.149380935806263
2337,32.300000000000004,17.174453450019055
2338,32.300000000000004,17.231977524737708
2339,34.1,17.249380935806258
2340,34.1,17.274453450019056
2341,34.1,17.274453450019056
2342,34.1,17.274453450019056
2343,34.1,17.278282200454147
2344,34.1,17.287912087912087
2345,34.1,17.334878093249127
2346,34.1,17.346491969568895
2347,34.1,17.349380935806266
2348,34.1,17.349380935806266
2349,34.1,17.349380935806266
2350,34.1,17.349380935806266
2351,34.1,17.37445345001905
2352,34.1,17.446491969568893
2353,34.1,17.44938093580626
2354,34.1,17.44938093580626
2355,34.1,17.47445345001906
2356,34.1,17.491729236073112
2357,34.1,17.531977524737705
2358,34.1,17.549380935806262
2359,34.1,17.54938093580627
2360,34.1,17.574453450019053
2361,34.1,17.574453450019053
2362,34.1,17.631977524737703
2363,34.4,17.63487809324913
2364,34.4,17.63593390018729
2365,34.4,17.649380935806263
2366,34.4,17.674453450019055
2367,34.4,17.731977524737708
2368,34.4,17.734878093249126
2369,34.4,17.749380935806265
2370,34.4,17.831977524737702
2371,34.4,17.834878093249127
2372,34.4,17.849380935806266
2373,34.4,17.87445345001905
2374,34.4,17.87445345001905
2375,34.4,17.874453450019057
2376,34.4,17.874453450019057
2377,34.4,17.88791208791208
2378,34.4,17.946491969568893
2379,34.4,17.974453450019052
2380,34.4,17.974453450019052
2381,34.4,17.97445345001906
2382,34.4,18.03487809324913
2383,34.4,18.049380935806262
2384,34.4,18.04938093580627
2385,34.4,18.04938093580627
2386,34.4,18.13487809324913
2387,34.4,18.149380935806263
2388,34.4,18.149380935806263
2389,34.4,18.149380935806263
2390,34.4,18.149380935806263
2391,34.4,18.174453450019055
2392,34.4,18.174453450019055
2393,34.4,18.231977524737708
2394,34.800000000000004,18.274453450019056
2395,34.800000000000004,18.334878093249134
2396,34.800000000000004,18.34938093580626
2397,34.800000000000004,18.349380935806266
2398,34.800000000000004,18.349380935806266
2399,34.800000000000004,18.408888999386733
2400,34.800000000000004,18.431977524737704
2401,34.800000000000004,18.43487809324913
2402,34.800000000000004,18.43487809324913
2403,34.800000000000004,18.47445345001906
2404,34.800000000000004,18.47445345001906
2405,34.800000000000004,18.508888999386734
2406,34.800000000000004,18.53593390018729
2407,34.800000000000004,18.54649196956889
2408,34.800000000000004,18.574453450019053
2409,34.800000000000004,18.587912087912084
2410,34.800000000000004,18.587912087912084
2411,34.800000000000004,18.608888999386735
2412,34.800000000000004,18.649380935806263
2413,34.800000000000004,18.649380935806263
2414,34.800000000000004,18.674453450019055
2415,34.800000000000004,18.687912087912085
2416,34.800000000000004,18.731977524737704
2417,34.800000000000004,18.734878093249133
2418,34.800000000000004,18.734878093249133
2419,34.800000000000004,18.73593390018729
2420,34.800000000000004,18.749380935806258
2421,34.800000000000004,18.774453450019056
2422,34.800000000000004,18.831977524737702
2423,34.800000000000004,18.835933900187285
2424,35.1,18.849380935806266
2425,35.1,18.849380935806266
2426,35.1,18.931977524737704
2427,35.1,18.931977524737707
2428,35.1,18.94938093580626
2429,35.1,18.94938093580626
2430,35.1,18.949380935806268
2431,35.1,18.960337349930107
2432,35.1,18.97445345001906
2433,35.1,19.049380935806262
2434,35.1,19.049380935806262
2435,35.1,19.131977524737703
2436,35.1,19.13487809324913
2437,35.1,19.149380935806263
2438,35.1,19.187912087912085
2439,35.1,19.231977524737704
2440,35.1,19.249380935806258
2441,35.1,19.249380935806265
2442,35.1,19.249380935806265
2443,35.1,19.249380935806265
2444,35.1,19.249380935806265
2445,35.1,19.349380935806266
2446,35.1,19.36654069911988
2447,35.1,19.37445345001905
2448,35.1,19.408888999386733
2449,35.1,19.431977524737704
2450,35.1,19.44938093580626
2451,35.1,19.44938093580626
2452,35.1,19.474453450019052
2453,35.1,19.531977524737705
2454,35.300000000000004,19.531977524737705
2455,35.300000000000004,19.531977524737705
2456,35.300000000000004,19.549380935806262
2457,35.300000000000004,19.549380935806262
2458,35.300000000000004,19.549380935806262
2459,35.300000000000004,19.549380935806262
2460,35.300000000000004,19.549380935806262
2461,35.300000000000004,19.549380935806262
2462,35.300000000000004,19.549380935806262
2463,35.300000000000004,19.54938093580627
2464,35.300000000000004,19.54938093580627
2465,35.300000000000004,19.574453450019053
2466,35.300000000000004,19.574453450019053
2467,35.300000000000004,19.577098768501486
2468,35.300000000000004,19.58896789485025
2469,35.300000000000004,19.631977524737707
2470,35.300000000000004,19.649380935806263
2471,35.300000000000004,19.649380935806263
2472,35.300000000000004,19.674453450019055
2473,35.300000000000004,19.674453450019055
2474,35.300000000000004,19.674453450019055
2475,35.300000000000004,19.674453450019055
2476,35.300000000000004,19.731977524737708
2477,35.300000000000004,19.749380935806258
2478,35.300000000000004,19.749380935806265
2479,35.300000000000004,19.762584323670293
2480,35.300000000000004,19.831977524737702
2481,35.300000000000004,19.831977524737702
2482,35.300000000000004,19.831977524737706
2483,35.300000000000004,19.849380935806266
2484,35.300000000000004,19.8603373499301
2485,35.300000000000004,19.87445345001905
2486,35.300000000000004,19.93487809324913
2487,36.0,19.94649196956889
2488,36.0,19.94649196956889
2489,36.0,19.94938093580626
2490,36.0,19.94938093580626
2491,36.0,20.031977524737705
2492,36.0,20.049380935806262
2493,36.0,20.074453450019053
2494,36.0,20.074453450019053
2495,36.0,20.13593390018729
2496,36.0,20.146491969568892
2497,36.0,20.149380935806263
2498,36.0,20.174453450019055
2499,36.0,20.17445345001906
2500,36.0,20.208888999386737
2501,36.0,20.234878093249133
2502,36.0,20.249380935806258
2503,36.0,20.249380935806258
2504,36.0,20.260337349930104
2505,36.0,20.349380935806266
2506,36.0,20.37445345001905
2507,36.0,20.37445345001905
2508,36.0,20.38791208791209
2509,36.0,20.44938093580626
2510,36.0,20.44938093580626
2511,36.0,20.449380935806268
2512,36.0,20.449380935806268
2513,36.0,20.48791208791209
2514,36.0,20.48791208791209
2515,36.0,20.531977524737705
2516,36.5,20.549125685777273
2517,36.5,20.57445345001906
2518,36.5,20.587912087912084
2519,36.5,20.63487809324913
2520,36.5,20.649380935806263
2521,36.5,20.674453450019055
2522,36.5,20.7319775247377
2523,36.5,20.731977524737708
2524,36.5,20.749380935806258
2525,36.5,20.774453450019056
2526,36.5,20.774453450019056
2527,36.5,20.774453450019056
2528,36.5,20.787912087912087
2529,36.5,20.831977524737702
2530,36.5,20.83197752473771
2531,36.5,20.84649196956889
2532,36.5,20.849380935806266
2533,36.5,20.908888999386733
2534,36.5,20.94938093580626
2535,36.5,20.974453450019052
2536,36.5,20.97445345001906
2537,36.5,21.049380935806262
2538,36.5,21.049380935806262
2539,36.5,21.04938093580627
2540,36.5,21.074453450019053
2541,36.5,21.174453450019055
2542,36.5,21.187912087912085
2543,36.5,21.187912087912085
2544,36.5,21.208888999386737
2545,36.5,21.234878093249126
2546,36.5,21.3053271012547
2547,36.5,21.34938093580626
2548,36.5,21.349380935806266
2549,36.5,21.349380935806266
2550,36.5,21.374453450019057
2551,36.5,21.38791208791209
2552,36.5,21.431977524737704
2553,36.5,21.44938093580626
2554,36.5,21.44938093580626
2555,36.5,21.47445345001906
2556,36.5,21.487912087912083
2557,36.5,21.48791208791209
2558,36.5,21.549380935806262
2559,36.5,21.574453450019053
2560,37.1,21.587912087912084
2561,37.1,21.631977524737707
2562,37.1,21.63593390018729
2563,37.1,21.649380935806263
2564,37.1,21.65730528897949
2565,37.1,21.674453450019055
2566,37.1,21.7319775247377
2567,37.1,21.73593390018729
2568,37.1,21.749380935806265
2569,37.1,21.749380935806265
2570,37.1,21.749380935806265
2571,37.1,21.749380935806265
2572,37.1,21.774453450019056
2573,37.1,21.831977524737702
2574,37.1,21.834878093249127
2575,37.1,21.834878093249127
2576,37.1,21.84938093580626
2577,37.1,21.874453450019057
2578,37.1,21.88791208791209
2579,37.1,21.931977524737704
2580,37.1,21.931977524737704
2581,37.1,21.931977524737704
2582,37.1,21.94938093580626
2583,37.1,21.97445345001906
2584,37.1,22.031977524737705
2585,37.1,22.03487809324913
2586,37.1,22.04938093580627
2587,37.1,22.131977524737707
2588,37.1,22.149380935806263
2589,37.1,22.174453450019055
2590,37.1,22.231977524737708
2591,37.1,22.249380935806258
2592,37.1,22.249380935806272
2593,37.4,22.249380935806272
2594,37.4,22.249380935806272
2595,37.4,22.249380935806272
2596,37.4,22.274453450019056
2597,37.4,22.274453450019056
2598,37.4,22.334878093249134
2599,37.4,22.349380935806266
2600,37.4,22.349380935806266
2601,37.4,22.349380935806266
2602,37.4,22.37445345001905
2603,37.4,22.431977524737704
2604,37.4,22.43487809324913
2605,37.4,22.44938093580626
2606,37.4,22.44938093580626
2607,37.4,22.47445345001906
2608,37.4,22.478282200454142
2609,37.4,22.549380935806255
2610,37.4,22.549380935806255
2611,37.4,22.549380935806255
2612,37.4,22.54938093580627
2613,37.4,22.63487809324913
2614,37.4,22.674453450019055
2615,37.4,22.687912087912085
2616,37.4,22.73593390018729
2617,37.4,22.749380935806272
2618,37.4,22.774453450019056
2619,37.4,22.778282200454147
2620,37.4,22.834878093249134
2621,37.4,22.849380935806266
2622,37.4,22.849380935806266
2623,37.4,22.87445345001905
2624,37.4,22.931977524737704
2625,37.4,22.94938093580626
2626,37.4,22.97445345001906
2627,37.4,23.049380935806255
2628,37.4,23.07445345001906
2629,37.4,23.13487809324913
2630,37.4,23.149380935806263
2631,37.4,23.149380935806263
2632,37.4,23.187912087912085
2633,37.4,23.191729236073115
2634,37.4,23.249380935806258
2635,37.4,23.249380935806272
2636,37.4,23.274453450019056
2637,37.4,23.287912087912087
2638,37.4,23.33197752473771
2639,37.4,23.374453450019057
2640,37.4,23.408888999386733
2641,37.4,23.416801750285906
2642,37.4,23.44938093580626
2643,37.4,23.44938093580626
2644,37.4,23.44938093580626
2645,37.4,23.574453450019053
2646,37.4,23.631977524737707
2647,38.900000000000006,23.631977524737707
2648,38.900000000000006,23.674453450019055
2649,38.900000000000006,23.708888999386737
2650,38.900000000000006,23.7319775247377
2651,38.900000000000006,23.810339283642442
2652,38.900000000000006,23.831977524737702
2653,38.900000000000006,23.83197752473771
2654,38.900000000000006,23.834878093249134
2655,38.900000000000006,23.849380935806266
2656,38.900000000000006,23.849380935806266
2657,38.900000000000006,23.849380935806266
2658,38.900000000000006,23.94938093580626
2659,38.900000000000006,23.94938093580626
2660,38.900000000000006,23.987912087912083
2661,38.900000000000006,24.049380935806255
2662,38.900000000000006,24.04938093580627
2663,38.900000000000006,24.074453450019053
2664,38.900000000000006,24.131977524737707
2665,38.900000000000006,24.134878093249124
2666,38.900000000000006,24.149380935806263
2667,38.900000000000006,24.149380935806263
2668,38.900000000000006,24.22841562660567
2669,38.900000000000006,24.274453450019056
2670,38.900000000000006,24.274453450019056
2671,38.900000000000006,24.274453450019056
2672,38.900000000000006,24.287912087912087
2673,38.900000000000006,24.30888899938673
2674,38.900000000000006,24.33197752473771
2675,38.900000000000006,24.335933900187285
2676,38.900000000000006,24.37445345001905
2677,39.0,24.44938093580626
2678,39.0,24.44938093580626
2679,39.0,24.508888999386734
2680,39.0,24.531977524737705
2681,39.0,24.53487809324913
2682,39.0,24.63487809324913
2683,39.0,24.649380935806263
2684,39.0,24.649380935806263
2685,39.0,24.674453450019055
2686,39.0,24.774453450019056
2687,39.0,24.849380935806266
2688,39.0,24.849380935806266
2689,39.0,24.849380935806266
2690,39.0,24.87445345001905
2691,39.0,24.931977524737704
2692,39.0,24.94938093580626
2693,39.0,24.974453450019052
2694,39.0,24.974453450019052
2695,39.0,25.049380935806255
2696,39.0,25.04938093580627
2697,39.0,25.04938093580627
2698,39.0,25.04938093580627
2699,39.0,25.08791208791209
2700,39.0,25.131977524737707
2701,39.0,25.149380935806263
2702,39.0,25.149380935806263
2703,39.0,25.174453450019055
2704,39.0,25.174453450019055
2705,39.0,25.231977524737708
2706,39.0,25.231977524737708
2707,39.0,25.249380935806258
2708,39.0,25.249380935806258
2709,39.0,25.249380935806258
2710,39.0,25.274453450019056
2711,39.0,25.287912087912087
2712,39.0,25.349380935806266
2713,39.0,25.349380935806266
2714,39.0,25.428415626605673
2715,39.0,25.44938093580626
2716,39.0,25.47445345001906
2717,39.0,25.531977524737705
2718,39.0,25.549380935806255
2719,39.0,25.549380935806255
2720,39.0,25.549380935806255
2721,39.0,25.57445345001906
2722,39.0,25.687912087912093
2723,39.0,25.731977524737708
2724,39.0,25.735933900187284
2725,39.0,25.749380935806258
2726,39.0,25.749380935806258
2727,39.0,25.83197752473771
2728,39.0,25.84649196956889
2729,39.0,25.849380935806266
2730,39.7,25.87445345001905
2731,39.7,25.874453450019057
2732,39.7,25.93487809324913
2733,39.7,25.974453450019052
2734,39.7,25.97445345001906
2735,39.7,25.97445345001906
2736,39.7,26.04938093580627
2737,39.7,26.04938093580627
2738,39.7,26.04938093580627
2739,39.7,26.1319775247377
2740,39.7,26.174453450019055
2741,39.7,26.17445345001906
2742,39.7,26.208888999386737
2743,39.7,26.249380935806258
2744,39.7,26.287912087912087
2745,39.7,26.287912087912087
2746,39.7,26.33197752473771
2747,39.7,26.334878093249127
2748,39.7,26.37445345001905
2749,39.7,26.420761993160177
2750,39.7,26.47445345001906
2751,39.7,26.47445345001906
2752,39.7,26.531977524737705
2753,39.7,26.631977524737707
2754,40.7,26.649380935806263
2755,40.7,26.649380935806263
2756,40.7,26.649380935806263
2757,40.7,26.674453450019055
2758,40.7,26.674453450019055
2759,40.7,26.734878093249133
2760,40.7,26.749380935806258
2761,40.7,26.749380935806272
2762,40.7,26.749380935806272
2763,40.7,26.749380935806272
2764,40.7,26.749380935806272
2765,40.7,26.749380935806272
2766,40.7,26.774453450019056
2767,40.7,26.787912087912087
2768,40.7,26.831977524737702
2769,40.7,26.874453450019057
2770,40.7,26.874453450019057
2771,40.7,26.88791208791208
2772,40.7,26.88791208791208
2773,40.7,26.931977524737704
2774,40.7,26.946491969568893
2775,40.7,26.94938093580626
2776,40.7,26.94938093580626
2777,40.7,27.04938093580627
2778,40.7,27.06548489218172
2779,40.7,27.149380935806263
2780,40.7,27.149380935806263
2781,40.7,27.18303139796352
2782,41.800000000000004,27.287912087912087
2783,41.800000000000004,27.349380935806266
2784,41.800000000000004,27.37445345001905
2785,41.800000000000004,27.37445345001905
2786,41.800000000000004,27.408888999386733
2787,41.800000000000004,27.43487809324913
2788,41.800000000000004,27.44938093580626
2789,41.800000000000004,27.47828220045415
2790,41.800000000000004,27.508888999386734
2791,41.800000000000004,27.50888899938674
2792,41.800000000000004,27.531977524737705
2793,41.800000000000004,27.54938093580627
2794,41.800000000000004,27.54938093580627
2795,41.800000000000004,27.54938093580627
2796,41.800000000000004,27.574453450019053
2797,41.800000000000004,27.574453450019053
2798,41.800000000000004,27.577098768501486
2799,41.800000000000004,27.649380935806263
2800,41.800000000000004,27.774453450019056
2801,41.800000000000004,27.849380935806266
2802,41.800000000000004,27.874453450019057
2803,41.800000000000004,27.974453450019052
2804,41.800000000000004,27.987912087912083
2805,41.800000000000004,27.98791208791209
2806,41.800000000000004,28.074453450019053
2807,41.800000000000004,28.149380935806263
2808,41.800000000000004,28.149380935806263
2809,41.800000000000004,28.149380935806263
2810,41.800000000000004,28.2319775247377
2811,41.800000000000004,28.246491969568893
2812,41.800000000000004,28.249380935806258
2813,41.800000000000004,28.274453450019056
2814,41.800000000000004,28.287912087912087
2815,41.800000000000004,28.331977524737702
2816,41.800000000000004,28.331977524737702
2817,41.800000000000004,28.33197752473771
2818,41.800000000000004,28.33197752473771
2819,41.800000000000004,28.349380935806266
2820,41.800000000000004,28.349380935806266
2821,41.800000000000004,28.349380935806266
2822,41.800000000000004,28.431977524737704
2823,41.800000000000004,28.474453450019052
2824,41.800000000000004,28.531977524737705
2825,41.800000000000004,28.53487809324913
2826,41.800000000000004,28.549380935806255
2827,41.800000000000004,28.549380935806255
2828,41.800000000000004,28.549380935806255
2829,41.800000000000004,28.54938093580627
2830,41.800000000000004,28.574453450019053
2831,41.800000000000004,28.646491969568892
2832,41.800000000000004,28.666540699119878
2833,41.800000000000004,28.687912087912085
2834,41.800000000000004,28.7319775247377
2835,41.800000000000004,28.749380935806258
2836,41.800000000000004,28.749380935806258
2837,41.800000000000004,28.759150050552762
2838,41.800000000000004,28.774453450019056
2839,41.800000000000004,28.774453450019056
2840,41.800000000000004,28.83197752473771
2841,41.800000000000004,28.849380935806266
2842,41.800000000000004,28.849380935806266
2843,41.800000000000004,28.874453450019057
2844,41.800000000000004,28.931977524737704
2845,41.800000000000004,28.94938093580626
2846,41.800000000000004,28.97445345001906
2847,41.800000000000004,29.04938093580627
2848,41.800000000000004,29.087912087912084
2849,41.800000000000004,29.108888999386735
2850,41.800000000000004,29.149380935806263
2851,41.800000000000004,29.187912087912085
2852,41.800000000000004,29.2319775247377
2853,41.800000000000004,29.2319775247377
2854,41.800000000000004,29.249380935806272
2855,41.800000000000004,29.33197752473771
2856,45.6,29.334878093249134
2857,45.6,29.349380935806266
2858,45.6,29.349380935806266
2859,45.6,29.349380935806266
2860,45.6,29.349380935806266
2861,45.6,29.508888999386734
2862,45.6,29.544902458024627
2863,45.6,29.54938093580627
2864,45.6,29.54938093580627
2865,45.6,29.57445345001906
2866,45.6,29.577098768501486
2867,45.6,29.631977524737707
2868,45.6,29.674453450019055
2869,45.6,29.67445345001906
2870,45.6,29.73593390018729
2871,45.6,29.749380935806258
2872,45.6,29.749380935806272
2873,45.6,29.774453450019056
2874,45.6,29.787912087912087
2875,45.6,29.820761993160183
2876,45.6,29.849380935806266
2877,45.6,29.849380935806266
2878,45.6,29.849380935806266
2879,45.6,29.86086718711153
2880,45.6,29.874453450019057
2881,45.6,29.874453450019057
2882,45.6,29.931977524737704
2883,45.6,29.94938093580626
2884,45.6,29.94938093580626
2885,45.6,29.94938093580626
2886,45.6,29.94938093580626
2887,45.6,29.97445345001906
2888,45.6,30.074453450019053
2889,45.6,30.131977524737707
2890,45.6,30.220761993160174
2891,45.6,30.249380935806272
2892,45.6,30.259150050552762
2893,45.6,30.287912087912087
2894,45.6,30.29172923607311
2895,45.6,30.331977524737702
2896,45.6,30.374453450019057
2897,45.6,30.374453450019057
2898,45.6,30.38791208791209
2899,45.6,30.44938093580626
2900,45.6,30.449380935806275
2901,45.6,30.47445345001906
2902,45.6,30.508888999386734
2903,45.6,30.531977524737705
2904,45.6,30.54938093580627
2905,45.6,30.574453450019053
2906,45.6,30.583031397963527
2907,45.6,30.67445345001906
2908,45.6,30.849380935806266
2909,45.6,30.849380935806266
2910,45.6,30.874453450019057
2911,45.6,30.874453450019057
2912,45.6,30.88791208791208
2913,45.6,30.93487809324913
2914,45.6,30.93487809324913
2915,45.6,30.94938093580626
2916,45.6,30.94938093580626
2917,45.6,30.94938093580626
2918,45.6,30.94938093580626
2919,45.6,31.035933900187295
2920,45.6,31.074453450019053
2921,45.6,31.087912087912084
2922,45.6,31.234878093249126
2923,45.6,31.249380935806258
2924,45.6,31.249380935806258
2925,45.6,31.274453450019056
2926,45.6,31.274453450019056
2927,45.6,31.274453450019056
2928,45.6,31.287912087912087
2929,45.6,31.349380935806266
2930,45.6,31.349380935806266
2931,45.6,31.349380935806266
2932,45.6,31.37445345001905
2933,45.6,31.431977524737704
2934,45.6,31.44938093580626
2935,45.6,31.47445345001906
2936,45.6,31.48791208791209
2937,45.6,31.54938093580627
2938,45.6,31.578282200454144
2939,45.6,31.649380935806263
2940,45.6,31.649380935806263
2941,45.6,31.708888999386737
2942,45.6,31.734878093249126
2943,45.6,31.734878093249133
2944,45.6,31.774453450019056
2945,45.6,31.774453450019056
2946,45.6,31.787912087912087
2947,45.6,31.834878093249127
2948,45.6,31.849380935806266
2949,45.6,31.849380935806266
2950,45.6,31.97445345001906
2951,45.6,31.97445345001906
2952,45.6,32.008888999386734
2953,45.6,32.049380935806255
2954,45.6,32.04938093580627
2955,45.6,32.04938093580627
2956,45.6,32.04938093580627
2957,45.6,32.07828220045414
2958,45.6,32.17445345001906
2959,45.6,32.24649196956889
2960,45.6,32.24938093580627
2961,45.6,32.316674125271405
2962,45.6,32.3319775247377
2963,48.400000000000006,32.37828220045415
2964,48.400000000000006,32.48791208791208
2965,48.400000000000006,32.54938093580627
2966,48.400000000000006,32.608888999386735
2967,48.400000000000006,32.64938093580626
2968,48.400000000000006,32.64938093580626
2969,48.400000000000006,32.64938093580626
2970,48.400000000000006,32.64938093580626
2971,48.400000000000006,32.67445345001906
2972,48.400000000000006,32.687912087912096
2973,48.400000000000006,32.74938093580626
2974,48.400000000000006,32.74938093580626
2975,48.400000000000006,32.74938093580627
2976,48.400000000000006,32.74938093580627
2977,48.400000000000006,32.77445345001905
2978,48.400000000000006,32.8319775247377
2979,48.400000000000006,32.849380935806266
2980,48.400000000000006,32.87445345001906
2981,48.400000000000006,32.94938093580626
2982,48.400000000000006,32.974453450019055
2983,48.400000000000006,32.974453450019055
2984,48.400000000000006,32.974453450019055
2985,48.400000000000006,32.974453450019055
2986,48.400000000000006,33.034878093249134
2987,48.400000000000006,33.034878093249134
2988,48.400000000000006,33.049380935806255
2989,48.400000000000006,33.13197752473771
2990,48.400000000000006,33.17445345001906
2991,48.400000000000006,33.23197752473771
2992,48.400000000000006,33.23197752473771
2993,48.400000000000006,33.33487809324913
2994,48.400000000000006,33.431977524737704
2995,48.400000000000006,33.43197752473771
2996,48.400000000000006,33.46654069911988
2997,48.400000000000006,33.534878093249134
2998,48.400000000000006,33.574453450019064
2999,48.400000000000006,33.63487809324913
3000,48.400000000000006,33.64938093580626
3001,48.400000000000006,33.64938093580626
3002,48.400000000000006,33.64938093580626
3003,48.400000000000006,33.73197752473771
3004,48.400000000000006,33.78791208791209
3005,48.400000000000006,33.87445345001906
3006,48.400000000000006,33.974453450019055
3007,48.400000000000006,33.974453450019055
3008,48.400000000000006,33.974453450019055
3009,48.400000000000006,33.98791208791209
3010,48.400000000000006,34.07445345001905
3011,48.400000000000006,34.13487809324913
3012,48.400000000000006,34.14938093580626
3013,48.400000000000006,34.14938093580626
3014,48.400000000000006,34.14938093580626
3015,48.400000000000006,34.18791208791208
3016,48.400000000000006,34.2319775247377
3017,48.400000000000006,34.24938093580627
3018,48.400000000000006,34.24938093580627
3019,48.400000000000006,34.349380935806266
3020,48.400000000000006,34.349380935806266
3021,48.400000000000006,34.349380935806266
3022,48.400000000000006,34.431977524737704
3023,48.400000000000006,34.44649196956889
3024,48.400000000000006,34.44938093580626
3025,48.400000000000006,34.531977524737705
3026,48.400000000000006,34.531977524737705
3027,48.400000000000006,34.566540699119884
3028,48.400000000000006,34.57445345001905
3029,48.400000000000006,34.574453450019064
3030,48.400000000000006,34.70888899938674
3031,48.400000000000006,34.74938093580626
3032,48.400000000000006,34.74938093580626
3033,48.400000000000006,34.74938093580626
3034,48.400000000000006,34.74938093580627
3035,48.400000000000006,34.74938093580627
3036,48.400000000000006,34.74938093580627
3037,48.400000000000006,34.74938093580627
3038,48.400000000000006,34.74938093580627
3039,48.400000000000006,34.74938093580627
3040,48.400000000000006,34.849380935806266
3041,48.400000000000006,34.92076199316018
3042,48.400000000000006,34.931977524737704
3043,48.400000000000006,35.031977524737705
3044,48.400000000000006,35.04938093580627
3045,48.6,35.07445345001905
3046,48.6,35.14938093580626
3047,48.6,35.14938093580626
3048,48.6,35.18791208791208
3049,48.6,35.28791208791209
3050,48.6,35.349380935806266
3051,48.6,35.349380935806266
3052,48.6,35.349380935806266
3053,48.6,35.349380935806266
3054,48.6,35.434878093249125
3055,48.6,35.44938093580626
3056,48.6,35.44938093580626
3057,48.6,35.53593390018729
3058,48.6,35.54938093580627
3059,48.6,35.57445345001905
3060,48.6,35.574453450019064
3061,48.6,35.63197752473771
3062,48.6,35.64938093580628
3063,48.6,35.73593390018729
3064,48.6,35.74938093580627
3065,48.6,35.74938093580627
3066,48.6,35.77445345001905
3067,48.6,35.78791208791209
3068,48.6,35.849380935806266
3069,48.6,35.849380935806266
3070,48.6,35.87445345001905
3071,48.6,35.87445345001906
3072,48.6,35.931977524737704
3073,48.6,35.949380935806275
3074,48.6,35.974453450019055
3075,48.6,35.974453450019055
3076,48.6,36.031977524737705
3077,48.6,36.049380935806255
3078,48.6,36.17445345001906
3079,48.6,36.24938093580627
3080,48.6,36.24938093580627
3081,48.6,36.37445345001905
3082,48.6,36.387912087912085
3083,48.6,36.43593390018729
3084,48.6,36.531977524737705
3085,48.6,36.54938093580627
3086,48.6,36.574453450019064
3087,48.6,36.574453450019064
3088,48.6,36.58791208791209
3089,48.6,36.58896789485025
3090,48.6,36.67445345001906
3091,48.6,36.74938093580627
3092,48.6,36.74938093580627
3093,48.6,36.77445345001905
3094,48.6,36.80888899938673
3095,48.6,36.849380935806266
3096,48.6,36.87445345001906
3097,48.6,36.94938093580626
3098,48.6,36.94938093580626
3099,48.6,37.08791208791209
3100,48.6,37.14938093580626
3101,48.6,37.27445345001905
3102,48.6,37.30888899938674
3103,48.6,37.346491969568895
3104,48.6,37.349380935806266
3105,48.6,37.349380935806266
3106,48.6,37.44938093580626
3107,48.6,37.44938093580626
3108,48.6,37.44938093580626
3109,48.6,37.549380935806255
3110,50.5,37.549380935806255
3111,50.5,37.54938093580627
3112,50.5,37.54938093580627
3113,50.5,37.57445345001905
3114,50.5,37.57445345001905
3115,50.5,37.64938093580626
3116,50.5,37.64938093580626
3117,50.5,37.64938093580626
3118,50.5,37.64938093580626
3119,50.5,37.64938093580626
3120,50.5,37.64938093580626
3121,50.5,37.67445345001906
3122,50.5,37.73487809324914
3123,50.5,37.74938093580627
3124,50.5,37.74938093580627
3125,50.5,37.83487809324913
3126,50.5,37.849380935806266
3127,50.5,37.849380935806266
3128,50.5,37.849380935806266
3129,50.5,37.849380935806266
3130,50.5,37.94938093580626
3131,50.5,37.94938093580626
3132,50.5,38.049380935806255
3133,50.5,38.04938093580627
3134,50.5,38.13197752473771
3135,50.5,38.13487809324913
3136,50.5,38.27445345001905
3137,50.5,38.349380935806266
3138,50.5,38.349380935806266
3139,50.5,38.446491969568896
3140,50.5,38.44938093580626
3141,50.5,38.44938093580626
3142,50.5,38.44938093580626
3143,50.5,38.54938093580627
3144,50.5,38.58791208791209
3145,50.5,38.63197752473771
3146,50.5,38.63487809324913
3147,50.5,38.64938093580626
3148,50.5,38.64938093580626
3149,50.5,38.64938093580626
3150,50.5,38.64938093580628
3151,50.5,38.64938093580628
3152,50.5,38.74938093580627
3153,50.5,38.77445345001905
3154,50.5,38.77445345001905
3155,50.5,38.849380935806266
3156,50.5,38.931977524737704
3157,50.5,38.94938093580626
3158,50.5,38.949380935806275
3159,50.5,38.974453450019055
3160,50.5,39.049380935806255
3161,50.5,39.04938093580627
3162,50.5,39.13197752473771
3163,50.5,39.20888899938674
3164,50.5,39.2319775247377
3165,50.5,39.24938093580627
3166,50.5,39.24938093580627
3167,50.5,39.33487809324913
3168,50.5,39.37445345001906
3169,50.5,39.40888899938673
3170,50.5,39.431977524737704
3171,50.5,39.44938093580626
3172,50.5,39.449380935806275
3173,50.5,39.48791208791208
3174,50.5,39.48791208791209
3175,50.5,39.54938093580627
3176,50.5,39.57445345001905
3177,50.5,39.574453450019064
3178,50.5,39.608888999386735
3179,52.6,39.63197752473771
3180,52.6,39.63487809324913
3181,52.6,39.67445345001906
3182,52.6,39.849380935806266
3183,52.6,39.931977524737704
3184,52.6,39.94938093580626
3185,52.6,39.94938093580626
3186,52.6,39.94938093580626
3187,52.6,39.949380935806275
3188,52.6,39.974453450019055
3189,52.6,39.98791208791209
3190,52.6,40.049380935806255
3191,52.6,40.049380935806255
3192,52.6,40.04938093580627
3193,52.6,40.14938093580626
3194,52.6,40.14938093580626
3195,52.6,40.14938093580628
3196,52.6,40.187912087912096
3197,52.6,40.24938093580627
3198,52.6,40.283031397963526
3199,52.6,40.37445345001905
3200,52.6,40.44938093580626
3201,52.6,40.44938093580626
3202,52.6,40.44938093580626
3203,52.6,40.44938093580626
3204,52.6,40.460867187111525
3205,52.6,40.531977524737705
3206,52.6,40.608888999386735
3207,52.6,40.63197752473771
3208,52.6,40.70888899938673
3209,52.6,40.74938093580627
3210,52.6,40.80888899938674
3211,52.6,40.935933900187294
3212,52.6,40.935933900187294
3213,52.6,40.974453450019055
3214,52.6,40.974453450019055
3215,52.6,40.974453450019055
3216,52.6,41.07445345001905
3217,52.6,41.07445345001905
3218,52.6,41.07445345001905
3219,52.6,41.07445345001905
3220,52.6,41.14938093580626
3221,52.6,41.23487809324912
3222,52.6,41.28791208791209
3223,52.6,41.30888899938673
3224,52.6,41.431977524737704
3225,52.6,41.444902458024615
3226,52.6,41.474453450019055
3227,52.6,41.474453450019055
3228,52.6,41.48791208791208
3229,52.6,41.57445345001905
3230,52.6,41.62841562660567
3231,52.6,41.64938093580626
3232,52.6,41.7319775247377
3233,52.6,41.74938093580627
3234,52.6,41.74938093580627
3235,52.6,41.74938093580627
3236,52.6,41.78791208791209
3237,52.6,41.835933900187285
3238,52.6,41.849380935806266
3239,52.6,41.849380935806266
3240,52.6,41.949380935806275
3241,57.900000000000006,42.04938093580627
3242,57.900000000000006,42.14938093580626
3243,57.900000000000006,42.14938093580626
3244,57.900000000000006,42.14938093580626
3245,57.900000000000006,42.14938093580626
3246,57.900000000000006,42.20888899938674
3247,57.900000000000006,42.24938093580627
3248,57.900000000000006,42.27445345001905
3249,57.900000000000006,42.28791208791209
3250,57.900000000000006,42.37445345001905
3251,57.900000000000006,42.387912087912085
3252,57.900000000000006,42.474453450019055
3253,57.900000000000006,42.48791208791209
3254,57.900000000000006,42.53593390018729
3255,57.900000000000006,42.605060248951645
3256,57.900000000000006,42.63487809324913
3257,57.900000000000006,42.63487809324913
3258,57.900000000000006,42.64938093580626
3259,57.900000000000006,42.64938093580626
3260,57.900000000000006,42.64938093580626
3261,57.900000000000006,42.64938093580628
3262,57.900000000000006,42.69172923607313
3263,57.900000000000006,42.74938093580627
3264,57.900000000000006,42.77445345001905
3265,57.900000000000006,42.849380935806266
3266,57.900000000000006,42.849380935806266
3267,57.900000000000006,42.849380935806266
3268,57.900000000000006,42.849380935806266
3269,57.900000000000006,42.849380935806266
3270,57.900000000000006,42.849380935806266
3271,57.900000000000006,42.90888899938673
3272,57.900000000000006,42.974453450019055
3273,57.900000000000006,43.049380935806255
3274,57.900000000000006,43.049380935806255
3275,57.900000000000006,43.07445345001905
3276,57.900000000000006,43.13197752473771
3277,57.900000000000006,43.13197752473771
3278,57.900000000000006,43.24938093580627
3279,57.900000000000006,43.24938093580627
3280,57.900000000000006,43.24938093580627
3281,57.900000000000006,43.27445345001905
3282,57.900000000000006,43.30888899938674
3283,57.900000000000006,43.48791208791209
3284,57.900000000000006,43.549380935806255
3285,57.900000000000006,43.549380935806255
3286,57.900000000000006,43.54938093580627
3287,57.900000000000006,43.58791208791209
3288,57.900000000000006,43.674453450019044
3289,57.900000000000006,43.67445345001906
3290,57.900000000000006,43.68791208791208
3291,57.900000000000006,43.74938093580627
3292,57.900000000000006,43.74938093580627
3293,57.900000000000006,43.74938093580627
3294,57.900000000000006,43.74938093580627
3295,57.900000000000006,43.74938093580627
3296,57.900000000000006,43.74938093580627
3297,57.900000000000006,43.821817800098344
3298,57.900000000000006,43.84649196956889
3299,57.900000000000006,43.849380935806266
3300,57.900000000000006,43.849380935806266
3301,57.900000000000006,43.87445345001905
3302,57.900000000000006,43.87445345001906
3303,57.900000000000006,43.94938093580626
3304,57.900000000000006,43.974453450019055
3305,57.900000000000006,43.974453450019055
3306,57.900000000000006,44.049380935806255
3307,57.900000000000006,44.049380935806255
3308,57.900000000000006,44.07445345001905
3309,57.900000000000006,44.14938093580626
3310,57.900000000000006,44.24938093580627
3311,57.900000000000006,44.24938093580627
3312,57.900000000000006,44.33197752473771
3313,57.900000000000006,44.349380935806266
3314,57.900000000000006,44.349380935806266
3315,57.900000000000006,44.349380935806266
3316,57.900000000000006,44.387912087912085
3317,57.900000000000006,44.53197752473771
3318,57.900000000000006,44.608888999386735
3319,57.900000000000006,44.608888999386735
3320,57.900000000000006,44.63487809324913
3321,57.900000000000006,44.64938093580626
3322,57.900000000000006,44.674453450019044
3323,57.900000000000006,44.78791208791209
3324,57.900000000000006,44.849380935806266
3325,57.900000000000006,44.849380935806266
3326,57.900000000000006,44.849380935806266
3327,57.900000000000006,44.849380935806266
3328,57.900000000000006,44.86033734993011
3329,57.900000000000006,44.87445345001906
3330,57.900000000000006,44.94938093580626
3331,57.900000000000006,44.94938093580626
3332,57.900000000000006,45.049380935806255
3333,57.900000000000006,45.04938093580627
3334,57.900000000000006,45.04938093580627
3335,61.900000000000006,45.13487809324913
3336,61.900000000000006,45.24938093580627
3337,61.900000000000006,45.27445345001905
3338,61.900000000000006,45.28791208791209
3339,61.900000000000006,45.349380935806266
3340,61.900000000000006,45.387912087912085
3341,61.900000000000006,45.474453450019055
3342,61.900000000000006,45.474453450019055
3343,61.900000000000006,45.531977524737705
3344,61.900000000000006,45.531977524737705
3345,61.900000000000006,45.57445345001905
3346,61.900000000000006,45.67445345001906
3347,61.900000000000006,45.74938093580626
3348,61.900000000000006,45.74938093580626
3349,61.900000000000006,45.74938093580626
3350,61.900000000000006,45.849380935806266
3351,61.900000000000006,45.849380935806266
3352,61.900000000000006,45.849380935806266
3353,61.900000000000006,45.849380935806266
3354,61.900000000000006,45.87445345001906
3355,61.900000000000006,45.931977524737704
3356,61.900000000000006,45.94938093580626
3357,61.900000000000006,45.94938093580626
3358,61.900000000000006,45.949380935806275
3359,61.900000000000006,45.949380935806275
3360,61.900000000000006,46.03197752473771
3361,61.900000000000006,46.04938093580627
3362,61.900000000000006,46.04938093580627
3363,61.900000000000006,46.04938093580627
3364,61.900000000000006,46.07445345001905
3365,61.900000000000006,46.07445345001905
3366,61.900000000000006,46.14938093580626
3367,61.900000000000006,46.349380935806266
3368,61.900000000000006,46.449380935806275
3369,61.900000000000006,46.474453450019055
3370,61.900000000000006,46.474453450019055
3371,61.900000000000006,46.534878093249134
3372,61.900000000000006,46.54938093580627
3373,61.900000000000006,46.608888999386735
3374,61.900000000000006,46.74938093580627
3375,61.900000000000006,46.74938093580627
3376,61.900000000000006,46.974453450019055
3377,61.900000000000006,47.016801750285914
3378,61.900000000000006,47.049380935806255
3379,61.900000000000006,47.049380935806255
3380,61.900000000000006,47.04938093580627
3381,61.900000000000006,47.04938093580627
3382,61.900000000000006,47.04938093580627
3383,61.900000000000006,47.07445345001905
3384,61.900000000000006,47.13197752473771
3385,61.900000000000006,47.14938093580626
3386,61.900000000000006,47.14938093580628
3387,61.900000000000006,47.187912087912096
3388,61.900000000000006,47.24938093580627
3389,61.900000000000006,47.24938093580627
3390,61.900000000000006,47.24938093580627
3391,61.900000000000006,47.349380935806266
3392,61.900000000000006,47.349380935806266
3393,61.900000000000006,47.349380935806266
3394,61.900000000000006,47.349380935806266
3395,61.900000000000006,47.349380935806266
3396,61.900000000000006,47.3879120879121
3397,61.900000000000006,47.474453450019055
3398,61.900000000000006,47.534878093249134
3399,61.900000000000006,47.549380935806255
3400,61.900000000000006,47.549380935806255
3401,61.900000000000006,47.6359339001873
3402,61.900000000000006,47.64938093580626
3403,61.900000000000006,47.64938093580626
3404,61.900000000000006,47.674453450019044
3405,61.900000000000006,47.674453450019044
3406,61.900000000000006,47.70822766976612
3407,61.900000000000006,47.791729236073124
3408,61.900000000000006,47.83197752473771
3409,61.900000000000006,47.849380935806266
3410,61.900000000000006,47.849380935806266
3411,61.900000000000006,47.849380935806266
3412,63.800000000000004,47.887912087912085
3413,63.800000000000004,47.94938093580626
3414,63.800000000000004,47.94938093580626
3415,63.800000000000004,47.94938093580626
3416,63.800000000000004,47.974453450019055
3417,63.800000000000004,48.04938093580627
3418,63.800000000000004,48.04938093580627
3419,63.800000000000004,48.07445345001905
3420,63.800000000000004,48.07445345001905
3421,63.800000000000004,48.08791208791209
3422,63.800000000000004,48.14938093580626
3423,63.800000000000004,48.14938093580626
3424,63.800000000000004,48.14938093580628
3425,63.800000000000004,48.14938093580628
3426,63.800000000000004,48.23197752473771
3427,63.800000000000004,48.24938093580626
3428,63.800000000000004,48.24938093580626
3429,63.800000000000004,48.28791208791209
3430,63.800000000000004,48.3359339001873
3431,63.800000000000004,48.349380935806266
3432,63.800000000000004,48.349380935806266
3433,63.800000000000004,48.39172923607312
3434,63.800000000000004,48.549380935806255
3435,63.800000000000004,48.67445345001906
3436,63.800000000000004,48.77445345001905
3437,63.800000000000004,48.77445345001905
3438,63.800000000000004,48.849380935806266
3439,63.800000000000004,48.849380935806266
3440,63.800000000000004,48.849380935806266
3441,63.800000000000004,48.849380935806266
3442,63.800000000000004,48.93197752473771
3443,63.800000000000004,48.94938093580626
3444,63.800000000000004,48.974453450019055
3445,63.800000000000004,48.974453450019055
3446,63.800000000000004,48.974453450019055
3447,63.800000000000004,48.974453450019055
3448,63.800000000000004,49.07445345001905
3449,63.800000000000004,49.07445345001905
3450,63.800000000000004,49.14938093580626
3451,63.800000000000004,49.14938093580626
3452,63.800000000000004,49.14938093580626
3453,63.800000000000004,49.14938093580626
3454,63.800000000000004,49.23197752473771
3455,63.800000000000004,49.24938093580626
3456,63.800000000000004,49.24938093580626
3457,63.800000000000004,49.24938093580626
3458,63.800000000000004,49.24938093580626
3459,63.800000000000004,49.33197752473771
3460,63.800000000000004,49.44938093580626
3461,63.800000000000004,49.44938093580626
3462,63.800000000000004,49.44938093580626
3463,63.800000000000004,49.474453450019055
3464,63.800000000000004,49.48791208791209
3465,63.800000000000004,49.549380935806255
3466,63.800000000000004,49.549380935806255
3467,63.800000000000004,49.54938093580627
3468,63.800000000000004,49.54938093580627
3469,63.800000000000004,49.63487809324913
3470,63.800000000000004,49.64938093580626
3471,63.800000000000004,49.674453450019044
3472,63.800000000000004,49.74938093580626
3473,63.800000000000004,49.78791208791209
3474,63.800000000000004,49.83197752473771
3475,63.800000000000004,49.83197752473771
3476,63.800000000000004,49.83487809324913
3477,63.800000000000004,49.849380935806266
3478,63.800000000000004,49.94938093580626
3479,63.800000000000004,49.94938093580626
3480,63.800000000000004,49.974453450019055
3481,63.800000000000004,50.049380935806255
3482,63.800000000000004,50.049380935806255
3483,63.800000000000004,50.14938093580626
3484,63.800000000000004,50.17445345001906
3485,63.800000000000004,50.17445345001906
3486,63.800000000000004,50.24938093580626
3487,63.800000000000004,50.3879120879121
3488,63.800000000000004,50.449380935806275
3489,63.800000000000004,50.449380935806275
3490,63.800000000000004,50.449380935806275
3491,63.800000000000004,50.474453450019055
3492,63.800000000000004,50.58791208791209
3493,63.800000000000004,50.74938093580627
3494,63.800000000000004,50.74938093580627
3495,63.800000000000004,50.77445345001905
3496,63.800000000000004,50.78791208791209
3497,63.800000000000004,50.83197752473771
3498,63.800000000000004,50.974453450019055
3499,63.800000000000004,50.974453450019055
3500,63.800000000000004,51.049380935806255
3501,63.800000000000004,51.049380935806255
3502,63.800000000000004,51.049380935806255
3503,63.800000000000004,51.074453450019064
3504,63.800000000000004,51.14938093580626
3505,63.800000000000004,51.14938093580626
3506,63.800000000000004,51.14938093580626
3507,63.800000000000004,51.349380935806266
3508,63.800000000000004,51.349380935806266
3509,63.800000000000004,51.365484892181726
3510,63.800000000000004,51.37445345001906
3511,63.800000000000004,51.40888899938673
3512,63.800000000000004,51.44938093580626
3513,63.800000000000004,51.474453450019055
3514,63.800000000000004,51.549380935806255
3515,63.800000000000004,51.549380935806255
3516,63.800000000000004,51.57445345001905
3517,63.800000000000004,51.64938093580626
3518,63.800000000000004,51.74938093580626
3519,64.2,51.74938093580626
3520,64.2,51.77445345001905
3521,64.2,51.87445345001906
3522,64.2,51.94938093580626
3523,64.2,51.94938093580626
3524,64.2,52.049380935806255
3525,64.2,52.049380935806255
3526,64.2,52.07445345001905
3527,64.2,52.07445345001905
3528,64.2,52.1656163846209
3529,64.2,52.187912087912096
3530,64.2,52.24938093580626
3531,64.2,52.24938093580626
3532,64.2,52.24938093580626
3533,64.2,52.29172923607311
3534,64.2,52.349380935806266
3535,64.2,52.349380935806266
3536,64.2,52.349380935806266
3537,64.2,52.349380935806266
3538,64.2,52.349380935806266
3539,64.2,52.57445345001905
3540,64.2,52.708888999386744
3541,64.2,52.74938093580626
3542,64.2,52.74938093580626
3543,64.2,52.74938093580627
3544,64.2,52.74938093580627
3545,64.2,52.77445345001905
3546,64.2,52.87445345001906
3547,64.2,52.931977524737704
3548,64.2,52.94938093580626
3549,64.2,52.94938093580626
3550,64.2,52.94938093580626
3551,64.2,52.974453450019055
3552,64.2,53.187912087912096
3553,64.2,53.2319775247377
3554,64.2,53.27445345001905
3555,64.2,53.349380935806266
3556,64.2,53.349380935806266
3557,64.2,53.349380935806266
3558,64.2,53.44938093580626
3559,64.2,53.44938093580626
3560,64.2,53.44938093580626
3561,64.2,53.64938093580626
3562,64.2,53.64938093580626
3563,64.2,53.64938093580626
3564,64.2,53.74938093580626
3565,64.2,53.77445345001905
3566,64.2,53.77445345001905
3567,64.2,53.77445345001907
3568,64.2,53.77445345001907
3569,64.2,53.931977524737704
3570,64.2,53.94938093580626
3571,64.2,53.94938093580626
3572,64.2,53.94938093580626
3573,64.2,54.049380935806255
3574,64.2,54.04938093580627
3575,64.2,54.04938093580627
3576,64.2,54.04938093580627
3577,64.2,54.04938093580627
3578,64.2,54.04938093580627
3579,64.2,54.08791208791209
3580,64.2,54.14938093580626
3581,64.2,54.17445345001906
3582,64.2,54.2319775247377
3583,64.2,54.24938093580626
3584,64.2,54.24938093580626
3585,64.2,54.24938093580627
3586,64.2,54.349380935806266
3587,64.2,54.4625843236703
3588,64.2,54.49172923607311
3589,64.2,54.549380935806255
3590,64.2,54.67445345001906
3591,64.2,54.77709876850149
3592,64.2,54.83197752473771
3593,64.2,54.94938093580626
3594,64.2,54.94938093580626
3595,64.2,54.974453450019055
3596,64.2,54.974453450019055
3597,64.2,55.04938093580627
3598,64.2,55.04938093580627
3599,68.10000000000001,55.08791208791209
3600,68.10000000000001,55.14938093580628
3601,68.10000000000001,55.174453450019044
3602,68.10000000000001,55.24938093580626
3603,68.10000000000001,55.24938093580626
3604,68.10000000000001,55.24938093580626
3605,68.10000000000001,55.24938093580626
3606,68.10000000000001,55.24938093580626
3607,68.10000000000001,55.27445345001905
3608,68.10000000000001,55.431977524737704
3609,68.10000000000001,55.5319775247377
3610,68.10000000000001,55.5319775247377
3611,68.10000000000001,55.54938093580627
3612,68.10000000000001,55.54938093580627
3613,68.10000000000001,55.54938093580627
3614,68.10000000000001,55.54938093580627
3615,68.10000000000001,55.57445345001905
3616,68.10000000000001,55.73487809324914
3617,68.10000000000001,55.74938093580626
3618,68.10000000000001,55.934878093249125
3619,68.10000000000001,56.049380935806255
3620,68.10000000000001,56.14938093580626
3621,68.10000000000001,56.14938093580626
3622,68.10000000000001,56.14938093580626
3623,68.10000000000001,56.27445345001905
3624,68.10000000000001,56.27445345001905
3625,68.10000000000001,56.349380935806266
3626,68.10000000000001,56.349380935806266
3627,68.10000000000001,56.349380935806266
3628,68.10000000000001,56.349380935806266
3629,68.10000000000001,56.349380935806266
3630,68.10000000000001,56.349380935806266
3631,68.10000000000001,56.37445345001906
3632,68.10000000000001,56.37445345001906
3633,68.10000000000001,56.44938093580626
3634,68.10000000000001,56.44938093580626
3635,68.10000000000001,56.474453450019055
3636,68.10000000000001,56.54938093580627
3637,68.10000000000001,56.54938093580627
3638,68.10000000000001,56.64938093580626
3639,68.10000000000001,56.64938093580626
3640,68.10000000000001,56.64938093580628
3641,68.10000000000001,56.66561638462091
3642,68.10000000000001,56.77445345001905
3643,68.10000000000001,56.77445345001907
3644,68.10000000000001,56.849380935806266
3645,68.10000000000001,56.94938093580626
3646,68.10000000000001,56.94938093580626
3647,68.10000000000001,56.974453450019055
3648,68.10000000000001,56.974453450019055
3649,68.10000000000001,56.974453450019055
3650,68.10000000000001,57.07445345001905
3651,68.10000000000001,57.174453450019044
3652,68.10000000000001,57.349380935806266
3653,68.10000000000001,57.42076199316018
3654,68.10000000000001,57.549380935806255
3655,68.10000000000001,57.57445345001905
3656,68.10000000000001,57.731977524737715
3657,68.10000000000001,57.949380935806275
3658,68.10000000000001,57.949380935806275
3659,68.10000000000001,57.974453450019055
3660,68.10000000000001,58.049380935806255
3661,68.10000000000001,58.074453450019064
3662,68.10000000000001,58.349380935806266
3663,68.10000000000001,58.349380935806266
3664,68.10000000000001,58.349380935806266
3665,68.10000000000001,58.349380935806266
3666,68.10000000000001,58.435933900187294
3667,68.10000000000001,58.48791208791209
3668,68.10000000000001,58.53197752473771
3669,68.10000000000001,58.549380935806255
3670,68.10000000000001,58.63197752473771
3671,68.10000000000001,58.63197752473771
3672,68.10000000000001,58.64938093580626
3673,68.10000000000001,58.64938093580626
3674,68.10000000000001,58.708888999386744
3675,68.10000000000001,58.74938093580626
3676,68.10000000000001,58.74938093580626
3677,68.10000000000001,58.74938093580627
3678,68.10000000000001,58.766540699119886
3679,68.10000000000001,58.87445345001906
3680,68.10000000000001,58.87445345001906
3681,68.10000000000001,58.87445345001906
3682,68.10000000000001,58.87445345001906
3683,68.10000000000001,58.931977524737704
3684,68.10000000000001,58.94938093580626
3685,68.10000000000001,58.94938093580626
3686,68.10000000000001,58.94938093580626
3687,68.10000000000001,59.049380935806255
3688,68.10000000000001,59.049380935806255
3689,68.10000000000001,59.14938093580626
3690,68.10000000000001,59.14938093580626
3691,68.10000000000001,59.17445345001906
3692,68.10000000000001,59.24938093580626
3693,68.10000000000001,59.24938093580626
3694,68.10000000000001,59.28791208791209
3695,68.10000000000001,59.43197752473772
3696,68.10000000000001,59.44938093580626
3697,68.10000000000001,59.44938093580626
3698,68.10000000000001,59.44938093580626
3699,68.10000000000001,59.44938093580626
3700,68.10000000000001,59.474453450019055
3701,68.10000000000001,59.534878093249134
3702,68.10000000000001,59.549380935806255
3703,68.10000000000001,59.549380935806255
3704,68.10000000000001,59.54938093580627
3705,68.10000000000001,59.57445345001905
3706,68.10000000000001,59.6359339001873
3707,68.10000000000001,59.64938093580626
3708,68.10000000000001,59.74938093580626
3709,68.10000000000001,59.974453450019055
3710,68.10000000000001,60.074453450019064
3711,68.10000000000001,60.14938093580626
3712,68.10000000000001,60.17445345001906
3713,68.10000000000001,60.17445345001906
3714,68.10000000000001,60.24938093580626
3715,68.10000000000001,60.24938093580626
3716,68.10000000000001,60.27445345001905
3717,68.10000000000001,60.27445345001905
3718,68.10000000000001,60.64938093580626
3719,68.10000000000001,60.67445345001906
3720,68.10000000000001,61.049380935806255
3721,68.10000000000001,61.23487809324912
3722,68.10000000000001,61.33197752473771
3723,68.10000000000001,61.349380935806266
3724,68.10000000000001,61.41957469378284
3725,68.10000000000001,61.44938093580626
3726,68.10000000000001,61.44938093580626
3727,68.10000000000001,61.44938093580626
3728,68.10000000000001,61.44938093580626
3729,68.10000000000001,61.44938093580626
3730,68.10000000000001,61.474453450019055
3731,68.10000000000001,61.474453450019055
3732,68.10000000000001,61.58896789485025
3733,68.10000000000001,61.64938093580628
3734,68.10000000000001,61.64938093580628
3735,68.10000000000001,61.64938093580628
3736,68.10000000000001,61.64938093580628
3737,68.10000000000001,61.674453450019044
3738,68.10000000000001,61.687912087912096
3739,68.10000000000001,61.731977524737715
3740,71.5,61.83197752473771
3741,71.5,61.83197752473771
3742,71.5,61.849380935806266
3743,71.5,61.849380935806266
3744,71.5,61.849380935806266
3745,71.5,61.849380935806266
3746,71.5,61.87445345001905
3747,71.5,61.87445345001906
3748,71.5,61.87445345001906
3749,71.5,61.935933900187294
3750,71.5,62.03487809324912
3751,71.5,62.049380935806255
3752,71.5,62.049380935806255
3753,71.5,62.049380935806255
3754,71.5,62.07445345001905
3755,71.5,62.07445345001905
3756,71.5,62.12076199316018
3757,71.5,62.27445345001905
3758,71.5,62.3359339001873
3759,71.5,62.37445345001905
3760,71.5,62.37445345001906
3761,71.5,62.37445345001906
3762,71.5,62.44938093580626
3763,71.5,62.44938093580626
3764,71.5,62.44938093580626
3765,71.5,62.53197752473771
3766,71.5,62.54938093580627
3767,71.5,62.54938093580627
3768,71.5,63.17445345001906
3769,71.5,63.187912087912096
3770,71.5,63.231977524737715
3771,71.5,63.24938093580626
3772,71.5,63.349380935806266
3773,71.5,63.44938093580626
3774,71.5,63.44938093580626
3775,71.5,63.44938093580626
3776,71.5,63.44938093580626
3777,71.5,63.46654069911989
3778,71.5,63.49172923607311
3779,71.5,63.50888899938673
3780,71.5,63.52076199316017
3781,71.5,63.74938093580626
3782,71.5,63.80888899938674
3783,71.5,63.83487809324913
3784,71.5,63.849380935806266
3785,71.5,63.849380935806266
3786,71.5,63.849380935806266
3787,71.5,63.849380935806266
3788,71.5,63.849380935806266
3789,71.5,63.974453450019055
3790,71.5,64.14938093580626
3791,71.5,64.17445345001906
3792,71.5,64.24938093580627
3793,71.5,64.24938093580627
3794,71.5,64.37445345001905
3795,71.5,64.4319775247377
3796,71.5,64.43487809324914
3797,71.5,64.44938093580626
3798,71.5,64.54938093580625
3799,71.5,64.54938093580625
3800,71.5,64.67445345001904
3801,71.5,64.74938093580627
3802,71.5,64.77445345001905
3803,71.5,64.87445345001906
3804,71.5,64.87445345001906
3805,71.5,64.94938093580626
3806,71.5,65.04938093580625
3807,71.5,65.14938093580626
3808,71.5,65.17445345001906
3809,71.5,65.27445345001905
3810,71.5,65.44938093580626
3811,71.5,65.44938093580626
3812,71.5,65.45915005055275
3813,71.5,65.47445345001906
3814,71.5,65.57445345001905
3815,71.5,65.67445345001904
3816,71.5,65.74938093580627
3817,71.5,65.74938093580627
3818,71.5,65.74938093580627
3819,71.5,65.74938093580627
3820,71.5,65.87445345001906
3821,71.5,65.87445345001906
3822,71.5,65.87445345001906
3823,71.5,65.9359339001873
3824,71.5,65.94938093580626
3825,71.5,65.97445345001906
3826,71.5,66.07445345001905
3827,71.5,66.30532710125469
3828,71.5,66.44938093580626
3829,71.5,66.47445345001906
3830,71.5,66.6319775247377
3831,71.5,66.70888899938674
3832,71.5,66.74938093580626
3833,71.5,66.83197752473771
3834,71.5,66.84938093580627
3835,71.5,66.94938093580626
3836,71.5,67.02181780009835
3837,71.5,67.04490245802462
3838,71.5,67.24938093580626
3839,71.5,67.57445345001905
3840,71.5,67.63487809324913
3841,71.5,67.63487809324913
3842,71.5,67.64938093580626
3843,71.5,67.67445345001904
3844,71.5,67.74938093580626
3845,71.5,67.74938093580626
3846,71.5,67.74938093580626
3847,71.5,67.77445345001905
3848,71.5,67.79172923607311
3849,71.5,67.94938093580626
3850,71.5,68.04938093580625
3851,71.5,68.04938093580625
3852,71.5,68.04938093580625
3853,71.5,68.04938093580625
3854,71.5,68.04938093580625
3855,71.5,68.24938093580627
3856,71.5,68.24938093580627
3857,71.5,68.24938093580627
3858,71.5,68.24938093580627
3859,71.5,68.24938093580627
3860,71.5,68.24938093580627
3861,71.5,68.37445345001905
3862,71.5,68.44938093580626
3863,71.5,68.44938093580626
3864,71.5,68.44938093580626
3865,71.5,68.44938093580626
3866,71.5,68.44938093580626
3867,71.5,68.6319775247377
3868,71.5,68.8879120879121
3869,71.5,68.9359339001873
3870,71.5,69.08791208791209
3871,71.5,69.27445345001905
3872,71.5,69.27445345001905
3873,71.5,69.34938093580627
3874,71.5,69.34938093580627
3875,71.5,69.47445345001906
3876,71.5,69.73593390018729
3877,72.53333333333333,69.74938093580627
3878,72.53333333333333,69.74938093580627
3879,72.53333333333333,69.74938093580627
3880,72.53333333333333,69.74938093580627
3881,72.53333333333333,69.93487809324913
3882,72.53333333333333,70.07445345001905
3883,72.53333333333333,70.17445345001904
3884,72.53333333333333,70.34938093580627
3885,72.53333333333333,70.44938093580626
3886,72.53333333333333,70.44938093580626
3887,72.53333333333333,70.44938093580626
3888,72.53333333333333,70.47445345001906
3889,72.53333333333333,70.47445345001906
3890,72.53333333333333,70.64938093580626
3891,72.53333333333333,70.87445345001906
3892,72.53333333333333,71.04938093580627
3893,72.53333333333333,71.07445345001905
3894,72.53333333333333,71.14938093580626
3895,72.53333333333333,71.1879120879121
3896,72.53333333333333,71.24938093580627
3897,72.53333333333333,71.24938093580627
3898,72.53333333333333,71.24938093580627
3899,72.53333333333333,71.24938093580627
3900,72.53333333333333,71.24938093580627
3901,72.53333333333333,71.24938093580627
3902,72.53333333333333,71.64938093580626
3903,72.53333333333333,71.64938093580626
3904,72.53333333333333,71.74938093580627
3905,72.53333333333333,71.77445345001905
3906,72.53333333333333,71.77445345001905
3907,72.53333333333333,71.84938093580627
3908,72.53333333333333,71.9879120879121
3909,72.53333333333333,72.04938093580625
3910,72.53333333333333,72.37445345001905
3911,72.53333333333333,72.53333333333333
3912,72.53333333333333,72.53333333333333
3913,72.53333333333333,72.53333333333333
3914,72.53333333333333,72.53333333333333
3915,72.53333333333333,72.53333333333333
3916,72.53333333333333,72.53333333333333
3917,72.53333333333333,72.53333333333333
3918,72.53333333333333,72.53333333333333
3919,72.53333333333333,72.53333333333333
3920,72.53333333333333,72.53333333333333
3921,72.53333333333333,72.53333333333333
3922,72.53333333333333,72.53333333333333
3923,72.53333333333333,72.53333333333333
3924,72.53333333333333,72.53333333333333
3925,72.53333333333333,72.53333333333333
3926,72.53333333333333,72.53333333333333
3927,72.53333333333333,72.53333333333333
3928,72.53333333333333,72.53333333333333
3929,72.53333333333333,72.53333333333333
3930,72.53333333333333,72.53333333333333
3931,72.53333333333333,72.53333333333333
3932,72.53333333333333,72.53333333333333
3933,72.53333333333333,72.53333333333333
3934,72.53333333333333,72.53333333333333
3935,72.53333333333333,72.53333333333333
3936,72.53333333333333,72.53333333333333
3937,72.53333333333333,72.53333333333333
3938,72.53333333333333,72.53333333333333
3939,72.53333333333333,72.53333333333333
3940,72.53333333333333,72.53333333333333
3941,72.53333333333333,72.53333333333333
3942,72.53333333333333,72.53333333333333
3943,72.53333333333333,72.53333333333333
3944,72.53333333333333,72.53333333333333
3945,72.53333333333333,72.53333333333333
3946,72.53333333333333,72.53333333333333
3947,72.53333333333333,72.53333333333333
3948,72.53333333333333,72.53333333333333
3949,72.53333333333333,72.53333333333333
3950,72.53333333333333,72.53333333333333
3951,72.53333333333333,72.53333333333333
3952,72.53333333333333,72.53333333333333
3953,72.53333333333333,72.53333333333333
3954,72.53333333333333,72.53333333333333
3955,72.53333333333333,72.53333333333333
3956,72.53333333333333,72.53333333333333
3957,72.53333333333333,72.53333333333333
3958,72.53333333333333,72.53333333333333
3959,72.53333333333333,72.53333333333333
3960,72.53333333333333,72.53333333333333
3961,72.53333333333333,72.53333333333333
3962,72.53333333333333,72.53333333333333
3963,72.53333333333333,72.53333333333333
3964,72.53333333333333,72.53333333333333
3965,72.53333333333333,72.53333333333333
3966,72.53333333333333,72.53333333333333
3967,72.53333333333333,72.53333333333333
3968,72.53333333333333,72.53333333333333
3969,72.53333333333333,72.53333333333333
3970,72.53333333333333,72.53333333333333
3971,72.53333333333333,72.53333333333333
3972,72.53333333333333,72.53333333333333
3973,72.53333333333333,72.53333333333333
3974,72.53333333333333,72.53333333333333
3975,72.53333333333333,72.53333333333333
3976,72.53333333333333,72.53333333333333
3977,72.53333333333333,72.53333333333333
3978,72.53333333333333,72.53333333333333
3979,72.53333333333333,72.53333333333333
3980,72.53333333333333,72.53333333333333
3981,72.53333333333333,72.53333333333333
3982,72.53333333333333,72.53333333333333
3983,72.53333333333333,72.53333333333333
3984,72.53333333333333,72.53333333333333
3985,72.53333333333333,72.53333333333333
3986,72.53333333333333,72.53333333333333
3987,72.53333333333333,72.53333333333333
3988,72.53333333333333,72.53333333333333
3989,72.53333333333333,72.53333333333333
3990,72.53333333333333,72.53333333333333
3991,72.53333333333333,72.53333333333333
3992,72.53333333333333,72.53333333333333
3993,72.53333333333333,72.53333333333333
3994,72.53333333333333,72.53333333333333
3995,72.53333333333333,72.53333333333333
3996,72.53333333333333,72.53333333333333
3997,72.53333333333333,72.53333333333333
3998,72.53333333333333,72.53333333333333
3999,72.53333333333333,72.53333333333333
4000,72.53333333333333,72.53333333333333
4001,72.53333333333333,72.53333333333333
4002,72.53333333333333,72.53333333333333
4003,72.53333333333333,72.53333333333333
4004,72.53333333333333,72.53333333333333
4005,72.53333333333333,72.53333333333333
4006,72.53333333333333,72.53333333333333
4007,72.53333333333333,72.53333333333333
4008,72.53333333333333,72.53333333333333
4009,72.53333333333333,72.53333333333333
4010,72.53333333333333,72.53333333333333
4011,72.53333333333333,72.53333333333333
4012,72.53333333333333,72.53333333333333
4013,72.53333333333333,72.53333333333333
4014,72.53333333333333,72.53333333333333
4015,72.53333333333333,72.53333333333333
4016,72.53333333333333,72.53333333333333
4017,72.53333333333333,72.53333333333333
4018,72.53333333333333,72.53333333333333
4019,72.53333333333333,72.53333333333333
4020,72.53333333333333,72.53333333333333
4021,72.53333333333333,72.53333333333333
4022,72.53333333333333,72.53333333333333
4023,72.53333333333333,72.53333333333333
4024,72.53333333333333,72.53333333333333
4025,72.53333333333333,72.53333333333333
4026,72.53333333333333,72.53333333333333
4027,72.53333333333333,72.53333333333333
4028,72.53333333333333,72.53333333333333
4029,72.53333333333333,72.53333333333333
4030,72.53333333333333,72.53333333333333
4031,72.53333333333333,72.53333333333333
4032,72.53333333333333,72.53333333333333
4033,72.53333333333333,72.53333333333333
4034,72.53333333333333,72.53333333333333
4035,72.53333333333333,72.53333333333333
4036,72.53333333333333,72.53333333333333
4037,72.53333333333333,72.53333333333333
4038,72.53333333333333,72.53333333333333
4039,72.53333333333333,72.53333333333333
4040,72.53333333333333,72.53333333333333
4041,72.53333333333333,72.53333333333333
4042,72.53333333333333,72.53333333333333
4043,72.53333333333333,72.53333333333333
4044,72.53333333333333,72.53333333333333
4045,72.53333333333333,72.53333333333333
4046,72.53333333333333,72.53333333333333
4047,72.53333333333333,72.53333333333333
4048,72.53333333333333,72.53333333333333
4049,72.53333333333333,72.53333333333333
4050,72.53333333333333,72.53333333333333
4051,72.53333333333333,72.53333333333333
4052,72.53333333333333,72.53333333333333
4053,72.53333333333333,72.53333333333333
4054,72.53333333333333,72.53333333333333
4055,72.53333333333333,72.53333333333333
4056,72.53333333333333,72.53333333333333
4057,72.53333333333333,72.53333333333333
4058,72.53333333333333,72.53333333333333
4059,72.53333333333333,72.53333333333333
4060,72.53333333333333,72.53333333333333
4061,72.53333333333333,72.53333333333333
4062,72.53333333333333,72.53333333333333
4063,72.53333333333333,72.53333333333333
4064,72.53333333333333,72.53333333333333
4065,72.53333333333333,72.53333333333333
4066,72.53333333333333,72.53333333333333
4067,72.53333333333333,72.53333333333333
4068,72.53333333333333,72.53333333333333
4069,72.53333333333333,72.53333333333333
4070,72.53333333333333,72.53333333333333
4071,72.53333333333333,72.53333333333333
4072,72.53333333333333,72.53333333333333
4073,72.53333333333333,72.53333333333333
4074,72.53333333333333,72.53333333333333
4075,72.53333333333333,72.53333333333333
4076,72.53333333333333,72.53333333333333
4077,72.53333333333333,72.53333333333333
4078,72.53333333333333,72.53333333333333
4079,72.53333333333333,72.53333333333333
4080,72.53333333333333,72.53333333333333
4081,72.53333333333333,72.53333333333333
4082,72.53333333333333,72.53333333333333
4083,72.53333333333333,72.53333333333333
4084,72.53333333333333,72.53333333333333
4085,72.53333333333333,72.53333333333333
4086,72.53333333333333,72.53333333333333
4087,72.53333333333333,72.53333333333333
4088,72.53333333333333,72.53333333333333
4089,72.53333333333333,72.53333333333333
4090,72.53333333333333,72.53333333333333
4091,72.53333333333333,72.53333333333333
4092,72.53333333333333,72.53333333333333
4093,72.53333333333333,72.53333333333333
4094,72.53333333333333,72.53333333333333
4095,72.53333333333333,72.53333333333333
4096,72.53333333333333,72.53333333333333
4097,72.53333333333333,72.53333333333333
4098,72.53333333333333,72.53333333333333
4099,72.53333333333333,72.53333333333333
4100,72.53333333333333,72.53333333333333
4101,72.53333333333333,72.53333333333333
4102,72.53333333333333,72.53333333333333
4103,72.53333333333333,72.53333333333333
4104,72.53333333333333,72.53333333333333
4105,72.53333333333333,72.53333333333333
4106,72.53333333333333,72.53333333333333
4107,72.53333333333333,72.53333333333333
4108,72.53333333333333,72.53333333333333
4109,72.53333333333333,72.53333333333333
4110,72.53333333333333,72.53333333333333
4111,72.53333333333333,72.53333333333333
4112,72.53333333333333,72.53333333333333
4113,72.53333333333333,72.53333333333333
4114,72.53333333333333,72.53333333333333
4115,72.53333333333333,72.53333333333333
4116,72.53333333333333,72.53333333333333
4117,72.53333333333333,72.53333333333333
4118,72.53333333333333,72.53333333333333
4119,72.53333333333333,72.53333333333333
4120,72.53333333333333,72.53333333333333
4121,72.53333333333333,72.53333333333333
4122,72.53333333333333,72.53333333333333
4123,72.53333333333333,72.53333333333333
4124,72.53333333333333,72.53333333333333
4125,72.53333333333333,72.53333333333333
4126,72.53333333333333,72.53333333333333
4127,72.53333333333333,72.53333333333333
4128,72.53333333333333,72.53333333333333
4129,72.53333333333333,72.53333333333333
4130,72.53333333333333,72.53333333333333
4131,72.53333333333333,72.53333333333333
4132,72.53333333333333,72.53333333333333
4133,72.53333333333333,72.53333333333333
4134,72.53333333333333,72.53333333333333
4135,72.53333333333333,72.53333333333333
4136,72.53333333333333,72.53333333333333
4137,72.53333333333333,72.53333333333333
4138,72.53333333333333,72.53333333333333
4139,72.53333333333333,72.53333333333333
4140,72.53333333333333,72.53333333333333
4141,72.53333333333333,72.53333333333333
4142,72.53333333333333,72.53333333333333
4143,72.53333333333333,72.53333333333333
4144,72.53333333333333,72.53333333333333
4145,72.53333333333333,72.53333333333333
4146,72.53333333333333,72.53333333333333
4147,72.53333333333333,72.53333333333333
4148,72.53333333333333,72.53333333333333
4149,72.53333333333333,72.53333333333333
4150,72.53333333333333,72.53333333333333
4151,72.53333333333333,72.53333333333333
4152,72.53333333333333,72.53333333333333
4153,72.53333333333333,72.53333333333333
4154,72.53333333333333,72.53333333333333
4155,72.53333333333333,72.53333333333333
4156,72.53333333333333,72.53333333333333
4157,72.53333333333333,72.53333333333333
4158,72.53333333333333,72.53333333333333
4159,72.53333333333333,72.53333333333333
4160,72.53333333333333,72.53333333333333
4161,72.53333333333333,72.53333333333333
4162,72.53333333333333,72.53333333333333
4163,72.53333333333333,72.53333333333333
4164,72.53333333333333,72.53333333333333
4165,72.53333333333333,72.53333333333333
4166,72.53333333333333,72.53333333333333
4167,72.53333333333333,72.53333333333333
4168,72.53333333333333,72.53333333333333
4169,72.53333333333333,72.53333333333333
4170,72.53333333333333,72.53333333333333
4171,72.53333333333333,72.53333333333333
4172,72.53333333333333,72.53333333333333
4173,72.53333333333333,72.53333333333333
4174,72.53333333333333,72.53333333333333
4175,72.53333333333333,72.53333333333333
4176,72.53333333333333,72.53333333333333
4177,72.53333333333333,72.53333333333333
4178,72.53333333333333,72.53333333333333
4179,72.53333333333333,72.53333333333333
4180,72.53333333333333,72.53333333333333
4181,72.53333333333333,72.53333333333333
4182,72.53333333333333,72.53333333333333
4183,72.53333333333333,72.53333333333333
4184,72.53333333333333,72.53333333333333
4185,72.53333333333333,72.53333333333333
4186,72.53333333333333,72.53333333333333
4187,72.53333333333333,72.53333333333333
4188,72.53333333333333,72.53333333333333
4189,72.53333333333333,72.53333333333333
4190,72.53333333333333,72.53333333333333
4191,72.53333333333333,72.53333333333333
4192,72.53333333333333,72.53333333333333
4193,72.53333333333333,72.53333333333333
4194,72.53333333333333,72.53333333333333
4195,72.53333333333333,72.53333333333333
4196,72.53333333333333,72.53333333333333
4197,72.53333333333333,72.53333333333333
4198,72.53333333333333,72.53333333333333
4199,72.53333333333333,72.53333333333333
4200,72.53333333333333,72.53333333333333
4201,72.53333333333333,72.53333333333333
4202,72.53333333333333,72.53333333333333
4203,72.53333333333333,72.53333333333333
4204,72.53333333333333,72.53333333333333
4205,72.53333333333333,72.53333333333333
4206,72.53333333333333,72.53333333333333
4207,72.53333333333333,72.53333333333333
4208,72.53333333333333,72.53333333333333
4209,72.53333333333333,72.53333333333333
4210,72.53333333333333,72.53333333333333
4211,72.53333333333333,72.53333333333333
4212,72.53333333333333,72.53333333333333
4213,72.53333333333333,72.53333333333333
4214,72.53333333333333,72.53333333333333
4215,72.53333333333333,72.53333333333333
4216,72.53333333333333,72.53333333333333
4217,72.53333333333333,72.53333333333333
4218,72.53333333333333,72.53333333333333
4219,72.53333333333333,72.53333333333333
4220,72.53333333333333,72.53333333333333
4221,72.53333333333333,72.53333333333333
4222,72.53333333333333,72.53333333333333
4223,72.53333333333333,72.53333333333333
4224,72.53333333333333,72.53333333333333
4225,72.53333333333333,72.53333333333333
4226,72.53333333333333,72.53333333333333
4227,72.53333333333333,72.53333333333333
4228,72.53333333333333,72.53333333333333
4229,72.53333333333333,72.53333333333333
4230,72.53333333333333,72.53333333333333
4231,72.53333333333333,72.53333333333333
4232,72.53333333333333,72.53333333333333
4233,72.53333333333333,72.53333333333333
4234,72.53333333333333,72.53333333333333
4235,72.53333333333333,72.53333333333333
4236,72.53333333333333,72.53333333333333
4237,72.53333333333333,72.53333333333333
4238,72.53333333333333,72.53333333333333
4239,72.53333333333333,72.53333333333333
4240,72.53333333333333,72.53333333333333
4241,72.53333333333333,72.53333333333333
4242,72.53333333333333,72.53333333333333
4243,72.53333333333333,72.53333333333333
4244,72.53333333333333,72.53333333333333
4245,72.53333333333333,72.53333333333333
4246,72.53333333333333,72.53333333333333
4247,72.53333333333333,72.53333333333333
4248,72.53333333333333,72.53333333333333
4249,72.53333333333333,72.53333333333333
4250,72.53333333333333,72.53333333333333
4251,72.53333333333333,72.53333333333333
4252,72.53333333333333,72.53333333333333
4253,72.53333333333333,72.53333333333333
4254,72.53333333333333,72.53333333333333
4255,72.53333333333333,72.53333333333333
4256,72.53333333333333,72.53333333333333
4257,72.53333333333333,72.53333333333333
4258,72.53333333333333,72.53333333333333
4259,72.53333333333333,72.53333333333333
4260,72.53333333333333,72.53333333333333
4261,72.53333333333333,72.53333333333333
4262,72.53333333333333,72.53333333333333
4263,72.53333333333333,72.53333333333333
4264,72.53333333333333,72.53333333333333
4265,72.53333333333333,72.53333333333333
4266,72.53333333333333,72.53333333333333
4267,72.53333333333333,72.53333333333333
4268,72.53333333333333,72.53333333333333
4269,72.53333333333333,72.53333333333333
4270,72.53333333333333,72.53333333333333
4271,72.53333333333333,72.53333333333333
4272,72.53333333333333,72.53333333333333
4273,72.53333333333333,72.53333333333333
4274,72.53333333333333,72.53333333333333
4275,72.53333333333333,72.53333333333333
4276,72.53333333333333,72.53333333333333
4277,72.53333333333333,72.53333333333333
4278,72.53333333333333,72.53333333333333
4279,72.53333333333333,72.53333333333333
4280,72.53333333333333,72.53333333333333
4281,72.53333333333333,72.53333333333333
4282,72.53333333333333,72.53333333333333
4283,72.53333333333333,72.53333333333333
4284,72.53333333333333,72.53333333333333
4285,72.53333333333333,72.53333333333333
4286,72.53333333333333,72.53333333333333
4287,72.53333333333333,72.53333333333333
4288,72.53333333333333,72.53333333333333
4289,72.53333333333333,72.53333333333333
4290,72.53333333333333,72.53333333333333
4291,72.53333333333333,72.53333333333333
4292,72.53333333333333,72.53333333333333
4293,72.53333333333333,72.53333333333333
4294,72.53333333333333,72.53333333333333
4295,72.53333333333333,72.53333333333333
4296,72.53333333333333,72.53333333333333
4297,72.53333333333333,72.53333333333333
4298,72.53333333333333,72.53333333333333
4299,72.53333333333333,72.53333333333333
4300,72.53333333333333,72.53333333333333
4301,72.53333333333333,72.53333333333333
4302,72.53333333333333,72.53333333333333
4303,72.53333333333333,72.53333333333333
4304,72.53333333333333,72.53333333333333
4305,72.53333333333333,72.53333333333333
4306,72.53333333333333,72.53333333333333
4307,72.53333333333333,72.53333333333333
4308,72.53333333333333,72.53333333333333
4309,72.53333333333333,72.53333333333333
4310,72.53333333333333,72.53333333333333
4311,72.53333333333333,72.53333333333333
4312,72.53333333333333,72.53333333333333
4313,72.53333333333333,72.53333333333333
4314,72.53333333333333,72.53333333333333
4315,72.53333333333333,72.53333333333333
4316,72.53333333333333,72.53333333333333
4317,72.53333333333333,72.53333333333333
4318,72.53333333333333,72.53333333333333
4319,72.53333333333333,72.53333333333333
4320,72.53333333333333,72.53333333333333
4321,72.53333333333333,72.53333333333333
4322,72.53333333333333,72.53333333333333
4323,72.53333333333333,72.53333333333333
4324,72.53333333333333,72.53333333333333
4325,72.53333333333333,72.53333333333333
4326,72.53333333333333,72.53333333333333
4327,72.53333333333333,72.53333333333333
4328,72.53333333333333,72.53333333333333
4329,72.53333333333333,72.53333333333333
4330,72.53333333333333,72.53333333333333
4331,72.53333333333333,72.53333333333333
4332,72.53333333333333,72.53333333333333
4333,72.53333333333333,72.53333333333333
4334,72.53333333333333,72.53333333333333
4335,72.53333333333333,72.53333333333333
4336,72.53333333333333,72.53333333333333
4337,72.53333333333333,72.53333333333333
4338,72.53333333333333,72.53333333333333
4339,72.53333333333333,72.53333333333333
4340,72.53333333333333,72.53333333333333
4341,72.53333333333333,72.53333333333333
4342,72.53333333333333,72.53333333333333
4343,72.53333333333333,72.53333333333333
4344,72.53333333333333,72.53333333333333
4345,72.53333333333333,72.53333333333333
4346,72.53333333333333,72.53333333333333
4347,72.53333333333333,72.53333333333333
4348,72.53333333333333,72.53333333333333
4349,72.53333333333333,72.53333333333333
4350,72.53333333333333,72.53333333333333
4351,72.53333333333333,72.53333333333333
4352,72.53333333333333,72.53333333333333
4353,72.53333333333333,72.53333333333333
4354,72.53333333333333,72.53333333333333
4355,72.53333333333333,72.53333333333333
4356,72.53333333333333,72.53333333333333
4357,72.53333333333333,72.53333333333333
4358,72.53333333333333,72.53333333333333
4359,72.53333333333333,72.53333333333333
4360,72.53333333333333,72.53333333333333
4361,72.53333333333333,72.53333333333333
4362,72.53333333333333,72.53333333333333
4363,72.53333333333333,72.53333333333333
4364,72.53333333333333,72.53333333333333
4365,72.53333333333333,72.53333333333333
4366,72.53333333333333,72.53333333333333
4367,72.53333333333333,72.53333333333333
4368,72.53333333333333,72.53333333333333
4369,72.53333333333333,72.53333333333333
4370,72.53333333333333,72.53333333333333
4371,72.53333333333333,72.53333333333333
4372,72.53333333333333,72.53333333333333
4373,72.53333333333333,72.53333333333333
4374,72.53333333333333,72.53333333333333
4375,72.53333333333333,72.53333333333333
4376,72.53333333333333,72.53333333333333
4377,72.53333333333333,72.53333333333333
4378,72.53333333333333,72.53333333333333
4379,72.53333333333333,72.53333333333333
4380,72.53333333333333,72.53333333333333
4381,72.53333333333333,72.53333333333333
4382,72.53333333333333,72.53333333333333
4383,72.53333333333333,72.53333333333333
4384,72.53333333333333,72.53333333333333
4385,72.53333333333333,72.53333333333333
4386,72.53333333333333,72.53333333333333
4387,72.53333333333333,72.53333333333333
4388,72.53333333333333,72.53333333333333
4389,72.53333333333333,72.53333333333333
4390,72.53333333333333,72.53333333333333
4391,72.53333333333333,72.53333333333333
4392,72.53333333333333,72.53333333333333
4393,72.53333333333333,72.53333333333333
4394,72.53333333333333,72.53333333333333
4395,72.53333333333333,72.53333333333333
4396,72.53333333333333,72.53333333333333
4397,72.53333333333333,72.53333333333333
4398,72.53333333333333,72.53333333333333
4399,72.53333333333333,72.53333333333333
4400,72.53333333333333,72.53333333333333
4401,72.53333333333333,72.53333333333333
4402,72.53333333333333,72.53333333333333
4403,72.53333333333333,72.53333333333333
4404,72.53333333333333,72.53333333333333
4405,72.53333333333333,72.53333333333333
4406,72.53333333333333,72.53333333333333
4407,72.53333333333333,72.53333333333333
4408,72.53333333333333,72.53333333333333
4409,72.53333333333333,72.53333333333333
4410,72.53333333333333,72.53333333333333
4411,72.53333333333333,72.53333333333333
4412,72.53333333333333,72.53333333333333
4413,72.53333333333333,72.53333333333333
4414,72.53333333333333,72.53333333333333
4415,72.53333333333333,72.53333333333333
4416,72.53333333333333,72.53333333333333
4417,72.53333333333333,72.53333333333333
4418,72.53333333333333,72.53333333333333
4419,72.53333333333333,72.53333333333333
4420,72.53333333333333,72.53333333333333
4421,72.53333333333333,72.53333333333333
4422,72.53333333333333,72.53333333333333
4423,72.53333333333333,72.53333333333333
4424,72.53333333333333,72.53333333333333
4425,72.53333333333333,72.53333333333333
4426,72.53333333333333,72.53333333333333
4427,72.53333333333333,72.53333333333333
4428,72.53333333333333,72.53333333333333
4429,72.53333333333333,72.53333333333333
4430,72.53333333333333,72.53333333333333
4431,72.53333333333333,72.53333333333333
4432,72.53333333333333,72.53333333333333
4433,72.53333333333333,72.53333333333333
4434,72.53333333333333,72.53333333333333
4435,72.53333333333333,72.53333333333333
4436,72.53333333333333,72.53333333333333
4437,72.53333333333333,72.53333333333333
4438,72.53333333333333,72.53333333333333
4439,72.53333333333333,72.53333333333333
4440,72.53333333333333,72.53333333333333
4441,72.53333333333333,72.53333333333333
4442,72.53333333333333,72.53333333333333
4443,72.53333333333333,72.53333333333333
4444,72.53333333333333,72.53333333333333
4445,72.53333333333333,72.53333333333333
4446,72.53333333333333,72.53333333333333
4447,72.53333333333333,72.53333333333333
4448,72.53333333333333,72.53333333333333
4449,72.53333333333333,72.53333333333333
4450,72.53333333333333,72.53333333333333
4451,72.53333333333333,72.53333333333333
4452,72.53333333333333,72.53333333333333
4453,72.53333333333333,72.53333333333333
4454,72.53333333333333,72.53333333333333
4455,72.53333333333333,72.53333333333333
4456,72.53333333333333,72.53333333333333
4457,72.53333333333333,72.53333333333333
4458,72.53333333333333,72.53333333333333
4459,72.53333333333333,72.53333333333333
4460,72.53333333333333,72.53333333333333
4461,72.53333333333333,72.53333333333333
4462,72.53333333333333,72.53333333333333
4463,72.53333333333333,72.53333333333333
4464,72.53333333333333,72.53333333333333
4465,72.53333333333333,72.53333333333333
4466,72.53333333333333,72.53333333333333
4467,72.53333333333333,72.53333333333333
4468,72.53333333333333,72.53333333333333
4469,72.53333333333333,72.53333333333333
4470,72.53333333333333,72.53333333333333
4471,72.53333333333333,72.53333333333333
4472,72.53333333333333,72.53333333333333
4473,72.53333333333333,72.53333333333333
4474,72.53333333333333,72.53333333333333
4475,72.53333333333333,72.53333333333333
4476,72.53333333333333,72.53333333333333
4477,72.53333333333333,72.53333333333333
4478,72.53333333333333,72.53333333333333
4479,72.53333333333333,72.53333333333333
4480,72.53333333333333,72.53333333333333
4481,72.53333333333333,72.53333333333333
4482,72.53333333333333,72.53333333333333
4483,72.53333333333333,72.53333333333333
4484,72.53333333333333,72.53333333333333
4485,72.53333333333333,72.53333333333333
4486,72.53333333333333,72.53333333333333
4487,72.53333333333333,72.53333333333333
4488,72.53333333333333,72.53333333333333
4489,72.53333333333333,72.53333333333333
4490,72.53333333333333,72.53333333333333
4491,72.53333333333333,72.53333333333333
4492,72.53333333333333,72.53333333333333
4493,72.53333333333333,72.53333333333333
4494,72.53333333333333,72.53333333333333
4495,72.53333333333333,72.53333333333333
4496,72.53333333333333,72.53333333333333
4497,72.53333333333333,72.53333333333333
4498,72.53333333333333,72.53333333333333
4499,72.53333333333333,72.53333333333333
4500,72.53333333333333,72.53333333333333
4501,72.53333333333333,72.53333333333333
4502,72.53333333333333,72.53333333333333
4503,72.53333333333333,72.53333333333333
4504,72.53333333333333,72.53333333333333
4505,72.53333333333333,72.53333333333333
4506,72.53333333333333,72.53333333333333
4507,72.53333333333333,72.53333333333333
4508,72.53333333333333,72.53333333333333
4509,72.53333333333333,72.53333333333333
4510,72.53333333333333,72.53333333333333
4511,72.53333333333333,72.53333333333333
4512,72.53333333333333,72.53333333333333
4513,72.53333333333333,72.53333333333333
4514,72.53333333333333,72.53333333333333
4515,72.53333333333333,72.53333333333333
4516,72.53333333333333,72.53333333333333
4517,72.53333333333333,72.53333333333333
4518,72.53333333333333,72.53333333333333
4519,72.53333333333333,72.53333333333333
4520,72.53333333333333,72.53333333333333
4521,72.53333333333333,72.53333333333333
4522,72.53333333333333,72.53333333333333
4523,72.53333333333333,72.53333333333333
4524,72.53333333333333,72.53333333333333
4525,72.53333333333333,72.53333333333333
4526,72.53333333333333,72.53333333333333
4527,72.53333333333333,72.53333333333333
4528,72.53333333333333,72.53333333333333
4529,72.53333333333333,72.53333333333333
4530,72.53333333333333,72.53333333333333
4531,72.53333333333333,72.53333333333333
4532,72.53333333333333,72.53333333333333
4533,72.53333333333333,72.53333333333333
4534,72.53333333333333,72.53333333333333
4535,72.53333333333333,72.53333333333333
4536,72.53333333333333,72.53333333333333
4537,72.53333333333333,72.53333333333333
4538,72.53333333333333,72.53333333333333
4539,72.53333333333333,72.53333333333333
4540,72.53333333333333,72.53333333333333
4541,72.53333333333333,72.53333333333333
4542,72.53333333333333,72.53333333333333
4543,72.53333333333333,72.53333333333333
4544,72.53333333333333,72.53333333333333
4545,72.53333333333333,72.53333333333333
4546,72.53333333333333,72.53333333333333
4547,72.53333333333333,72.53333333333333
4548,72.53333333333333,72.53333333333333
4549,72.53333333333333,72.53333333333333
4550,72.53333333333333,72.53333333333333
4551,72.53333333333333,72.53333333333333
4552,72.53333333333333,72.53333333333333
4553,72.53333333333333,72.53333333333333
4554,72.53333333333333,72.53333333333333
4555,72.53333333333333,72.53333333333333
4556,72.53333333333333,72.53333333333333
4557,72.53333333333333,72.53333333333333
4558,72.53333333333333,72.53333333333333
4559,72.53333333333333,72.53333333333333
4560,72.53333333333333,72.53333333333333
4561,72.53333333333333,72.53333333333333
4562,72.53333333333333,72.53333333333333
4563,72.53333333333333,72.53333333333333
4564,72.53333333333333,72.53333333333333
4565,72.53333333333333,72.53333333333333
4566,72.53333333333333,72.53333333333333
4567,72.53333333333333,72.53333333333333
4568,72.53333333333333,72.53333333333333
4569,72.53333333333333,72.53333333333333
4570,72.53333333333333,72.53333333333333
4571,72.53333333333333,72.53333333333333
4572,72.53333333333333,72.53333333333333
4573,72.53333333333333,72.53333333333333
4574,72.53333333333333,72.53333333333333
4575,72.53333333333333,72.53333333333333
4576,72.53333333333333,72.53333333333333
4577,72.53333333333333,72.53333333333333
4578,72.53333333333333,72.53333333333333
4579,72.53333333333333,72.53333333333333
4580,72.53333333333333,72.53333333333333
4581,72.53333333333333,72.53333333333333
4582,72.53333333333333,72.53333333333333
4583,72.53333333333333,72.53333333333333
4584,72.53333333333333,72.53333333333333
4585,72.53333333333333,72.53333333333333
4586,72.53333333333333,72.53333333333333
4587,72.53333333333333,72.53333333333333
4588,72.53333333333333,72.53333333333333
4589,72.53333333333333,72.53333333333333
4590,72.53333333333333,72.53333333333333
4591,72.53333333333333,72.53333333333333
4592,72.53333333333333,72.53333333333333
4593,72.53333333333333,72.53333333333333
4594,72.53333333333333,72.53333333333333
4595,72.53333333333333,72.53333333333333
4596,72.53333333333333,72.53333333333333
4597,72.53333333333333,72.53333333333333
4598,72.53333333333333,72.53333333333333
4599,72.53333333333333,72.53333333333333
4600,72.53333333333333,72.53333333333333
4601,72.53333333333333,72.53333333333333
4602,72.53333333333333,72.53333333333333
4603,72.53333333333333,72.53333333333333
4604,72.53333333333333,72.53333333333333
4605,72.53333333333333,72.53333333333333
4606,72.53333333333333,72.53333333333333
4607,72.53333333333333,72.53333333333333
4608,72.53333333333333,72.53333333333333
4609,72.53333333333333,72.53333333333333
4610,72.53333333333333,72.53333333333333
4611,72.53333333333333,72.53333333333333
4612,72.53333333333333,72.53333333333333
4613,72.53333333333333,72.53333333333333
4614,72.53333333333333,72.53333333333333
4615,72.53333333333333,72.53333333333333
4616,72.53333333333333,72.53333333333333
4617,72.53333333333333,72.53333333333333
4618,72.53333333333333,72.53333333333333
4619,72.53333333333333,72.53333333333333
4620,72.53333333333333,72.53333333333333
4621,72.53333333333333,72.53333333333333
4622,72.53333333333333,72.53333333333333
4623,72.53333333333333,72.53333333333333
4624,72.53333333333333,72.53333333333333
4625,72.53333333333333,72.53333333333333
4626,72.53333333333333,72.53333333333333
4627,72.53333333333333,72.53333333333333
4628,72.53333333333333,72.53333333333333
4629,72.53333333333333,72.53333333333333
4630,72.53333333333333,72.53333333333333
4631,72.53333333333333,72.53333333333333
4632,72.53333333333333,72.53333333333333
4633,72.53333333333333,72.53333333333333
4634,72.53333333333333,72.53333333333333
4635,72.53333333333333,72.53333333333333
4636,72.53333333333333,72.53333333333333
4637,72.53333333333333,72.53333333333333
4638,72.53333333333333,72.53333333333333
4639,72.53333333333333,72.53333333333333
4640,72.53333333333333,72.53333333333333
4641,72.53333333333333,72.53333333333333
4642,72.53333333333333,72.53333333333333
4643,72.53333333333333,72.53333333333333
4644,72.53333333333333,72.53333333333333
4645,72.53333333333333,72.53333333333333
4646,72.53333333333333,72.53333333333333
4647,72.53333333333333,72.53333333333333
4648,72.53333333333333,72.53333333333333
4649,72.53333333333333,72.53333333333333
4650,72.53333333333333,72.53333333333333
4651,72.53333333333333,72.53333333333333
4652,72.53333333333333,72.53333333333333
4653,72.53333333333333,72.53333333333333
4654,72.53333333333333,72.53333333333333
4655,72.53333333333333,72.53333333333333
4656,72.53333333333333,72.53333333333333
4657,72.53333333333333,72.53333333333333
4658,72.53333333333333,72.53333333333333
4659,72.53333333333333,72.53333333333333
4660,72.53333333333333,72.53333333333333
4661,72.53333333333333,72.53333333333333
4662,72.53333333333333,72.53333333333333
4663,72.53333333333333,72.53333333333333
4664,72.53333333333333,72.53333333333333
4665,72.53333333333333,72.53333333333333
4666,72.53333333333333,72.53333333333333
4667,72.53333333333333,72.53333333333333
4668,72.53333333333333,72.53333333333333
4669,72.53333333333333,72.53333333333333
4670,72.53333333333333,72.53333333333333
4671,72.53333333333333,72.53333333333333
4672,72.53333333333333,72.53333333333333
4673,72.53333333333333,72.53333333333333
4674,72.53333333333333,72.53333333333333
4675,72.53333333333333,72.53333333333333
4676,72.53333333333333,72.53333333333333
4677,72.53333333333333,72.53333333333333
4678,72.53333333333333,72.53333333333333
4679,72.53333333333333,72.53333333333333
4680,72.53333333333333,72.53333333333333
4681,72.53333333333333,72.53333333333333
4682,72.53333333333333,72.53333333333333
4683,72.53333333333333,72.53333333333333
4684,72.53333333333333,72.53333333333333
4685,72.53333333333333,72.53333333333333
4686,72.53333333333333,72.53333333333333
4687,72.53333333333333,72.53333333333333
4688,72.53333333333333,72.53333333333333
4689,72.53333333333333,72.53333333333333
4690,72.53333333333333,72.53333333333333
4691,72.53333333333333,72.53333333333333
4692,72.53333333333333,72.53333333333333
4693,72.53333333333333,72.53333333333333
4694,72.53333333333333,72.53333333333333
4695,72.53333333333333,72.53333333333333
4696,72.53333333333333,72.53333333333333
4697,72.53333333333333,72.53333333333333
4698,72.53333333333333,72.53333333333333
4699,72.53333333333333,72.53333333333333
4700,72.53333333333333,72.53333333333333
4701,72.53333333333333,72.53333333333333
4702,72.53333333333333,72.53333333333333
4703,72.53333333333333,72.53333333333333
4704,72.53333333333333,72.53333333333333
4705,72.53333333333333,72.53333333333333
4706,72.53333333333333,72.53333333333333
4707,72.53333333333333,72.53333333333333
4708,72.53333333333333,72.53333333333333
4709,72.53333333333333,72.53333333333333
4710,72.53333333333333,72.53333333333333
4711,72.53333333333333,72.53333333333333
4712,72.53333333333333,72.53333333333333
4713,72.53333333333333,72.53333333333333
4714,72.53333333333333,72.53333333333333
4715,72.53333333333333,72.53333333333333
4716,72.53333333333333,72.53333333333333
4717,72.53333333333333,72.53333333333333
4718,72.53333333333333,72.53333333333333
4719,72.53333333333333,72.53333333333333
4720,72.53333333333333,72.53333333333333
4721,72.53333333333333,72.53333333333333
4722,72.53333333333333,72.53333333333333
4723,72.53333333333333,72.53333333333333
4724,72.53333333333333,72.53333333333333
4725,72.53333333333333,72.53333333333333
4726,72.53333333333333,72.53333333333333
4727,72.53333333333333,72.53333333333333
4728,72.53333333333333,72.53333333333333
4729,72.53333333333333,72.53333333333333
4730,72.53333333333333,72.53333333333333
4731,72.53333333333333,72.53333333333333
4732,72.53333333333333,72.53333333333333
4733,72.53333333333333,72.53333333333333
4734,72.53333333333333,72.53333333333333
4735,72.53333333333333,72.53333333333333
4736,72.53333333333333,72.53333333333333
4737,72.53333333333333,72.53333333333333
4738,72.53333333333333,72.53333333333333
4739,72.53333333333333,72.53333333333333
4740,72.53333333333333,72.53333333333333
4741,72.53333333333333,72.53333333333333
4742,72.53333333333333,72.53333333333333
4743,72.53333333333333,72.53333333333333
4744,72.53333333333333,72.53333333333333
4745,72.53333333333333,72.53333333333333
4746,72.53333333333333,72.53333333333333
4747,72.53333333333333,72.53333333333333
4748,72.53333333333333,72.53333333333333
4749,72.53333333333333,72.53333333333333
4750,72.53333333333333,72.53333333333333
4751,72.53333333333333,72.53333333333333
4752,72.53333333333333,72.53333333333333
4753,72.53333333333333,72.53333333333333
4754,72.53333333333333,72.53333333333333
4755,72.53333333333333,72.53333333333333
4756,72.53333333333333,72.53333333333333
4757,72.53333333333333,72.53333333333333
4758,72.53333333333333,72.53333333333333
4759,72.53333333333333,72.53333333333333
4760,72.53333333333333,72.53333333333333
4761,72.53333333333333,72.53333333333333
4762,72.53333333333333,72.53333333333333
4763,72.53333333333333,72.53333333333333
4764,72.53333333333333,72.53333333333333
4765,72.53333333333333,72.53333333333333
4766,72.53333333333333,72.53333333333333
4767,72.53333333333333,72.53333333333333
4768,72.53333333333333,72.53333333333333
4769,72.53333333333333,72.53333333333333
4770,72.53333333333333,72.53333333333333
4771,72.53333333333333,72.53333333333333
4772,72.53333333333333,72.53333333333333
4773,72.53333333333333,72.53333333333333
4774,72.53333333333333,72.53333333333333
4775,72.53333333333333,72.53333333333333
4776,72.53333333333333,72.53333333333333
4777,72.53333333333333,72.53333333333333
4778,72.53333333333333,72.53333333333333
4779,72.53333333333333,72.53333333333333
4780,72.53333333333333,72.53333333333333
4781,72.53333333333333,72.53333333333333
4782,72.53333333333333,72.53333333333333
4783,72.53333333333333,72.53333333333333
4784,72.53333333333333,72.53333333333333
4785,72.53333333333333,72.53333333333333
4786,72.53333333333333,72.53333333333333
4787,72.53333333333333,72.53333333333333
4788,72.53333333333333,72.53333333333333
4789,72.53333333333333,72.53333333333333
4790,72.53333333333333,72.53333333333333
4791,72.53333333333333,72.53333333333333
4792,72.53333333333333,72.53333333333333
4793,72.53333333333333,72.53333333333333
4794,72.53333333333333,72.53333333333333
4795,72.53333333333333,72.53333333333333
4796,72.53333333333333,72.53333333333333
4797,72.53333333333333,72.53333333333333
4798,72.53333333333333,72.53333333333333
4799,72.53333333333333,72.53333333333333
4800,72.53333333333333,72.53333333333333
4801,72.53333333333333,72.53333333333333
4802,72.53333333333333,72.53333333333333
4803,72.53333333333333,72.53333333333333
4804,72.53333333333333,72.53333333333333
4805,72.53333333333333,72.53333333333333
4806,72.53333333333333,72.53333333333333
4807,72.53333333333333,72.53333333333333
4808,72.53333333333333,72.53333333333333
4809,72.53333333333333,72.53333333333333
4810,72.53333333333333,72.53333333333333
4811,72.53333333333333,72.53333333333333
4812,72.53333333333333,72.53333333333333
4813,72.53333333333333,72.53333333333333
4814,72.53333333333333,72.53333333333333
4815,72.53333333333333,72.53333333333333
4816,72.53333333333333,72.53333333333333
4817,72.53333333333333,72.53333333333333
4818,72.53333333333333,72.53333333333333
4819,72.53333333333333,72.53333333333333
4820,72.53333333333333,72.53333333333333
4821,72.53333333333333,72.53333333333333
4822,72.53333333333333,72.53333333333333
4823,72.53333333333333,72.53333333333333
4824,72.53333333333333,72.53333333333333
4825,72.53333333333333,72.53333333333333
4826,72.53333333333333,72.53333333333333
4827,72.53333333333333,72.53333333333333
4828,72.53333333333333,72.53333333333333
4829,72.53333333333333,72.53333333333333
4830,72.53333333333333,72.53333333333333
4831,72.53333333333333,72.53333333333333
4832,72.53333333333333,72.53333333333333
4833,72.53333333333333,72.53333333333333
4834,72.53333333333333,72.53333333333333
4835,72.53333333333333,72.53333333333333
4836,72.53333333333333,72.53333333333333
4837,72.53333333333333,72.53333333333333
4838,72.53333333333333,72.53333333333333
4839,72.53333333333333,72.53333333333333
4840,72.53333333333333,72.53333333333333
4841,72.53333333333333,72.53333333333333
4842,72.53333333333333,72.53333333333333
4843,72.53333333333333,72.53333333333333
4844,72.53333333333333,72.53333333333333
4845,72.53333333333333,72.53333333333333
4846,72.53333333333333,72.53333333333333
4847,72.53333333333333,72.53333333333333
4848,72.53333333333333,72.53333333333333
4849,72.53333333333333,72.53333333333333
4850,72.53333333333333,72.53333333333333
4851,72.53333333333333,72.53333333333333
4852,72.53333333333333,72.53333333333333
4853,72.53333333333333,72.53333333333333
4854,72.53333333333333,72.53333333333333
4855,72.53333333333333,72.53333333333333
4856,72.53333333333333,72.53333333333333
4857,72.53333333333333,72.53333333333333
4858,72.53333333333333,72.53333333333333
4859,72.53333333333333,72.53333333333333
4860,72.53333333333333,72.53333333333333
4861,72.53333333333333,72.53333333333333
4862,72.53333333333333,72.53333333333333
4863,72.53333333333333,72.53333333333333
4864,72.53333333333333,72.53333333333333
4865,72.53333333333333,72.53333333333333
4866,72.53333333333333,72.53333333333333
4867,72.53333333333333,72.53333333333333
4868,72.53333333333333,72.53333333333333
4869,72.53333333333333,72.53333333333333
4870,72.53333333333333,72.53333333333333
4871,72.53333333333333,72.53333333333333
4872,72.53333333333333,72.53333333333333
4873,72.53333333333333,72.53333333333333
4874,72.53333333333333,72.53333333333333
4875,72.53333333333333,72.53333333333333
4876,72.53333333333333,72.53333333333333
4877,72.53333333333333,72.53333333333333
4878,72.53333333333333,72.53333333333333
4879,72.53333333333333,72.53333333333333
4880,72.53333333333333,72.53333333333333
4881,72.53333333333333,72.53333333333333
4882,72.53333333333333,72.53333333333333
4883,72.53333333333333,72.53333333333333
4884,72.53333333333333,72.53333333333333
4885,72.53333333333333,72.53333333333333
4886,72.53333333333333,72.53333333333333
4887,72.53333333333333,72.53333333333333
4888,72.53333333333333,72.53333333333333
4889,72.53333333333333,72.53333333333333
4890,72.53333333333333,72.53333333333333
4891,72.53333333333333,72.53333333333333
4892,72.53333333333333,72.53333333333333
4893,72.53333333333333,72.53333333333333
4894,72.53333333333333,72.53333333333333
4895,72.53333333333333,72.53333333333333
4896,72.53333333333333,72.53333333333333
4897,72.53333333333333,72.53333333333333
4898,72.53333333333333,72.53333333333333
4899,72.53333333333333,72.53333333333333
4900,72.53333333333333,72.53333333333333
4901,72.53333333333333,72.53333333333333
4902,72.53333333333333,72.53333333333333
4903,72.53333333333333,72.53333333333333
4904,72.53333333333333,72.53333333333333
4905,72.53333333333333,72.53333333333333
4906,72.53333333333333,72.53333333333333
4907,72.53333333333333,72.53333333333333
4908,72.53333333333333,72.53333333333333
4909,72.53333333333333,72.53333333333333
4910,72.53333333333333,72.53333333333333
4911,72.53333333333333,72.53333333333333
4912,72.53333333333333,72.53333333333333
4913,72.53333333333333,72.53333333333333
4914,72.53333333333333,72.53333333333333
4915,72.53333333333333,72.53333333333333
4916,72.53333333333333,72.53333333333333
4917,72.53333333333333,72.53333333333333
4918,72.53333333333333,72.53333333333333
4919,72.53333333333333,72.53333333333333
4920,72.53333333333333,72.53333333333333
4921,72.53333333333333,72.53333333333333
4922,72.53333333333333,72.53333333333333
4923,72.53333333333333,72.53333333333333
4924,72.53333333333333,72.53333333333333
4925,72.53333333333333,72.53333333333333
4926,72.53333333333333,72.53333333333333
4927,72.53333333333333,72.53333333333333
4928,72.53333333333333,72.53333333333333
4929,72.53333333333333,72.53333333333333
4930,72.53333333333333,72.53333333333333
4931,72.53333333333333,72.53333333333333
4932,72.53333333333333,72.53333333333333
4933,72.53333333333333,72.53333333333333
4934,72.53333333333333,72.53333333333333
4935,72.53333333333333,72.53333333333333
4936,72.53333333333333,72.53333333333333
4937,72.53333333333333,72.53333333333333
4938,72.53333333333333,72.53333333333333
4939,72.53333333333333,72.53333333333333
4940,72.53333333333333,72.53333333333333
4941,72.53333333333333,72.53333333333333
4942,72.53333333333333,72.53333333333333
4943,72.53333333333333,72.53333333333333
4944,72.53333333333333,72.53333333333333
4945,72.53333333333333,72.53333333333333
4946,72.53333333333333,72.53333333333333
4947,72.53333333333333,72.53333333333333
4948,72.53333333333333,72.53333333333333
4949,72.53333333333333,72.53333333333333
4950,72.53333333333333,72.53333333333333
4951,72.53333333333333,72.53333333333333
4952,72.53333333333333,72.53333333333333
4953,72.53333333333333,72.53333333333333
4954,72.53333333333333,72.53333333333333
4955,72.53333333333333,72.53333333333333
4956,72.53333333333333,72.53333333333333
4957,72.53333333333333,72.53333333333333
4958,72.53333333333333,72.53333333333333
4959,72.53333333333333,72.53333333333333
4960,72.53333333333333,72.53333333333333
4961,72.53333333333333,72.53333333333333
4962,72.53333333333333,72.53333333333333
4963,72.53333333333333,72.53333333333333
4964,72.53333333333333,72.53333333333333
4965,72.53333333333333,72.53333333333333
4966,72.53333333333333,72.53333333333333
4967,72.53333333333333,72.53333333333333
4968,72.53333333333333,72.53333333333333
4969,72.53333333333333,72.53333333333333
4970,72.53333333333333,72.53333333333333
4971,72.53333333333333,72.53333333333333
4972,72.53333333333333,72.53333333333333
4973,72.53333333333333,72.53333333333333
4974,72.53333333333333,72.53333333333333
4975,72.53333333333333,72.53333333333333
4976,72.53333333333333,72.53333333333333
4977,72.53333333333333,72.53333333333333
4978,72.53333333333333,72.53333333333333
4979,72.53333333333333,72.53333333333333
4980,72.53333333333333,72.53333333333333
4981,72.53333333333333,72.53333333333333
4982,72.53333333333333,72.53333333333333
4983,72.53333333333333,72.53333333333333
4984,72.53333333333333,72.53333333333333
4985,72.53333333333333,72.53333333333333
4986,72.53333333333333,72.53333333333333
4987,72.53333333333333,72.53333333333333
4988,72.53333333333333,72.53333333333333
4989,72.53333333333333,72.53333333333333
4990,72.53333333333333,72.53333333333333
4991,72.53333333333333,72.53333333333333
4992,72.53333333333333,72.53333333333333
4993,72.53333333333333,72.53333333333333
4994,72.53333333333333,72.53333333333333
4995,72.53333333333333,72.53333333333333
4996,72.53333333333333,72.53333333333333
4997,72.53333333333333,72.53333333333333
4998,72.53333333333333,72.53333333333333
4999,72.53333333333333,72.53333333333333
