,hsa_js,add_js
0,3.1,0.0
1,3.1,0.0
2,3.1,0.0
3,3.1,0.0
4,3.1,0.0
5,3.1,0.0
6,3.1,0.0
7,3.1,0.0
8,3.1,0.0
9,3.1,0.0
10,3.1,0.0
11,3.1,0.0
12,3.1,0.0
13,3.1,0.0
14,3.1,0.0
15,3.1,0.0
16,3.1,0.0
17,3.1,0.0
18,3.1,0.0
19,3.1,0.0
20,3.1,0.0
21,3.1,0.0
22,3.1,0.0
23,3.1,0.0
24,3.1,0.0
25,3.1,0.0
26,3.1,0.0
27,3.1,0.0
28,3.1,0.0
29,3.1,0.0
30,3.1,0.0
31,3.1,0.0
32,3.1,0.0
33,3.1,0.0
34,3.1,0.0
35,3.1,0.0
36,3.1,0.0
37,3.1,0.0
38,3.1,0.0
39,3.1,0.0
40,3.1,0.0
41,3.1,0.0
42,3.1,0.0
43,3.1,0.0
44,3.1,0.0
45,3.1,0.0
46,3.1,0.0
47,3.1,0.0
48,3.1,0.0
49,3.1,0.0
50,3.1,0.0
51,3.1,0.0
52,3.4000000000000004,0.0
53,3.4000000000000004,0.0
54,3.4000000000000004,0.0
55,3.4000000000000004,0.0
56,3.4000000000000004,0.0
57,3.4000000000000004,0.0
58,3.4000000000000004,0.0
59,3.4000000000000004,0.0
60,3.4000000000000004,0.0
61,3.4000000000000004,0.0
62,3.4000000000000004,0.0
63,3.4000000000000004,0.0
64,3.4000000000000004,0.0
65,3.4000000000000004,0.0
66,3.4000000000000004,0.0
67,3.4000000000000004,0.0
68,3.4000000000000004,0.0
69,3.4000000000000004,0.0
70,3.6,0.0
71,3.6,0.0
72,3.6,0.0
73,3.6,0.0
74,3.6,0.0
75,3.6,0.0
76,3.6,0.0
77,3.6,0.0
78,3.6,0.0
79,3.6,0.0
80,3.6,0.0
81,3.6,0.0
82,3.6,0.0
83,3.6,0.0
84,3.6,0.0
85,3.6,0.0
86,3.6,0.0
87,3.6,0.0
88,3.6,0.0
89,3.6,0.0
90,3.6,0.0
91,3.6,0.0
92,3.6,0.0
93,3.6,0.0
94,3.6,0.0
95,3.6,0.0
96,3.6,0.0
97,3.6,0.0
98,3.6,0.0
99,3.6,0.0
100,3.6,0.0
101,3.6,0.0
102,3.6,0.0
103,3.6,0.0
104,3.6,0.0
105,3.6,0.0
106,3.6,0.0
107,3.6,0.0
108,3.6,0.0
109,3.6,0.0
110,3.6,0.0
111,3.6,0.0
112,3.6,0.0
113,3.6,0.0
114,3.6,0.0
115,3.6,0.0
116,3.6,0.0
117,3.6,0.0
118,3.6,0.0
119,3.6,0.0
120,3.6,0.0
121,3.6,0.0
122,3.9000000000000004,0.0
123,3.9000000000000004,0.0
124,3.9000000000000004,0.0
125,3.9000000000000004,0.0
126,3.9000000000000004,0.0
127,3.9000000000000004,0.0
128,3.9000000000000004,0.0
129,3.9000000000000004,0.0
130,3.9000000000000004,0.0
131,3.9000000000000004,0.0
132,3.9000000000000004,0.0
133,3.9000000000000004,0.0
134,3.9000000000000004,0.0
135,3.9000000000000004,0.0
136,3.9000000000000004,0.0
137,3.9000000000000004,0.0
138,3.9000000000000004,0.0
139,3.9000000000000004,0.0
140,3.9000000000000004,0.0
141,3.9000000000000004,0.0
142,3.9000000000000004,0.0
143,3.9000000000000004,0.0
144,3.9000000000000004,0.0
145,3.9000000000000004,0.0
146,3.9000000000000004,0.0
147,3.9000000000000004,0.0
148,3.9000000000000004,0.0
149,3.9000000000000004,0.0
150,3.9000000000000004,0.0
151,4.3,0.0
152,4.3,0.0
153,4.3,0.0
154,4.3,0.0
155,4.3,0.0
156,4.3,0.0
157,4.3,0.0
158,4.3,0.0
159,4.3,0.0
160,4.3,0.0
161,4.3,0.0
162,4.3,0.0
163,4.3,0.0
164,4.3,0.0
165,4.3,0.0
166,4.3,0.0
167,4.3,0.0
168,4.3,0.0
169,4.3,0.0
170,4.3,0.0
171,4.3,0.0
172,4.3,0.0
173,4.3,0.0
174,4.3,0.0
175,4.3,0.0
176,4.3,0.0
177,4.3,0.0
178,4.3,0.0
179,4.3,0.0
180,4.3,0.0
181,4.3,0.0
182,4.5,0.0
183,4.5,0.0
184,4.5,0.0
185,4.5,0.0
186,4.5,0.0
187,4.5,0.0
188,4.5,0.0
189,4.5,0.0
190,4.5,0.0
191,4.5,0.0
192,4.5,0.0
193,4.5,0.0
194,4.5,0.0
195,4.5,0.0
196,4.5,0.0
197,4.5,0.0
198,4.5,0.0
199,4.5,0.0
200,4.5,0.0
201,4.5,0.0
202,4.5,0.0
203,4.5,0.0
204,4.5,0.0
205,4.5,0.0
206,4.5,0.0
207,4.5,0.0
208,4.5,0.0
209,4.5,0.0
210,4.5,0.0
211,4.5,0.0
212,4.5,0.0
213,4.5,0.0
214,4.5,0.0
215,4.5,0.0
216,4.5,0.0
217,4.5,0.0
218,4.5,0.0
219,4.5,0.0
220,4.5,0.0
221,4.5,0.0
222,4.5,0.0
223,4.5,0.0
224,4.5,0.0
225,4.5,0.0
226,4.5,0.0
227,4.5,0.0
228,4.5,0.0
229,4.800000000000001,0.0
230,4.800000000000001,0.0
231,4.800000000000001,0.0
232,4.800000000000001,0.0
233,4.800000000000001,0.0
234,4.800000000000001,0.0
235,4.800000000000001,0.0
236,4.800000000000001,0.0
237,4.800000000000001,0.0
238,4.800000000000001,0.0
239,4.800000000000001,0.0
240,4.800000000000001,0.0
241,4.800000000000001,0.0
242,4.800000000000001,0.0
243,4.800000000000001,0.0
244,4.800000000000001,0.0
245,4.800000000000001,0.0
246,4.800000000000001,0.0
247,4.800000000000001,0.0
248,4.800000000000001,0.0
249,4.800000000000001,0.0
250,4.800000000000001,0.0
251,4.800000000000001,0.0
252,4.800000000000001,0.0
253,4.800000000000001,0.0
254,4.800000000000001,0.0
255,4.800000000000001,0.0
256,4.800000000000001,0.0
257,4.800000000000001,0.0
258,4.800000000000001,0.0
259,4.800000000000001,0.0
260,4.800000000000001,0.0
261,4.800000000000001,0.0
262,4.800000000000001,0.0
263,4.800000000000001,0.0
264,4.800000000000001,0.0
265,4.800000000000001,0.0
266,4.800000000000001,0.0
267,4.800000000000001,0.0
268,4.800000000000001,0.0
269,4.800000000000001,0.0
270,4.800000000000001,0.0
271,4.800000000000001,0.0
272,4.800000000000001,0.0
273,4.800000000000001,0.0
274,4.800000000000001,0.0
275,5.2,0.0
276,5.2,0.0
277,5.2,0.0
278,5.2,0.0
279,5.2,0.0
280,5.2,0.0
281,5.2,0.0
282,5.2,0.0
283,5.2,0.0
284,5.2,0.0
285,5.2,0.0
286,5.2,0.0
287,5.2,0.0
288,5.2,0.0
289,5.2,0.0
290,5.2,0.0
291,5.2,0.0
292,5.2,0.0
293,5.2,0.0
294,5.2,0.0
295,5.2,0.0
296,5.2,0.0
297,5.2,0.0
298,5.2,0.0
299,5.2,0.0
300,5.2,0.0
301,5.2,0.0
302,5.2,0.0
303,5.2,0.0
304,5.2,0.0
305,5.2,0.0
306,5.2,0.0
307,5.2,0.0
308,5.2,0.0
309,5.2,0.0
310,5.2,0.0
311,5.2,0.0
312,5.2,0.0
313,5.2,0.0
314,5.2,0.0
315,5.7,0.0
316,5.7,0.0
317,5.7,0.0
318,5.7,0.0
319,5.7,0.0
320,5.7,0.0
321,5.7,0.0
322,5.7,0.0
323,5.7,0.0
324,5.7,0.0
325,5.7,0.0
326,5.7,0.0
327,5.7,0.0
328,5.7,0.0
329,5.7,0.0
330,5.7,0.0
331,5.7,0.0
332,5.7,0.0
333,5.7,0.0
334,5.7,0.0
335,5.7,0.0
336,5.7,0.0
337,5.7,0.0
338,5.7,0.0
339,5.7,0.0
340,5.7,0.0
341,5.7,0.0
342,5.7,0.0
343,5.7,0.0
344,5.7,0.0
345,5.7,0.0
346,5.7,0.0
347,5.7,0.0
348,5.7,0.0
349,5.7,0.0
350,5.7,0.0
351,5.7,0.0
352,5.7,0.0
353,5.7,0.0
354,5.7,0.0
355,5.7,0.0
356,5.7,0.0
357,5.7,0.0
358,5.7,0.0
359,5.7,0.0
360,5.7,0.0
361,5.7,0.0
362,5.7,0.0
363,5.7,0.0
364,5.7,0.0
365,6.4,0.0
366,6.4,0.0
367,6.4,0.0
368,6.4,0.0
369,6.4,0.0
370,6.4,0.0
371,6.4,0.0
372,6.4,0.0
373,6.4,0.0
374,6.4,0.0
375,6.4,0.0
376,6.4,0.0
377,6.4,0.0
378,6.4,0.0
379,6.4,0.0
380,6.4,0.0
381,6.4,0.0
382,6.4,0.0
383,6.4,0.0
384,6.4,0.0
385,6.4,0.0
386,6.4,0.0
387,6.4,0.0
388,6.4,0.0
389,6.4,0.0
390,6.4,0.0
391,6.4,0.0
392,6.4,0.0
393,6.4,0.0
394,6.4,0.0
395,6.4,0.0
396,6.4,0.0
397,6.4,0.0
398,6.4,0.0
399,6.4,0.0
400,6.4,0.0
401,6.4,0.0
402,6.4,0.0
403,6.4,0.0
404,6.4,0.0
405,6.4,0.0
406,6.4,0.0
407,6.4,0.0
408,6.4,0.0
409,6.4,0.0
410,6.4,0.0
411,6.4,0.0
412,6.4,0.0
413,6.4,0.0
414,6.4,0.0
415,6.4,0.0
416,6.4,0.0
417,6.4,0.0
418,6.4,0.0
419,6.4,0.0
420,6.4,0.0
421,6.4,0.0
422,6.4,0.0
423,6.4,0.0
424,6.4,0.0
425,6.4,0.0
426,6.4,0.0
427,6.4,0.0
428,6.4,0.0
429,6.4,0.0
430,6.4,0.0
431,6.4,0.0
432,6.4,0.0
433,6.4,0.0
434,6.4,0.0
435,6.4,0.0
436,6.4,0.0
437,6.4,0.0
438,6.4,0.0
439,6.4,0.0
440,6.4,0.0
441,6.4,0.0
442,6.4,0.0
443,6.4,0.0
444,6.5,0.0
445,6.5,0.0
446,6.5,0.0
447,6.5,0.0
448,6.5,0.0
449,6.5,0.0
450,6.5,0.0
451,6.5,0.0
452,6.5,0.0
453,6.5,0.0
454,6.5,0.0
455,6.5,0.0
456,6.5,0.0
457,6.5,0.0
458,6.5,0.0
459,6.5,0.0
460,6.5,0.0
461,6.5,0.0
462,6.5,0.0
463,6.5,0.0
464,6.5,0.0
465,6.5,0.0
466,6.5,0.0
467,6.5,0.0
468,6.5,0.0
469,6.5,0.0
470,6.5,0.0
471,6.5,0.0
472,6.5,0.0
473,6.5,0.0
474,6.5,0.0
475,6.5,0.0
476,6.5,0.0
477,6.5,0.0
478,6.5,0.0
479,6.5,0.0
480,6.5,0.0
481,6.5,0.0
482,6.5,0.0
483,6.5,0.0
484,6.5,0.0
485,6.5,0.0
486,6.5,0.0
487,6.5,0.0
488,6.5,0.0
489,6.5,0.0
490,6.5,0.0
491,6.5,0.0
492,6.5,0.0
493,6.5,0.0
494,6.5,0.0
495,6.5,0.0
496,6.5,0.0
497,6.5,0.0
498,6.5,0.0
499,6.5,0.0
500,7.6000000000000005,0.0
501,7.6000000000000005,0.0
502,7.6000000000000005,0.0
503,7.6000000000000005,0.0
504,7.6000000000000005,0.0
505,7.6000000000000005,0.0
506,7.6000000000000005,0.0
507,7.6000000000000005,0.0
508,7.6000000000000005,0.0
509,7.6000000000000005,0.0
510,7.6000000000000005,0.0
511,7.6000000000000005,0.0
512,7.6000000000000005,0.0
513,7.6000000000000005,0.0
514,7.6000000000000005,0.0
515,7.6000000000000005,0.0
516,7.6000000000000005,0.0
517,7.6000000000000005,0.0
518,7.6000000000000005,0.0
519,7.6000000000000005,0.0
520,7.6000000000000005,0.0
521,7.6000000000000005,0.0
522,7.6000000000000005,0.0
523,7.6000000000000005,0.0
524,7.6000000000000005,0.0
525,7.6000000000000005,0.0
526,7.6000000000000005,0.0
527,7.6000000000000005,0.0
528,7.6000000000000005,0.0
529,7.6000000000000005,0.0
530,7.6000000000000005,0.0
531,7.6000000000000005,0.0
532,7.6000000000000005,0.0
533,7.6000000000000005,0.0
534,7.6000000000000005,0.0
535,7.6000000000000005,0.0
536,7.6000000000000005,0.0
537,7.6000000000000005,0.0
538,7.6000000000000005,0.0
539,7.6000000000000005,0.0
540,7.6000000000000005,0.0
541,7.6000000000000005,0.0
542,7.6000000000000005,0.0
543,7.6000000000000005,0.0
544,7.800000000000001,0.0
545,7.800000000000001,0.0
546,7.800000000000001,0.0
547,7.800000000000001,0.0
548,7.800000000000001,0.0
549,7.800000000000001,0.0
550,7.800000000000001,0.0
551,7.800000000000001,0.0
552,7.800000000000001,0.0
553,7.800000000000001,0.0
554,7.800000000000001,0.0
555,7.800000000000001,0.0
556,7.800000000000001,0.0
557,7.800000000000001,0.0
558,7.800000000000001,0.0
559,7.800000000000001,0.0
560,7.800000000000001,0.0
561,7.800000000000001,0.0
562,7.800000000000001,0.0
563,7.800000000000001,0.0
564,7.800000000000001,0.0
565,7.800000000000001,0.0
566,7.800000000000001,0.0
567,7.800000000000001,0.0
568,7.800000000000001,0.0
569,7.800000000000001,0.0
570,7.800000000000001,0.0
571,7.800000000000001,0.0
572,7.800000000000001,0.0
573,7.800000000000001,0.0
574,7.800000000000001,0.0
575,7.800000000000001,0.0
576,7.800000000000001,0.0
577,7.800000000000001,0.0
578,7.800000000000001,0.0
579,7.800000000000001,0.0
580,7.800000000000001,0.0
581,7.800000000000001,0.0
582,7.800000000000001,0.0
583,7.800000000000001,0.0
584,7.800000000000001,0.0
585,7.800000000000001,0.0
586,7.800000000000001,0.0
587,7.800000000000001,0.0
588,7.800000000000001,0.0
589,7.800000000000001,0.0
590,7.800000000000001,0.0
591,7.800000000000001,0.0
592,7.800000000000001,0.0
593,7.800000000000001,0.0
594,7.800000000000001,0.0
595,7.800000000000001,0.0
596,7.800000000000001,0.0
597,7.800000000000001,0.0
598,7.800000000000001,0.0
599,7.800000000000001,0.0
600,7.800000000000001,0.0
601,7.800000000000001,0.0
602,7.800000000000001,0.0
603,7.800000000000001,0.0
604,7.800000000000001,0.0
605,7.800000000000001,0.0
606,7.800000000000001,0.0
607,7.800000000000001,0.0
608,7.800000000000001,0.0
609,7.800000000000001,0.0
610,7.800000000000001,0.0
611,7.800000000000001,0.0
612,8.5,0.0
613,8.5,0.0
614,8.5,0.0
615,8.5,0.0
616,8.5,0.0
617,8.5,0.0
618,8.5,0.0
619,8.5,0.0
620,8.5,0.0
621,8.5,0.0
622,8.5,0.0
623,8.5,0.0
624,8.5,0.0
625,8.5,0.0
626,8.5,0.0
627,8.5,0.0
628,8.5,0.0
629,8.5,0.0
630,8.5,0.0
631,8.5,0.0
632,8.5,0.0
633,8.5,0.0
634,8.5,0.0
635,8.5,0.0
636,8.5,0.0
637,8.5,0.0
638,8.5,0.0
639,8.5,0.0
640,8.5,0.0
641,8.5,0.0
642,8.5,0.0
643,8.5,0.0
644,8.5,0.0
645,8.5,0.0
646,8.5,0.0
647,8.5,0.0
648,8.5,0.0
649,8.5,0.0
650,8.5,0.0
651,8.5,0.0
652,8.5,0.0
653,8.5,0.0
654,8.5,0.0
655,8.5,0.0
656,8.5,0.0
657,8.5,0.0
658,8.5,0.0
659,8.5,0.0
660,8.5,0.0
661,8.5,0.0
662,8.5,0.0
663,8.5,0.0
664,9.9,0.0
665,9.9,0.0
666,9.9,0.0
667,9.9,0.0
668,9.9,0.0
669,9.9,0.0
670,9.9,0.0
671,9.9,0.0
672,9.9,0.0
673,9.9,0.0
674,9.9,0.0
675,9.9,0.0
676,9.9,0.0
677,9.9,0.0
678,9.9,0.0
679,9.9,0.0
680,9.9,0.0
681,9.9,0.0
682,9.9,0.0
683,9.9,0.0
684,9.9,0.0
685,9.9,0.0
686,9.9,0.0
687,9.9,0.0
688,9.9,0.0
689,9.9,0.0
690,9.9,0.0
691,9.9,0.0
692,9.9,0.0
693,9.9,0.0
694,9.9,0.0
695,9.9,0.0
696,9.9,0.0
697,9.9,0.0
698,9.9,0.0
699,9.9,0.0
700,9.9,0.0
701,9.9,0.0
702,9.9,0.0
703,9.9,0.0
704,9.9,0.0
705,9.9,0.0
706,9.9,0.0
707,9.9,0.0
708,9.9,0.0
709,9.9,0.0
710,9.9,0.0
711,9.9,0.0
712,9.9,0.0
713,9.9,0.0
714,9.9,0.0
715,9.9,0.0
716,9.9,0.0
717,9.9,0.0
718,9.9,0.0
719,9.9,0.0
720,9.9,0.0
721,9.9,0.0
722,9.9,0.0
723,9.9,0.0
724,9.9,0.0
725,9.9,0.0
726,9.9,0.0
727,9.9,0.0
728,9.9,0.0
729,9.9,0.0
730,9.9,0.0
731,9.9,0.0
732,9.9,0.0
733,9.9,0.0
734,9.9,0.0
735,9.9,0.0
736,9.9,0.0
737,9.9,0.0
738,9.9,0.0
739,9.9,0.0
740,9.9,0.0
741,9.9,0.0
742,9.9,0.0
743,9.9,0.0
744,9.9,0.0
745,9.9,0.0
746,9.9,0.0
747,9.9,0.0
748,9.9,0.0
749,9.9,0.0
750,9.9,0.0
751,9.9,0.0
752,9.9,0.0
753,9.9,0.0
754,9.9,0.0
755,9.9,0.0
756,9.9,0.0
757,10.600000000000001,0.0
758,10.600000000000001,0.0
759,10.600000000000001,0.0
760,10.600000000000001,0.0
761,10.600000000000001,0.0
762,10.600000000000001,0.0
763,10.600000000000001,0.0
764,10.600000000000001,0.0
765,10.600000000000001,0.0
766,10.600000000000001,0.0
767,10.600000000000001,0.0
768,10.600000000000001,0.0
769,10.600000000000001,0.0
770,10.600000000000001,0.0
771,10.600000000000001,0.0
772,10.600000000000001,0.0
773,10.600000000000001,0.0
774,10.600000000000001,0.0
775,10.600000000000001,0.0
776,10.600000000000001,0.0
777,10.600000000000001,0.0
778,10.600000000000001,0.0
779,10.600000000000001,0.0
780,10.600000000000001,0.0
781,10.600000000000001,0.0
782,10.600000000000001,0.0
783,10.600000000000001,0.0
784,10.600000000000001,0.0
785,10.600000000000001,0.0
786,10.600000000000001,0.0
787,10.600000000000001,0.0
788,10.600000000000001,0.0
789,10.600000000000001,0.0
790,10.600000000000001,0.0
791,10.600000000000001,0.0
792,10.600000000000001,0.0
793,10.600000000000001,0.0
794,10.600000000000001,0.0
795,10.600000000000001,0.0
796,10.600000000000001,0.0
797,10.600000000000001,0.0
798,10.600000000000001,0.0
799,10.600000000000001,0.0
800,10.600000000000001,0.0
801,10.600000000000001,0.0
802,10.600000000000001,0.0
803,10.600000000000001,0.0
804,10.600000000000001,0.0
805,10.600000000000001,0.0
806,10.600000000000001,0.0
807,10.600000000000001,0.0
808,10.600000000000001,0.0
809,10.600000000000001,0.0
810,10.600000000000001,0.0
811,10.600000000000001,0.0
812,10.600000000000001,0.0
813,10.600000000000001,0.0
814,10.600000000000001,0.0
815,10.600000000000001,0.0
816,10.600000000000001,0.0
817,10.600000000000001,0.0
818,10.600000000000001,0.0
819,10.600000000000001,0.0
820,10.600000000000001,0.0
821,10.600000000000001,0.0
822,10.600000000000001,0.0
823,10.600000000000001,0.0
824,10.600000000000001,0.0
825,10.600000000000001,0.0
826,10.600000000000001,0.0
827,10.600000000000001,0.0
828,10.600000000000001,0.0
829,10.600000000000001,0.0
830,10.600000000000001,0.0
831,10.600000000000001,0.0
832,10.600000000000001,0.0
833,10.600000000000001,0.0
834,10.600000000000001,0.0
835,10.600000000000001,0.0
836,10.600000000000001,0.0
837,12.0,0.0
838,12.0,0.0
839,12.0,0.0
840,12.0,0.0
841,12.0,0.0
842,12.0,0.0
843,12.0,0.0
844,12.0,0.0
845,12.0,0.0
846,12.0,0.0
847,12.0,0.0
848,12.0,0.0
849,12.0,0.0
850,12.0,0.0
851,12.0,0.0
852,12.0,0.0
853,12.0,0.0
854,12.0,0.0
855,12.0,0.0
856,12.0,0.0
857,12.0,0.0
858,12.0,0.0
859,12.0,0.0
860,12.0,0.0
861,12.0,0.0
862,12.0,0.0
863,12.0,0.0
864,12.0,0.0
865,12.0,0.0
866,12.0,0.0
867,12.0,0.0
868,12.0,0.0
869,12.0,0.0
870,12.0,0.0
871,12.0,0.0
872,12.0,0.0
873,12.0,0.0
874,12.0,0.0
875,12.0,0.0
876,12.0,0.0
877,12.0,0.0
878,12.3,0.0
879,12.3,0.0
880,12.3,0.0
881,12.3,0.0
882,12.3,0.0
883,12.3,0.0
884,12.3,0.0
885,12.3,0.0
886,12.3,0.0
887,12.3,0.0
888,12.3,0.0
889,12.3,0.0
890,12.3,0.0
891,12.3,0.0
892,12.3,0.0
893,12.3,0.0
894,12.3,0.0
895,12.3,0.0
896,12.3,0.0
897,12.3,0.0
898,12.3,0.0
899,12.3,0.0
900,12.3,0.0
901,12.3,0.0
902,12.3,0.0
903,12.3,0.0
904,12.3,0.0
905,12.3,0.0
906,12.3,0.0
907,12.3,0.0
908,12.3,0.0
909,12.3,0.0
910,12.3,0.0
911,12.3,0.0
912,12.3,0.0
913,12.3,0.0
914,12.3,0.0
915,12.3,0.0
916,12.3,0.0
917,12.3,0.0
918,12.3,0.0
919,12.3,0.0
920,12.3,0.0
921,12.3,0.0
922,12.3,0.0
923,12.3,0.0
924,12.3,0.0
925,12.3,0.0
926,12.3,0.0
927,12.3,0.0
928,12.3,0.0
929,12.3,0.0
930,12.3,0.0
931,12.3,0.0
932,12.3,0.0
933,12.3,0.0
934,12.3,0.0
935,12.3,0.0
936,12.3,0.0
937,12.3,0.0
938,12.3,0.0
939,12.3,0.0
940,12.3,0.0
941,12.3,0.0
942,12.3,0.0
943,12.3,0.0
944,12.3,0.0
945,12.3,0.0
946,12.3,0.0
947,12.3,0.0
948,12.3,0.0
949,12.3,0.0
950,12.5,0.0
951,12.5,0.0
952,12.5,0.0
953,12.5,0.0
954,12.5,0.0
955,12.5,0.0
956,12.5,0.0
957,12.5,0.0
958,12.5,0.0
959,12.5,0.0
960,12.5,0.0
961,12.5,0.0
962,12.5,0.0
963,12.5,0.0
964,12.5,0.0
965,12.5,0.0
966,12.5,0.0
967,12.5,0.0
968,12.5,0.0
969,12.5,0.0
970,12.5,0.0
971,12.5,0.0
972,12.5,0.0
973,12.5,0.0
974,12.5,0.0
975,12.5,0.0
976,12.5,0.0
977,12.5,0.0
978,12.5,0.0
979,12.5,0.0
980,12.5,0.0
981,12.5,0.0
982,12.5,0.0
983,12.5,0.0
984,12.5,0.0
985,12.5,0.0
986,12.5,0.0
987,12.5,0.0
988,12.5,0.0
989,12.5,0.0
990,12.5,0.0
991,12.5,0.0
992,12.5,0.0
993,12.5,0.0
994,12.5,0.0
995,12.5,0.0
996,12.5,0.0
997,12.5,0.0
998,12.5,0.0
999,12.5,0.0
1000,12.5,0.0
1001,12.5,0.0
1002,12.5,0.0
1003,14.0,0.0
1004,14.0,0.0
1005,14.0,0.0
1006,14.0,0.0
1007,14.0,0.0
1008,14.0,0.0
1009,14.0,0.0
1010,14.0,0.0
1011,14.0,0.0
1012,14.0,0.0
1013,14.0,0.0
1014,14.0,0.0
1015,14.0,0.0
1016,14.0,0.0
1017,14.0,0.0
1018,14.0,0.0
1019,14.0,0.0
1020,14.0,0.0
1021,14.0,0.0
1022,14.0,0.0
1023,14.0,0.0
1024,14.0,0.0
1025,14.0,0.0
1026,14.0,0.0
1027,14.0,0.0
1028,14.0,0.0
1029,14.0,0.0
1030,14.0,0.0
1031,14.0,0.0
1032,14.0,0.0
1033,14.0,0.0
1034,14.0,0.0
1035,14.0,0.0
1036,14.0,0.0
1037,14.0,0.0
1038,14.0,0.0
1039,14.0,0.0
1040,14.0,0.0
1041,14.0,0.0
1042,14.0,0.0
1043,14.0,0.0
1044,14.0,0.0
1045,14.0,0.0
1046,14.0,0.0
1047,14.0,0.0
1048,14.0,0.0
1049,14.0,0.0
1050,14.0,0.0
1051,14.0,0.0
1052,14.0,0.0
1053,14.0,0.0
1054,14.0,0.0
1055,14.0,0.0
1056,14.0,0.0
1057,14.0,0.0
1058,14.0,0.0
1059,14.0,0.0
1060,14.0,0.0
1061,14.0,0.0
1062,14.3,0.0
1063,14.3,0.0
1064,14.3,0.0
1065,14.3,0.0
1066,14.3,0.0
1067,14.3,0.0
1068,14.3,0.0
1069,14.3,0.0
1070,14.3,0.0
1071,14.3,0.0
1072,14.3,0.0
1073,14.3,0.0
1074,14.3,0.0
1075,14.3,0.0
1076,14.3,0.0
1077,14.3,0.0
1078,14.3,0.0
1079,14.3,0.0
1080,14.3,0.0
1081,14.3,0.0
1082,14.3,0.0
1083,14.3,0.0
1084,14.3,0.0
1085,14.3,0.0
1086,14.3,0.0
1087,14.3,0.0
1088,14.3,0.0
1089,14.3,0.0
1090,14.3,0.0
1091,14.3,0.0
1092,14.3,0.0
1093,14.3,0.0
1094,14.3,0.0
1095,14.3,0.0
1096,14.3,0.0
1097,14.3,0.0
1098,14.3,0.0
1099,14.3,0.0
1100,14.3,0.0
1101,14.3,0.0
1102,14.3,0.0
1103,14.3,0.0
1104,14.3,0.0
1105,14.3,0.0
1106,14.3,0.0
1107,14.3,0.0
1108,14.3,0.0
1109,14.3,0.0
1110,14.3,0.0
1111,14.3,0.0
1112,14.3,0.0
1113,14.3,0.0
1114,14.3,0.0
1115,14.3,0.0
1116,14.3,0.0
1117,14.3,0.0
1118,14.3,0.0
1119,14.3,0.0
1120,14.3,0.0
1121,14.3,0.0
1122,14.3,0.0
1123,14.3,0.0
1124,14.3,0.0
1125,14.3,0.0
1126,14.3,0.0
1127,14.3,0.0
1128,14.3,0.0
1129,14.3,0.0
1130,14.3,0.0
1131,14.3,0.0
1132,14.3,0.0
1133,14.3,0.0
1134,14.3,0.0
1135,14.3,0.0
1136,14.3,0.0
1137,14.3,0.0
1138,14.3,0.0
1139,14.3,0.0
1140,14.3,0.0
1141,14.3,0.0
1142,14.3,0.0
1143,14.3,0.0
1144,14.3,0.0
1145,14.3,0.0
1146,14.3,0.0
1147,14.3,0.0
1148,16.1,0.0
1149,16.1,0.0
1150,16.1,0.0
1151,16.1,0.0
1152,16.1,0.0
1153,16.1,0.0
1154,16.1,0.0
1155,16.1,0.0
1156,16.1,0.0
1157,16.1,0.0
1158,16.1,0.0
1159,16.1,0.0
1160,16.1,0.0
1161,16.1,0.0
1162,16.1,0.0
1163,16.1,0.0
1164,16.1,0.0
1165,16.1,0.0
1166,16.1,0.0
1167,16.1,0.0
1168,16.1,0.0
1169,16.1,0.0
1170,16.1,0.0
1171,16.1,0.0
1172,16.1,0.0
1173,16.1,0.0
1174,16.1,0.0
1175,16.1,0.0
1176,16.1,0.0
1177,16.1,0.0
1178,16.1,0.0
1179,16.1,0.0
1180,16.1,0.0
1181,16.1,0.0
1182,16.1,0.0
1183,16.1,0.0
1184,16.1,0.0
1185,16.1,0.0
1186,16.1,0.0
1187,16.1,0.0
1188,16.1,0.0
1189,16.1,0.0
1190,16.1,0.0
1191,16.1,0.0
1192,16.1,0.0
1193,16.1,0.0
1194,16.1,0.0
1195,16.1,0.0
1196,16.1,0.0
1197,16.1,0.0
1198,16.1,0.0
1199,16.1,0.0
1200,16.1,0.0
1201,16.1,0.0
1202,16.1,0.0
1203,16.1,0.0
1204,16.1,0.0
1205,16.1,0.0
1206,16.1,0.0
1207,16.1,0.0
1208,16.1,0.0
1209,16.1,0.0
1210,16.1,0.0
1211,16.1,0.0
1212,16.1,0.0
1213,16.1,0.0
1214,16.1,0.0
1215,16.1,0.0
1216,16.1,0.0
1217,16.1,0.0
1218,16.1,0.0
1219,16.1,0.0
1220,16.1,0.0
1221,16.1,0.0
1222,16.1,0.0
1223,16.1,0.0
1224,16.1,0.0
1225,16.1,0.0
1226,16.1,0.0
1227,16.1,0.0
1228,18.3,0.0
1229,18.3,0.0
1230,18.3,0.0
1231,18.3,0.0
1232,18.3,0.0
1233,18.3,0.0
1234,18.3,0.0
1235,18.3,0.0
1236,18.3,0.0
1237,18.3,0.0
1238,18.3,0.0
1239,18.3,0.0
1240,18.3,0.0
1241,18.3,0.0
1242,18.3,0.0
1243,18.3,0.0
1244,18.3,0.0
1245,18.3,0.0
1246,18.3,0.0
1247,18.3,0.0
1248,18.3,0.0
1249,18.3,0.0
1250,18.3,0.0
1251,18.3,0.0
1252,18.3,0.0
1253,18.3,0.0
1254,18.3,0.0
1255,18.3,0.0
1256,18.3,0.0
1257,18.3,0.0
1258,18.3,0.0
1259,18.3,0.0
1260,18.3,0.0
1261,18.3,0.0
1262,18.3,0.0
1263,18.3,0.0
1264,18.3,0.0
1265,18.3,0.0
1266,18.3,0.0
1267,18.3,0.0
1268,18.3,0.0
1269,18.3,0.0
1270,18.3,0.0
1271,18.3,0.0
1272,18.3,0.0
1273,18.3,0.0
1274,18.3,0.0
1275,18.3,0.0
1276,18.3,0.0
1277,18.3,0.0
1278,18.3,0.0
1279,18.3,0.03197752473770343
1280,18.3,0.03197752473770521
1281,18.3,0.03197752473770521
1282,18.3,0.03197752473770521
1283,18.3,0.03197752473770521
1284,18.3,0.03197752473770521
1285,18.3,0.03197752473770521
1286,18.3,0.046491969568891456
1287,18.3,0.046491969568891456
1288,18.3,0.046491969568891456
1289,18.3,0.046491969568891456
1290,18.3,0.046491969568891456
1291,18.3,0.049380935806262016
1292,18.3,0.049380935806262016
1293,18.3,0.049380935806262016
1294,18.3,0.049380935806262016
1295,18.3,0.049380935806262016
1296,18.3,0.049380935806262016
1297,18.3,0.049380935806262016
1298,18.3,0.04938093580626912
1299,18.3,0.04938093580626912
1300,18.3,0.04938093580626912
1301,18.3,0.04938093580626912
1302,18.3,0.07445345001905324
1303,18.3,0.07445345001905324
1304,18.3,0.07445345001905324
1305,18.3,0.07445345001905324
1306,18.3,0.07445345001905324
1307,18.3,0.13197752473770308
1308,18.3,0.13197752473770308
1309,18.3,0.14938093580626344
1310,18.3,0.14938093580626344
1311,18.3,0.14938093580626344
1312,18.3,0.14938093580626344
1313,18.3,0.14938093580626344
1314,18.7,0.14938093580626344
1315,18.7,0.20137072580511095
1316,18.7,0.20888899938673333
1317,18.7,0.20888899938673333
1318,18.7,0.20888899938673333
1319,18.7,0.2319775247377045
1320,18.7,0.2744534500190561
1321,18.7,0.2744534500190561
1322,18.7,0.2744534500190561
1323,18.7,0.2744534500190561
1324,18.7,0.2744534500190561
1325,18.7,0.2879120879120869
1326,18.7,0.2879120879120869
1327,18.7,0.3088889993867312
1328,18.7,0.33593390018728897
1329,18.7,0.33593390018728897
1330,18.7,0.34649196956889217
1331,18.7,0.34649196956889217
1332,18.7,0.34649196956889217
1333,18.7,0.34649196956889217
1334,18.7,0.34649196956889217
1335,18.7,0.34649196956889217
1336,18.7,0.37445345001905395
1337,18.7,0.37445345001905395
1338,18.7,0.38527837170371004
1339,18.7,0.43197752473770556
1340,18.7,0.43197752473770556
1341,18.7,0.43487809324912874
1342,18.7,0.4603373499301
1343,18.7,0.4744534500190518
1344,18.7,0.4744534500190518
1345,18.7,0.4744534500190518
1346,18.7,0.4744534500190518
1347,18.7,0.4744534500190518
1348,18.7,0.47445345001905537
1349,18.7,0.4879120879120826
1350,18.7,0.4879120879120826
1351,18.7,0.508888999386734
1352,18.7,0.5319775247377052
1353,18.7,0.5464919695688915
1354,18.7,0.5464919695688915
1355,18.7,0.5464919695688915
1356,18.7,0.5744534500190568
1357,18.7,0.601498350819611
1358,18.7,0.6879120879120855
1359,18.7,0.7088889993867333
1360,18.7,0.7319775247377045
1361,18.7,0.7319775247377045
1362,18.7,0.7493809358062649
1363,18.7,0.7493809358062649
1364,18.7,0.7493809358062649
1365,18.7,0.7493809358062649
1366,18.7,0.8050602489516478
1367,18.7,0.8348780932491309
1368,18.7,0.835933900187289
1369,18.7,0.835933900187289
1370,18.7,0.874453450019054
1371,18.7,0.874453450019054
1372,18.7,0.8879120879120848
1373,18.7,0.9319775247377038
1374,18.7,0.9319775247377038
1375,18.7,0.9319775247377038
1376,18.7,0.9319775247377038
1377,18.7,0.9319775247377038
1378,18.7,0.9744534500190554
1379,18.7,0.9744534500190554
1380,18.7,0.9744534500190554
1381,18.7,0.9744534500190554
1382,18.7,0.9744534500190554
1383,18.7,0.9744534500190554
1384,18.7,0.9744534500190554
1385,18.7,0.9744534500190554
1386,18.7,0.9744534500190554
1387,18.7,0.9744534500190554
1388,18.7,0.9744534500190554
1389,18.7,1.008888999386734
1390,18.7,1.008888999386734
1391,18.7,1.0464919695688915
1392,18.7,1.0591500505527627
1393,18.7,1.087912087912084
1394,18.7,1.087912087912084
1395,18.7,1.1348780932491316
1396,18.7,1.2088889993867333
1397,18.7,1.2319775247377045
1398,19.1,1.2319775247377045
1399,19.1,1.2464919695688916
1400,19.1,1.2464919695688916
1401,19.1,1.2464919695688916
1402,19.1,1.2573052889794916
1403,19.1,1.2879120879120833
1404,19.1,1.2879120879120833
1405,19.1,1.287912087912087
1406,19.1,1.3348780932491273
1407,19.1,1.3493809358062663
1408,19.1,1.3493809358062663
1409,19.1,1.3493809358062663
1410,19.1,1.374453450019054
1411,19.1,1.4088889993867326
1412,19.1,1.4348780932491287
1413,19.1,1.4464919695688918
1414,19.1,1.4493809358062606
1415,19.1,1.4493809358062606
1416,19.1,1.4493809358062606
1417,19.1,1.4493809358062606
1418,19.1,1.4493809358062606
1419,19.1,1.4493809358062606
1420,19.1,1.5359339001872883
1421,19.1,1.5464919695688915
1422,19.1,1.5464919695688915
1423,19.1,1.5464919695688915
1424,19.1,1.549380935806262
1425,19.1,1.549380935806262
1426,19.1,1.549380935806262
1427,19.1,1.549380935806262
1428,19.1,1.549380935806262
1429,19.1,1.549380935806262
1430,19.1,1.608888999386732
1431,19.1,1.631977524737703
1432,19.1,1.6744534500190547
1433,19.1,1.6744534500190547
1434,19.1,1.6744534500190547
1435,19.1,1.6744534500190547
1436,19.1,1.7319775247377045
1437,19.1,1.7319775247377045
1438,19.1,1.7348780932491294
1439,19.1,1.7744534500190525
1440,19.1,1.7744534500190525
1441,19.1,1.8319775247377041
1442,19.1,1.8348780932491273
1443,19.1,1.8348780932491273
1444,19.1,1.8591500505527598
1445,19.1,1.874453450019054
1446,19.1,1.9319775247377056
1447,19.1,1.9319775247377056
1448,19.1,1.9493809358062606
1449,19.1,1.9493809358062606
1450,19.1,1.9493809358062606
1451,19.1,1.9493809358062606
1452,19.1,1.9493809358062606
1453,19.1,1.9493809358062606
1454,19.1,1.9493809358062606
1455,19.1,1.9493809358062606
1456,19.1,2.0464919695688915
1457,19.1,2.0464919695688915
1458,19.1,2.0464919695688915
1459,19.1,2.0464919695688915
1460,19.1,2.0464919695688915
1461,19.1,2.0665406991198836
1462,19.1,2.0744534500190532
1463,19.1,2.088967894850242
1464,19.1,2.131977524737705
1465,19.1,2.131977524737705
1466,19.1,2.131977524737705
1467,19.1,2.131977524737705
1468,19.1,2.134878093249128
1469,19.1,2.1493809358062634
1470,19.1,2.1493809358062634
1471,19.1,2.1493809358062634
1472,19.1,2.1493809358062634
1473,19.1,2.1493809358062634
1474,19.1,2.1493809358062634
1475,19.1,2.1493809358062634
1476,19.1,2.1493809358062634
1477,19.1,2.1493809358062634
1478,19.1,2.1493809358062634
1479,19.1,2.1493809358062634
1480,19.1,2.1493809358062634
1481,19.1,2.160337349930103
1482,19.1,2.1744534500190547
1483,19.1,2.1744534500190547
1484,19.1,2.1744534500190547
1485,19.1,2.1744534500190547
1486,19.1,2.1744534500190547
1487,19.1,2.1744534500190547
1488,19.1,2.1889678948502436
1489,19.1,2.2319775247377045
1490,19.1,2.2319775247377045
1491,19.1,2.2319775247377045
1492,19.1,2.274453450019056
1493,19.1,2.274453450019056
1494,19.1,2.274453450019056
1495,19.1,2.374453450019054
1496,19.1,2.374453450019054
1497,19.1,2.377098768501482
1498,19.1,2.38527837170371
1499,19.1,2.4319775247377056
1500,19.1,2.435933900187287
1501,19.1,2.4879120879120826
1502,19.1,2.487912087912086
1503,19.1,2.53487809324913
1504,19.1,2.5464919695688915
1505,19.1,2.5464919695688915
1506,19.1,2.5744534500190532
1507,19.1,2.587912087912084
1508,19.1,2.587912087912084
1509,19.1,2.631977524737705
1510,19.1,2.631977524737705
1511,19.1,2.646491969568892
1512,19.1,2.6879120879120855
1513,19.1,2.7464919695688916
1514,19.1,2.7464919695688916
1515,19.1,2.7464919695688916
1516,19.1,2.7464919695688916
1517,19.1,2.7464919695688916
1518,19.1,2.774453450019056
1519,19.1,2.774453450019056
1520,19.1,2.774453450019056
1521,19.1,2.774453450019056
1522,19.1,2.774453450019056
1523,19.1,2.774453450019056
1524,19.1,2.808888999386731
1525,19.1,2.835933900187289
1526,19.1,2.8493809358062663
1527,19.1,2.8493809358062663
1528,19.700000000000003,2.8493809358062663
1529,19.700000000000003,2.8493809358062663
1530,19.700000000000003,2.8493809358062663
1531,19.700000000000003,2.8493809358062663
1532,19.700000000000003,2.8493809358062663
1533,19.700000000000003,2.857305288979493
1534,19.700000000000003,2.874453450019054
1535,19.700000000000003,2.874453450019054
1536,19.700000000000003,2.8744534500190575
1537,19.700000000000003,2.8744534500190575
1538,19.700000000000003,2.9348780932491287
1539,19.700000000000003,2.946491969568892
1540,19.700000000000003,2.946491969568892
1541,19.700000000000003,2.974453450019052
1542,19.700000000000003,2.974453450019052
1543,19.700000000000003,2.974453450019052
1544,19.700000000000003,3.03487809324913
1545,19.700000000000003,3.0744534500190532
1546,19.700000000000003,3.0744534500190532
1547,19.700000000000003,3.0744534500190532
1548,19.700000000000003,3.0744534500190532
1549,19.700000000000003,3.0744534500190532
1550,19.700000000000003,3.0744534500190532
1551,19.700000000000003,3.0744534500190532
1552,19.700000000000003,3.0744534500190532
1553,19.700000000000003,3.108888999386732
1554,19.700000000000003,3.108888999386732
1555,19.700000000000003,3.1359339001872897
1556,19.700000000000003,3.177098768501483
1557,19.700000000000003,3.2464919695688907
1558,19.700000000000003,3.331977524737704
1559,19.700000000000003,3.331977524737704
1560,19.700000000000003,3.331977524737704
1561,19.700000000000003,3.331977524737704
1562,19.700000000000003,3.331977524737706
1563,19.700000000000003,3.331977524737706
1564,19.700000000000003,3.331977524737706
1565,19.700000000000003,3.331977524737706
1566,19.700000000000003,3.331977524737706
1567,19.700000000000003,3.3348780932491273
1568,19.700000000000003,3.3348780932491273
1569,19.700000000000003,3.346491969568892
1570,19.700000000000003,3.3744534500190575
1571,19.700000000000003,3.3744534500190575
1572,19.700000000000003,3.3744534500190575
1573,19.700000000000003,3.3744534500190575
1574,19.700000000000003,3.3744534500190575
1575,19.700000000000003,3.446491969568892
1576,19.700000000000003,3.446491969568892
1577,19.700000000000003,3.446491969568892
1578,19.700000000000003,3.446491969568892
1579,19.700000000000003,3.508888999386734
1580,19.700000000000003,3.5625843236702934
1581,19.700000000000003,3.6088889993867355
1582,19.700000000000003,3.6088889993867355
1583,19.700000000000003,3.735933900187291
1584,19.700000000000003,3.749380935806265
1585,19.700000000000003,3.749380935806265
1586,19.700000000000003,3.749380935806265
1587,19.700000000000003,3.831977524737704
1588,19.700000000000003,3.831977524737704
1589,19.700000000000003,3.831977524737704
1590,19.700000000000003,3.831977524737704
1591,19.700000000000003,3.846491969568892
1592,19.700000000000003,3.846491969568892
1593,19.700000000000003,3.8879120879120848
1594,19.700000000000003,4.008888999386734
1595,19.700000000000003,4.13593390018729
1596,19.700000000000003,4.146491969568893
1597,19.700000000000003,4.174453450019055
1598,19.700000000000003,4.174453450019055
1599,19.700000000000003,4.174453450019055
1600,19.700000000000003,4.174453450019055
1601,19.700000000000003,4.1879120879120855
1602,19.700000000000003,4.2319775247377045
1603,19.700000000000003,4.2319775247377045
1604,19.700000000000003,4.2319775247377045
1605,19.700000000000003,4.2319775247377045
1606,19.700000000000003,4.249380935806265
1607,19.700000000000003,4.249380935806265
1608,19.700000000000003,4.249380935806265
1609,19.700000000000003,4.249380935806265
1610,19.700000000000003,4.249380935806265
1611,19.700000000000003,4.249380935806265
1612,19.700000000000003,4.249380935806265
1613,19.700000000000003,4.274453450019056
1614,19.700000000000003,4.274453450019056
1615,19.700000000000003,4.274453450019056
1616,19.700000000000003,4.274453450019056
1617,19.700000000000003,4.287912087912083
1618,19.700000000000003,4.308888999386731
1619,19.700000000000003,4.308888999386731
1620,19.700000000000003,4.308888999386731
1621,19.700000000000003,4.308888999386731
1622,19.700000000000003,4.308888999386735
1623,19.700000000000003,4.331977524737702
1624,19.700000000000003,4.331977524737702
1625,19.700000000000003,4.334878093249131
1626,19.700000000000003,4.346491969568892
1627,19.700000000000003,4.374453450019054
1628,19.700000000000003,4.374453450019054
1629,19.700000000000003,4.374453450019054
1630,19.700000000000003,4.43593390018729
1631,19.700000000000003,4.531977524737705
1632,19.700000000000003,4.5464919695688915
1633,19.700000000000003,4.549380935806262
1634,19.700000000000003,4.549380935806262
1635,19.700000000000003,4.549380935806262
1636,19.700000000000003,4.549380935806262
1637,19.700000000000003,4.549380935806262
1638,19.700000000000003,4.587912087912084
1639,19.700000000000003,4.646491969568891
1640,19.700000000000003,4.646491969568891
1641,19.700000000000003,4.646491969568891
1642,19.700000000000003,4.646491969568893
1643,19.700000000000003,4.674453450019055
1644,19.700000000000003,4.674453450019055
1645,19.700000000000003,4.674453450019055
1646,19.700000000000003,4.674453450019055
1647,19.700000000000003,4.674453450019055
1648,19.700000000000003,4.674453450019055
1649,19.700000000000003,4.674453450019055
1650,19.700000000000003,4.674453450019055
1651,19.700000000000003,4.6879120879120855
1652,19.700000000000003,4.720761993160178
1653,19.700000000000003,4.7319775247377045
1654,19.700000000000003,4.7319775247377045
1655,19.700000000000003,4.7319775247377045
1656,19.700000000000003,4.7348780932491294
1657,19.700000000000003,4.7348780932491294
1658,19.700000000000003,4.746491969568891
1659,19.700000000000003,4.746491969568891
1660,19.700000000000003,4.749380935806265
1661,19.700000000000003,4.749380935806265
1662,19.700000000000003,4.749380935806265
1663,19.700000000000003,4.834878093249131
1664,19.700000000000003,4.931977524737704
1665,19.700000000000003,4.950715197321532
1666,19.700000000000003,4.974453450019055
1667,19.700000000000003,4.974453450019055
1668,19.700000000000003,4.974453450019055
1669,19.700000000000003,4.974453450019055
1670,19.700000000000003,4.974453450019055
1671,19.700000000000003,4.988967894850244
1672,19.700000000000003,5.031977524737705
1673,19.700000000000003,5.0464919695688915
1674,19.700000000000003,5.0464919695688915
1675,19.700000000000003,5.0464919695688915
1676,19.700000000000003,5.0464919695688915
1677,19.700000000000003,5.057305288979492
1678,19.700000000000003,5.074453450019053
1679,19.700000000000003,5.131977524737703
1680,19.700000000000003,5.146491969568891
1681,19.700000000000003,5.174453450019055
1682,19.700000000000003,5.249380935806265
1683,19.700000000000003,5.249380935806265
1684,19.700000000000003,5.249380935806265
1685,20.5,5.249380935806265
1686,20.5,5.249380935806265
1687,20.5,5.249380935806265
1688,20.5,5.249380935806265
1689,20.5,5.249380935806265
1690,20.5,5.249380935806265
1691,20.5,5.249380935806265
1692,20.5,5.274453450019056
1693,20.5,5.274453450019056
1694,20.5,5.274453450019056
1695,20.5,5.287912087912083
1696,20.5,5.291729236073117
1697,20.5,5.331977524737706
1698,20.5,5.374453450019054
1699,20.5,5.388967894850246
1700,20.5,5.434878093249129
1701,20.5,5.434878093249129
1702,20.5,5.446491969568892
1703,20.5,5.474453450019055
1704,20.5,5.474453450019055
1705,20.5,5.474453450019055
1706,20.5,5.53487809324913
1707,20.5,5.53487809324913
1708,20.5,5.559150050552763
1709,20.5,5.63593390018729
1710,20.5,5.6879120879120855
1711,20.5,5.7348780932491294
1712,20.5,5.746491969568891
1713,20.5,5.746491969568891
1714,20.5,5.831977524737702
1715,20.5,5.831977524737702
1716,20.5,5.831977524737702
1717,20.5,5.831977524737706
1718,20.5,5.831977524737706
1719,20.5,5.831977524737706
1720,20.5,5.834878093249131
1721,20.5,5.835933900187289
1722,20.5,5.849380935806266
1723,20.5,5.849380935806266
1724,20.5,5.849380935806266
1725,20.5,5.849380935806266
1726,20.5,5.849380935806266
1727,20.5,5.849380935806266
1728,20.5,5.849380935806266
1729,20.5,5.931977524737704
1730,20.5,5.931977524737704
1731,20.5,5.931977524737704
1732,20.5,5.934878093249129
1733,20.5,5.93593390018729
1734,20.5,5.946491969568892
1735,20.5,5.949380935806261
1736,20.5,5.949380935806261
1737,20.5,5.987912087912086
1738,20.5,5.995569588782258
1739,20.5,6.0464919695688915
1740,20.5,6.0464919695688915
1741,20.5,6.0464919695688915
1742,20.5,6.087912087912084
1743,20.5,6.1088889993867355
1744,20.5,6.131977524737707
1745,20.5,6.131977524737707
1746,20.5,6.134878093249128
1747,20.5,6.174453450019055
1748,20.5,6.208888999386733
1749,20.5,6.2464919695688925
1750,20.5,6.249380935806265
1751,20.5,6.249380935806265
1752,20.5,6.249380935806265
1753,20.5,6.249380935806265
1754,20.5,6.249380935806265
1755,20.5,6.331977524737702
1756,20.5,6.331977524737702
1757,20.5,6.331977524737702
1758,20.5,6.331977524737702
1759,20.5,6.349380935806266
1760,20.5,6.349380935806266
1761,20.5,6.349380935806266
1762,20.5,6.374453450019054
1763,20.5,6.387912087912085
1764,20.5,6.431977524737704
1765,20.5,6.487912087912083
1766,20.5,6.487912087912083
1767,20.5,6.531977524737705
1768,20.5,6.53487809324913
1769,20.5,6.535933900187288
1770,20.5,6.587912087912088
1771,20.5,6.649380935806263
1772,20.5,6.649380935806263
1773,20.5,6.649380935806263
1774,20.5,6.649380935806263
1775,20.5,6.649380935806263
1776,20.5,6.649380935806263
1777,20.5,6.649380935806263
1778,20.5,6.649380935806263
1779,20.5,6.649380935806263
1780,20.5,6.649380935806263
1781,20.5,6.649380935806263
1782,20.5,6.649380935806263
1783,20.5,6.649380935806263
1784,20.5,6.649380935806263
1785,20.5,6.708888999386733
1786,20.5,6.7319775247377045
1787,20.5,6.7319775247377045
1788,20.5,6.7319775247377045
1789,20.5,6.7319775247377045
1790,21.3,6.760337349930101
1791,21.3,6.7744534500190525
1792,21.3,6.7744534500190525
1793,21.3,6.7744534500190525
1794,21.3,6.820761993160179
1795,21.3,6.834878093249131
1796,21.3,6.931977524737704
1797,21.3,6.931977524737704
1798,21.3,6.934878093249129
1799,21.3,6.934878093249129
1800,21.3,6.93593390018729
1801,21.3,6.93593390018729
1802,21.3,6.946491969568892
1803,21.3,6.949380935806261
1804,21.3,6.949380935806261
1805,21.3,6.977098768501484
1806,21.3,7.131977524737707
1807,21.3,7.134878093249132
1808,21.3,7.13593390018729
1809,21.3,7.146491969568893
1810,21.3,7.146491969568893
1811,21.3,7.146491969568893
1812,21.3,7.2348780932491294
1813,21.3,7.2348780932491294
1814,21.3,7.2348780932491294
1815,21.3,7.2744534500190525
1816,21.3,7.2744534500190525
1817,21.3,7.2744534500190525
1818,21.3,7.274453450019056
1819,21.3,7.274453450019056
1820,21.3,7.274453450019056
1821,21.3,7.274453450019056
1822,21.3,7.274453450019056
1823,21.3,7.320761993160179
1824,21.3,7.334878093249127
1825,21.3,7.346491969568892
1826,21.3,7.346491969568892
1827,21.3,7.387912087912085
1828,21.3,7.405327101254699
1829,21.3,7.428415626605673
1830,21.3,7.474453450019055
1831,21.3,7.474453450019055
1832,21.3,7.531977524737705
1833,21.3,7.5464919695688915
1834,21.3,7.574453450019057
1835,21.3,7.587912087912084
1836,21.3,7.587912087912084
1837,21.3,7.587912087912084
1838,21.3,7.631977524737707
1839,21.3,7.631977524737707
1840,21.3,7.63593390018729
1841,21.3,7.649380935806263
1842,21.3,7.649380935806263
1843,21.3,7.665484892181723
1844,21.3,7.674453450019055
1845,21.3,7.678282200454145
1846,21.3,7.757305288979492
1847,21.3,7.760337349930104
1848,21.3,7.766540699119883
1849,21.3,7.774453450019056
1850,21.3,7.808888999386735
1851,21.3,7.834878093249131
1852,21.3,7.857305288979493
1853,21.3,7.874453450019054
1854,21.3,7.874453450019054
1855,21.3,7.889629224470852
1856,21.3,7.931977524737704
1857,21.3,7.931977524737704
1858,21.3,7.931977524737704
1859,21.3,7.931977524737704
1860,21.3,7.974453450019055
1861,21.3,7.974453450019055
1862,21.3,7.974453450019055
1863,21.3,7.974453450019055
1864,21.3,7.974453450019055
1865,21.3,8.031977524737705
1866,21.3,8.074453450019053
1867,21.3,8.074453450019053
1868,21.3,8.074453450019053
1869,21.3,8.088967894850246
1870,21.3,8.187912087912085
1871,21.3,8.187912087912085
1872,21.3,8.235933900187291
1873,21.3,8.287912087912087
1874,21.3,8.331977524737702
1875,21.3,8.331977524737706
1876,21.3,8.335933900187289
1877,21.3,8.34938093580626
1878,21.3,8.37445345001905
1879,21.3,8.37445345001905
1880,21.3,8.37445345001905
1881,21.3,8.387912087912085
1882,21.3,8.421817800098342
1883,21.3,8.431977524737704
1884,21.3,8.431977524737704
1885,21.3,8.431977524737704
1886,21.3,8.434878093249129
1887,21.3,8.43593390018729
1888,21.3,8.531977524737705
1889,21.3,8.531977524737705
1890,21.3,8.531977524737705
1891,21.3,8.53487809324913
1892,21.3,8.549380935806262
1893,21.3,8.549380935806262
1894,21.3,8.549380935806262
1895,21.3,8.549380935806262
1896,21.3,8.549380935806262
1897,21.3,8.574453450019053
1898,21.3,8.574453450019053
1899,21.3,8.574453450019053
1900,21.3,8.578282200454147
1901,21.3,8.583031397963524
1902,21.3,8.710339283642448
1903,21.3,8.720761993160178
1904,21.3,8.731977524737704
1905,21.3,8.731977524737704
1906,21.3,8.73487809324913
1907,21.3,8.73487809324913
1908,21.3,8.774453450019056
1909,21.3,8.774453450019056
1910,21.3,8.774453450019056
1911,21.3,8.808888999386735
1912,21.3,8.808888999386735
1913,21.3,8.835933900187289
1914,21.3,8.846491969568891
1915,23.700000000000003,8.87445345001905
1916,23.700000000000003,8.931977524737704
1917,23.700000000000003,8.931977524737704
1918,23.700000000000003,8.934878093249129
1919,23.700000000000003,8.934878093249129
1920,23.700000000000003,8.93593390018729
1921,23.700000000000003,8.94938093580626
1922,23.700000000000003,8.94938093580626
1923,23.700000000000003,8.94938093580626
1924,23.700000000000003,8.94938093580626
1925,23.700000000000003,9.020761993160178
1926,23.700000000000003,9.03487809324913
1927,23.700000000000003,9.03487809324913
1928,23.700000000000003,9.046491969568894
1929,23.700000000000003,9.046491969568894
1930,23.700000000000003,9.149380935806263
1931,23.700000000000003,9.149380935806263
1932,23.700000000000003,9.149380935806263
1933,23.700000000000003,9.149380935806263
1934,23.700000000000003,9.149380935806263
1935,23.700000000000003,9.149380935806263
1936,23.700000000000003,9.149380935806263
1937,23.700000000000003,9.149380935806263
1938,23.700000000000003,9.149380935806263
1939,23.700000000000003,9.149380935806263
1940,23.700000000000003,9.149380935806263
1941,23.700000000000003,9.149380935806263
1942,23.700000000000003,9.149380935806263
1943,23.700000000000003,9.149380935806263
1944,23.700000000000003,9.149380935806263
1945,23.700000000000003,9.149380935806263
1946,23.700000000000003,9.149380935806263
1947,23.700000000000003,9.149380935806263
1948,23.700000000000003,9.23487809324913
1949,23.700000000000003,9.331977524737706
1950,23.700000000000003,9.331977524737706
1951,23.700000000000003,9.331977524737706
1952,23.700000000000003,9.408888999386733
1953,23.700000000000003,9.408888999386733
1954,23.700000000000003,9.434878093249129
1955,23.700000000000003,9.434878093249129
1956,23.700000000000003,9.434878093249129
1957,23.700000000000003,9.474453450019059
1958,23.700000000000003,9.474453450019059
1959,23.700000000000003,9.531977524737705
1960,23.700000000000003,9.531977524737705
1961,23.700000000000003,9.608888999386732
1962,23.700000000000003,9.674453450019055
1963,23.700000000000003,9.674453450019055
1964,23.700000000000003,9.674453450019055
1965,23.700000000000003,9.674453450019055
1966,23.700000000000003,9.731977524737704
1967,23.700000000000003,9.731977524737704
1968,23.700000000000003,9.73487809324913
1969,23.700000000000003,9.735933900187288
1970,23.700000000000003,9.749380935806265
1971,23.700000000000003,9.749380935806265
1972,23.700000000000003,9.749380935806265
1973,23.700000000000003,9.749380935806265
1974,23.700000000000003,9.749380935806265
1975,23.700000000000003,9.749380935806265
1976,23.700000000000003,9.765484892181721
1977,23.700000000000003,9.831977524737706
1978,23.700000000000003,9.87445345001905
1979,23.700000000000003,9.934878093249129
1980,23.700000000000003,9.94938093580626
1981,23.700000000000003,9.94938093580626
1982,23.700000000000003,9.94938093580626
1983,23.700000000000003,9.94938093580626
1984,23.700000000000003,9.94938093580626
1985,23.700000000000003,9.94938093580626
1986,23.700000000000003,9.94938093580626
1987,23.700000000000003,9.94938093580626
1988,23.700000000000003,9.94938093580626
1989,23.700000000000003,9.94938093580626
1990,23.700000000000003,10.008888999386734
1991,23.700000000000003,10.035933900187288
1992,23.700000000000003,10.074453450019053
1993,23.700000000000003,10.074453450019053
1994,23.700000000000003,10.088967894850242
1995,23.700000000000003,10.131977524737707
1996,23.700000000000003,10.131977524737707
1997,23.700000000000003,10.13593390018729
1998,23.700000000000003,10.146491969568892
1999,23.700000000000003,10.187912087912085
2000,23.700000000000003,10.187912087912085
2001,23.700000000000003,10.231977524737704
2002,23.700000000000003,10.234878093249133
2003,23.700000000000003,10.287912087912087
2004,23.700000000000003,10.287912087912087
2005,23.700000000000003,10.287912087912087
2006,23.700000000000003,10.374453450019057
2007,23.700000000000003,10.374453450019057
2008,23.700000000000003,10.431977524737704
2009,23.700000000000003,10.431977524737704
2010,23.700000000000003,10.446491969568893
2011,23.700000000000003,10.446491969568893
2012,23.700000000000003,10.531977524737705
2013,23.700000000000003,10.531977524737705
2014,23.700000000000003,10.53487809324913
2015,23.700000000000003,10.535933900187288
2016,23.700000000000003,10.562584323670293
2017,23.700000000000003,10.566540699119884
2018,23.700000000000003,10.608888999386735
2019,23.700000000000003,10.683031397963521
2020,23.700000000000003,10.687912087912085
2021,23.700000000000003,10.731977524737704
2022,23.700000000000003,10.777098768501482
2023,23.700000000000003,10.808888999386731
2024,23.700000000000003,10.808888999386731
2025,23.700000000000003,10.831977524737706
2026,23.700000000000003,10.857305288979493
2027,23.700000000000003,10.87445345001905
2028,23.700000000000003,10.87445345001905
2029,23.700000000000003,10.87445345001905
2030,23.700000000000003,10.87445345001905
2031,23.700000000000003,10.87445345001905
2032,23.700000000000003,10.931977524737704
2033,23.700000000000003,10.974453450019059
2034,23.700000000000003,10.987912087912086
2035,23.700000000000003,10.987912087912086
2036,23.700000000000003,11.020761993160178
2037,23.700000000000003,11.03487809324913
2038,23.700000000000003,11.035933900187288
2039,23.700000000000003,11.035933900187288
2040,23.700000000000003,11.087912087912084
2041,23.700000000000003,11.134878093249132
2042,23.700000000000003,11.174453450019055
2043,23.700000000000003,11.174453450019055
2044,23.700000000000003,11.208888999386737
2045,23.700000000000003,11.274453450019056
2046,23.700000000000003,11.274453450019056
2047,25.3,11.287912087912087
2048,25.3,11.349380935806266
2049,25.3,11.349380935806266
2050,25.3,11.349380935806266
2051,25.3,11.349380935806266
2052,25.3,11.349380935806266
2053,25.3,11.349380935806266
2054,25.3,11.349380935806266
2055,25.3,11.349380935806266
2056,25.3,11.349380935806266
2057,25.3,11.349380935806266
2058,25.3,11.349380935806266
2059,25.3,11.349380935806266
2060,25.3,11.349380935806266
2061,25.3,11.349380935806266
2062,25.3,11.349380935806266
2063,25.3,11.349380935806266
2064,25.3,11.349380935806266
2065,25.3,11.349380935806266
2066,25.3,11.349380935806266
2067,25.3,11.37445345001905
2068,25.3,11.37445345001905
2069,25.3,11.37445345001905
2070,25.3,11.37445345001905
2071,25.3,11.44938093580626
2072,25.3,11.44938093580626
2073,25.3,11.44938093580626
2074,25.3,11.44938093580626
2075,25.3,11.477098768501484
2076,25.3,11.487912087912086
2077,25.3,11.646491969568892
2078,25.3,11.774453450019056
2079,25.3,11.831977524737706
2080,25.3,11.831977524737706
2081,25.3,11.846491969568891
2082,25.3,11.846491969568891
2083,25.3,11.849380935806266
2084,25.3,11.849380935806266
2085,25.3,11.849380935806266
2086,25.3,11.849380935806266
2087,25.3,11.849380935806266
2088,25.3,11.87445345001905
2089,25.3,11.87445345001905
2090,25.3,11.874453450019057
2091,25.3,11.874453450019057
2092,25.3,11.874453450019057
2093,25.3,11.889629224470852
2094,25.3,11.949380935806268
2095,25.3,11.949380935806268
2096,25.3,11.949380935806268
2097,25.3,11.949380935806268
2098,25.3,11.949380935806268
2099,25.3,11.949380935806268
2100,25.3,11.949380935806268
2101,25.3,11.949380935806268
2102,25.3,11.949380935806268
2103,25.3,11.949380935806268
2104,25.3,11.949380935806268
2105,25.3,11.949380935806268
2106,25.3,11.949380935806268
2107,25.3,12.008888999386734
2108,25.3,12.03487809324913
2109,25.3,12.074453450019053
2110,25.3,12.074453450019053
2111,25.3,12.074453450019053
2112,25.3,12.108888999386735
2113,25.3,12.108888999386735
2114,25.3,12.108888999386735
2115,25.3,12.108888999386735
2116,25.3,12.108888999386735
2117,28.200000000000003,12.149380935806263
2118,28.200000000000003,12.208888999386733
2119,28.200000000000003,12.231977524737704
2120,28.200000000000003,12.231977524737704
2121,28.200000000000003,12.231977524737704
2122,28.200000000000003,12.23487809324913
2123,28.200000000000003,12.274453450019056
2124,28.200000000000003,12.274453450019056
2125,28.200000000000003,12.274453450019056
2126,28.200000000000003,12.274453450019056
2127,28.200000000000003,12.274453450019056
2128,28.200000000000003,12.274453450019056
2129,28.200000000000003,12.331977524737702
2130,28.200000000000003,12.331977524737702
2131,28.200000000000003,12.331977524737702
2132,28.200000000000003,12.387912087912085
2133,28.200000000000003,12.387912087912085
2134,28.200000000000003,12.431977524737707
2135,28.200000000000003,12.431977524737707
2136,28.200000000000003,12.505060248951647
2137,28.200000000000003,12.54649196956889
2138,28.200000000000003,12.587912087912084
2139,28.200000000000003,12.587912087912084
2140,28.200000000000003,12.63593390018729
2141,28.200000000000003,12.649380935806263
2142,28.200000000000003,12.674453450019055
2143,28.200000000000003,12.749380935806265
2144,28.200000000000003,12.749380935806265
2145,28.200000000000003,12.749380935806265
2146,28.200000000000003,12.749380935806265
2147,28.200000000000003,12.749380935806265
2148,28.200000000000003,12.749380935806265
2149,28.200000000000003,12.749380935806265
2150,28.200000000000003,12.749380935806265
2151,28.200000000000003,12.749380935806265
2152,28.200000000000003,12.749380935806265
2153,28.200000000000003,12.749380935806265
2154,28.200000000000003,12.749380935806265
2155,28.200000000000003,12.831977524737706
2156,28.200000000000003,12.831977524737706
2157,28.200000000000003,12.908888999386733
2158,28.200000000000003,12.908888999386733
2159,28.200000000000003,12.908888999386733
2160,28.200000000000003,13.231977524737704
2161,28.200000000000003,13.274453450019056
2162,28.200000000000003,13.274453450019056
2163,28.200000000000003,13.274453450019056
2164,28.200000000000003,13.274453450019056
2165,28.200000000000003,13.287912087912083
2166,28.200000000000003,13.335933900187289
2167,28.200000000000003,13.335933900187289
2168,28.200000000000003,13.431977524737704
2169,28.200000000000003,13.431977524737704
2170,28.200000000000003,13.43593390018729
2171,28.200000000000003,13.460337349930107
2172,28.200000000000003,13.474453450019059
2173,28.200000000000003,13.474453450019059
2174,28.200000000000003,13.487912087912086
2175,28.200000000000003,13.531977524737705
2176,28.200000000000003,13.531977524737705
2177,28.200000000000003,13.531977524737705
2178,28.200000000000003,13.531977524737705
2179,28.200000000000003,13.531977524737705
2180,28.200000000000003,13.549380935806262
2181,28.200000000000003,13.549380935806262
2182,28.200000000000003,13.549380935806262
2183,28.200000000000003,13.549380935806262
2184,28.200000000000003,13.587912087912088
2185,28.200000000000003,13.674453450019055
2186,28.200000000000003,13.72841562660567
2187,28.200000000000003,13.731977524737704
2188,28.200000000000003,13.731977524737704
2189,28.200000000000003,13.731977524737704
2190,28.200000000000003,13.731977524737704
2191,28.200000000000003,13.73487809324913
2192,28.200000000000003,13.73487809324913
2193,28.200000000000003,13.73487809324913
2194,28.200000000000003,13.774453450019056
2195,28.200000000000003,13.774453450019056
2196,28.200000000000003,13.87445345001905
2197,28.200000000000003,13.87445345001905
2198,28.200000000000003,13.887912087912085
2199,28.200000000000003,13.94649196956889
2200,28.200000000000003,13.94938093580626
2201,28.200000000000003,13.94938093580626
2202,28.200000000000003,13.94938093580626
2203,28.200000000000003,13.94938093580626
2204,28.200000000000003,13.959150050552758
2205,28.200000000000003,13.974453450019059
2206,28.200000000000003,13.974453450019059
2207,28.200000000000003,13.974453450019059
2208,28.200000000000003,13.987912087912086
2209,28.200000000000003,14.031977524737705
2210,28.200000000000003,14.031977524737705
2211,28.200000000000003,14.031977524737705
2212,28.200000000000003,14.031977524737705
2213,28.200000000000003,14.074453450019053
2214,28.200000000000003,14.074453450019053
2215,28.200000000000003,14.074453450019053
2216,28.200000000000003,14.131977524737707
2217,28.200000000000003,14.131977524737707
2218,28.200000000000003,14.134878093249128
2219,28.200000000000003,14.134878093249132
2220,28.200000000000003,14.134878093249132
2221,28.200000000000003,14.134878093249132
2222,28.200000000000003,14.146491969568892
2223,28.200000000000003,14.146491969568892
2224,28.200000000000003,14.174453450019055
2225,28.200000000000003,14.174453450019055
2226,28.200000000000003,14.174453450019055
2227,28.200000000000003,14.231977524737704
2228,28.200000000000003,14.231977524737704
2229,28.200000000000003,14.231977524737704
2230,28.200000000000003,14.274453450019056
2231,28.200000000000003,14.3053271012547
2232,28.200000000000003,14.33487809324913
2233,28.200000000000003,14.33487809324913
2234,28.200000000000003,14.387912087912081
2235,28.200000000000003,14.431977524737704
2236,28.200000000000003,14.465484892181724
2237,28.200000000000003,14.474453450019059
2238,28.200000000000003,14.474453450019059
2239,28.200000000000003,14.474453450019059
2240,28.200000000000003,14.474453450019059
2241,28.200000000000003,14.474453450019059
2242,28.200000000000003,14.474453450019059
2243,28.200000000000003,14.474453450019059
2244,28.200000000000003,14.474453450019059
2245,28.200000000000003,14.474453450019059
2246,28.200000000000003,14.516801750285914
2247,28.200000000000003,14.608888999386732
2248,28.200000000000003,14.631977524737707
2249,28.200000000000003,14.649380935806263
2250,28.200000000000003,14.649380935806263
2251,28.200000000000003,14.649380935806263
2252,28.200000000000003,14.649380935806263
2253,28.200000000000003,14.649380935806263
2254,28.200000000000003,14.649380935806263
2255,28.200000000000003,14.649380935806263
2256,28.200000000000003,14.649380935806263
2257,28.200000000000003,14.649380935806263
2258,28.200000000000003,14.674453450019055
2259,28.200000000000003,14.674453450019055
2260,28.200000000000003,14.674453450019055
2261,28.200000000000003,14.731977524737708
2262,28.200000000000003,14.734878093249133
2263,28.200000000000003,14.749380935806258
2264,28.200000000000003,14.749380935806258
2265,28.200000000000003,14.749380935806258
2266,29.700000000000003,14.749380935806258
2267,29.700000000000003,14.749380935806258
2268,29.700000000000003,14.749380935806265
2269,29.700000000000003,14.749380935806265
2270,29.700000000000003,14.749380935806265
2271,29.700000000000003,14.749380935806265
2272,29.700000000000003,14.831977524737702
2273,29.700000000000003,14.860337349930106
2274,29.700000000000003,14.87445345001905
2275,29.700000000000003,14.874453450019057
2276,29.700000000000003,14.874453450019057
2277,29.700000000000003,14.874453450019057
2278,29.700000000000003,14.874453450019057
2279,29.700000000000003,14.878282200454144
2280,29.700000000000003,14.920761993160177
2281,29.700000000000003,14.931977524737704
2282,29.700000000000003,14.931977524737704
2283,29.700000000000003,15.04649196956889
2284,29.700000000000003,15.108888999386735
2285,29.700000000000003,15.128415626605669
2286,29.700000000000003,15.231977524737708
2287,29.700000000000003,15.231977524737708
2288,29.700000000000003,15.231977524737708
2289,29.700000000000003,15.231977524737708
2290,29.700000000000003,15.234878093249126
2291,29.700000000000003,15.274453450019056
2292,29.700000000000003,15.274453450019056
2293,29.700000000000003,15.274453450019056
2294,29.700000000000003,15.377098768501483
2295,29.700000000000003,15.378282200454148
2296,29.700000000000003,15.387912087912081
2297,29.700000000000003,15.478282200454146
2298,29.700000000000003,15.48791208791209
2299,29.700000000000003,15.48791208791209
2300,29.700000000000003,15.528415626605675
2301,29.700000000000003,15.531977524737705
2302,29.700000000000003,15.54649196956889
2303,29.700000000000003,15.578282200454147
2304,29.700000000000003,15.608888999386735
2305,29.700000000000003,15.634878093249132
2306,29.700000000000003,15.687912087912085
2307,29.700000000000003,15.708888999386737
2308,29.700000000000003,15.708888999386737
2309,29.700000000000003,15.734878093249126
2310,29.700000000000003,15.849380935806266
2311,29.700000000000003,15.849380935806266
2312,29.700000000000003,15.849380935806266
2313,29.700000000000003,15.849380935806266
2314,29.700000000000003,15.849380935806266
2315,29.700000000000003,15.849380935806266
2316,29.700000000000003,15.849380935806266
2317,29.700000000000003,15.877098768501483
2318,29.700000000000003,15.887912087912081
2319,29.700000000000003,15.931977524737707
2320,29.700000000000003,15.931977524737707
2321,29.700000000000003,15.931977524737707
2322,29.700000000000003,16.031977524737705
2323,29.700000000000003,16.031977524737705
2324,29.700000000000003,16.049380935806262
2325,29.700000000000003,16.049380935806262
2326,29.700000000000003,16.049380935806262
2327,29.700000000000003,16.049380935806262
2328,29.700000000000003,16.049380935806262
2329,29.700000000000003,16.049380935806262
2330,29.700000000000003,16.07445345001906
2331,29.700000000000003,16.07445345001906
2332,29.700000000000003,16.07445345001906
2333,29.700000000000003,16.07445345001906
2334,29.700000000000003,16.087912087912084
2335,29.700000000000003,16.087912087912084
2336,29.700000000000003,16.131977524737707
2337,31.5,16.131977524737707
2338,31.5,16.131977524737707
2339,31.5,16.131977524737707
2340,31.5,16.231977524737704
2341,31.5,16.274453450019056
2342,31.5,16.274453450019056
2343,31.5,16.274453450019056
2344,31.5,16.274453450019056
2345,31.5,16.38791208791209
2346,31.5,16.428415626605673
2347,31.5,16.47445345001906
2348,31.5,16.47445345001906
2349,31.5,16.531977524737705
2350,31.5,16.531977524737705
2351,31.5,16.53487809324913
2352,31.5,16.549380935806262
2353,31.5,16.549380935806262
2354,31.5,16.549380935806262
2355,31.5,16.549380935806262
2356,31.5,16.549380935806262
2357,31.5,16.687912087912085
2358,31.5,16.73593390018729
2359,31.5,16.774453450019056
2360,31.5,16.774453450019056
2361,31.5,16.774453450019056
2362,31.5,16.774453450019056
2363,31.5,16.774453450019056
2364,31.5,16.834878093249134
2365,31.5,16.835933900187285
2366,31.5,16.849380935806266
2367,31.5,16.849380935806266
2368,31.5,16.849380935806266
2369,31.5,16.931977524737704
2370,31.5,16.93487809324913
2371,31.5,16.93487809324913
2372,31.5,17.031977524737705
2373,31.5,17.074453450019053
2374,31.5,17.074453450019053
2375,31.5,17.074453450019053
2376,31.5,17.074453450019053
2377,31.5,17.074453450019053
2378,31.5,17.131977524737707
2379,31.5,17.231977524737704
2380,31.5,17.234878093249133
2381,31.5,17.34649196956889
2382,31.5,17.34649196956889
2383,31.5,17.474453450019052
2384,31.5,17.474453450019052
2385,31.5,17.474453450019052
2386,31.5,17.54938093580627
2387,31.5,17.54938093580627
2388,31.5,17.54938093580627
2389,31.5,17.54938093580627
2390,31.5,17.54938093580627
2391,31.5,17.54938093580627
2392,31.5,17.54938093580627
2393,31.5,17.646491969568892
2394,31.5,17.734878093249126
2395,31.5,17.74912568577727
2396,31.5,17.80888899938674
2397,31.5,17.80888899938674
2398,31.5,17.84649196956889
2399,31.5,17.87445345001905
2400,31.5,17.87445345001905
2401,31.5,17.87445345001905
2402,31.5,17.87445345001905
2403,31.5,17.88791208791208
2404,31.5,17.88791208791209
2405,31.5,17.88791208791209
2406,31.5,17.88791208791209
2407,31.5,17.88791208791209
2408,31.5,17.935933900187294
2409,31.5,17.949125685777272
2410,31.5,18.031977524737705
2411,31.5,18.03487809324913
2412,31.5,18.049380935806262
2413,31.5,18.049380935806262
2414,31.5,18.049380935806262
2415,31.5,18.049380935806262
2416,31.5,18.049380935806262
2417,31.5,18.049380935806262
2418,31.5,18.049380935806262
2419,31.5,18.062584323670293
2420,31.5,18.078282200454144
2421,31.5,18.087912087912084
2422,31.5,18.087912087912084
2423,31.5,18.105327101254705
2424,31.5,18.16033734993011
2425,31.5,18.174453450019055
2426,31.5,18.174453450019055
2427,31.5,18.174453450019055
2428,31.5,18.174453450019055
2429,31.5,18.17445345001906
2430,31.5,18.17445345001906
2431,31.5,18.17445345001906
2432,31.5,18.274453450019056
2433,31.5,18.274453450019056
2434,31.5,18.274453450019056
2435,31.5,18.287912087912087
2436,31.5,18.335933900187293
2437,31.5,18.508888999386734
2438,31.5,18.631977524737703
2439,31.5,18.631977524737703
2440,31.5,18.70888899938673
2441,31.5,18.731977524737704
2442,31.5,18.835933900187285
2443,31.5,18.874453450019057
2444,31.5,18.874453450019057
2445,31.5,18.874453450019057
2446,31.5,18.93487809324913
2447,31.5,18.94938093580626
2448,31.5,18.94938093580626
2449,31.5,18.94938093580626
2450,31.5,18.94938093580626
2451,31.5,18.94938093580626
2452,31.5,18.94938093580626
2453,31.5,18.94938093580626
2454,31.5,18.94938093580626
2455,31.5,18.94938093580626
2456,31.5,19.12181780009834
2457,31.5,19.131977524737703
2458,31.5,19.131977524737703
2459,31.5,19.131977524737707
2460,31.5,19.13487809324913
2461,31.5,19.149380935806263
2462,31.5,19.149380935806263
2463,31.5,19.149380935806263
2464,31.5,19.149380935806263
2465,31.5,19.149380935806263
2466,31.5,19.149380935806263
2467,31.5,19.149380935806263
2468,31.5,19.149380935806263
2469,31.5,19.149380935806263
2470,31.5,19.188967894850244
2471,31.5,19.331977524737706
2472,31.5,19.34649196956889
2473,31.5,19.431977524737707
2474,31.5,19.446491969568893
2475,31.5,19.446491969568893
2476,31.5,19.47445345001906
2477,31.5,19.47445345001906
2478,31.5,19.47445345001906
2479,31.5,19.47445345001906
2480,31.5,19.48791208791209
2481,31.5,19.531977524737705
2482,31.5,19.531977524737705
2483,31.5,19.574453450019053
2484,31.5,19.574453450019053
2485,31.5,19.574453450019053
2486,31.5,19.574453450019053
2487,31.5,19.631977524737707
2488,31.5,19.649380935806263
2489,31.5,19.649380935806263
2490,31.5,19.649380935806263
2491,31.5,19.649380935806263
2492,31.5,19.649380935806263
2493,31.5,19.649380935806263
2494,31.5,19.649380935806263
2495,31.5,19.649380935806263
2496,31.5,19.666540699119885
2497,31.5,19.674453450019055
2498,31.5,19.674453450019055
2499,31.5,19.674453450019055
2500,31.5,19.674453450019055
2501,31.5,19.691729236073115
2502,31.5,19.708888999386737
2503,31.5,19.731977524737708
2504,31.5,19.73593390018729
2505,31.5,19.787912087912087
2506,31.5,19.835933900187285
2507,34.300000000000004,19.849380935806266
2508,34.300000000000004,19.849380935806266
2509,34.300000000000004,19.878282200454148
2510,34.300000000000004,19.908888999386733
2511,34.300000000000004,19.931977524737704
2512,34.300000000000004,19.931977524737704
2513,34.300000000000004,20.03593390018729
2514,34.300000000000004,20.074453450019053
2515,34.300000000000004,20.074453450019053
2516,34.300000000000004,20.074453450019053
2517,34.300000000000004,20.087912087912084
2518,34.300000000000004,20.13487809324913
2519,34.300000000000004,20.157305288979497
2520,34.300000000000004,20.274453450019056
2521,34.300000000000004,20.274453450019056
2522,34.300000000000004,20.274453450019056
2523,34.300000000000004,20.274453450019056
2524,34.300000000000004,20.278282200454147
2525,34.300000000000004,20.287912087912087
2526,34.300000000000004,20.334878093249134
2527,34.300000000000004,20.48791208791209
2528,34.300000000000004,20.48791208791209
2529,34.300000000000004,20.54649196956889
2530,34.300000000000004,20.549380935806262
2531,34.300000000000004,20.549380935806262
2532,34.300000000000004,20.63487809324913
2533,34.300000000000004,20.63593390018729
2534,34.300000000000004,20.734878093249126
2535,34.300000000000004,20.749380935806265
2536,34.300000000000004,20.749380935806265
2537,34.300000000000004,20.749380935806265
2538,34.300000000000004,20.749380935806265
2539,34.300000000000004,20.749380935806265
2540,34.300000000000004,20.749380935806265
2541,34.300000000000004,20.749380935806265
2542,34.300000000000004,20.749380935806265
2543,34.300000000000004,20.749380935806265
2544,34.300000000000004,20.831977524737702
2545,34.300000000000004,20.834878093249134
2546,34.300000000000004,20.88791208791209
2547,34.300000000000004,20.88791208791209
2548,34.300000000000004,20.93487809324913
2549,34.300000000000004,20.960337349930107
2550,34.300000000000004,20.97445345001906
2551,34.300000000000004,20.97445345001906
2552,34.300000000000004,20.97445345001906
2553,34.300000000000004,20.97445345001906
2554,34.300000000000004,20.97445345001906
2555,34.300000000000004,20.97445345001906
2556,34.300000000000004,21.03487809324913
2557,34.300000000000004,21.049380935806262
2558,34.300000000000004,21.049380935806262
2559,34.300000000000004,21.049380935806262
2560,34.300000000000004,21.049380935806262
2561,34.300000000000004,21.049380935806262
2562,34.300000000000004,21.049380935806262
2563,34.300000000000004,21.049380935806262
2564,34.300000000000004,21.146491969568892
2565,34.300000000000004,21.2319775247377
2566,34.300000000000004,21.30888899938674
2567,34.300000000000004,21.30888899938674
2568,34.300000000000004,21.320761993160183
2569,34.300000000000004,21.33197752473771
2570,34.300000000000004,21.33197752473771
2571,34.300000000000004,21.334878093249134
2572,34.300000000000004,21.334878093249134
2573,34.300000000000004,21.435933900187294
2574,34.300000000000004,21.531977524737705
2575,34.300000000000004,21.549380935806262
2576,34.300000000000004,21.549380935806262
2577,34.300000000000004,21.549380935806262
2578,34.300000000000004,21.549380935806262
2579,34.300000000000004,21.549380935806262
2580,34.300000000000004,21.549380935806262
2581,34.300000000000004,21.574453450019053
2582,34.300000000000004,21.608888999386735
2583,34.300000000000004,21.70888899938673
2584,34.300000000000004,21.7319775247377
2585,34.300000000000004,21.80888899938674
2586,34.300000000000004,21.83197752473771
2587,34.300000000000004,21.83197752473771
2588,34.300000000000004,21.874453450019057
2589,34.300000000000004,21.874453450019057
2590,34.300000000000004,21.908888999386733
2591,34.300000000000004,21.931977524737704
2592,34.300000000000004,21.94938093580626
2593,34.300000000000004,21.94938093580626
2594,34.300000000000004,21.94938093580626
2595,34.300000000000004,21.94938093580626
2596,34.300000000000004,21.94938093580626
2597,34.300000000000004,21.94938093580626
2598,34.300000000000004,21.94938093580626
2599,34.300000000000004,21.94938093580626
2600,34.300000000000004,21.94938093580626
2601,34.300000000000004,21.94938093580626
2602,34.300000000000004,21.94938093580626
2603,34.300000000000004,21.94938093580626
2604,34.300000000000004,21.94938093580626
2605,34.300000000000004,21.94938093580626
2606,34.300000000000004,21.94938093580626
2607,34.300000000000004,21.94938093580626
2608,34.300000000000004,21.94938093580626
2609,34.300000000000004,21.991729236073112
2610,34.300000000000004,22.231977524737708
2611,34.300000000000004,22.231977524737708
2612,34.300000000000004,22.30888899938674
2613,34.300000000000004,22.346491969568895
2614,34.300000000000004,22.346491969568895
2615,34.300000000000004,22.374453450019057
2616,34.300000000000004,22.374453450019057
2617,34.300000000000004,22.374453450019057
2618,34.300000000000004,22.431977524737704
2619,34.300000000000004,22.508888999386734
2620,34.300000000000004,22.508888999386734
2621,34.300000000000004,22.674453450019055
2622,34.300000000000004,22.674453450019055
2623,34.300000000000004,22.708888999386737
2624,34.300000000000004,22.7319775247377
2625,34.300000000000004,22.835933900187293
2626,34.300000000000004,22.874453450019057
2627,34.300000000000004,22.960867187111525
2628,34.300000000000004,23.031977524737705
2629,34.300000000000004,23.031977524737705
2630,34.300000000000004,23.049380935806255
2631,34.300000000000004,23.049380935806255
2632,34.300000000000004,23.049380935806255
2633,34.300000000000004,23.049380935806255
2634,34.300000000000004,23.049380935806255
2635,34.300000000000004,23.049380935806255
2636,34.300000000000004,23.049380935806255
2637,34.300000000000004,23.087912087912084
2638,34.300000000000004,23.108888999386735
2639,34.300000000000004,23.131977524737707
2640,34.300000000000004,23.149380935806263
2641,34.300000000000004,23.149380935806263
2642,34.300000000000004,23.149380935806263
2643,34.300000000000004,23.149380935806263
2644,34.300000000000004,23.149380935806263
2645,34.300000000000004,23.149380935806263
2646,34.300000000000004,23.149380935806263
2647,34.300000000000004,23.149380935806263
2648,34.300000000000004,23.149380935806263
2649,34.300000000000004,23.149380935806263
2650,34.300000000000004,23.149380935806263
2651,34.300000000000004,23.149380935806263
2652,34.300000000000004,23.149380935806263
2653,34.300000000000004,23.149380935806263
2654,34.300000000000004,23.149380935806263
2655,34.300000000000004,23.149380935806263
2656,34.300000000000004,23.149380935806263
2657,34.300000000000004,23.149380935806263
2658,34.300000000000004,23.20822766976612
2659,34.300000000000004,23.2319775247377
2660,34.300000000000004,23.23593390018729
2661,34.300000000000004,23.374453450019057
2662,34.300000000000004,23.374453450019057
2663,34.300000000000004,23.374453450019057
2664,34.300000000000004,23.374453450019057
2665,34.300000000000004,23.374453450019057
2666,34.300000000000004,23.374453450019057
2667,34.300000000000004,23.7319775247377
2668,34.300000000000004,23.749380935806272
2669,34.300000000000004,23.749380935806272
2670,34.300000000000004,23.749380935806272
2671,34.300000000000004,23.749380935806272
2672,34.300000000000004,23.749380935806272
2673,34.300000000000004,23.749380935806272
2674,34.300000000000004,23.749380935806272
2675,34.300000000000004,23.749380935806272
2676,34.300000000000004,23.749380935806272
2677,34.300000000000004,23.749380935806272
2678,34.300000000000004,23.749380935806272
2679,34.300000000000004,23.749380935806272
2680,34.300000000000004,23.749380935806272
2681,34.300000000000004,23.749380935806272
2682,34.300000000000004,23.749380935806272
2683,34.300000000000004,23.749380935806272
2684,34.300000000000004,23.749380935806272
2685,34.300000000000004,23.749380935806272
2686,34.300000000000004,23.749380935806272
2687,34.300000000000004,23.749380935806272
2688,34.300000000000004,23.749380935806272
2689,34.300000000000004,23.749380935806272
2690,34.300000000000004,23.749380935806272
2691,34.300000000000004,23.88791208791208
2692,41.9,23.90888899938674
2693,41.9,23.931977524737704
2694,41.9,23.93487809324913
2695,41.9,23.93487809324913
2696,41.9,23.97445345001906
2697,41.9,23.97445345001906
2698,41.9,23.97445345001906
2699,41.9,23.97445345001906
2700,41.9,23.97445345001906
2701,41.9,23.97445345001906
2702,41.9,23.97445345001906
2703,41.9,24.005593953557756
2704,41.9,24.04938093580627
2705,41.9,24.04938093580627
2706,41.9,24.04938093580627
2707,41.9,24.04938093580627
2708,41.9,24.04938093580627
2709,41.9,24.04938093580627
2710,41.9,24.04938093580627
2711,41.9,24.04938093580627
2712,41.9,24.04938093580627
2713,41.9,24.04938093580627
2714,41.9,24.04938093580627
2715,41.9,24.074453450019053
2716,41.9,24.074453450019053
2717,41.9,24.074453450019053
2718,41.9,24.074453450019053
2719,41.9,24.334878093249127
2720,41.9,24.374453450019057
2721,41.9,24.374453450019057
2722,41.9,24.435933900187294
2723,41.9,24.435933900187294
2724,41.9,24.531977524737705
2725,41.9,24.549380935806255
2726,41.9,24.549380935806255
2727,41.9,24.549380935806255
2728,41.9,24.549380935806255
2729,41.9,24.549380935806255
2730,41.9,24.549380935806255
2731,41.9,24.549380935806255
2732,41.9,24.549380935806255
2733,41.9,24.549380935806255
2734,41.9,24.549380935806255
2735,41.9,24.549380935806255
2736,41.9,24.549380935806255
2737,41.9,24.734878093249126
2738,41.9,24.774453450019056
2739,41.9,24.774453450019056
2740,41.9,24.88791208791209
2741,41.9,24.88791208791209
2742,41.9,25.03487809324913
2743,41.9,25.03487809324913
2744,41.9,25.074453450019053
2745,41.9,25.131977524737707
2746,41.9,25.30888899938673
2747,41.9,25.33197752473771
2748,41.9,25.48791208791209
2749,41.9,25.48791208791209
2750,41.9,25.48791208791209
2751,41.9,25.631977524737707
2752,41.9,25.631977524737707
2753,41.9,25.72076199316018
2754,41.9,25.7319775247377
2755,41.9,25.760337349930104
2756,41.9,25.774453450019056
2757,41.9,25.774453450019056
2758,41.9,25.931977524737704
2759,41.9,25.931977524737704
2760,41.9,26.087912087912084
2761,41.9,26.087912087912084
2762,41.9,26.13593390018729
2763,41.9,26.149380935806263
2764,41.9,26.149380935806263
2765,41.9,26.149380935806263
2766,41.9,26.149380935806263
2767,41.9,26.149380935806263
2768,41.9,26.149380935806263
2769,41.9,26.149380935806263
2770,41.9,26.149380935806263
2771,41.9,26.149380935806263
2772,41.9,26.149380935806263
2773,41.9,26.149380935806263
2774,41.9,26.149380935806263
2775,41.9,26.149380935806263
2776,41.9,26.149380935806263
2777,41.9,26.149380935806263
2778,41.9,26.149380935806263
2779,41.9,26.149380935806263
2780,41.9,26.149380935806263
2781,41.9,26.246491969568893
2782,41.9,26.287912087912087
2783,41.9,26.33197752473771
2784,41.9,26.334878093249134
2785,41.9,26.334878093249134
2786,41.9,26.474453450019052
2787,41.9,26.474453450019052
2788,41.9,26.474453450019052
2789,41.9,26.53487809324913
2790,41.9,26.546491969568894
2791,41.9,26.55915005055276
2792,41.9,26.674453450019055
2793,41.9,26.674453450019055
2794,41.9,26.674453450019055
2795,41.9,26.674453450019055
2796,41.9,26.674453450019055
2797,41.9,26.674453450019055
2798,41.9,26.708888999386737
2799,41.9,26.731977524737708
2800,41.9,26.731977524737708
2801,41.9,26.731977524737708
2802,41.9,26.849380935806266
2803,41.9,26.849380935806266
2804,41.9,26.849380935806266
2805,41.9,26.849380935806266
2806,41.9,26.849380935806266
2807,41.9,26.849380935806266
2808,41.9,26.849380935806266
2809,41.9,26.849380935806266
2810,41.9,26.849380935806266
2811,41.9,26.849380935806266
2812,41.9,26.849380935806266
2813,41.9,26.849380935806266
2814,41.9,26.849380935806266
2815,41.9,26.849380935806266
2816,41.9,26.849380935806266
2817,41.9,26.849380935806266
2818,41.9,26.849380935806266
2819,41.9,26.849380935806266
2820,41.9,26.849380935806266
2821,41.9,26.849380935806266
2822,41.9,26.98791208791209
2823,41.9,27.04649196956889
2824,41.9,27.074453450019053
2825,41.9,27.074453450019053
2826,41.9,27.13487809324913
2827,41.9,27.2319775247377
2828,41.9,27.274453450019056
2829,41.9,27.274453450019056
2830,41.9,27.274453450019056
2831,41.9,27.274453450019056
2832,41.9,27.274453450019056
2833,41.9,27.359150050552763
2834,41.9,27.508888999386734
2835,41.9,27.531977524737705
2836,41.9,27.587912087912084
2837,41.9,27.746491969568893
2838,41.9,27.874453450019057
2839,41.9,27.874453450019057
2840,41.9,27.874453450019057
2841,41.9,27.874453450019057
2842,41.9,27.93197752473771
2843,41.9,27.93197752473771
2844,41.9,28.03593390018729
2845,41.9,28.074453450019053
2846,41.9,28.08896789485025
2847,41.9,28.149380935806263
2848,41.9,28.149380935806263
2849,41.9,28.149380935806263
2850,41.9,28.149380935806263
2851,41.9,28.149380935806263
2852,41.9,28.149380935806263
2853,41.9,28.149380935806263
2854,41.9,28.149380935806263
2855,41.9,28.149380935806263
2856,41.9,28.149380935806263
2857,41.9,28.149380935806263
2858,41.9,28.149380935806263
2859,41.9,28.149380935806263
2860,41.9,28.149380935806263
2861,41.9,28.149380935806263
2862,41.9,28.149380935806263
2863,41.9,28.149380935806263
2864,41.9,28.149380935806263
2865,41.9,28.149380935806263
2866,41.9,28.149380935806263
2867,41.9,28.149380935806263
2868,41.9,28.149380935806263
2869,41.9,28.149380935806263
2870,41.9,28.149380935806263
2871,41.9,28.249380935806272
2872,41.9,28.249380935806272
2873,41.9,28.249380935806272
2874,41.9,28.249380935806272
2875,41.9,28.249380935806272
2876,41.9,28.249380935806272
2877,41.9,28.249380935806272
2878,41.9,28.249380935806272
2879,41.9,28.249380935806272
2880,41.9,28.249380935806272
2881,41.9,28.544902458024627
2882,41.9,28.631977524737707
2883,41.9,28.734878093249133
2884,41.9,28.749380935806272
2885,41.9,28.749380935806272
2886,41.9,28.749380935806272
2887,41.9,28.749380935806272
2888,41.9,28.749380935806272
2889,41.9,28.749380935806272
2890,41.9,28.749380935806272
2891,41.9,28.749380935806272
2892,41.9,28.749380935806272
2893,41.9,28.749380935806272
2894,41.9,28.749380935806272
2895,41.9,28.749380935806272
2896,41.9,28.749380935806272
2897,41.9,28.749380935806272
2898,41.9,28.749380935806272
2899,41.9,28.749380935806272
2900,41.9,28.749380935806272
2901,41.9,28.749380935806272
2902,41.9,28.749380935806272
2903,41.9,28.749380935806272
2904,41.9,28.749380935806272
2905,41.9,28.749380935806272
2906,41.9,28.749380935806272
2907,41.9,28.749380935806272
2908,41.9,28.749380935806272
2909,41.9,28.749380935806272
2910,41.9,28.749380935806272
2911,41.9,28.749380935806272
2912,41.9,28.749380935806272
2913,41.9,28.749380935806272
2914,41.9,28.791729236073124
2915,41.9,29.1625843236703
2916,41.9,29.234878093249133
2917,41.9,29.344902458024624
2918,41.9,29.349380935806266
2919,41.9,29.349380935806266
2920,41.9,29.349380935806266
2921,41.9,29.349380935806266
2922,41.9,29.349380935806266
2923,41.9,29.349380935806266
2924,41.9,29.349380935806266
2925,41.9,29.349380935806266
2926,41.9,29.38791208791209
2927,41.9,29.38791208791209
2928,41.9,29.47445345001906
2929,41.9,29.47445345001906
2930,41.9,29.47445345001906
2931,41.9,29.47445345001906
2932,41.9,29.47445345001906
2933,41.9,29.549380935806255
2934,41.9,29.549380935806255
2935,41.9,29.549380935806255
2936,41.9,29.549380935806255
2937,41.9,29.549380935806255
2938,41.9,29.549380935806255
2939,41.9,29.549380935806255
2940,41.9,29.549380935806255
2941,41.9,29.549380935806255
2942,41.9,29.549380935806255
2943,41.9,29.549380935806255
2944,41.9,29.549380935806255
2945,41.9,29.549380935806255
2946,41.9,29.549380935806255
2947,41.9,29.549380935806255
2948,41.9,29.549380935806255
2949,41.9,29.549380935806255
2950,41.9,29.574453450019053
2951,41.9,29.574453450019053
2952,41.9,29.574453450019053
2953,41.9,29.591729236073107
2954,41.9,29.7319775247377
2955,41.9,29.97445345001906
2956,41.9,29.97445345001906
2957,41.9,29.97445345001906
2958,41.9,29.97445345001906
2959,41.9,29.98791208791209
2960,41.9,29.98791208791209
2961,41.9,30.031977524737705
2962,41.9,30.031977524737712
2963,41.9,30.07445345001906
2964,41.9,30.07445345001906
2965,41.9,30.146491969568892
2966,41.9,30.249380935806272
2967,41.9,30.249380935806272
2968,41.9,30.249380935806272
2969,41.9,30.249380935806272
2970,41.9,30.249380935806272
2971,41.9,30.249380935806272
2972,41.9,30.249380935806272
2973,41.9,30.249380935806272
2974,41.9,30.249380935806272
2975,41.9,30.274453450019056
2976,41.9,30.38791208791209
2977,41.9,30.660867187111528
2978,41.9,30.731977524737708
2979,41.9,30.731977524737708
2980,41.9,30.731977524737708
2981,41.9,30.774453450019056
2982,41.9,30.787912087912087
2983,41.9,30.787912087912087
2984,41.9,30.834878093249134
2985,41.9,30.834878093249134
2986,41.9,30.834878093249134
2987,41.9,30.874453450019057
2988,41.9,30.874453450019057
2989,41.9,30.874453450019057
2990,41.9,31.208888999386737
2991,41.9,31.474453450019052
2992,41.9,31.474453450019052
2993,41.9,31.531977524737705
2994,41.9,31.674453450019055
2995,41.9,31.674453450019055
2996,41.9,31.674453450019055
2997,41.9,31.80888899938674
2998,41.9,31.931977524737704
2999,41.9,31.935933900187294
3000,41.9,32.07445345001905
3001,41.9,32.07445345001905
3002,41.9,32.07445345001905
3003,41.9,32.07445345001905
3004,41.9,32.07445345001905
3005,41.9,32.20888899938674
3006,41.9,32.5656163846209
3007,41.9,32.608888999386735
3008,41.9,32.77445345001905
3009,41.9,32.77445345001905
3010,41.9,32.77445345001905
3011,41.9,32.77445345001905
3012,41.9,32.77709876850149
3013,41.9,32.87445345001906
3014,41.9,32.87445345001906
3015,41.9,32.87445345001906
3016,41.9,33.03593390018729
3017,41.9,33.12841562660567
3018,41.9,33.28791208791209
3019,41.9,33.28791208791209
3020,41.9,33.28791208791209
3021,41.9,33.33487809324913
3022,41.9,33.51667412527141
3023,41.9,33.73593390018729
3024,41.9,33.74938093580627
3025,41.9,33.74938093580627
3026,41.9,33.74938093580627
3027,41.9,33.74938093580627
3028,41.9,33.74938093580627
3029,41.9,33.74938093580627
3030,41.9,33.74938093580627
3031,41.9,33.74938093580627
3032,41.9,33.74938093580627
3033,41.9,33.74938093580627
3034,41.9,33.74938093580627
3035,41.9,33.887912087912085
3036,41.9,33.887912087912085
3037,41.9,33.974453450019055
3038,41.9,33.974453450019055
3039,41.9,34.08791208791209
3040,41.9,34.08791208791209
3041,41.9,34.08791208791209
3042,41.9,34.13487809324913
3043,41.9,34.13487809324913
3044,41.9,34.17445345001906
3045,41.9,34.17445345001906
3046,41.9,34.349380935806266
3047,41.9,34.349380935806266
3048,41.9,34.349380935806266
3049,41.9,34.349380935806266
3050,41.9,34.349380935806266
3051,41.9,34.349380935806266
3052,41.9,34.349380935806266
3053,41.9,34.349380935806266
3054,41.9,34.349380935806266
3055,41.9,34.349380935806266
3056,41.9,34.349380935806266
3057,41.9,34.349380935806266
3058,41.9,34.349380935806266
3059,41.9,34.349380935806266
3060,41.9,34.349380935806266
3061,41.9,34.62181780009834
3062,41.9,34.67445345001906
3063,41.9,34.67445345001906
3064,41.9,34.99186846336167
3065,41.9,35.23197752473771
3066,41.9,35.349380935806266
3067,41.9,35.349380935806266
3068,41.9,35.349380935806266
3069,41.9,35.349380935806266
3070,41.9,35.349380935806266
3071,41.9,35.349380935806266
3072,41.9,35.349380935806266
3073,41.9,35.349380935806266
3074,41.9,35.349380935806266
3075,41.9,35.349380935806266
3076,41.9,35.349380935806266
3077,41.9,35.349380935806266
3078,41.9,35.349380935806266
3079,41.9,35.349380935806266
3080,41.9,35.349380935806266
3081,41.9,35.349380935806266
3082,41.9,35.349380935806266
3083,41.9,35.349380935806266
3084,41.9,35.349380935806266
3085,41.9,35.349380935806266
3086,41.9,35.349380935806266
3087,41.9,35.349380935806266
3088,41.9,35.349380935806266
3089,41.9,35.349380935806266
3090,41.9,35.349380935806266
3091,41.9,35.349380935806266
3092,41.9,35.349380935806266
3093,41.9,35.349380935806266
3094,41.9,35.349380935806266
3095,41.9,35.349380935806266
3096,41.9,35.349380935806266
3097,41.9,35.67445345001906
3098,41.9,35.83197752473771
3099,41.9,35.94938093580626
3100,41.9,35.94938093580626
3101,41.9,35.94938093580626
3102,41.9,35.94938093580626
3103,41.9,35.94938093580626
3104,41.9,35.94938093580626
3105,41.9,35.94938093580626
3106,41.9,35.94938093580626
3107,41.9,35.94938093580626
3108,41.9,35.94938093580626
3109,41.9,35.94938093580626
3110,41.9,35.94938093580626
3111,41.9,35.94938093580626
3112,41.9,35.94938093580626
3113,41.9,35.94938093580626
3114,41.9,35.94938093580626
3115,41.9,35.94938093580626
3116,41.9,35.94938093580626
3117,41.9,35.94938093580626
3118,41.9,35.94938093580626
3119,41.9,35.94938093580626
3120,41.9,35.94938093580626
3121,41.9,35.94938093580626
3122,41.9,35.94938093580626
3123,41.9,35.94938093580626
3124,41.9,35.94938093580626
3125,41.9,35.94938093580626
3126,41.9,35.94938093580626
3127,41.9,35.94938093580626
3128,41.9,35.94938093580626
3129,41.9,35.94938093580626
3130,41.9,35.94938093580626
3131,41.9,35.94938093580626
3132,41.9,35.94938093580626
3133,41.9,35.94938093580626
3134,41.9,35.94938093580626
3135,41.9,35.94938093580626
3136,41.9,35.94938093580626
3137,41.9,35.94938093580626
3138,41.9,35.94938093580626
3139,41.9,35.94938093580626
3140,41.9,35.94938093580626
3141,41.9,35.94938093580626
3142,41.9,35.94938093580626
3143,41.9,36.17445345001906
3144,41.9,36.74938093580627
3145,41.9,36.74938093580627
3146,41.9,36.74938093580627
3147,41.9,36.74938093580627
3148,41.9,36.74938093580627
3149,41.9,36.74938093580627
3150,41.9,36.74938093580627
3151,41.9,36.74938093580627
3152,41.9,36.74938093580627
3153,41.9,36.74938093580627
3154,41.9,36.74938093580627
3155,41.9,36.74938093580627
3156,41.9,36.74938093580627
3157,41.9,36.74938093580627
3158,41.9,36.74938093580627
3159,41.9,36.74938093580627
3160,41.9,36.74938093580627
3161,41.9,36.74938093580627
3162,41.9,36.74938093580627
3163,41.9,36.74938093580627
3164,41.9,36.74938093580627
3165,41.9,36.74938093580627
3166,41.9,36.74938093580627
3167,41.9,36.74938093580627
3168,41.9,36.74938093580627
3169,41.9,36.74938093580627
3170,41.9,36.74938093580627
3171,41.9,36.74938093580627
3172,41.9,36.74938093580627
3173,41.9,36.74938093580627
3174,41.9,36.74938093580627
3175,41.9,36.74938093580627
3176,41.9,36.74938093580627
3177,41.9,36.74938093580627
3178,41.9,36.74938093580627
3179,41.9,36.74938093580627
3180,41.9,36.74938093580627
3181,41.9,36.74938093580627
3182,41.9,36.74938093580627
3183,41.9,36.74938093580627
3184,41.9,36.74938093580627
3185,41.9,36.74938093580627
3186,41.9,36.74938093580627
3187,41.9,36.74938093580627
3188,41.9,36.74938093580627
3189,41.9,36.74938093580627
3190,41.9,36.74938093580627
3191,41.9,36.74938093580627
3192,41.9,36.74938093580627
3193,41.9,36.74938093580627
3194,41.9,36.74938093580627
3195,41.9,36.74938093580627
3196,41.9,36.78791208791209
3197,41.9,36.887912087912085
3198,41.9,36.90506024895164
3199,41.9,36.931977524737704
3200,41.9,36.931977524737704
3201,41.9,36.93487809324914
3202,41.9,37.07445345001905
3203,41.9,37.07445345001905
3204,41.9,37.08303139796352
3205,41.9,37.27445345001905
3206,41.9,37.27445345001905
3207,41.9,37.27445345001905
3208,41.9,37.27445345001905
3209,41.9,37.27445345001905
3210,41.9,37.474453450019055
3211,41.9,37.48791208791208
3212,41.9,37.68791208791208
3213,41.9,37.68791208791208
3214,41.9,37.73487809324914
3215,41.9,37.73487809324914
3216,41.9,37.760337349930104
3217,41.9,37.77445345001905
3218,41.9,37.77445345001905
3219,41.9,37.77445345001905
3220,41.9,37.77445345001905
3221,41.9,37.80888899938674
3222,41.9,37.80888899938674
3223,41.9,37.90888899938674
3224,41.9,37.90888899938674
3225,41.9,37.974453450019055
3226,41.9,38.08791208791209
3227,41.9,38.3319775247377
3228,41.9,38.33487809324913
3229,41.9,38.33487809324913
3230,41.9,38.33487809324913
3231,41.9,38.531977524737705
3232,41.9,38.531977524737705
3233,41.9,38.67445345001906
3234,41.9,38.67445345001906
3235,41.9,38.67445345001906
3236,41.9,38.74938093580627
3237,41.9,38.74938093580627
3238,41.9,38.74938093580627
3239,41.9,38.74938093580627
3240,41.9,38.74938093580627
3241,41.9,38.74938093580627
3242,41.9,38.74938093580627
3243,41.9,38.74938093580627
3244,41.9,38.74938093580627
3245,41.9,38.74938093580627
3246,41.9,38.74938093580627
3247,41.9,38.74938093580627
3248,41.9,38.74938093580627
3249,41.9,38.74938093580627
3250,41.9,38.78791208791209
3251,41.9,38.78791208791209
3252,41.9,38.87445345001906
3253,41.9,38.87445345001906
3254,41.9,38.87445345001906
3255,41.9,38.87445345001906
3256,41.9,38.87445345001906
3257,41.9,38.931977524737704
3258,41.9,38.934878093249125
3259,41.9,39.17445345001906
3260,41.9,39.17445345001906
3261,41.9,39.17445345001906
3262,41.9,39.67445345001906
3263,41.9,39.67445345001906
3264,41.9,39.73197752473771
3265,41.9,39.81957469378283
3266,41.9,39.931977524737704
3267,41.9,39.946491969568896
3268,41.9,39.98791208791209
3269,41.9,39.98896789485024
3270,41.9,40.07445345001905
3271,41.9,40.07445345001905
3272,41.9,40.07445345001905
3273,41.9,40.07445345001905
3274,41.9,40.07445345001905
3275,41.9,40.07445345001905
3276,41.9,40.07445345001905
3277,41.9,40.07445345001905
3278,41.9,40.18791208791208
3279,41.9,40.66654069911988
3280,41.9,40.83487809324913
3281,41.9,41.034878093249134
3282,41.9,41.174453450019044
3283,41.9,41.174453450019044
3284,41.9,41.174453450019044
3285,41.9,41.174453450019044
3286,41.9,41.174453450019044
3287,41.9,41.27445345001905
3288,41.9,41.27445345001905
3289,41.9,41.27445345001905
3290,41.9,41.33197752473771
3291,41.9,41.534878093249134
3292,41.9,41.54938093580627
3293,41.9,41.54938093580627
3294,41.9,41.54938093580627
3295,41.9,41.54938093580627
3296,41.9,41.54938093580627
3297,41.9,41.54938093580627
3298,41.9,41.54938093580627
3299,41.9,41.54938093580627
3300,41.9,41.54938093580627
3301,41.9,41.54938093580627
3302,41.9,41.54938093580627
3303,41.9,41.54938093580627
3304,41.9,41.54938093580627
3305,41.9,41.54938093580627
3306,41.9,41.54938093580627
3307,41.9,41.54938093580627
3308,41.9,41.54938093580627
3309,41.9,41.54938093580627
3310,41.9,41.54938093580627
3311,41.9,41.54938093580627
3312,41.9,41.54938093580627
3313,41.9,41.54938093580627
3314,41.9,41.54938093580627
3315,41.9,41.54938093580627
3316,41.9,41.54938093580627
3317,41.9,41.54938093580627
3318,41.9,41.54938093580627
3319,41.9,41.54938093580627
3320,41.9,41.54938093580627
3321,41.9,41.54938093580627
3322,41.9,41.54938093580627
3323,41.9,41.54938093580627
3324,41.9,41.54938093580627
3325,41.9,41.54938093580627
3326,41.9,41.54938093580627
3327,41.9,41.54938093580627
3328,41.9,41.54938093580627
3329,41.9,41.59172923607312
3330,41.9,41.59172923607312
3331,41.9,41.59172923607312
3332,41.9,41.687912087912096
3333,41.9,41.83197752473771
3334,41.9,41.83487809324913
3335,41.9,41.87445345001906
3336,41.9,41.87445345001906
3337,41.9,41.87445345001906
3338,41.9,41.87445345001906
3339,41.9,41.87445345001906
3340,41.9,41.87445345001906
3341,41.9,41.87445345001906
3342,41.9,41.87445345001906
3343,41.9,41.9
3344,41.9,41.9
3345,41.9,41.9
3346,41.9,41.9
3347,41.9,41.9
3348,41.9,41.9
3349,41.9,41.9
3350,41.9,41.9
3351,41.9,41.9
3352,41.9,41.9
3353,41.9,41.9
3354,41.9,41.9
3355,41.9,41.9
3356,41.9,41.9
3357,41.9,41.9
3358,41.9,41.9
3359,41.9,41.9
3360,41.9,41.9
3361,41.9,41.9
3362,41.9,41.9
3363,41.9,41.9
3364,41.9,41.9
3365,41.9,41.9
3366,41.9,41.9
3367,41.9,41.9
3368,41.9,41.9
3369,41.9,41.9
3370,41.9,41.9
3371,41.9,41.9
3372,41.9,41.9
3373,41.9,41.9
3374,41.9,41.9
3375,41.9,41.9
3376,41.9,41.9
3377,41.9,41.9
3378,41.9,41.9
3379,41.9,41.9
3380,41.9,41.9
3381,41.9,41.9
3382,41.9,41.9
3383,41.9,41.9
3384,41.9,41.9
3385,41.9,41.9
3386,41.9,41.9
3387,41.9,41.9
3388,41.9,41.9
3389,41.9,41.9
3390,41.9,41.9
3391,41.9,41.9
3392,41.9,41.9
3393,41.9,41.9
3394,41.9,41.9
3395,41.9,41.9
3396,41.9,41.9
3397,41.9,41.9
3398,41.9,41.9
3399,41.9,41.9
3400,41.9,41.9
3401,41.9,41.9
3402,41.9,41.9
3403,41.9,41.9
3404,41.9,41.9
3405,41.9,41.9
3406,41.9,41.9
3407,41.9,41.9
3408,41.9,41.9
3409,41.9,41.9
3410,41.9,41.9
3411,41.9,41.9
3412,41.9,41.9
3413,41.9,41.9
3414,41.9,41.9
3415,41.9,41.9
3416,41.9,41.9
3417,41.9,41.9
3418,41.9,41.9
3419,41.9,41.9
3420,41.9,41.9
3421,41.9,41.9
3422,41.9,41.9
3423,41.9,41.9
3424,41.9,41.9
3425,41.9,41.9
3426,41.9,41.9
3427,41.9,41.9
3428,41.9,41.9
3429,41.9,41.9
3430,41.9,41.9
3431,41.9,41.9
3432,41.9,41.9
3433,41.9,41.9
3434,41.9,41.9
3435,41.9,41.9
3436,41.9,41.9
3437,41.9,41.9
3438,41.9,41.9
3439,41.9,41.9
3440,41.9,41.9
3441,41.9,41.9
3442,41.9,41.9
3443,41.9,41.9
3444,41.9,41.9
3445,41.9,41.9
3446,41.9,41.9
3447,41.9,41.9
3448,41.9,41.9
3449,41.9,41.9
3450,41.9,41.9
3451,41.9,41.9
3452,41.9,41.9
3453,41.9,41.9
3454,41.9,41.9
3455,41.9,41.9
3456,41.9,41.9
3457,41.9,41.9
3458,41.9,41.9
3459,41.9,41.9
3460,41.9,41.9
3461,41.9,41.9
3462,41.9,41.9
3463,41.9,41.9
3464,41.9,41.9
3465,41.9,41.9
3466,41.9,41.9
3467,41.9,41.9
3468,41.9,41.9
3469,41.9,41.9
3470,41.9,41.9
3471,41.9,41.9
3472,41.9,41.9
3473,41.9,41.9
3474,41.9,41.9
3475,41.9,41.9
3476,41.9,41.9
3477,41.9,41.9
3478,41.9,41.9
3479,41.9,41.9
3480,41.9,41.9
3481,41.9,41.9
3482,41.9,41.9
3483,41.9,41.9
3484,41.9,41.9
3485,41.9,41.9
3486,41.9,41.9
3487,41.9,41.9
3488,41.9,41.9
3489,41.9,41.9
3490,41.9,41.9
3491,41.9,41.9
3492,41.9,41.9
3493,41.9,41.9
3494,41.9,41.9
3495,41.9,41.9
3496,41.9,41.9
3497,41.9,41.9
3498,41.9,41.9
3499,41.9,41.9
3500,41.9,41.9
3501,41.9,41.9
3502,41.9,41.9
3503,41.9,41.9
3504,41.9,41.9
3505,41.9,41.9
3506,41.9,41.9
3507,41.9,41.9
3508,41.9,41.9
3509,41.9,41.9
3510,41.9,41.9
3511,41.9,41.9
3512,41.9,41.9
3513,41.9,41.9
3514,41.9,41.9
3515,41.9,41.9
3516,41.9,41.9
3517,41.9,41.9
3518,41.9,41.9
3519,41.9,41.9
3520,41.9,41.9
3521,41.9,41.9
3522,41.9,41.9
3523,41.9,41.9
3524,41.9,41.9
3525,41.9,41.9
3526,41.9,41.9
3527,41.9,41.9
3528,41.9,41.9
3529,41.9,41.9
3530,41.9,41.9
3531,41.9,41.9
3532,41.9,41.9
3533,41.9,41.9
3534,41.9,41.9
3535,41.9,41.9
3536,41.9,41.9
3537,41.9,41.9
3538,41.9,41.9
3539,41.9,41.9
3540,41.9,41.9
3541,41.9,41.9
3542,41.9,41.9
3543,41.9,41.9
3544,41.9,41.9
3545,41.9,41.9
3546,41.9,41.9
3547,41.9,41.9
3548,41.9,41.9
3549,41.9,41.9
3550,41.9,41.9
3551,41.9,41.9
3552,41.9,41.9
3553,41.9,41.9
3554,41.9,41.9
3555,41.9,41.9
3556,41.9,41.9
3557,41.9,41.9
3558,41.9,41.9
3559,41.9,41.9
3560,41.9,41.9
3561,41.9,41.9
3562,41.9,41.9
3563,41.9,41.9
3564,41.9,41.9
3565,41.9,41.9
3566,41.9,41.9
3567,41.9,41.9
3568,41.9,41.9
3569,41.9,41.9
3570,41.9,41.9
3571,41.9,41.9
3572,41.9,41.9
3573,41.9,41.9
3574,41.9,41.9
3575,41.9,41.9
3576,41.9,41.9
3577,41.9,41.9
3578,41.9,41.9
3579,41.9,41.9
3580,41.9,41.9
3581,41.9,41.9
3582,41.9,41.9
3583,41.9,41.9
3584,41.9,41.9
3585,41.9,41.9
3586,41.9,41.9
3587,41.9,41.9
3588,41.9,41.9
3589,41.9,41.9
3590,41.9,41.9
3591,41.9,41.9
3592,41.9,41.9
3593,41.9,41.9
3594,41.9,41.9
3595,41.9,41.9
3596,41.9,41.9
3597,41.9,41.9
3598,41.9,41.9
3599,41.9,41.9
3600,41.9,41.9
3601,41.9,41.9
3602,41.9,41.9
3603,41.9,41.9
3604,41.9,41.9
3605,41.9,41.9
3606,41.9,41.9
3607,41.9,41.9
3608,41.9,41.9
3609,41.9,41.9
3610,41.9,41.9
3611,41.9,41.9
3612,41.9,41.9
3613,41.9,41.9
3614,41.9,41.9
3615,41.9,41.9
3616,41.9,41.9
3617,41.9,41.9
3618,41.9,41.9
3619,41.9,41.9
3620,41.9,41.9
3621,41.9,41.9
3622,41.9,41.9
3623,41.9,41.9
3624,41.9,41.9
3625,41.9,41.9
3626,41.9,41.9
3627,41.9,41.9
3628,41.9,41.9
3629,41.9,41.9
3630,41.9,41.9
3631,41.9,41.9
3632,41.9,41.9
3633,41.9,41.9
3634,41.9,41.9
3635,41.9,41.9
3636,41.9,41.9
3637,41.9,41.9
3638,41.9,41.9
3639,41.9,41.9
3640,41.9,41.9
3641,41.9,41.9
3642,41.9,41.9
3643,41.9,41.9
3644,41.9,41.9
3645,41.9,41.9
3646,41.9,41.9
3647,41.9,41.9
3648,41.9,41.9
3649,41.9,41.9
3650,41.9,41.9
3651,41.9,41.9
3652,41.9,41.9
3653,41.9,41.9
3654,41.9,41.9
3655,41.9,41.9
3656,41.9,41.9
3657,41.9,41.9
3658,41.9,41.9
3659,41.9,41.9
3660,41.9,41.9
3661,41.9,41.9
3662,41.9,41.9
3663,41.9,41.9
3664,41.9,41.9
3665,41.9,41.9
3666,41.9,41.9
3667,41.9,41.9
3668,41.9,41.9
3669,41.9,41.9
3670,41.9,41.9
3671,41.9,41.9
3672,41.9,41.9
3673,41.9,41.9
3674,41.9,41.9
3675,41.9,41.9
3676,41.9,41.9
3677,41.9,41.9
3678,41.9,41.9
3679,41.9,41.9
3680,41.9,41.9
3681,41.9,41.9
3682,41.9,41.9
3683,41.9,41.9
3684,41.9,41.9
3685,41.9,41.9
3686,41.9,41.9
3687,41.9,41.9
3688,41.9,41.9
3689,41.9,41.9
3690,41.9,41.9
3691,41.9,41.9
3692,41.9,41.9
3693,41.9,41.9
3694,41.9,41.9
3695,41.9,41.9
3696,41.9,41.9
3697,41.9,41.9
3698,41.9,41.9
3699,41.9,41.9
3700,41.9,41.9
3701,41.9,41.9
3702,41.9,41.9
3703,41.9,41.9
3704,41.9,41.9
3705,41.9,41.9
3706,41.9,41.9
3707,41.9,41.9
3708,41.9,41.9
3709,41.9,41.9
3710,41.9,41.9
3711,41.9,41.9
3712,41.9,41.9
3713,41.9,41.9
3714,41.9,41.9
3715,41.9,41.9
3716,41.9,41.9
3717,41.9,41.9
3718,41.9,41.9
3719,41.9,41.9
3720,41.9,41.9
3721,41.9,41.9
3722,41.9,41.9
3723,41.9,41.9
3724,41.9,41.9
3725,41.9,41.9
3726,41.9,41.9
3727,41.9,41.9
3728,41.9,41.9
3729,41.9,41.9
3730,41.9,41.9
3731,41.9,41.9
3732,41.9,41.9
3733,41.9,41.9
3734,41.9,41.9
3735,41.9,41.9
3736,41.9,41.9
3737,41.9,41.9
3738,41.9,41.9
3739,41.9,41.9
3740,41.9,41.9
3741,41.9,41.9
3742,41.9,41.9
3743,41.9,41.9
3744,41.9,41.9
3745,41.9,41.9
3746,41.9,41.9
3747,41.9,41.9
3748,41.9,41.9
3749,41.9,41.9
3750,41.9,41.9
3751,41.9,41.9
3752,41.9,41.9
3753,41.9,41.9
3754,41.9,41.9
3755,41.9,41.9
3756,41.9,41.9
3757,41.9,41.9
3758,41.9,41.9
3759,41.9,41.9
3760,41.9,41.9
3761,41.9,41.9
3762,41.9,41.9
3763,41.9,41.9
3764,41.9,41.9
3765,41.9,41.9
3766,41.9,41.9
3767,41.9,41.9
3768,41.9,41.9
3769,41.9,41.9
3770,41.9,41.9
3771,41.9,41.9
3772,41.9,41.9
3773,41.9,41.9
3774,41.9,41.9
3775,41.9,41.9
3776,41.9,41.9
3777,41.9,41.9
3778,41.9,41.9
3779,41.9,41.9
3780,41.9,41.9
3781,41.9,41.9
3782,41.9,41.9
3783,41.9,41.9
3784,41.9,41.9
3785,41.9,41.9
3786,41.9,41.9
3787,41.9,41.9
3788,41.9,41.9
3789,41.9,41.9
3790,41.9,41.9
3791,41.9,41.9
3792,41.9,41.9
3793,41.9,41.9
3794,41.9,41.9
3795,41.9,41.9
3796,41.9,41.9
3797,41.9,41.9
3798,41.9,41.9
3799,41.9,41.9
3800,41.9,41.9
3801,41.9,41.9
3802,41.9,41.9
3803,41.9,41.9
3804,41.9,41.9
3805,41.9,41.9
3806,41.9,41.9
3807,41.9,41.9
3808,41.9,41.9
3809,41.9,41.9
3810,41.9,41.9
3811,41.9,41.9
3812,41.9,41.9
3813,41.9,41.9
3814,41.9,41.9
3815,41.9,41.9
3816,41.9,41.9
3817,41.9,41.9
3818,41.9,41.9
3819,41.9,41.9
3820,41.9,41.9
3821,41.9,41.9
3822,41.9,41.9
3823,41.9,41.9
3824,41.9,41.9
3825,41.9,41.9
3826,41.9,41.9
3827,41.9,41.9
3828,41.9,41.9
3829,41.9,41.9
3830,41.9,41.9
3831,41.9,41.9
3832,41.9,41.9
3833,41.9,41.9
3834,41.9,41.9
3835,41.9,41.9
3836,41.9,41.9
3837,41.9,41.9
3838,41.9,41.9
3839,41.9,41.9
3840,41.9,41.9
3841,41.9,41.9
3842,41.9,41.9
3843,41.9,41.9
3844,41.9,41.9
3845,41.9,41.9
3846,41.9,41.9
3847,41.9,41.9
3848,41.9,41.9
3849,41.9,41.9
3850,41.9,41.9
3851,41.9,41.9
3852,41.9,41.9
3853,41.9,41.9
3854,41.9,41.9
3855,41.9,41.9
3856,41.9,41.9
3857,41.9,41.9
3858,41.9,41.9
3859,41.9,41.9
3860,41.9,41.9
3861,41.9,41.9
3862,41.9,41.9
3863,41.9,41.9
3864,41.9,41.9
3865,41.9,41.9
3866,41.9,41.9
3867,41.9,41.9
3868,41.9,41.9
3869,41.9,41.9
3870,41.9,41.9
3871,41.9,41.9
3872,41.9,41.9
3873,41.9,41.9
3874,41.9,41.9
3875,41.9,41.9
3876,41.9,41.9
3877,41.9,41.9
3878,41.9,41.9
3879,41.9,41.9
3880,41.9,41.9
3881,41.9,41.9
3882,41.9,41.9
3883,41.9,41.9
3884,41.9,41.9
3885,41.9,41.9
3886,41.9,41.9
3887,41.9,41.9
3888,41.9,41.9
3889,41.9,41.9
3890,41.9,41.9
3891,41.9,41.9
3892,41.9,41.9
3893,41.9,41.9
3894,41.9,41.9
3895,41.9,41.9
3896,41.9,41.9
3897,41.9,41.9
3898,41.9,41.9
3899,41.9,41.9
3900,41.9,41.9
3901,41.9,41.9
3902,41.9,41.9
3903,41.9,41.9
3904,41.9,41.9
3905,41.9,41.9
3906,41.9,41.9
3907,41.9,41.9
3908,41.9,41.9
3909,41.9,41.9
3910,41.9,41.9
3911,41.9,41.9
3912,41.9,41.9
3913,41.9,41.9
3914,41.9,41.9
3915,41.9,41.9
3916,41.9,41.9
3917,41.9,41.9
3918,41.9,41.9
3919,41.9,41.9
3920,41.9,41.9
3921,41.9,41.9
3922,41.9,41.9
3923,41.9,41.9
3924,41.9,41.9
3925,41.9,41.9
3926,41.9,41.9
3927,41.9,41.9
3928,41.9,41.9
3929,41.9,41.9
3930,41.9,41.9
3931,41.9,41.9
3932,41.9,41.9
3933,41.9,41.9
3934,41.9,41.9
3935,41.9,41.9
3936,41.9,41.9
3937,41.9,41.9
3938,41.9,41.9
3939,41.9,41.9
3940,41.9,41.9
3941,41.9,41.9
3942,41.9,41.9
3943,41.9,41.9
3944,41.9,41.9
3945,41.9,41.9
3946,41.9,41.9
3947,41.9,41.9
3948,41.9,41.9
3949,41.9,41.9
3950,41.9,41.9
3951,41.9,41.9
3952,41.9,41.9
3953,41.9,41.9
3954,41.9,41.9
3955,41.9,41.9
3956,41.9,41.9
3957,41.9,41.9
3958,41.9,41.9
3959,41.9,41.9
3960,41.9,41.9
3961,41.9,41.9
3962,41.9,41.9
3963,41.9,41.9
3964,41.9,41.9
3965,41.9,41.9
3966,41.9,41.9
3967,41.9,41.9
3968,41.9,41.9
3969,41.9,41.9
3970,41.9,41.9
3971,41.9,41.9
3972,41.9,41.9
3973,41.9,41.9
3974,41.9,41.9
3975,41.9,41.9
3976,41.9,41.9
3977,41.9,41.9
3978,41.9,41.9
3979,41.9,41.9
3980,41.9,41.9
3981,41.9,41.9
3982,41.9,41.9
3983,41.9,41.9
3984,41.9,41.9
3985,41.9,41.9
3986,41.9,41.9
3987,41.9,41.9
3988,41.9,41.9
3989,41.9,41.9
3990,41.9,41.9
3991,41.9,41.9
3992,41.9,41.9
3993,41.9,41.9
3994,41.9,41.9
3995,41.9,41.9
3996,41.9,41.9
3997,41.9,41.9
3998,41.9,41.9
3999,41.9,41.9
4000,41.9,41.9
4001,41.9,41.9
4002,41.9,41.9
4003,41.9,41.9
4004,41.9,41.9
4005,41.9,41.9
4006,41.9,41.9
4007,41.9,41.9
4008,41.9,41.9
4009,41.9,41.9
4010,41.9,41.9
4011,41.9,41.9
4012,41.9,41.9
4013,41.9,41.9
4014,41.9,41.9
4015,41.9,41.9
4016,41.9,41.9
4017,41.9,41.9
4018,41.9,41.9
4019,41.9,41.9
4020,41.9,41.9
4021,41.9,41.9
4022,41.9,41.9
4023,41.9,41.9
4024,41.9,41.9
4025,41.9,41.9
4026,41.9,41.9
4027,41.9,41.9
4028,41.9,41.9
4029,41.9,41.9
4030,41.9,41.9
4031,41.9,41.9
4032,41.9,41.9
4033,41.9,41.9
4034,41.9,41.9
4035,41.9,41.9
4036,41.9,41.9
4037,41.9,41.9
4038,41.9,41.9
4039,41.9,41.9
4040,41.9,41.9
4041,41.9,41.9
4042,41.9,41.9
4043,41.9,41.9
4044,41.9,41.9
4045,41.9,41.9
4046,41.9,41.9
4047,41.9,41.9
4048,41.9,41.9
4049,41.9,41.9
4050,41.9,41.9
4051,41.9,41.9
4052,41.9,41.9
4053,41.9,41.9
4054,41.9,41.9
4055,41.9,41.9
4056,41.9,41.9
4057,41.9,41.9
4058,41.9,41.9
4059,41.9,41.9
4060,41.9,41.9
4061,41.9,41.9
4062,41.9,41.9
4063,41.9,41.9
4064,41.9,41.9
4065,41.9,41.9
4066,41.9,41.9
4067,41.9,41.9
4068,41.9,41.9
4069,41.9,41.9
4070,41.9,41.9
4071,41.9,41.9
4072,41.9,41.9
4073,41.9,41.9
4074,41.9,41.9
4075,41.9,41.9
4076,41.9,41.9
4077,41.9,41.9
4078,41.9,41.9
4079,41.9,41.9
4080,41.9,41.9
4081,41.9,41.9
4082,41.9,41.9
4083,41.9,41.9
4084,41.9,41.9
4085,41.9,41.9
4086,41.9,41.9
4087,41.9,41.9
4088,41.9,41.9
4089,41.9,41.9
4090,41.9,41.9
4091,41.9,41.9
4092,41.9,41.9
4093,41.9,41.9
4094,41.9,41.9
4095,41.9,41.9
4096,41.9,41.9
4097,41.9,41.9
4098,41.9,41.9
4099,41.9,41.9
4100,41.9,41.9
4101,41.9,41.9
4102,41.9,41.9
4103,41.9,41.9
4104,41.9,41.9
4105,41.9,41.9
4106,41.9,41.9
4107,41.9,41.9
4108,41.9,41.9
4109,41.9,41.9
4110,41.9,41.9
4111,41.9,41.9
4112,41.9,41.9
4113,41.9,41.9
4114,41.9,41.9
4115,41.9,41.9
4116,41.9,41.9
4117,41.9,41.9
4118,41.9,41.9
4119,41.9,41.9
4120,41.9,41.9
4121,41.9,41.9
4122,41.9,41.9
4123,41.9,41.9
4124,41.9,41.9
4125,41.9,41.9
4126,41.9,41.9
4127,41.9,41.9
4128,41.9,41.9
4129,41.9,41.9
4130,41.9,41.9
4131,41.9,41.9
4132,41.9,41.9
4133,41.9,41.9
4134,41.9,41.9
4135,41.9,41.9
4136,41.9,41.9
4137,41.9,41.9
4138,41.9,41.9
4139,41.9,41.9
4140,41.9,41.9
4141,41.9,41.9
4142,41.9,41.9
4143,41.9,41.9
4144,41.9,41.9
4145,41.9,41.9
4146,41.9,41.9
4147,41.9,41.9
4148,41.9,41.9
4149,41.9,41.9
4150,41.9,41.9
4151,41.9,41.9
4152,41.9,41.9
4153,41.9,41.9
4154,41.9,41.9
4155,41.9,41.9
4156,41.9,41.9
4157,41.9,41.9
4158,41.9,41.9
4159,41.9,41.9
4160,41.9,41.9
4161,41.9,41.9
4162,41.9,41.9
4163,41.9,41.9
4164,41.9,41.9
4165,41.9,41.9
4166,41.9,41.9
4167,41.9,41.9
4168,41.9,41.9
4169,41.9,41.9
4170,41.9,41.9
4171,41.9,41.9
4172,41.9,41.9
4173,41.9,41.9
4174,41.9,41.9
4175,41.9,41.9
4176,41.9,41.9
4177,41.9,41.9
4178,41.9,41.9
4179,41.9,41.9
4180,41.9,41.9
4181,41.9,41.9
4182,41.9,41.9
4183,41.9,41.9
4184,41.9,41.9
4185,41.9,41.9
4186,41.9,41.9
4187,41.9,41.9
4188,41.9,41.9
4189,41.9,41.9
4190,41.9,41.9
4191,41.9,41.9
4192,41.9,41.9
4193,41.9,41.9
4194,41.9,41.9
4195,41.9,41.9
4196,41.9,41.9
4197,41.9,41.9
4198,41.9,41.9
4199,41.9,41.9
4200,41.9,41.9
4201,41.9,41.9
4202,41.9,41.9
4203,41.9,41.9
4204,41.9,41.9
4205,41.9,41.9
4206,41.9,41.9
4207,41.9,41.9
4208,41.9,41.9
4209,41.9,41.9
4210,41.9,41.9
4211,41.9,41.9
4212,41.9,41.9
4213,41.9,41.9
4214,41.9,41.9
4215,41.9,41.9
4216,41.9,41.9
4217,41.9,41.9
4218,41.9,41.9
4219,41.9,41.9
4220,41.9,41.9
4221,41.9,41.9
4222,41.9,41.9
4223,41.9,41.9
4224,41.9,41.9
4225,41.9,41.9
4226,41.9,41.9
4227,41.9,41.9
4228,41.9,41.9
4229,41.9,41.9
4230,41.9,41.9
4231,41.9,41.9
4232,41.9,41.9
4233,41.9,41.9
4234,41.9,41.9
4235,41.9,41.9
4236,41.9,41.9
4237,41.9,41.9
4238,41.9,41.9
4239,41.9,41.9
4240,41.9,41.9
4241,41.9,41.9
4242,41.9,41.9
4243,41.9,41.9
4244,41.9,41.9
4245,41.9,41.9
4246,41.9,41.9
4247,41.9,41.9
4248,41.9,41.9
4249,41.9,41.9
4250,41.9,41.9
4251,41.9,41.9
4252,41.9,41.9
4253,41.9,41.9
4254,41.9,41.9
4255,41.9,41.9
4256,41.9,41.9
4257,41.9,41.9
4258,41.9,41.9
4259,41.9,41.9
4260,41.9,41.9
4261,41.9,41.9
4262,41.9,41.9
4263,41.9,41.9
4264,41.9,41.9
4265,41.9,41.9
4266,41.9,41.9
4267,41.9,41.9
4268,41.9,41.9
4269,41.9,41.9
4270,41.9,41.9
4271,41.9,41.9
4272,41.9,41.9
4273,41.9,41.9
4274,41.9,41.9
4275,41.9,41.9
4276,41.9,41.9
4277,41.9,41.9
4278,41.9,41.9
4279,41.9,41.9
4280,41.9,41.9
4281,41.9,41.9
4282,41.9,41.9
4283,41.9,41.9
4284,41.9,41.9
4285,41.9,41.9
4286,41.9,41.9
4287,41.9,41.9
4288,41.9,41.9
4289,41.9,41.9
4290,41.9,41.9
4291,41.9,41.9
4292,41.9,41.9
4293,41.9,41.9
4294,41.9,41.9
4295,41.9,41.9
4296,41.9,41.9
4297,41.9,41.9
4298,41.9,41.9
4299,41.9,41.9
4300,41.9,41.9
4301,41.9,41.9
4302,41.9,41.9
4303,41.9,41.9
4304,41.9,41.9
4305,41.9,41.9
4306,41.9,41.9
4307,41.9,41.9
4308,41.9,41.9
4309,41.9,41.9
4310,41.9,41.9
4311,41.9,41.9
4312,41.9,41.9
4313,41.9,41.9
4314,41.9,41.9
4315,41.9,41.9
4316,41.9,41.9
4317,41.9,41.9
4318,41.9,41.9
4319,41.9,41.9
4320,41.9,41.9
4321,41.9,41.9
4322,41.9,41.9
4323,41.9,41.9
4324,41.9,41.9
4325,41.9,41.9
4326,41.9,41.9
4327,41.9,41.9
4328,41.9,41.9
4329,41.9,41.9
4330,41.9,41.9
4331,41.9,41.9
4332,41.9,41.9
4333,41.9,41.9
4334,41.9,41.9
4335,41.9,41.9
4336,41.9,41.9
4337,41.9,41.9
4338,41.9,41.9
4339,41.9,41.9
4340,41.9,41.9
4341,41.9,41.9
4342,41.9,41.9
4343,41.9,41.9
4344,41.9,41.9
4345,41.9,41.9
4346,41.9,41.9
4347,41.9,41.9
4348,41.9,41.9
4349,41.9,41.9
4350,41.9,41.9
4351,41.9,41.9
4352,41.9,41.9
4353,41.9,41.9
4354,41.9,41.9
4355,41.9,41.9
4356,41.9,41.9
4357,41.9,41.9
4358,41.9,41.9
4359,41.9,41.9
4360,41.9,41.9
4361,41.9,41.9
4362,41.9,41.9
4363,41.9,41.9
4364,41.9,41.9
4365,41.9,41.9
4366,41.9,41.9
4367,41.9,41.9
4368,41.9,41.9
4369,41.9,41.9
4370,41.9,41.9
4371,41.9,41.9
4372,41.9,41.9
4373,41.9,41.9
4374,41.9,41.9
4375,41.9,41.9
4376,41.9,41.9
4377,41.9,41.9
4378,41.9,41.9
4379,41.9,41.9
4380,41.9,41.9
4381,41.9,41.9
4382,41.9,41.9
4383,41.9,41.9
4384,41.9,41.9
4385,41.9,41.9
4386,41.9,41.9
4387,41.9,41.9
4388,41.9,41.9
4389,41.9,41.9
4390,41.9,41.9
4391,41.9,41.9
4392,41.9,41.9
4393,41.9,41.9
4394,41.9,41.9
4395,41.9,41.9
4396,41.9,41.9
4397,41.9,41.9
4398,41.9,41.9
4399,41.9,41.9
4400,41.9,41.9
4401,41.9,41.9
4402,41.9,41.9
4403,41.9,41.9
4404,41.9,41.9
4405,41.9,41.9
4406,41.9,41.9
4407,41.9,41.9
4408,41.9,41.9
4409,41.9,41.9
4410,41.9,41.9
4411,41.9,41.9
4412,41.9,41.9
4413,41.9,41.9
4414,41.9,41.9
4415,41.9,41.9
4416,41.9,41.9
4417,41.9,41.9
4418,41.9,41.9
4419,41.9,41.9
4420,41.9,41.9
4421,41.9,41.9
4422,41.9,41.9
4423,41.9,41.9
4424,41.9,41.9
4425,41.9,41.9
4426,41.9,41.9
4427,41.9,41.9
4428,41.9,41.9
4429,41.9,41.9
4430,41.9,41.9
4431,41.9,41.9
4432,41.9,41.9
4433,41.9,41.9
4434,41.9,41.9
4435,41.9,41.9
4436,41.9,41.9
4437,41.9,41.9
4438,41.9,41.9
4439,41.9,41.9
4440,41.9,41.9
4441,41.9,41.9
4442,41.9,41.9
4443,41.9,41.9
4444,41.9,41.9
4445,41.9,41.9
4446,41.9,41.9
4447,41.9,41.9
4448,41.9,41.9
4449,41.9,41.9
4450,41.9,41.9
4451,41.9,41.9
4452,41.9,41.9
4453,41.9,41.9
4454,41.9,41.9
4455,41.9,41.9
4456,41.9,41.9
4457,41.9,41.9
4458,41.9,41.9
4459,41.9,41.9
4460,41.9,41.9
4461,41.9,41.9
4462,41.9,41.9
4463,41.9,41.9
4464,41.9,41.9
4465,41.9,41.9
4466,41.9,41.9
4467,41.9,41.9
4468,41.9,41.9
4469,41.9,41.9
4470,41.9,41.9
4471,41.9,41.9
4472,41.9,41.9
4473,41.9,41.9
4474,41.9,41.9
4475,41.9,41.9
4476,41.9,41.9
4477,41.9,41.9
4478,41.9,41.9
4479,41.9,41.9
4480,41.9,41.9
4481,41.9,41.9
4482,41.9,41.9
4483,41.9,41.9
4484,41.9,41.9
4485,41.9,41.9
4486,41.9,41.9
4487,41.9,41.9
4488,41.9,41.9
4489,41.9,41.9
4490,41.9,41.9
4491,41.9,41.9
4492,41.9,41.9
4493,41.9,41.9
4494,41.9,41.9
4495,41.9,41.9
4496,41.9,41.9
4497,41.9,41.9
4498,41.9,41.9
4499,41.9,41.9
4500,41.9,41.9
4501,41.9,41.9
4502,41.9,41.9
4503,41.9,41.9
4504,41.9,41.9
4505,41.9,41.9
4506,41.9,41.9
4507,41.9,41.9
4508,41.9,41.9
4509,41.9,41.9
4510,41.9,41.9
4511,41.9,41.9
4512,41.9,41.9
4513,41.9,41.9
4514,41.9,41.9
4515,41.9,41.9
4516,41.9,41.9
4517,41.9,41.9
4518,41.9,41.9
4519,41.9,41.9
4520,41.9,41.9
4521,41.9,41.9
4522,41.9,41.9
4523,41.9,41.9
4524,41.9,41.9
4525,41.9,41.9
4526,41.9,41.9
4527,41.9,41.9
4528,41.9,41.9
4529,41.9,41.9
4530,41.9,41.9
4531,41.9,41.9
4532,41.9,41.9
4533,41.9,41.9
4534,41.9,41.9
4535,41.9,41.9
4536,41.9,41.9
4537,41.9,41.9
4538,41.9,41.9
4539,41.9,41.9
4540,41.9,41.9
4541,41.9,41.9
4542,41.9,41.9
4543,41.9,41.9
4544,41.9,41.9
4545,41.9,41.9
4546,41.9,41.9
4547,41.9,41.9
4548,41.9,41.9
4549,41.9,41.9
4550,41.9,41.9
4551,41.9,41.9
4552,41.9,41.9
4553,41.9,41.9
4554,41.9,41.9
4555,41.9,41.9
4556,41.9,41.9
4557,41.9,41.9
4558,41.9,41.9
4559,41.9,41.9
4560,41.9,41.9
4561,41.9,41.9
4562,41.9,41.9
4563,41.9,41.9
4564,41.9,41.9
4565,41.9,41.9
4566,41.9,41.9
4567,41.9,41.9
4568,41.9,41.9
4569,41.9,41.9
4570,41.9,41.9
4571,41.9,41.9
4572,41.9,41.9
4573,41.9,41.9
4574,41.9,41.9
4575,41.9,41.9
4576,41.9,41.9
4577,41.9,41.9
4578,41.9,41.9
4579,41.9,41.9
4580,41.9,41.9
4581,41.9,41.9
4582,41.9,41.9
4583,41.9,41.9
4584,41.9,41.9
4585,41.9,41.9
4586,41.9,41.9
4587,41.9,41.9
4588,41.9,41.9
4589,41.9,41.9
4590,41.9,41.9
4591,41.9,41.9
4592,41.9,41.9
4593,41.9,41.9
4594,41.9,41.9
4595,41.9,41.9
4596,41.9,41.9
4597,41.9,41.9
4598,41.9,41.9
4599,41.9,41.9
4600,41.9,41.9
4601,41.9,41.9
4602,41.9,41.9
4603,41.9,41.9
4604,41.9,41.9
4605,41.9,41.9
4606,41.9,41.9
4607,41.9,41.9
4608,41.9,41.9
4609,41.9,41.9
4610,41.9,41.9
4611,41.9,41.9
4612,41.9,41.9
4613,41.9,41.9
4614,41.9,41.9
4615,41.9,41.9
4616,41.9,41.9
4617,41.9,41.9
4618,41.9,41.9
4619,41.9,41.9
4620,41.9,41.9
4621,41.9,41.9
4622,41.9,41.9
4623,41.9,41.9
4624,41.9,41.9
4625,41.9,41.9
4626,41.9,41.9
4627,41.9,41.9
4628,41.9,41.9
4629,41.9,41.9
4630,41.9,41.9
4631,41.9,41.9
4632,41.9,41.9
4633,41.9,41.9
4634,41.9,41.9
4635,41.9,41.9
4636,41.9,41.9
4637,41.9,41.9
4638,41.9,41.9
4639,41.9,41.9
4640,41.9,41.9
4641,41.9,41.9
4642,41.9,41.9
4643,41.9,41.9
4644,41.9,41.9
4645,41.9,41.9
4646,41.9,41.9
4647,41.9,41.9
4648,41.9,41.9
4649,41.9,41.9
4650,41.9,41.9
4651,41.9,41.9
4652,41.9,41.9
4653,41.9,41.9
4654,41.9,41.9
4655,41.9,41.9
4656,41.9,41.9
4657,41.9,41.9
4658,41.9,41.9
4659,41.9,41.9
4660,41.9,41.9
4661,41.9,41.9
4662,41.9,41.9
4663,41.9,41.9
4664,41.9,41.9
4665,41.9,41.9
4666,41.9,41.9
4667,41.9,41.9
4668,41.9,41.9
4669,41.9,41.9
4670,41.9,41.9
4671,41.9,41.9
4672,41.9,41.9
4673,41.9,41.9
4674,41.9,41.9
4675,41.9,41.9
4676,41.9,41.9
4677,41.9,41.9
4678,41.9,41.9
4679,41.9,41.9
4680,41.9,41.9
4681,41.9,41.9
4682,41.9,41.9
4683,41.9,41.9
4684,41.9,41.9
4685,41.9,41.9
4686,41.9,41.9
4687,41.9,41.9
4688,41.9,41.9
4689,41.9,41.9
4690,41.9,41.9
4691,41.9,41.9
4692,41.9,41.9
4693,41.9,41.9
4694,41.9,41.9
4695,41.9,41.9
4696,41.9,41.9
4697,41.9,41.9
4698,41.9,41.9
4699,41.9,41.9
4700,41.9,41.9
4701,41.9,41.9
4702,41.9,41.9
4703,41.9,41.9
4704,41.9,41.9
4705,41.9,41.9
4706,41.9,41.9
4707,41.9,41.9
4708,41.9,41.9
4709,41.9,41.9
4710,41.9,41.9
4711,41.9,41.9
4712,41.9,41.9
4713,41.9,41.9
4714,41.9,41.9
4715,41.9,41.9
4716,41.9,41.9
4717,41.9,41.9
4718,41.9,41.9
4719,41.9,41.9
4720,41.9,41.9
4721,41.9,41.9
4722,41.9,41.9
4723,41.9,41.9
4724,41.9,41.9
4725,41.9,41.9
4726,41.9,41.9
4727,41.9,41.9
4728,41.9,41.9
4729,41.9,41.9
4730,41.9,41.9
4731,41.9,41.9
4732,41.9,41.9
4733,41.9,41.9
4734,41.9,41.9
4735,41.9,41.9
4736,41.9,41.9
4737,41.9,41.9
4738,41.9,41.9
4739,41.9,41.9
4740,41.9,41.9
4741,41.9,41.9
4742,41.9,41.9
4743,41.9,41.9
4744,41.9,41.9
4745,41.9,41.9
4746,41.9,41.9
4747,41.9,41.9
4748,41.9,41.9
4749,41.9,41.9
4750,41.9,41.9
4751,41.9,41.9
4752,41.9,41.9
4753,41.9,41.9
4754,41.9,41.9
4755,41.9,41.9
4756,41.9,41.9
4757,41.9,41.9
4758,41.9,41.9
4759,41.9,41.9
4760,41.9,41.9
4761,41.9,41.9
4762,41.9,41.9
4763,41.9,41.9
4764,41.9,41.9
4765,41.9,41.9
4766,41.9,41.9
4767,41.9,41.9
4768,41.9,41.9
4769,41.9,41.9
4770,41.9,41.9
4771,41.9,41.9
4772,41.9,41.9
4773,41.9,41.9
4774,41.9,41.9
4775,41.9,41.9
4776,41.9,41.9
4777,41.9,41.9
4778,41.9,41.9
4779,41.9,41.9
4780,41.9,41.9
4781,41.9,41.9
4782,41.9,41.9
4783,41.9,41.9
4784,41.9,41.9
4785,41.9,41.9
4786,41.9,41.9
4787,41.9,41.9
4788,41.9,41.9
4789,41.9,41.9
4790,41.9,41.9
4791,41.9,41.9
4792,41.9,41.9
4793,41.9,41.9
4794,41.9,41.9
4795,41.9,41.9
4796,41.9,41.9
4797,41.9,41.9
4798,41.9,41.9
4799,41.9,41.9
4800,41.9,41.9
4801,41.9,41.9
4802,41.9,41.9
4803,41.9,41.9
4804,41.9,41.9
4805,41.9,41.9
4806,41.9,41.9
4807,41.9,41.9
4808,41.9,41.9
4809,41.9,41.9
4810,41.9,41.9
4811,41.9,41.9
4812,41.9,41.9
4813,41.9,41.9
4814,41.9,41.9
4815,41.9,41.9
4816,41.9,41.9
4817,41.9,41.9
4818,41.9,41.9
4819,41.9,41.9
4820,41.9,41.9
4821,41.9,41.9
4822,41.9,41.9
4823,41.9,41.9
4824,41.9,41.9
4825,41.9,41.9
4826,41.9,41.9
4827,41.9,41.9
4828,41.9,41.9
4829,41.9,41.9
4830,41.9,41.9
4831,41.9,41.9
4832,41.9,41.9
4833,41.9,41.9
4834,41.9,41.9
4835,41.9,41.9
4836,41.9,41.9
4837,41.9,41.9
4838,41.9,41.9
4839,41.9,41.9
4840,41.9,41.9
4841,41.9,41.9
4842,41.9,41.9
4843,41.9,41.9
4844,41.9,41.9
4845,41.9,41.9
4846,41.9,41.9
4847,41.9,41.9
4848,41.9,41.9
4849,41.9,41.9
4850,41.9,41.9
4851,41.9,41.9
4852,41.9,41.9
4853,41.9,41.9
4854,41.9,41.9
4855,41.9,41.9
4856,41.9,41.9
4857,41.9,41.9
4858,41.9,41.9
4859,41.9,41.9
4860,41.9,41.9
4861,41.9,41.9
4862,41.9,41.9
4863,41.9,41.9
4864,41.9,41.9
4865,41.9,41.9
4866,41.9,41.9
4867,41.9,41.9
4868,41.9,41.9
4869,41.9,41.9
4870,41.9,41.9
4871,41.9,41.9
4872,41.9,41.9
4873,41.9,41.9
4874,41.9,41.9
4875,41.9,41.9
4876,41.9,41.9
4877,41.9,41.9
4878,41.9,41.9
4879,41.9,41.9
4880,41.9,41.9
4881,41.9,41.9
4882,41.9,41.9
4883,41.9,41.9
4884,41.9,41.9
4885,41.9,41.9
4886,41.9,41.9
4887,41.9,41.9
4888,41.9,41.9
4889,41.9,41.9
4890,41.9,41.9
4891,41.9,41.9
4892,41.9,41.9
4893,41.9,41.9
4894,41.9,41.9
4895,41.9,41.9
4896,41.9,41.9
4897,41.9,41.9
4898,41.9,41.9
4899,41.9,41.9
4900,41.9,41.9
4901,41.9,41.9
4902,41.9,41.9
4903,41.9,41.9
4904,41.9,41.9
4905,41.9,41.9
4906,41.9,41.9
4907,41.9,41.9
4908,41.9,41.9
4909,41.9,41.9
4910,41.9,41.9
4911,41.9,41.9
4912,41.9,41.9
4913,41.9,41.9
4914,41.9,41.9
4915,41.9,41.9
4916,41.9,41.9
4917,41.9,41.9
4918,41.9,41.9
4919,41.9,41.9
4920,41.9,41.9
4921,41.9,41.9
4922,41.9,41.9
4923,41.9,41.9
4924,41.9,41.9
4925,41.9,41.9
4926,41.9,41.9
4927,41.9,41.9
4928,41.9,41.9
4929,41.9,41.9
4930,41.9,41.9
4931,41.9,41.9
4932,41.9,41.9
4933,41.9,41.9
4934,41.9,41.9
4935,41.9,41.9
4936,41.9,41.9
4937,41.9,41.9
4938,41.9,41.9
4939,41.9,41.9
4940,41.9,41.9
4941,41.9,41.9
4942,41.9,41.9
4943,41.9,41.9
4944,41.9,41.9
4945,41.9,41.9
4946,41.9,41.9
4947,41.9,41.9
4948,41.9,41.9
4949,41.9,41.9
4950,41.9,41.9
4951,41.9,41.9
4952,41.9,41.9
4953,41.9,41.9
4954,41.9,41.9
4955,41.9,41.9
4956,41.9,41.9
4957,41.9,41.9
4958,41.9,41.9
4959,41.9,41.9
4960,41.9,41.9
4961,41.9,41.9
4962,41.9,41.9
4963,41.9,41.9
4964,41.9,41.9
4965,41.9,41.9
4966,41.9,41.9
4967,41.9,41.9
4968,41.9,41.9
4969,41.9,41.9
4970,41.9,41.9
4971,41.9,41.9
4972,41.9,41.9
4973,41.9,41.9
4974,41.9,41.9
4975,41.9,41.9
4976,41.9,41.9
4977,41.9,41.9
4978,41.9,41.9
4979,41.9,41.9
4980,41.9,41.9
4981,41.9,41.9
4982,41.9,41.9
4983,41.9,41.9
4984,41.9,41.9
4985,41.9,41.9
4986,41.9,41.9
4987,41.9,41.9
4988,41.9,41.9
4989,41.9,41.9
4990,41.9,41.9
4991,41.9,41.9
4992,41.9,41.9
4993,41.9,41.9
4994,41.9,41.9
4995,41.9,41.9
4996,41.9,41.9
4997,41.9,41.9
4998,41.9,41.9
4999,41.9,41.9
