,hsa_js,add_js
0,0.9,0.0
1,0.9,0.0
2,0.9,0.0
3,0.9,0.0
4,0.9,0.0
5,0.9,0.0
6,0.9,0.0
7,0.9,0.0
8,0.9,0.0
9,0.9,0.0
10,0.9,0.0
11,0.9,0.0
12,0.9,0.0
13,0.9,0.0
14,0.9,0.0
15,0.9,0.0
16,0.9,0.0
17,1.2000000000000002,0.0
18,1.2000000000000002,0.0
19,1.2000000000000002,0.0
20,1.2000000000000002,0.0
21,1.7000000000000002,0.0
22,1.7000000000000002,0.0
23,1.7000000000000002,0.0
24,1.7000000000000002,0.0
25,1.7000000000000002,0.0
26,1.7000000000000002,0.0
27,1.7000000000000002,0.0
28,1.7000000000000002,0.0
29,1.7000000000000002,0.0
30,1.8,0.0
31,1.8,0.0
32,1.8,0.0
33,1.8,0.0
34,1.8,0.0
35,1.8,0.0
36,1.8,0.0
37,1.8,0.0
38,1.8,0.0
39,1.8,0.0
40,1.8,0.0
41,1.8,0.0
42,1.8,0.0
43,1.8,0.0
44,1.8,0.0
45,1.8,0.0
46,1.8,0.0
47,1.8,0.0
48,1.8,0.0
49,1.8,0.0
50,1.8,0.0
51,1.8,0.0
52,1.8,0.0
53,1.8,0.0
54,1.8,0.0
55,1.8,0.0
56,1.8,0.0
57,1.8,0.0
58,1.9000000000000001,0.0
59,1.9000000000000001,0.0
60,1.9000000000000001,0.0
61,1.9000000000000001,0.0
62,1.9000000000000001,0.0
63,1.9000000000000001,0.0
64,1.9000000000000001,0.0
65,1.9000000000000001,0.0
66,1.9000000000000001,0.0
67,1.9000000000000001,0.0
68,1.9000000000000001,0.0
69,1.9000000000000001,0.0
70,1.9000000000000001,0.0
71,1.9000000000000001,0.0
72,2.0,0.0
73,2.0,0.0
74,2.0,0.0
75,2.0,0.0
76,2.0,0.0
77,2.0,0.0
78,2.0,0.0
79,2.0,0.0
80,2.0,0.0
81,2.0,0.0
82,2.0,0.0
83,2.0,0.0
84,2.0,0.0
85,2.0,0.0
86,2.0,0.0
87,2.0,0.0
88,2.0,0.0
89,2.0,0.0
90,2.0,0.0
91,2.0,0.0
92,2.0,0.0
93,2.0,0.0
94,2.0,0.0
95,2.0,0.0
96,2.0,0.0
97,2.0,0.0
98,2.0,0.0
99,2.0,0.0
100,2.0,0.0
101,2.0,0.0
102,2.0,0.0
103,2.0,0.0
104,2.0,0.0
105,2.0,0.0
106,2.0,0.0
107,2.0,0.0
108,2.0,0.0
109,2.0,0.0
110,2.0,0.0
111,2.4000000000000004,0.0
112,2.4000000000000004,0.0
113,2.4000000000000004,0.0
114,2.4000000000000004,0.0
115,2.4000000000000004,0.0
116,2.4000000000000004,0.0
117,2.4000000000000004,0.0
118,2.4000000000000004,0.0
119,2.4000000000000004,0.0
120,2.4000000000000004,0.0
121,2.4000000000000004,0.0
122,2.4000000000000004,0.0
123,2.4000000000000004,0.0
124,2.4000000000000004,0.0
125,2.4000000000000004,0.0
126,2.4000000000000004,0.0
127,2.4000000000000004,0.0
128,2.6,0.0
129,2.6,0.0
130,2.6,0.0
131,2.6,0.0
132,2.6,0.0
133,2.6,0.0
134,2.6,0.0
135,2.6,0.0
136,2.6,0.0
137,2.6,0.0
138,2.6,0.0
139,2.6,0.0
140,2.6,0.0
141,2.6,0.0
142,2.6,0.0
143,2.6,0.0
144,2.6,0.0
145,2.6,0.0
146,2.6,0.0
147,2.6,0.0
148,2.6,0.0
149,2.6,0.0
150,2.6,0.0
151,2.6,0.0
152,2.6,0.0
153,2.6,0.0
154,2.6,0.0
155,2.6,0.0
156,2.6,0.0
157,2.6,0.0
158,2.6,0.0
159,2.6,0.0
160,2.6,0.0
161,2.6,0.0
162,2.6,0.0
163,2.6,0.0
164,2.6,0.0
165,2.7,0.0
166,2.7,0.0
167,2.7,0.0
168,2.7,0.0
169,2.7,0.0
170,2.7,0.0
171,2.7,0.0
172,2.7,0.0
173,2.7,0.0
174,2.7,0.0
175,2.7,0.0
176,2.7,0.0
177,2.7,0.0
178,2.7,0.0
179,2.7,0.0
180,2.7,0.0
181,2.7,0.0
182,2.7,0.0
183,2.7,0.0
184,2.7,0.0
185,2.7,0.0
186,2.7,0.0
187,2.7,0.0
188,2.7,0.0
189,2.7,0.0
190,2.7,0.0
191,2.7,0.0
192,2.7,0.0
193,2.7,0.0
194,2.7,0.0
195,2.7,0.0
196,2.7,0.0
197,2.9000000000000004,0.0
198,2.9000000000000004,0.0
199,2.9000000000000004,0.0
200,2.9000000000000004,0.0
201,2.9000000000000004,0.0
202,2.9000000000000004,0.0
203,2.9000000000000004,0.0
204,2.9000000000000004,0.0
205,2.9000000000000004,0.0
206,2.9000000000000004,0.0
207,2.9000000000000004,0.0
208,2.9000000000000004,0.0
209,2.9000000000000004,0.0
210,2.9000000000000004,0.0
211,2.9000000000000004,0.0
212,2.9000000000000004,0.0
213,2.9000000000000004,0.0
214,2.9000000000000004,0.0
215,2.9000000000000004,0.0
216,2.9000000000000004,0.0
217,2.9000000000000004,0.0
218,2.9000000000000004,0.0
219,2.9000000000000004,0.0
220,2.9000000000000004,0.0
221,2.9000000000000004,0.0
222,2.9000000000000004,0.0
223,2.9000000000000004,0.0
224,2.9000000000000004,0.0
225,2.9000000000000004,0.0
226,3.3000000000000003,0.0
227,3.3000000000000003,0.0
228,3.3000000000000003,0.0
229,3.3000000000000003,0.0
230,3.3000000000000003,0.0
231,3.3000000000000003,0.0
232,3.3000000000000003,0.0
233,3.3000000000000003,0.0
234,3.3000000000000003,0.0
235,3.3000000000000003,0.0
236,3.3000000000000003,0.0
237,3.3000000000000003,0.0
238,3.3000000000000003,0.0
239,3.3000000000000003,0.0
240,3.3000000000000003,0.0
241,3.3000000000000003,0.0
242,3.3000000000000003,0.0
243,3.3000000000000003,0.0
244,3.3000000000000003,0.0
245,3.3000000000000003,0.0
246,3.3000000000000003,0.0
247,3.3000000000000003,0.0
248,3.3000000000000003,0.0
249,3.3000000000000003,0.0
250,3.3000000000000003,0.0
251,3.3000000000000003,0.0
252,3.3000000000000003,0.0
253,3.3000000000000003,0.0
254,3.3000000000000003,0.0
255,3.3000000000000003,0.0
256,3.3000000000000003,0.0
257,3.3000000000000003,0.0
258,3.3000000000000003,0.0
259,3.3000000000000003,0.0
260,3.3000000000000003,0.0
261,3.3000000000000003,0.0
262,3.3000000000000003,0.0
263,3.3000000000000003,0.0
264,3.3000000000000003,0.0
265,3.5,0.0
266,3.5,0.0
267,3.5,0.0
268,3.5,0.0
269,3.5,0.0
270,3.5,0.0
271,3.5,0.0
272,3.5,0.0
273,3.5,0.0
274,3.5,0.0
275,3.5,0.0
276,3.5,0.0
277,3.5,0.0
278,3.5,0.0
279,3.5,0.0
280,3.5,0.0
281,3.5,0.0
282,3.5,0.0
283,3.5,0.0
284,3.5,0.0
285,3.5,0.0
286,3.5,0.0
287,3.5,0.0
288,3.5,0.0
289,3.5,0.0
290,4.1000000000000005,0.0
291,4.1000000000000005,0.0
292,4.1000000000000005,0.0
293,4.1000000000000005,0.0
294,4.1000000000000005,0.0
295,4.1000000000000005,0.0
296,4.1000000000000005,0.0
297,4.1000000000000005,0.0
298,4.1000000000000005,0.0
299,4.1000000000000005,0.0
300,4.1000000000000005,0.0
301,4.1000000000000005,0.0
302,4.1000000000000005,0.0
303,4.1000000000000005,0.0
304,4.1000000000000005,0.0
305,4.1000000000000005,0.0
306,4.1000000000000005,0.0
307,4.1000000000000005,0.0
308,4.1000000000000005,0.0
309,4.1000000000000005,0.0
310,4.1000000000000005,0.0
311,4.1000000000000005,0.0
312,4.1000000000000005,0.0
313,4.1000000000000005,0.0
314,4.1000000000000005,0.0
315,4.1000000000000005,0.0
316,4.1000000000000005,0.0
317,4.1000000000000005,0.0
318,4.1000000000000005,0.0
319,4.1000000000000005,0.0
320,4.1000000000000005,0.0
321,4.1000000000000005,0.0
322,4.1000000000000005,0.0
323,4.1000000000000005,0.0
324,4.1000000000000005,0.0
325,4.1000000000000005,0.0
326,4.1000000000000005,0.0
327,4.3,0.0
328,4.3,0.0
329,4.3,0.0
330,4.3,0.0
331,4.3,0.0
332,4.3,0.0
333,4.3,0.0
334,4.3,0.0
335,4.3,0.0
336,4.3,0.0
337,4.3,0.0
338,4.3,0.0
339,4.3,0.0
340,4.3,0.0
341,4.3,0.0
342,4.3,0.0
343,4.3,0.0
344,4.3,0.0
345,4.3,0.0
346,4.3,0.0
347,4.3,0.0
348,4.3,0.0
349,4.3,0.0
350,4.3,0.0
351,4.3,0.0
352,4.3,0.0
353,4.800000000000001,0.0
354,4.800000000000001,0.0
355,4.800000000000001,0.0
356,4.800000000000001,0.0
357,4.800000000000001,0.0
358,4.800000000000001,0.0
359,4.800000000000001,0.0
360,4.800000000000001,0.0
361,4.800000000000001,0.0
362,4.800000000000001,0.0
363,4.800000000000001,0.0
364,4.800000000000001,0.0
365,4.800000000000001,0.0
366,4.800000000000001,0.0
367,4.800000000000001,0.0
368,4.800000000000001,0.0
369,4.800000000000001,0.0
370,4.800000000000001,0.0
371,4.800000000000001,0.0
372,4.800000000000001,0.0
373,4.800000000000001,0.0
374,4.800000000000001,0.0
375,4.800000000000001,0.0
376,4.800000000000001,0.0
377,4.800000000000001,0.0
378,4.800000000000001,0.0
379,4.800000000000001,0.0
380,4.800000000000001,0.0
381,4.800000000000001,0.0
382,4.800000000000001,0.0
383,4.800000000000001,0.0
384,4.800000000000001,0.0
385,4.800000000000001,0.0
386,4.800000000000001,0.0
387,4.800000000000001,0.0
388,4.800000000000001,0.0
389,5.0,0.0
390,5.0,0.0
391,5.0,0.0
392,5.0,0.0
393,5.0,0.0
394,5.0,0.0
395,5.0,0.0
396,5.0,0.0
397,5.0,0.0
398,5.0,0.0
399,5.0,0.0
400,5.0,0.0
401,5.0,0.0
402,5.0,0.0
403,5.0,0.0
404,5.0,0.0
405,5.0,0.0
406,5.0,0.0
407,5.0,0.0
408,5.0,0.0
409,5.0,0.0
410,5.0,0.0
411,5.0,0.0
412,5.0,0.0
413,5.0,0.0
414,5.0,0.0
415,5.0,0.0
416,5.0,0.0
417,5.0,0.0
418,5.0,0.0
419,5.0,0.0
420,5.0,0.0
421,5.0,0.0
422,5.0,0.0
423,5.0,0.0
424,5.0,0.0
425,5.0,0.0
426,5.0,0.0
427,5.0,0.0
428,5.0,0.0
429,5.0,0.0
430,5.0,0.0
431,5.0,0.0
432,5.0,0.0
433,5.0,0.0
434,5.0,0.0
435,5.0,0.0
436,5.0,0.0
437,5.0,0.0
438,5.0,0.0
439,5.0,0.0
440,5.0,0.0
441,5.0,0.0
442,5.0,0.0
443,5.0,0.0
444,5.0,0.0
445,5.0,0.0
446,5.0,0.0
447,5.0,0.0
448,5.0,0.0
449,5.0,0.0
450,5.0,0.0
451,5.2,0.0
452,5.2,0.0
453,5.2,0.0
454,5.2,0.0
455,5.2,0.0
456,5.2,0.0
457,5.2,0.0
458,5.2,0.0
459,5.2,0.0
460,5.2,0.0
461,5.2,0.0
462,5.2,0.0
463,5.2,0.0
464,5.2,0.0
465,5.2,0.0
466,5.2,0.0
467,5.2,0.0
468,5.2,0.0
469,5.2,0.0
470,5.2,0.0
471,5.2,0.0
472,5.2,0.0
473,5.2,0.0
474,5.2,0.0
475,5.2,0.0
476,5.2,0.0
477,5.2,0.0
478,5.2,0.0
479,5.2,0.0
480,5.2,0.0
481,5.2,0.0
482,5.2,0.0
483,5.2,0.0
484,5.2,0.0
485,5.2,0.0
486,6.2,0.0
487,6.2,0.0
488,6.2,0.0
489,6.2,0.0
490,6.2,0.0
491,6.2,0.0
492,6.2,0.0
493,6.2,0.0
494,6.2,0.0
495,6.2,0.0
496,6.2,0.0
497,6.2,0.0
498,6.2,0.0
499,6.2,0.0
500,6.2,0.0
501,6.2,0.0
502,6.2,0.0
503,6.2,0.0
504,6.2,0.0
505,6.2,0.0
506,6.2,0.0
507,6.2,0.0
508,6.2,0.0
509,6.2,0.0
510,6.2,0.0
511,6.2,0.0
512,6.2,0.0
513,6.2,0.0
514,6.2,0.0
515,6.2,0.0
516,6.2,0.0
517,6.2,0.0
518,6.2,0.0
519,6.2,0.0
520,6.2,0.0
521,6.2,0.0
522,6.2,0.0
523,6.2,0.0
524,6.2,0.0
525,6.2,0.0
526,6.2,0.0
527,6.7,0.0
528,6.7,0.0
529,6.7,0.0
530,6.7,0.0
531,6.7,0.0
532,6.7,0.0
533,6.7,0.0
534,6.7,0.0
535,6.7,0.0
536,6.7,0.0
537,6.7,0.0
538,6.7,0.0
539,6.7,0.0
540,6.7,0.0
541,6.7,0.0
542,6.7,0.0
543,6.7,0.0
544,6.7,0.0
545,6.7,0.0
546,6.7,0.0
547,6.7,0.0
548,7.0,0.0
549,7.0,0.0
550,7.0,0.0
551,7.0,0.0
552,7.0,0.0
553,7.0,0.0
554,7.0,0.0
555,7.0,0.0
556,7.0,0.0
557,7.0,0.0
558,7.0,0.0
559,7.0,0.0
560,7.0,0.0
561,7.0,0.0
562,7.0,0.0
563,7.0,0.0
564,7.0,0.0
565,7.0,0.0
566,7.0,0.0
567,7.0,0.0
568,7.0,0.0
569,7.0,0.0
570,7.0,0.0
571,7.0,0.0
572,7.0,0.0
573,7.0,0.0
574,7.0,0.0
575,7.0,0.0
576,7.0,0.0
577,7.0,0.0
578,7.0,0.0
579,7.0,0.0
580,7.0,0.0
581,7.0,0.0
582,7.0,0.0
583,7.1000000000000005,0.0
584,7.1000000000000005,0.0
585,7.1000000000000005,0.0
586,7.1000000000000005,0.0
587,7.1000000000000005,0.0
588,7.1000000000000005,0.0
589,7.1000000000000005,0.0
590,7.1000000000000005,0.0
591,7.1000000000000005,0.0
592,7.1000000000000005,0.0
593,7.1000000000000005,0.0
594,7.1000000000000005,0.0
595,7.1000000000000005,0.0
596,7.1000000000000005,0.0
597,7.1000000000000005,0.0
598,7.1000000000000005,0.0
599,7.1000000000000005,0.0
600,7.1000000000000005,0.0
601,7.1000000000000005,0.0
602,7.1000000000000005,0.0
603,7.1000000000000005,0.0
604,7.1000000000000005,0.0
605,7.1000000000000005,0.0
606,7.1000000000000005,0.0
607,7.300000000000001,0.0
608,7.300000000000001,0.0
609,7.300000000000001,0.0
610,7.300000000000001,0.0
611,7.300000000000001,0.0
612,7.300000000000001,0.0
613,7.300000000000001,0.0
614,7.300000000000001,0.0
615,7.300000000000001,0.0
616,7.300000000000001,0.0
617,7.300000000000001,0.0
618,7.300000000000001,0.0
619,7.300000000000001,0.0
620,7.300000000000001,0.0
621,7.300000000000001,0.0
622,7.300000000000001,0.0
623,7.300000000000001,0.0
624,7.300000000000001,0.0
625,7.300000000000001,0.0
626,8.5,0.0
627,8.5,0.0
628,8.5,0.0
629,8.5,0.0
630,8.5,0.0
631,8.5,0.0
632,8.5,0.0
633,8.5,0.0
634,8.5,0.0
635,8.5,0.0
636,8.5,0.0
637,8.5,0.0
638,8.5,0.0
639,8.5,0.0
640,8.5,0.0
641,8.5,0.0
642,8.5,0.0
643,8.5,0.0
644,8.5,0.0
645,8.5,0.0
646,8.5,0.0
647,8.5,0.0
648,8.5,0.0
649,8.5,0.0
650,8.5,0.0
651,8.5,0.0
652,8.5,0.0
653,8.5,0.0
654,8.5,0.0
655,8.5,0.0
656,8.5,0.0
657,8.5,0.0
658,8.5,0.0
659,8.5,0.0
660,8.5,0.0
661,8.5,0.0
662,9.5,0.0
663,9.5,0.0
664,9.5,0.0
665,9.5,0.0
666,9.5,0.0
667,9.5,0.0
668,9.5,0.0
669,9.5,0.0
670,9.5,0.0
671,9.5,0.0
672,9.5,0.0
673,9.5,0.0
674,9.5,0.0
675,9.5,0.0
676,9.5,0.0
677,9.5,0.0
678,9.5,0.0
679,9.5,0.0
680,9.5,0.0
681,9.5,0.0
682,9.5,0.0
683,9.5,0.0
684,9.5,0.0
685,9.5,0.0
686,9.5,0.0
687,9.5,0.0
688,9.5,0.0
689,9.5,0.0
690,9.5,0.0
691,9.5,0.0
692,9.5,0.0
693,9.5,0.0
694,9.5,0.0
695,9.5,0.0
696,9.5,0.0
697,9.5,0.0
698,9.5,0.0
699,9.5,0.0
700,9.5,0.0
701,9.5,0.0
702,9.5,0.0
703,9.5,0.0
704,9.5,0.0
705,9.5,0.0
706,9.5,0.0
707,9.5,0.0
708,9.9,0.0
709,9.9,0.0
710,9.9,0.0
711,9.9,0.0
712,9.9,0.0
713,9.9,0.0
714,9.9,0.0
715,9.9,0.0
716,9.9,0.0
717,9.9,0.0
718,9.9,0.0
719,9.9,0.0
720,9.9,0.0
721,9.9,0.0
722,9.9,0.0
723,9.9,0.0
724,9.9,0.0
725,9.9,0.0
726,9.9,0.0
727,9.9,0.0
728,9.9,0.0
729,9.9,0.0
730,9.9,0.0
731,9.9,0.0
732,9.9,0.0
733,9.9,0.0
734,9.9,0.0
735,9.9,0.0
736,9.9,0.0
737,9.9,0.0
738,9.9,0.0
739,9.9,0.0
740,9.9,0.0
741,9.9,0.0
742,9.9,0.0
743,9.9,0.0
744,9.9,0.0
745,10.3,0.0
746,10.3,0.0
747,10.3,0.0
748,10.3,0.0
749,10.3,0.0
750,10.3,0.0
751,10.3,0.0
752,10.3,0.0
753,10.3,0.0
754,10.3,0.0
755,10.3,0.0
756,10.3,0.0
757,10.3,0.0
758,10.3,0.0
759,10.3,0.0
760,10.3,0.0
761,10.3,0.0
762,10.3,0.0
763,10.3,0.0
764,10.3,0.0
765,10.3,0.0
766,10.3,0.0
767,10.3,0.0
768,10.3,0.0
769,10.3,0.0
770,10.3,0.0
771,10.3,0.0
772,10.3,0.0
773,10.3,0.0
774,10.3,0.0
775,10.3,0.0
776,10.3,0.0
777,10.3,0.0
778,10.3,0.0
779,10.3,0.0
780,10.3,0.0
781,10.3,0.0
782,10.3,0.0
783,10.3,0.0
784,10.3,0.0
785,10.3,0.0
786,10.3,0.0
787,10.5,0.0
788,10.5,0.0
789,10.5,0.0
790,10.5,0.0
791,10.5,0.0
792,10.5,0.0
793,10.5,0.0
794,10.5,0.0
795,10.5,0.0
796,10.5,0.0
797,10.5,0.0
798,10.5,0.0
799,10.5,0.0
800,10.5,0.0
801,10.5,0.0
802,10.5,0.0
803,10.5,0.0
804,10.5,0.0
805,10.5,0.0
806,10.5,0.0
807,10.5,0.0
808,10.5,0.0
809,10.5,0.0
810,10.5,0.0
811,10.5,0.0
812,10.5,0.0
813,10.5,0.0
814,10.5,0.0
815,10.5,0.0
816,10.5,0.0
817,10.5,0.0
818,10.5,0.0
819,10.5,0.0
820,10.5,0.0
821,10.5,0.0
822,10.5,0.0
823,10.5,0.0
824,10.600000000000001,0.0
825,10.600000000000001,0.0
826,10.600000000000001,0.0
827,10.600000000000001,0.0
828,10.600000000000001,0.0
829,10.600000000000001,0.0
830,10.600000000000001,0.0
831,10.600000000000001,0.0
832,10.600000000000001,0.0
833,10.600000000000001,0.0
834,10.600000000000001,0.0
835,10.600000000000001,0.0
836,10.600000000000001,0.0
837,10.600000000000001,0.0
838,10.600000000000001,0.0
839,10.600000000000001,0.0
840,10.600000000000001,0.0
841,10.600000000000001,0.0
842,10.600000000000001,0.0
843,10.600000000000001,0.0
844,10.600000000000001,0.0
845,10.600000000000001,0.0
846,10.600000000000001,0.0
847,10.600000000000001,0.0
848,10.600000000000001,0.0
849,10.600000000000001,0.0
850,10.600000000000001,0.0
851,10.600000000000001,0.0
852,10.600000000000001,0.0
853,10.600000000000001,0.0
854,10.600000000000001,0.0
855,10.600000000000001,0.0
856,10.600000000000001,0.0
857,10.600000000000001,0.0
858,10.600000000000001,0.0
859,10.600000000000001,0.0
860,10.600000000000001,0.0
861,11.700000000000001,0.0
862,11.700000000000001,0.0
863,11.700000000000001,0.0
864,11.700000000000001,0.0
865,11.700000000000001,0.0
866,11.700000000000001,0.0
867,11.700000000000001,0.0
868,11.700000000000001,0.0
869,11.700000000000001,0.0
870,11.700000000000001,0.0
871,11.700000000000001,0.0
872,11.700000000000001,0.0
873,11.700000000000001,0.0
874,11.700000000000001,0.0
875,11.700000000000001,0.0
876,11.700000000000001,0.0
877,11.700000000000001,0.0
878,11.700000000000001,0.0
879,11.700000000000001,0.0
880,11.700000000000001,0.0
881,11.700000000000001,0.0
882,11.700000000000001,0.0
883,11.700000000000001,0.0
884,11.700000000000001,0.0
885,11.700000000000001,0.0
886,11.700000000000001,0.0
887,11.700000000000001,0.0
888,11.700000000000001,0.0
889,11.700000000000001,0.0
890,11.700000000000001,0.0
891,11.700000000000001,0.0
892,11.700000000000001,0.0
893,11.700000000000001,0.0
894,11.700000000000001,0.0
895,11.700000000000001,0.0
896,11.700000000000001,0.0
897,11.700000000000001,0.0
898,11.700000000000001,0.0
899,11.700000000000001,0.0
900,11.700000000000001,0.0
901,11.700000000000001,0.0
902,11.700000000000001,0.0
903,11.700000000000001,0.0
904,11.700000000000001,0.0
905,11.700000000000001,0.0
906,11.700000000000001,0.0
907,11.700000000000001,0.0
908,11.700000000000001,0.0
909,11.700000000000001,0.0
910,11.700000000000001,0.0
911,11.700000000000001,0.0
912,11.700000000000001,0.0
913,11.700000000000001,0.0
914,11.700000000000001,0.0
915,11.700000000000001,0.0
916,11.700000000000001,0.0
917,11.700000000000001,0.0
918,11.700000000000001,0.0
919,11.700000000000001,0.0
920,11.700000000000001,0.0
921,11.700000000000001,0.0
922,11.700000000000001,0.0
923,11.700000000000001,0.0
924,11.700000000000001,0.0
925,11.700000000000001,0.0
926,11.700000000000001,0.0
927,11.700000000000001,0.0
928,11.700000000000001,0.0
929,11.700000000000001,0.0
930,11.700000000000001,0.0
931,11.700000000000001,0.0
932,11.700000000000001,0.0
933,11.700000000000001,0.0
934,11.700000000000001,0.0
935,11.700000000000001,0.0
936,11.700000000000001,0.0
937,11.700000000000001,0.0
938,11.700000000000001,0.0
939,11.700000000000001,0.0
940,11.700000000000001,0.0
941,11.700000000000001,0.0
942,11.700000000000001,0.0
943,11.700000000000001,0.0
944,11.700000000000001,0.0
945,11.700000000000001,0.0
946,11.700000000000001,0.0
947,11.700000000000001,0.0
948,11.700000000000001,0.0
949,11.700000000000001,0.0
950,11.700000000000001,0.0
951,11.700000000000001,0.0
952,11.700000000000001,0.0
953,11.700000000000001,0.0
954,11.700000000000001,0.0
955,11.700000000000001,0.0
956,11.700000000000001,0.0
957,11.700000000000001,0.0
958,11.700000000000001,0.0
959,12.600000000000001,0.0
960,12.600000000000001,0.0
961,12.600000000000001,0.0
962,12.600000000000001,0.0
963,12.600000000000001,0.0
964,12.600000000000001,0.0
965,12.600000000000001,0.0
966,12.600000000000001,0.0
967,12.600000000000001,0.0
968,12.600000000000001,0.0
969,12.600000000000001,0.0
970,12.600000000000001,0.0
971,12.600000000000001,0.0
972,12.600000000000001,0.0
973,12.600000000000001,0.0
974,12.600000000000001,0.0
975,12.600000000000001,0.0
976,12.600000000000001,0.0
977,12.600000000000001,0.0
978,12.600000000000001,0.0
979,12.600000000000001,0.0
980,12.600000000000001,0.0
981,12.600000000000001,0.0
982,12.600000000000001,0.0
983,12.600000000000001,0.0
984,12.600000000000001,0.0
985,12.600000000000001,0.0
986,12.600000000000001,0.0
987,12.600000000000001,0.0
988,12.600000000000001,0.0
989,12.600000000000001,0.0
990,12.600000000000001,0.0
991,12.600000000000001,0.0
992,12.600000000000001,0.0
993,12.600000000000001,0.0
994,12.600000000000001,0.0
995,12.600000000000001,0.0
996,13.3,0.0
997,13.3,0.0
998,13.3,0.0
999,13.3,0.0
1000,13.3,0.0
1001,13.3,0.0
1002,13.3,0.0
1003,13.3,0.0
1004,13.3,0.0
1005,13.3,0.0
1006,13.3,0.0
1007,13.3,0.0
1008,13.3,0.0
1009,13.3,0.0
1010,13.3,0.0
1011,13.3,0.0
1012,13.3,0.0
1013,13.3,0.0
1014,13.3,0.0
1015,13.3,0.0
1016,13.3,0.0
1017,13.3,0.0
1018,13.3,0.0
1019,13.3,0.0
1020,13.3,0.0
1021,13.3,0.0
1022,13.3,0.0
1023,13.3,0.0
1024,13.3,0.0
1025,13.3,0.0
1026,13.3,0.0
1027,13.3,0.0
1028,13.3,0.0
1029,13.3,0.0
1030,13.4,0.0
1031,13.4,0.0
1032,13.4,0.0
1033,13.4,0.0
1034,13.4,0.0
1035,13.4,0.0
1036,13.4,0.0
1037,13.4,0.0
1038,13.4,0.0
1039,13.4,0.0
1040,13.4,0.0
1041,13.4,0.0
1042,13.4,0.0
1043,13.4,0.0
1044,13.4,0.0
1045,13.4,0.0
1046,13.4,0.0
1047,13.4,0.0
1048,13.4,0.0
1049,13.4,0.0
1050,13.4,0.0
1051,13.4,0.0
1052,13.4,0.0
1053,13.4,0.0
1054,13.4,0.0
1055,13.4,0.0
1056,13.4,0.0
1057,13.4,0.0
1058,13.4,0.0
1059,13.4,0.0
1060,13.4,0.0
1061,13.4,0.0
1062,13.4,0.0
1063,13.4,0.0
1064,13.4,0.0
1065,13.4,0.0
1066,13.4,0.0
1067,13.4,0.0
1068,13.4,0.0
1069,13.4,0.0
1070,13.4,0.0
1071,13.4,0.0
1072,13.4,0.0
1073,13.4,0.0
1074,14.5,0.0
1075,14.5,0.0
1076,14.5,0.0
1077,14.5,0.0
1078,14.5,0.0
1079,14.5,0.0
1080,14.5,0.0
1081,14.5,0.0
1082,14.5,0.0
1083,14.5,0.0
1084,14.5,0.0
1085,14.5,0.0
1086,14.5,0.0
1087,14.5,0.0
1088,14.5,0.0
1089,14.5,0.0
1090,14.5,0.0
1091,14.5,0.0
1092,14.5,0.0
1093,14.5,0.0
1094,14.5,0.0
1095,14.5,0.0
1096,14.5,0.0
1097,14.5,0.0
1098,14.5,0.0
1099,14.5,0.0
1100,14.5,0.0
1101,14.5,0.0
1102,14.5,0.0
1103,14.5,0.0
1104,14.5,0.0
1105,14.5,0.0
1106,14.5,0.0
1107,14.5,0.0
1108,14.5,0.0
1109,14.5,0.0
1110,14.5,0.0
1111,14.5,0.0
1112,14.5,0.0
1113,14.5,0.0
1114,14.5,0.0
1115,14.5,0.0
1116,14.5,0.0
1117,14.5,0.0
1118,14.5,0.0
1119,14.5,0.0
1120,14.5,0.0
1121,14.5,0.0
1122,14.5,0.0
1123,14.5,0.0
1124,14.5,0.0
1125,14.5,0.0
1126,14.5,0.0
1127,14.5,0.0
1128,14.5,0.0
1129,14.5,0.0
1130,14.5,0.0
1131,14.5,0.0
1132,14.5,0.0
1133,14.5,0.0
1134,14.5,0.0
1135,14.5,0.0
1136,14.5,0.0
1137,14.5,0.0
1138,14.5,0.0
1139,14.5,0.0
1140,14.5,0.0
1141,14.5,0.0
1142,14.5,0.0
1143,14.5,0.0
1144,14.5,0.0
1145,14.5,0.0
1146,14.5,0.0
1147,14.5,0.0
1148,14.5,0.0
1149,14.5,0.0
1150,14.5,0.0
1151,14.5,0.0
1152,14.5,0.0
1153,14.5,0.0
1154,14.5,0.0
1155,14.5,0.0
1156,14.5,0.0
1157,14.5,0.0
1158,14.5,0.0
1159,14.5,0.0
1160,14.5,0.0
1161,14.5,0.0
1162,14.5,0.0
1163,14.5,0.0
1164,14.8,0.0
1165,14.8,0.0
1166,14.8,0.0
1167,14.8,0.0
1168,14.8,0.0
1169,14.8,0.0
1170,14.8,0.0
1171,14.8,0.0
1172,14.8,0.0
1173,14.8,0.0
1174,14.8,0.0
1175,14.8,0.0
1176,14.8,0.0
1177,14.8,0.0
1178,14.8,0.0
1179,14.8,0.0
1180,14.8,0.0
1181,14.8,0.0
1182,14.8,0.0
1183,14.8,0.0
1184,14.8,0.0
1185,14.8,0.0
1186,14.8,0.0
1187,14.8,0.0
1188,14.8,0.0
1189,14.8,0.0
1190,14.8,0.0
1191,14.8,0.0
1192,14.8,0.0
1193,14.8,0.0
1194,14.8,0.0
1195,14.8,0.0
1196,14.8,0.0
1197,14.8,0.0
1198,14.8,0.0
1199,14.8,0.0
1200,14.8,0.0
1201,14.8,0.0
1202,14.8,0.0
1203,14.8,0.0
1204,14.8,0.0
1205,14.8,0.0
1206,16.1,0.0
1207,16.1,0.0
1208,16.1,0.0
1209,16.1,0.0
1210,16.1,0.0
1211,16.1,0.0
1212,16.1,0.0
1213,16.1,0.0
1214,16.1,0.0
1215,16.1,0.0
1216,16.1,0.0
1217,16.1,0.0
1218,16.1,0.0
1219,16.1,0.0
1220,16.1,0.0
1221,16.1,0.0
1222,16.1,0.0
1223,16.1,0.0
1224,16.1,0.0
1225,16.1,0.0
1226,16.1,0.0
1227,16.1,0.0
1228,16.1,0.0
1229,16.1,0.0
1230,16.1,0.0
1231,16.1,0.0
1232,16.1,0.0
1233,16.1,0.0
1234,16.1,0.0
1235,16.1,0.0
1236,16.1,0.0
1237,16.1,0.0
1238,16.1,0.0
1239,16.1,0.0
1240,16.1,0.0
1241,16.1,0.0
1242,16.1,0.0
1243,16.1,0.0
1244,16.1,0.0
1245,16.1,0.0
1246,16.1,0.0
1247,16.1,0.0
1248,16.1,0.0
1249,16.1,0.0
1250,16.1,0.0
1251,16.1,0.0
1252,16.1,0.0
1253,16.1,0.0
1254,16.1,0.0
1255,16.1,0.0
1256,16.1,0.0
1257,16.1,0.0
1258,16.1,0.0
1259,16.1,0.0
1260,16.1,0.0
1261,16.1,0.0
1262,16.1,0.0
1263,16.1,0.0
1264,16.1,0.0
1265,16.1,0.0
1266,16.1,0.0
1267,16.1,0.0
1268,16.1,0.0
1269,16.1,0.0
1270,16.1,0.0
1271,16.1,0.0
1272,16.1,0.0
1273,16.1,0.0
1274,16.1,0.0
1275,16.1,0.0
1276,16.1,0.0
1277,16.1,0.0
1278,16.1,0.0
1279,16.1,0.0
1280,16.1,0.0
1281,16.1,0.0
1282,16.1,0.0
1283,16.1,0.0
1284,16.1,0.0
1285,16.1,0.0
1286,16.1,0.0
1287,16.1,0.0
1288,16.1,0.0
1289,16.1,0.0
1290,16.1,0.0
1291,16.1,0.0
1292,16.1,0.0
1293,16.1,0.0
1294,16.1,0.0
1295,16.1,0.0
1296,16.1,0.0
1297,16.1,0.0
1298,16.1,0.0
1299,16.1,0.0
1300,16.1,0.0
1301,16.400000000000002,0.0
1302,16.400000000000002,0.0
1303,16.400000000000002,0.0
1304,16.400000000000002,0.0
1305,16.400000000000002,0.0
1306,16.400000000000002,0.0
1307,16.400000000000002,0.0
1308,16.400000000000002,0.0
1309,16.400000000000002,0.0
1310,16.400000000000002,0.0
1311,16.400000000000002,0.0
1312,16.400000000000002,0.0
1313,16.400000000000002,0.0
1314,16.400000000000002,0.0
1315,16.400000000000002,0.0
1316,16.400000000000002,0.0
1317,16.400000000000002,0.0
1318,16.400000000000002,0.0
1319,16.400000000000002,0.0
1320,16.400000000000002,0.0
1321,16.400000000000002,0.0
1322,16.400000000000002,0.0
1323,16.400000000000002,0.0
1324,16.400000000000002,0.0
1325,16.400000000000002,0.0
1326,16.400000000000002,0.0
1327,16.400000000000002,0.0
1328,16.400000000000002,0.0
1329,16.400000000000002,0.0
1330,16.400000000000002,0.0
1331,16.400000000000002,0.0
1332,16.400000000000002,0.0
1333,16.400000000000002,0.0
1334,16.400000000000002,0.0
1335,16.400000000000002,0.0
1336,16.400000000000002,0.0
1337,16.400000000000002,0.0
1338,16.5,0.0
1339,16.5,0.0
1340,16.5,0.0
1341,16.5,0.0
1342,16.5,0.0
1343,16.5,0.0
1344,16.5,0.0
1345,16.5,0.0
1346,16.5,0.0
1347,16.5,0.0
1348,16.5,0.0
1349,16.5,0.0
1350,16.5,0.0
1351,16.5,0.0
1352,16.5,0.0
1353,16.5,0.0
1354,16.5,0.0
1355,16.5,0.0
1356,16.5,0.0
1357,16.5,0.0
1358,16.5,0.0
1359,16.5,0.0
1360,16.5,0.0
1361,16.5,0.0
1362,16.5,0.0
1363,16.5,0.0
1364,16.5,0.0
1365,16.5,0.0
1366,16.5,0.0
1367,16.5,0.0
1368,16.5,0.0
1369,16.5,0.0
1370,16.5,0.0
1371,16.5,0.0
1372,16.5,0.0
1373,16.5,0.0
1374,16.5,0.0
1375,16.5,0.0
1376,16.5,0.0
1377,16.5,0.0
1378,16.5,0.0
1379,16.5,0.0
1380,16.5,0.0
1381,16.5,0.0
1382,16.5,0.0
1383,16.5,0.0
1384,16.5,0.0
1385,16.5,0.0
1386,16.5,0.0
1387,16.5,0.0
1388,16.5,0.0
1389,16.5,0.0
1390,16.5,0.0
1391,16.5,0.0
1392,16.5,0.0
1393,16.5,0.0
1394,16.5,0.0
1395,16.5,0.0
1396,16.5,0.0
1397,16.5,0.0
1398,16.5,0.0
1399,16.5,0.0
1400,16.5,0.0
1401,16.5,0.0
1402,16.5,0.0
1403,17.8,0.0
1404,17.8,0.0
1405,17.8,0.0
1406,17.8,0.0
1407,17.8,0.0
1408,17.8,0.0
1409,17.8,0.0
1410,17.8,0.0
1411,17.8,0.0
1412,17.8,0.0
1413,17.8,0.0
1414,17.8,0.0
1415,17.8,0.0
1416,17.8,0.0
1417,17.8,0.0
1418,17.8,0.0
1419,17.8,0.0
1420,17.8,0.0
1421,17.8,0.0
1422,17.8,0.0
1423,17.8,0.0
1424,17.8,0.0
1425,17.8,0.0
1426,17.8,0.0
1427,17.8,0.0
1428,17.8,0.0
1429,17.8,0.0
1430,17.8,0.0
1431,17.8,0.0
1432,17.8,0.0
1433,17.8,0.0
1434,17.8,0.0
1435,17.8,0.0
1436,17.8,0.0
1437,17.8,0.0
1438,17.8,0.0
1439,17.8,0.0
1440,17.8,0.0
1441,17.8,0.0
1442,17.8,0.0
1443,17.8,0.0
1444,17.8,0.0
1445,17.8,0.0
1446,17.8,0.0
1447,17.8,0.0
1448,17.8,0.0
1449,17.8,0.0
1450,17.8,0.0
1451,17.8,0.0
1452,17.8,0.0
1453,17.8,0.0
1454,17.8,0.0
1455,17.8,0.0
1456,17.8,0.0
1457,17.8,0.0
1458,17.8,0.0
1459,17.8,0.0
1460,17.8,0.0
1461,17.8,0.0
1462,17.8,0.0
1463,17.8,0.0
1464,17.8,0.0
1465,17.8,0.0
1466,17.8,0.0
1467,17.8,0.0
1468,17.8,0.0
1469,17.8,0.0
1470,17.8,0.0
1471,17.8,0.0
1472,17.8,0.0
1473,17.8,0.0
1474,17.8,0.0
1475,17.8,0.0
1476,17.8,0.0
1477,17.8,0.0
1478,17.8,0.0
1479,17.8,0.0
1480,17.8,0.0
1481,17.8,0.0
1482,17.8,0.0
1483,17.8,0.0
1484,17.8,0.0
1485,17.8,0.0
1486,17.8,0.0
1487,17.8,0.0
1488,17.8,0.0
1489,17.8,0.0
1490,17.8,0.0
1491,17.8,0.0
1492,17.8,0.0
1493,17.8,0.0
1494,17.8,0.0
1495,17.8,0.0
1496,17.8,0.0
1497,17.8,0.0
1498,17.8,0.0
1499,17.8,0.0
1500,17.8,0.0
1501,17.8,0.0
1502,17.8,0.0
1503,17.8,0.0
1504,17.8,0.0
1505,17.8,0.0
1506,17.8,0.0
1507,17.8,0.0
1508,17.8,0.0
1509,17.8,0.0
1510,17.8,0.0
1511,17.8,0.0
1512,17.8,0.0
1513,17.8,0.0
1514,17.8,0.0
1515,17.8,0.0
1516,17.8,0.0
1517,17.8,0.0
1518,17.8,0.0
1519,17.8,0.0
1520,17.8,0.0
1521,17.8,0.0
1522,17.8,0.0
1523,17.8,0.0
1524,17.8,0.0
1525,17.8,0.0
1526,17.8,0.0
1527,17.8,0.0
1528,17.8,0.0
1529,17.8,0.0
1530,17.8,0.0
1531,17.8,0.0
1532,17.8,0.0
1533,17.8,0.0
1534,17.8,0.0
1535,17.8,0.0
1536,17.8,0.0
1537,17.8,0.0
1538,17.8,0.0
1539,17.8,0.0
1540,17.8,0.0
1541,17.8,0.0
1542,17.8,0.0
1543,17.8,0.0
1544,17.8,0.0
1545,18.0,0.0
1546,18.0,0.0
1547,18.0,0.0
1548,18.0,0.0
1549,18.0,0.0
1550,18.0,0.0
1551,18.0,0.0
1552,18.0,0.0
1553,18.0,0.0
1554,18.0,0.0
1555,18.0,0.0
1556,18.0,0.0
1557,18.0,0.0
1558,18.0,0.0
1559,18.0,0.0
1560,18.0,0.0
1561,18.0,0.0
1562,18.0,0.0
1563,18.0,0.0
1564,18.0,0.0
1565,18.0,0.0
1566,18.0,0.0
1567,18.0,0.0
1568,18.0,0.0
1569,18.0,0.0
1570,18.0,0.0
1571,18.0,0.0
1572,18.0,0.0
1573,18.0,0.0
1574,18.0,0.0
1575,18.0,0.0
1576,18.0,0.0
1577,18.0,0.0
1578,18.0,0.0
1579,18.0,0.0
1580,18.0,0.0
1581,18.0,0.0
1582,18.0,0.0
1583,18.0,0.0
1584,18.0,0.0
1585,18.0,0.0
1586,18.0,0.0
1587,18.0,0.0
1588,18.0,0.0
1589,18.0,0.0
1590,18.0,0.0
1591,18.0,0.0
1592,18.0,0.0
1593,18.0,0.0
1594,18.0,0.0
1595,18.0,0.0
1596,18.0,0.0
1597,18.0,0.0
1598,18.0,0.0
1599,18.0,0.0
1600,18.0,0.0
1601,18.0,0.0
1602,18.0,0.0
1603,18.0,0.0
1604,18.0,0.0
1605,18.0,0.0
1606,18.0,0.0
1607,18.0,0.0
1608,18.0,0.0
1609,18.0,0.0
1610,18.0,0.0
1611,18.0,0.0
1612,18.0,0.0
1613,18.0,0.0
1614,18.0,0.0
1615,18.0,0.0
1616,18.0,0.0
1617,18.0,0.0
1618,18.0,0.0
1619,18.0,0.0
1620,18.0,0.0
1621,18.0,0.0
1622,18.0,0.0
1623,18.0,0.0
1624,18.0,0.0
1625,18.0,0.0
1626,18.0,0.0
1627,18.0,0.0
1628,18.0,0.0
1629,18.0,0.0
1630,18.0,0.0
1631,18.0,0.0
1632,18.0,0.0
1633,18.0,0.0
1634,18.0,0.0
1635,18.0,0.0
1636,18.0,0.0
1637,18.0,0.0
1638,18.0,0.0
1639,18.0,0.0
1640,18.0,0.0
1641,18.0,0.0
1642,18.0,0.0
1643,18.0,0.0
1644,18.0,0.0
1645,18.0,0.0
1646,18.0,0.0
1647,18.0,0.0
1648,18.0,0.0
1649,18.0,0.0
1650,18.0,0.0
1651,18.0,0.0
1652,18.0,0.0
1653,18.0,0.0
1654,18.2,0.0
1655,18.2,0.0
1656,18.2,0.0
1657,18.2,0.0
1658,18.2,0.03197752473770343
1659,18.2,0.03197752473770343
1660,18.2,0.049380935806262016
1661,18.2,0.049380935806262016
1662,18.2,0.07445345001905324
1663,18.2,0.07445345001905324
1664,18.2,0.07445345001905324
1665,18.2,0.07445345001905679
1666,18.2,0.13197752473770308
1667,18.2,0.13197752473770308
1668,18.2,0.13197752473770485
1669,18.2,0.13487809324913158
1670,18.2,0.146491969568892
1671,18.2,0.146491969568892
1672,18.2,0.14938093580626344
1673,18.2,0.14938093580626344
1674,18.2,0.14938093580626344
1675,18.2,0.14938093580626344
1676,18.2,0.15915005055276055
1677,18.2,0.28791208791208334
1678,18.2,0.3348780932491273
1679,18.2,0.33487809324913087
1680,18.2,0.33487809324913087
1681,18.2,0.33487809324913087
1682,18.2,0.34649196956889217
1683,18.2,0.34649196956889217
1684,18.2,0.34649196956889217
1685,18.2,0.3744534500190575
1686,18.2,0.3744534500190575
1687,18.2,0.3744534500190575
1688,18.2,0.3744534500190575
1689,18.2,0.38527837170371004
1690,18.2,0.42076199316017693
1691,18.2,0.43487809324912874
1692,18.2,0.43593390018728684
1693,18.2,0.4464919695688918
1694,18.2,0.4464919695688918
1695,18.2,0.4744534500190518
1696,18.2,0.4744534500190518
1697,18.2,0.4744534500190518
1698,18.2,0.4744534500190518
1699,18.2,0.4744534500190518
1700,18.2,0.5319775247377052
1701,18.2,0.5319775247377052
1702,18.2,0.5319775247377052
1703,18.2,0.5319775247377052
1704,18.2,0.5348780932491302
1705,18.2,0.5359339001872883
1706,18.2,0.5464919695688915
1707,18.2,0.5464919695688915
1708,18.2,0.549380935806262
1709,18.2,0.549380935806262
1710,18.2,0.5744534500190532
1711,18.2,0.6088889993867355
1712,18.2,0.6319775247377049
1713,18.2,0.6319775247377049
1714,18.2,0.646491969568892
1715,18.2,0.6744534500190547
1716,18.2,0.6744534500190547
1717,18.2,0.7088889993867333
1718,18.2,0.7493809358062649
1719,18.2,0.7493809358062649
1720,18.2,0.7493809358062649
1721,18.2,0.7493809358062649
1722,18.2,0.7493809358062649
1723,18.2,0.8319775247377059
1724,18.2,0.8348780932491309
1725,18.2,0.8348780932491309
1726,18.2,0.8879120879120848
1727,18.2,0.9319775247377038
1728,18.2,0.9464919695688918
1729,18.2,0.9464919695688918
1730,18.2,0.9464919695688918
1731,18.2,0.9744534500190518
1732,18.2,0.9744534500190518
1733,18.2,0.9744534500190554
1734,18.2,1.0464919695688923
1735,18.2,1.0603373499301014
1736,18.2,1.0744534500190532
1737,18.2,1.0744534500190532
1738,18.2,1.0744534500190532
1739,18.2,1.0744534500190532
1740,18.2,1.0744534500190532
1741,18.2,1.087912087912084
1742,18.2,1.131977524737703
1743,18.2,1.131977524737703
1744,18.2,1.1319775247377049
1745,18.2,1.1319775247377049
1746,18.2,1.1319775247377049
1747,18.2,1.1319775247377049
1748,18.2,1.146491969568891
1749,18.2,1.1744534500190547
1750,18.2,1.1744534500190547
1751,18.2,1.1744534500190547
1752,18.2,1.1744534500190547
1753,18.2,1.1744534500190547
1754,18.2,1.1744534500190547
1755,18.2,1.1744534500190547
1756,18.2,1.1744534500190547
1757,18.2,1.1879120879120855
1758,18.2,1.2319775247377045
1759,18.2,1.2744534500190525
1760,18.2,1.274453450019056
1761,18.2,1.320761993160179
1762,18.2,1.3319775247377041
1763,18.2,1.3348780932491273
1764,18.2,1.335933900187289
1765,18.2,1.3603373499301021
1766,18.2,1.3782822004541444
1767,18.2,1.4319775247377056
1768,18.2,1.4493809358062606
1769,18.2,1.4493809358062606
1770,18.2,1.4493809358062606
1771,18.2,1.4493809358062606
1772,18.2,1.4493809358062606
1773,18.2,1.4493809358062606
1774,18.2,1.4879120879120826
1775,18.2,1.5464919695688915
1776,18.2,1.549380935806262
1777,18.2,1.549380935806262
1778,18.2,1.549380935806262
1779,18.2,1.549380935806262
1780,18.2,1.549380935806262
1781,18.2,1.549380935806262
1782,18.2,1.587912087912084
1783,18.2,1.591729236073114
1784,18.2,1.605327101254698
1785,18.2,1.6053271012547015
1786,18.2,1.6319775247377049
1787,18.2,1.6879120879120855
1788,18.2,1.7319775247377045
1789,18.2,1.7464919695688916
1790,18.2,1.7744534500190525
1791,18.2,1.8464919695688922
1792,18.2,1.8782822004541444
1793,18.3,1.9493809358062606
1794,18.3,1.9493809358062606
1795,18.3,1.9744534500190554
1796,18.3,2.0464919695688915
1797,18.3,2.049380935806269
1798,18.3,2.049380935806269
1799,18.3,2.0573052889794923
1800,18.3,2.0744534500190532
1801,18.3,2.1744534500190547
1802,18.3,2.1744534500190547
1803,18.3,2.1744534500190547
1804,18.3,2.1744534500190547
1805,18.3,2.2348780932491294
1806,18.3,2.2348780932491294
1807,18.3,2.2464919695688916
1808,18.3,2.2464919695688916
1809,18.3,2.265484892181721
1810,18.3,2.274453450019056
1811,18.3,2.274453450019056
1812,18.3,2.308888999386731
1813,18.3,2.3088889993867348
1814,18.3,2.331977524737706
1815,18.3,2.3348780932491273
1816,18.3,2.334878093249131
1817,18.3,2.349380935806259
1818,18.3,2.431977524737704
1819,18.3,2.435933900187287
1820,18.3,2.446491969568892
1821,18.3,2.446491969568892
1822,18.3,2.446491969568892
1823,18.3,2.4744534500190554
1824,18.3,2.4879120879120826
1825,18.3,2.4879120879120826
1826,18.3,2.531977524737705
1827,18.3,2.531977524737705
1828,18.3,2.531977524737705
1829,18.3,2.531977524737705
1830,18.3,2.53487809324913
1831,18.3,2.53487809324913
1832,18.3,2.5744534500190532
1833,18.3,2.5744534500190532
1834,18.3,2.5744534500190532
1835,18.3,2.5744534500190532
1836,18.3,2.587912087912084
1837,18.3,2.5879120879120876
1838,18.3,2.6088889993867355
1839,18.3,2.631977524737703
1840,18.3,2.631977524737705
1841,18.3,2.631977524737705
1842,18.3,2.646491969568891
1843,18.3,2.646491969568891
1844,18.3,2.6744534500190547
1845,18.3,2.7088889993867333
1846,18.3,2.7319775247377045
1847,18.3,2.735933900187291
1848,18.3,2.774453450019056
1849,18.3,2.795569588782258
1850,18.3,2.808888999386731
1851,18.3,2.831977524737704
1852,18.3,2.831977524737706
1853,18.3,2.874453450019054
1854,18.3,2.874453450019054
1855,18.3,2.8918684633616714
1856,18.3,2.908888999386736
1857,18.3,2.9348780932491287
1858,18.3,2.9348780932491287
1859,18.3,2.9493809358062606
1860,18.3,2.9493809358062606
1861,18.3,2.9493809358062606
1862,18.3,2.9493809358062606
1863,18.3,2.9879120879120826
1864,18.3,2.987912087912086
1865,18.3,2.987912087912086
1866,18.3,2.9889678948502443
1867,18.3,3.031977524737705
1868,18.3,3.031977524737705
1869,18.3,3.031977524737705
1870,18.3,3.0359339001872883
1871,18.3,3.049380935806262
1872,18.3,3.049380935806262
1873,18.3,3.049380935806262
1874,18.3,3.049380935806262
1875,18.3,3.0744534500190532
1876,18.3,3.087912087912084
1877,18.3,3.135933900187286
1878,18.3,3.1493809358062634
1879,18.3,3.1493809358062634
1880,18.3,3.1744534500190547
1881,18.3,3.1744534500190547
1882,18.3,3.1744534500190547
1883,18.3,3.1879120879120855
1884,18.3,3.1889678948502436
1885,18.3,3.2319775247377045
1886,18.3,3.2319775247377045
1887,18.3,3.2359339001872875
1888,18.3,3.334878093249131
1889,18.3,3.334878093249131
1890,18.3,3.346491969568892
1891,18.3,3.3493809358062663
1892,18.3,3.3493809358062663
1893,18.3,3.3493809358062663
1894,18.3,3.3493809358062663
1895,18.3,3.420761993160177
1896,18.3,3.431977524737704
1897,18.3,3.435933900187287
1898,18.3,3.4493809358062606
1899,18.3,3.4493809358062606
1900,18.3,3.4493809358062606
1901,18.3,3.4493809358062606
1902,18.3,3.4493809358062606
1903,18.3,3.4493809358062606
1904,18.3,3.4493809358062606
1905,18.3,3.478282200454146
1906,18.3,3.508888999386734
1907,18.3,3.508888999386734
1908,18.3,3.5464919695688915
1909,18.3,3.589629224470851
1910,18.3,3.631977524737703
1911,18.3,3.631977524737703
1912,18.3,3.631977524737703
1913,18.3,3.634878093249128
1914,18.3,3.6879120879120855
1915,18.3,3.6879120879120855
1916,18.3,3.6879120879120855
1917,18.3,3.7348780932491294
1918,19.0,3.7348780932491294
1919,19.0,3.7493809358062578
1920,19.0,3.7493809358062578
1921,19.0,3.7493809358062578
1922,19.0,3.7493809358062578
1923,19.0,3.7493809358062578
1924,19.0,3.7493809358062578
1925,19.0,3.7493809358062578
1926,19.0,3.7625843236702927
1927,19.0,3.787912087912087
1928,19.0,3.831977524737704
1929,19.0,3.8348780932491273
1930,19.0,3.835933900187289
1931,19.0,3.835933900187289
1932,19.0,3.849380935806259
1933,19.0,3.849380935806259
1934,19.0,3.8493809358062663
1935,19.0,3.8493809358062663
1936,19.0,3.8493809358062663
1937,19.0,3.8493809358062663
1938,19.0,3.8493809358062663
1939,19.0,3.8493809358062663
1940,19.0,3.8493809358062663
1941,19.0,3.8493809358062663
1942,19.0,3.8493809358062663
1943,19.0,3.874453450019054
1944,19.0,3.874453450019054
1945,19.0,3.874453450019054
1946,19.0,3.874453450019054
1947,19.0,3.8744534500190575
1948,19.0,3.8744534500190575
1949,19.0,3.931977524737704
1950,19.0,3.931977524737704
1951,19.0,3.931977524737704
1952,19.0,3.946491969568892
1953,19.0,3.950715197321532
1954,19.0,3.957305288979491
1955,19.0,3.974453450019052
1956,19.700000000000003,3.974453450019052
1957,19.700000000000003,3.974453450019052
1958,19.700000000000003,4.031977524737705
1959,19.700000000000003,4.108888999386732
1960,19.700000000000003,4.131977524737703
1961,19.700000000000003,4.131977524737703
1962,19.700000000000003,4.131977524737703
1963,19.700000000000003,4.146491969568893
1964,19.700000000000003,4.160337349930103
1965,19.700000000000003,4.174453450019055
1966,19.700000000000003,4.174453450019055
1967,19.700000000000003,4.174453450019055
1968,19.700000000000003,4.174453450019055
1969,19.700000000000003,4.174453450019055
1970,19.700000000000003,4.174453450019055
1971,19.700000000000003,4.174453450019055
1972,19.700000000000003,4.174453450019055
1973,19.700000000000003,4.174453450019055
1974,19.700000000000003,4.174453450019055
1975,19.700000000000003,4.174453450019055
1976,19.700000000000003,4.174453450019055
1977,19.700000000000003,4.178282200454145
1978,19.700000000000003,4.1879120879120855
1979,19.700000000000003,4.2359339001872875
1980,19.700000000000003,4.274453450019056
1981,19.700000000000003,4.274453450019056
1982,19.700000000000003,4.331977524737702
1983,19.700000000000003,4.346491969568892
1984,19.700000000000003,4.387912087912088
1985,19.700000000000003,4.408888999386733
1986,19.700000000000003,4.421817800098342
1987,19.700000000000003,4.431977524737704
1988,19.700000000000003,4.531977524737705
1989,19.700000000000003,4.53487809324913
1990,19.700000000000003,4.53487809324913
1991,19.700000000000003,4.535933900187288
1992,19.700000000000003,4.5464919695688915
1993,19.700000000000003,4.549380935806262
1994,19.700000000000003,4.549380935806262
1995,19.700000000000003,4.549380935806262
1996,19.700000000000003,4.549380935806262
1997,19.700000000000003,4.549380935806262
1998,19.700000000000003,4.549380935806262
1999,19.700000000000003,4.549380935806262
2000,19.700000000000003,4.549380935806262
2001,19.700000000000003,4.549380935806262
2002,19.700000000000003,4.549380935806262
2003,19.700000000000003,4.549380935806262
2004,19.700000000000003,4.549380935806262
2005,19.700000000000003,4.549380935806262
2006,19.700000000000003,4.549380935806262
2007,19.700000000000003,4.549380935806262
2008,19.700000000000003,4.549380935806269
2009,19.700000000000003,4.549380935806269
2010,19.700000000000003,4.549380935806269
2011,19.700000000000003,4.549380935806269
2012,19.700000000000003,4.574453450019053
2013,19.700000000000003,4.574453450019053
2014,19.700000000000003,4.574453450019053
2015,19.700000000000003,4.574453450019053
2016,19.900000000000002,4.574453450019053
2017,19.900000000000002,4.5770987685014815
2018,19.900000000000002,4.631977524737703
2019,19.900000000000002,4.646491969568891
2020,19.900000000000002,4.649380935806263
2021,19.900000000000002,4.674453450019055
2022,19.900000000000002,4.674453450019055
2023,19.900000000000002,4.7319775247377045
2024,19.900000000000002,4.7348780932491294
2025,19.900000000000002,4.7348780932491294
2026,19.900000000000002,4.735933900187291
2027,19.900000000000002,4.746491969568891
2028,19.900000000000002,4.759150050552762
2029,19.900000000000002,4.774453450019056
2030,19.900000000000002,4.774453450019056
2031,19.900000000000002,4.808888999386731
2032,19.900000000000002,4.808888999386731
2033,19.900000000000002,4.831977524737702
2034,19.900000000000002,4.835933900187289
2035,19.900000000000002,4.835933900187289
2036,19.900000000000002,4.849380935806259
2037,19.900000000000002,4.849380935806259
2038,19.900000000000002,4.849380935806259
2039,19.900000000000002,4.931977524737704
2040,19.900000000000002,4.931977524737704
2041,19.900000000000002,4.949380935806261
2042,19.900000000000002,4.949380935806261
2043,19.900000000000002,4.949380935806261
2044,19.900000000000002,4.949380935806261
2045,19.900000000000002,4.949380935806261
2046,19.900000000000002,4.949380935806261
2047,19.900000000000002,4.949380935806261
2048,19.900000000000002,4.949380935806261
2049,19.900000000000002,4.949380935806261
2050,19.900000000000002,4.949380935806261
2051,19.900000000000002,4.949380935806261
2052,19.900000000000002,4.949380935806261
2053,19.900000000000002,4.949380935806261
2054,19.900000000000002,4.949380935806261
2055,19.900000000000002,4.949380935806261
2056,19.900000000000002,4.974453450019055
2057,19.900000000000002,5.008888999386734
2058,19.900000000000002,5.087912087912084
2059,19.900000000000002,5.087912087912084
2060,19.900000000000002,5.088967894850246
2061,19.900000000000002,5.131977524737703
2062,19.900000000000002,5.134878093249132
2063,19.900000000000002,5.160337349930103
2064,19.900000000000002,5.174453450019055
2065,19.900000000000002,5.1879120879120855
2066,19.900000000000002,5.2319775247377045
2067,19.900000000000002,5.2319775247377045
2068,19.900000000000002,5.235933900187291
2069,19.900000000000002,5.249380935806265
2070,19.900000000000002,5.249380935806265
2071,19.900000000000002,5.257305288979492
2072,19.900000000000002,5.287912087912083
2073,19.900000000000002,5.331977524737702
2074,19.900000000000002,5.331977524737706
2075,19.900000000000002,5.334878093249131
2076,19.900000000000002,5.334878093249131
2077,19.900000000000002,5.349380935806266
2078,19.900000000000002,5.349380935806266
2079,20.0,5.349380935806266
2080,20.0,5.349380935806266
2081,20.0,5.349380935806266
2082,20.0,5.374453450019054
2083,20.0,5.387912087912085
2084,20.0,5.387912087912085
2085,20.0,5.387912087912085
2086,20.0,5.408888999386733
2087,20.0,5.431977524737704
2088,20.0,5.431977524737704
2089,20.0,5.431977524737704
2090,20.0,5.431977524737704
2091,20.0,5.449380935806261
2092,20.0,5.449380935806261
2093,20.0,5.449380935806261
2094,20.0,5.474453450019055
2095,20.0,5.531977524737705
2096,20.0,5.549380935806269
2097,20.0,5.549380935806269
2098,20.0,5.549380935806269
2099,20.0,5.549380935806269
2100,20.0,5.549380935806269
2101,20.0,5.549380935806269
2102,20.0,5.549380935806269
2103,20.0,5.574453450019053
2104,20.0,5.574453450019053
2105,20.0,5.574453450019053
2106,20.0,5.631977524737703
2107,20.0,5.631977524737703
2108,20.0,5.708888999386733
2109,20.0,5.708888999386733
2110,20.0,5.7319775247377045
2111,20.0,5.749380935806258
2112,20.0,5.749380935806258
2113,20.0,5.749380935806258
2114,20.0,5.749380935806258
2115,20.0,5.749380935806265
2116,20.0,5.749380935806265
2117,20.0,5.749380935806265
2118,20.0,5.762584323670293
2119,20.0,5.774453450019056
2120,20.0,5.808888999386735
2121,20.0,5.835933900187289
2122,20.0,5.857305288979493
2123,20.0,5.874453450019054
2124,20.0,5.8744534500190575
2125,20.0,5.908888999386733
2126,20.0,5.931977524737704
2127,20.0,5.931977524737704
2128,20.0,5.934878093249129
2129,20.0,5.93593390018729
2130,20.0,5.949380935806261
2131,20.0,5.949380935806261
2132,20.0,5.949380935806261
2133,20.0,5.949380935806261
2134,20.0,5.949380935806261
2135,20.0,5.949380935806261
2136,20.0,5.949380935806261
2137,20.0,5.949380935806261
2138,20.0,5.949380935806261
2139,20.0,5.949380935806261
2140,20.0,5.949380935806261
2141,20.0,5.949380935806261
2142,20.0,5.949380935806261
2143,20.0,5.949380935806261
2144,20.0,5.949380935806261
2145,20.0,5.949380935806261
2146,20.0,5.974453450019052
2147,20.0,5.974453450019052
2148,20.0,5.974453450019052
2149,20.0,5.974453450019052
2150,20.0,5.974453450019052
2151,20.0,5.974453450019052
2152,20.0,5.974453450019052
2153,20.0,6.03487809324913
2154,20.0,6.03487809324913
2155,20.0,6.03487809324913
2156,20.0,6.074453450019053
2157,20.0,6.074453450019053
2158,20.0,6.074453450019057
2159,20.0,6.074453450019057
2160,20.0,6.087912087912088
2161,20.0,6.131977524737703
2162,20.0,6.134878093249132
2163,20.0,6.134878093249132
2164,20.0,6.188967894850244
2165,20.0,6.2319775247377045
2166,20.0,6.2348780932491294
2167,20.0,6.2348780932491294
2168,20.0,6.2464919695688925
2169,20.0,6.288967894850245
2170,20.0,6.289629224470854
2171,20.0,6.331977524737702
2172,20.0,6.331977524737702
2173,20.0,6.331977524737706
2174,20.0,6.331977524737706
2175,20.0,6.331977524737706
2176,20.0,6.334878093249131
2177,20.200000000000003,6.335933900187289
2178,20.200000000000003,6.349380935806266
2179,20.200000000000003,6.349380935806266
2180,20.200000000000003,6.349380935806266
2181,20.200000000000003,6.349380935806266
2182,20.200000000000003,6.349380935806266
2183,20.200000000000003,6.349380935806266
2184,20.200000000000003,6.349380935806266
2185,20.200000000000003,6.349380935806266
2186,20.200000000000003,6.434878093249129
2187,20.200000000000003,6.434878093249132
2188,20.200000000000003,6.446491969568892
2189,20.200000000000003,6.449380935806261
2190,20.200000000000003,6.449380935806261
2191,20.200000000000003,6.449380935806261
2192,20.200000000000003,6.449380935806261
2193,20.200000000000003,6.449380935806261
2194,20.200000000000003,6.487912087912083
2195,20.200000000000003,6.487912087912083
2196,20.200000000000003,6.508888999386734
2197,20.200000000000003,6.508888999386734
2198,20.200000000000003,6.52181780009834
2199,20.200000000000003,6.53487809324913
2200,20.200000000000003,6.535933900187288
2201,20.200000000000003,6.574453450019053
2202,20.200000000000003,6.628415626605673
2203,20.200000000000003,6.634878093249132
2204,20.200000000000003,6.634878093249132
2205,20.200000000000003,6.649380935806263
2206,20.200000000000003,6.649380935806263
2207,20.200000000000003,6.649380935806263
2208,20.200000000000003,6.649380935806263
2209,20.200000000000003,6.649380935806263
2210,20.200000000000003,6.649380935806263
2211,20.200000000000003,6.649380935806263
2212,20.200000000000003,6.674453450019055
2213,20.200000000000003,6.691729236073115
2214,20.200000000000003,6.7319775247377045
2215,20.200000000000003,6.7319775247377045
2216,20.200000000000003,6.7744534500190525
2217,20.200000000000003,6.787912087912087
2218,20.200000000000003,6.835933900187289
2219,20.200000000000003,6.874453450019054
2220,20.200000000000003,6.8744534500190575
2221,20.200000000000003,6.887912087912085
2222,20.200000000000003,6.931977524737704
2223,20.200000000000003,6.934878093249129
2224,20.200000000000003,6.934878093249129
2225,20.200000000000003,6.93593390018729
2226,20.200000000000003,6.949380935806261
2227,20.200000000000003,6.949380935806261
2228,20.200000000000003,6.949380935806261
2229,20.200000000000003,6.949380935806261
2230,20.200000000000003,6.949380935806261
2231,20.200000000000003,6.949380935806261
2232,20.200000000000003,6.949380935806261
2233,20.200000000000003,6.949380935806261
2234,20.200000000000003,6.974453450019055
2235,20.200000000000003,6.974453450019055
2236,20.200000000000003,6.974453450019055
2237,20.200000000000003,6.977098768501482
2238,20.200000000000003,6.987912087912086
2239,20.200000000000003,7.008888999386734
2240,20.200000000000003,7.008888999386734
2241,20.200000000000003,7.008888999386734
2242,20.200000000000003,7.008888999386734
2243,20.200000000000003,7.031977524737705
2244,20.200000000000003,7.035933900187288
2245,20.200000000000003,7.046491969568893
2246,20.200000000000003,7.049380935806262
2247,20.200000000000003,7.049380935806262
2248,20.200000000000003,7.049380935806262
2249,20.200000000000003,7.049380935806262
2250,20.200000000000003,7.066540699119884
2251,20.200000000000003,7.074453450019057
2252,20.200000000000003,7.074453450019057
2253,20.200000000000003,7.087912087912084
2254,20.200000000000003,7.149380935806263
2255,20.200000000000003,7.149380935806263
2256,20.200000000000003,7.149380935806263
2257,20.200000000000003,7.174453450019055
2258,20.200000000000003,7.174453450019055
2259,20.200000000000003,7.174453450019055
2260,20.200000000000003,7.208888999386733
2261,20.200000000000003,7.208888999386733
2262,20.200000000000003,7.2319775247377045
2263,20.200000000000003,7.234878093249133
2264,20.200000000000003,7.246491969568891
2265,20.200000000000003,7.249380935806258
2266,20.200000000000003,7.249380935806258
2267,20.200000000000003,7.274453450019056
2268,20.200000000000003,7.274453450019056
2269,20.200000000000003,7.274453450019056
2270,20.200000000000003,7.287912087912087
2271,20.200000000000003,7.305060248951651
2272,20.200000000000003,7.308888999386735
2273,20.200000000000003,7.308888999386735
2274,20.200000000000003,7.331977524737706
2275,20.200000000000003,7.331977524737706
2276,20.200000000000003,7.334878093249131
2277,20.200000000000003,7.349380935806266
2278,20.200000000000003,7.374453450019054
2279,20.200000000000003,7.374453450019054
2280,20.200000000000003,7.474453450019052
2281,20.200000000000003,7.531977524737705
2282,20.200000000000003,7.53487809324913
2283,20.200000000000003,7.6088889993867355
2284,20.200000000000003,7.646491969568893
2285,20.200000000000003,7.674453450019055
2286,20.200000000000003,7.7319775247377045
2287,20.200000000000003,7.7319775247377045
2288,20.200000000000003,7.7348780932491294
2289,20.200000000000003,7.774453450019056
2290,20.200000000000003,7.774453450019056
2291,20.200000000000003,7.774453450019056
2292,20.200000000000003,7.774453450019056
2293,20.200000000000003,7.774453450019056
2294,20.200000000000003,7.831977524737702
2295,20.200000000000003,7.849380935806266
2296,20.200000000000003,7.849380935806266
2297,20.200000000000003,7.849380935806266
2298,20.200000000000003,7.849380935806266
2299,20.200000000000003,7.849380935806266
2300,20.200000000000003,7.849380935806266
2301,20.200000000000003,7.908888999386733
2302,20.200000000000003,7.931977524737704
2303,20.200000000000003,7.931977524737704
2304,20.200000000000003,7.949380935806261
2305,21.1,7.949380935806268
2306,21.1,7.960337349930107
2307,21.1,7.974453450019059
2308,21.1,7.987912087912086
2309,21.1,7.987912087912086
2310,21.1,8.031977524737705
2311,21.1,8.03487809324913
2312,21.1,8.035933900187288
2313,21.1,8.04649196956889
2314,21.1,8.049380935806262
2315,21.1,8.04938093580627
2316,21.1,8.04938093580627
2317,21.1,8.04938093580627
2318,21.1,8.04938093580627
2319,21.1,8.04938093580627
2320,21.1,8.04938093580627
2321,21.1,8.04938093580627
2322,21.1,8.04938093580627
2323,21.1,8.087912087912084
2324,21.1,8.131977524737707
2325,21.1,8.149380935806263
2326,21.1,8.149380935806263
2327,21.1,8.157305288979494
2328,21.1,8.174453450019055
2329,21.1,8.2053271012547
2330,21.1,8.266540699119883
2331,21.1,8.287912087912087
2332,21.1,8.287912087912087
2333,21.1,8.308888999386731
2334,21.1,8.33487809324913
2335,21.1,8.349380935806266
2336,21.1,8.349380935806266
2337,21.1,8.349380935806266
2338,21.1,8.349380935806266
2339,21.1,8.360337349930099
2340,21.1,8.365484892181723
2341,21.1,8.37445345001905
2342,21.1,8.37445345001905
2343,21.1,8.387912087912088
2344,21.1,8.431977524737704
2345,21.1,8.474453450019059
2346,21.1,8.487912087912086
2347,21.1,8.574453450019053
2348,21.1,8.574453450019053
2349,21.1,8.631977524737703
2350,21.1,8.631977524737707
2351,21.1,8.634878093249128
2352,21.1,8.646491969568892
2353,21.1,8.649380935806263
2354,21.1,8.649380935806263
2355,21.1,8.674453450019055
2356,21.1,8.708888999386733
2357,21.1,8.708888999386733
2358,21.1,8.749380935806258
2359,21.1,8.749380935806258
2360,21.1,8.760337349930104
2361,21.1,8.774453450019056
2362,21.1,8.774453450019056
2363,21.1,8.774453450019056
2364,21.1,8.831977524737702
2365,21.1,8.86654069911988
2366,21.1,8.87445345001905
2367,21.1,8.87445345001905
2368,21.1,8.87445345001905
2369,21.1,8.87445345001905
2370,21.1,8.874453450019057
2371,21.1,8.874453450019057
2372,21.1,8.874453450019057
2373,21.1,8.874453450019057
2374,21.1,8.931977524737704
2375,21.1,8.931977524737704
2376,21.1,8.931977524737704
2377,21.1,8.931977524737704
2378,21.1,8.974453450019059
2379,21.1,8.974453450019059
2380,21.1,9.008888999386734
2381,21.1,9.008888999386734
2382,21.1,9.031977524737705
2383,21.1,9.131977524737707
2384,21.1,9.13593390018729
2385,21.1,9.174453450019055
2386,21.1,9.231977524737704
2387,21.1,9.231977524737704
2388,21.1,9.246491969568893
2389,21.1,9.331977524737706
2390,21.1,9.331977524737706
2391,21.1,9.335933900187289
2392,21.1,9.346491969568891
2393,21.1,9.37445345001905
2394,21.1,9.37445345001905
2395,21.1,9.37445345001905
2396,21.1,9.37445345001905
2397,21.1,9.431977524737704
2398,21.1,9.431977524737704
2399,21.1,9.434878093249129
2400,21.1,9.43593390018729
2401,27.6,9.449125685777272
2402,27.6,9.449380935806268
2403,27.6,9.459150050552758
2404,27.6,9.474453450019052
2405,27.6,9.508888999386734
2406,27.6,9.508888999386734
2407,27.6,9.531977524737705
2408,27.6,9.531977524737705
2409,27.6,9.54649196956889
2410,27.6,9.549380935806262
2411,27.6,9.549380935806262
2412,27.6,9.549380935806262
2413,27.6,9.574453450019053
2414,27.6,9.574453450019053
2415,27.6,9.574453450019053
2416,27.6,9.574453450019053
2417,27.6,9.574453450019053
2418,27.6,9.631977524737703
2419,27.6,9.649380935806263
2420,27.6,9.674453450019055
2421,27.6,9.674453450019055
2422,27.6,9.731977524737704
2423,27.6,9.73487809324913
2424,27.6,9.73487809324913
2425,27.6,9.749380935806258
2426,27.6,9.749380935806258
2427,27.6,9.808888999386735
2428,27.6,9.831977524737702
2429,27.6,9.887912087912088
2430,27.6,9.887912087912088
2431,27.6,9.974453450019059
2432,27.6,9.974453450019059
2433,27.6,9.974453450019059
2434,27.6,9.974453450019059
2435,27.6,9.974453450019059
2436,27.6,9.974453450019059
2437,27.6,9.974453450019059
2438,27.6,10.046491969568894
2439,27.6,10.131977524737707
2440,27.6,10.134878093249132
2441,27.6,10.149380935806263
2442,27.6,10.22841562660567
2443,27.6,10.231977524737708
2444,27.6,10.231977524737708
2445,27.6,10.234878093249133
2446,27.6,10.246491969568893
2447,27.6,10.260337349930104
2448,27.6,10.287912087912087
2449,27.6,10.37445345001905
2450,27.6,10.37445345001905
2451,27.6,10.37445345001905
2452,27.6,10.37445345001905
2453,27.6,10.37445345001905
2454,27.6,10.37445345001905
2455,27.6,10.37445345001905
2456,27.6,10.37445345001905
2457,27.6,10.434878093249129
2458,27.6,10.446491969568893
2459,27.6,10.44938093580626
2460,27.6,10.44938093580626
2461,27.6,10.44938093580626
2462,27.6,10.44938093580626
2463,27.6,10.44938093580626
2464,27.6,10.460337349930107
2465,27.6,10.474453450019059
2466,27.6,10.474453450019059
2467,27.6,10.474453450019059
2468,27.6,10.474453450019059
2469,27.6,10.474453450019059
2470,27.6,10.474453450019059
2471,27.6,10.531977524737705
2472,27.6,10.535933900187288
2473,27.6,10.687912087912085
2474,27.6,10.687912087912085
2475,27.6,10.731977524737704
2476,27.6,10.74649196956889
2477,27.6,10.774453450019056
2478,27.6,10.774453450019056
2479,27.6,10.774453450019056
2480,27.6,10.774453450019056
2481,27.6,10.834878093249127
2482,27.6,10.846491969568891
2483,27.6,10.87445345001905
2484,27.6,10.87445345001905
2485,27.6,10.931977524737704
2486,27.6,10.931977524737704
2487,27.6,10.946491969568893
2488,27.6,10.946491969568893
2489,27.6,11.008888999386734
2490,27.6,11.031977524737705
2491,27.6,11.031977524737705
2492,27.6,11.031977524737705
2493,27.6,11.074453450019053
2494,27.6,11.074453450019053
2495,27.6,11.131977524737703
2496,27.6,11.131977524737703
2497,27.6,11.131977524737703
2498,27.6,11.13593390018729
2499,27.6,11.13593390018729
2500,27.6,11.231977524737704
2501,27.6,11.231977524737704
2502,27.700000000000003,11.387912087912085
2503,27.700000000000003,11.431977524737704
2504,27.700000000000003,11.431977524737704
2505,27.700000000000003,11.431977524737704
2506,27.700000000000003,11.434878093249129
2507,27.700000000000003,11.44649196956889
2508,27.700000000000003,11.44649196956889
2509,27.700000000000003,11.474453450019059
2510,27.700000000000003,11.487912087912086
2511,27.700000000000003,11.535933900187288
2512,27.700000000000003,11.54938093580627
2513,27.700000000000003,11.574453450019053
2514,27.700000000000003,11.574453450019053
2515,27.700000000000003,11.631977524737707
2516,27.700000000000003,11.631977524737707
2517,27.700000000000003,11.649380935806263
2518,27.700000000000003,11.649380935806263
2519,27.700000000000003,11.649380935806263
2520,27.700000000000003,11.649380935806263
2521,27.700000000000003,11.708888999386733
2522,27.700000000000003,11.749380935806258
2523,27.700000000000003,11.749380935806258
2524,27.700000000000003,11.774453450019056
2525,27.700000000000003,11.774453450019056
2526,27.700000000000003,11.787912087912087
2527,27.700000000000003,11.83487809324913
2528,27.700000000000003,11.846491969568891
2529,27.700000000000003,11.846491969568891
2530,27.700000000000003,11.87445345001905
2531,27.700000000000003,11.87445345001905
2532,27.700000000000003,11.87445345001905
2533,27.700000000000003,11.87445345001905
2534,27.700000000000003,11.87445345001905
2535,27.700000000000003,11.87445345001905
2536,27.700000000000003,11.87445345001905
2537,27.700000000000003,11.87445345001905
2538,27.700000000000003,11.87445345001905
2539,27.700000000000003,11.874453450019057
2540,27.700000000000003,11.931977524737704
2541,27.700000000000003,11.931977524737704
2542,27.700000000000003,11.931977524737704
2543,27.700000000000003,11.931977524737707
2544,27.700000000000003,11.974453450019059
2545,27.700000000000003,11.974453450019059
2546,27.700000000000003,11.987912087912083
2547,27.700000000000003,12.008888999386734
2548,27.700000000000003,12.008888999386734
2549,27.700000000000003,12.087912087912084
2550,27.700000000000003,12.149380935806263
2551,27.700000000000003,12.149380935806263
2552,27.700000000000003,12.149380935806263
2553,27.700000000000003,12.149380935806263
2554,27.700000000000003,12.149380935806263
2555,27.700000000000003,12.149380935806263
2556,27.700000000000003,12.174453450019055
2557,27.700000000000003,12.174453450019055
2558,27.700000000000003,12.174453450019055
2559,27.700000000000003,12.174453450019055
2560,27.700000000000003,12.231977524737708
2561,27.700000000000003,12.231977524737708
2562,27.700000000000003,12.23487809324913
2563,27.700000000000003,12.274453450019056
2564,27.700000000000003,12.274453450019056
2565,27.700000000000003,12.274453450019056
2566,27.700000000000003,12.274453450019056
2567,27.700000000000003,12.274453450019056
2568,27.700000000000003,12.331977524737706
2569,27.700000000000003,12.331977524737706
2570,27.700000000000003,12.331977524737706
2571,27.700000000000003,12.33487809324913
2572,27.700000000000003,12.431977524737704
2573,27.700000000000003,12.431977524737707
2574,27.700000000000003,12.434878093249129
2575,27.700000000000003,12.446491969568893
2576,27.700000000000003,12.474453450019059
2577,27.700000000000003,12.574453450019053
2578,27.700000000000003,12.574453450019053
2579,27.700000000000003,12.587912087912084
2580,27.700000000000003,12.631977524737707
2581,27.700000000000003,12.634878093249132
2582,27.700000000000003,12.634878093249132
2583,27.700000000000003,12.634878093249132
2584,27.700000000000003,12.634878093249132
2585,27.700000000000003,12.634878093249132
2586,27.700000000000003,12.674453450019062
2587,27.700000000000003,12.674453450019062
2588,27.700000000000003,12.687912087912085
2589,27.700000000000003,12.774453450019056
2590,27.700000000000003,12.774453450019056
2591,27.700000000000003,12.778282200454147
2592,27.700000000000003,12.834878093249127
2593,27.700000000000003,12.931977524737704
2594,27.700000000000003,12.934878093249129
2595,27.700000000000003,12.935933900187287
2596,27.700000000000003,12.987912087912086
2597,28.8,12.987912087912086
2598,28.8,12.987912087912086
2599,28.8,13.008888999386734
2600,28.8,13.03487809324913
2601,28.8,13.074453450019053
2602,28.8,13.074453450019053
2603,28.8,13.105327101254701
2604,28.8,13.131977524737707
2605,28.8,13.149380935806263
2606,28.8,13.149380935806263
2607,28.8,13.149380935806263
2608,28.8,13.149380935806263
2609,28.8,13.149380935806263
2610,28.8,13.149380935806263
2611,28.8,13.149380935806263
2612,28.8,13.149380935806263
2613,28.8,13.149380935806263
2614,28.8,13.149380935806263
2615,28.8,13.149380935806263
2616,28.8,13.149380935806263
2617,28.8,13.174453450019055
2618,28.8,13.231977524737704
2619,28.8,13.231977524737704
2620,28.8,13.274453450019056
2621,28.8,13.274453450019056
2622,28.8,13.33487809324913
2623,28.8,13.37445345001905
2624,28.8,13.37445345001905
2625,28.8,13.37445345001905
2626,28.8,13.37445345001905
2627,28.8,13.408888999386733
2628,28.8,13.487912087912083
2629,28.8,13.487912087912086
2630,28.8,13.531977524737705
2631,28.8,13.535933900187288
2632,28.8,13.549380935806255
2633,28.8,13.549380935806255
2634,28.8,13.549380935806255
2635,28.8,13.549380935806255
2636,28.8,13.549380935806255
2637,28.8,13.549380935806255
2638,28.8,13.549380935806255
2639,28.8,13.549380935806255
2640,28.8,13.549380935806255
2641,28.8,13.549380935806255
2642,28.8,13.549380935806255
2643,28.8,13.549380935806255
2644,28.8,13.549380935806255
2645,28.8,13.549380935806255
2646,28.8,13.574453450019053
2647,28.8,13.587912087912084
2648,28.8,13.687912087912085
2649,28.8,13.778282200454147
2650,28.8,13.787912087912087
2651,28.8,13.831977524737706
2652,28.8,13.83487809324913
2653,28.8,13.83487809324913
2654,28.8,13.83487809324913
2655,28.8,13.83487809324913
2656,28.8,13.846491969568891
2657,28.8,13.87445345001905
2658,28.8,13.87445345001905
2659,28.8,13.934878093249132
2660,28.8,13.974453450019059
2661,28.8,14.04649196956889
2662,28.8,14.074453450019053
2663,28.8,14.074453450019053
2664,28.8,14.074453450019053
2665,28.8,14.077098768501482
2666,28.8,14.128415626605673
2667,28.8,14.131977524737707
2668,28.8,14.13593390018729
2669,28.8,14.174453450019055
2670,28.8,14.231977524737708
2671,28.8,14.274453450019056
2672,28.8,14.274453450019056
2673,28.8,14.274453450019056
2674,28.8,14.274453450019056
2675,28.8,14.274453450019056
2676,28.8,14.331977524737706
2677,28.8,14.331977524737706
2678,28.8,14.34938093580626
2679,28.8,14.34938093580626
2680,28.8,14.34938093580626
2681,28.8,14.34938093580626
2682,28.8,14.365484892181723
2683,28.8,14.37445345001905
2684,28.8,14.387912087912081
2685,28.8,14.391729236073111
2686,28.8,14.446491969568893
2687,28.8,14.474453450019059
2688,28.8,14.48791208791209
2689,28.8,14.531977524737705
2690,28.8,14.549125685777266
2691,28.8,14.574453450019053
2692,28.8,14.587912087912084
2693,28.8,14.587912087912084
2694,28.8,14.649380935806263
2695,28.8,14.649380935806263
2696,28.8,14.649380935806263
2697,28.8,14.677098768501484
2698,28.8,14.787912087912087
2699,28.8,14.787912087912087
2700,28.8,14.787912087912087
2701,28.8,14.846491969568891
2702,28.8,14.931977524737704
2703,28.8,14.931977524737704
2704,28.8,14.93593390018729
2705,28.8,14.9603373499301
2706,28.8,14.974453450019052
2707,28.8,14.974453450019059
2708,28.8,14.974453450019059
2709,28.8,15.035933900187292
2710,28.8,15.049380935806262
2711,28.8,15.049380935806262
2712,28.8,15.049380935806262
2713,28.8,15.049380935806262
2714,28.8,15.049380935806262
2715,28.8,15.187912087912085
2716,28.8,15.234878093249126
2717,28.8,15.249380935806258
2718,28.8,15.249380935806258
2719,28.8,15.249380935806258
2720,28.8,15.249380935806258
2721,28.8,15.249380935806258
2722,28.8,15.249380935806258
2723,28.8,15.249380935806258
2724,28.8,15.249380935806265
2725,28.8,15.249380935806265
2726,28.8,15.274453450019056
2727,28.8,15.308888999386738
2728,28.8,15.335933900187289
2729,28.8,15.34938093580626
2730,28.8,15.34938093580626
2731,28.8,15.34938093580626
2732,28.8,15.37445345001905
2733,28.8,15.37445345001905
2734,28.8,15.37445345001905
2735,28.8,15.37445345001905
2736,28.8,15.374453450019057
2737,28.8,15.374453450019057
2738,28.8,15.387912087912081
2739,28.8,15.474453450019059
2740,28.8,15.549380935806262
2741,28.8,15.549380935806262
2742,28.8,15.549380935806262
2743,28.8,15.549380935806262
2744,28.8,15.578282200454144
2745,28.8,15.631977524737707
2746,28.8,15.634878093249132
2747,28.8,15.649380935806263
2748,28.8,15.731977524737704
2749,28.8,15.731977524737704
2750,28.8,15.734878093249133
2751,28.8,15.735933900187288
2752,28.8,15.749380935806258
2753,28.8,15.749380935806258
2754,28.8,15.749380935806258
2755,28.8,15.749380935806258
2756,28.8,15.749380935806258
2757,29.0,15.749380935806258
2758,29.0,15.749380935806258
2759,29.0,15.749380935806258
2760,29.0,15.749380935806258
2761,29.0,15.749380935806258
2762,29.0,15.749380935806258
2763,29.0,15.774453450019056
2764,29.0,15.774453450019056
2765,29.0,15.774453450019056
2766,29.0,15.774453450019056
2767,29.0,15.808888999386738
2768,29.0,15.962584323670296
2769,29.0,15.974453450019059
2770,29.0,15.983031397963519
2771,29.0,16.010339283642445
2772,29.0,16.031977524737705
2773,29.0,16.03487809324913
2774,29.0,16.174453450019055
2775,29.0,16.17445345001906
2776,29.0,16.17445345001906
2777,29.0,16.20888899938673
2778,29.0,16.234878093249126
2779,29.0,16.274453450019056
2780,29.0,16.274453450019056
2781,29.0,16.274453450019056
2782,29.0,16.331977524737706
2783,29.0,16.38791208791208
2784,29.0,16.38791208791208
2785,29.0,16.416801750285913
2786,29.0,16.431977524737704
2787,29.0,16.47445345001906
2788,29.0,16.47445345001906
2789,29.0,16.531977524737705
2790,29.0,16.531977524737705
2791,29.0,16.546491969568894
2792,29.0,16.574453450019053
2793,29.0,16.631977524737707
2794,29.0,16.708888999386737
2795,29.0,16.731977524737704
2796,29.0,16.77445345001905
2797,29.0,16.77445345001905
2798,29.0,16.774453450019056
2799,29.0,16.774453450019056
2800,29.0,16.774453450019056
2801,29.0,16.774453450019056
2802,29.0,16.787912087912087
2803,29.0,16.787912087912087
2804,29.0,16.834878093249134
2805,29.0,16.834878093249134
2806,29.0,16.84649196956889
2807,29.0,16.84649196956889
2808,29.0,16.859150050552756
2809,29.0,16.87828220045414
2810,29.0,16.946491969568893
2811,29.0,17.008888999386734
2812,29.0,17.04938093580627
2813,29.0,17.074453450019053
2814,29.0,17.074453450019053
2815,29.0,17.074453450019053
2816,29.0,17.074453450019053
2817,29.0,17.08896789485025
2818,29.0,17.149380935806263
2819,29.0,17.149380935806263
2820,29.0,17.149380935806263
2821,29.0,17.149380935806263
2822,29.0,17.149380935806263
2823,29.0,17.149380935806263
2824,29.0,17.149380935806263
2825,29.0,17.149380935806263
2826,29.0,17.149380935806263
2827,29.0,17.149380935806263
2828,29.0,17.149380935806263
2829,29.0,17.149380935806263
2830,29.0,17.149380935806263
2831,29.0,17.174453450019055
2832,29.0,17.178282200454145
2833,29.0,17.205593953557756
2834,29.0,17.231977524737704
2835,29.0,17.231977524737704
2836,29.0,17.334878093249134
2837,29.0,17.335933900187285
2838,29.0,17.374453450019057
2839,29.0,17.374453450019057
2840,29.0,17.408888999386733
2841,29.0,17.47445345001906
2842,29.0,17.47445345001906
2843,29.0,17.47445345001906
2844,29.0,17.531977524737705
2845,29.0,17.631977524737707
2846,29.0,17.631977524737707
2847,29.0,17.63487809324913
2848,29.0,17.63487809324913
2849,29.0,17.63593390018729
2850,29.0,17.731977524737704
2851,29.0,17.734878093249126
2852,29.0,17.80888899938674
2853,29.0,17.831977524737702
2854,29.0,17.88791208791208
2855,29.0,17.88791208791209
2856,29.0,17.935933900187294
2857,29.0,17.97445345001906
2858,30.200000000000003,17.98791208791209
2859,30.200000000000003,17.98791208791209
2860,30.200000000000003,18.146491969568892
2861,30.200000000000003,18.174453450019055
2862,30.200000000000003,18.174453450019055
2863,30.200000000000003,18.188967894850244
2864,30.200000000000003,18.274453450019056
2865,30.200000000000003,18.274453450019056
2866,30.200000000000003,18.274453450019056
2867,30.200000000000003,18.431977524737704
2868,30.200000000000003,18.531977524737705
2869,30.200000000000003,18.531977524737705
2870,30.200000000000003,18.53593390018729
2871,30.200000000000003,18.54649196956889
2872,30.200000000000003,18.574453450019053
2873,30.200000000000003,18.587912087912084
2874,30.200000000000003,18.587912087912084
2875,30.200000000000003,18.631977524737707
2876,30.200000000000003,18.631977524737707
2877,30.200000000000003,18.674453450019055
2878,30.200000000000003,18.831977524737706
2879,30.200000000000003,18.874453450019057
2880,30.200000000000003,18.874453450019057
2881,30.200000000000003,18.908888999386733
2882,30.200000000000003,18.93487809324913
2883,30.200000000000003,19.02076199316018
2884,30.200000000000003,19.108888999386735
2885,30.200000000000003,19.131977524737707
2886,30.200000000000003,19.13487809324913
2887,30.200000000000003,19.187912087912085
2888,30.200000000000003,19.231977524737704
2889,30.200000000000003,19.331977524737702
2890,30.200000000000003,19.331977524737702
2891,30.200000000000003,19.334878093249134
2892,30.200000000000003,19.435933900187294
2893,30.200000000000003,19.44938093580626
2894,30.200000000000003,19.531977524737705
2895,30.200000000000003,19.531977524737705
2896,30.200000000000003,19.674453450019055
2897,30.200000000000003,19.674453450019055
2898,30.200000000000003,19.674453450019055
2899,30.200000000000003,19.746491969568893
2900,30.200000000000003,19.749380935806265
2901,30.200000000000003,19.787912087912087
2902,30.200000000000003,19.80888899938674
2903,30.200000000000003,19.83197752473771
2904,30.200000000000003,19.849380935806266
2905,30.200000000000003,19.849380935806266
2906,30.200000000000003,19.849380935806266
2907,30.200000000000003,19.88791208791208
2908,30.200000000000003,19.93487809324913
2909,30.200000000000003,19.94938093580626
2910,30.200000000000003,19.94938093580626
2911,30.200000000000003,19.94938093580626
2912,30.200000000000003,19.94938093580626
2913,30.200000000000003,19.94938093580626
2914,30.200000000000003,19.94938093580626
2915,30.200000000000003,19.94938093580626
2916,30.200000000000003,19.94938093580626
2917,30.200000000000003,20.008888999386734
2918,30.200000000000003,20.008888999386734
2919,30.200000000000003,20.031977524737705
2920,30.200000000000003,20.04649196956889
2921,30.200000000000003,20.074453450019053
2922,30.200000000000003,20.074453450019053
2923,30.200000000000003,20.077098768501482
2924,30.200000000000003,20.087912087912084
2925,30.200000000000003,20.12076199316018
2926,30.200000000000003,20.13487809324913
2927,30.200000000000003,20.13487809324913
2928,30.200000000000003,20.17445345001906
2929,30.200000000000003,20.177098768501484
2930,30.200000000000003,20.187912087912085
2931,30.200000000000003,20.2319775247377
2932,30.200000000000003,20.2319775247377
2933,30.200000000000003,20.287912087912087
2934,30.200000000000003,20.287912087912087
2935,30.200000000000003,20.287912087912087
2936,30.200000000000003,20.30888899938674
2937,30.200000000000003,20.31604760247292
2938,30.200000000000003,20.33197752473771
2939,30.200000000000003,20.38791208791209
2940,30.200000000000003,20.431977524737704
2941,30.200000000000003,20.431977524737704
2942,30.200000000000003,20.474453450019052
2943,30.200000000000003,20.531977524737705
2944,30.200000000000003,20.731977524737708
2945,30.200000000000003,20.774453450019056
2946,30.200000000000003,20.83197752473771
2947,30.200000000000003,20.928415626605673
2948,30.200000000000003,20.946491969568893
2949,30.200000000000003,20.94938093580626
2950,30.200000000000003,20.98791208791209
2951,30.200000000000003,20.98791208791209
2952,30.200000000000003,21.031977524737705
2953,30.200000000000003,21.031977524737705
2954,30.200000000000003,21.03487809324913
2955,30.200000000000003,21.04649196956889
2956,30.200000000000003,21.074453450019053
2957,30.200000000000003,21.31604760247292
2958,30.200000000000003,21.331977524737702
2959,30.200000000000003,21.38791208791208
2960,30.200000000000003,21.38791208791208
2961,30.200000000000003,21.408888999386733
2962,30.200000000000003,21.408888999386733
2963,30.200000000000003,21.449380935806268
2964,30.200000000000003,21.449380935806268
2965,30.200000000000003,21.449380935806268
2966,30.200000000000003,21.47445345001906
2967,30.200000000000003,21.47445345001906
2968,30.200000000000003,21.47445345001906
2969,30.200000000000003,21.48791208791209
2970,30.200000000000003,21.48791208791209
2971,30.200000000000003,21.516047602472916
2972,30.200000000000003,21.516047602472916
2973,30.200000000000003,21.516047602472916
2974,30.200000000000003,21.549380935806262
2975,30.200000000000003,21.549380935806262
2976,30.200000000000003,21.549380935806262
2977,30.200000000000003,21.549380935806262
2978,30.200000000000003,21.549380935806262
2979,30.200000000000003,21.549380935806262
2980,30.200000000000003,21.549380935806262
2981,30.200000000000003,21.549380935806262
2982,30.200000000000003,21.549380935806262
2983,30.200000000000003,21.549380935806262
2984,30.200000000000003,21.549380935806262
2985,30.200000000000003,21.549380935806262
2986,30.200000000000003,21.549380935806262
2987,30.200000000000003,21.549380935806262
2988,30.200000000000003,21.574453450019053
2989,30.200000000000003,21.574453450019053
2990,30.200000000000003,21.65915005055276
2991,30.200000000000003,21.7319775247377
2992,30.200000000000003,21.849380935806266
2993,30.200000000000003,21.849380935806266
2994,30.200000000000003,21.849380935806266
2995,30.200000000000003,21.87445345001905
2996,30.200000000000003,21.87445345001905
2997,30.200000000000003,21.916047602472915
2998,30.200000000000003,21.916047602472915
2999,30.200000000000003,21.931977524737704
3000,30.200000000000003,21.931977524737704
3001,30.200000000000003,21.94938093580626
3002,30.200000000000003,21.94938093580626
3003,30.200000000000003,21.94938093580626
3004,30.200000000000003,21.94938093580626
3005,30.200000000000003,21.94938093580626
3006,30.200000000000003,21.94938093580626
3007,30.200000000000003,21.94938093580626
3008,30.200000000000003,21.94938093580626
3009,30.200000000000003,21.94938093580626
3010,30.200000000000003,21.94938093580626
3011,30.200000000000003,21.974453450019052
3012,30.200000000000003,21.97445345001906
3013,30.200000000000003,21.97445345001906
3014,30.200000000000003,21.97445345001906
3015,30.200000000000003,21.97445345001906
3016,30.200000000000003,21.97445345001906
3017,30.200000000000003,21.991729236073112
3018,30.200000000000003,21.991729236073112
3019,30.200000000000003,22.008888999386734
3020,30.200000000000003,22.066540699119884
3021,30.200000000000003,22.083031397963527
3022,30.200000000000003,22.108888999386735
3023,37.4,22.116047602472918
3024,37.4,22.116047602472918
3025,37.4,22.116047602472918
3026,37.4,22.131977524737707
3027,37.4,22.178282200454145
3028,37.4,22.2319775247377
3029,37.4,22.33197752473771
3030,37.4,22.531977524737705
3031,37.4,22.631977524737707
3032,37.4,22.63487809324913
3033,37.4,22.63487809324913
3034,37.4,22.674453450019055
3035,37.4,22.674453450019055
3036,37.4,22.674453450019055
3037,37.4,22.674453450019055
3038,37.4,22.674453450019055
3039,37.4,22.7319775247377
3040,37.4,22.7319775247377
3041,37.4,22.731977524737708
3042,37.4,22.774453450019056
3043,37.4,22.78791208791208
3044,37.4,22.844902458024624
3045,37.4,22.88791208791209
3046,37.4,22.931977524737704
3047,37.4,22.960867187111525
3048,37.4,23.074453450019053
3049,37.4,23.074453450019053
3050,37.4,23.074453450019053
3051,37.4,23.22076199316018
3052,37.4,23.22841562660567
3053,37.4,23.234878093249133
3054,37.4,23.349380935806266
3055,37.4,23.349380935806266
3056,37.4,23.349380935806266
3057,37.4,23.349380935806266
3058,37.4,23.37445345001905
3059,37.4,23.374453450019057
3060,37.4,23.37828220045414
3061,37.4,23.416047602472915
3062,37.4,23.416047602472915
3063,37.4,23.416047602472915
3064,37.4,23.44938093580626
3065,37.4,23.44938093580626
3066,37.4,23.44938093580626
3067,37.4,23.44938093580626
3068,37.4,23.44938093580626
3069,37.4,23.44938093580626
3070,37.4,23.44938093580626
3071,37.4,23.44938093580626
3072,37.4,23.47445345001906
3073,37.4,23.48791208791209
3074,37.4,23.48791208791209
3075,37.4,23.54649196956889
3076,37.4,23.574453450019053
3077,37.4,23.574453450019053
3078,37.4,23.574453450019053
3079,37.4,23.616047602472918
3080,37.4,23.616047602472918
3081,37.4,23.616047602472918
3082,37.4,23.616047602472918
3083,37.4,23.631977524737707
3084,37.4,23.67445345001906
3085,37.4,23.67445345001906
3086,37.4,23.734878093249133
3087,37.4,23.749380935806258
3088,37.4,23.749380935806258
3089,37.4,23.749380935806258
3090,37.4,23.749380935806258
3091,37.4,23.749380935806258
3092,37.4,23.749380935806258
3093,37.4,23.749380935806258
3094,37.4,23.749380935806258
3095,37.4,23.749380935806258
3096,37.4,23.749380935806258
3097,37.4,23.749380935806258
3098,37.4,23.749380935806258
3099,37.4,23.749380935806258
3100,37.4,23.749380935806258
3101,37.4,23.749380935806258
3102,37.4,23.749380935806258
3103,37.4,23.749380935806258
3104,37.4,23.749380935806258
3105,37.4,23.81604760247292
3106,37.4,23.81604760247292
3107,37.4,23.81604760247292
3108,37.4,23.81604760247292
3109,37.4,23.81604760247292
3110,37.4,23.81604760247292
3111,37.4,23.81604760247292
3112,37.4,23.83197752473771
3113,37.4,23.87445345001905
3114,37.4,23.874453450019057
3115,37.4,23.874453450019057
3116,37.4,23.905060248951646
3117,37.4,23.93487809324913
3118,37.4,23.93487809324913
3119,37.4,23.974453450019052
3120,37.4,23.974453450019052
3121,37.4,24.031977524737705
3122,37.4,24.074453450019053
3123,37.4,24.074453450019053
3124,37.4,24.108888999386735
3125,37.4,24.11667412527141
3126,37.4,24.131977524737707
3127,37.4,24.231977524737708
3128,37.4,24.334878093249134
3129,37.4,24.349380935806266
3130,37.4,24.349380935806266
3131,37.4,24.349380935806266
3132,37.4,24.349380935806266
3133,37.4,24.349380935806266
3134,37.4,24.349380935806266
3135,37.4,24.349380935806266
3136,37.4,24.349380935806266
3137,37.4,24.408888999386733
3138,37.4,24.431977524737704
3139,37.4,24.47445345001906
3140,37.4,24.47445345001906
3141,37.4,24.47445345001906
3142,37.4,24.48791208791209
3143,37.4,24.574453450019053
3144,37.4,24.587912087912084
3145,37.4,24.735933900187284
3146,37.4,24.73593390018729
3147,37.4,24.774453450019056
3148,37.4,24.774453450019056
3149,47.400000000000006,25.074453450019053
3150,47.400000000000006,25.074453450019053
3151,47.400000000000006,25.074453450019053
3152,47.400000000000006,25.131977524737707
3153,47.400000000000006,25.13487809324913
3154,47.400000000000006,25.274453450019056
3155,47.400000000000006,25.274453450019056
3156,47.400000000000006,25.274453450019056
3157,47.400000000000006,25.274453450019056
3158,47.400000000000006,25.274453450019056
3159,47.400000000000006,25.320761993160183
3160,47.400000000000006,25.43487809324913
3161,47.400000000000006,25.43487809324913
3162,47.400000000000006,25.44938093580626
3163,47.400000000000006,25.44938093580626
3164,47.400000000000006,25.44938093580626
3165,47.400000000000006,25.44938093580626
3166,47.400000000000006,25.44938093580626
3167,47.400000000000006,25.44938093580626
3168,47.400000000000006,25.44938093580626
3169,47.400000000000006,25.44938093580626
3170,47.400000000000006,25.44938093580626
3171,47.400000000000006,25.44938093580626
3172,47.400000000000006,25.44938093580626
3173,47.400000000000006,25.44938093580626
3174,47.400000000000006,25.549380935806255
3175,47.400000000000006,25.54938093580627
3176,47.400000000000006,25.54938093580627
3177,47.400000000000006,25.54938093580627
3178,47.400000000000006,25.574453450019053
3179,47.400000000000006,25.616047602472918
3180,47.400000000000006,25.616047602472918
3181,47.400000000000006,25.631977524737707
3182,47.400000000000006,25.649380935806263
3183,47.400000000000006,25.649380935806263
3184,47.400000000000006,25.649380935806263
3185,47.400000000000006,25.649380935806263
3186,47.400000000000006,25.649380935806263
3187,47.400000000000006,25.649380935806263
3188,47.400000000000006,25.649380935806263
3189,47.400000000000006,25.649380935806263
3190,47.400000000000006,25.649380935806263
3191,47.400000000000006,25.649380935806263
3192,47.400000000000006,25.649380935806263
3193,47.400000000000006,25.649380935806263
3194,47.400000000000006,25.649380935806263
3195,47.400000000000006,25.649380935806263
3196,47.400000000000006,25.649380935806263
3197,47.400000000000006,25.649380935806263
3198,47.400000000000006,25.649380935806263
3199,47.400000000000006,25.649380935806263
3200,47.400000000000006,25.687912087912085
3201,47.400000000000006,25.716047602472912
3202,47.400000000000006,25.716047602472912
3203,47.400000000000006,25.716047602472912
3204,47.400000000000006,25.716047602472912
3205,47.400000000000006,25.716047602472912
3206,47.400000000000006,25.716047602472912
3207,47.400000000000006,25.716047602472912
3208,47.400000000000006,25.916047602472915
3209,47.400000000000006,25.916047602472915
3210,47.400000000000006,25.931977524737704
3211,47.400000000000006,25.97445345001906
3212,47.400000000000006,25.97445345001906
3213,47.400000000000006,25.97445345001906
3214,47.400000000000006,25.97445345001906
3215,47.400000000000006,26.074453450019053
3216,47.400000000000006,26.074453450019053
3217,47.400000000000006,26.07445345001906
3218,47.400000000000006,26.131977524737707
3219,47.400000000000006,26.174453450019055
3220,47.400000000000006,26.17445345001906
3221,47.400000000000006,26.21680175028591
3222,47.400000000000006,26.274453450019056
3223,47.400000000000006,26.274453450019056
3224,47.400000000000006,26.274453450019056
3225,47.400000000000006,26.283031397963523
3226,47.5,26.33197752473771
3227,47.5,26.44938093580626
3228,47.5,26.44938093580626
3229,47.5,26.47445345001906
3230,47.5,26.487912087912083
3231,47.5,26.53487809324913
3232,47.5,26.549380935806255
3233,47.5,26.549380935806255
3234,47.5,26.549380935806255
3235,47.5,26.549380935806255
3236,47.5,26.549380935806255
3237,47.5,26.549380935806255
3238,47.5,26.549380935806255
3239,47.5,26.549380935806255
3240,47.5,26.549380935806255
3241,47.5,26.549380935806255
3242,47.5,26.549380935806255
3243,47.5,26.549380935806255
3244,47.5,26.549380935806255
3245,47.5,26.549380935806255
3246,47.5,26.549380935806255
3247,47.5,26.549380935806255
3248,47.5,26.549380935806255
3249,47.5,26.549380935806255
3250,47.5,26.631977524737707
3251,47.5,26.708888999386737
3252,47.5,26.787912087912087
3253,47.5,26.83197752473771
3254,47.5,26.83197752473771
3255,47.5,26.835933900187293
3256,47.5,26.87445345001905
3257,47.5,26.87445345001905
3258,47.5,26.87445345001905
3259,47.5,26.931977524737704
3260,47.5,26.93487809324913
3261,47.5,27.087912087912084
3262,47.5,27.116047602472918
3263,47.5,27.116047602472918
3264,47.5,27.187912087912085
3265,47.5,27.2319775247377
3266,47.5,27.36654069911988
3267,47.5,27.48791208791209
3268,47.5,27.48791208791209
3269,47.5,27.54649196956889
3270,47.5,27.57445345001906
3271,47.5,27.587912087912084
3272,47.5,27.631977524737707
3273,47.5,27.908888999386733
3274,47.5,28.031977524737705
3275,47.5,28.031977524737712
3276,47.5,28.116047602472918
3277,47.5,28.116047602472918
3278,47.5,28.116047602472918
3279,47.5,28.116047602472918
3280,47.5,28.116047602472918
3281,47.5,28.116047602472918
3282,47.5,28.116047602472918
3283,47.5,28.116047602472918
3284,47.5,28.116047602472918
3285,47.5,28.116047602472918
3286,47.5,28.116047602472918
3287,47.5,28.116047602472918
3288,47.5,28.116047602472918
3289,47.5,28.334878093249134
3290,47.5,28.431977524737704
3291,47.5,28.43487809324913
3292,47.5,28.560867187111533
3293,47.5,28.574453450019053
3294,47.5,28.608888999386735
3295,47.5,28.6319775247377
3296,47.5,28.687912087912085
3297,47.5,28.687912087912093
3298,47.5,28.831977524737702
3299,47.5,28.83197752473771
3300,47.5,29.008888999386734
3301,47.5,29.087912087912084
3302,47.5,29.087912087912084
3303,47.5,29.087912087912084
3304,47.5,29.116047602472918
3305,47.5,29.116047602472918
3306,47.5,29.116047602472918
3307,47.5,29.116047602472918
3308,47.5,29.116047602472918
3309,47.5,29.116047602472918
3310,47.5,29.116047602472918
3311,47.5,29.116047602472918
3312,47.5,29.116047602472918
3313,47.5,29.15839590273977
3314,47.5,29.216047602472912
3315,47.5,29.216047602472912
3316,47.5,29.216047602472912
3317,47.5,29.231977524737708
3318,47.5,29.23593390018729
3319,47.5,29.33197752473771
3320,47.5,29.346491969568888
3321,47.5,29.38791208791208
3322,47.5,29.38791208791209
3323,47.5,29.53487809324913
3324,47.5,29.53487809324913
3325,47.5,29.53487809324913
3326,47.5,29.67445345001906
3327,47.5,29.774453450019056
3328,47.5,29.80888899938674
3329,47.5,29.834878093249127
3330,47.5,29.87445345001905
3331,47.5,29.88791208791208
3332,47.5,29.88791208791209
3333,47.5,29.935933900187287
3334,47.5,29.98791208791209
3335,47.5,30.087912087912084
3336,47.5,30.087912087912084
3337,47.5,30.087912087912084
3338,47.5,30.087912087912084
3339,47.5,30.234878093249133
3340,47.5,30.249380935806258
3341,47.5,30.249380935806258
3342,47.5,30.274453450019056
3343,47.5,30.31604760247292
3344,47.5,30.31604760247292
3345,47.5,30.31604760247292
3346,47.5,30.31604760247292
3347,47.5,30.334878093249134
3348,47.5,30.48791208791209
3349,47.5,30.50888899938674
3350,47.5,30.908888999386733
3351,47.5,30.908888999386733
3352,47.5,30.93487809324913
3353,47.5,31.087912087912084
3354,47.5,31.087912087912084
3355,47.5,31.087912087912084
3356,47.5,31.149380935806263
3357,47.5,31.20888899938673
3358,47.5,31.216047602472912
3359,47.5,31.216047602472912
3360,47.5,31.216047602472912
3361,47.5,31.216047602472912
3362,47.5,31.216047602472912
3363,47.5,31.216047602472912
3364,47.5,31.216047602472912
3365,47.5,31.216047602472912
3366,47.5,31.216047602472912
3367,47.5,31.216047602472912
3368,47.5,31.216047602472912
3369,47.5,31.216047602472912
3370,47.5,31.274453450019056
3371,47.5,31.274453450019056
3372,47.5,31.321817800098337
3373,47.5,31.334878093249134
3374,47.5,31.431977524737704
3375,47.5,31.43487809324913
3376,47.5,31.46561638462091
3377,47.5,31.674453450019048
3378,47.5,31.674453450019048
3379,47.5,31.674453450019048
3380,47.5,31.674453450019048
3381,47.5,31.70888899938673
3382,47.5,31.80888899938673
3383,47.5,31.835933900187285
3384,47.5,31.916047602472915
3385,47.5,31.916047602472915
3386,47.5,31.916047602472915
3387,47.5,31.916047602472915
3388,47.5,31.916047602472915
3389,47.5,31.916047602472915
3390,47.5,31.916047602472915
3391,47.5,31.935933900187287
3392,47.5,31.94938093580626
3393,47.5,31.94938093580626
3394,47.5,31.94938093580626
3395,47.5,31.94938093580626
3396,47.5,32.01604760247292
3397,47.5,32.01604760247292
3398,47.5,32.01604760247292
3399,47.5,32.01604760247292
3400,47.5,32.01604760247292
3401,47.5,32.01604760247292
3402,47.5,32.01604760247292
3403,47.5,32.01604760247292
3404,47.5,32.01604760247292
3405,47.5,32.01604760247292
3406,47.5,32.01604760247292
3407,47.5,32.01604760247292
3408,47.5,32.01604760247292
3409,47.5,32.058395902739775
3410,47.5,32.14649196956889
3411,47.5,32.187912087912096
3412,47.5,32.3319775247377
3413,47.5,32.34649196956889
3414,47.5,32.54490245802462
3415,47.5,32.67445345001906
3416,47.5,32.67445345001906
3417,47.5,32.67445345001906
3418,47.5,32.67445345001906
3419,47.5,32.77445345001905
3420,47.5,32.78791208791209
3421,47.5,32.78791208791209
3422,47.5,32.94938093580626
3423,47.5,32.94938093580626
3424,47.5,32.94938093580626
3425,47.5,32.94938093580626
3426,47.5,32.94938093580626
3427,47.5,33.02076199316018
3428,47.5,33.049380935806255
3429,47.5,33.049380935806255
3430,47.5,33.049380935806255
3431,47.5,33.049380935806255
3432,47.5,33.049380935806255
3433,47.5,33.049380935806255
3434,47.5,33.049380935806255
3435,47.5,33.049380935806255
3436,47.5,33.049380935806255
3437,47.5,33.049380935806255
3438,47.5,33.049380935806255
3439,47.5,33.049380935806255
3440,47.5,33.049380935806255
3441,47.5,33.049380935806255
3442,47.5,33.04938093580627
3443,47.5,33.04938093580627
3444,47.5,33.04938093580627
3445,47.5,33.04938093580627
3446,47.5,33.13197752473771
3447,47.5,33.14938093580626
3448,47.5,33.14938093580626
3449,47.5,33.14938093580626
3450,47.5,33.14938093580626
3451,47.5,33.14938093580626
3452,47.5,33.14938093580626
3453,47.5,33.14938093580626
3454,47.5,33.14938093580626
3455,47.5,33.14938093580626
3456,47.5,33.14938093580626
3457,47.5,33.14938093580626
3458,47.5,33.14938093580626
3459,47.5,33.14938093580626
3460,47.5,33.14938093580626
3461,47.5,33.14938093580626
3462,47.5,33.14938093580626
3463,47.5,33.14938093580626
3464,47.5,33.14938093580626
3465,47.5,33.33197752473771
3466,47.5,33.349380935806266
3467,47.5,33.349380935806266
3468,47.5,33.416047602472915
3469,47.5,33.416047602472915
3470,47.5,33.416047602472915
3471,47.5,33.416047602472915
3472,47.5,33.416047602472915
3473,47.5,33.416047602472915
3474,47.5,33.416047602472915
3475,47.5,33.416047602472915
3476,47.5,33.416047602472915
3477,47.5,33.416047602472915
3478,47.5,33.416047602472915
3479,47.5,33.416047602472915
3480,47.5,33.416047602472915
3481,47.5,33.416047602472915
3482,47.5,33.416047602472915
3483,47.5,33.416047602472915
3484,47.5,33.416047602472915
3485,47.5,33.416047602472915
3486,47.5,33.416047602472915
3487,47.5,33.416047602472915
3488,47.5,33.416047602472915
3489,47.5,33.416047602472915
3490,47.5,33.416047602472915
3491,47.5,33.474453450019055
3492,47.5,33.67445345001906
3493,47.5,33.83197752473771
3494,47.5,33.83197752473771
3495,47.5,33.87445345001905
3496,47.5,33.87445345001905
3497,47.5,33.87445345001905
3498,47.5,34.13593390018729
3499,47.5,34.14938093580626
3500,47.5,34.14938093580626
3501,47.5,34.14938093580626
3502,47.5,34.14938093580626
3503,47.5,34.14938093580626
3504,47.5,34.14938093580626
3505,47.5,34.14938093580626
3506,47.5,34.24938093580626
3507,47.5,34.24938093580626
3508,47.5,34.24938093580626
3509,47.5,34.24938093580626
3510,47.5,34.24938093580626
3511,47.5,34.24938093580626
3512,47.5,34.24938093580626
3513,47.5,34.24938093580626
3514,47.5,34.24938093580626
3515,47.5,34.24938093580626
3516,47.5,34.24938093580626
3517,47.5,34.24938093580626
3518,47.5,34.24938093580626
3519,47.5,34.24938093580626
3520,47.5,34.24938093580626
3521,47.5,34.24938093580626
3522,47.5,34.24938093580626
3523,47.5,34.24938093580626
3524,47.5,34.24938093580626
3525,47.5,34.24938093580626
3526,47.5,34.24938093580626
3527,47.5,34.24938093580626
3528,47.5,34.24938093580626
3529,47.5,34.24938093580626
3530,47.5,34.24938093580626
3531,47.5,34.24938093580626
3532,47.5,34.24938093580626
3533,47.5,34.24938093580626
3534,47.5,34.24938093580626
3535,47.5,34.24938093580626
3536,47.5,34.24938093580626
3537,47.5,34.24938093580626
3538,47.5,34.24938093580626
3539,47.5,34.24938093580626
3540,47.5,34.24938093580626
3541,47.5,34.24938093580626
3542,47.5,34.24938093580626
3543,47.5,34.24938093580626
3544,47.5,34.24938093580626
3545,47.5,34.24938093580626
3546,47.5,34.29172923607311
3547,47.5,34.29172923607311
3548,47.5,34.534878093249134
3549,47.5,34.58791208791209
3550,47.5,34.931977524737704
3551,47.5,34.94938093580626
3552,47.5,35.01604760247292
3553,47.5,35.01604760247292
3554,47.5,35.01604760247292
3555,47.5,35.01604760247292
3556,47.5,35.01604760247292
3557,47.5,35.01604760247292
3558,47.5,35.01604760247292
3559,47.5,35.01604760247292
3560,47.5,35.01604760247292
3561,47.5,35.01604760247292
3562,47.5,35.01604760247292
3563,47.5,35.01604760247292
3564,47.5,35.23197752473771
3565,47.5,35.27445345001905
3566,47.5,35.27445345001905
3567,47.5,35.27445345001905
3568,47.5,35.33197752473771
3569,47.5,35.434878093249125
3570,47.5,35.54938093580627
3571,47.5,35.54938093580627
3572,47.5,35.54938093580627
3573,47.5,35.54938093580627
3574,47.5,35.54938093580627
3575,47.5,35.54938093580627
3576,47.5,35.54938093580627
3577,47.5,35.54938093580627
3578,47.5,35.54938093580627
3579,47.5,35.54938093580627
3580,47.5,35.64938093580626
3581,47.5,35.64938093580626
3582,47.5,35.64938093580626
3583,47.5,35.64938093580626
3584,47.5,35.64938093580626
3585,47.5,35.64938093580626
3586,47.5,35.64938093580626
3587,47.5,35.64938093580626
3588,47.5,35.64938093580626
3589,47.5,35.64938093580626
3590,47.5,35.64938093580626
3591,47.5,35.64938093580626
3592,47.5,35.64938093580626
3593,47.5,35.64938093580626
3594,47.5,35.64938093580626
3595,47.5,35.64938093580626
3596,47.5,35.64938093580626
3597,47.5,35.64938093580626
3598,47.5,35.64938093580626
3599,47.5,35.64938093580626
3600,47.5,35.64938093580626
3601,47.5,35.64938093580626
3602,47.5,35.64938093580626
3603,47.5,35.64938093580626
3604,47.5,35.64938093580626
3605,47.5,35.64938093580626
3606,47.5,35.64938093580626
3607,47.5,35.64938093580626
3608,47.5,35.64938093580626
3609,47.5,35.64938093580626
3610,47.5,35.64938093580626
3611,47.5,35.64938093580626
3612,47.5,35.64938093580626
3613,47.5,35.64938093580626
3614,47.5,35.64938093580626
3615,47.5,35.64938093580626
3616,47.5,35.64938093580626
3617,47.5,35.64938093580626
3618,47.5,35.64938093580626
3619,47.5,35.64938093580626
3620,47.5,35.691729236073115
3621,47.5,35.931977524737704
3622,47.5,35.931977524737704
3623,47.5,36.349380935806266
3624,47.5,36.349380935806266
3625,47.5,36.349380935806266
3626,47.5,36.40888899938673
3627,47.5,36.416047602472915
3628,47.5,36.416047602472915
3629,47.5,36.416047602472915
3630,47.5,36.416047602472915
3631,47.5,36.416047602472915
3632,47.5,36.416047602472915
3633,47.5,36.416047602472915
3634,47.5,36.416047602472915
3635,47.5,36.416047602472915
3636,47.5,36.416047602472915
3637,47.5,36.416047602472915
3638,47.5,36.416047602472915
3639,47.5,36.416047602472915
3640,47.5,36.416047602472915
3641,47.5,36.416047602472915
3642,47.5,36.416047602472915
3643,47.5,36.416047602472915
3644,47.5,36.416047602472915
3645,47.5,36.416047602472915
3646,47.5,36.416047602472915
3647,47.5,36.416047602472915
3648,47.5,36.416047602472915
3649,47.5,36.416047602472915
3650,47.5,36.416047602472915
3651,47.5,36.416047602472915
3652,47.5,36.416047602472915
3653,47.5,36.416047602472915
3654,47.5,36.416047602472915
3655,47.5,36.416047602472915
3656,47.5,36.416047602472915
3657,47.5,36.416047602472915
3658,47.5,36.416047602472915
3659,47.5,36.416047602472915
3660,47.5,36.416047602472915
3661,47.5,36.416047602472915
3662,47.5,36.416047602472915
3663,47.5,36.416047602472915
3664,47.5,36.416047602472915
3665,47.5,36.416047602472915
3666,47.5,36.416047602472915
3667,47.5,36.416047602472915
3668,47.5,36.416047602472915
3669,47.5,36.416047602472915
3670,47.5,36.416047602472915
3671,47.5,36.416047602472915
3672,47.5,36.416047602472915
3673,47.5,36.416047602472915
3674,47.5,36.416047602472915
3675,47.5,36.416047602472915
3676,47.5,36.416047602472915
3677,47.5,36.416047602472915
3678,47.5,36.416047602472915
3679,47.5,36.416047602472915
3680,47.5,36.416047602472915
3681,47.5,36.416047602472915
3682,47.5,36.416047602472915
3683,47.5,36.416047602472915
3684,47.5,36.416047602472915
3685,47.5,36.416047602472915
3686,47.5,36.431977524737704
3687,47.5,36.45839590273977
3688,47.5,36.62076199316018
3689,47.5,36.74938093580626
3690,47.5,36.74938093580626
3691,47.5,36.74938093580626
3692,47.5,36.74938093580626
3693,47.5,36.74938093580626
3694,47.5,36.81604760247292
3695,47.5,36.81604760247292
3696,47.5,36.81604760247292
3697,47.5,36.81604760247292
3698,47.5,36.81604760247292
3699,47.5,36.81604760247292
3700,47.5,36.81604760247292
3701,47.5,36.81604760247292
3702,47.5,36.81604760247292
3703,47.5,36.81604760247292
3704,47.5,36.81604760247292
3705,47.5,36.81604760247292
3706,47.5,36.81604760247292
3707,47.5,36.81604760247292
3708,47.5,36.81604760247292
3709,47.5,36.81604760247292
3710,47.5,36.81604760247292
3711,47.5,36.81604760247292
3712,47.5,36.81604760247292
3713,47.5,36.81604760247292
3714,47.5,36.81604760247292
3715,47.5,36.81604760247292
3716,47.5,36.81604760247292
3717,47.5,36.81604760247292
3718,47.5,36.81604760247292
3719,47.5,36.81604760247292
3720,47.5,36.81604760247292
3721,47.5,36.81604760247292
3722,47.5,36.81604760247292
3723,47.5,36.81604760247292
3724,47.5,36.81604760247292
3725,47.5,36.81604760247292
3726,47.5,36.81604760247292
3727,47.5,36.81604760247292
3728,47.5,36.81604760247292
3729,47.5,36.81604760247292
3730,47.5,36.81604760247292
3731,47.5,36.81604760247292
3732,47.5,36.81604760247292
3733,47.5,36.81604760247292
3734,47.5,36.81604760247292
3735,47.5,36.81604760247292
3736,47.5,36.81604760247292
3737,47.5,36.81604760247292
3738,47.5,36.81604760247292
3739,47.5,36.81604760247292
3740,47.5,36.81604760247292
3741,47.5,36.81604760247292
3742,47.5,36.81604760247292
3743,47.5,36.81604760247292
3744,47.5,36.81604760247292
3745,47.5,36.81604760247292
3746,47.5,36.81604760247292
3747,47.5,36.81604760247292
3748,47.5,36.81604760247292
3749,47.5,36.81604760247292
3750,47.5,36.81604760247292
3751,47.5,36.81604760247292
3752,47.5,36.81604760247292
3753,47.5,36.81604760247292
3754,47.5,36.81604760247292
3755,47.5,36.81604760247292
3756,47.5,36.81604760247292
3757,47.5,36.81604760247292
3758,47.5,36.81604760247292
3759,47.5,36.81604760247292
3760,47.5,36.81604760247292
3761,47.5,36.81604760247292
3762,47.5,36.85839590273977
3763,47.5,37.13197752473771
3764,47.5,37.28791208791209
3765,47.5,37.33197752473771
3766,47.5,37.46654069911989
3767,47.5,37.549380935806255
3768,47.5,37.549380935806255
3769,47.5,37.549380935806255
3770,47.5,37.61604760247292
3771,47.5,37.61604760247292
3772,47.5,37.61604760247292
3773,47.5,37.61604760247292
3774,47.5,37.61604760247292
3775,47.5,37.61604760247292
3776,47.5,37.61604760247292
3777,47.5,37.61604760247292
3778,47.5,37.61604760247292
3779,47.5,37.61604760247292
3780,47.5,37.61604760247292
3781,47.5,37.61604760247292
3782,47.5,37.61604760247292
3783,47.5,37.61604760247292
3784,47.5,37.61604760247292
3785,47.5,37.61604760247292
3786,47.5,37.61604760247292
3787,47.5,37.61604760247292
3788,47.5,37.61604760247292
3789,47.5,37.61604760247292
3790,47.5,37.61604760247292
3791,47.5,37.61604760247292
3792,47.5,37.61604760247292
3793,47.5,37.61604760247292
3794,47.5,37.61604760247292
3795,47.5,38.07445345001905
3796,47.5,38.07445345001905
3797,47.5,38.15915005055276
3798,47.5,38.24938093580627
3799,47.5,38.24938093580627
3800,47.5,38.31604760247292
3801,47.5,38.31604760247292
3802,47.5,38.31604760247292
3803,47.5,38.31604760247292
3804,47.5,38.31604760247292
3805,47.5,38.31604760247292
3806,47.5,38.31604760247292
3807,47.5,38.31604760247292
3808,47.5,38.31604760247292
3809,47.5,38.31604760247292
3810,47.5,38.31604760247292
3811,47.5,38.31604760247292
3812,47.5,38.31604760247292
3813,47.5,38.31604760247292
3814,47.5,38.31604760247292
3815,47.5,38.31604760247292
3816,47.5,38.31604760247292
3817,47.5,38.31604760247292
3818,47.5,38.31604760247292
3819,47.5,38.31604760247292
3820,47.5,38.31604760247292
3821,47.5,38.31604760247292
3822,47.5,38.31604760247292
3823,47.5,38.31604760247292
3824,47.5,38.31604760247292
3825,47.5,38.31604760247292
3826,47.5,38.31604760247292
3827,47.5,38.31604760247292
3828,47.5,38.31604760247292
3829,47.5,38.31604760247292
3830,47.5,38.31604760247292
3831,47.5,38.31604760247292
3832,47.5,38.31604760247292
3833,47.5,38.31604760247292
3834,47.5,38.31604760247292
3835,47.5,38.31604760247292
3836,47.5,38.31604760247292
3837,47.5,38.35839590273977
3838,47.5,38.44112011668571
3839,47.5,38.44938093580626
3840,47.5,38.44938093580626
3841,47.5,38.44938093580626
3842,47.5,38.44938093580626
3843,47.5,38.44938093580626
3844,47.5,38.51604760247292
3845,47.5,38.51604760247292
3846,47.5,38.51604760247292
3847,47.5,38.51604760247292
3848,47.5,38.51604760247292
3849,47.5,38.51604760247292
3850,47.5,38.51604760247292
3851,47.5,38.51604760247292
3852,47.5,38.51604760247292
3853,47.5,38.51604760247292
3854,47.5,38.51604760247292
3855,47.5,38.51604760247292
3856,47.5,38.51604760247292
3857,47.5,38.51604760247292
3858,47.5,38.51604760247292
3859,47.5,38.51604760247292
3860,47.5,38.51604760247292
3861,47.5,38.51604760247292
3862,47.5,38.51604760247292
3863,47.5,38.51604760247292
3864,47.5,38.51604760247292
3865,47.5,38.51604760247292
3866,47.5,38.51604760247292
3867,47.5,38.51604760247292
3868,47.5,38.51604760247292
3869,47.5,38.51604760247292
3870,47.5,38.51604760247292
3871,47.5,38.51604760247292
3872,47.5,38.51604760247292
3873,47.5,38.51604760247292
3874,47.5,38.51604760247292
3875,47.5,38.51604760247292
3876,47.5,38.51604760247292
3877,47.5,38.51604760247292
3878,47.5,38.51604760247292
3879,47.5,38.51604760247292
3880,47.5,38.51604760247292
3881,47.5,38.64112011668571
3882,47.5,38.74938093580627
3883,47.5,38.81604760247292
3884,47.5,38.81604760247292
3885,47.5,38.81604760247292
3886,47.5,38.81604760247292
3887,47.5,38.81604760247292
3888,47.5,38.81604760247292
3889,47.5,38.81604760247292
3890,47.5,38.81604760247292
3891,47.5,38.81604760247292
3892,47.5,38.81604760247292
3893,47.5,38.81604760247292
3894,47.5,38.81604760247292
3895,47.5,38.81604760247292
3896,47.5,38.81604760247292
3897,47.5,38.81604760247292
3898,47.5,38.81604760247292
3899,47.5,38.81604760247292
3900,47.5,38.81604760247292
3901,47.5,38.81604760247292
3902,47.5,38.81604760247292
3903,47.5,38.81604760247292
3904,47.5,38.81604760247292
3905,47.5,38.81604760247292
3906,47.5,38.81604760247292
3907,47.5,38.81604760247292
3908,47.5,38.81604760247292
3909,47.5,38.81604760247292
3910,47.5,38.81604760247292
3911,47.5,38.81604760247292
3912,47.5,38.81604760247292
3913,47.5,38.81604760247292
3914,47.5,38.81604760247292
3915,47.5,38.81604760247292
3916,47.5,38.81604760247292
3917,47.5,38.85839590273977
3918,47.5,39.44112011668571
3919,47.5,39.48791208791208
3920,47.5,39.531977524737705
3921,47.5,39.57445345001905
3922,47.5,39.57445345001905
3923,47.5,39.574453450019064
3924,47.5,39.67445345001906
3925,47.5,39.67445345001906
3926,47.5,39.67445345001906
3927,47.5,39.67445345001906
3928,47.5,40.07445345001905
3929,47.5,40.07445345001905
3930,47.5,40.174453450019044
3931,47.5,40.23487809324912
3932,47.5,40.24112011668571
3933,47.5,40.24112011668571
3934,47.5,40.24112011668571
3935,47.5,40.24112011668571
3936,47.5,40.720761993160174
3937,47.5,40.73487809324912
3938,47.5,40.96654069911988
3939,47.5,41.474453450019055
3940,47.5,41.527004016596756
3941,47.5,41.57445345001905
3942,47.5,41.57445345001905
3943,47.5,41.57445345001905
3944,47.5,41.63197752473771
3945,47.5,41.63197752473771
3946,47.5,41.74112011668571
3947,47.5,41.74112011668571
3948,47.5,41.835933900187285
3949,47.5,41.87445345001905
3950,47.5,41.87445345001905
3951,47.5,41.87445345001905
3952,47.5,41.87445345001905
3953,47.5,41.87445345001905
3954,47.5,41.87445345001905
3955,47.5,41.94112011668571
3956,47.5,41.94112011668571
3957,47.5,42.13487809324913
3958,47.5,42.474453450019055
3959,47.5,42.474453450019055
3960,47.5,42.474453450019055
3961,47.5,42.474453450019055
3962,47.5,42.474453450019055
3963,47.5,42.74938093580627
3964,47.5,42.74938093580627
3965,47.5,42.74938093580627
3966,47.5,42.74938093580627
3967,47.5,42.74938093580627
3968,47.5,42.74938093580627
3969,47.5,42.849380935806266
3970,47.5,42.849380935806266
3971,47.5,42.849380935806266
3972,47.5,42.849380935806266
3973,47.5,42.849380935806266
3974,47.5,42.849380935806266
3975,47.5,42.849380935806266
3976,47.5,42.849380935806266
3977,47.5,42.849380935806266
3978,47.5,42.849380935806266
3979,47.5,42.849380935806266
3980,47.5,42.849380935806266
3981,47.5,42.849380935806266
3982,47.5,42.849380935806266
3983,47.5,42.849380935806266
3984,47.5,42.849380935806266
3985,47.5,42.849380935806266
3986,47.5,42.849380935806266
3987,47.5,42.849380935806266
3988,47.5,42.849380935806266
3989,47.5,42.849380935806266
3990,47.5,42.849380935806266
3991,47.5,42.849380935806266
3992,47.5,42.849380935806266
3993,47.5,42.849380935806266
3994,47.5,42.849380935806266
3995,47.5,42.849380935806266
3996,47.5,42.849380935806266
3997,47.5,43.13197752473771
3998,47.5,43.4053271012547
3999,47.5,43.474453450019055
4000,47.5,43.5319775247377
4001,47.5,43.57445345001905
4002,47.5,43.57445345001905
4003,47.5,43.67445345001906
4004,47.5,43.67445345001906
4005,47.5,43.67445345001906
4006,47.5,43.74112011668571
4007,47.5,43.77445345001905
4008,47.5,43.82581671721942
4009,47.5,43.8411201166857
4010,47.5,44.041120116685704
4011,47.5,44.041120116685704
4012,47.5,44.57445345001905
4013,47.5,44.63197752473771
4014,47.5,44.674453450019044
4015,47.5,45.174453450019044
4016,47.5,45.23197752473771
4017,47.5,45.301544759915785
4018,47.5,45.387912087912085
4019,47.5,45.68791208791208
4020,47.5,45.90888899938673
4021,47.5,45.98791208791208
4022,47.5,46.24112011668571
4023,47.5,46.24112011668571
4024,47.5,46.24112011668571
4025,47.5,46.254578754578745
4026,47.5,46.534878093249134
4027,47.5,46.534878093249134
4028,47.5,46.64649196956889
4029,47.5,46.67709876850148
4030,47.5,46.932151558848375
4031,47.5,46.934878093249125
4032,47.5,47.24112011668571
4033,47.5,47.24112011668571
4034,47.5,47.24112011668571
4035,47.5,47.3411201166857
4036,47.5,47.3411201166857
4037,47.5,47.3411201166857
4038,47.5,47.5
4039,47.5,47.5
4040,47.5,47.5
4041,47.5,47.5
4042,47.5,47.5
4043,47.5,47.5
4044,47.5,47.5
4045,47.5,47.5
4046,47.5,47.5
4047,47.5,47.5
4048,47.5,47.5
4049,47.5,47.5
4050,47.5,47.5
4051,47.5,47.5
4052,47.5,47.5
4053,47.5,47.5
4054,47.5,47.5
4055,47.5,47.5
4056,47.5,47.5
4057,47.5,47.5
4058,47.5,47.5
4059,47.5,47.5
4060,47.5,47.5
4061,47.5,47.5
4062,47.5,47.5
4063,47.5,47.5
4064,47.5,47.5
4065,47.5,47.5
4066,47.5,47.5
4067,47.5,47.5
4068,47.5,47.5
4069,47.5,47.5
4070,47.5,47.5
4071,47.5,47.5
4072,47.5,47.5
4073,47.5,47.5
4074,47.5,47.5
4075,47.5,47.5
4076,47.5,47.5
4077,47.5,47.5
4078,47.5,47.5
4079,47.5,47.5
4080,47.5,47.5
4081,47.5,47.5
4082,47.5,47.5
4083,47.5,47.5
4084,47.5,47.5
4085,47.5,47.5
4086,47.5,47.5
4087,47.5,47.5
4088,47.5,47.5
4089,47.5,47.5
4090,47.5,47.5
4091,47.5,47.5
4092,47.5,47.5
4093,47.5,47.5
4094,47.5,47.5
4095,47.5,47.5
4096,47.5,47.5
4097,47.5,47.5
4098,47.5,47.5
4099,47.5,47.5
4100,47.5,47.5
4101,47.5,47.5
4102,47.5,47.5
4103,47.5,47.5
4104,47.5,47.5
4105,47.5,47.5
4106,47.5,47.5
4107,47.5,47.5
4108,47.5,47.5
4109,47.5,47.5
4110,47.5,47.5
4111,47.5,47.5
4112,47.5,47.5
4113,47.5,47.5
4114,47.5,47.5
4115,47.5,47.5
4116,47.5,47.5
4117,47.5,47.5
4118,47.5,47.5
4119,47.5,47.5
4120,47.5,47.5
4121,47.5,47.5
4122,47.5,47.5
4123,47.5,47.5
4124,47.5,47.5
4125,47.5,47.5
4126,47.5,47.5
4127,47.5,47.5
4128,47.5,47.5
4129,47.5,47.5
4130,47.5,47.5
4131,47.5,47.5
4132,47.5,47.5
4133,47.5,47.5
4134,47.5,47.5
4135,47.5,47.5
4136,47.5,47.5
4137,47.5,47.5
4138,47.5,47.5
4139,47.5,47.5
4140,47.5,47.5
4141,47.5,47.5
4142,47.5,47.5
4143,47.5,47.5
4144,47.5,47.5
4145,47.5,47.5
4146,47.5,47.5
4147,47.5,47.5
4148,47.5,47.5
4149,47.5,47.5
4150,47.5,47.5
4151,47.5,47.5
4152,47.5,47.5
4153,47.5,47.5
4154,47.5,47.5
4155,47.5,47.5
4156,47.5,47.5
4157,47.5,47.5
4158,47.5,47.5
4159,47.5,47.5
4160,47.5,47.5
4161,47.5,47.5
4162,47.5,47.5
4163,47.5,47.5
4164,47.5,47.5
4165,47.5,47.5
4166,47.5,47.5
4167,47.5,47.5
4168,47.5,47.5
4169,47.5,47.5
4170,47.5,47.5
4171,47.5,47.5
4172,47.5,47.5
4173,47.5,47.5
4174,47.5,47.5
4175,47.5,47.5
4176,47.5,47.5
4177,47.5,47.5
4178,47.5,47.5
4179,47.5,47.5
4180,47.5,47.5
4181,47.5,47.5
4182,47.5,47.5
4183,47.5,47.5
4184,47.5,47.5
4185,47.5,47.5
4186,47.5,47.5
4187,47.5,47.5
4188,47.5,47.5
4189,47.5,47.5
4190,47.5,47.5
4191,47.5,47.5
4192,47.5,47.5
4193,47.5,47.5
4194,47.5,47.5
4195,47.5,47.5
4196,47.5,47.5
4197,47.5,47.5
4198,47.5,47.5
4199,47.5,47.5
4200,47.5,47.5
4201,47.5,47.5
4202,47.5,47.5
4203,47.5,47.5
4204,47.5,47.5
4205,47.5,47.5
4206,47.5,47.5
4207,47.5,47.5
4208,47.5,47.5
4209,47.5,47.5
4210,47.5,47.5
4211,47.5,47.5
4212,47.5,47.5
4213,47.5,47.5
4214,47.5,47.5
4215,47.5,47.5
4216,47.5,47.5
4217,47.5,47.5
4218,47.5,47.5
4219,47.5,47.5
4220,47.5,47.5
4221,47.5,47.5
4222,47.5,47.5
4223,47.5,47.5
4224,47.5,47.5
4225,47.5,47.5
4226,47.5,47.5
4227,47.5,47.5
4228,47.5,47.5
4229,47.5,47.5
4230,47.5,47.5
4231,47.5,47.5
4232,47.5,47.5
4233,47.5,47.5
4234,47.5,47.5
4235,47.5,47.5
4236,47.5,47.5
4237,47.5,47.5
4238,47.5,47.5
4239,47.5,47.5
4240,47.5,47.5
4241,47.5,47.5
4242,47.5,47.5
4243,47.5,47.5
4244,47.5,47.5
4245,47.5,47.5
4246,47.5,47.5
4247,47.5,47.5
4248,47.5,47.5
4249,47.5,47.5
4250,47.5,47.5
4251,47.5,47.5
4252,47.5,47.5
4253,47.5,47.5
4254,47.5,47.5
4255,47.5,47.5
4256,47.5,47.5
4257,47.5,47.5
4258,47.5,47.5
4259,47.5,47.5
4260,47.5,47.5
4261,47.5,47.5
4262,47.5,47.5
4263,47.5,47.5
4264,47.5,47.5
4265,47.5,47.5
4266,47.5,47.5
4267,47.5,47.5
4268,47.5,47.5
4269,47.5,47.5
4270,47.5,47.5
4271,47.5,47.5
4272,47.5,47.5
4273,47.5,47.5
4274,47.5,47.5
4275,47.5,47.5
4276,47.5,47.5
4277,47.5,47.5
4278,47.5,47.5
4279,47.5,47.5
4280,47.5,47.5
4281,47.5,47.5
4282,47.5,47.5
4283,47.5,47.5
4284,47.5,47.5
4285,47.5,47.5
4286,47.5,47.5
4287,47.5,47.5
4288,47.5,47.5
4289,47.5,47.5
4290,47.5,47.5
4291,47.5,47.5
4292,47.5,47.5
4293,47.5,47.5
4294,47.5,47.5
4295,47.5,47.5
4296,47.5,47.5
4297,47.5,47.5
4298,47.5,47.5
4299,47.5,47.5
4300,47.5,47.5
4301,47.5,47.5
4302,47.5,47.5
4303,47.5,47.5
4304,47.5,47.5
4305,47.5,47.5
4306,47.5,47.5
4307,47.5,47.5
4308,47.5,47.5
4309,47.5,47.5
4310,47.5,47.5
4311,47.5,47.5
4312,47.5,47.5
4313,47.5,47.5
4314,47.5,47.5
4315,47.5,47.5
4316,47.5,47.5
4317,47.5,47.5
4318,47.5,47.5
4319,47.5,47.5
4320,47.5,47.5
4321,47.5,47.5
4322,47.5,47.5
4323,47.5,47.5
4324,47.5,47.5
4325,47.5,47.5
4326,47.5,47.5
4327,47.5,47.5
4328,47.5,47.5
4329,47.5,47.5
4330,47.5,47.5
4331,47.5,47.5
4332,47.5,47.5
4333,47.5,47.5
4334,47.5,47.5
4335,47.5,47.5
4336,47.5,47.5
4337,47.5,47.5
4338,47.5,47.5
4339,47.5,47.5
4340,47.5,47.5
4341,47.5,47.5
4342,47.5,47.5
4343,47.5,47.5
4344,47.5,47.5
4345,47.5,47.5
4346,47.5,47.5
4347,47.5,47.5
4348,47.5,47.5
4349,47.5,47.5
4350,47.5,47.5
4351,47.5,47.5
4352,47.5,47.5
4353,47.5,47.5
4354,47.5,47.5
4355,47.5,47.5
4356,47.5,47.5
4357,47.5,47.5
4358,47.5,47.5
4359,47.5,47.5
4360,47.5,47.5
4361,47.5,47.5
4362,47.5,47.5
4363,47.5,47.5
4364,47.5,47.5
4365,47.5,47.5
4366,47.5,47.5
4367,47.5,47.5
4368,47.5,47.5
4369,47.5,47.5
4370,47.5,47.5
4371,47.5,47.5
4372,47.5,47.5
4373,47.5,47.5
4374,47.5,47.5
4375,47.5,47.5
4376,47.5,47.5
4377,47.5,47.5
4378,47.5,47.5
4379,47.5,47.5
4380,47.5,47.5
4381,47.5,47.5
4382,47.5,47.5
4383,47.5,47.5
4384,47.5,47.5
4385,47.5,47.5
4386,47.5,47.5
4387,47.5,47.5
4388,47.5,47.5
4389,47.5,47.5
4390,47.5,47.5
4391,47.5,47.5
4392,47.5,47.5
4393,47.5,47.5
4394,47.5,47.5
4395,47.5,47.5
4396,47.5,47.5
4397,47.5,47.5
4398,47.5,47.5
4399,47.5,47.5
4400,47.5,47.5
4401,47.5,47.5
4402,47.5,47.5
4403,47.5,47.5
4404,47.5,47.5
4405,47.5,47.5
4406,47.5,47.5
4407,47.5,47.5
4408,47.5,47.5
4409,47.5,47.5
4410,47.5,47.5
4411,47.5,47.5
4412,47.5,47.5
4413,47.5,47.5
4414,47.5,47.5
4415,47.5,47.5
4416,47.5,47.5
4417,47.5,47.5
4418,47.5,47.5
4419,47.5,47.5
4420,47.5,47.5
4421,47.5,47.5
4422,47.5,47.5
4423,47.5,47.5
4424,47.5,47.5
4425,47.5,47.5
4426,47.5,47.5
4427,47.5,47.5
4428,47.5,47.5
4429,47.5,47.5
4430,47.5,47.5
4431,47.5,47.5
4432,47.5,47.5
4433,47.5,47.5
4434,47.5,47.5
4435,47.5,47.5
4436,47.5,47.5
4437,47.5,47.5
4438,47.5,47.5
4439,47.5,47.5
4440,47.5,47.5
4441,47.5,47.5
4442,47.5,47.5
4443,47.5,47.5
4444,47.5,47.5
4445,47.5,47.5
4446,47.5,47.5
4447,47.5,47.5
4448,47.5,47.5
4449,47.5,47.5
4450,47.5,47.5
4451,47.5,47.5
4452,47.5,47.5
4453,47.5,47.5
4454,47.5,47.5
4455,47.5,47.5
4456,47.5,47.5
4457,47.5,47.5
4458,47.5,47.5
4459,47.5,47.5
4460,47.5,47.5
4461,47.5,47.5
4462,47.5,47.5
4463,47.5,47.5
4464,47.5,47.5
4465,47.5,47.5
4466,47.5,47.5
4467,47.5,47.5
4468,47.5,47.5
4469,47.5,47.5
4470,47.5,47.5
4471,47.5,47.5
4472,47.5,47.5
4473,47.5,47.5
4474,47.5,47.5
4475,47.5,47.5
4476,47.5,47.5
4477,47.5,47.5
4478,47.5,47.5
4479,47.5,47.5
4480,47.5,47.5
4481,47.5,47.5
4482,47.5,47.5
4483,47.5,47.5
4484,47.5,47.5
4485,47.5,47.5
4486,47.5,47.5
4487,47.5,47.5
4488,47.5,47.5
4489,47.5,47.5
4490,47.5,47.5
4491,47.5,47.5
4492,47.5,47.5
4493,47.5,47.5
4494,47.5,47.5
4495,47.5,47.5
4496,47.5,47.5
4497,47.5,47.5
4498,47.5,47.5
4499,47.5,47.5
4500,47.5,47.5
4501,47.5,47.5
4502,47.5,47.5
4503,47.5,47.5
4504,47.5,47.5
4505,47.5,47.5
4506,47.5,47.5
4507,47.5,47.5
4508,47.5,47.5
4509,47.5,47.5
4510,47.5,47.5
4511,47.5,47.5
4512,47.5,47.5
4513,47.5,47.5
4514,47.5,47.5
4515,47.5,47.5
4516,47.5,47.5
4517,47.5,47.5
4518,47.5,47.5
4519,47.5,47.5
4520,47.5,47.5
4521,47.5,47.5
4522,47.5,47.5
4523,47.5,47.5
4524,47.5,47.5
4525,47.5,47.5
4526,47.5,47.5
4527,47.5,47.5
4528,47.5,47.5
4529,47.5,47.5
4530,47.5,47.5
4531,47.5,47.5
4532,47.5,47.5
4533,47.5,47.5
4534,47.5,47.5
4535,47.5,47.5
4536,47.5,47.5
4537,47.5,47.5
4538,47.5,47.5
4539,47.5,47.5
4540,47.5,47.5
4541,47.5,47.5
4542,47.5,47.5
4543,47.5,47.5
4544,47.5,47.5
4545,47.5,47.5
4546,47.5,47.5
4547,47.5,47.5
4548,47.5,47.5
4549,47.5,47.5
4550,47.5,47.5
4551,47.5,47.5
4552,47.5,47.5
4553,47.5,47.5
4554,47.5,47.5
4555,47.5,47.5
4556,47.5,47.5
4557,47.5,47.5
4558,47.5,47.5
4559,47.5,47.5
4560,47.5,47.5
4561,47.5,47.5
4562,47.5,47.5
4563,47.5,47.5
4564,47.5,47.5
4565,47.5,47.5
4566,47.5,47.5
4567,47.5,47.5
4568,47.5,47.5
4569,47.5,47.5
4570,47.5,47.5
4571,47.5,47.5
4572,47.5,47.5
4573,47.5,47.5
4574,47.5,47.5
4575,47.5,47.5
4576,47.5,47.5
4577,47.5,47.5
4578,47.5,47.5
4579,47.5,47.5
4580,47.5,47.5
4581,47.5,47.5
4582,47.5,47.5
4583,47.5,47.5
4584,47.5,47.5
4585,47.5,47.5
4586,47.5,47.5
4587,47.5,47.5
4588,47.5,47.5
4589,47.5,47.5
4590,47.5,47.5
4591,47.5,47.5
4592,47.5,47.5
4593,47.5,47.5
4594,47.5,47.5
4595,47.5,47.5
4596,47.5,47.5
4597,47.5,47.5
4598,47.5,47.5
4599,47.5,47.5
4600,47.5,47.5
4601,47.5,47.5
4602,47.5,47.5
4603,47.5,47.5
4604,47.5,47.5
4605,47.5,47.5
4606,47.5,47.5
4607,47.5,47.5
4608,47.5,47.5
4609,47.5,47.5
4610,47.5,47.5
4611,47.5,47.5
4612,47.5,47.5
4613,47.5,47.5
4614,47.5,47.5
4615,47.5,47.5
4616,47.5,47.5
4617,47.5,47.5
4618,47.5,47.5
4619,47.5,47.5
4620,47.5,47.5
4621,47.5,47.5
4622,47.5,47.5
4623,47.5,47.5
4624,47.5,47.5
4625,47.5,47.5
4626,47.5,47.5
4627,47.5,47.5
4628,47.5,47.5
4629,47.5,47.5
4630,47.5,47.5
4631,47.5,47.5
4632,47.5,47.5
4633,47.5,47.5
4634,47.5,47.5
4635,47.5,47.5
4636,47.5,47.5
4637,47.5,47.5
4638,47.5,47.5
4639,47.5,47.5
4640,47.5,47.5
4641,47.5,47.5
4642,47.5,47.5
4643,47.5,47.5
4644,47.5,47.5
4645,47.5,47.5
4646,47.5,47.5
4647,47.5,47.5
4648,47.5,47.5
4649,47.5,47.5
4650,47.5,47.5
4651,47.5,47.5
4652,47.5,47.5
4653,47.5,47.5
4654,47.5,47.5
4655,47.5,47.5
4656,47.5,47.5
4657,47.5,47.5
4658,47.5,47.5
4659,47.5,47.5
4660,47.5,47.5
4661,47.5,47.5
4662,47.5,47.5
4663,47.5,47.5
4664,47.5,47.5
4665,47.5,47.5
4666,47.5,47.5
4667,47.5,47.5
4668,47.5,47.5
4669,47.5,47.5
4670,47.5,47.5
4671,47.5,47.5
4672,47.5,47.5
4673,47.5,47.5
4674,47.5,47.5
4675,47.5,47.5
4676,47.5,47.5
4677,47.5,47.5
4678,47.5,47.5
4679,47.5,47.5
4680,47.5,47.5
4681,47.5,47.5
4682,47.5,47.5
4683,47.5,47.5
4684,47.5,47.5
4685,47.5,47.5
4686,47.5,47.5
4687,47.5,47.5
4688,47.5,47.5
4689,47.5,47.5
4690,47.5,47.5
4691,47.5,47.5
4692,47.5,47.5
4693,47.5,47.5
4694,47.5,47.5
4695,47.5,47.5
4696,47.5,47.5
4697,47.5,47.5
4698,47.5,47.5
4699,47.5,47.5
4700,47.5,47.5
4701,47.5,47.5
4702,47.5,47.5
4703,47.5,47.5
4704,47.5,47.5
4705,47.5,47.5
4706,47.5,47.5
4707,47.5,47.5
4708,47.5,47.5
4709,47.5,47.5
4710,47.5,47.5
4711,47.5,47.5
4712,47.5,47.5
4713,47.5,47.5
4714,47.5,47.5
4715,47.5,47.5
4716,47.5,47.5
4717,47.5,47.5
4718,47.5,47.5
4719,47.5,47.5
4720,47.5,47.5
4721,47.5,47.5
4722,47.5,47.5
4723,47.5,47.5
4724,47.5,47.5
4725,47.5,47.5
4726,47.5,47.5
4727,47.5,47.5
4728,47.5,47.5
4729,47.5,47.5
4730,47.5,47.5
4731,47.5,47.5
4732,47.5,47.5
4733,47.5,47.5
4734,47.5,47.5
4735,47.5,47.5
4736,47.5,47.5
4737,47.5,47.5
4738,47.5,47.5
4739,47.5,47.5
4740,47.5,47.5
4741,47.5,47.5
4742,47.5,47.5
4743,47.5,47.5
4744,47.5,47.5
4745,47.5,47.5
4746,47.5,47.5
4747,47.5,47.5
4748,47.5,47.5
4749,47.5,47.5
4750,47.5,47.5
4751,47.5,47.5
4752,47.5,47.5
4753,47.5,47.5
4754,47.5,47.5
4755,47.5,47.5
4756,47.5,47.5
4757,47.5,47.5
4758,47.5,47.5
4759,47.5,47.5
4760,47.5,47.5
4761,47.5,47.5
4762,47.5,47.5
4763,47.5,47.5
4764,47.5,47.5
4765,47.5,47.5
4766,47.5,47.5
4767,47.5,47.5
4768,47.5,47.5
4769,47.5,47.5
4770,47.5,47.5
4771,47.5,47.5
4772,47.5,47.5
4773,47.5,47.5
4774,47.5,47.5
4775,47.5,47.5
4776,47.5,47.5
4777,47.5,47.5
4778,47.5,47.5
4779,47.5,47.5
4780,47.5,47.5
4781,47.5,47.5
4782,47.5,47.5
4783,47.5,47.5
4784,47.5,47.5
4785,47.5,47.5
4786,47.5,47.5
4787,47.5,47.5
4788,47.5,47.5
4789,47.5,47.5
4790,47.5,47.5
4791,47.5,47.5
4792,47.5,47.5
4793,47.5,47.5
4794,47.5,47.5
4795,47.5,47.5
4796,47.5,47.5
4797,47.5,47.5
4798,47.5,47.5
4799,47.5,47.5
4800,47.5,47.5
4801,47.5,47.5
4802,47.5,47.5
4803,47.5,47.5
4804,47.5,47.5
4805,47.5,47.5
4806,47.5,47.5
4807,47.5,47.5
4808,47.5,47.5
4809,47.5,47.5
4810,47.5,47.5
4811,47.5,47.5
4812,47.5,47.5
4813,47.5,47.5
4814,47.5,47.5
4815,47.5,47.5
4816,47.5,47.5
4817,47.5,47.5
4818,47.5,47.5
4819,47.5,47.5
4820,47.5,47.5
4821,47.5,47.5
4822,47.5,47.5
4823,47.5,47.5
4824,47.5,47.5
4825,47.5,47.5
4826,47.5,47.5
4827,47.5,47.5
4828,47.5,47.5
4829,47.5,47.5
4830,47.5,47.5
4831,47.5,47.5
4832,47.5,47.5
4833,47.5,47.5
4834,47.5,47.5
4835,47.5,47.5
4836,47.5,47.5
4837,47.5,47.5
4838,47.5,47.5
4839,47.5,47.5
4840,47.5,47.5
4841,47.5,47.5
4842,47.5,47.5
4843,47.5,47.5
4844,47.5,47.5
4845,47.5,47.5
4846,47.5,47.5
4847,47.5,47.5
4848,47.5,47.5
4849,47.5,47.5
4850,47.5,47.5
4851,47.5,47.5
4852,47.5,47.5
4853,47.5,47.5
4854,47.5,47.5
4855,47.5,47.5
4856,47.5,47.5
4857,47.5,47.5
4858,47.5,47.5
4859,47.5,47.5
4860,47.5,47.5
4861,47.5,47.5
4862,47.5,47.5
4863,47.5,47.5
4864,47.5,47.5
4865,47.5,47.5
4866,47.5,47.5
4867,47.5,47.5
4868,47.5,47.5
4869,47.5,47.5
4870,47.5,47.5
4871,47.5,47.5
4872,47.5,47.5
4873,47.5,47.5
4874,47.5,47.5
4875,47.5,47.5
4876,47.5,47.5
4877,47.5,47.5
4878,47.5,47.5
4879,47.5,47.5
4880,47.5,47.5
4881,47.5,47.5
4882,47.5,47.5
4883,47.5,47.5
4884,47.5,47.5
4885,47.5,47.5
4886,47.5,47.5
4887,47.5,47.5
4888,47.5,47.5
4889,47.5,47.5
4890,47.5,47.5
4891,47.5,47.5
4892,47.5,47.5
4893,47.5,47.5
4894,47.5,47.5
4895,47.5,47.5
4896,47.5,47.5
4897,47.5,47.5
4898,47.5,47.5
4899,47.5,47.5
4900,47.5,47.5
4901,47.5,47.5
4902,47.5,47.5
4903,47.5,47.5
4904,47.5,47.5
4905,47.5,47.5
4906,47.5,47.5
4907,47.5,47.5
4908,47.5,47.5
4909,47.5,47.5
4910,47.5,47.5
4911,47.5,47.5
4912,47.5,47.5
4913,47.5,47.5
4914,47.5,47.5
4915,47.5,47.5
4916,47.5,47.5
4917,47.5,47.5
4918,47.5,47.5
4919,47.5,47.5
4920,47.5,47.5
4921,47.5,47.5
4922,47.5,47.5
4923,47.5,47.5
4924,47.5,47.5
4925,47.5,47.5
4926,47.5,47.5
4927,47.5,47.5
4928,47.5,47.5
4929,47.5,47.5
4930,47.5,47.5
4931,47.5,47.5
4932,47.5,47.5
4933,47.5,47.5
4934,47.5,47.5
4935,47.5,47.5
4936,47.5,47.5
4937,47.5,47.5
4938,47.5,47.5
4939,47.5,47.5
4940,47.5,47.5
4941,47.5,47.5
4942,47.5,47.5
4943,47.5,47.5
4944,47.5,47.5
4945,47.5,47.5
4946,47.5,47.5
4947,47.5,47.5
4948,47.5,47.5
4949,47.5,47.5
4950,47.5,47.5
4951,47.5,47.5
4952,47.5,47.5
4953,47.5,47.5
4954,47.5,47.5
4955,47.5,47.5
4956,47.5,47.5
4957,47.5,47.5
4958,47.5,47.5
4959,47.5,47.5
4960,47.5,47.5
4961,47.5,47.5
4962,47.5,47.5
4963,47.5,47.5
4964,47.5,47.5
4965,47.5,47.5
4966,47.5,47.5
4967,47.5,47.5
4968,47.5,47.5
4969,47.5,47.5
4970,47.5,47.5
4971,47.5,47.5
4972,47.5,47.5
4973,47.5,47.5
4974,47.5,47.5
4975,47.5,47.5
4976,47.5,47.5
4977,47.5,47.5
4978,47.5,47.5
4979,47.5,47.5
4980,47.5,47.5
4981,47.5,47.5
4982,47.5,47.5
4983,47.5,47.5
4984,47.5,47.5
4985,47.5,47.5
4986,47.5,47.5
4987,47.5,47.5
4988,47.5,47.5
4989,47.5,47.5
4990,47.5,47.5
4991,47.5,47.5
4992,47.5,47.5
4993,47.5,47.5
4994,47.5,47.5
4995,47.5,47.5
4996,47.5,47.5
4997,47.5,47.5
4998,47.5,47.5
4999,47.5,47.5
