,hsa_js,add_js
0,1.2000000000000002,0.0
1,1.2000000000000002,0.0
2,1.2000000000000002,0.0
3,1.2000000000000002,0.0
4,1.2000000000000002,0.0
5,1.2000000000000002,0.0
6,1.2000000000000002,0.0
7,1.2000000000000002,0.0
8,1.2000000000000002,0.0
9,1.3,0.0
10,1.3,0.0
11,1.3,0.0
12,1.3,0.0
13,1.3,0.0
14,1.3,0.0
15,1.3,0.0
16,1.3,0.0
17,1.7000000000000002,0.0
18,1.7000000000000002,0.0
19,1.7000000000000002,0.0
20,1.7000000000000002,0.0
21,1.7000000000000002,0.0
22,1.7000000000000002,0.0
23,1.7000000000000002,0.0
24,1.7000000000000002,0.0
25,1.7000000000000002,0.0
26,1.7000000000000002,0.0
27,1.7000000000000002,0.0
28,1.7000000000000002,0.0
29,1.7000000000000002,0.0
30,1.7000000000000002,0.0
31,1.7000000000000002,0.0
32,1.7000000000000002,0.0
33,1.7000000000000002,0.0
34,1.7000000000000002,0.0
35,1.7000000000000002,0.0
36,1.7000000000000002,0.0
37,1.7000000000000002,0.0
38,1.7000000000000002,0.0
39,1.7000000000000002,0.0
40,1.9000000000000001,0.0
41,1.9000000000000001,0.0
42,1.9000000000000001,0.0
43,1.9000000000000001,0.0
44,1.9000000000000001,0.0
45,1.9000000000000001,0.0
46,1.9000000000000001,0.0
47,1.9000000000000001,0.0
48,1.9000000000000001,0.0
49,1.9000000000000001,0.0
50,1.9000000000000001,0.0
51,1.9000000000000001,0.0
52,1.9000000000000001,0.0
53,1.9000000000000001,0.0
54,2.7,0.0
55,2.7,0.0
56,2.7,0.0
57,2.7,0.0
58,2.7,0.0
59,2.7,0.0
60,2.7,0.0
61,2.7,0.0
62,2.7,0.0
63,2.7,0.0
64,2.7,0.0
65,2.7,0.0
66,2.7,0.0
67,2.7,0.0
68,2.7,0.0
69,2.7,0.0
70,2.7,0.0
71,2.7,0.0
72,2.7,0.0
73,3.4000000000000004,0.0
74,3.4000000000000004,0.0
75,3.4000000000000004,0.0
76,3.4000000000000004,0.0
77,3.4000000000000004,0.0
78,3.4000000000000004,0.0
79,3.4000000000000004,0.0
80,3.4000000000000004,0.0
81,3.4000000000000004,0.0
82,3.4000000000000004,0.0
83,3.4000000000000004,0.0
84,3.4000000000000004,0.0
85,3.4000000000000004,0.0
86,3.4000000000000004,0.0
87,3.4000000000000004,0.0
88,3.4000000000000004,0.0
89,3.4000000000000004,0.0
90,3.4000000000000004,0.0
91,3.4000000000000004,0.0
92,3.4000000000000004,0.0
93,3.8000000000000003,0.0
94,3.8000000000000003,0.0
95,3.8000000000000003,0.0
96,3.8000000000000003,0.0
97,3.8000000000000003,0.0
98,3.8000000000000003,0.0
99,3.8000000000000003,0.0
100,3.8000000000000003,0.0
101,3.8000000000000003,0.0
102,3.8000000000000003,0.0
103,3.8000000000000003,0.0
104,3.8000000000000003,0.0
105,3.8000000000000003,0.0
106,3.8000000000000003,0.0
107,3.8000000000000003,0.0
108,3.9000000000000004,0.0
109,3.9000000000000004,0.0
110,3.9000000000000004,0.0
111,3.9000000000000004,0.0
112,3.9000000000000004,0.0
113,3.9000000000000004,0.0
114,3.9000000000000004,0.0
115,3.9000000000000004,0.0
116,3.9000000000000004,0.0
117,3.9000000000000004,0.0
118,3.9000000000000004,0.0
119,3.9000000000000004,0.0
120,3.9000000000000004,0.0
121,3.9000000000000004,0.0
122,3.9000000000000004,0.0
123,3.9000000000000004,0.0
124,3.9000000000000004,0.0
125,3.9000000000000004,0.0
126,3.9000000000000004,0.0
127,3.9000000000000004,0.0
128,3.9000000000000004,0.0
129,3.9000000000000004,0.0
130,3.9000000000000004,0.0
131,3.9000000000000004,0.0
132,3.9000000000000004,0.0
133,3.9000000000000004,0.0
134,3.9000000000000004,0.0
135,3.9000000000000004,0.0
136,3.9000000000000004,0.0
137,3.9000000000000004,0.0
138,3.9000000000000004,0.0
139,3.9000000000000004,0.0
140,3.9000000000000004,0.0
141,3.9000000000000004,0.0
142,3.9000000000000004,0.0
143,3.9000000000000004,0.0
144,3.9000000000000004,0.0
145,3.9000000000000004,0.0
146,3.9000000000000004,0.0
147,3.9000000000000004,0.0
148,3.9000000000000004,0.0
149,3.9000000000000004,0.0
150,3.9000000000000004,0.0
151,4.7,0.0
152,4.7,0.0
153,4.7,0.0
154,4.7,0.0
155,4.7,0.0
156,4.7,0.0
157,4.7,0.0
158,4.7,0.0
159,4.7,0.0
160,4.7,0.0
161,4.7,0.0
162,4.7,0.0
163,4.7,0.0
164,4.800000000000001,0.0
165,4.800000000000001,0.0
166,4.800000000000001,0.0
167,4.800000000000001,0.0
168,4.800000000000001,0.0
169,4.800000000000001,0.0
170,4.800000000000001,0.0
171,4.800000000000001,0.0
172,4.800000000000001,0.0
173,4.800000000000001,0.0
174,4.800000000000001,0.0
175,4.800000000000001,0.0
176,4.800000000000001,0.0
177,4.800000000000001,0.0
178,4.800000000000001,0.0
179,4.800000000000001,0.0
180,4.800000000000001,0.0
181,4.800000000000001,0.0
182,4.800000000000001,0.0
183,4.800000000000001,0.0
184,4.800000000000001,0.0
185,4.800000000000001,0.0
186,4.800000000000001,0.0
187,4.800000000000001,0.0
188,4.800000000000001,0.0
189,4.800000000000001,0.0
190,4.800000000000001,0.0
191,4.800000000000001,0.0
192,4.800000000000001,0.0
193,4.800000000000001,0.0
194,4.800000000000001,0.0
195,4.800000000000001,0.0
196,4.800000000000001,0.0
197,4.800000000000001,0.0
198,4.800000000000001,0.0
199,5.2,0.0
200,5.2,0.0
201,5.2,0.0
202,5.2,0.0
203,5.2,0.0
204,5.2,0.0
205,5.2,0.0
206,5.2,0.0
207,5.2,0.0
208,5.2,0.0
209,5.2,0.0
210,5.2,0.0
211,5.2,0.0
212,5.2,0.0
213,5.2,0.0
214,5.2,0.0
215,5.2,0.0
216,5.2,0.0
217,5.2,0.0
218,5.2,0.0
219,5.2,0.0
220,5.2,0.0
221,5.2,0.0
222,5.2,0.0
223,5.2,0.0
224,5.2,0.0
225,5.2,0.0
226,5.2,0.0
227,5.2,0.0
228,5.2,0.0
229,5.2,0.0
230,5.2,0.0
231,5.5,0.0
232,5.5,0.0
233,5.5,0.0
234,5.5,0.0
235,5.5,0.0
236,5.5,0.0
237,5.5,0.0
238,5.5,0.0
239,5.5,0.0
240,5.5,0.0
241,5.5,0.0
242,5.5,0.0
243,5.5,0.0
244,5.5,0.0
245,5.5,0.0
246,5.5,0.0
247,5.5,0.0
248,5.5,0.0
249,5.5,0.0
250,5.5,0.0
251,5.5,0.0
252,5.5,0.0
253,5.5,0.0
254,6.4,0.0
255,6.4,0.0
256,6.4,0.0
257,6.4,0.0
258,6.4,0.0
259,6.4,0.0
260,6.4,0.0
261,6.4,0.0
262,6.4,0.0
263,6.4,0.0
264,6.4,0.0
265,6.4,0.0
266,6.4,0.0
267,6.4,0.0
268,6.4,0.0
269,6.4,0.0
270,6.4,0.0
271,6.4,0.0
272,6.4,0.0
273,6.4,0.0
274,6.4,0.0
275,6.4,0.0
276,6.4,0.0
277,6.4,0.0
278,6.4,0.0
279,6.4,0.0
280,6.4,0.0
281,6.4,0.0
282,6.4,0.0
283,6.4,0.0
284,6.4,0.0
285,6.4,0.0
286,6.4,0.0
287,6.4,0.0
288,6.4,0.0
289,6.4,0.0
290,6.4,0.0
291,6.4,0.0
292,6.4,0.0
293,6.4,0.0
294,6.4,0.0
295,6.4,0.0
296,6.4,0.0
297,6.4,0.0
298,6.4,0.0
299,6.4,0.0
300,6.4,0.0
301,6.4,0.0
302,6.5,0.0
303,6.5,0.0
304,6.5,0.0
305,6.5,0.0
306,6.5,0.0
307,6.5,0.0
308,6.5,0.0
309,6.5,0.0
310,6.5,0.0
311,6.5,0.0
312,6.5,0.0
313,6.5,0.0
314,6.5,0.0
315,6.5,0.0
316,6.5,0.0
317,6.5,0.0
318,6.5,0.0
319,6.5,0.0
320,6.5,0.0
321,6.5,0.0
322,6.5,0.0
323,6.5,0.0
324,6.5,0.0
325,6.5,0.0
326,6.5,0.0
327,6.5,0.0
328,6.5,0.0
329,6.5,0.0
330,6.5,0.0
331,6.5,0.0
332,6.5,0.0
333,6.5,0.0
334,6.5,0.0
335,6.5,0.0
336,6.5,0.0
337,6.5,0.0
338,7.6000000000000005,0.0
339,7.6000000000000005,0.0
340,7.6000000000000005,0.0
341,7.6000000000000005,0.0
342,7.6000000000000005,0.0
343,7.6000000000000005,0.0
344,7.6000000000000005,0.0
345,7.6000000000000005,0.0
346,7.6000000000000005,0.0
347,7.6000000000000005,0.0
348,7.6000000000000005,0.0
349,7.6000000000000005,0.0
350,7.6000000000000005,0.0
351,7.6000000000000005,0.0
352,7.6000000000000005,0.0
353,7.6000000000000005,0.0
354,7.6000000000000005,0.0
355,7.6000000000000005,0.0
356,7.6000000000000005,0.0
357,7.6000000000000005,0.0
358,7.6000000000000005,0.0
359,8.5,0.0
360,8.5,0.0
361,8.5,0.0
362,8.5,0.0
363,8.5,0.0
364,8.5,0.0
365,8.5,0.0
366,8.5,0.0
367,8.5,0.0
368,8.5,0.0
369,8.5,0.0
370,8.5,0.0
371,8.5,0.0
372,8.5,0.0
373,8.5,0.0
374,8.5,0.0
375,8.5,0.0
376,8.5,0.0
377,8.5,0.0
378,8.5,0.0
379,8.5,0.0
380,8.5,0.0
381,8.5,0.0
382,8.5,0.0
383,8.5,0.0
384,8.5,0.0
385,8.5,0.0
386,8.5,0.0
387,8.5,0.0
388,9.1,0.0
389,9.1,0.0
390,9.1,0.0
391,9.1,0.0
392,9.1,0.0
393,9.1,0.0
394,9.1,0.0
395,9.1,0.0
396,9.1,0.0
397,9.1,0.0
398,9.1,0.0
399,9.1,0.0
400,9.1,0.0
401,9.1,0.0
402,9.1,0.0
403,9.1,0.0
404,9.1,0.0
405,9.1,0.0
406,9.1,0.0
407,9.1,0.0
408,9.1,0.0
409,9.1,0.0
410,9.1,0.0
411,9.1,0.0
412,9.1,0.0
413,9.1,0.0
414,9.1,0.0
415,9.1,0.0
416,9.1,0.0
417,9.1,0.0
418,9.1,0.0
419,9.1,0.0
420,9.1,0.0
421,9.1,0.0
422,9.1,0.0
423,9.1,0.0
424,9.1,0.0
425,9.1,0.0
426,9.1,0.0
427,9.1,0.0
428,9.1,0.0
429,9.1,0.0
430,9.1,0.0
431,9.1,0.0
432,9.1,0.0
433,9.1,0.0
434,9.1,0.0
435,9.1,0.0
436,9.1,0.0
437,9.1,0.0
438,9.1,0.0
439,11.5,0.0
440,11.5,0.0
441,11.5,0.0
442,11.5,0.0
443,11.5,0.0
444,11.5,0.0
445,11.5,0.0
446,11.5,0.0
447,11.5,0.0
448,11.5,0.0
449,11.5,0.0
450,11.5,0.0
451,11.5,0.0
452,11.5,0.0
453,11.5,0.0
454,11.5,0.0
455,11.5,0.0
456,11.5,0.0
457,11.5,0.0
458,11.5,0.0
459,11.5,0.0
460,11.5,0.0
461,11.5,0.0
462,11.5,0.0
463,11.5,0.0
464,11.5,0.0
465,11.5,0.0
466,11.5,0.0
467,11.5,0.0
468,11.5,0.0
469,11.5,0.0
470,11.5,0.0
471,11.5,0.0
472,11.5,0.0
473,11.5,0.0
474,11.5,0.0
475,11.5,0.0
476,11.5,0.0
477,11.5,0.0
478,11.5,0.0
479,11.5,0.0
480,11.5,0.0
481,11.5,0.0
482,11.5,0.0
483,11.5,0.0
484,11.600000000000001,0.0
485,11.600000000000001,0.0
486,11.600000000000001,0.0
487,11.600000000000001,0.0
488,11.600000000000001,0.0
489,11.600000000000001,0.0
490,11.600000000000001,0.0
491,11.600000000000001,0.0
492,11.600000000000001,0.0
493,11.600000000000001,0.0
494,11.600000000000001,0.0
495,11.600000000000001,0.0
496,11.600000000000001,0.0
497,11.600000000000001,0.0
498,11.600000000000001,0.0
499,11.600000000000001,0.0
500,11.600000000000001,0.0
501,11.600000000000001,0.0
502,11.600000000000001,0.0
503,11.600000000000001,0.0
504,11.600000000000001,0.0
505,11.600000000000001,0.0
506,11.600000000000001,0.0
507,11.600000000000001,0.0
508,11.600000000000001,0.0
509,11.600000000000001,0.0
510,11.600000000000001,0.0
511,11.600000000000001,0.0
512,11.600000000000001,0.0
513,11.600000000000001,0.0
514,12.3,0.0
515,12.3,0.0
516,12.3,0.0
517,12.3,0.0
518,12.3,0.0
519,12.3,0.0
520,12.3,0.0
521,12.3,0.0
522,12.3,0.0
523,12.3,0.0
524,12.3,0.0
525,12.3,0.0
526,12.3,0.0
527,12.3,0.0
528,12.3,0.0
529,12.3,0.0
530,12.3,0.0
531,12.3,0.0
532,12.3,0.0
533,12.3,0.0
534,12.3,0.0
535,12.3,0.0
536,12.3,0.0
537,12.3,0.0
538,12.3,0.0
539,12.3,0.0
540,12.3,0.0
541,12.3,0.0
542,12.3,0.0
543,12.3,0.0
544,12.3,0.0
545,12.3,0.0
546,12.3,0.0
547,12.3,0.0
548,12.3,0.0
549,12.3,0.0
550,12.3,0.0
551,12.3,0.0
552,12.3,0.0
553,12.3,0.0
554,12.3,0.0
555,12.3,0.0
556,12.3,0.0
557,12.3,0.0
558,12.3,0.0
559,12.3,0.0
560,12.3,0.0
561,12.3,0.0
562,12.3,0.0
563,12.3,0.0
564,12.3,0.0
565,12.3,0.0
566,12.3,0.0
567,12.3,0.0
568,12.3,0.0
569,12.3,0.0
570,12.3,0.0
571,12.3,0.0
572,12.3,0.0
573,12.3,0.0
574,12.3,0.0
575,12.3,0.0
576,12.3,0.0
577,12.3,0.0
578,12.3,0.0
579,12.3,0.0
580,12.3,0.0
581,12.3,0.0
582,12.3,0.0
583,12.3,0.0
584,12.3,0.0
585,12.3,0.0
586,12.3,0.0
587,12.3,0.0
588,12.3,0.0
589,12.3,0.0
590,14.3,0.0
591,14.3,0.0
592,14.3,0.0
593,14.3,0.0
594,14.3,0.0
595,14.3,0.0
596,14.3,0.0
597,14.3,0.0
598,14.3,0.0
599,14.3,0.0
600,14.3,0.0
601,14.3,0.0
602,14.3,0.0
603,14.3,0.0
604,14.3,0.0
605,14.3,0.0
606,14.3,0.0
607,14.3,0.0
608,14.3,0.0
609,14.3,0.0
610,14.3,0.0
611,14.3,0.0
612,14.3,0.0
613,14.3,0.0
614,14.3,0.0
615,14.3,0.0
616,14.3,0.0
617,14.3,0.0
618,14.3,0.0
619,14.3,0.0
620,14.3,0.0
621,14.3,0.0
622,14.3,0.0
623,14.3,0.0
624,15.100000000000001,0.0
625,15.100000000000001,0.0
626,15.100000000000001,0.0
627,15.100000000000001,0.0
628,15.100000000000001,0.0
629,15.100000000000001,0.0
630,15.100000000000001,0.0
631,15.100000000000001,0.0
632,15.100000000000001,0.0
633,15.100000000000001,0.0
634,15.100000000000001,0.0
635,15.100000000000001,0.0
636,15.100000000000001,0.0
637,15.100000000000001,0.0
638,15.100000000000001,0.0
639,15.100000000000001,0.0
640,15.100000000000001,0.0
641,15.100000000000001,0.0
642,15.100000000000001,0.0
643,15.100000000000001,0.0
644,15.100000000000001,0.0
645,15.100000000000001,0.0
646,15.100000000000001,0.0
647,15.100000000000001,0.0
648,15.100000000000001,0.0
649,15.100000000000001,0.0
650,15.100000000000001,0.0
651,15.100000000000001,0.0
652,15.100000000000001,0.0
653,15.100000000000001,0.0
654,15.100000000000001,0.0
655,15.100000000000001,0.0
656,15.100000000000001,0.0
657,15.100000000000001,0.0
658,15.100000000000001,0.0
659,15.100000000000001,0.0
660,15.100000000000001,0.0
661,15.100000000000001,0.0
662,15.100000000000001,0.0
663,15.100000000000001,0.0
664,15.100000000000001,0.0
665,15.100000000000001,0.0
666,15.100000000000001,0.0
667,15.100000000000001,0.0
668,15.100000000000001,0.0
669,15.100000000000001,0.0
670,15.100000000000001,0.0
671,15.100000000000001,0.0
672,15.100000000000001,0.0
673,15.100000000000001,0.0
674,15.100000000000001,0.0
675,15.100000000000001,0.0
676,15.100000000000001,0.0
677,15.100000000000001,0.0
678,15.100000000000001,0.0
679,15.100000000000001,0.0
680,15.100000000000001,0.0
681,15.100000000000001,0.0
682,15.100000000000001,0.0
683,15.100000000000001,0.0
684,15.100000000000001,0.0
685,16.1,0.0
686,16.1,0.0
687,16.1,0.0
688,16.1,0.0
689,16.1,0.0
690,16.1,0.0
691,16.1,0.0
692,16.1,0.0
693,16.1,0.0
694,16.1,0.0
695,16.1,0.0
696,16.1,0.0
697,16.1,0.0
698,16.1,0.0
699,16.1,0.0
700,16.1,0.0
701,16.1,0.0
702,16.1,0.0
703,16.1,0.0
704,16.1,0.0
705,16.1,0.0
706,16.1,0.0
707,16.1,0.0
708,16.1,0.0
709,16.1,0.0
710,16.1,0.0
711,16.1,0.0
712,16.1,0.0
713,16.1,0.0
714,16.1,0.0
715,16.1,0.0
716,16.1,0.0
717,16.1,0.0
718,16.1,0.0
719,16.1,0.0
720,16.1,0.0
721,16.1,0.0
722,16.1,0.0
723,16.1,0.0
724,16.1,0.0
725,16.1,0.0
726,16.6,0.0
727,16.6,0.0
728,16.6,0.0
729,16.6,0.0
730,16.6,0.0
731,16.6,0.0
732,16.6,0.0
733,16.6,0.0
734,16.6,0.0
735,16.6,0.0
736,16.6,0.0
737,16.6,0.0
738,16.6,0.0
739,16.6,0.0
740,16.6,0.0
741,16.6,0.0
742,16.6,0.0
743,16.6,0.0
744,16.6,0.0
745,16.6,0.0
746,16.6,0.0
747,16.6,0.0
748,16.6,0.0
749,16.6,0.0
750,16.6,0.0
751,16.6,0.0
752,16.6,0.0
753,16.6,0.0
754,16.6,0.0
755,16.6,0.0
756,16.6,0.0
757,16.6,0.0
758,16.6,0.0
759,16.6,0.0
760,16.6,0.0
761,16.6,0.0
762,16.6,0.0
763,16.6,0.0
764,16.6,0.0
765,16.6,0.0
766,16.6,0.0
767,16.6,0.0
768,16.6,0.0
769,16.6,0.0
770,16.6,0.0
771,16.6,0.0
772,16.6,0.0
773,16.6,0.0
774,16.6,0.0
775,16.6,0.0
776,16.6,0.0
777,16.6,0.0
778,16.6,0.0
779,16.6,0.0
780,16.6,0.0
781,16.6,0.0
782,16.6,0.0
783,16.6,0.0
784,16.6,0.0
785,16.6,0.0
786,16.6,0.0
787,16.6,0.0
788,16.6,0.0
789,16.6,0.0
790,16.6,0.0
791,16.6,0.0
792,16.6,0.0
793,16.6,0.0
794,16.6,0.0
795,16.6,0.0
796,16.6,0.0
797,16.6,0.0
798,16.6,0.0
799,16.6,0.0
800,16.6,0.0
801,16.6,0.0
802,16.6,0.0
803,16.6,0.0
804,16.6,0.0
805,16.6,0.0
806,16.6,0.0
807,16.6,0.0
808,16.6,0.0
809,16.6,0.0
810,16.6,0.0
811,16.6,0.0
812,16.6,0.0
813,16.6,0.0
814,16.6,0.0
815,16.6,0.0
816,16.6,0.02076199316017835
817,16.6,0.07445345001905324
818,16.6,0.07445345001905324
819,16.6,0.07445345001905324
820,16.6,0.07445345001905324
821,18.3,0.08791208791208405
822,18.3,0.10888899938673546
823,18.3,0.24649196956889163
824,18.3,0.24649196956889163
825,18.3,0.24649196956889163
826,18.3,0.24649196956889163
827,18.3,0.24649196956889163
828,18.3,0.24938093580626486
829,18.3,0.24938093580626486
830,18.3,0.25730528897949156
831,18.3,0.2744534500190525
832,18.3,0.2744534500190561
833,18.3,0.2744534500190561
834,18.3,0.2744534500190561
835,18.3,0.33197752473770414
836,18.3,0.3744534500190575
837,18.3,0.38791208791208476
838,18.3,0.4493809358062606
839,18.3,0.4493809358062606
840,18.3,0.4493809358062606
841,18.3,0.4493809358062606
842,18.3,0.5464919695688915
843,18.3,0.549380935806262
844,18.3,0.549380935806262
845,18.3,0.6088889993867319
846,18.3,0.6088889993867319
847,18.3,0.646491969568892
848,18.3,0.646491969568892
849,18.3,0.646491969568892
850,18.3,0.646491969568892
851,18.3,0.6744534500190547
852,18.3,0.6744534500190547
853,18.3,0.7359339001872875
854,18.3,0.7493809358062649
855,18.3,0.7493809358062649
856,18.3,0.7744534500190561
857,18.3,0.7879120879120869
858,18.3,0.7879120879120869
859,18.3,0.8348780932491273
860,18.3,0.835933900187289
861,18.3,0.8464919695688922
862,18.3,0.8464919695688922
863,18.3,0.9088889993867326
864,18.3,0.9319775247377038
865,18.3,0.9348780932491287
866,18.3,0.9493809358062606
867,18.3,0.9493809358062606
868,18.7,1.008888999386734
869,18.7,1.0348780932491302
870,18.7,1.049380935806262
871,18.7,1.049380935806262
872,18.7,1.049380935806262
873,18.7,1.049380935806262
874,18.7,1.049380935806262
875,18.7,1.049380935806262
876,18.7,1.0744534500190568
877,18.7,1.0744534500190568
878,18.7,1.087912087912084
879,18.7,1.1050602489516486
880,18.7,1.131977524737703
881,18.7,1.131977524737703
882,18.7,1.131977524737703
883,18.7,1.146491969568892
884,18.7,1.1744534500190547
885,18.7,1.1744534500190547
886,18.7,1.1879120879120855
887,18.7,1.2348780932491294
888,18.7,1.2493809358062578
889,18.7,1.2493809358062578
890,18.7,1.2493809358062649
891,18.7,1.2493809358062649
892,18.7,1.2493809358062649
893,18.7,1.2493809358062649
894,18.7,1.2493809358062649
895,18.7,1.274453450019056
896,18.7,1.274453450019056
897,18.7,1.274453450019056
898,18.7,1.274453450019056
899,18.7,1.274453450019056
900,18.7,1.2770987685014825
901,18.7,1.3319775247377041
902,18.7,1.3319775247377041
903,18.7,1.3493809358062663
904,18.7,1.3493809358062663
905,18.7,1.374453450019054
906,18.7,1.420761993160177
907,18.7,1.4319775247377056
908,18.7,1.4348780932491287
909,18.7,1.4464919695688918
910,18.8,1.4493809358062606
911,18.8,1.4493809358062606
912,18.8,1.4493809358062606
913,18.8,1.4591500505527613
914,18.8,1.4744534500190518
915,18.8,1.5319775247377052
916,18.8,1.5319775247377052
917,18.8,1.5464919695688915
918,18.8,1.549380935806262
919,18.8,1.5493809358062691
920,18.8,1.6348780932491316
921,18.8,1.646491969568892
922,18.8,1.7493809358062578
923,18.8,1.8319775247377041
924,18.8,1.874453450019054
925,18.8,1.874453450019054
926,18.8,1.874453450019054
927,18.8,1.874453450019054
928,18.8,1.8879120879120848
929,18.8,1.9319775247377038
930,18.8,1.9348780932491287
931,18.8,1.9493809358062606
932,18.8,1.9493809358062606
933,18.8,1.9744534500190554
934,18.8,1.9879120879120826
935,18.8,2.049380935806269
936,18.8,2.049380935806269
937,18.8,2.1218178000983414
938,18.8,2.2053271012546993
939,18.8,2.2319775247377045
940,18.8,2.2319775247377045
941,18.8,2.2493809358062578
942,18.8,2.2493809358062578
943,18.8,2.2493809358062578
944,18.8,2.349380935806259
945,18.8,2.3493809358062663
946,18.8,2.3744534500190575
947,18.8,2.3744534500190575
948,18.8,2.3744534500190575
949,18.8,2.4088889993867326
950,18.8,2.4603373499301036
951,18.8,2.4744534500190554
952,18.8,2.4744534500190554
953,18.8,2.4744534500190554
954,18.8,2.4744534500190554
955,18.8,2.5359339001872883
956,18.8,2.5449024580246267
957,18.8,2.5464919695688923
958,18.8,2.5464919695688923
959,18.8,2.5604727097939737
960,18.8,2.5770987685014832
961,18.8,2.6088889993867355
962,18.8,2.646491969568892
963,18.8,2.6852783717037108
964,18.8,2.7088889993867333
965,18.8,2.7464919695688916
966,18.8,2.7464919695688916
967,18.8,2.7464919695688925
968,18.8,2.749380935806265
969,18.8,2.749380935806265
970,18.8,2.749380935806265
971,18.8,2.749380935806265
972,18.8,2.749380935806265
973,18.8,2.7744534500190525
974,18.8,2.7744534500190525
975,18.8,2.7744534500190525
976,18.8,2.834878093249131
977,18.8,2.835933900187289
978,18.8,2.8464919695688913
979,18.8,2.846491969568892
980,18.8,2.874453450019054
981,18.8,2.874453450019054
982,18.8,2.8744534500190575
983,18.8,2.8879120879120848
984,18.8,2.931977524737704
985,18.8,2.946491969568892
986,18.8,2.946491969568892
987,18.8,2.9493809358062606
988,18.8,2.9493809358062606
989,18.8,2.9493809358062606
990,18.8,2.9493809358062606
991,18.8,2.9493809358062606
992,19.900000000000002,2.9493809358062606
993,19.900000000000002,2.9493809358062606
994,19.900000000000002,2.9744534500190554
995,19.900000000000002,2.9744534500190554
996,19.900000000000002,3.03487809324913
997,19.900000000000002,3.0889678948502457
998,19.900000000000002,3.1359339001872897
999,19.900000000000002,3.146491969568893
1000,19.900000000000002,3.146491969568893
1001,19.900000000000002,3.2348780932491294
1002,19.900000000000002,3.2348780932491294
1003,19.900000000000002,3.2744534500190525
1004,19.900000000000002,3.2744534500190525
1005,19.900000000000002,3.331977524737704
1006,19.900000000000002,3.335933900187289
1007,19.900000000000002,3.3493809358062663
1008,19.900000000000002,3.3493809358062663
1009,19.900000000000002,3.3493809358062663
1010,19.900000000000002,3.3493809358062663
1011,19.900000000000002,3.3493809358062663
1012,19.900000000000002,3.3493809358062663
1013,19.900000000000002,3.374453450019054
1014,19.900000000000002,3.374453450019054
1015,19.900000000000002,3.420761993160177
1016,19.900000000000002,3.4348780932491287
1017,19.900000000000002,3.4493809358062606
1018,19.900000000000002,3.4493809358062606
1019,19.900000000000002,3.4493809358062606
1020,19.900000000000002,3.4493809358062606
1021,19.900000000000002,3.4744534500190554
1022,19.900000000000002,3.4744534500190554
1023,19.900000000000002,3.487912087912086
1024,19.900000000000002,3.5319775247377034
1025,19.900000000000002,3.5319775247377034
1026,19.900000000000002,3.531977524737705
1027,19.900000000000002,3.531977524737705
1028,19.900000000000002,3.560337349930105
1029,19.900000000000002,3.574453450019057
1030,19.900000000000002,3.574453450019057
1031,19.900000000000002,3.631977524737705
1032,19.900000000000002,3.6493809358062634
1033,19.900000000000002,3.6744534500190547
1034,19.900000000000002,3.6879120879120855
1035,19.900000000000002,3.7348780932491294
1036,19.900000000000002,3.7464919695688925
1037,19.900000000000002,3.749380935806265
1038,19.900000000000002,3.774453450019056
1039,19.900000000000002,3.774453450019056
1040,19.900000000000002,3.8088889993867348
1041,19.900000000000002,3.8493809358062663
1042,19.900000000000002,3.8493809358062663
1043,19.900000000000002,3.8493809358062663
1044,19.900000000000002,3.8493809358062663
1045,19.900000000000002,3.8493809358062663
1046,20.400000000000002,3.8493809358062663
1047,20.400000000000002,3.857305288979493
1048,20.400000000000002,3.860337349930102
1049,20.400000000000002,3.8744534500190504
1050,20.400000000000002,3.8744534500190504
1051,20.400000000000002,3.874453450019054
1052,20.400000000000002,3.8879120879120848
1053,20.400000000000002,3.8879120879120848
1054,20.400000000000002,3.946491969568892
1055,20.400000000000002,3.946491969568892
1056,20.400000000000002,3.946491969568892
1057,20.400000000000002,3.946491969568892
1058,20.400000000000002,4.031977524737705
1059,20.400000000000002,4.035933900187288
1060,20.400000000000002,4.049380935806262
1061,20.400000000000002,4.049380935806262
1062,20.400000000000002,4.049380935806262
1063,20.400000000000002,4.049380935806269
1064,20.400000000000002,4.049380935806269
1065,20.400000000000002,4.049380935806269
1066,20.400000000000002,4.074453450019057
1067,20.400000000000002,4.074453450019057
1068,20.400000000000002,4.146491969568893
1069,20.400000000000002,4.195569588782258
1070,20.400000000000002,4.274453450019056
1071,20.400000000000002,4.334878093249131
1072,20.400000000000002,4.335933900187289
1073,20.400000000000002,4.349380935806259
1074,20.400000000000002,4.378282200454144
1075,20.400000000000002,4.420761993160177
1076,20.400000000000002,4.446491969568892
1077,20.400000000000002,4.460337349930104
1078,20.400000000000002,4.474453450019052
1079,20.400000000000002,4.474453450019052
1080,20.400000000000002,4.474453450019055
1081,20.400000000000002,4.535933900187288
1082,20.400000000000002,4.549380935806262
1083,20.400000000000002,4.549380935806262
1084,20.400000000000002,4.549380935806262
1085,20.400000000000002,4.549380935806269
1086,20.400000000000002,4.574453450019053
1087,20.400000000000002,4.631977524737703
1088,20.400000000000002,4.631977524737703
1089,20.400000000000002,4.674453450019055
1090,20.400000000000002,4.674453450019055
1091,20.400000000000002,4.674453450019055
1092,20.400000000000002,4.708888999386733
1093,20.400000000000002,4.7319775247377045
1094,20.400000000000002,4.732105149752204
1095,20.400000000000002,4.7348780932491294
1096,20.400000000000002,4.7348780932491294
1097,20.400000000000002,4.7348780932491294
1098,20.400000000000002,4.7348780932491294
1099,20.400000000000002,4.744902458024626
1100,20.400000000000002,4.774453450019056
1101,20.400000000000002,4.774453450019056
1102,20.400000000000002,4.835933900187289
1103,20.400000000000002,4.931977524737704
1104,21.3,4.931977524737704
1105,21.3,4.931977524737704
1106,21.3,4.931977524737704
1107,21.3,4.949380935806261
1108,21.3,4.949380935806261
1109,21.3,4.949380935806261
1110,21.3,4.974453450019055
1111,21.3,4.974453450019055
1112,21.3,4.974453450019055
1113,21.3,5.031977524737705
1114,21.3,5.031977524737705
1115,21.3,5.031977524737705
1116,21.3,5.03487809324913
1117,21.3,5.059150050552763
1118,21.3,5.087912087912084
1119,21.3,5.149380935806263
1120,21.3,5.174453450019055
1121,21.3,5.174453450019055
1122,21.3,5.2319775247377045
1123,21.3,5.2464919695688925
1124,21.3,5.250715197321533
1125,21.3,5.308888999386731
1126,21.3,5.308888999386735
1127,21.3,5.308888999386735
1128,21.3,5.346491969568892
1129,21.3,5.346491969568892
1130,21.3,5.346491969568892
1131,21.3,5.346491969568892
1132,21.3,5.420761993160177
1133,21.3,5.431977524737704
1134,21.3,5.43593390018729
1135,21.3,5.474453450019055
1136,21.3,5.528415626605671
1137,21.3,5.531977524737705
1138,21.3,5.531977524737705
1139,21.3,5.640284752954432
1140,21.3,5.674453450019055
1141,21.3,5.674453450019055
1142,21.3,5.674453450019055
1143,21.3,5.674453450019055
1144,21.3,5.674453450019055
1145,21.3,5.6879120879120855
1146,21.3,5.708888999386733
1147,21.3,5.831977524737702
1148,21.3,5.831977524737702
1149,21.3,5.835933900187289
1150,21.3,5.835933900187289
1151,21.3,5.846491969568892
1152,21.3,5.874453450019054
1153,21.3,5.874453450019054
1154,21.3,5.874453450019054
1155,21.3,5.887912087912085
1156,21.3,5.931977524737704
1157,21.3,5.931977524737704
1158,21.3,5.931977524737704
1159,21.3,5.931977524737704
1160,21.3,5.931977524737704
1161,21.3,5.934878093249129
1162,21.3,5.949380935806261
1163,21.3,5.949380935806261
1164,21.3,5.949380935806261
1165,21.3,5.949380935806261
1166,21.3,5.949380935806261
1167,21.3,6.031977524737705
1168,21.3,6.031977524737705
1169,21.3,6.0464919695688915
1170,21.3,6.049380935806262
1171,21.3,6.049380935806262
1172,21.3,6.049380935806269
1173,21.3,6.049380935806269
1174,21.3,6.074453450019053
1175,21.3,6.074453450019053
1176,21.3,6.074453450019053
1177,21.3,6.074453450019053
1178,21.3,6.087912087912084
1179,21.3,6.087912087912084
1180,21.3,6.1088889993867355
1181,21.3,6.131977524737707
1182,21.3,6.146491969568893
1183,21.3,6.146491969568893
1184,21.3,6.174453450019055
1185,21.3,6.2319775247377045
1186,21.3,6.235933900187291
1187,21.3,6.2744534500190525
1188,21.3,6.2744534500190525
1189,21.3,6.287912087912087
1190,21.3,6.287912087912087
1191,21.3,6.334878093249127
1192,21.3,6.374453450019054
1193,21.3,6.374453450019054
1194,21.3,6.374453450019054
1195,21.3,6.431977524737704
1196,21.3,6.449380935806261
1197,21.3,6.449380935806261
1198,21.3,6.449380935806261
1199,21.3,6.449380935806261
1200,21.3,6.449380935806261
1201,21.3,6.449380935806261
1202,21.3,6.449380935806261
1203,21.3,6.449380935806261
1204,21.3,6.501498350819613
1205,21.3,6.508888999386734
1206,21.3,6.5464919695688915
1207,21.3,6.549380935806269
1208,21.3,6.549380935806269
1209,21.3,6.549380935806269
1210,21.3,6.574453450019053
1211,21.3,6.574453450019053
1212,21.3,6.574453450019053
1213,21.3,6.574453450019057
1214,21.3,6.574453450019057
1215,21.3,6.621817800098341
1216,21.3,6.631977524737707
1217,21.3,6.63593390018729
1218,22.0,6.674453450019055
1219,22.0,6.7319775247377045
1220,22.0,6.7319775247377045
1221,22.0,6.7348780932491294
1222,22.0,6.7348780932491294
1223,22.0,6.934878093249129
1224,22.0,6.934878093249129
1225,22.0,6.974453450019055
1226,22.0,7.031977524737705
1227,22.0,7.035933900187288
1228,22.0,7.060337349930101
1229,22.0,7.1879120879120855
1230,22.0,7.2319775247377045
1231,22.0,7.2319775247377045
1232,22.0,7.274453450019056
1233,22.0,7.274453450019056
1234,22.0,7.349380935806266
1235,22.0,7.349380935806266
1236,22.0,7.349380935806266
1237,22.0,7.349380935806266
1238,22.0,7.349380935806266
1239,22.0,7.349380935806266
1240,22.0,7.360337349930102
1241,22.0,7.374453450019054
1242,22.0,7.387912087912085
1243,22.0,7.431977524737704
1244,22.0,7.449380935806261
1245,22.0,7.449380935806261
1246,22.0,7.449380935806261
1247,22.0,7.449380935806261
1248,22.0,7.457305288979494
1249,22.0,7.466540699119882
1250,22.0,7.531977524737705
1251,22.0,7.531977524737705
1252,22.0,7.5464919695688915
1253,22.0,7.549380935806262
1254,22.0,7.549380935806262
1255,22.0,7.574453450019057
1256,22.0,7.5979364526875806
1257,22.0,7.63593390018729
1258,22.0,7.63593390018729
1259,22.0,7.63593390018729
1260,22.0,7.649380935806263
1261,22.0,7.7319775247377045
1262,22.0,7.749380935806265
1263,22.0,7.831977524737706
1264,22.0,7.849380935806259
1265,22.0,7.849380935806266
1266,22.0,7.849380935806266
1267,22.0,7.931977524737704
1268,22.0,7.931977524737704
1269,22.0,7.931977524737704
1270,22.0,7.931977524737704
1271,23.700000000000003,7.931977524737704
1272,23.700000000000003,7.931977524737704
1273,23.700000000000003,7.931977524737704
1274,23.700000000000003,7.931977524737704
1275,23.700000000000003,7.931977524737704
1276,23.700000000000003,7.93593390018729
1277,23.700000000000003,7.949380935806261
1278,23.700000000000003,7.949380935806261
1279,23.700000000000003,7.949380935806261
1280,23.700000000000003,7.949380935806261
1281,23.700000000000003,7.9917292360731125
1282,23.700000000000003,8.03487809324913
1283,23.700000000000003,8.035933900187288
1284,23.700000000000003,8.04649196956889
1285,23.700000000000003,8.134878093249132
1286,23.700000000000003,8.134878093249132
1287,23.700000000000003,8.146491969568892
1288,23.700000000000003,8.149380935806263
1289,23.700000000000003,8.149380935806263
1290,23.700000000000003,8.174453450019055
1291,23.700000000000003,8.174453450019055
1292,23.700000000000003,8.231977524737704
1293,23.700000000000003,8.249380935806258
1294,23.700000000000003,8.249380935806258
1295,23.700000000000003,8.249380935806258
1296,23.700000000000003,8.249380935806258
1297,23.700000000000003,8.257305288979492
1298,23.700000000000003,8.274453450019056
1299,23.700000000000003,8.274453450019056
1300,23.700000000000003,8.349380935806266
1301,23.700000000000003,8.349380935806266
1302,23.700000000000003,8.349380935806266
1303,23.700000000000003,8.388967894850246
1304,23.700000000000003,8.431977524737704
1305,23.700000000000003,8.431977524737704
1306,23.700000000000003,8.431977524737704
1307,23.700000000000003,8.474453450019052
1308,23.700000000000003,8.474453450019059
1309,23.700000000000003,8.474453450019059
1310,23.700000000000003,8.474453450019059
1311,23.700000000000003,8.474453450019059
1312,23.700000000000003,8.474453450019059
1313,23.700000000000003,8.487912087912086
1314,23.700000000000003,8.546491969568894
1315,23.700000000000003,8.73487809324913
1316,23.700000000000003,8.749380935806265
1317,23.700000000000003,8.774453450019056
1318,23.700000000000003,8.774453450019056
1319,23.700000000000003,8.774453450019056
1320,23.700000000000003,8.787912087912083
1321,23.700000000000003,8.834878093249127
1322,23.700000000000003,8.849380935806266
1323,23.700000000000003,8.849380935806266
1324,23.700000000000003,8.849380935806266
1325,23.700000000000003,8.849380935806266
1326,23.700000000000003,8.849380935806266
1327,23.700000000000003,8.849380935806266
1328,23.700000000000003,8.849380935806266
1329,23.700000000000003,8.87445345001905
1330,23.700000000000003,8.874453450019057
1331,23.700000000000003,8.874453450019057
1332,23.700000000000003,8.887912087912085
1333,23.700000000000003,8.905327101254702
1334,23.700000000000003,8.931977524737704
1335,24.8,8.974453450019059
1336,24.8,8.974453450019059
1337,24.8,9.008888999386734
1338,24.8,9.108888999386735
1339,24.8,9.108888999386735
1340,24.8,9.174453450019055
1341,24.8,9.174453450019055
1342,24.8,9.174453450019055
1343,24.8,9.174453450019055
1344,24.8,9.208888999386733
1345,24.8,9.235933900187291
1346,24.8,9.235933900187291
1347,24.8,9.274453450019056
1348,24.8,9.308888999386731
1349,24.8,9.331977524737702
1350,24.8,9.331977524737706
1351,24.8,9.349380935806266
1352,24.8,9.349380935806266
1353,24.8,9.360337349930106
1354,24.8,9.37445345001905
1355,24.8,9.431977524737704
1356,24.8,9.431977524737704
1357,24.8,9.431977524737704
1358,24.8,9.474453450019059
1359,24.8,9.474453450019059
1360,24.8,9.474453450019059
1361,24.8,9.474453450019059
1362,24.8,9.531977524737705
1363,24.8,9.53487809324913
1364,24.8,9.674453450019055
1365,24.8,9.674453450019055
1366,24.8,9.674453450019055
1367,24.8,9.674453450019055
1368,24.8,9.674453450019055
1369,24.8,9.674453450019055
1370,24.8,9.674453450019055
1371,24.8,9.678282200454145
1372,24.8,9.687912087912085
1373,24.8,9.731977524737704
1374,24.8,9.73487809324913
1375,24.8,9.749380935806265
1376,24.8,9.749380935806265
1377,24.8,9.749380935806265
1378,24.8,9.774453450019056
1379,24.8,9.774453450019056
1380,24.8,9.774453450019056
1381,24.8,9.774453450019056
1382,24.8,9.774453450019056
1383,24.8,9.787912087912087
1384,24.8,9.787912087912087
1385,24.8,9.849380935806266
1386,24.8,9.849380935806266
1387,24.8,9.87445345001905
1388,24.8,9.87445345001905
1389,24.8,9.935933900187287
1390,24.8,9.935933900187287
1391,24.8,10.04938093580627
1392,24.8,10.04938093580627
1393,24.8,10.04938093580627
1394,24.8,10.087912087912088
1395,24.8,10.131977524737707
1396,24.8,10.149380935806263
1397,24.8,10.231977524737704
1398,24.8,10.274453450019056
1399,24.8,10.274453450019056
1400,24.8,10.274453450019056
1401,24.8,10.274453450019056
1402,24.8,10.308888999386735
1403,24.8,10.308888999386735
1404,24.8,10.34938093580626
1405,24.8,10.374453450019057
1406,24.8,10.434878093249132
1407,24.8,10.43593390018729
1408,24.8,10.44938093580626
1409,24.8,10.44938093580626
1410,24.8,10.44938093580626
1411,24.8,10.44938093580626
1412,24.8,10.487912087912083
1413,24.8,10.487912087912086
1414,24.8,10.531977524737705
1415,24.8,10.53487809324913
1416,24.8,10.549380935806262
1417,24.8,10.549380935806262
1418,24.8,10.549380935806262
1419,24.8,10.578282200454144
1420,24.8,10.62076199316018
1421,24.8,10.631977524737707
1422,24.8,10.634878093249132
1423,24.8,10.646491969568892
1424,24.8,10.734878093249126
1425,24.8,10.749380935806258
1426,24.8,10.749380935806258
1427,24.8,10.749380935806258
1428,24.8,10.749380935806258
1429,24.8,10.749380935806258
1430,24.8,10.787912087912087
1431,24.8,10.788967894850245
1432,24.8,10.808888999386735
1433,25.700000000000003,10.808888999386735
1434,25.700000000000003,10.857305288979493
1435,25.700000000000003,10.859150050552763
1436,25.700000000000003,10.874453450019057
1437,25.700000000000003,10.874453450019057
1438,25.700000000000003,10.874453450019057
1439,25.700000000000003,10.874453450019057
1440,25.700000000000003,10.874453450019057
1441,25.700000000000003,10.931977524737704
1442,25.700000000000003,10.931977524737704
1443,25.700000000000003,10.931977524737704
1444,25.700000000000003,10.931977524737704
1445,25.700000000000003,10.931977524737704
1446,25.700000000000003,10.931977524737704
1447,25.700000000000003,10.94938093580626
1448,25.700000000000003,10.94938093580626
1449,25.700000000000003,10.974453450019059
1450,25.700000000000003,10.974453450019059
1451,25.700000000000003,10.987912087912086
1452,25.700000000000003,11.031977524737705
1453,25.700000000000003,11.031977524737705
1454,25.700000000000003,11.031977524737705
1455,25.700000000000003,11.04938093580627
1456,25.700000000000003,11.04938093580627
1457,25.700000000000003,11.131977524737703
1458,25.700000000000003,11.134878093249132
1459,25.700000000000003,11.231977524737708
1460,25.700000000000003,11.274453450019056
1461,25.700000000000003,11.331977524737702
1462,25.700000000000003,11.331977524737702
1463,25.700000000000003,11.33487809324913
1464,25.700000000000003,11.335933900187289
1465,25.700000000000003,11.346491969568891
1466,25.700000000000003,11.37445345001905
1467,25.700000000000003,11.37445345001905
1468,25.700000000000003,11.434878093249129
1469,25.700000000000003,11.44938093580626
1470,25.700000000000003,11.44938093580626
1471,25.700000000000003,11.44938093580626
1472,25.700000000000003,11.474453450019052
1473,25.700000000000003,11.531977524737705
1474,25.700000000000003,11.531977524737705
1475,25.700000000000003,11.631977524737703
1476,25.700000000000003,11.634878093249132
1477,25.700000000000003,11.674453450019055
1478,25.700000000000003,11.674453450019055
1479,25.700000000000003,11.731977524737704
1480,25.700000000000003,11.731977524737704
1481,25.700000000000003,11.731977524737704
1482,25.700000000000003,11.731977524737708
1483,25.700000000000003,11.74649196956889
1484,25.700000000000003,11.74649196956889
1485,25.700000000000003,11.83487809324913
1486,25.700000000000003,11.846491969568891
1487,25.700000000000003,11.846491969568891
1488,25.700000000000003,11.849380935806266
1489,25.700000000000003,11.849380935806266
1490,25.700000000000003,11.849380935806266
1491,25.700000000000003,11.849380935806266
1492,25.700000000000003,11.849380935806266
1493,25.700000000000003,11.849380935806266
1494,25.700000000000003,11.877098768501483
1495,25.700000000000003,11.94938093580626
1496,25.700000000000003,11.94938093580626
1497,25.700000000000003,12.005327101254696
1498,25.700000000000003,12.04649196956889
1499,25.700000000000003,12.057305288979492
1500,25.700000000000003,12.074453450019053
1501,25.700000000000003,12.074453450019053
1502,25.700000000000003,12.074453450019053
1503,25.700000000000003,12.131977524737707
1504,25.700000000000003,12.149380935806263
1505,25.700000000000003,12.149380935806263
1506,25.700000000000003,12.149380935806263
1507,25.700000000000003,12.149380935806263
1508,25.700000000000003,12.274453450019056
1509,25.700000000000003,12.274453450019056
1510,25.700000000000003,12.287912087912083
1511,25.700000000000003,12.37445345001905
1512,25.700000000000003,12.474453450019059
1513,25.700000000000003,12.474453450019059
1514,25.700000000000003,12.53487809324913
1515,25.700000000000003,12.574453450019053
1516,25.700000000000003,12.574453450019053
1517,25.700000000000003,12.649380935806263
1518,25.700000000000003,12.649380935806263
1519,25.700000000000003,12.649380935806263
1520,25.700000000000003,12.649380935806263
1521,25.700000000000003,12.649380935806263
1522,25.700000000000003,12.687912087912085
1523,25.700000000000003,12.687912087912085
1524,25.700000000000003,12.73487809324913
1525,25.700000000000003,12.766540699119883
1526,25.700000000000003,12.84938093580626
1527,25.700000000000003,12.849380935806266
1528,25.700000000000003,12.849380935806266
1529,25.700000000000003,12.849380935806266
1530,25.700000000000003,12.849380935806266
1531,25.700000000000003,12.849380935806266
1532,25.700000000000003,12.849380935806266
1533,25.700000000000003,12.849380935806266
1534,25.700000000000003,12.931977524737707
1535,25.700000000000003,12.93593390018729
1536,26.700000000000003,12.94938093580626
1537,26.700000000000003,12.94938093580626
1538,26.700000000000003,12.987912087912086
1539,26.700000000000003,12.987912087912086
1540,26.700000000000003,13.031977524737705
1541,26.700000000000003,13.04649196956889
1542,26.700000000000003,13.04649196956889
1543,26.700000000000003,13.04649196956889
1544,26.700000000000003,13.04649196956889
1545,26.700000000000003,13.04938093580627
1546,26.700000000000003,13.04938093580627
1547,26.700000000000003,13.04938093580627
1548,26.700000000000003,13.04938093580627
1549,26.700000000000003,13.04938093580627
1550,26.700000000000003,13.07445345001906
1551,26.700000000000003,13.07445345001906
1552,26.700000000000003,13.131977524737707
1553,26.700000000000003,13.131977524737707
1554,26.700000000000003,13.131977524737707
1555,26.700000000000003,13.131977524737707
1556,26.700000000000003,13.131977524737707
1557,26.700000000000003,13.131977524737707
1558,26.700000000000003,13.131977524737707
1559,26.700000000000003,13.131977524737707
1560,26.700000000000003,13.131977524737707
1561,26.700000000000003,13.149380935806263
1562,26.700000000000003,13.174453450019055
1563,26.700000000000003,13.174453450019055
1564,26.700000000000003,13.174453450019055
1565,26.700000000000003,13.174453450019055
1566,26.700000000000003,13.174453450019055
1567,26.700000000000003,13.174453450019055
1568,26.700000000000003,13.231977524737704
1569,26.700000000000003,13.274453450019056
1570,26.700000000000003,13.320761993160176
1571,26.700000000000003,13.331977524737702
1572,26.700000000000003,13.334878093249127
1573,26.700000000000003,13.334878093249127
1574,26.700000000000003,13.349380935806266
1575,26.700000000000003,13.349380935806266
1576,26.700000000000003,13.349380935806266
1577,26.700000000000003,13.349380935806266
1578,26.700000000000003,13.349380935806266
1579,26.700000000000003,13.349380935806266
1580,26.700000000000003,13.349380935806266
1581,26.700000000000003,13.349380935806266
1582,26.700000000000003,13.349380935806266
1583,26.700000000000003,13.362584323670294
1584,26.700000000000003,13.387912087912085
1585,26.700000000000003,13.387912087912085
1586,26.700000000000003,13.391729236073118
1587,26.700000000000003,13.508888999386734
1588,26.700000000000003,13.508888999386734
1589,26.700000000000003,13.54938093580627
1590,26.700000000000003,13.54938093580627
1591,26.700000000000003,13.557305288979492
1592,26.700000000000003,13.574453450019053
1593,26.700000000000003,13.578282200454147
1594,26.700000000000003,13.63593390018729
1595,26.700000000000003,13.708888999386733
1596,26.700000000000003,13.731977524737704
1597,26.700000000000003,13.731977524737704
1598,26.700000000000003,13.774453450019056
1599,26.700000000000003,13.774453450019056
1600,26.700000000000003,13.774453450019056
1601,26.700000000000003,13.831977524737706
1602,26.700000000000003,13.83487809324913
1603,26.700000000000003,13.931977524737704
1604,26.700000000000003,13.931977524737704
1605,26.700000000000003,13.931977524737704
1606,26.700000000000003,13.934878093249129
1607,26.700000000000003,13.974453450019059
1608,26.700000000000003,13.974453450019059
1609,26.700000000000003,13.987912087912086
1610,26.700000000000003,14.031977524737705
1611,26.700000000000003,14.03487809324913
1612,26.700000000000003,14.04649196956889
1613,26.700000000000003,14.074453450019053
1614,26.700000000000003,14.087912087912084
1615,26.700000000000003,14.134878093249132
1616,26.700000000000003,14.134878093249132
1617,26.700000000000003,14.146491969568892
1618,26.700000000000003,14.149380935806263
1619,26.700000000000003,14.149380935806263
1620,26.700000000000003,14.174453450019055
1621,26.700000000000003,14.187912087912085
1622,26.700000000000003,14.249380935806258
1623,26.700000000000003,14.249380935806258
1624,26.700000000000003,14.249380935806258
1625,26.700000000000003,14.249380935806258
1626,26.700000000000003,14.249380935806258
1627,26.700000000000003,14.249380935806265
1628,26.700000000000003,14.249380935806265
1629,26.700000000000003,14.249380935806265
1630,26.700000000000003,14.249380935806265
1631,26.700000000000003,14.274453450019056
1632,26.700000000000003,14.274453450019056
1633,26.700000000000003,14.274453450019056
1634,26.700000000000003,14.287912087912087
1635,26.700000000000003,14.288967894850245
1636,26.700000000000003,14.331977524737706
1637,26.700000000000003,14.346491969568891
1638,26.700000000000003,14.388967894850246
1639,26.700000000000003,14.434878093249132
1640,26.700000000000003,14.48791208791209
1641,26.700000000000003,14.489629224470853
1642,26.700000000000003,14.531977524737705
1643,26.700000000000003,14.535933900187292
1644,26.700000000000003,14.549380935806255
1645,26.700000000000003,14.549380935806255
1646,26.700000000000003,14.549380935806262
1647,26.700000000000003,14.631977524737703
1648,26.700000000000003,14.63593390018729
1649,26.700000000000003,14.674453450019055
1650,26.700000000000003,14.674453450019055
1651,26.700000000000003,14.674453450019055
1652,26.700000000000003,14.674453450019062
1653,26.700000000000003,14.787912087912087
1654,26.700000000000003,14.808888999386735
1655,26.700000000000003,14.808888999386735
1656,26.700000000000003,14.83487809324913
1657,26.700000000000003,14.83487809324913
1658,26.700000000000003,14.874453450019057
1659,26.700000000000003,14.887912087912081
1660,26.700000000000003,14.887912087912088
1661,26.700000000000003,14.93593390018729
1662,26.700000000000003,14.959150050552765
1663,26.700000000000003,15.008888999386734
1664,26.700000000000003,15.03487809324913
1665,26.700000000000003,15.03487809324913
1666,26.700000000000003,15.03487809324913
1667,26.700000000000003,15.03487809324913
1668,26.700000000000003,15.074453450019053
1669,26.700000000000003,15.074453450019053
1670,26.700000000000003,15.07445345001906
1671,26.700000000000003,15.07445345001906
1672,26.700000000000003,15.131977524737703
1673,26.700000000000003,15.131977524737707
1674,27.200000000000003,15.13593390018729
1675,27.200000000000003,15.149380935806263
1676,27.200000000000003,15.149380935806263
1677,27.200000000000003,15.174453450019055
1678,27.200000000000003,15.174453450019055
1679,27.200000000000003,15.174453450019055
1680,27.200000000000003,15.187912087912085
1681,27.200000000000003,15.231977524737704
1682,27.200000000000003,15.231977524737704
1683,27.200000000000003,15.235933900187291
1684,27.200000000000003,15.288967894850245
1685,27.200000000000003,15.331977524737706
1686,27.200000000000003,15.331977524737706
1687,27.200000000000003,15.331977524737706
1688,27.200000000000003,15.334878093249134
1689,27.200000000000003,15.366540699119884
1690,27.200000000000003,15.387912087912081
1691,27.200000000000003,15.388967894850246
1692,27.200000000000003,15.408888999386736
1693,27.200000000000003,15.431977524737707
1694,27.200000000000003,15.431977524737707
1695,27.200000000000003,15.449380935806268
1696,27.200000000000003,15.531977524737705
1697,27.200000000000003,15.531977524737705
1698,27.200000000000003,15.549380935806262
1699,27.200000000000003,15.54938093580627
1700,27.200000000000003,15.54938093580627
1701,27.200000000000003,15.54938093580627
1702,27.200000000000003,15.574453450019053
1703,27.200000000000003,15.62076199316018
1704,27.200000000000003,15.634878093249132
1705,27.200000000000003,15.649380935806263
1706,27.200000000000003,15.649380935806263
1707,27.200000000000003,15.674453450019055
1708,27.200000000000003,15.674453450019055
1709,27.200000000000003,15.687912087912085
1710,27.200000000000003,15.687912087912085
1711,27.200000000000003,15.687912087912085
1712,27.200000000000003,15.731977524737704
1713,27.200000000000003,15.787912087912087
1714,27.200000000000003,15.808888999386735
1715,27.200000000000003,15.828415626605672
1716,27.200000000000003,15.857305288979493
1717,27.200000000000003,15.874453450019057
1718,27.200000000000003,15.887912087912081
1719,27.200000000000003,15.887912087912081
1720,27.200000000000003,15.908888999386733
1721,27.200000000000003,15.934878093249129
1722,27.200000000000003,16.008888999386734
1723,27.200000000000003,16.008888999386734
1724,27.200000000000003,16.008888999386734
1725,27.200000000000003,16.008888999386734
1726,27.200000000000003,16.008888999386734
1727,27.200000000000003,16.03487809324913
1728,27.200000000000003,16.03487809324913
1729,27.200000000000003,16.074453450019053
1730,27.200000000000003,16.074453450019053
1731,27.200000000000003,16.074453450019053
1732,27.200000000000003,16.131977524737707
1733,27.200000000000003,16.131977524737707
1734,27.200000000000003,16.13487809324913
1735,27.200000000000003,16.149380935806263
1736,27.200000000000003,16.149380935806263
1737,27.200000000000003,16.174453450019055
1738,27.200000000000003,16.174453450019055
1739,27.200000000000003,16.174453450019055
1740,27.200000000000003,16.210339283642448
1741,27.200000000000003,16.234878093249133
1742,27.200000000000003,16.23593390018729
1743,27.200000000000003,16.260337349930104
1744,27.200000000000003,16.30888899938673
1745,27.200000000000003,16.320761993160183
1746,27.200000000000003,16.331977524737702
1747,27.200000000000003,16.331977524737706
1748,27.200000000000003,16.331977524737706
1749,27.200000000000003,16.331977524737706
1750,27.200000000000003,16.334878093249134
1751,27.200000000000003,16.334878093249134
1752,27.200000000000003,16.349380935806266
1753,27.200000000000003,16.349380935806266
1754,27.200000000000003,16.349380935806266
1755,27.200000000000003,16.374453450019057
1756,27.200000000000003,16.374453450019057
1757,27.200000000000003,16.374453450019057
1758,27.200000000000003,16.374453450019057
1759,27.200000000000003,16.377098768501483
1760,27.200000000000003,16.431977524737704
1761,27.200000000000003,16.435933900187287
1762,27.200000000000003,16.44649196956889
1763,27.200000000000003,16.44649196956889
1764,27.200000000000003,16.531977524737705
1765,27.200000000000003,16.649380935806263
1766,27.200000000000003,16.649380935806263
1767,27.200000000000003,16.649380935806263
1768,27.200000000000003,16.674453450019055
1769,27.200000000000003,16.674453450019055
1770,27.200000000000003,16.70888899938673
1771,27.200000000000003,16.73593390018729
1772,27.200000000000003,16.760337349930104
1773,27.200000000000003,16.774453450019056
1774,27.200000000000003,16.774453450019056
1775,27.200000000000003,16.774453450019056
1776,27.200000000000003,16.831977524737706
1777,27.200000000000003,16.831977524737706
1778,27.200000000000003,16.935933900187294
1779,27.200000000000003,16.97445345001906
1780,27.200000000000003,16.97445345001906
1781,28.200000000000003,16.97445345001906
1782,28.200000000000003,16.98791208791209
1783,28.200000000000003,17.008888999386734
1784,28.200000000000003,17.008888999386734
1785,28.200000000000003,17.04938093580627
1786,28.200000000000003,17.04938093580627
1787,28.200000000000003,17.04938093580627
1788,28.200000000000003,17.04938093580627
1789,28.200000000000003,17.04938093580627
1790,28.200000000000003,17.04938093580627
1791,28.200000000000003,17.074453450019053
1792,28.200000000000003,17.074453450019053
1793,28.200000000000003,17.131977524737707
1794,28.200000000000003,17.131977524737707
1795,28.200000000000003,17.13487809324913
1796,28.200000000000003,17.13487809324913
1797,28.200000000000003,17.146491969568892
1798,28.200000000000003,17.146491969568892
1799,28.200000000000003,17.149380935806263
1800,28.200000000000003,17.149380935806263
1801,28.200000000000003,17.149380935806263
1802,28.200000000000003,17.234878093249126
1803,28.200000000000003,17.274453450019056
1804,28.200000000000003,17.287912087912087
1805,28.200000000000003,17.331977524737706
1806,28.200000000000003,17.331977524737706
1807,28.200000000000003,17.335933900187293
1808,28.200000000000003,17.349380935806266
1809,28.200000000000003,17.349380935806266
1810,28.200000000000003,17.349380935806266
1811,28.200000000000003,17.37445345001905
1812,28.200000000000003,17.37445345001905
1813,28.200000000000003,17.44938093580626
1814,28.200000000000003,17.44938093580626
1815,28.200000000000003,17.465484892181724
1816,28.200000000000003,17.508888999386734
1817,28.200000000000003,17.531977524737705
1818,28.200000000000003,17.531977524737705
1819,28.200000000000003,17.531977524737705
1820,28.200000000000003,17.531977524737705
1821,28.200000000000003,17.531977524737705
1822,28.200000000000003,17.531977524737705
1823,28.200000000000003,17.54649196956889
1824,28.200000000000003,17.54649196956889
1825,28.200000000000003,17.562584323670293
1826,28.200000000000003,17.646491969568892
1827,28.200000000000003,17.646491969568892
1828,28.200000000000003,17.646491969568892
1829,28.200000000000003,17.731977524737704
1830,28.200000000000003,17.746491969568893
1831,28.200000000000003,17.774453450019056
1832,28.200000000000003,17.774453450019056
1833,28.200000000000003,17.774453450019056
1834,28.200000000000003,17.774453450019056
1835,28.200000000000003,17.834878093249134
1836,28.200000000000003,17.834878093249134
1837,28.200000000000003,17.874453450019057
1838,28.200000000000003,17.874453450019057
1839,28.200000000000003,17.949380935806268
1840,28.200000000000003,17.949380935806268
1841,28.200000000000003,17.949380935806268
1842,28.200000000000003,17.949380935806268
1843,28.200000000000003,17.949380935806268
1844,28.200000000000003,18.031977524737705
1845,28.200000000000003,18.04649196956889
1846,28.200000000000003,18.13487809324913
1847,28.200000000000003,18.149380935806263
1848,28.200000000000003,18.231977524737704
1849,28.200000000000003,18.234878093249126
1850,28.200000000000003,18.234878093249126
1851,28.200000000000003,18.234878093249126
1852,28.200000000000003,18.23593390018729
1853,28.200000000000003,18.334878093249127
1854,28.200000000000003,18.38791208791208
1855,28.200000000000003,18.531977524737705
1856,28.200000000000003,18.574453450019053
1857,28.200000000000003,18.608888999386735
1858,28.200000000000003,18.674453450019055
1859,28.200000000000003,18.846491969568895
1860,28.200000000000003,18.846491969568895
1861,28.200000000000003,18.874453450019057
1862,28.200000000000003,18.93487809324913
1863,28.200000000000003,18.935933900187294
1864,28.200000000000003,18.949380935806268
1865,28.200000000000003,18.949380935806268
1866,28.200000000000003,18.949380935806268
1867,28.200000000000003,18.949380935806268
1868,28.200000000000003,18.949380935806268
1869,28.200000000000003,18.949380935806268
1870,28.200000000000003,18.949380935806268
1871,28.200000000000003,18.949380935806268
1872,28.200000000000003,18.949380935806268
1873,28.200000000000003,18.949380935806268
1874,28.200000000000003,18.949380935806268
1875,28.200000000000003,18.949380935806268
1876,28.200000000000003,18.949380935806268
1877,28.200000000000003,19.031977524737705
1878,28.200000000000003,19.074453450019053
1879,28.200000000000003,19.087912087912084
1880,28.200000000000003,19.131977524737707
1881,28.200000000000003,19.131977524737707
1882,28.200000000000003,19.131977524737707
1883,28.200000000000003,19.149380935806263
1884,28.200000000000003,19.149380935806263
1885,28.200000000000003,19.165484892181727
1886,31.3,19.174453450019055
1887,31.3,19.174453450019055
1888,31.3,19.174453450019055
1889,31.3,19.231977524737704
1890,31.3,19.334878093249134
1891,31.3,19.335933900187285
1892,31.3,19.335933900187293
1893,31.3,19.374453450019057
1894,31.3,19.374453450019057
1895,31.3,19.42181780009834
1896,31.3,19.431977524737707
1897,31.3,19.43487809324913
1898,31.3,19.449380935806268
1899,31.3,19.449380935806268
1900,31.3,19.449380935806268
1901,31.3,19.449380935806268
1902,31.3,19.449380935806268
1903,31.3,19.449380935806268
1904,31.3,19.449380935806268
1905,31.3,19.460337349930107
1906,31.3,19.508888999386734
1907,31.3,19.508888999386734
1908,31.3,19.549380935806262
1909,31.3,19.549380935806262
1910,31.3,19.549380935806262
1911,31.3,19.54938093580627
1912,31.3,19.54938093580627
1913,31.3,19.54938093580627
1914,31.3,19.574453450019053
1915,31.3,19.574453450019053
1916,31.3,19.63593390018729
1917,31.3,19.674453450019055
1918,31.3,19.67445345001906
1919,31.3,19.67445345001906
1920,31.3,19.75730528897949
1921,31.3,19.787912087912087
1922,31.3,19.831977524737706
1923,31.3,19.931977524737704
1924,31.3,19.931977524737704
1925,31.3,19.94938093580626
1926,31.3,19.94938093580626
1927,31.3,19.94938093580626
1928,31.3,19.94938093580626
1929,31.3,19.94938093580626
1930,31.3,20.031977524737705
1931,31.3,20.074453450019053
1932,31.3,20.074453450019053
1933,31.3,20.131977524737707
1934,31.3,20.131977524737707
1935,31.3,20.131977524737707
1936,31.3,20.131977524737707
1937,31.3,20.131977524737707
1938,31.3,20.146491969568892
1939,31.3,20.149380935806263
1940,31.3,20.18303139796352
1941,31.3,20.246491969568893
1942,31.3,20.287912087912087
1943,31.3,20.33197752473771
1944,31.3,20.33197752473771
1945,31.3,20.357305288979493
1946,31.3,20.36654069911988
1947,31.3,20.37445345001905
1948,31.3,20.37445345001905
1949,31.3,20.408888999386733
1950,31.5,20.47445345001906
1951,31.5,20.47445345001906
1952,31.5,20.47445345001906
1953,31.5,20.53593390018729
1954,31.5,20.549380935806262
1955,31.5,20.549380935806262
1956,31.5,20.631977524737707
1957,31.5,20.649380935806263
1958,31.5,20.649380935806263
1959,31.5,20.649380935806263
1960,31.5,20.649380935806263
1961,31.5,20.649380935806263
1962,31.5,20.7319775247377
1963,31.5,20.7319775247377
1964,31.5,20.7319775247377
1965,31.5,20.749380935806258
1966,31.5,20.749380935806258
1967,31.5,20.749380935806258
1968,31.5,20.749380935806258
1969,31.5,20.749380935806258
1970,31.5,20.77709876850148
1971,31.5,20.787912087912087
1972,31.5,20.83197752473771
1973,31.5,20.834878093249134
1974,31.5,20.834878093249134
1975,31.5,20.88791208791209
1976,31.5,20.90888899938674
1977,31.5,20.946491969568893
1978,31.5,20.949380935806268
1979,31.5,21.008888999386734
1980,31.5,21.008888999386734
1981,31.5,21.008888999386734
1982,31.5,21.031977524737705
1983,31.5,21.031977524737705
1984,31.5,21.03593390018729
1985,31.5,21.0603373499301
1986,31.5,21.074453450019053
1987,31.5,21.087912087912084
1988,31.5,21.131977524737707
1989,31.5,21.131977524737707
1990,31.5,21.13487809324913
1991,31.5,21.13487809324913
1992,31.5,21.13593390018729
1993,31.5,21.13593390018729
1994,31.5,21.146491969568892
1995,31.5,21.2319775247377
1996,31.5,21.231977524737708
1997,31.5,21.289629224470858
1998,31.5,21.328415626605672
1999,31.5,21.349380935806266
2000,31.5,21.349380935806266
2001,31.5,21.446491969568893
2002,31.5,21.446491969568893
2003,31.5,21.47445345001906
2004,31.5,21.47445345001906
2005,31.5,21.47445345001906
2006,31.5,21.531977524737705
2007,31.5,21.531977524737705
2008,31.5,21.53593390018729
2009,31.5,21.559150050552766
2010,31.5,21.574453450019053
2011,31.5,21.574453450019053
2012,31.5,21.574453450019053
2013,31.5,21.574453450019053
2014,31.5,21.608888999386735
2015,31.5,21.631977524737707
2016,31.5,21.687912087912085
2017,31.5,21.687912087912085
2018,31.5,21.7319775247377
2019,31.5,21.749380935806265
2020,31.5,21.774453450019056
2021,31.5,21.778282200454147
2022,31.5,21.874453450019057
2023,31.5,21.93487809324913
2024,31.5,21.93487809324913
2025,31.5,21.97445345001906
2026,31.5,21.97445345001906
2027,31.5,21.97445345001906
2028,31.5,22.008888999386734
2029,31.5,22.03487809324913
2030,31.5,22.131977524737707
2031,31.5,22.131977524737707
2032,31.5,22.131977524737707
2033,31.5,22.174453450019055
2034,31.5,22.38791208791208
2035,31.5,22.38791208791208
2036,31.5,22.38791208791209
2037,31.5,22.420761993160177
2038,31.5,22.44649196956889
2039,31.5,22.54938093580627
2040,31.5,22.59172923607312
2041,31.5,22.631977524737707
2042,31.5,22.63593390018729
2043,31.5,22.646491969568892
2044,31.5,22.674453450019055
2045,31.5,22.674453450019055
2046,31.5,22.67445345001906
2047,31.5,22.731977524737708
2048,31.5,22.83197752473771
2049,31.5,22.83197752473771
2050,31.5,22.849380935806266
2051,31.5,22.93487809324913
2052,31.5,22.93487809324913
2053,31.5,22.98791208791209
2054,31.5,22.98791208791209
2055,31.5,23.03487809324913
2056,31.5,23.074453450019053
2057,31.5,23.074453450019053
2058,31.5,23.074453450019053
2059,31.5,23.074453450019053
2060,31.5,23.078282200454144
2061,31.5,23.131977524737707
2062,31.5,23.131977524737707
2063,31.5,23.13487809324913
2064,31.5,23.13593390018729
2065,31.5,23.249380935806272
2066,31.5,23.249380935806272
2067,31.5,23.249380935806272
2068,31.5,23.249380935806272
2069,31.5,23.249380935806272
2070,31.5,23.249380935806272
2071,33.800000000000004,23.249380935806272
2072,33.800000000000004,23.249380935806272
2073,33.800000000000004,23.54938093580627
2074,33.800000000000004,23.54938093580627
2075,33.800000000000004,23.54938093580627
2076,33.800000000000004,23.54938093580627
2077,33.800000000000004,23.54938093580627
2078,33.800000000000004,23.54938093580627
2079,33.800000000000004,23.587912087912084
2080,33.800000000000004,23.587912087912084
2081,33.800000000000004,23.587912087912084
2082,33.800000000000004,23.587912087912084
2083,33.800000000000004,23.70888899938673
2084,33.800000000000004,23.708888999386737
2085,33.800000000000004,23.708888999386737
2086,33.800000000000004,23.835933900187293
2087,33.800000000000004,23.835933900187293
2088,33.800000000000004,23.908888999386733
2089,33.800000000000004,23.946491969568893
2090,33.800000000000004,23.946491969568893
2091,33.800000000000004,23.94938093580626
2092,33.800000000000004,23.94938093580626
2093,33.800000000000004,23.94938093580626
2094,33.800000000000004,23.94938093580626
2095,33.800000000000004,24.008888999386734
2096,33.800000000000004,24.049380935806255
2097,33.800000000000004,24.049380935806255
2098,33.800000000000004,24.049380935806255
2099,33.800000000000004,24.049380935806255
2100,33.800000000000004,24.074453450019053
2101,33.800000000000004,24.074453450019053
2102,33.800000000000004,24.074453450019053
2103,33.800000000000004,24.074453450019053
2104,33.800000000000004,24.13487809324913
2105,33.800000000000004,24.149380935806263
2106,33.800000000000004,24.149380935806263
2107,33.800000000000004,24.17445345001906
2108,33.800000000000004,24.17445345001906
2109,33.800000000000004,24.17445345001906
2110,33.800000000000004,24.17445345001906
2111,33.800000000000004,24.2319775247377
2112,33.800000000000004,24.23593390018729
2113,33.800000000000004,24.33197752473771
2114,33.800000000000004,24.33197752473771
2115,33.800000000000004,24.349380935806266
2116,33.800000000000004,24.378282200454148
2117,33.800000000000004,24.43487809324913
2118,33.800000000000004,24.44938093580626
2119,33.800000000000004,24.44938093580626
2120,33.800000000000004,24.44938093580626
2121,33.800000000000004,24.44938093580626
2122,33.800000000000004,24.44938093580626
2123,33.800000000000004,24.508888999386734
2124,33.800000000000004,24.574453450019053
2125,33.800000000000004,24.574453450019053
2126,33.800000000000004,24.574453450019053
2127,33.800000000000004,24.574453450019053
2128,33.800000000000004,24.574453450019053
2129,33.800000000000004,24.574453450019053
2130,33.800000000000004,24.574453450019053
2131,33.800000000000004,24.574453450019053
2132,33.800000000000004,24.574453450019053
2133,33.800000000000004,24.57445345001906
2134,33.800000000000004,24.57445345001906
2135,33.800000000000004,24.608888999386735
2136,33.800000000000004,24.659150050552768
2137,33.800000000000004,24.687912087912085
2138,33.800000000000004,24.860337349930106
2139,33.800000000000004,24.874453450019057
2140,33.800000000000004,24.931977524737704
2141,33.800000000000004,24.94938093580626
2142,33.800000000000004,24.94938093580626
2143,33.800000000000004,24.94938093580626
2144,33.800000000000004,25.087912087912084
2145,33.800000000000004,25.328415626605672
2146,33.800000000000004,25.33197752473771
2147,33.800000000000004,25.349380935806266
2148,33.800000000000004,25.349380935806266
2149,33.800000000000004,25.349380935806266
2150,33.800000000000004,25.349380935806266
2151,34.300000000000004,25.349380935806266
2152,34.300000000000004,25.349380935806266
2153,34.300000000000004,25.38791208791208
2154,34.300000000000004,25.38791208791209
2155,34.300000000000004,25.43487809324913
2156,34.300000000000004,25.47445345001906
2157,34.300000000000004,25.47445345001906
2158,34.300000000000004,25.47445345001906
2159,34.300000000000004,25.47445345001906
2160,34.300000000000004,25.54938093580627
2161,34.300000000000004,25.54938093580627
2162,34.300000000000004,25.574453450019053
2163,34.300000000000004,25.574453450019053
2164,34.300000000000004,25.574453450019053
2165,34.300000000000004,25.578282200454144
2166,34.300000000000004,25.649380935806263
2167,34.300000000000004,25.649380935806263
2168,34.300000000000004,25.649380935806263
2169,34.300000000000004,25.649380935806263
2170,34.300000000000004,25.674453450019055
2171,34.300000000000004,25.687912087912093
2172,34.300000000000004,25.7319775247377
2173,34.300000000000004,25.749380935806272
2174,34.300000000000004,25.774453450019056
2175,34.300000000000004,25.83197752473771
2176,34.300000000000004,25.874453450019057
2177,34.300000000000004,25.874453450019057
2178,34.300000000000004,25.931977524737704
2179,34.300000000000004,25.974453450019052
2180,34.300000000000004,25.97445345001906
2181,34.300000000000004,26.005327101254704
2182,34.300000000000004,26.03487809324913
2183,34.300000000000004,26.03487809324913
2184,34.300000000000004,26.03487809324913
2185,34.300000000000004,26.049380935806255
2186,34.300000000000004,26.049380935806255
2187,34.300000000000004,26.049380935806255
2188,34.300000000000004,26.049380935806255
2189,34.300000000000004,26.04938093580627
2190,34.300000000000004,26.04938093580627
2191,34.300000000000004,26.04938093580627
2192,34.300000000000004,26.04938093580627
2193,34.300000000000004,26.074453450019053
2194,34.300000000000004,26.074453450019053
2195,34.300000000000004,26.074453450019053
2196,34.300000000000004,26.074453450019053
2197,34.300000000000004,26.087912087912084
2198,34.300000000000004,26.11680175028591
2199,34.300000000000004,26.131977524737707
2200,34.300000000000004,26.131977524737707
2201,34.300000000000004,26.188967894850244
2202,34.300000000000004,26.208888999386737
2203,34.300000000000004,26.234878093249133
2204,34.300000000000004,26.274453450019056
2205,34.300000000000004,26.274453450019056
2206,34.300000000000004,26.274453450019056
2207,34.300000000000004,26.37445345001905
2208,34.300000000000004,26.37445345001905
2209,34.300000000000004,26.37445345001905
2210,34.300000000000004,26.47445345001906
2211,34.300000000000004,26.47445345001906
2212,34.300000000000004,26.47445345001906
2213,34.300000000000004,26.48791208791209
2214,34.300000000000004,26.531977524737705
2215,34.300000000000004,26.531977524737712
2216,34.300000000000004,26.549125685777273
2217,34.300000000000004,26.731977524737708
2218,34.300000000000004,26.778282200454147
2219,34.300000000000004,26.831977524737702
2220,34.300000000000004,26.874453450019057
2221,34.300000000000004,26.88791208791209
2222,34.300000000000004,26.931977524737704
2223,34.300000000000004,26.93487809324913
2224,34.300000000000004,26.960337349930107
2225,34.300000000000004,26.97445345001906
2226,34.300000000000004,26.97445345001906
2227,34.300000000000004,26.97445345001906
2228,34.300000000000004,26.97445345001906
2229,34.300000000000004,26.97445345001906
2230,34.300000000000004,26.97445345001906
2231,34.300000000000004,27.031977524737705
2232,34.300000000000004,27.031977524737705
2233,34.300000000000004,27.034878093249137
2234,34.300000000000004,27.03593390018729
2235,34.300000000000004,27.087912087912084
2236,34.300000000000004,27.087912087912084
2237,34.300000000000004,27.146491969568892
2238,34.300000000000004,27.166540699119885
2239,34.300000000000004,27.178282200454145
2240,34.300000000000004,27.208888999386737
2241,34.300000000000004,27.208888999386737
2242,34.300000000000004,27.208888999386737
2243,34.300000000000004,27.246491969568893
2244,34.300000000000004,27.334878093249134
2245,34.300000000000004,27.334878093249134
2246,34.300000000000004,27.349380935806266
2247,34.300000000000004,27.349380935806266
2248,34.300000000000004,27.349380935806266
2249,34.300000000000004,27.349380935806266
2250,34.300000000000004,27.349380935806266
2251,34.300000000000004,27.349380935806266
2252,34.300000000000004,27.349380935806266
2253,34.300000000000004,27.349380935806266
2254,34.300000000000004,27.349380935806266
2255,34.300000000000004,27.349380935806266
2256,34.300000000000004,27.431977524737704
2257,34.300000000000004,27.505327101254704
2258,34.300000000000004,27.674453450019055
2259,34.300000000000004,27.674453450019055
2260,34.300000000000004,27.7319775247377
2261,34.300000000000004,27.731977524737708
2262,34.300000000000004,27.734878093249133
2263,34.300000000000004,27.749380935806272
2264,34.300000000000004,27.749380935806272
2265,34.300000000000004,27.749380935806272
2266,34.300000000000004,27.749380935806272
2267,34.300000000000004,27.749380935806272
2268,34.300000000000004,27.749380935806272
2269,34.300000000000004,27.759150050552762
2270,34.300000000000004,27.849380935806266
2271,34.300000000000004,27.849380935806266
2272,34.300000000000004,27.849380935806266
2273,34.300000000000004,27.849380935806266
2274,34.300000000000004,27.874453450019057
2275,34.300000000000004,27.931977524737704
2276,34.300000000000004,27.97445345001906
2277,34.300000000000004,28.031977524737705
2278,34.300000000000004,28.06258432367029
2279,34.300000000000004,28.077098768501486
2280,34.300000000000004,28.17709876850148
2281,34.300000000000004,28.187912087912085
2282,34.300000000000004,28.20888899938673
2283,34.300000000000004,28.231977524737708
2284,34.300000000000004,28.274453450019056
2285,34.300000000000004,28.274453450019056
2286,34.300000000000004,28.274453450019056
2287,34.300000000000004,28.334878093249134
2288,34.300000000000004,28.420761993160177
2289,34.300000000000004,28.43487809324913
2290,34.300000000000004,28.435933900187287
2291,34.300000000000004,28.474453450019052
2292,34.300000000000004,28.53487809324913
2293,34.300000000000004,28.54938093580627
2294,34.300000000000004,28.54938093580627
2295,34.300000000000004,28.54938093580627
2296,34.300000000000004,28.574453450019053
2297,34.300000000000004,28.631977524737707
2298,37.9,28.646491969568892
2299,37.9,28.649380935806263
2300,37.9,28.649380935806263
2301,37.9,28.649380935806263
2302,37.9,28.674453450019055
2303,37.9,28.83197752473771
2304,37.9,28.83197752473771
2305,37.9,28.849380935806266
2306,37.9,28.849380935806266
2307,37.9,28.849380935806266
2308,37.9,28.849380935806266
2309,37.9,28.849380935806266
2310,37.9,28.87445345001905
2311,37.9,28.87445345001905
2312,37.9,28.908888999386733
2313,37.9,28.931977524737704
2314,37.9,28.931977524737704
2315,37.9,28.94938093580626
2316,37.9,28.94938093580626
2317,37.9,28.94938093580626
2318,37.9,28.94938093580626
2319,37.9,28.94938093580626
2320,37.9,28.94938093580626
2321,37.9,29.03593390018729
2322,37.9,29.04938093580627
2323,37.9,29.074453450019053
2324,37.9,29.074453450019053
2325,37.9,29.074453450019053
2326,37.9,29.074453450019053
2327,37.9,29.074453450019053
2328,37.9,29.17445345001906
2329,37.9,29.17445345001906
2330,37.9,29.30888899938674
2331,37.9,29.431977524737704
2332,37.9,29.44938093580626
2333,37.9,29.44938093580626
2334,37.9,29.44938093580626
2335,37.9,29.44938093580626
2336,37.9,29.44938093580626
2337,37.9,29.44938093580626
2338,37.9,29.44938093580626
2339,37.9,29.44938093580626
2340,37.9,29.44938093580626
2341,37.9,29.44938093580626
2342,37.9,29.44938093580626
2343,37.9,29.48791208791209
2344,37.9,29.53487809324913
2345,37.9,29.574453450019053
2346,37.9,29.574453450019053
2347,37.9,29.574453450019053
2348,37.9,29.7319775247377
2349,37.9,29.749380935806272
2350,37.9,29.749380935806272
2351,37.9,29.749380935806272
2352,37.9,29.749380935806272
2353,37.9,29.749380935806272
2354,37.9,29.749380935806272
2355,37.9,29.749380935806272
2356,37.9,29.749380935806272
2357,37.9,29.749380935806272
2358,37.9,29.80888899938674
2359,37.9,29.835933900187293
2360,37.9,29.97445345001906
2361,37.9,29.97445345001906
2362,37.9,29.97445345001906
2363,37.9,29.97445345001906
2364,37.9,30.074453450019053
2365,37.9,30.149380935806263
2366,37.9,30.149380935806263
2367,37.9,30.149380935806263
2368,37.9,30.187912087912093
2369,37.9,30.24912568577727
2370,37.9,30.249380935806272
2371,37.9,30.274453450019056
2372,37.9,30.274453450019056
2373,37.9,30.30888899938673
2374,37.9,30.346491969568888
2375,37.9,30.349380935806266
2376,37.9,30.349380935806266
2377,37.9,30.349380935806266
2378,37.9,30.349380935806266
2379,37.9,30.349380935806266
2380,37.9,30.349380935806266
2381,37.9,30.349380935806266
2382,37.9,30.349380935806266
2383,37.9,30.349380935806266
2384,37.9,30.349380935806266
2385,37.9,30.349380935806266
2386,37.9,30.391729236073118
2387,37.9,30.460867187111525
2388,37.9,30.731977524737708
2389,37.9,30.749380935806272
2390,37.9,30.749380935806272
2391,37.9,30.749380935806272
2392,37.9,30.749380935806272
2393,43.300000000000004,30.749380935806272
2394,43.300000000000004,30.749380935806272
2395,43.300000000000004,30.749380935806272
2396,43.300000000000004,30.749380935806272
2397,43.300000000000004,30.749380935806272
2398,43.300000000000004,30.749380935806272
2399,43.300000000000004,30.749380935806272
2400,43.300000000000004,30.749380935806272
2401,43.300000000000004,30.749380935806272
2402,43.300000000000004,30.749380935806272
2403,43.300000000000004,30.749380935806272
2404,43.300000000000004,30.749380935806272
2405,43.300000000000004,30.749380935806272
2406,43.300000000000004,30.760337349930104
2407,43.300000000000004,30.774453450019056
2408,43.300000000000004,30.97445345001906
2409,43.300000000000004,30.97445345001906
2410,43.300000000000004,30.97445345001906
2411,43.300000000000004,30.97445345001906
2412,43.300000000000004,30.97445345001906
2413,43.300000000000004,30.97445345001906
2414,43.300000000000004,31.031977524737705
2415,43.300000000000004,31.034878093249137
2416,43.300000000000004,31.049380935806255
2417,43.300000000000004,31.049380935806255
2418,43.300000000000004,31.049380935806255
2419,43.300000000000004,31.049380935806255
2420,43.300000000000004,31.049380935806255
2421,43.300000000000004,31.074453450019053
2422,43.300000000000004,31.074453450019053
2423,43.300000000000004,31.074453450019053
2424,43.300000000000004,31.17445345001906
2425,43.300000000000004,31.17445345001906
2426,43.300000000000004,31.231977524737708
2427,43.300000000000004,31.249380935806272
2428,43.300000000000004,31.249380935806272
2429,43.300000000000004,31.249380935806272
2430,43.300000000000004,31.249380935806272
2431,43.300000000000004,31.249380935806272
2432,43.300000000000004,31.249380935806272
2433,43.300000000000004,31.249380935806272
2434,43.300000000000004,31.249380935806272
2435,43.300000000000004,31.249380935806272
2436,43.300000000000004,31.249380935806272
2437,43.300000000000004,31.349380935806266
2438,43.300000000000004,31.349380935806266
2439,43.300000000000004,31.349380935806266
2440,43.300000000000004,31.431977524737704
2441,43.300000000000004,31.431977524737704
2442,43.300000000000004,31.431977524737704
2443,43.300000000000004,31.43487809324913
2444,43.300000000000004,31.44938093580626
2445,43.300000000000004,31.44938093580626
2446,43.300000000000004,31.44938093580626
2447,43.300000000000004,31.44938093580626
2448,43.300000000000004,31.44938093580626
2449,43.300000000000004,31.44938093580626
2450,43.300000000000004,31.47445345001906
2451,43.300000000000004,31.47445345001906
2452,43.300000000000004,31.47445345001906
2453,43.300000000000004,31.47445345001906
2454,43.300000000000004,31.47828220045415
2455,43.300000000000004,31.48791208791209
2456,43.300000000000004,31.531977524737705
2457,43.300000000000004,31.531977524737712
2458,43.300000000000004,31.587912087912084
2459,43.300000000000004,31.587912087912084
2460,43.300000000000004,31.67445345001906
2461,43.300000000000004,31.67445345001906
2462,43.300000000000004,31.67445345001906
2463,43.300000000000004,31.687912087912085
2464,43.300000000000004,31.874453450019057
2465,43.300000000000004,31.98791208791209
2466,43.300000000000004,31.98791208791209
2467,43.300000000000004,32.03197752473771
2468,43.300000000000004,32.03593390018729
2469,43.300000000000004,32.14649196956889
2470,43.300000000000004,32.27445345001905
2471,43.300000000000004,32.33487809324913
2472,43.300000000000004,32.346491969568895
2473,43.300000000000004,32.349380935806266
2474,43.300000000000004,32.37445345001905
2475,43.300000000000004,32.37445345001905
2476,43.300000000000004,32.37445345001906
2477,43.300000000000004,32.37445345001906
2478,43.300000000000004,32.40888899938674
2479,43.300000000000004,32.48791208791209
2480,43.300000000000004,32.528415626605664
2481,43.300000000000004,32.53593390018729
2482,43.300000000000004,32.53593390018729
2483,46.1,32.535933900187295
2484,46.1,32.674453450019044
2485,46.1,32.67445345001906
2486,46.1,32.73197752473771
2487,46.1,32.74649196956889
2488,46.1,32.74938093580627
2489,46.1,32.74938093580627
2490,46.1,32.805593953557754
2491,46.1,32.83593390018729
2492,46.1,32.849380935806266
2493,46.1,32.849380935806266
2494,46.1,32.849380935806266
2495,46.1,32.849380935806266
2496,46.1,32.849380935806266
2497,46.1,32.849380935806266
2498,46.1,32.849380935806266
2499,46.1,32.849380935806266
2500,46.1,32.849380935806266
2501,46.1,32.849380935806266
2502,46.1,32.849380935806266
2503,46.1,32.849380935806266
2504,46.1,32.888967894850246
2505,46.1,32.92076199316018
2506,46.1,32.931977524737704
2507,46.1,32.931977524737704
2508,46.1,32.934878093249125
2509,46.1,32.934878093249125
2510,46.1,32.977098768501484
2511,46.1,32.98791208791209
2512,46.1,32.98791208791209
2513,46.1,32.98791208791209
2514,46.1,32.98791208791209
2515,46.1,33.23487809324912
2516,46.1,33.27445345001905
2517,46.1,33.27445345001905
2518,46.1,33.30888899938674
2519,46.1,33.30888899938674
2520,46.1,33.33197752473771
2521,46.1,33.33487809324913
2522,46.1,33.40888899938673
2523,46.1,33.478282200454146
2524,46.1,33.48303139796353
2525,46.1,33.574453450019064
2526,46.1,33.608888999386735
2527,46.1,33.67445345001906
2528,46.1,33.67445345001906
2529,46.1,33.67445345001906
2530,46.1,33.67445345001906
2531,46.1,33.73487809324914
2532,46.1,33.82076199316018
2533,46.1,33.83197752473771
2534,46.1,33.83197752473771
2535,46.1,33.83487809324913
2536,46.1,33.83487809324913
2537,46.1,33.849380935806266
2538,46.1,33.849380935806266
2539,46.1,33.849380935806266
2540,46.1,33.849380935806266
2541,46.1,33.849380935806266
2542,46.1,33.887912087912085
2543,46.1,34.031977524737705
2544,46.1,34.031977524737705
2545,46.1,34.27445345001905
2546,46.1,34.27445345001905
2547,46.1,34.27445345001905
2548,46.1,34.30888899938674
2549,46.1,34.3319775247377
2550,46.1,34.474453450019055
2551,46.1,34.474453450019055
2552,46.1,34.474453450019055
2553,46.1,34.531977524737705
2554,46.1,34.531977524737705
2555,46.1,34.53197752473771
2556,46.1,34.54649196956889
2557,46.1,34.58791208791209
2558,46.1,34.58791208791209
2559,46.1,34.74938093580627
2560,46.1,34.74938093580627
2561,46.1,34.74938093580627
2562,46.1,34.74938093580627
2563,46.1,34.74938093580627
2564,46.1,34.74938093580627
2565,46.1,34.74938093580627
2566,46.1,34.74938093580627
2567,46.1,34.77445345001905
2568,46.1,34.77445345001905
2569,46.1,34.85915005055276
2570,46.1,35.034878093249134
2571,46.1,35.04938093580627
2572,46.1,35.04938093580627
2573,46.1,35.04938093580627
2574,46.1,35.04938093580627
2575,46.1,35.04938093580627
2576,46.1,35.04938093580627
2577,46.1,35.04938093580627
2578,46.1,35.04938093580627
2579,46.1,35.13197752473771
2580,46.1,35.17445345001906
2581,46.1,35.17445345001906
2582,46.1,35.27445345001905
2583,46.1,35.30888899938674
2584,46.1,35.346491969568895
2585,46.1,35.349380935806266
2586,46.1,35.349380935806266
2587,46.1,35.349380935806266
2588,46.1,35.349380935806266
2589,46.1,35.349380935806266
2590,46.1,35.474453450019055
2591,46.1,35.534878093249134
2592,46.1,35.54938093580627
2593,46.1,35.54938093580627
2594,46.1,35.54938093580627
2595,46.1,35.54938093580627
2596,46.1,35.54938093580627
2597,46.1,35.54938093580627
2598,46.1,35.54938093580627
2599,46.1,35.54938093580627
2600,46.1,35.54938093580627
2601,46.1,35.57445345001905
2602,46.1,35.57445345001905
2603,46.1,35.67445345001906
2604,46.1,35.70888899938674
2605,46.1,35.70888899938674
2606,46.1,35.73487809324912
2607,46.1,35.73487809324912
2608,46.1,35.74938093580627
2609,46.1,35.74938093580627
2610,46.1,35.74938093580627
2611,46.1,35.74938093580627
2612,46.1,35.74938093580627
2613,46.1,35.74938093580627
2614,46.1,35.74938093580627
2615,46.1,35.74938093580627
2616,46.1,35.74938093580627
2617,46.1,35.74938093580627
2618,46.1,35.74938093580627
2619,46.1,35.74938093580627
2620,46.1,35.74938093580627
2621,46.1,35.74938093580627
2622,46.1,35.74938093580627
2623,46.1,35.74938093580627
2624,46.1,35.887912087912085
2625,46.1,35.931977524737704
2626,46.1,36.00888899938674
2627,46.1,36.04490245802462
2628,46.1,36.074453450019064
2629,46.1,36.074453450019064
2630,46.1,36.074453450019064
2631,46.1,36.14938093580626
2632,46.1,36.14938093580626
2633,46.1,36.14938093580626
2634,46.1,36.14938093580626
2635,46.1,36.14938093580626
2636,46.1,36.14938093580626
2637,46.1,36.14938093580626
2638,46.1,36.14938093580626
2639,46.1,36.14938093580626
2640,46.1,36.14938093580626
2641,46.1,36.14938093580626
2642,46.1,36.14938093580626
2643,46.1,36.14938093580626
2644,46.1,36.14938093580626
2645,46.1,36.24649196956889
2646,46.1,36.24938093580627
2647,46.1,36.24938093580627
2648,46.1,36.24938093580627
2649,46.1,36.24938093580627
2650,46.1,36.24938093580627
2651,46.1,36.24938093580627
2652,46.1,36.24938093580627
2653,46.1,36.24938093580627
2654,47.5,36.24938093580627
2655,47.5,36.24938093580627
2656,47.5,36.24938093580627
2657,47.5,36.24938093580627
2658,47.5,36.24938093580627
2659,47.5,36.24938093580627
2660,47.5,36.24938093580627
2661,47.5,36.27445345001905
2662,47.5,36.28791208791209
2663,47.5,36.28791208791209
2664,47.5,36.53197752473771
2665,47.5,36.53197752473771
2666,47.5,36.64938093580626
2667,47.5,36.64938093580626
2668,47.5,36.64938093580626
2669,47.5,36.64938093580626
2670,47.5,36.64938093580626
2671,47.5,36.64938093580626
2672,47.5,36.98791208791209
2673,47.5,37.074453450019064
2674,47.5,37.074453450019064
2675,47.5,37.074453450019064
2676,47.5,37.13487809324913
2677,47.5,37.27445345001905
2678,47.5,37.33197752473771
2679,47.5,37.33197752473771
2680,47.5,37.431977524737704
2681,47.5,37.48791208791209
2682,47.5,37.48791208791209
2683,47.5,37.48791208791209
2684,47.5,37.531977524737705
2685,47.5,37.53593390018729
2686,47.5,37.54938093580627
2687,47.5,37.54938093580627
2688,47.5,37.54938093580627
2689,47.5,37.54938093580627
2690,47.5,37.54938093580627
2691,47.5,37.54938093580627
2692,47.5,37.54938093580627
2693,47.5,37.54938093580627
2694,47.5,37.54938093580627
2695,47.5,37.574453450019064
2696,47.5,37.574453450019064
2697,47.5,37.67445345001906
2698,47.5,37.849380935806266
2699,47.5,37.849380935806266
2700,47.5,37.849380935806266
2701,47.5,37.849380935806266
2702,47.5,37.849380935806266
2703,47.5,37.849380935806266
2704,47.5,37.849380935806266
2705,47.5,37.849380935806266
2706,47.5,37.887912087912085
2707,47.5,37.934878093249125
2708,47.5,38.03593390018729
2709,47.5,38.07445345001905
2710,47.5,38.074453450019064
2711,47.5,38.074453450019064
2712,47.5,38.14938093580626
2713,47.5,38.14938093580626
2714,47.5,38.14938093580626
2715,47.5,38.24938093580627
2716,47.5,38.24938093580627
2717,47.5,38.24938093580627
2718,47.5,38.24938093580627
2719,47.5,38.24938093580627
2720,47.5,38.24938093580627
2721,47.5,38.24938093580627
2722,47.5,38.24938093580627
2723,47.5,38.27445345001905
2724,47.5,38.33197752473771
2725,47.5,38.33197752473771
2726,47.5,38.33487809324913
2727,47.5,38.33487809324913
2728,47.5,38.387912087912085
2729,47.5,38.534878093249134
2730,47.5,38.67445345001906
2731,47.5,38.67445345001906
2732,47.5,38.73487809324914
2733,47.5,38.73487809324914
2734,47.5,38.77445345001905
2735,47.5,38.77445345001905
2736,47.5,38.77445345001905
2737,47.5,38.77445345001905
2738,47.5,38.77445345001905
2739,47.5,38.78896789485025
2740,47.5,38.80888899938674
2741,47.5,38.83197752473771
2742,47.5,38.83197752473771
2743,47.5,38.83197752473771
2744,47.5,38.87445345001905
2745,47.5,38.87445345001905
2746,47.5,38.87445345001905
2747,47.5,39.074453450019064
2748,47.5,39.30888899938674
2749,47.5,39.531977524737705
2750,47.5,39.534878093249134
2751,47.5,39.6359339001873
2752,47.5,39.83197752473771
2753,47.5,39.87445345001906
2754,47.5,39.87445345001906
2755,47.5,39.94938093580626
2756,47.5,39.94938093580626
2757,47.5,40.03197752473771
2758,47.5,40.13197752473771
2759,47.5,40.28791208791209
2760,47.5,40.349380935806266
2761,47.5,40.349380935806266
2762,47.5,40.349380935806266
2763,47.5,40.349380935806266
2764,47.5,40.349380935806266
2765,47.5,40.349380935806266
2766,47.5,40.39172923607312
2767,47.5,40.50888899938673
2768,47.5,40.534878093249134
2769,47.5,40.61604760247292
2770,47.5,40.67445345001906
2771,47.5,40.67445345001906
2772,47.5,40.67445345001906
2773,47.5,40.78791208791209
2774,47.5,40.891868463361675
2775,47.5,40.931977524737704
2776,47.5,40.974453450019055
2777,47.5,40.974453450019055
2778,47.5,41.04938093580627
2779,47.5,41.04938093580627
2780,47.5,41.04938093580627
2781,47.5,41.04938093580627
2782,47.5,41.04938093580627
2783,47.5,41.04938093580627
2784,47.5,41.04938093580627
2785,47.5,41.04938093580627
2786,47.5,41.04938093580627
2787,47.5,41.04938093580627
2788,47.5,41.28791208791209
2789,47.5,41.37445345001906
2790,47.5,41.50888899938674
2791,47.5,41.62181780009834
2792,47.5,41.63487809324913
2793,47.5,41.6359339001873
2794,47.5,41.94938093580626
2795,47.5,41.94938093580626
2796,47.5,41.94938093580626
2797,47.5,41.94938093580626
2798,47.5,41.94938093580626
2799,47.5,41.94938093580626
2800,47.5,41.94938093580626
2801,47.5,41.94938093580626
2802,47.5,41.94938093580626
2803,47.5,41.94938093580626
2804,47.5,41.94938093580626
2805,47.5,41.94938093580626
2806,47.5,41.94938093580626
2807,47.5,41.949380935806275
2808,47.5,42.034878093249134
2809,47.5,42.07445345001905
2810,47.5,42.07445345001905
2811,47.5,42.07445345001905
2812,47.5,42.08791208791209
2813,47.5,42.14938093580626
2814,47.5,42.14938093580626
2815,47.5,42.14938093580626
2816,47.5,42.14938093580626
2817,47.5,42.14938093580626
2818,47.5,42.14938093580626
2819,47.5,42.14938093580626
2820,47.5,42.14938093580626
2821,47.5,42.27445345001905
2822,47.5,42.27445345001905
2823,47.5,42.54938093580627
2824,47.5,42.54938093580627
2825,47.5,42.54938093580627
2826,47.5,42.57445345001905
2827,47.5,42.57445345001905
2828,47.5,42.57445345001905
2829,47.5,42.8319775247377
2830,47.5,42.8319775247377
2831,47.5,42.83197752473771
2832,47.5,42.849380935806266
2833,47.5,42.849380935806266
2834,47.5,42.849380935806266
2835,47.5,42.849380935806266
2836,47.5,42.849380935806266
2837,47.5,42.849380935806266
2838,47.5,42.849380935806266
2839,47.5,42.849380935806266
2840,47.5,42.849380935806266
2841,47.5,42.849380935806266
2842,47.5,42.92841562660567
2843,47.5,42.931977524737704
2844,47.5,42.94938093580626
2845,47.5,42.94938093580626
2846,47.5,42.94938093580626
2847,47.5,42.94938093580626
2848,47.5,42.94938093580626
2849,47.5,42.94938093580626
2850,47.5,42.94938093580626
2851,47.5,42.94938093580626
2852,47.5,42.94938093580626
2853,47.5,42.94938093580626
2854,47.5,42.94938093580626
2855,47.5,42.94938093580626
2856,47.5,42.94938093580626
2857,47.5,42.94938093580626
2858,47.5,42.94938093580626
2859,47.5,42.94938093580626
2860,47.5,42.94938093580626
2861,47.5,42.94938093580626
2862,47.5,42.94938093580626
2863,47.5,42.94938093580626
2864,47.5,42.94938093580626
2865,47.5,42.94938093580626
2866,47.5,42.94938093580626
2867,47.5,43.28791208791209
2868,47.5,43.28791208791209
2869,47.5,43.44938093580626
2870,47.5,43.44938093580626
2871,47.5,43.44938093580626
2872,47.5,43.44938093580626
2873,47.5,43.44938093580626
2874,47.5,43.44938093580626
2875,47.5,43.44938093580626
2876,47.5,43.44938093580626
2877,47.5,43.44938093580626
2878,47.5,43.44938093580626
2879,47.5,43.44938093580626
2880,47.5,43.44938093580626
2881,47.5,43.44938093580626
2882,47.5,43.44938093580626
2883,47.5,43.44938093580626
2884,47.5,43.44938093580626
2885,47.5,43.44938093580626
2886,47.5,43.44938093580626
2887,47.5,43.44938093580626
2888,47.5,43.44938093580626
2889,47.5,43.44938093580626
2890,47.5,43.44938093580626
2891,47.5,43.474453450019055
2892,47.5,43.474453450019055
2893,47.5,43.474453450019055
2894,47.5,43.53593390018729
2895,47.5,43.67445345001906
2896,47.5,43.68791208791208
2897,47.5,43.73197752473771
2898,47.5,43.90888899938674
2899,47.5,44.174453450019044
2900,47.5,44.28791208791209
2901,47.5,44.68303139796353
2902,47.5,44.68791208791208
2903,47.5,44.74938093580627
2904,47.5,44.74938093580627
2905,47.5,44.78791208791209
2906,47.5,44.887912087912085
2907,47.5,44.93487809324914
2908,47.5,45.14938093580626
2909,47.5,45.14938093580626
2910,47.5,45.14938093580626
2911,47.5,45.14938093580626
2912,47.5,45.14938093580626
2913,47.5,45.14938093580626
2914,47.5,45.14938093580626
2915,47.5,45.14938093580626
2916,47.5,45.14938093580626
2917,47.5,45.21667412527141
2918,47.5,45.73487809324912
2919,47.5,45.80506024895165
2920,47.5,45.87445345001906
2921,47.5,45.87445345001906
2922,47.5,45.87445345001906
2923,47.5,45.87445345001906
2924,47.5,45.87445345001906
2925,47.5,45.974453450019055
2926,47.5,45.974453450019055
2927,47.5,45.974453450019055
2928,47.5,45.974453450019055
2929,47.5,46.03593390018729
2930,47.5,46.13197752473771
2931,47.5,46.14938093580626
2932,47.5,46.216047602472926
2933,47.5,46.33197752473771
2934,47.5,46.608888999386735
2935,47.5,46.608888999386735
2936,47.5,46.63197752473771
2937,47.5,46.67445345001906
2938,47.5,46.94938093580626
2939,47.5,46.94938093580626
2940,47.5,46.94938093580626
2941,47.5,46.94938093580626
2942,47.5,46.94938093580626
2943,47.5,46.974453450019055
2944,47.5,46.974453450019055
2945,47.5,47.0603373499301
2946,47.5,47.13197752473771
2947,47.5,47.33197752473771
2948,47.5,47.349380935806266
2949,47.5,47.349380935806266
2950,47.5,47.349380935806266
2951,47.5,47.349380935806266
2952,47.5,47.349380935806266
2953,47.5,47.349380935806266
2954,47.5,47.349380935806266
2955,47.5,47.349380935806266
2956,47.5,47.349380935806266
2957,47.5,47.349380935806266
2958,47.5,47.349380935806266
2959,47.5,47.41604760247293
2960,47.5,47.41604760247293
2961,47.5,47.431977524737704
2962,47.5,47.44649196956889
2963,47.5,47.44938093580626
2964,47.5,47.44938093580626
2965,47.5,47.44938093580626
2966,47.5,47.5
2967,47.5,47.5
2968,47.5,47.5
2969,47.5,47.5
2970,47.5,47.5
2971,47.5,47.5
2972,47.5,47.5
2973,47.5,47.5
2974,47.5,47.5
2975,47.5,47.5
2976,47.5,47.5
2977,47.5,47.5
2978,47.5,47.5
2979,47.5,47.5
2980,47.5,47.5
2981,47.5,47.5
2982,47.5,47.5
2983,47.5,47.5
2984,47.5,47.5
2985,47.5,47.5
2986,47.5,47.5
2987,47.5,47.5
2988,47.5,47.5
2989,47.5,47.5
2990,47.5,47.5
2991,47.5,47.5
2992,47.5,47.5
2993,47.5,47.5
2994,47.5,47.5
2995,47.5,47.5
2996,47.5,47.5
2997,47.5,47.5
2998,47.5,47.5
2999,47.5,47.5
3000,47.5,47.5
3001,47.5,47.5
3002,47.5,47.5
3003,47.5,47.5
3004,47.5,47.5
3005,47.5,47.5
3006,47.5,47.5
3007,47.5,47.5
3008,47.5,47.5
3009,47.5,47.5
3010,47.5,47.5
3011,47.5,47.5
3012,47.5,47.5
3013,47.5,47.5
3014,47.5,47.5
3015,47.5,47.5
3016,47.5,47.5
3017,47.5,47.5
3018,47.5,47.5
3019,47.5,47.5
3020,47.5,47.5
3021,47.5,47.5
3022,47.5,47.5
3023,47.5,47.5
3024,47.5,47.5
3025,47.5,47.5
3026,47.5,47.5
3027,47.5,47.5
3028,47.5,47.5
3029,47.5,47.5
3030,47.5,47.5
3031,47.5,47.5
3032,47.5,47.5
3033,47.5,47.5
3034,47.5,47.5
3035,47.5,47.5
3036,47.5,47.5
3037,47.5,47.5
3038,47.5,47.5
3039,47.5,47.5
3040,47.5,47.5
3041,47.5,47.5
3042,47.5,47.5
3043,47.5,47.5
3044,47.5,47.5
3045,47.5,47.5
3046,47.5,47.5
3047,47.5,47.5
3048,47.5,47.5
3049,47.5,47.5
3050,47.5,47.5
3051,47.5,47.5
3052,47.5,47.5
3053,47.5,47.5
3054,47.5,47.5
3055,47.5,47.5
3056,47.5,47.5
3057,47.5,47.5
3058,47.5,47.5
3059,47.5,47.5
3060,47.5,47.5
3061,47.5,47.5
3062,47.5,47.5
3063,47.5,47.5
3064,47.5,47.5
3065,47.5,47.5
3066,47.5,47.5
3067,47.5,47.5
3068,47.5,47.5
3069,47.5,47.5
3070,47.5,47.5
3071,47.5,47.5
3072,47.5,47.5
3073,47.5,47.5
3074,47.5,47.5
3075,47.5,47.5
3076,47.5,47.5
3077,47.5,47.5
3078,47.5,47.5
3079,47.5,47.5
3080,47.5,47.5
3081,47.5,47.5
3082,47.5,47.5
3083,47.5,47.5
3084,47.5,47.5
3085,47.5,47.5
3086,47.5,47.5
3087,47.5,47.5
3088,47.5,47.5
3089,47.5,47.5
3090,47.5,47.5
3091,47.5,47.5
3092,47.5,47.5
3093,47.5,47.5
3094,47.5,47.5
3095,47.5,47.5
3096,47.5,47.5
3097,47.5,47.5
3098,47.5,47.5
3099,47.5,47.5
3100,47.5,47.5
3101,47.5,47.5
3102,47.5,47.5
3103,47.5,47.5
3104,47.5,47.5
3105,47.5,47.5
3106,47.5,47.5
3107,47.5,47.5
3108,47.5,47.5
3109,47.5,47.5
3110,47.5,47.5
3111,47.5,47.5
3112,47.5,47.5
3113,47.5,47.5
3114,47.5,47.5
3115,47.5,47.5
3116,47.5,47.5
3117,47.5,47.5
3118,47.5,47.5
3119,47.5,47.5
3120,47.5,47.5
3121,47.5,47.5
3122,47.5,47.5
3123,47.5,47.5
3124,47.5,47.5
3125,47.5,47.5
3126,47.5,47.5
3127,47.5,47.5
3128,47.5,47.5
3129,47.5,47.5
3130,47.5,47.5
3131,47.5,47.5
3132,47.5,47.5
3133,47.5,47.5
3134,47.5,47.5
3135,47.5,47.5
3136,47.5,47.5
3137,47.5,47.5
3138,47.5,47.5
3139,47.5,47.5
3140,47.5,47.5
3141,47.5,47.5
3142,47.5,47.5
3143,47.5,47.5
3144,47.5,47.5
3145,47.5,47.5
3146,47.5,47.5
3147,47.5,47.5
3148,47.5,47.5
3149,47.5,47.5
3150,47.5,47.5
3151,47.5,47.5
3152,47.5,47.5
3153,47.5,47.5
3154,47.5,47.5
3155,47.5,47.5
3156,47.5,47.5
3157,47.5,47.5
3158,47.5,47.5
3159,47.5,47.5
3160,47.5,47.5
3161,47.5,47.5
3162,47.5,47.5
3163,47.5,47.5
3164,47.5,47.5
3165,47.5,47.5
3166,47.5,47.5
3167,47.5,47.5
3168,47.5,47.5
3169,47.5,47.5
3170,47.5,47.5
3171,47.5,47.5
3172,47.5,47.5
3173,47.5,47.5
3174,47.5,47.5
3175,47.5,47.5
3176,47.5,47.5
3177,47.5,47.5
3178,47.5,47.5
3179,47.5,47.5
3180,47.5,47.5
3181,47.5,47.5
3182,47.5,47.5
3183,47.5,47.5
3184,47.5,47.5
3185,47.5,47.5
3186,47.5,47.5
3187,47.5,47.5
3188,47.5,47.5
3189,47.5,47.5
3190,47.5,47.5
3191,47.5,47.5
3192,47.5,47.5
3193,47.5,47.5
3194,47.5,47.5
3195,47.5,47.5
3196,47.5,47.5
3197,47.5,47.5
3198,47.5,47.5
3199,47.5,47.5
3200,47.5,47.5
3201,47.5,47.5
3202,47.5,47.5
3203,47.5,47.5
3204,47.5,47.5
3205,47.5,47.5
3206,47.5,47.5
3207,47.5,47.5
3208,47.5,47.5
3209,47.5,47.5
3210,47.5,47.5
3211,47.5,47.5
3212,47.5,47.5
3213,47.5,47.5
3214,47.5,47.5
3215,47.5,47.5
3216,47.5,47.5
3217,47.5,47.5
3218,47.5,47.5
3219,47.5,47.5
3220,47.5,47.5
3221,47.5,47.5
3222,47.5,47.5
3223,47.5,47.5
3224,47.5,47.5
3225,47.5,47.5
3226,47.5,47.5
3227,47.5,47.5
3228,47.5,47.5
3229,47.5,47.5
3230,47.5,47.5
3231,47.5,47.5
3232,47.5,47.5
3233,47.5,47.5
3234,47.5,47.5
3235,47.5,47.5
3236,47.5,47.5
3237,47.5,47.5
3238,47.5,47.5
3239,47.5,47.5
3240,47.5,47.5
3241,47.5,47.5
3242,47.5,47.5
3243,47.5,47.5
3244,47.5,47.5
3245,47.5,47.5
3246,47.5,47.5
3247,47.5,47.5
3248,47.5,47.5
3249,47.5,47.5
3250,47.5,47.5
3251,47.5,47.5
3252,47.5,47.5
3253,47.5,47.5
3254,47.5,47.5
3255,47.5,47.5
3256,47.5,47.5
3257,47.5,47.5
3258,47.5,47.5
3259,47.5,47.5
3260,47.5,47.5
3261,47.5,47.5
3262,47.5,47.5
3263,47.5,47.5
3264,47.5,47.5
3265,47.5,47.5
3266,47.5,47.5
3267,47.5,47.5
3268,47.5,47.5
3269,47.5,47.5
3270,47.5,47.5
3271,47.5,47.5
3272,47.5,47.5
3273,47.5,47.5
3274,47.5,47.5
3275,47.5,47.5
3276,47.5,47.5
3277,47.5,47.5
3278,47.5,47.5
3279,47.5,47.5
3280,47.5,47.5
3281,47.5,47.5
3282,47.5,47.5
3283,47.5,47.5
3284,47.5,47.5
3285,47.5,47.5
3286,47.5,47.5
3287,47.5,47.5
3288,47.5,47.5
3289,47.5,47.5
3290,47.5,47.5
3291,47.5,47.5
3292,47.5,47.5
3293,47.5,47.5
3294,47.5,47.5
3295,47.5,47.5
3296,47.5,47.5
3297,47.5,47.5
3298,47.5,47.5
3299,47.5,47.5
3300,47.5,47.5
3301,47.5,47.5
3302,47.5,47.5
3303,47.5,47.5
3304,47.5,47.5
3305,47.5,47.5
3306,47.5,47.5
3307,47.5,47.5
3308,47.5,47.5
3309,47.5,47.5
3310,47.5,47.5
3311,47.5,47.5
3312,47.5,47.5
3313,47.5,47.5
3314,47.5,47.5
3315,47.5,47.5
3316,47.5,47.5
3317,47.5,47.5
3318,47.5,47.5
3319,47.5,47.5
3320,47.5,47.5
3321,47.5,47.5
3322,47.5,47.5
3323,47.5,47.5
3324,47.5,47.5
3325,47.5,47.5
3326,47.5,47.5
3327,47.5,47.5
3328,47.5,47.5
3329,47.5,47.5
3330,47.5,47.5
3331,47.5,47.5
3332,47.5,47.5
3333,47.5,47.5
3334,47.5,47.5
3335,47.5,47.5
3336,47.5,47.5
3337,47.5,47.5
3338,47.5,47.5
3339,47.5,47.5
3340,47.5,47.5
3341,47.5,47.5
3342,47.5,47.5
3343,47.5,47.5
3344,47.5,47.5
3345,47.5,47.5
3346,47.5,47.5
3347,47.5,47.5
3348,47.5,47.5
3349,47.5,47.5
3350,47.5,47.5
3351,47.5,47.5
3352,47.5,47.5
3353,47.5,47.5
3354,47.5,47.5
3355,47.5,47.5
3356,47.5,47.5
3357,47.5,47.5
3358,47.5,47.5
3359,47.5,47.5
3360,47.5,47.5
3361,47.5,47.5
3362,47.5,47.5
3363,47.5,47.5
3364,47.5,47.5
3365,47.5,47.5
3366,47.5,47.5
3367,47.5,47.5
3368,47.5,47.5
3369,47.5,47.5
3370,47.5,47.5
3371,47.5,47.5
3372,47.5,47.5
3373,47.5,47.5
3374,47.5,47.5
3375,47.5,47.5
3376,47.5,47.5
3377,47.5,47.5
3378,47.5,47.5
3379,47.5,47.5
3380,47.5,47.5
3381,47.5,47.5
3382,47.5,47.5
3383,47.5,47.5
3384,47.5,47.5
3385,47.5,47.5
3386,47.5,47.5
3387,47.5,47.5
3388,47.5,47.5
3389,47.5,47.5
3390,47.5,47.5
3391,47.5,47.5
3392,47.5,47.5
3393,47.5,47.5
3394,47.5,47.5
3395,47.5,47.5
3396,47.5,47.5
3397,47.5,47.5
3398,47.5,47.5
3399,47.5,47.5
3400,47.5,47.5
3401,47.5,47.5
3402,47.5,47.5
3403,47.5,47.5
3404,47.5,47.5
3405,47.5,47.5
3406,47.5,47.5
3407,47.5,47.5
3408,47.5,47.5
3409,47.5,47.5
3410,47.5,47.5
3411,47.5,47.5
3412,47.5,47.5
3413,47.5,47.5
3414,47.5,47.5
3415,47.5,47.5
3416,47.5,47.5
3417,47.5,47.5
3418,47.5,47.5
3419,47.5,47.5
3420,47.5,47.5
3421,47.5,47.5
3422,47.5,47.5
3423,47.5,47.5
3424,47.5,47.5
3425,47.5,47.5
3426,47.5,47.5
3427,47.5,47.5
3428,47.5,47.5
3429,47.5,47.5
3430,47.5,47.5
3431,47.5,47.5
3432,47.5,47.5
3433,47.5,47.5
3434,47.5,47.5
3435,47.5,47.5
3436,47.5,47.5
3437,47.5,47.5
3438,47.5,47.5
3439,47.5,47.5
3440,47.5,47.5
3441,47.5,47.5
3442,47.5,47.5
3443,47.5,47.5
3444,47.5,47.5
3445,47.5,47.5
3446,47.5,47.5
3447,47.5,47.5
3448,47.5,47.5
3449,47.5,47.5
3450,47.5,47.5
3451,47.5,47.5
3452,47.5,47.5
3453,47.5,47.5
3454,47.5,47.5
3455,47.5,47.5
3456,47.5,47.5
3457,47.5,47.5
3458,47.5,47.5
3459,47.5,47.5
3460,47.5,47.5
3461,47.5,47.5
3462,47.5,47.5
3463,47.5,47.5
3464,47.5,47.5
3465,47.5,47.5
3466,47.5,47.5
3467,47.5,47.5
3468,47.5,47.5
3469,47.5,47.5
3470,47.5,47.5
3471,47.5,47.5
3472,47.5,47.5
3473,47.5,47.5
3474,47.5,47.5
3475,47.5,47.5
3476,47.5,47.5
3477,47.5,47.5
3478,47.5,47.5
3479,47.5,47.5
3480,47.5,47.5
3481,47.5,47.5
3482,47.5,47.5
3483,47.5,47.5
3484,47.5,47.5
3485,47.5,47.5
3486,47.5,47.5
3487,47.5,47.5
3488,47.5,47.5
3489,47.5,47.5
3490,47.5,47.5
3491,47.5,47.5
3492,47.5,47.5
3493,47.5,47.5
3494,47.5,47.5
3495,47.5,47.5
3496,47.5,47.5
3497,47.5,47.5
3498,47.5,47.5
3499,47.5,47.5
3500,47.5,47.5
3501,47.5,47.5
3502,47.5,47.5
3503,47.5,47.5
3504,47.5,47.5
3505,47.5,47.5
3506,47.5,47.5
3507,47.5,47.5
3508,47.5,47.5
3509,47.5,47.5
3510,47.5,47.5
3511,47.5,47.5
3512,47.5,47.5
3513,47.5,47.5
3514,47.5,47.5
3515,47.5,47.5
3516,47.5,47.5
3517,47.5,47.5
3518,47.5,47.5
3519,47.5,47.5
3520,47.5,47.5
3521,47.5,47.5
3522,47.5,47.5
3523,47.5,47.5
3524,47.5,47.5
3525,47.5,47.5
3526,47.5,47.5
3527,47.5,47.5
3528,47.5,47.5
3529,47.5,47.5
3530,47.5,47.5
3531,47.5,47.5
3532,47.5,47.5
3533,47.5,47.5
3534,47.5,47.5
3535,47.5,47.5
3536,47.5,47.5
3537,47.5,47.5
3538,47.5,47.5
3539,47.5,47.5
3540,47.5,47.5
3541,47.5,47.5
3542,47.5,47.5
3543,47.5,47.5
3544,47.5,47.5
3545,47.5,47.5
3546,47.5,47.5
3547,47.5,47.5
3548,47.5,47.5
3549,47.5,47.5
3550,47.5,47.5
3551,47.5,47.5
3552,47.5,47.5
3553,47.5,47.5
3554,47.5,47.5
3555,47.5,47.5
3556,47.5,47.5
3557,47.5,47.5
3558,47.5,47.5
3559,47.5,47.5
3560,47.5,47.5
3561,47.5,47.5
3562,47.5,47.5
3563,47.5,47.5
3564,47.5,47.5
3565,47.5,47.5
3566,47.5,47.5
3567,47.5,47.5
3568,47.5,47.5
3569,47.5,47.5
3570,47.5,47.5
3571,47.5,47.5
3572,47.5,47.5
3573,47.5,47.5
3574,47.5,47.5
3575,47.5,47.5
3576,47.5,47.5
3577,47.5,47.5
3578,47.5,47.5
3579,47.5,47.5
3580,47.5,47.5
3581,47.5,47.5
3582,47.5,47.5
3583,47.5,47.5
3584,47.5,47.5
3585,47.5,47.5
3586,47.5,47.5
3587,47.5,47.5
3588,47.5,47.5
3589,47.5,47.5
3590,47.5,47.5
3591,47.5,47.5
3592,47.5,47.5
3593,47.5,47.5
3594,47.5,47.5
3595,47.5,47.5
3596,47.5,47.5
3597,47.5,47.5
3598,47.5,47.5
3599,47.5,47.5
3600,47.5,47.5
3601,47.5,47.5
3602,47.5,47.5
3603,47.5,47.5
3604,47.5,47.5
3605,47.5,47.5
3606,47.5,47.5
3607,47.5,47.5
3608,47.5,47.5
3609,47.5,47.5
3610,47.5,47.5
3611,47.5,47.5
3612,47.5,47.5
3613,47.5,47.5
3614,47.5,47.5
3615,47.5,47.5
3616,47.5,47.5
3617,47.5,47.5
3618,47.5,47.5
3619,47.5,47.5
3620,47.5,47.5
3621,47.5,47.5
3622,47.5,47.5
3623,47.5,47.5
3624,47.5,47.5
3625,47.5,47.5
3626,47.5,47.5
3627,47.5,47.5
3628,47.5,47.5
3629,47.5,47.5
3630,47.5,47.5
3631,47.5,47.5
3632,47.5,47.5
3633,47.5,47.5
3634,47.5,47.5
3635,47.5,47.5
3636,47.5,47.5
3637,47.5,47.5
3638,47.5,47.5
3639,47.5,47.5
3640,47.5,47.5
3641,47.5,47.5
3642,47.5,47.5
3643,47.5,47.5
3644,47.5,47.5
3645,47.5,47.5
3646,47.5,47.5
3647,47.5,47.5
3648,47.5,47.5
3649,47.5,47.5
3650,47.5,47.5
3651,47.5,47.5
3652,47.5,47.5
3653,47.5,47.5
3654,47.5,47.5
3655,47.5,47.5
3656,47.5,47.5
3657,47.5,47.5
3658,47.5,47.5
3659,47.5,47.5
3660,47.5,47.5
3661,47.5,47.5
3662,47.5,47.5
3663,47.5,47.5
3664,47.5,47.5
3665,47.5,47.5
3666,47.5,47.5
3667,47.5,47.5
3668,47.5,47.5
3669,47.5,47.5
3670,47.5,47.5
3671,47.5,47.5
3672,47.5,47.5
3673,47.5,47.5
3674,47.5,47.5
3675,47.5,47.5
3676,47.5,47.5
3677,47.5,47.5
3678,47.5,47.5
3679,47.5,47.5
3680,47.5,47.5
3681,47.5,47.5
3682,47.5,47.5
3683,47.5,47.5
3684,47.5,47.5
3685,47.5,47.5
3686,47.5,47.5
3687,47.5,47.5
3688,47.5,47.5
3689,47.5,47.5
3690,47.5,47.5
3691,47.5,47.5
3692,47.5,47.5
3693,47.5,47.5
3694,47.5,47.5
3695,47.5,47.5
3696,47.5,47.5
3697,47.5,47.5
3698,47.5,47.5
3699,47.5,47.5
3700,47.5,47.5
3701,47.5,47.5
3702,47.5,47.5
3703,47.5,47.5
3704,47.5,47.5
3705,47.5,47.5
3706,47.5,47.5
3707,47.5,47.5
3708,47.5,47.5
3709,47.5,47.5
3710,47.5,47.5
3711,47.5,47.5
3712,47.5,47.5
3713,47.5,47.5
3714,47.5,47.5
3715,47.5,47.5
3716,47.5,47.5
3717,47.5,47.5
3718,47.5,47.5
3719,47.5,47.5
3720,47.5,47.5
3721,47.5,47.5
3722,47.5,47.5
3723,47.5,47.5
3724,47.5,47.5
3725,47.5,47.5
3726,47.5,47.5
3727,47.5,47.5
3728,47.5,47.5
3729,47.5,47.5
3730,47.5,47.5
3731,47.5,47.5
3732,47.5,47.5
3733,47.5,47.5
3734,47.5,47.5
3735,47.5,47.5
3736,47.5,47.5
3737,47.5,47.5
3738,47.5,47.5
3739,47.5,47.5
3740,47.5,47.5
3741,47.5,47.5
3742,47.5,47.5
3743,47.5,47.5
3744,47.5,47.5
3745,47.5,47.5
3746,47.5,47.5
3747,47.5,47.5
3748,47.5,47.5
3749,47.5,47.5
3750,47.5,47.5
3751,47.5,47.5
3752,47.5,47.5
3753,47.5,47.5
3754,47.5,47.5
3755,47.5,47.5
3756,47.5,47.5
3757,47.5,47.5
3758,47.5,47.5
3759,47.5,47.5
3760,47.5,47.5
3761,47.5,47.5
3762,47.5,47.5
3763,47.5,47.5
3764,47.5,47.5
3765,47.5,47.5
3766,47.5,47.5
3767,47.5,47.5
3768,47.5,47.5
3769,47.5,47.5
3770,47.5,47.5
3771,47.5,47.5
3772,47.5,47.5
3773,47.5,47.5
3774,47.5,47.5
3775,47.5,47.5
3776,47.5,47.5
3777,47.5,47.5
3778,47.5,47.5
3779,47.5,47.5
3780,47.5,47.5
3781,47.5,47.5
3782,47.5,47.5
3783,47.5,47.5
3784,47.5,47.5
3785,47.5,47.5
3786,47.5,47.5
3787,47.5,47.5
3788,47.5,47.5
3789,47.5,47.5
3790,47.5,47.5
3791,47.5,47.5
3792,47.5,47.5
3793,47.5,47.5
3794,47.5,47.5
3795,47.5,47.5
3796,47.5,47.5
3797,47.5,47.5
3798,47.5,47.5
3799,47.5,47.5
3800,47.5,47.5
3801,47.5,47.5
3802,47.5,47.5
3803,47.5,47.5
3804,47.5,47.5
3805,47.5,47.5
3806,47.5,47.5
3807,47.5,47.5
3808,47.5,47.5
3809,47.5,47.5
3810,47.5,47.5
3811,47.5,47.5
3812,47.5,47.5
3813,47.5,47.5
3814,47.5,47.5
3815,47.5,47.5
3816,47.5,47.5
3817,47.5,47.5
3818,47.5,47.5
3819,47.5,47.5
3820,47.5,47.5
3821,47.5,47.5
3822,47.5,47.5
3823,47.5,47.5
3824,47.5,47.5
3825,47.5,47.5
3826,47.5,47.5
3827,47.5,47.5
3828,47.5,47.5
3829,47.5,47.5
3830,47.5,47.5
3831,47.5,47.5
3832,47.5,47.5
3833,47.5,47.5
3834,47.5,47.5
3835,47.5,47.5
3836,47.5,47.5
3837,47.5,47.5
3838,47.5,47.5
3839,47.5,47.5
3840,47.5,47.5
3841,47.5,47.5
3842,47.5,47.5
3843,47.5,47.5
3844,47.5,47.5
3845,47.5,47.5
3846,47.5,47.5
3847,47.5,47.5
3848,47.5,47.5
3849,47.5,47.5
3850,47.5,47.5
3851,47.5,47.5
3852,47.5,47.5
3853,47.5,47.5
3854,47.5,47.5
3855,47.5,47.5
3856,47.5,47.5
3857,47.5,47.5
3858,47.5,47.5
3859,47.5,47.5
3860,47.5,47.5
3861,47.5,47.5
3862,47.5,47.5
3863,47.5,47.5
3864,47.5,47.5
3865,47.5,47.5
3866,47.5,47.5
3867,47.5,47.5
3868,47.5,47.5
3869,47.5,47.5
3870,47.5,47.5
3871,47.5,47.5
3872,47.5,47.5
3873,47.5,47.5
3874,47.5,47.5
3875,47.5,47.5
3876,47.5,47.5
3877,47.5,47.5
3878,47.5,47.5
3879,47.5,47.5
3880,47.5,47.5
3881,47.5,47.5
3882,47.5,47.5
3883,47.5,47.5
3884,47.5,47.5
3885,47.5,47.5
3886,47.5,47.5
3887,47.5,47.5
3888,47.5,47.5
3889,47.5,47.5
3890,47.5,47.5
3891,47.5,47.5
3892,47.5,47.5
3893,47.5,47.5
3894,47.5,47.5
3895,47.5,47.5
3896,47.5,47.5
3897,47.5,47.5
3898,47.5,47.5
3899,47.5,47.5
3900,47.5,47.5
3901,47.5,47.5
3902,47.5,47.5
3903,47.5,47.5
3904,47.5,47.5
3905,47.5,47.5
3906,47.5,47.5
3907,47.5,47.5
3908,47.5,47.5
3909,47.5,47.5
3910,47.5,47.5
3911,47.5,47.5
3912,47.5,47.5
3913,47.5,47.5
3914,47.5,47.5
3915,47.5,47.5
3916,47.5,47.5
3917,47.5,47.5
3918,47.5,47.5
3919,47.5,47.5
3920,47.5,47.5
3921,47.5,47.5
3922,47.5,47.5
3923,47.5,47.5
3924,47.5,47.5
3925,47.5,47.5
3926,47.5,47.5
3927,47.5,47.5
3928,47.5,47.5
3929,47.5,47.5
3930,47.5,47.5
3931,47.5,47.5
3932,47.5,47.5
3933,47.5,47.5
3934,47.5,47.5
3935,47.5,47.5
3936,47.5,47.5
3937,47.5,47.5
3938,47.5,47.5
3939,47.5,47.5
3940,47.5,47.5
3941,47.5,47.5
3942,47.5,47.5
3943,47.5,47.5
3944,47.5,47.5
3945,47.5,47.5
3946,47.5,47.5
3947,47.5,47.5
3948,47.5,47.5
3949,47.5,47.5
3950,47.5,47.5
3951,47.5,47.5
3952,47.5,47.5
3953,47.5,47.5
3954,47.5,47.5
3955,47.5,47.5
3956,47.5,47.5
3957,47.5,47.5
3958,47.5,47.5
3959,47.5,47.5
3960,47.5,47.5
3961,47.5,47.5
3962,47.5,47.5
3963,47.5,47.5
3964,47.5,47.5
3965,47.5,47.5
3966,47.5,47.5
3967,47.5,47.5
3968,47.5,47.5
3969,47.5,47.5
3970,47.5,47.5
3971,47.5,47.5
3972,47.5,47.5
3973,47.5,47.5
3974,47.5,47.5
3975,47.5,47.5
3976,47.5,47.5
3977,47.5,47.5
3978,47.5,47.5
3979,47.5,47.5
3980,47.5,47.5
3981,47.5,47.5
3982,47.5,47.5
3983,47.5,47.5
3984,47.5,47.5
3985,47.5,47.5
3986,47.5,47.5
3987,47.5,47.5
3988,47.5,47.5
3989,47.5,47.5
3990,47.5,47.5
3991,47.5,47.5
3992,47.5,47.5
3993,47.5,47.5
3994,47.5,47.5
3995,47.5,47.5
3996,47.5,47.5
3997,47.5,47.5
3998,47.5,47.5
3999,47.5,47.5
4000,47.5,47.5
4001,47.5,47.5
4002,47.5,47.5
4003,47.5,47.5
4004,47.5,47.5
4005,47.5,47.5
4006,47.5,47.5
4007,47.5,47.5
4008,47.5,47.5
4009,47.5,47.5
4010,47.5,47.5
4011,47.5,47.5
4012,47.5,47.5
4013,47.5,47.5
4014,47.5,47.5
4015,47.5,47.5
4016,47.5,47.5
4017,47.5,47.5
4018,47.5,47.5
4019,47.5,47.5
4020,47.5,47.5
4021,47.5,47.5
4022,47.5,47.5
4023,47.5,47.5
4024,47.5,47.5
4025,47.5,47.5
4026,47.5,47.5
4027,47.5,47.5
4028,47.5,47.5
4029,47.5,47.5
4030,47.5,47.5
4031,47.5,47.5
4032,47.5,47.5
4033,47.5,47.5
4034,47.5,47.5
4035,47.5,47.5
4036,47.5,47.5
4037,47.5,47.5
4038,47.5,47.5
4039,47.5,47.5
4040,47.5,47.5
4041,47.5,47.5
4042,47.5,47.5
4043,47.5,47.5
4044,47.5,47.5
4045,47.5,47.5
4046,47.5,47.5
4047,47.5,47.5
4048,47.5,47.5
4049,47.5,47.5
4050,47.5,47.5
4051,47.5,47.5
4052,47.5,47.5
4053,47.5,47.5
4054,47.5,47.5
4055,47.5,47.5
4056,47.5,47.5
4057,47.5,47.5
4058,47.5,47.5
4059,47.5,47.5
4060,47.5,47.5
4061,47.5,47.5
4062,47.5,47.5
4063,47.5,47.5
4064,47.5,47.5
4065,47.5,47.5
4066,47.5,47.5
4067,47.5,47.5
4068,47.5,47.5
4069,47.5,47.5
4070,47.5,47.5
4071,47.5,47.5
4072,47.5,47.5
4073,47.5,47.5
4074,47.5,47.5
4075,47.5,47.5
4076,47.5,47.5
4077,47.5,47.5
4078,47.5,47.5
4079,47.5,47.5
4080,47.5,47.5
4081,47.5,47.5
4082,47.5,47.5
4083,47.5,47.5
4084,47.5,47.5
4085,47.5,47.5
4086,47.5,47.5
4087,47.5,47.5
4088,47.5,47.5
4089,47.5,47.5
4090,47.5,47.5
4091,47.5,47.5
4092,47.5,47.5
4093,47.5,47.5
4094,47.5,47.5
4095,47.5,47.5
4096,47.5,47.5
4097,47.5,47.5
4098,47.5,47.5
4099,47.5,47.5
4100,47.5,47.5
4101,47.5,47.5
4102,47.5,47.5
4103,47.5,47.5
4104,47.5,47.5
4105,47.5,47.5
4106,47.5,47.5
4107,47.5,47.5
4108,47.5,47.5
4109,47.5,47.5
4110,47.5,47.5
4111,47.5,47.5
4112,47.5,47.5
4113,47.5,47.5
4114,47.5,47.5
4115,47.5,47.5
4116,47.5,47.5
4117,47.5,47.5
4118,47.5,47.5
4119,47.5,47.5
4120,47.5,47.5
4121,47.5,47.5
4122,47.5,47.5
4123,47.5,47.5
4124,47.5,47.5
4125,47.5,47.5
4126,47.5,47.5
4127,47.5,47.5
4128,47.5,47.5
4129,47.5,47.5
4130,47.5,47.5
4131,47.5,47.5
4132,47.5,47.5
4133,47.5,47.5
4134,47.5,47.5
4135,47.5,47.5
4136,47.5,47.5
4137,47.5,47.5
4138,47.5,47.5
4139,47.5,47.5
4140,47.5,47.5
4141,47.5,47.5
4142,47.5,47.5
4143,47.5,47.5
4144,47.5,47.5
4145,47.5,47.5
4146,47.5,47.5
4147,47.5,47.5
4148,47.5,47.5
4149,47.5,47.5
4150,47.5,47.5
4151,47.5,47.5
4152,47.5,47.5
4153,47.5,47.5
4154,47.5,47.5
4155,47.5,47.5
4156,47.5,47.5
4157,47.5,47.5
4158,47.5,47.5
4159,47.5,47.5
4160,47.5,47.5
4161,47.5,47.5
4162,47.5,47.5
4163,47.5,47.5
4164,47.5,47.5
4165,47.5,47.5
4166,47.5,47.5
4167,47.5,47.5
4168,47.5,47.5
4169,47.5,47.5
4170,47.5,47.5
4171,47.5,47.5
4172,47.5,47.5
4173,47.5,47.5
4174,47.5,47.5
4175,47.5,47.5
4176,47.5,47.5
4177,47.5,47.5
4178,47.5,47.5
4179,47.5,47.5
4180,47.5,47.5
4181,47.5,47.5
4182,47.5,47.5
4183,47.5,47.5
4184,47.5,47.5
4185,47.5,47.5
4186,47.5,47.5
4187,47.5,47.5
4188,47.5,47.5
4189,47.5,47.5
4190,47.5,47.5
4191,47.5,47.5
4192,47.5,47.5
4193,47.5,47.5
4194,47.5,47.5
4195,47.5,47.5
4196,47.5,47.5
4197,47.5,47.5
4198,47.5,47.5
4199,47.5,47.5
4200,47.5,47.5
4201,47.5,47.5
4202,47.5,47.5
4203,47.5,47.5
4204,47.5,47.5
4205,47.5,47.5
4206,47.5,47.5
4207,47.5,47.5
4208,47.5,47.5
4209,47.5,47.5
4210,47.5,47.5
4211,47.5,47.5
4212,47.5,47.5
4213,47.5,47.5
4214,47.5,47.5
4215,47.5,47.5
4216,47.5,47.5
4217,47.5,47.5
4218,47.5,47.5
4219,47.5,47.5
4220,47.5,47.5
4221,47.5,47.5
4222,47.5,47.5
4223,47.5,47.5
4224,47.5,47.5
4225,47.5,47.5
4226,47.5,47.5
4227,47.5,47.5
4228,47.5,47.5
4229,47.5,47.5
4230,47.5,47.5
4231,47.5,47.5
4232,47.5,47.5
4233,47.5,47.5
4234,47.5,47.5
4235,47.5,47.5
4236,47.5,47.5
4237,47.5,47.5
4238,47.5,47.5
4239,47.5,47.5
4240,47.5,47.5
4241,47.5,47.5
4242,47.5,47.5
4243,47.5,47.5
4244,47.5,47.5
4245,47.5,47.5
4246,47.5,47.5
4247,47.5,47.5
4248,47.5,47.5
4249,47.5,47.5
4250,47.5,47.5
4251,47.5,47.5
4252,47.5,47.5
4253,47.5,47.5
4254,47.5,47.5
4255,47.5,47.5
4256,47.5,47.5
4257,47.5,47.5
4258,47.5,47.5
4259,47.5,47.5
4260,47.5,47.5
4261,47.5,47.5
4262,47.5,47.5
4263,47.5,47.5
4264,47.5,47.5
4265,47.5,47.5
4266,47.5,47.5
4267,47.5,47.5
4268,47.5,47.5
4269,47.5,47.5
4270,47.5,47.5
4271,47.5,47.5
4272,47.5,47.5
4273,47.5,47.5
4274,47.5,47.5
4275,47.5,47.5
4276,47.5,47.5
4277,47.5,47.5
4278,47.5,47.5
4279,47.5,47.5
4280,47.5,47.5
4281,47.5,47.5
4282,47.5,47.5
4283,47.5,47.5
4284,47.5,47.5
4285,47.5,47.5
4286,47.5,47.5
4287,47.5,47.5
4288,47.5,47.5
4289,47.5,47.5
4290,47.5,47.5
4291,47.5,47.5
4292,47.5,47.5
4293,47.5,47.5
4294,47.5,47.5
4295,47.5,47.5
4296,47.5,47.5
4297,47.5,47.5
4298,47.5,47.5
4299,47.5,47.5
4300,47.5,47.5
4301,47.5,47.5
4302,47.5,47.5
4303,47.5,47.5
4304,47.5,47.5
4305,47.5,47.5
4306,47.5,47.5
4307,47.5,47.5
4308,47.5,47.5
4309,47.5,47.5
4310,47.5,47.5
4311,47.5,47.5
4312,47.5,47.5
4313,47.5,47.5
4314,47.5,47.5
4315,47.5,47.5
4316,47.5,47.5
4317,47.5,47.5
4318,47.5,47.5
4319,47.5,47.5
4320,47.5,47.5
4321,47.5,47.5
4322,47.5,47.5
4323,47.5,47.5
4324,47.5,47.5
4325,47.5,47.5
4326,47.5,47.5
4327,47.5,47.5
4328,47.5,47.5
4329,47.5,47.5
4330,47.5,47.5
4331,47.5,47.5
4332,47.5,47.5
4333,47.5,47.5
4334,47.5,47.5
4335,47.5,47.5
4336,47.5,47.5
4337,47.5,47.5
4338,47.5,47.5
4339,47.5,47.5
4340,47.5,47.5
4341,47.5,47.5
4342,47.5,47.5
4343,47.5,47.5
4344,47.5,47.5
4345,47.5,47.5
4346,47.5,47.5
4347,47.5,47.5
4348,47.5,47.5
4349,47.5,47.5
4350,47.5,47.5
4351,47.5,47.5
4352,47.5,47.5
4353,47.5,47.5
4354,47.5,47.5
4355,47.5,47.5
4356,47.5,47.5
4357,47.5,47.5
4358,47.5,47.5
4359,47.5,47.5
4360,47.5,47.5
4361,47.5,47.5
4362,47.5,47.5
4363,47.5,47.5
4364,47.5,47.5
4365,47.5,47.5
4366,47.5,47.5
4367,47.5,47.5
4368,47.5,47.5
4369,47.5,47.5
4370,47.5,47.5
4371,47.5,47.5
4372,47.5,47.5
4373,47.5,47.5
4374,47.5,47.5
4375,47.5,47.5
4376,47.5,47.5
4377,47.5,47.5
4378,47.5,47.5
4379,47.5,47.5
4380,47.5,47.5
4381,47.5,47.5
4382,47.5,47.5
4383,47.5,47.5
4384,47.5,47.5
4385,47.5,47.5
4386,47.5,47.5
4387,47.5,47.5
4388,47.5,47.5
4389,47.5,47.5
4390,47.5,47.5
4391,47.5,47.5
4392,47.5,47.5
4393,47.5,47.5
4394,47.5,47.5
4395,47.5,47.5
4396,47.5,47.5
4397,47.5,47.5
4398,47.5,47.5
4399,47.5,47.5
4400,47.5,47.5
4401,47.5,47.5
4402,47.5,47.5
4403,47.5,47.5
4404,47.5,47.5
4405,47.5,47.5
4406,47.5,47.5
4407,47.5,47.5
4408,47.5,47.5
4409,47.5,47.5
4410,47.5,47.5
4411,47.5,47.5
4412,47.5,47.5
4413,47.5,47.5
4414,47.5,47.5
4415,47.5,47.5
4416,47.5,47.5
4417,47.5,47.5
4418,47.5,47.5
4419,47.5,47.5
4420,47.5,47.5
4421,47.5,47.5
4422,47.5,47.5
4423,47.5,47.5
4424,47.5,47.5
4425,47.5,47.5
4426,47.5,47.5
4427,47.5,47.5
4428,47.5,47.5
4429,47.5,47.5
4430,47.5,47.5
4431,47.5,47.5
4432,47.5,47.5
4433,47.5,47.5
4434,47.5,47.5
4435,47.5,47.5
4436,47.5,47.5
4437,47.5,47.5
4438,47.5,47.5
4439,47.5,47.5
4440,47.5,47.5
4441,47.5,47.5
4442,47.5,47.5
4443,47.5,47.5
4444,47.5,47.5
4445,47.5,47.5
4446,47.5,47.5
4447,47.5,47.5
4448,47.5,47.5
4449,47.5,47.5
4450,47.5,47.5
4451,47.5,47.5
4452,47.5,47.5
4453,47.5,47.5
4454,47.5,47.5
4455,47.5,47.5
4456,47.5,47.5
4457,47.5,47.5
4458,47.5,47.5
4459,47.5,47.5
4460,47.5,47.5
4461,47.5,47.5
4462,47.5,47.5
4463,47.5,47.5
4464,47.5,47.5
4465,47.5,47.5
4466,47.5,47.5
4467,47.5,47.5
4468,47.5,47.5
4469,47.5,47.5
4470,47.5,47.5
4471,47.5,47.5
4472,47.5,47.5
4473,47.5,47.5
4474,47.5,47.5
4475,47.5,47.5
4476,47.5,47.5
4477,47.5,47.5
4478,47.5,47.5
4479,47.5,47.5
4480,47.5,47.5
4481,47.5,47.5
4482,47.5,47.5
4483,47.5,47.5
4484,47.5,47.5
4485,47.5,47.5
4486,47.5,47.5
4487,47.5,47.5
4488,47.5,47.5
4489,47.5,47.5
4490,47.5,47.5
4491,47.5,47.5
4492,47.5,47.5
4493,47.5,47.5
4494,47.5,47.5
4495,47.5,47.5
4496,47.5,47.5
4497,47.5,47.5
4498,47.5,47.5
4499,47.5,47.5
4500,47.5,47.5
4501,47.5,47.5
4502,47.5,47.5
4503,47.5,47.5
4504,47.5,47.5
4505,47.5,47.5
4506,47.5,47.5
4507,47.5,47.5
4508,47.5,47.5
4509,47.5,47.5
4510,47.5,47.5
4511,47.5,47.5
4512,47.5,47.5
4513,47.5,47.5
4514,47.5,47.5
4515,47.5,47.5
4516,47.5,47.5
4517,47.5,47.5
4518,47.5,47.5
4519,47.5,47.5
4520,47.5,47.5
4521,47.5,47.5
4522,47.5,47.5
4523,47.5,47.5
4524,47.5,47.5
4525,47.5,47.5
4526,47.5,47.5
4527,47.5,47.5
4528,47.5,47.5
4529,47.5,47.5
4530,47.5,47.5
4531,47.5,47.5
4532,47.5,47.5
4533,47.5,47.5
4534,47.5,47.5
4535,47.5,47.5
4536,47.5,47.5
4537,47.5,47.5
4538,47.5,47.5
4539,47.5,47.5
4540,47.5,47.5
4541,47.5,47.5
4542,47.5,47.5
4543,47.5,47.5
4544,47.5,47.5
4545,47.5,47.5
4546,47.5,47.5
4547,47.5,47.5
4548,47.5,47.5
4549,47.5,47.5
4550,47.5,47.5
4551,47.5,47.5
4552,47.5,47.5
4553,47.5,47.5
4554,47.5,47.5
4555,47.5,47.5
4556,47.5,47.5
4557,47.5,47.5
4558,47.5,47.5
4559,47.5,47.5
4560,47.5,47.5
4561,47.5,47.5
4562,47.5,47.5
4563,47.5,47.5
4564,47.5,47.5
4565,47.5,47.5
4566,47.5,47.5
4567,47.5,47.5
4568,47.5,47.5
4569,47.5,47.5
4570,47.5,47.5
4571,47.5,47.5
4572,47.5,47.5
4573,47.5,47.5
4574,47.5,47.5
4575,47.5,47.5
4576,47.5,47.5
4577,47.5,47.5
4578,47.5,47.5
4579,47.5,47.5
4580,47.5,47.5
4581,47.5,47.5
4582,47.5,47.5
4583,47.5,47.5
4584,47.5,47.5
4585,47.5,47.5
4586,47.5,47.5
4587,47.5,47.5
4588,47.5,47.5
4589,47.5,47.5
4590,47.5,47.5
4591,47.5,47.5
4592,47.5,47.5
4593,47.5,47.5
4594,47.5,47.5
4595,47.5,47.5
4596,47.5,47.5
4597,47.5,47.5
4598,47.5,47.5
4599,47.5,47.5
4600,47.5,47.5
4601,47.5,47.5
4602,47.5,47.5
4603,47.5,47.5
4604,47.5,47.5
4605,47.5,47.5
4606,47.5,47.5
4607,47.5,47.5
4608,47.5,47.5
4609,47.5,47.5
4610,47.5,47.5
4611,47.5,47.5
4612,47.5,47.5
4613,47.5,47.5
4614,47.5,47.5
4615,47.5,47.5
4616,47.5,47.5
4617,47.5,47.5
4618,47.5,47.5
4619,47.5,47.5
4620,47.5,47.5
4621,47.5,47.5
4622,47.5,47.5
4623,47.5,47.5
4624,47.5,47.5
4625,47.5,47.5
4626,47.5,47.5
4627,47.5,47.5
4628,47.5,47.5
4629,47.5,47.5
4630,47.5,47.5
4631,47.5,47.5
4632,47.5,47.5
4633,47.5,47.5
4634,47.5,47.5
4635,47.5,47.5
4636,47.5,47.5
4637,47.5,47.5
4638,47.5,47.5
4639,47.5,47.5
4640,47.5,47.5
4641,47.5,47.5
4642,47.5,47.5
4643,47.5,47.5
4644,47.5,47.5
4645,47.5,47.5
4646,47.5,47.5
4647,47.5,47.5
4648,47.5,47.5
4649,47.5,47.5
4650,47.5,47.5
4651,47.5,47.5
4652,47.5,47.5
4653,47.5,47.5
4654,47.5,47.5
4655,47.5,47.5
4656,47.5,47.5
4657,47.5,47.5
4658,47.5,47.5
4659,47.5,47.5
4660,47.5,47.5
4661,47.5,47.5
4662,47.5,47.5
4663,47.5,47.5
4664,47.5,47.5
4665,47.5,47.5
4666,47.5,47.5
4667,47.5,47.5
4668,47.5,47.5
4669,47.5,47.5
4670,47.5,47.5
4671,47.5,47.5
4672,47.5,47.5
4673,47.5,47.5
4674,47.5,47.5
4675,47.5,47.5
4676,47.5,47.5
4677,47.5,47.5
4678,47.5,47.5
4679,47.5,47.5
4680,47.5,47.5
4681,47.5,47.5
4682,47.5,47.5
4683,47.5,47.5
4684,47.5,47.5
4685,47.5,47.5
4686,47.5,47.5
4687,47.5,47.5
4688,47.5,47.5
4689,47.5,47.5
4690,47.5,47.5
4691,47.5,47.5
4692,47.5,47.5
4693,47.5,47.5
4694,47.5,47.5
4695,47.5,47.5
4696,47.5,47.5
4697,47.5,47.5
4698,47.5,47.5
4699,47.5,47.5
4700,47.5,47.5
4701,47.5,47.5
4702,47.5,47.5
4703,47.5,47.5
4704,47.5,47.5
4705,47.5,47.5
4706,47.5,47.5
4707,47.5,47.5
4708,47.5,47.5
4709,47.5,47.5
4710,47.5,47.5
4711,47.5,47.5
4712,47.5,47.5
4713,47.5,47.5
4714,47.5,47.5
4715,47.5,47.5
4716,47.5,47.5
4717,47.5,47.5
4718,47.5,47.5
4719,47.5,47.5
4720,47.5,47.5
4721,47.5,47.5
4722,47.5,47.5
4723,47.5,47.5
4724,47.5,47.5
4725,47.5,47.5
4726,47.5,47.5
4727,47.5,47.5
4728,47.5,47.5
4729,47.5,47.5
4730,47.5,47.5
4731,47.5,47.5
4732,47.5,47.5
4733,47.5,47.5
4734,47.5,47.5
4735,47.5,47.5
4736,47.5,47.5
4737,47.5,47.5
4738,47.5,47.5
4739,47.5,47.5
4740,47.5,47.5
4741,47.5,47.5
4742,47.5,47.5
4743,47.5,47.5
4744,47.5,47.5
4745,47.5,47.5
4746,47.5,47.5
4747,47.5,47.5
4748,47.5,47.5
4749,47.5,47.5
4750,47.5,47.5
4751,47.5,47.5
4752,47.5,47.5
4753,47.5,47.5
4754,47.5,47.5
4755,47.5,47.5
4756,47.5,47.5
4757,47.5,47.5
4758,47.5,47.5
4759,47.5,47.5
4760,47.5,47.5
4761,47.5,47.5
4762,47.5,47.5
4763,47.5,47.5
4764,47.5,47.5
4765,47.5,47.5
4766,47.5,47.5
4767,47.5,47.5
4768,47.5,47.5
4769,47.5,47.5
4770,47.5,47.5
4771,47.5,47.5
4772,47.5,47.5
4773,47.5,47.5
4774,47.5,47.5
4775,47.5,47.5
4776,47.5,47.5
4777,47.5,47.5
4778,47.5,47.5
4779,47.5,47.5
4780,47.5,47.5
4781,47.5,47.5
4782,47.5,47.5
4783,47.5,47.5
4784,47.5,47.5
4785,47.5,47.5
4786,47.5,47.5
4787,47.5,47.5
4788,47.5,47.5
4789,47.5,47.5
4790,47.5,47.5
4791,47.5,47.5
4792,47.5,47.5
4793,47.5,47.5
4794,47.5,47.5
4795,47.5,47.5
4796,47.5,47.5
4797,47.5,47.5
4798,47.5,47.5
4799,47.5,47.5
4800,47.5,47.5
4801,47.5,47.5
4802,47.5,47.5
4803,47.5,47.5
4804,47.5,47.5
4805,47.5,47.5
4806,47.5,47.5
4807,47.5,47.5
4808,47.5,47.5
4809,47.5,47.5
4810,47.5,47.5
4811,47.5,47.5
4812,47.5,47.5
4813,47.5,47.5
4814,47.5,47.5
4815,47.5,47.5
4816,47.5,47.5
4817,47.5,47.5
4818,47.5,47.5
4819,47.5,47.5
4820,47.5,47.5
4821,47.5,47.5
4822,47.5,47.5
4823,47.5,47.5
4824,47.5,47.5
4825,47.5,47.5
4826,47.5,47.5
4827,47.5,47.5
4828,47.5,47.5
4829,47.5,47.5
4830,47.5,47.5
4831,47.5,47.5
4832,47.5,47.5
4833,47.5,47.5
4834,47.5,47.5
4835,47.5,47.5
4836,47.5,47.5
4837,47.5,47.5
4838,47.5,47.5
4839,47.5,47.5
4840,47.5,47.5
4841,47.5,47.5
4842,47.5,47.5
4843,47.5,47.5
4844,47.5,47.5
4845,47.5,47.5
4846,47.5,47.5
4847,47.5,47.5
4848,47.5,47.5
4849,47.5,47.5
4850,47.5,47.5
4851,47.5,47.5
4852,47.5,47.5
4853,47.5,47.5
4854,47.5,47.5
4855,47.5,47.5
4856,47.5,47.5
4857,47.5,47.5
4858,47.5,47.5
4859,47.5,47.5
4860,47.5,47.5
4861,47.5,47.5
4862,47.5,47.5
4863,47.5,47.5
4864,47.5,47.5
4865,47.5,47.5
4866,47.5,47.5
4867,47.5,47.5
4868,47.5,47.5
4869,47.5,47.5
4870,47.5,47.5
4871,47.5,47.5
4872,47.5,47.5
4873,47.5,47.5
4874,47.5,47.5
4875,47.5,47.5
4876,47.5,47.5
4877,47.5,47.5
4878,47.5,47.5
4879,47.5,47.5
4880,47.5,47.5
4881,47.5,47.5
4882,47.5,47.5
4883,47.5,47.5
4884,47.5,47.5
4885,47.5,47.5
4886,47.5,47.5
4887,47.5,47.5
4888,47.5,47.5
4889,47.5,47.5
4890,47.5,47.5
4891,47.5,47.5
4892,47.5,47.5
4893,47.5,47.5
4894,47.5,47.5
4895,47.5,47.5
4896,47.5,47.5
4897,47.5,47.5
4898,47.5,47.5
4899,47.5,47.5
4900,47.5,47.5
4901,47.5,47.5
4902,47.5,47.5
4903,47.5,47.5
4904,47.5,47.5
4905,47.5,47.5
4906,47.5,47.5
4907,47.5,47.5
4908,47.5,47.5
4909,47.5,47.5
4910,47.5,47.5
4911,47.5,47.5
4912,47.5,47.5
4913,47.5,47.5
4914,47.5,47.5
4915,47.5,47.5
4916,47.5,47.5
4917,47.5,47.5
4918,47.5,47.5
4919,47.5,47.5
4920,47.5,47.5
4921,47.5,47.5
4922,47.5,47.5
4923,47.5,47.5
4924,47.5,47.5
4925,47.5,47.5
4926,47.5,47.5
4927,47.5,47.5
4928,47.5,47.5
4929,47.5,47.5
4930,47.5,47.5
4931,47.5,47.5
4932,47.5,47.5
4933,47.5,47.5
4934,47.5,47.5
4935,47.5,47.5
4936,47.5,47.5
4937,47.5,47.5
4938,47.5,47.5
4939,47.5,47.5
4940,47.5,47.5
4941,47.5,47.5
4942,47.5,47.5
4943,47.5,47.5
4944,47.5,47.5
4945,47.5,47.5
4946,47.5,47.5
4947,47.5,47.5
4948,47.5,47.5
4949,47.5,47.5
4950,47.5,47.5
4951,47.5,47.5
4952,47.5,47.5
4953,47.5,47.5
4954,47.5,47.5
4955,47.5,47.5
4956,47.5,47.5
4957,47.5,47.5
4958,47.5,47.5
4959,47.5,47.5
4960,47.5,47.5
4961,47.5,47.5
4962,47.5,47.5
4963,47.5,47.5
4964,47.5,47.5
4965,47.5,47.5
4966,47.5,47.5
4967,47.5,47.5
4968,47.5,47.5
4969,47.5,47.5
4970,47.5,47.5
4971,47.5,47.5
4972,47.5,47.5
4973,47.5,47.5
4974,47.5,47.5
4975,47.5,47.5
4976,47.5,47.5
4977,47.5,47.5
4978,47.5,47.5
4979,47.5,47.5
4980,47.5,47.5
4981,47.5,47.5
4982,47.5,47.5
4983,47.5,47.5
4984,47.5,47.5
4985,47.5,47.5
4986,47.5,47.5
4987,47.5,47.5
4988,47.5,47.5
4989,47.5,47.5
4990,47.5,47.5
4991,47.5,47.5
4992,47.5,47.5
4993,47.5,47.5
4994,47.5,47.5
4995,47.5,47.5
4996,47.5,47.5
4997,47.5,47.5
4998,47.5,47.5
4999,47.5,47.5
