,hsa_js,add_js
0,0.8,0.0
1,0.8,0.0
2,0.8,0.0
3,0.8,0.0
4,0.8,0.0
5,0.8,0.0
6,0.8,0.0
7,0.8,0.0
8,0.8,0.0
9,0.8,0.0
10,0.8,0.0
11,0.8,0.0
12,1.4000000000000001,0.0
13,1.4000000000000001,0.0
14,1.4000000000000001,0.0
15,1.4000000000000001,0.0
16,1.4000000000000001,0.0
17,1.4000000000000001,0.0
18,1.4000000000000001,0.0
19,1.4000000000000001,0.0
20,2.2,0.0
21,2.2,0.0
22,2.2,0.0
23,2.2,0.0
24,2.2,0.0
25,2.2,0.0
26,2.2,0.0
27,2.2,0.0
28,2.2,0.0
29,2.2,0.0
30,2.2,0.0
31,2.2,0.0
32,2.2,0.0
33,2.2,0.0
34,2.2,0.0
35,2.2,0.0
36,2.2,0.0
37,2.2,0.0
38,2.2,0.0
39,2.2,0.0
40,2.2,0.0
41,2.2,0.0
42,2.2,0.0
43,2.4000000000000004,0.0
44,2.4000000000000004,0.0
45,2.4000000000000004,0.0
46,2.4000000000000004,0.0
47,2.4000000000000004,0.0
48,2.4000000000000004,0.0
49,2.4000000000000004,0.0
50,2.4000000000000004,0.0
51,2.4000000000000004,0.0
52,2.4000000000000004,0.0
53,2.4000000000000004,0.0
54,2.4000000000000004,0.0
55,2.4000000000000004,0.0
56,2.4000000000000004,0.0
57,2.4000000000000004,0.0
58,2.4000000000000004,0.0
59,2.4000000000000004,0.0
60,2.6,0.0
61,2.6,0.0
62,2.6,0.0
63,2.6,0.0
64,2.6,0.0
65,2.6,0.0
66,2.6,0.0
67,2.6,0.0
68,2.6,0.0
69,2.6,0.0
70,2.6,0.0
71,2.6,0.0
72,2.6,0.0
73,2.6,0.0
74,2.6,0.0
75,2.6,0.0
76,2.6,0.0
77,2.6,0.0
78,2.6,0.0
79,2.6,0.0
80,2.6,0.0
81,2.6,0.0
82,2.6,0.0
83,2.6,0.0
84,2.6,0.0
85,2.6,0.0
86,2.6,0.0
87,2.6,0.0
88,2.6,0.0
89,2.6,0.0
90,2.6,0.0
91,2.6,0.0
92,2.6,0.0
93,2.6,0.0
94,2.6,0.0
95,2.6,0.0
96,2.6,0.0
97,3.4000000000000004,0.0
98,3.4000000000000004,0.0
99,3.4000000000000004,0.0
100,3.4000000000000004,0.0
101,3.4000000000000004,0.0
102,3.4000000000000004,0.0
103,3.4000000000000004,0.0
104,3.4000000000000004,0.0
105,3.4000000000000004,0.0
106,3.4000000000000004,0.0
107,3.4000000000000004,0.0
108,3.4000000000000004,0.0
109,3.4000000000000004,0.0
110,3.4000000000000004,0.0
111,3.4000000000000004,0.0
112,3.4000000000000004,0.0
113,3.4000000000000004,0.0
114,3.4000000000000004,0.0
115,3.4000000000000004,0.0
116,3.4000000000000004,0.0
117,3.4000000000000004,0.0
118,3.4000000000000004,0.0
119,3.4000000000000004,0.0
120,3.4000000000000004,0.0
121,3.4000000000000004,0.0
122,3.4000000000000004,0.0
123,3.4000000000000004,0.0
124,4.2,0.0
125,4.2,0.0
126,4.2,0.0
127,4.2,0.0
128,4.2,0.0
129,4.2,0.0
130,4.2,0.0
131,4.2,0.0
132,4.2,0.0
133,4.2,0.0
134,4.2,0.0
135,4.2,0.0
136,4.2,0.0
137,4.2,0.0
138,4.2,0.0
139,4.2,0.0
140,4.2,0.0
141,4.2,0.0
142,4.2,0.0
143,4.2,0.0
144,4.2,0.0
145,4.2,0.0
146,4.2,0.0
147,4.2,0.0
148,4.2,0.0
149,4.2,0.0
150,4.2,0.0
151,4.2,0.0
152,4.2,0.0
153,4.2,0.0
154,4.2,0.0
155,4.2,0.0
156,4.2,0.0
157,4.2,0.0
158,4.2,0.0
159,4.2,0.0
160,4.2,0.0
161,4.2,0.0
162,4.2,0.0
163,4.2,0.0
164,4.2,0.0
165,4.2,0.0
166,4.2,0.0
167,4.2,0.0
168,4.2,0.0
169,4.2,0.0
170,4.2,0.0
171,4.2,0.0
172,4.2,0.0
173,4.2,0.0
174,4.2,0.0
175,4.2,0.0
176,4.2,0.0
177,4.2,0.0
178,4.2,0.0
179,4.2,0.0
180,4.3,0.0
181,4.3,0.0
182,4.3,0.0
183,4.3,0.0
184,4.3,0.0
185,4.3,0.0
186,4.3,0.0
187,4.3,0.0
188,4.3,0.0
189,4.3,0.0
190,4.3,0.0
191,4.3,0.0
192,4.3,0.0
193,4.3,0.0
194,4.3,0.0
195,4.3,0.0
196,4.3,0.0
197,4.3,0.0
198,4.3,0.0
199,4.3,0.0
200,4.3,0.0
201,4.3,0.0
202,4.3,0.0
203,4.3,0.0
204,4.3,0.0
205,4.3,0.0
206,4.3,0.0
207,4.3,0.0
208,4.3,0.0
209,4.3,0.0
210,4.3,0.0
211,4.3,0.0
212,4.3,0.0
213,4.3,0.0
214,4.3,0.0
215,4.3,0.0
216,4.3,0.0
217,4.3,0.0
218,4.3,0.0
219,4.3,0.0
220,4.3,0.0
221,4.3,0.0
222,4.3,0.0
223,4.3,0.0
224,4.3,0.0
225,4.3,0.0
226,4.3,0.0
227,4.3,0.0
228,4.3,0.0
229,4.3,0.0
230,4.3,0.0
231,4.3,0.0
232,4.3,0.0
233,4.3,0.0
234,4.3,0.0
235,4.3,0.0
236,4.7,0.0
237,4.7,0.0
238,4.7,0.0
239,4.7,0.0
240,4.7,0.0
241,4.7,0.0
242,4.7,0.0
243,4.7,0.0
244,4.7,0.0
245,4.7,0.0
246,4.7,0.0
247,4.7,0.0
248,4.7,0.0
249,4.7,0.0
250,4.7,0.0
251,4.7,0.0
252,4.7,0.0
253,4.7,0.0
254,4.7,0.0
255,4.7,0.0
256,4.7,0.0
257,4.7,0.0
258,4.7,0.0
259,4.7,0.0
260,4.7,0.0
261,4.7,0.0
262,4.7,0.0
263,4.7,0.0
264,4.7,0.0
265,4.7,0.0
266,4.7,0.0
267,4.7,0.0
268,4.7,0.0
269,4.7,0.0
270,4.7,0.0
271,4.7,0.0
272,4.7,0.0
273,4.7,0.0
274,4.7,0.0
275,4.7,0.0
276,4.7,0.0
277,6.5,0.0
278,6.5,0.0
279,6.5,0.0
280,6.5,0.0
281,6.5,0.0
282,6.5,0.0
283,6.5,0.0
284,6.5,0.0
285,6.5,0.0
286,6.5,0.0
287,6.5,0.0
288,6.5,0.0
289,6.5,0.0
290,6.5,0.0
291,6.5,0.0
292,6.5,0.0
293,6.5,0.0
294,6.5,0.0
295,6.5,0.0
296,6.5,0.0
297,6.5,0.0
298,6.5,0.0
299,6.5,0.0
300,6.5,0.0
301,6.5,0.0
302,6.5,0.0
303,6.5,0.0
304,6.5,0.0
305,6.6000000000000005,0.0
306,6.6000000000000005,0.0
307,6.6000000000000005,0.0
308,6.6000000000000005,0.0
309,6.6000000000000005,0.0
310,6.6000000000000005,0.0
311,6.6000000000000005,0.0
312,6.6000000000000005,0.0
313,6.6000000000000005,0.0
314,6.6000000000000005,0.0
315,6.6000000000000005,0.0
316,6.6000000000000005,0.0
317,6.6000000000000005,0.0
318,6.6000000000000005,0.0
319,6.6000000000000005,0.0
320,6.6000000000000005,0.0
321,6.6000000000000005,0.0
322,6.6000000000000005,0.0
323,6.6000000000000005,0.0
324,6.6000000000000005,0.0
325,6.6000000000000005,0.0
326,6.6000000000000005,0.0
327,6.6000000000000005,0.0
328,6.6000000000000005,0.0
329,6.6000000000000005,0.0
330,6.6000000000000005,0.0
331,6.6000000000000005,0.0
332,6.6000000000000005,0.0
333,6.6000000000000005,0.0
334,6.6000000000000005,0.0
335,6.6000000000000005,0.0
336,6.6000000000000005,0.0
337,6.6000000000000005,0.0
338,6.6000000000000005,0.0
339,6.6000000000000005,0.0
340,6.6000000000000005,0.0
341,6.6000000000000005,0.0
342,6.6000000000000005,0.0
343,6.6000000000000005,0.0
344,6.6000000000000005,0.0
345,6.6000000000000005,0.0
346,6.6000000000000005,0.0
347,6.6000000000000005,0.0
348,6.6000000000000005,0.0
349,6.6000000000000005,0.0
350,6.6000000000000005,0.0
351,6.6000000000000005,0.0
352,6.6000000000000005,0.0
353,6.6000000000000005,0.0
354,6.6000000000000005,0.0
355,6.6000000000000005,0.0
356,6.6000000000000005,0.0
357,6.6000000000000005,0.0
358,6.6000000000000005,0.0
359,6.6000000000000005,0.0
360,6.6000000000000005,0.0
361,6.6000000000000005,0.0
362,6.6000000000000005,0.0
363,6.6000000000000005,0.0
364,6.6000000000000005,0.0
365,6.6000000000000005,0.0
366,6.6000000000000005,0.0
367,6.6000000000000005,0.0
368,6.6000000000000005,0.0
369,6.6000000000000005,0.0
370,6.6000000000000005,0.0
371,6.6000000000000005,0.0
372,6.6000000000000005,0.0
373,6.6000000000000005,0.0
374,6.6000000000000005,0.0
375,6.6000000000000005,0.0
376,6.6000000000000005,0.0
377,6.6000000000000005,0.0
378,6.6000000000000005,0.0
379,6.6000000000000005,0.0
380,6.6000000000000005,0.0
381,6.6000000000000005,0.0
382,6.6000000000000005,0.0
383,6.6000000000000005,0.0
384,6.6000000000000005,0.0
385,6.6000000000000005,0.0
386,6.6000000000000005,0.0
387,6.6000000000000005,0.0
388,6.6000000000000005,0.0
389,6.6000000000000005,0.0
390,7.4,0.0
391,7.4,0.0
392,7.4,0.0
393,7.4,0.0
394,7.4,0.0
395,7.4,0.0
396,7.4,0.0
397,7.4,0.0
398,7.4,0.0
399,7.4,0.0
400,7.4,0.0
401,7.4,0.0
402,7.4,0.0
403,7.4,0.0
404,7.4,0.0
405,7.4,0.0
406,7.4,0.0
407,7.4,0.0
408,7.4,0.0
409,7.4,0.0
410,7.4,0.0
411,7.4,0.0
412,7.4,0.0
413,7.4,0.0
414,7.4,0.0
415,7.4,0.0
416,7.4,0.0
417,7.4,0.0
418,7.4,0.0
419,7.4,0.0
420,7.4,0.0
421,7.4,0.0
422,7.4,0.0
423,7.4,0.0
424,7.4,0.0
425,7.4,0.0
426,7.4,0.0
427,7.4,0.0
428,7.4,0.0
429,7.4,0.0
430,7.4,0.0
431,7.4,0.0
432,7.4,0.0
433,7.4,0.0
434,7.4,0.0
435,7.4,0.0
436,7.4,0.0
437,7.4,0.0
438,7.4,0.0
439,7.4,0.0
440,7.4,0.0
441,7.4,0.0
442,7.4,0.0
443,7.4,0.0
444,7.4,0.0
445,7.4,0.0
446,7.4,0.0
447,7.4,0.0
448,7.4,0.0
449,7.4,0.0
450,7.4,0.0
451,7.4,0.0
452,7.4,0.0
453,7.4,0.0
454,7.4,0.0
455,7.800000000000001,0.0
456,7.800000000000001,0.0
457,7.800000000000001,0.0
458,7.800000000000001,0.0
459,7.800000000000001,0.0
460,7.800000000000001,0.0
461,7.800000000000001,0.0
462,7.800000000000001,0.0
463,7.800000000000001,0.0
464,7.800000000000001,0.0
465,7.800000000000001,0.0
466,7.800000000000001,0.0
467,7.800000000000001,0.0
468,7.800000000000001,0.0
469,7.800000000000001,0.0
470,7.800000000000001,0.0
471,7.800000000000001,0.0
472,7.800000000000001,0.0
473,7.800000000000001,0.0
474,7.800000000000001,0.0
475,7.800000000000001,0.0
476,7.800000000000001,0.0
477,7.800000000000001,0.0
478,7.800000000000001,0.0
479,7.800000000000001,0.0
480,7.800000000000001,0.0
481,7.800000000000001,0.0
482,7.800000000000001,0.0
483,7.800000000000001,0.0
484,7.800000000000001,0.0
485,7.800000000000001,0.0
486,7.800000000000001,0.0
487,7.800000000000001,0.0
488,7.800000000000001,0.0
489,7.800000000000001,0.0
490,7.800000000000001,0.0
491,7.800000000000001,0.0
492,7.800000000000001,0.0
493,7.800000000000001,0.0
494,8.0,0.0
495,8.0,0.0
496,8.0,0.0
497,8.0,0.0
498,8.0,0.0
499,8.0,0.0
500,8.0,0.0
501,8.0,0.0
502,8.0,0.0
503,8.0,0.0
504,8.0,0.0
505,8.0,0.0
506,8.0,0.0
507,8.0,0.0
508,8.0,0.0
509,8.0,0.0
510,8.0,0.0
511,8.0,0.0
512,8.0,0.0
513,8.0,0.0
514,8.0,0.0
515,8.0,0.0
516,8.0,0.0
517,8.0,0.0
518,8.0,0.0
519,8.0,0.0
520,8.0,0.0
521,8.0,0.0
522,8.0,0.0
523,8.0,0.0
524,8.0,0.0
525,8.0,0.0
526,8.0,0.0
527,8.0,0.0
528,8.0,0.0
529,8.0,0.0
530,8.0,0.0
531,8.0,0.0
532,8.0,0.0
533,8.0,0.0
534,8.0,0.0
535,8.0,0.0
536,8.0,0.0
537,8.0,0.0
538,8.0,0.0
539,8.0,0.0
540,8.0,0.0
541,8.0,0.0
542,8.0,0.0
543,8.0,0.0
544,8.0,0.0
545,8.0,0.0
546,8.0,0.0
547,8.0,0.0
548,8.9,0.0
549,8.9,0.0
550,8.9,0.0
551,8.9,0.0
552,8.9,0.0
553,8.9,0.0
554,8.9,0.0
555,8.9,0.0
556,8.9,0.0
557,8.9,0.0
558,8.9,0.0
559,8.9,0.0
560,8.9,0.0
561,8.9,0.0
562,8.9,0.0
563,8.9,0.0
564,8.9,0.0
565,8.9,0.0
566,8.9,0.0
567,8.9,0.0
568,8.9,0.0
569,8.9,0.0
570,8.9,0.0
571,8.9,0.0
572,8.9,0.0
573,8.9,0.0
574,8.9,0.0
575,8.9,0.0
576,8.9,0.0
577,8.9,0.0
578,8.9,0.0
579,8.9,0.0
580,8.9,0.0
581,8.9,0.0
582,8.9,0.0
583,8.9,0.0
584,8.9,0.0
585,8.9,0.0
586,8.9,0.0
587,8.9,0.0
588,8.9,0.0
589,8.9,0.0
590,8.9,0.0
591,8.9,0.0
592,8.9,0.0
593,8.9,0.0
594,8.9,0.0
595,8.9,0.0
596,8.9,0.0
597,8.9,0.0
598,8.9,0.0
599,8.9,0.0
600,8.9,0.0
601,8.9,0.0
602,8.9,0.0
603,8.9,0.0
604,8.9,0.0
605,8.9,0.0
606,8.9,0.0
607,8.9,0.0
608,8.9,0.0
609,8.9,0.0
610,8.9,0.0
611,8.9,0.0
612,8.9,0.0
613,8.9,0.0
614,8.9,0.0
615,8.9,0.0
616,8.9,0.0
617,8.9,0.0
618,8.9,0.0
619,8.9,0.0
620,8.9,0.0
621,8.9,0.0
622,8.9,0.0
623,8.9,0.0
624,8.9,0.0
625,8.9,0.0
626,8.9,0.0
627,8.9,0.0
628,8.9,0.0
629,9.200000000000001,0.0
630,9.200000000000001,0.0
631,9.200000000000001,0.0
632,9.200000000000001,0.0
633,9.200000000000001,0.0
634,9.200000000000001,0.0
635,9.200000000000001,0.0
636,9.200000000000001,0.0
637,9.200000000000001,0.0
638,9.200000000000001,0.0
639,9.200000000000001,0.0
640,9.200000000000001,0.0
641,9.200000000000001,0.0
642,9.200000000000001,0.0
643,9.200000000000001,0.0
644,9.200000000000001,0.0
645,9.200000000000001,0.0
646,9.200000000000001,0.0
647,9.200000000000001,0.0
648,9.200000000000001,0.0
649,9.200000000000001,0.0
650,9.200000000000001,0.0
651,9.200000000000001,0.0
652,9.200000000000001,0.0
653,9.200000000000001,0.0
654,9.200000000000001,0.0
655,9.200000000000001,0.0
656,9.200000000000001,0.0
657,9.200000000000001,0.0
658,9.200000000000001,0.0
659,9.200000000000001,0.0
660,9.200000000000001,0.0
661,9.200000000000001,0.0
662,9.200000000000001,0.0
663,9.200000000000001,0.0
664,9.200000000000001,0.0
665,9.200000000000001,0.0
666,9.200000000000001,0.0
667,9.200000000000001,0.0
668,9.200000000000001,0.0
669,9.200000000000001,0.0
670,9.200000000000001,0.0
671,9.200000000000001,0.0
672,9.200000000000001,0.0
673,9.200000000000001,0.0
674,9.200000000000001,0.0
675,9.200000000000001,0.0
676,9.200000000000001,0.0
677,9.200000000000001,0.0
678,9.200000000000001,0.0
679,9.200000000000001,0.0
680,9.200000000000001,0.0
681,9.200000000000001,0.0
682,9.200000000000001,0.0
683,9.9,0.0
684,9.9,0.0
685,9.9,0.0
686,9.9,0.0
687,9.9,0.0
688,9.9,0.0
689,9.9,0.0
690,9.9,0.0
691,9.9,0.0
692,9.9,0.0
693,9.9,0.0
694,9.9,0.0
695,9.9,0.0
696,9.9,0.0
697,9.9,0.0
698,9.9,0.0
699,9.9,0.0
700,9.9,0.0
701,9.9,0.0
702,9.9,0.0
703,9.9,0.0
704,9.9,0.0
705,9.9,0.0
706,9.9,0.0
707,9.9,0.0
708,9.9,0.0
709,9.9,0.0
710,9.9,0.0
711,9.9,0.0
712,9.9,0.0
713,9.9,0.0
714,9.9,0.0
715,9.9,0.0
716,9.9,0.0
717,9.9,0.0
718,9.9,0.0
719,9.9,0.0
720,9.9,0.0
721,9.9,0.0
722,9.9,0.0
723,9.9,0.0
724,9.9,0.0
725,9.9,0.0
726,9.9,0.0
727,9.9,0.0
728,9.9,0.0
729,9.9,0.0
730,9.9,0.0
731,9.9,0.0
732,9.9,0.0
733,9.9,0.0
734,9.9,0.0
735,9.9,0.0
736,9.9,0.0
737,9.9,0.0
738,9.9,0.0
739,9.9,0.0
740,9.9,0.0
741,9.9,0.0
742,9.9,0.0
743,9.9,0.0
744,9.9,0.0
745,9.9,0.0
746,9.9,0.0
747,9.9,0.0
748,9.9,0.0
749,9.9,0.0
750,9.9,0.0
751,9.9,0.0
752,9.9,0.0
753,9.9,0.0
754,9.9,0.0
755,9.9,0.0
756,9.9,0.0
757,9.9,0.0
758,9.9,0.0
759,9.9,0.0
760,9.9,0.0
761,9.9,0.0
762,9.9,0.0
763,9.9,0.0
764,9.9,0.0
765,9.9,0.0
766,9.9,0.0
767,9.9,0.0
768,9.9,0.0
769,9.9,0.0
770,9.9,0.0
771,9.9,0.0
772,9.9,0.0
773,9.9,0.0
774,9.9,0.0
775,9.9,0.0
776,9.9,0.0
777,9.9,0.0
778,9.9,0.0
779,9.9,0.0
780,9.9,0.0
781,9.9,0.0
782,9.9,0.0
783,9.9,0.0
784,9.9,0.0
785,9.9,0.0
786,10.100000000000001,0.0
787,10.100000000000001,0.0
788,10.100000000000001,0.0
789,10.100000000000001,0.0
790,10.100000000000001,0.0
791,10.100000000000001,0.0
792,10.100000000000001,0.0
793,10.100000000000001,0.0
794,10.100000000000001,0.0
795,10.100000000000001,0.0
796,10.100000000000001,0.0
797,10.100000000000001,0.0
798,10.100000000000001,0.0
799,10.100000000000001,0.0
800,10.100000000000001,0.0
801,10.100000000000001,0.0
802,10.100000000000001,0.0
803,10.100000000000001,0.0
804,10.100000000000001,0.0
805,10.100000000000001,0.0
806,10.100000000000001,0.0
807,10.100000000000001,0.0
808,10.100000000000001,0.0
809,10.100000000000001,0.0
810,10.100000000000001,0.0
811,10.100000000000001,0.0
812,10.100000000000001,0.0
813,10.100000000000001,0.0
814,10.100000000000001,0.0
815,10.100000000000001,0.0
816,10.100000000000001,0.0
817,10.100000000000001,0.0
818,10.100000000000001,0.0
819,10.100000000000001,0.0
820,10.100000000000001,0.0
821,10.100000000000001,0.0
822,10.100000000000001,0.0
823,10.100000000000001,0.0
824,10.100000000000001,0.0
825,10.100000000000001,0.0
826,10.100000000000001,0.0
827,10.100000000000001,0.0
828,10.100000000000001,0.0
829,10.100000000000001,0.0
830,10.100000000000001,0.0
831,10.100000000000001,0.0
832,10.100000000000001,0.0
833,10.100000000000001,0.0
834,10.100000000000001,0.0
835,10.100000000000001,0.0
836,10.100000000000001,0.0
837,10.100000000000001,0.0
838,10.100000000000001,0.0
839,10.100000000000001,0.0
840,10.100000000000001,0.0
841,10.100000000000001,0.0
842,10.100000000000001,0.0
843,10.100000000000001,0.0
844,10.100000000000001,0.0
845,10.100000000000001,0.0
846,10.100000000000001,0.0
847,10.100000000000001,0.0
848,10.100000000000001,0.0
849,10.100000000000001,0.0
850,10.100000000000001,0.0
851,10.100000000000001,0.0
852,10.100000000000001,0.0
853,10.100000000000001,0.0
854,10.100000000000001,0.0
855,10.100000000000001,0.0
856,10.100000000000001,0.0
857,10.100000000000001,0.0
858,10.100000000000001,0.0
859,10.100000000000001,0.0
860,10.100000000000001,0.0
861,10.100000000000001,0.0
862,10.100000000000001,0.0
863,10.100000000000001,0.0
864,10.100000000000001,0.0
865,10.100000000000001,0.0
866,10.100000000000001,0.0
867,10.100000000000001,0.0
868,10.100000000000001,0.0
869,10.100000000000001,0.0
870,10.100000000000001,0.0
871,10.100000000000001,0.0
872,10.100000000000001,0.0
873,10.100000000000001,0.0
874,10.100000000000001,0.0
875,10.100000000000001,0.0
876,10.100000000000001,0.0
877,10.100000000000001,0.0
878,10.100000000000001,0.0
879,10.100000000000001,0.0
880,10.100000000000001,0.0
881,10.100000000000001,0.0
882,10.100000000000001,0.0
883,10.100000000000001,0.0
884,10.100000000000001,0.0
885,10.100000000000001,0.0
886,10.100000000000001,0.0
887,10.100000000000001,0.0
888,10.100000000000001,0.0
889,10.100000000000001,0.0
890,10.100000000000001,0.0
891,10.100000000000001,0.0
892,10.100000000000001,0.0
893,10.100000000000001,0.0
894,10.100000000000001,0.0
895,10.100000000000001,0.0
896,10.100000000000001,0.0
897,10.100000000000001,0.0
898,10.100000000000001,0.0
899,10.100000000000001,0.0
900,10.100000000000001,0.0
901,10.100000000000001,0.0
902,10.100000000000001,0.0
903,10.100000000000001,0.0
904,10.100000000000001,0.0
905,10.100000000000001,0.0
906,10.100000000000001,0.0
907,10.100000000000001,0.0
908,10.100000000000001,0.0
909,10.100000000000001,0.0
910,10.100000000000001,0.0
911,10.100000000000001,0.0
912,10.100000000000001,0.0
913,10.100000000000001,0.0
914,10.100000000000001,0.0
915,10.100000000000001,0.0
916,10.100000000000001,0.0
917,10.100000000000001,0.0
918,10.100000000000001,0.0
919,10.100000000000001,0.0
920,10.100000000000001,0.0
921,10.100000000000001,0.0
922,10.100000000000001,0.0
923,10.100000000000001,0.0
924,10.100000000000001,0.0
925,10.100000000000001,0.0
926,10.100000000000001,0.0
927,10.100000000000001,0.0
928,10.100000000000001,0.0
929,10.100000000000001,0.0
930,10.100000000000001,0.0
931,10.100000000000001,0.0
932,10.100000000000001,0.0
933,10.100000000000001,0.0
934,10.100000000000001,0.0
935,10.100000000000001,0.0
936,10.100000000000001,0.0
937,10.600000000000001,0.0
938,10.600000000000001,0.0
939,10.600000000000001,0.0
940,10.600000000000001,0.0
941,10.600000000000001,0.0
942,10.600000000000001,0.0
943,10.600000000000001,0.0
944,10.600000000000001,0.0
945,10.600000000000001,0.0
946,10.600000000000001,0.0
947,10.600000000000001,0.0
948,10.600000000000001,0.0
949,10.600000000000001,0.0
950,10.600000000000001,0.0
951,10.600000000000001,0.0
952,10.600000000000001,0.0
953,10.600000000000001,0.0
954,10.600000000000001,0.0
955,10.600000000000001,0.0
956,10.600000000000001,0.0
957,10.600000000000001,0.0
958,10.600000000000001,0.0
959,10.600000000000001,0.0
960,10.600000000000001,0.0
961,10.600000000000001,0.0
962,10.600000000000001,0.0
963,10.600000000000001,0.0
964,10.600000000000001,0.0
965,10.600000000000001,0.0
966,10.600000000000001,0.0
967,10.600000000000001,0.0
968,10.600000000000001,0.0
969,10.600000000000001,0.0
970,10.600000000000001,0.0
971,10.600000000000001,0.0
972,10.600000000000001,0.0
973,10.600000000000001,0.0
974,10.600000000000001,0.0
975,10.600000000000001,0.0
976,10.600000000000001,0.0
977,10.600000000000001,0.0
978,10.600000000000001,0.0
979,10.600000000000001,0.0
980,10.600000000000001,0.0
981,10.600000000000001,0.0
982,10.600000000000001,0.0
983,10.600000000000001,0.0
984,10.600000000000001,0.0
985,10.600000000000001,0.0
986,10.600000000000001,0.0
987,10.600000000000001,0.0
988,10.600000000000001,0.0
989,11.0,0.0
990,11.0,0.0
991,11.0,0.0
992,11.0,0.0
993,11.0,0.0
994,11.0,0.0
995,11.0,0.0
996,11.0,0.0
997,11.0,0.0
998,11.0,0.0
999,11.0,0.0
1000,11.0,0.0
1001,11.0,0.0
1002,11.0,0.0
1003,11.0,0.0
1004,11.0,0.0
1005,11.0,0.0
1006,11.0,0.0
1007,11.0,0.0
1008,11.0,0.0
1009,11.0,0.0
1010,11.0,0.0
1011,11.0,0.0
1012,11.0,0.0
1013,11.0,0.0
1014,11.0,0.0
1015,11.0,0.0
1016,11.0,0.0
1017,11.0,0.0
1018,11.0,0.0
1019,11.0,0.0
1020,11.0,0.0
1021,11.0,0.0
1022,11.0,0.0
1023,11.0,0.0
1024,11.0,0.0
1025,11.0,0.0
1026,11.0,0.0
1027,11.0,0.0
1028,11.0,0.0
1029,11.0,0.0
1030,11.0,0.0
1031,11.0,0.0
1032,11.0,0.0
1033,11.0,0.0
1034,11.0,0.0
1035,11.0,0.0
1036,11.0,0.0
1037,11.0,0.0
1038,11.0,0.0
1039,11.0,0.0
1040,11.0,0.0
1041,11.0,0.0
1042,11.0,0.0
1043,11.0,0.0
1044,11.0,0.0
1045,11.0,0.0
1046,11.0,0.0
1047,11.0,0.0
1048,11.0,0.0
1049,11.0,0.0
1050,11.0,0.0
1051,11.0,0.0
1052,11.0,0.0
1053,11.0,0.0
1054,11.0,0.0
1055,11.0,0.0
1056,11.0,0.0
1057,11.0,0.0
1058,11.0,0.0
1059,11.0,0.0
1060,11.0,0.0
1061,11.0,0.0
1062,11.0,0.0
1063,11.0,0.0
1064,11.0,0.0
1065,11.0,0.0
1066,11.0,0.0
1067,11.0,0.0
1068,11.0,0.0
1069,11.0,0.0
1070,11.0,0.0
1071,11.0,0.0
1072,11.0,0.0
1073,11.0,0.0
1074,11.0,0.0
1075,11.0,0.0
1076,11.0,0.0
1077,11.0,0.0
1078,11.0,0.0
1079,11.0,0.0
1080,11.0,0.0
1081,11.0,0.0
1082,11.0,0.0
1083,11.0,0.0
1084,11.0,0.0
1085,11.0,0.0
1086,11.0,0.0
1087,11.0,0.0
1088,11.0,0.0
1089,11.0,0.0
1090,11.0,0.0
1091,11.0,0.0
1092,11.0,0.0
1093,11.0,0.0
1094,11.0,0.0
1095,11.0,0.0
1096,11.0,0.0
1097,11.0,0.0
1098,11.0,0.0
1099,11.0,0.0
1100,11.0,0.0
1101,11.0,0.0
1102,11.0,0.0
1103,11.0,0.0
1104,11.0,0.0
1105,11.0,0.0
1106,11.0,0.0
1107,11.0,0.0
1108,11.0,0.0
1109,11.0,0.0
1110,11.0,0.0
1111,11.0,0.0
1112,11.0,0.0
1113,11.0,0.0
1114,11.0,0.0
1115,11.0,0.0
1116,11.0,0.0
1117,11.0,0.0
1118,11.0,0.0
1119,11.0,0.0
1120,11.0,0.0
1121,11.0,0.0
1122,11.0,0.0
1123,11.0,0.0
1124,11.0,0.0
1125,11.0,0.0
1126,11.0,0.0
1127,11.0,0.0
1128,11.0,0.0
1129,11.0,0.0
1130,11.0,0.0
1131,11.0,0.0
1132,11.0,0.0
1133,11.0,0.0
1134,11.0,0.0
1135,11.0,0.0
1136,11.0,0.0
1137,11.0,0.0
1138,11.0,0.0
1139,11.0,0.0
1140,11.0,0.0
1141,11.0,0.0
1142,11.0,0.0
1143,11.0,0.0
1144,11.0,0.0
1145,11.0,0.0
1146,11.0,0.0
1147,11.0,0.0
1148,11.0,0.0
1149,11.0,0.0
1150,11.0,0.0
1151,11.0,0.0
1152,11.0,0.0
1153,11.0,0.0
1154,14.100000000000001,0.0
1155,14.100000000000001,0.0
1156,14.100000000000001,0.0
1157,14.100000000000001,0.0
1158,14.100000000000001,0.0
1159,14.100000000000001,0.0
1160,14.100000000000001,0.0
1161,14.100000000000001,0.0
1162,14.100000000000001,0.0
1163,14.100000000000001,0.0
1164,14.100000000000001,0.0
1165,14.100000000000001,0.0
1166,14.100000000000001,0.0
1167,14.100000000000001,0.0
1168,14.100000000000001,0.0
1169,14.100000000000001,0.0
1170,14.100000000000001,0.0
1171,14.100000000000001,0.0
1172,14.100000000000001,0.0
1173,14.100000000000001,0.0
1174,14.100000000000001,0.0
1175,14.100000000000001,0.0
1176,14.100000000000001,0.0
1177,14.100000000000001,0.0
1178,14.100000000000001,0.0
1179,14.100000000000001,0.0
1180,14.100000000000001,0.0
1181,14.100000000000001,0.0
1182,14.100000000000001,0.0
1183,14.100000000000001,0.0
1184,14.100000000000001,0.0
1185,14.100000000000001,0.0
1186,14.100000000000001,0.0
1187,14.100000000000001,0.0
1188,14.100000000000001,0.0
1189,14.100000000000001,0.0
1190,14.100000000000001,0.0
1191,14.100000000000001,0.0
1192,14.100000000000001,0.0
1193,14.100000000000001,0.0
1194,14.100000000000001,0.0
1195,14.100000000000001,0.0
1196,14.100000000000001,0.0
1197,14.100000000000001,0.0
1198,14.100000000000001,0.0
1199,14.100000000000001,0.0
1200,17.6,0.0
1201,17.6,0.0
1202,17.6,0.0
1203,17.6,0.0
1204,17.6,0.0
1205,17.6,0.0
1206,17.6,0.0
1207,17.6,0.0
1208,17.6,0.0
1209,17.6,0.0
1210,17.6,0.0
1211,17.6,0.0
1212,17.6,0.0
1213,17.6,0.0
1214,17.6,0.0
1215,17.6,0.0
1216,17.6,0.03197752473770521
1217,17.6,0.03197752473770521
1218,17.6,0.03197752473770521
1219,17.6,0.03197752473770521
1220,17.6,0.03197752473770521
1221,17.6,0.046491969568891456
1222,17.6,0.046491969568891456
1223,17.6,0.046491969568891456
1224,17.6,0.046491969568891456
1225,17.6,0.046491969568891456
1226,17.6,0.07445345001905324
1227,17.6,0.07445345001905324
1228,17.6,0.07445345001905324
1229,17.6,0.08791208791208405
1230,17.6,0.08791208791208405
1231,17.6,0.13197752473770308
1232,17.6,0.13197752473770308
1233,17.6,0.13197752473770308
1234,17.6,0.13197752473770308
1235,17.6,0.13197752473770308
1236,17.6,0.13197752473770308
1237,17.6,0.1464919695688911
1238,17.6,0.1464919695688911
1239,17.6,0.17445345001905466
1240,17.6,0.17445345001905466
1241,17.6,0.17445345001905466
1242,17.6,0.18791208791208547
1243,17.6,0.18791208791208547
1244,17.6,0.2319775247377045
1245,17.6,0.2319775247377045
1246,17.6,0.2319775247377045
1247,17.6,0.2319775247377045
1248,17.6,0.2744534500190561
1249,17.6,0.3088889993867312
1250,17.6,0.37445345001905395
1251,17.6,0.38791208791208476
1252,17.6,0.4319775247377038
1253,17.6,0.4319775247377038
1254,17.6,0.43487809324912874
1255,17.6,0.43593390018728684
1256,17.6,0.43593390018728684
1257,17.6,0.47445345001905537
1258,17.6,0.5464919695688915
1259,17.6,0.5464919695688915
1260,17.6,0.5464919695688915
1261,17.6,0.6319775247377049
1262,17.6,0.6319775247377049
1263,17.6,0.6319775247377049
1264,17.6,0.6348780932491316
1265,17.6,0.665616384620904
1266,17.6,0.6744534500190547
1267,17.6,0.6744534500190547
1268,17.6,0.6744534500190547
1269,17.6,0.7464919695688916
1270,17.6,0.7464919695688916
1271,17.6,0.7464919695688916
1272,17.6,0.7464919695688916
1273,17.6,0.7608671871115256
1274,17.6,0.8207619931601755
1275,17.6,0.8207619931601791
1276,17.6,0.8207619931601791
1277,17.6,0.8348780932491273
1278,17.6,0.8348780932491309
1279,17.6,0.8348780932491309
1280,17.6,0.8348780932491309
1281,17.6,0.8348780932491309
1282,17.6,0.8464919695688922
1283,17.6,0.8879120879120848
1284,17.6,0.8879120879120848
1285,17.6,0.8879120879120848
1286,17.6,0.9319775247377056
1287,17.6,0.9319775247377056
1288,17.6,0.9744534500190518
1289,17.6,1.0319775247377052
1290,17.6,1.0319775247377052
1291,17.6,1.0319775247377052
1292,17.6,1.0319775247377052
1293,17.6,1.0348780932491302
1294,17.6,1.0507151973215323
1295,17.6,1.087912087912084
1296,17.6,1.087912087912084
1297,17.6,1.1321051497522028
1298,17.6,1.1744534500190547
1299,17.6,1.1744534500190547
1300,17.6,1.1744534500190547
1301,17.6,1.2319775247377045
1302,17.6,1.235933900187291
1303,17.6,1.2744534500190525
1304,17.6,1.274453450019056
1305,17.6,1.274453450019056
1306,17.6,1.274453450019056
1307,17.6,1.274453450019056
1308,17.6,1.274453450019056
1309,17.6,1.274453450019056
1310,17.6,1.328415626605672
1311,17.6,1.331977524737706
1312,17.6,1.331977524737706
1313,17.6,1.331977524737706
1314,17.6,1.3348780932491309
1315,17.6,1.3879120879120883
1316,17.6,1.3879120879120883
1317,17.6,1.4319775247377056
1318,17.6,1.4319775247377056
1319,17.6,1.4319775247377056
1320,17.6,1.4464919695688918
1321,17.6,1.4464919695688918
1322,17.6,1.4744534500190518
1323,17.6,1.4744534500190518
1324,17.6,1.4744534500190554
1325,20.1,1.4744534500190554
1326,20.1,1.4744534500190554
1327,20.1,1.4744534500190554
1328,20.1,1.5284156266056712
1329,20.1,1.5319775247377034
1330,20.1,1.5319775247377034
1331,20.1,1.5665406991198836
1332,20.1,1.6493809358062634
1333,20.1,1.6493809358062634
1334,20.1,1.6744534500190547
1335,20.1,1.6744534500190547
1336,20.1,1.6744534500190547
1337,20.1,1.6744534500190547
1338,20.1,1.6744534500190547
1339,20.1,1.7207619931601776
1340,20.1,1.7207619931601776
1341,20.1,1.7348780932491294
1342,20.1,1.7464919695688916
1343,20.1,1.7493809358062578
1344,20.1,1.7493809358062578
1345,20.1,1.7493809358062578
1346,20.1,1.7493809358062578
1347,20.1,1.7493809358062578
1348,20.1,1.8088889993867312
1349,20.1,1.8088889993867312
1350,20.1,1.8319775247377041
1351,20.1,1.8319775247377041
1352,20.1,1.8464919695688922
1353,20.1,1.8464919695688922
1354,20.1,1.9088889993867326
1355,20.1,1.9348780932491287
1356,20.1,1.9348780932491287
1357,20.1,1.9348780932491287
1358,20.1,1.9493809358062606
1359,20.1,1.9493809358062606
1360,20.1,1.9493809358062606
1361,20.1,1.9493809358062606
1362,20.1,1.9493809358062606
1363,20.1,1.9493809358062606
1364,20.1,1.9493809358062606
1365,20.1,1.9493809358062606
1366,20.1,1.9493809358062606
1367,20.1,1.9493809358062606
1368,20.1,1.9770987685014827
1369,20.1,1.9879120879120826
1370,20.1,1.9879120879120826
1371,20.1,2.131977524737703
1372,20.1,2.131977524737703
1373,20.1,2.131977524737703
1374,20.1,2.131977524737703
1375,20.1,2.1359339001872897
1376,20.1,2.1359339001872897
1377,20.1,2.1402847529544324
1378,20.1,2.146491969568892
1379,21.8,2.1493809358062634
1380,21.8,2.1608671871115277
1381,21.8,2.1744534500190547
1382,21.8,2.1744534500190547
1383,21.8,2.2493809358062578
1384,21.8,2.2493809358062578
1385,21.8,2.2493809358062578
1386,21.8,2.2493809358062578
1387,21.8,2.2493809358062578
1388,21.8,2.287912087912087
1389,21.8,2.287912087912087
1390,21.8,2.331977524737704
1391,21.8,2.331977524737704
1392,21.8,2.331977524737704
1393,21.8,2.331977524737706
1394,21.8,2.331977524737706
1395,21.8,2.331977524737706
1396,21.8,2.331977524737706
1397,21.8,2.374453450019054
1398,21.8,2.374453450019054
1399,21.8,2.374453450019054
1400,21.8,2.374453450019054
1401,21.8,2.374453450019054
1402,21.8,2.409016624401236
1403,21.8,2.446491969568892
1404,21.8,2.4493809358062606
1405,21.8,2.4493809358062606
1406,21.8,2.531977524737705
1407,21.8,2.5625843236702934
1408,21.8,2.5744534500190532
1409,21.8,2.587912087912084
1410,21.8,2.587912087912084
1411,21.8,2.615885170636301
1412,21.8,2.7156183183332487
1413,21.8,2.7319775247377045
1414,21.8,2.7319775247377045
1415,21.8,2.7319775247377045
1416,21.8,2.7319775247377045
1417,21.8,2.7319775247377045
1418,21.8,2.7319775247377045
1419,21.8,2.7744534500190525
1420,21.8,2.7744534500190525
1421,21.8,2.7744534500190525
1422,21.8,2.7744534500190525
1423,21.8,2.7744534500190525
1424,21.8,2.7744534500190525
1425,21.8,2.774453450019056
1426,21.8,2.774453450019056
1427,21.8,2.787912087912087
1428,21.8,2.787912087912087
1429,21.8,2.8348780932491273
1430,21.8,2.8348780932491273
1431,21.8,2.835933900187289
1432,21.8,2.849380935806259
1433,21.8,2.849380935806259
1434,21.8,2.849380935806259
1435,21.8,2.849380935806259
1436,21.8,2.849380935806259
1437,21.8,2.849380935806259
1438,21.8,2.849380935806259
1439,21.8,2.849380935806259
1440,21.8,2.849380935806259
1441,21.8,2.849380935806259
1442,21.8,2.8744534500190575
1443,21.8,2.8744534500190575
1444,21.8,2.8744534500190575
1445,21.8,2.8782822004541444
1446,21.8,2.9088889993867326
1447,21.8,2.9088889993867326
1448,21.8,2.946491969568892
1449,21.8,2.946491969568892
1450,21.8,2.9493809358062606
1451,21.8,2.9493809358062606
1452,21.8,2.9493809358062606
1453,21.8,2.966540699119882
1454,21.8,3.008888999386734
1455,21.8,3.087912087912084
1456,21.8,3.131977524737705
1457,21.8,3.1348780932491316
1458,21.8,3.1348780932491316
1459,21.8,3.1896292244708526
1460,21.8,3.208888999386737
1461,21.8,3.208888999386737
1462,21.8,3.2319775247377045
1463,21.8,3.2319775247377045
1464,21.8,3.2319775247377045
1465,21.8,3.2319775247377045
1466,21.8,3.3218178000983443
1467,21.8,3.331977524737704
1468,21.8,3.331977524737704
1469,21.8,3.331977524737704
1470,21.8,3.331977524737704
1471,21.8,3.331977524737704
1472,21.8,3.3359339001872925
1473,21.8,3.431977524737704
1474,21.8,3.431977524737704
1475,21.8,3.431977524737704
1476,21.8,3.431977524737704
1477,21.8,3.4319775247377056
1478,21.8,3.4319775247377056
1479,21.8,3.4348780932491287
1480,21.8,3.5464919695688915
1481,21.8,3.5464919695688915
1482,21.8,3.549380935806262
1483,21.8,3.549380935806262
1484,21.8,3.549380935806262
1485,21.8,3.549380935806262
1486,21.8,3.549380935806262
1487,21.8,3.549380935806262
1488,21.8,3.5744534500190532
1489,21.8,3.631977524737703
1490,21.8,3.631977524737703
1491,21.8,3.631977524737703
1492,21.8,3.6348780932491316
1493,21.8,3.6879120879120855
1494,21.8,3.6879120879120855
1495,21.8,3.6879120879120855
1496,21.8,3.7319775247377045
1497,21.8,3.7319775247377045
1498,21.8,3.7319775247377045
1499,21.8,3.7319775247377045
1500,21.8,3.7319775247377045
1501,21.8,3.7319775247377045
1502,21.8,3.7493809358062578
1503,21.8,3.7493809358062578
1504,21.8,3.7493809358062578
1505,21.8,3.7493809358062578
1506,21.8,3.808888999386731
1507,21.8,3.808888999386731
1508,21.8,3.846491969568892
1509,21.8,3.846491969568892
1510,21.8,3.846491969568892
1511,21.8,3.935933900187287
1512,21.8,3.946491969568892
1513,21.8,3.9493809358062677
1514,21.8,3.9782822004541423
1515,21.8,4.074453450019053
1516,21.8,4.1088889993867355
1517,21.8,4.2319775247377045
1518,21.8,4.2319775247377045
1519,21.8,4.235933900187291
1520,21.8,4.2464919695688925
1521,21.8,4.274453450019056
1522,21.8,4.274453450019056
1523,21.8,4.274453450019056
1524,22.0,4.274453450019056
1525,22.0,4.274453450019056
1526,22.0,4.274453450019056
1527,22.0,4.274453450019056
1528,22.0,4.274453450019056
1529,22.0,4.274453450019056
1530,22.0,4.2782822004541465
1531,22.0,4.374453450019054
1532,22.0,4.374453450019054
1533,22.0,4.374453450019054
1534,22.0,4.3744534500190575
1535,22.0,4.3744534500190575
1536,22.0,4.431977524737704
1537,22.0,4.434878093249129
1538,22.0,4.434878093249129
1539,22.0,4.434878093249129
1540,22.0,4.531977524737705
1541,22.0,4.531977524737705
1542,22.0,4.531977524737705
1543,22.0,4.531977524737705
1544,22.0,4.531977524737705
1545,22.0,4.535933900187288
1546,22.0,4.560337349930101
1547,22.0,4.574453450019053
1548,22.0,4.574453450019053
1549,22.0,4.646491969568893
1550,22.0,4.646491969568893
1551,22.0,4.735933900187291
1552,22.0,4.834878093249131
1553,22.0,4.834878093249131
1554,22.0,4.887912087912085
1555,22.0,4.895569588782259
1556,22.0,4.908888999386733
1557,22.0,4.949380935806261
1558,22.0,4.949380935806261
1559,22.0,4.949380935806261
1560,22.0,5.0464919695688915
1561,22.0,5.0464919695688915
1562,22.0,5.049380935806262
1563,22.0,5.049380935806262
1564,22.0,5.131977524737707
1565,22.0,5.131977524737707
1566,22.0,5.149380935806263
1567,22.0,5.149380935806263
1568,22.0,5.149380935806263
1569,22.0,5.149380935806263
1570,22.0,5.149380935806263
1571,22.0,5.149380935806263
1572,22.0,5.174453450019055
1573,22.0,5.174453450019055
1574,22.0,5.174453450019055
1575,22.0,5.174453450019055
1576,22.0,5.2348780932491294
1577,22.0,5.274453450019056
1578,22.0,5.349380935806266
1579,22.0,5.349380935806266
1580,22.0,5.349380935806266
1581,22.0,5.349380935806266
1582,22.0,5.349380935806266
1583,22.0,5.349380935806266
1584,22.0,5.349380935806266
1585,22.0,5.408888999386733
1586,22.0,5.431977524737704
1587,22.0,5.508888999386734
1588,22.0,5.508888999386734
1589,22.0,5.53487809324913
1590,22.0,5.660337349930103
1591,22.0,5.674453450019055
1592,22.0,5.674453450019055
1593,22.0,5.674453450019055
1594,22.0,5.674453450019055
1595,22.0,5.674453450019055
1596,22.0,5.674453450019055
1597,22.0,5.746491969568891
1598,22.0,5.746491969568891
1599,22.0,5.831977524737702
1600,22.0,5.831977524737702
1601,22.0,5.846491969568892
1602,22.0,5.849380935806259
1603,22.0,5.849380935806266
1604,22.0,5.849380935806266
1605,22.0,5.849380935806266
1606,22.0,5.849380935806266
1607,22.0,5.849380935806266
1608,22.0,5.849380935806266
1609,22.0,5.874453450019054
1610,22.0,5.874453450019054
1611,22.0,5.874453450019054
1612,22.0,5.874453450019054
1613,22.0,5.931977524737704
1614,22.0,5.931977524737704
1615,22.0,5.946491969568892
1616,22.0,5.946491969568894
1617,22.0,5.974453450019052
1618,22.0,5.974453450019052
1619,22.0,6.031977524737705
1620,22.0,6.049380935806262
1621,22.0,6.049380935806262
1622,22.0,6.049380935806262
1623,22.0,6.049380935806262
1624,22.0,6.049380935806262
1625,22.0,6.049380935806262
1626,22.0,6.074453450019053
1627,22.0,6.074453450019053
1628,22.0,6.074453450019053
1629,22.0,6.074453450019053
1630,22.0,6.074453450019053
1631,22.0,6.074453450019053
1632,22.0,6.074453450019053
1633,22.0,6.074453450019053
1634,22.0,6.087912087912084
1635,22.0,6.1591500505527605
1636,22.0,6.2319775247377045
1637,22.0,6.274453450019056
1638,22.0,6.274453450019056
1639,22.0,6.346491969568892
1640,22.0,6.346491969568892
1641,22.0,6.349380935806266
1642,22.0,6.387912087912085
1643,22.0,6.535933900187288
1644,22.0,6.646491969568893
1645,22.0,6.649380935806263
1646,22.0,6.649380935806263
1647,22.0,6.649380935806263
1648,22.0,6.7319775247377045
1649,22.0,6.7319775247377045
1650,22.0,6.7319775247377045
1651,22.0,6.7319775247377045
1652,22.0,6.746491969568891
1653,22.0,6.774453450019056
1654,22.0,6.774453450019056
1655,22.0,6.774453450019056
1656,22.0,6.816674125271408
1657,22.0,6.846491969568892
1658,22.0,6.846491969568892
1659,22.0,6.931977524737704
1660,22.0,6.931977524737704
1661,22.0,6.931977524737704
1662,22.0,6.931977524737704
1663,22.0,6.931977524737704
1664,22.0,6.974453450019052
1665,22.0,6.974453450019052
1666,22.0,6.974453450019052
1667,22.5,6.974453450019052
1668,22.5,7.074453450019053
1669,22.5,7.074453450019053
1670,22.5,7.074453450019053
1671,22.5,7.074453450019053
1672,22.5,7.074453450019053
1673,22.5,7.074453450019053
1674,22.5,7.074453450019053
1675,22.5,7.146491969568893
1676,22.5,7.146491969568893
1677,22.5,7.146491969568893
1678,22.5,7.146491969568893
1679,22.5,7.146491969568893
1680,22.5,7.146491969568893
1681,22.5,7.149380935806263
1682,22.5,7.1879120879120855
1683,22.5,7.231977524737708
1684,22.5,7.231977524737708
1685,22.5,7.249380935806258
1686,22.5,7.274453450019056
1687,22.5,7.274453450019056
1688,22.5,7.274453450019056
1689,22.5,7.274453450019056
1690,22.5,7.274453450019056
1691,22.5,7.274453450019056
1692,22.5,7.274453450019056
1693,22.5,7.274453450019056
1694,22.5,7.287912087912087
1695,22.5,7.287912087912087
1696,22.5,7.474453450019055
1697,22.5,7.474453450019055
1698,22.5,7.487912087912083
1699,22.5,7.487912087912086
1700,22.5,7.5464919695688915
1701,22.5,7.657305288979494
1702,22.5,7.7319775247377045
1703,22.5,7.7319775247377045
1704,22.5,7.7464919695688925
1705,22.5,7.774453450019056
1706,22.5,7.774453450019056
1707,22.5,7.831977524737702
1708,22.5,7.834878093249127
1709,22.5,7.859150050552763
1710,22.5,8.131977524737707
1711,22.5,8.131977524737707
1712,22.5,8.131977524737707
1713,22.5,8.134878093249132
1714,22.5,8.146491969568892
1715,22.5,8.174453450019055
1716,22.5,8.174453450019055
1717,22.5,8.24649196956889
1718,22.5,8.24649196956889
1719,22.5,8.249380935806258
1720,22.5,8.249380935806258
1721,22.5,8.249380935806258
1722,22.5,8.249380935806258
1723,22.5,8.249380935806258
1724,22.5,8.249380935806258
1725,22.5,8.249380935806258
1726,22.5,8.249380935806258
1727,22.5,8.249380935806258
1728,23.8,8.249380935806258
1729,23.8,8.33487809324913
1730,23.8,8.346491969568891
1731,23.8,8.34938093580626
1732,23.8,8.34938093580626
1733,23.8,8.34938093580626
1734,23.8,8.34938093580626
1735,23.8,8.431977524737704
1736,23.8,8.474453450019052
1737,23.8,8.474453450019052
1738,23.8,8.474453450019059
1739,23.8,8.474453450019059
1740,23.8,8.474453450019059
1741,23.8,8.474453450019059
1742,23.8,8.544902458024627
1743,23.8,8.546491969568894
1744,23.8,8.549380935806262
1745,23.8,8.549380935806262
1746,23.8,8.549380935806262
1747,23.8,8.549380935806262
1748,23.8,8.549380935806262
1749,23.8,8.549380935806262
1750,23.8,8.549380935806262
1751,23.8,8.549380935806262
1752,23.8,8.574453450019053
1753,23.8,8.587912087912084
1754,23.8,8.587912087912084
1755,23.8,8.587912087912084
1756,23.8,8.587912087912084
1757,23.8,8.587912087912084
1758,23.8,8.631977524737707
1759,23.8,8.631977524737707
1760,23.8,8.631977524737707
1761,23.8,8.674453450019055
1762,23.8,8.674453450019055
1763,23.8,8.674453450019055
1764,23.8,8.674453450019055
1765,23.8,8.674453450019055
1766,23.8,8.674453450019055
1767,23.8,8.674453450019055
1768,23.8,8.674453450019055
1769,23.8,8.674453450019055
1770,23.8,8.774453450019056
1771,23.8,8.774453450019056
1772,23.8,8.774453450019056
1773,23.8,8.787912087912083
1774,23.8,8.887912087912088
1775,23.8,8.931977524737704
1776,23.8,8.931977524737704
1777,23.8,8.974453450019059
1778,23.8,9.008888999386734
1779,23.8,9.03487809324913
1780,23.8,9.03487809324913
1781,23.8,9.077098768501482
1782,24.900000000000002,9.134878093249132
1783,24.900000000000002,9.13593390018729
1784,24.900000000000002,9.220761993160178
1785,24.900000000000002,9.23487809324913
1786,24.900000000000002,9.24649196956889
1787,24.900000000000002,9.285278371703711
1788,24.900000000000002,9.431977524737704
1789,24.900000000000002,9.434878093249129
1790,24.900000000000002,9.446491969568893
1791,24.900000000000002,9.446491969568893
1792,24.900000000000002,9.44938093580626
1793,24.900000000000002,9.44938093580626
1794,24.900000000000002,9.44938093580626
1795,24.900000000000002,9.44938093580626
1796,24.900000000000002,9.44938093580626
1797,24.900000000000002,9.44938093580626
1798,24.900000000000002,9.44938093580626
1799,24.900000000000002,9.44938093580626
1800,24.900000000000002,9.44938093580626
1801,24.900000000000002,9.44938093580626
1802,24.900000000000002,9.44938093580626
1803,24.900000000000002,9.44938093580626
1804,24.900000000000002,9.44938093580626
1805,24.900000000000002,9.44938093580626
1806,24.900000000000002,9.508888999386734
1807,24.900000000000002,9.531977524737705
1808,24.900000000000002,9.531977524737705
1809,24.900000000000002,9.531977524737705
1810,24.900000000000002,9.531977524737705
1811,24.900000000000002,9.549380935806262
1812,24.900000000000002,9.549380935806262
1813,24.900000000000002,9.549380935806262
1814,24.900000000000002,9.549380935806262
1815,24.900000000000002,9.549380935806262
1816,24.900000000000002,9.549380935806262
1817,24.900000000000002,9.549380935806262
1818,24.900000000000002,9.587912087912084
1819,24.900000000000002,9.587912087912088
1820,24.900000000000002,9.634878093249128
1821,24.900000000000002,9.634878093249128
1822,24.900000000000002,9.634878093249132
1823,24.900000000000002,9.63593390018729
1824,24.900000000000002,9.646491969568892
1825,24.900000000000002,9.649380935806263
1826,24.900000000000002,9.649380935806263
1827,24.900000000000002,9.649380935806263
1828,24.900000000000002,9.79172923607311
1829,24.900000000000002,9.831977524737706
1830,24.900000000000002,9.831977524737706
1831,24.900000000000002,9.846491969568891
1832,24.900000000000002,9.846491969568891
1833,24.900000000000002,9.846491969568891
1834,24.900000000000002,9.849380935806266
1835,24.900000000000002,9.849380935806266
1836,24.900000000000002,9.874453450019057
1837,24.900000000000002,9.874453450019057
1838,24.900000000000002,9.874453450019057
1839,24.900000000000002,9.874453450019057
1840,24.900000000000002,9.974453450019059
1841,24.900000000000002,10.174453450019055
1842,24.900000000000002,10.174453450019055
1843,24.900000000000002,10.174453450019055
1844,24.900000000000002,10.174453450019055
1845,24.900000000000002,10.174453450019055
1846,24.900000000000002,10.174453450019055
1847,24.900000000000002,10.174453450019055
1848,24.900000000000002,10.174453450019055
1849,24.900000000000002,10.205060248951643
1850,24.900000000000002,10.231977524737704
1851,24.900000000000002,10.231977524737704
1852,24.900000000000002,10.287912087912087
1853,24.900000000000002,10.37445345001905
1854,24.900000000000002,10.37445345001905
1855,24.900000000000002,10.37445345001905
1856,24.900000000000002,10.37445345001905
1857,24.900000000000002,10.387912087912085
1858,24.900000000000002,10.387912087912088
1859,24.900000000000002,10.459150050552758
1860,24.900000000000002,10.531977524737705
1861,24.900000000000002,10.535933900187288
1862,24.900000000000002,10.535933900187288
1863,24.900000000000002,10.54649196956889
1864,24.900000000000002,10.546491969568894
1865,24.900000000000002,10.608888999386732
1866,24.900000000000002,10.608888999386732
1867,24.900000000000002,10.608888999386735
1868,24.900000000000002,10.708888999386737
1869,24.900000000000002,10.735933900187288
1870,24.900000000000002,10.74649196956889
1871,24.900000000000002,10.749380935806265
1872,24.900000000000002,10.749380935806265
1873,24.900000000000002,10.774453450019049
1874,24.900000000000002,10.774453450019049
1875,24.900000000000002,10.821817800098344
1876,24.900000000000002,10.835933900187293
1877,24.900000000000002,10.84938093580626
1878,24.900000000000002,10.87445345001905
1879,24.900000000000002,10.87445345001905
1880,24.900000000000002,11.177098768501484
1881,24.900000000000002,11.187912087912085
1882,24.900000000000002,11.408888999386736
1883,24.900000000000002,11.434878093249129
1884,24.900000000000002,11.434878093249129
1885,24.900000000000002,11.434878093249129
1886,24.900000000000002,11.44649196956889
1887,24.900000000000002,11.561783766761131
1888,24.900000000000002,11.574453450019053
1889,24.900000000000002,11.574453450019053
1890,24.900000000000002,11.574453450019053
1891,24.900000000000002,11.574453450019053
1892,24.900000000000002,11.574453450019053
1893,24.900000000000002,11.574453450019053
1894,24.900000000000002,11.574453450019053
1895,24.900000000000002,11.674453450019055
1896,24.900000000000002,11.687912087912085
1897,24.900000000000002,11.687912087912085
1898,24.900000000000002,11.87445345001905
1899,24.900000000000002,11.87445345001905
1900,24.900000000000002,11.87445345001905
1901,24.900000000000002,11.87445345001905
1902,24.900000000000002,11.887912087912085
1903,24.900000000000002,11.931977524737704
1904,24.900000000000002,11.931977524737704
1905,24.900000000000002,11.987912087912083
1906,24.900000000000002,12.087912087912084
1907,24.900000000000002,12.131977524737707
1908,24.900000000000002,12.131977524737707
1909,24.900000000000002,12.131977524737707
1910,24.900000000000002,12.134878093249132
1911,24.900000000000002,12.174453450019055
1912,24.900000000000002,12.208888999386737
1913,24.900000000000002,12.235933900187291
1914,24.900000000000002,12.287912087912087
1915,24.900000000000002,12.365484892181723
1916,24.900000000000002,12.531977524737705
1917,24.900000000000002,12.531977524737705
1918,24.900000000000002,12.531977524737705
1919,24.900000000000002,12.531977524737705
1920,24.900000000000002,12.53487809324913
1921,24.900000000000002,12.53487809324913
1922,24.900000000000002,12.53487809324913
1923,24.900000000000002,12.649380935806263
1924,24.900000000000002,12.649380935806263
1925,24.900000000000002,12.649380935806263
1926,24.900000000000002,12.649380935806263
1927,24.900000000000002,12.649380935806263
1928,24.900000000000002,12.73487809324913
1929,24.900000000000002,12.73487809324913
1930,24.900000000000002,12.765484892181721
1931,24.900000000000002,12.774453450019056
1932,24.900000000000002,12.774453450019056
1933,24.900000000000002,12.828415626605672
1934,24.900000000000002,12.828415626605672
1935,24.900000000000002,12.905060248951646
1936,24.900000000000002,12.934878093249129
1937,24.900000000000002,12.987912087912083
1938,24.900000000000002,12.987912087912083
1939,27.8,13.031977524737705
1940,27.8,13.031977524737705
1941,27.8,13.04649196956889
1942,27.8,13.074453450019053
1943,27.8,13.074453450019053
1944,27.8,13.074453450019053
1945,27.8,13.087912087912084
1946,27.8,13.087912087912084
1947,27.8,13.131977524737707
1948,27.8,13.131977524737707
1949,27.8,13.131977524737707
1950,27.8,13.131977524737707
1951,27.8,13.131977524737707
1952,27.8,13.146491969568892
1953,27.8,13.160867187111528
1954,27.8,13.187912087912085
1955,27.8,13.187912087912085
1956,27.8,13.283031397963523
1957,27.8,13.287912087912087
1958,27.8,13.287912087912087
1959,27.8,13.287912087912087
1960,27.8,13.287912087912087
1961,27.8,13.287912087912087
1962,27.8,13.331977524737702
1963,27.8,13.331977524737702
1964,27.8,13.331977524737706
1965,27.8,13.33487809324913
1966,27.8,13.33487809324913
1967,27.8,13.531977524737705
1968,27.8,13.531977524737705
1969,27.8,13.63593390018729
1970,27.8,13.63593390018729
1971,27.8,13.649380935806263
1972,27.8,13.649380935806263
1973,27.8,13.649380935806263
1974,27.8,13.649380935806263
1975,27.8,13.649380935806263
1976,27.8,13.649380935806263
1977,27.8,13.649380935806263
1978,27.8,13.649380935806263
1979,27.8,13.649380935806263
1980,27.8,13.66548489218172
1981,27.8,13.678282200454145
1982,27.8,13.708888999386733
1983,27.8,13.774453450019056
1984,27.8,13.787912087912087
1985,27.8,13.787912087912087
1986,27.8,13.787912087912087
1987,27.8,13.834878093249127
1988,27.8,13.834878093249127
1989,27.8,13.834878093249127
1990,27.8,13.834878093249127
1991,27.8,13.846491969568891
1992,27.8,13.84938093580626
1993,27.8,13.84938093580626
1994,27.8,13.84938093580626
1995,27.8,13.84938093580626
1996,27.8,13.84938093580626
1997,27.8,13.908888999386733
1998,27.8,13.965484892181724
1999,27.8,14.031977524737705
2000,27.8,14.031977524737705
2001,27.8,14.031977524737705
2002,27.8,14.035933900187288
2003,27.8,14.035933900187288
2004,27.8,14.04649196956889
2005,27.8,14.108888999386735
2006,27.8,14.131977524737707
2007,27.8,14.134878093249132
2008,27.8,14.134878093249132
2009,27.8,14.134878093249132
2010,27.8,14.177098768501487
2011,27.8,14.231977524737704
2012,27.8,14.231977524737704
2013,27.8,14.231977524737704
2014,27.8,14.235933900187291
2015,27.8,14.308888999386735
2016,27.8,14.33487809324913
2017,27.8,14.33487809324913
2018,27.8,14.33487809324913
2019,27.8,14.431977524737704
2020,27.8,14.431977524737704
2021,27.8,14.431977524737704
2022,27.8,14.431977524737704
2023,27.8,14.431977524737704
2024,27.8,14.431977524737704
2025,27.8,14.431977524737704
2026,27.8,14.431977524737704
2027,27.8,14.462584323670292
2028,27.8,14.474453450019059
2029,27.8,14.474453450019059
2030,27.8,14.474453450019059
2031,27.8,14.587912087912084
2032,27.8,14.608888999386735
2033,27.8,14.631977524737703
2034,27.8,14.631977524737703
2035,27.8,14.631977524737703
2036,27.8,14.631977524737703
2037,27.8,14.689629224470856
2038,27.8,14.731977524737708
2039,27.8,14.731977524737708
2040,27.8,14.735933900187291
2041,27.8,14.735933900187291
2042,27.8,14.735933900187291
2043,27.8,14.935933900187287
2044,27.8,14.94649196956889
2045,27.8,14.94649196956889
2046,27.8,14.98791208791209
2047,27.8,14.98791208791209
2048,27.8,14.98791208791209
2049,27.8,15.03487809324913
2050,27.8,15.035933900187288
2051,27.8,15.108888999386735
2052,27.8,15.108888999386735
2053,27.8,15.13593390018729
2054,27.8,15.235933900187291
2055,27.8,15.334878093249134
2056,27.8,15.334878093249134
2057,27.8,15.431977524737707
2058,27.8,15.431977524737707
2059,27.8,15.434878093249129
2060,27.8,15.444902458024625
2061,27.8,15.53487809324913
2062,27.8,15.577098768501486
2063,27.8,15.587912087912084
2064,27.8,15.735933900187291
2065,27.8,15.834878093249134
2066,27.8,15.887912087912088
2067,27.8,15.887912087912088
2068,27.8,15.887912087912088
2069,27.8,15.931977524737704
2070,27.8,15.98791208791209
2071,27.8,15.98791208791209
2072,27.8,16.008888999386734
2073,27.8,16.049380935806262
2074,27.8,16.049380935806262
2075,27.8,16.049380935806262
2076,27.8,16.049380935806262
2077,27.8,16.131977524737707
2078,27.8,16.131977524737707
2079,27.8,16.131977524737707
2080,27.8,16.131977524737707
2081,27.8,16.160337349930103
2082,27.8,16.174453450019055
2083,27.8,16.187912087912085
2084,27.8,16.231977524737704
2085,27.8,16.231977524737704
2086,27.8,16.231977524737708
2087,27.8,16.231977524737708
2088,27.8,16.574453450019053
2089,27.8,16.574453450019053
2090,27.8,16.574453450019053
2091,27.8,16.574453450019053
2092,27.8,16.63593390018729
2093,27.8,16.734878093249133
2094,27.8,16.749380935806258
2095,27.8,16.749380935806258
2096,33.9,16.749380935806258
2097,33.9,16.749380935806258
2098,33.9,16.749380935806258
2099,33.9,16.749380935806258
2100,33.9,16.749380935806258
2101,33.9,16.749380935806258
2102,33.9,16.749380935806258
2103,33.9,16.749380935806258
2104,33.9,16.749380935806258
2105,33.9,16.749380935806258
2106,33.9,16.749380935806258
2107,33.9,16.80888899938674
2108,33.9,16.834878093249134
2109,33.9,16.849380935806266
2110,33.9,16.849380935806266
2111,33.9,16.849380935806266
2112,33.9,16.849380935806266
2113,33.9,16.849380935806266
2114,33.9,16.849380935806266
2115,33.9,16.849380935806266
2116,33.9,16.849380935806266
2117,33.9,16.88791208791208
2118,33.9,16.935933900187294
2119,33.9,17.03487809324913
2120,33.9,17.049380935806262
2121,33.9,17.049380935806262
2122,33.9,17.049380935806262
2123,33.9,17.06548489218172
2124,33.9,17.131977524737707
2125,33.9,17.349380935806266
2126,33.9,17.349380935806266
2127,33.9,17.362584323670294
2128,33.9,17.37445345001905
2129,33.9,17.374453450019057
2130,33.9,17.44938093580626
2131,33.9,17.44938093580626
2132,33.9,17.47445345001906
2133,33.9,17.491729236073112
2134,33.9,17.531977524737705
2135,33.9,17.531977524737705
2136,33.9,17.531977524737705
2137,33.9,17.531977524737705
2138,33.9,17.708888999386737
2139,33.9,17.731977524737704
2140,33.9,17.731977524737704
2141,33.9,17.731977524737704
2142,33.9,17.731977524737704
2143,33.9,17.80888899938674
2144,33.9,17.80888899938674
2145,33.9,17.835933900187293
2146,33.9,17.88791208791208
2147,33.9,17.931977524737704
2148,33.9,17.931977524737704
2149,33.9,17.931977524737704
2150,33.9,17.931977524737704
2151,33.9,17.935933900187294
2152,33.9,17.935933900187294
2153,33.9,17.974453450019052
2154,33.9,17.97445345001906
2155,33.9,17.97445345001906
2156,33.9,17.97445345001906
2157,33.9,17.97445345001906
2158,33.9,17.97445345001906
2159,33.9,17.97445345001906
2160,33.9,17.97445345001906
2161,33.9,17.97445345001906
2162,33.9,17.97445345001906
2163,33.9,18.131977524737707
2164,33.9,18.131977524737707
2165,33.9,18.174453450019055
2166,33.9,18.259150050552762
2167,33.9,18.331977524737706
2168,33.9,18.38791208791208
2169,33.9,18.38791208791208
2170,33.9,18.631977524737707
2171,33.9,18.631977524737707
2172,33.9,18.70888899938673
2173,33.9,18.720761993160174
2174,33.9,18.734878093249126
2175,33.9,18.734878093249126
2176,33.9,18.787912087912087
2177,33.9,18.787912087912087
2178,33.9,18.820761993160183
2179,33.9,18.831977524737702
2180,33.9,18.831977524737702
2181,33.9,18.834878093249134
2182,33.9,18.834878093249134
2183,33.9,19.031977524737705
2184,33.9,19.04649196956889
2185,33.9,19.131977524737707
2186,33.9,19.131977524737707
2187,33.9,19.25730528897949
2188,33.9,19.331977524737706
2189,33.9,19.331977524737706
2190,33.9,19.331977524737706
2191,33.9,19.331977524737706
2192,33.9,19.631977524737707
2193,33.9,19.649380935806263
2194,33.9,19.649380935806263
2195,33.9,19.649380935806263
2196,33.9,19.649380935806263
2197,33.9,19.649380935806263
2198,33.9,19.649380935806263
2199,33.9,19.649380935806263
2200,33.9,19.649380935806263
2201,33.9,19.649380935806263
2202,33.9,19.649380935806263
2203,33.9,19.691729236073115
2204,33.9,19.70888899938673
2205,33.9,19.70888899938673
2206,33.9,19.70888899938673
2207,33.9,19.774453450019056
2208,33.9,19.774453450019056
2209,33.9,19.774453450019056
2210,33.9,19.787912087912087
2211,33.9,19.787912087912087
2212,33.9,19.787912087912087
2213,33.9,19.80888899938674
2214,33.9,19.835933900187285
2215,33.9,19.87445345001905
2216,33.9,19.87445345001905
2217,33.9,19.87445345001905
2218,33.9,19.87445345001905
2219,33.9,19.93487809324913
2220,33.9,19.935933900187294
2221,33.9,19.94938093580626
2222,33.9,19.94938093580626
2223,33.9,19.94938093580626
2224,33.9,19.94938093580626
2225,33.9,19.94938093580626
2226,33.9,19.94938093580626
2227,33.9,19.94938093580626
2228,33.9,19.94938093580626
2229,33.9,19.959150050552758
2230,33.9,20.074453450019053
2231,33.9,20.074453450019053
2232,33.9,20.074453450019053
2233,33.9,20.15915005055276
2234,33.9,20.188967894850244
2235,33.9,20.246491969568893
2236,33.9,20.249380935806258
2237,33.9,20.249380935806258
2238,33.9,20.249380935806258
2239,33.9,20.249380935806258
2240,33.9,20.249380935806258
2241,33.9,20.249380935806258
2242,33.9,20.249380935806258
2243,33.9,20.33197752473771
2244,33.9,20.33197752473771
2245,33.9,20.33197752473771
2246,33.9,20.37445345001905
2247,33.9,20.37445345001905
2248,33.9,20.37445345001905
2249,33.9,20.37445345001905
2250,33.9,20.37445345001905
2251,33.9,20.37445345001905
2252,33.9,20.431977524737704
2253,33.9,20.431977524737704
2254,33.9,20.44938093580626
2255,33.9,20.44938093580626
2256,33.9,20.44938093580626
2257,33.9,20.44938093580626
2258,33.9,20.44938093580626
2259,33.9,20.44938093580626
2260,33.9,20.44938093580626
2261,33.9,20.44938093580626
2262,33.9,20.44938093580626
2263,33.9,20.44938093580626
2264,33.9,20.44938093580626
2265,33.9,20.44938093580626
2266,33.9,20.44938093580626
2267,37.1,20.44938093580626
2268,37.1,20.44938093580626
2269,37.1,20.44938093580626
2270,37.1,20.44938093580626
2271,37.1,20.44938093580626
2272,37.1,20.44938093580626
2273,37.1,20.48791208791209
2274,37.1,20.531977524737705
2275,37.1,20.574453450019053
2276,37.1,20.574453450019053
2277,37.1,20.574453450019053
2278,37.1,20.574453450019053
2279,37.1,20.631977524737707
2280,37.1,20.631977524737707
2281,37.1,20.774453450019056
2282,37.1,20.83197752473771
2283,37.1,20.908888999386733
2284,37.1,20.974453450019052
2285,37.1,20.974453450019052
2286,37.1,20.974453450019052
2287,37.1,20.974453450019052
2288,37.1,21.074453450019053
2289,37.1,21.074453450019053
2290,37.1,21.074453450019053
2291,37.1,21.074453450019053
2292,37.1,21.087912087912084
2293,37.1,21.34649196956889
2294,37.1,21.54938093580627
2295,37.1,21.54938093580627
2296,37.1,21.54938093580627
2297,37.1,21.54938093580627
2298,37.1,21.649380935806263
2299,37.1,21.649380935806263
2300,37.1,21.649380935806263
2301,37.1,21.649380935806263
2302,37.1,21.674453450019055
2303,37.1,21.674453450019055
2304,37.1,21.674453450019055
2305,37.1,21.731977524737708
2306,37.1,21.731977524737708
2307,37.1,21.74649196956889
2308,37.1,21.74649196956889
2309,37.1,21.749380935806265
2310,37.1,21.749380935806265
2311,37.1,21.749380935806265
2312,37.1,21.83197752473771
2313,37.1,21.844902458024624
2314,37.1,21.84938093580626
2315,37.1,21.84938093580626
2316,37.1,21.84938093580626
2317,37.1,22.031977524737705
2318,37.1,22.2319775247377
2319,37.1,22.2319775247377
2320,37.1,22.2319775247377
2321,37.1,22.30888899938674
2322,37.1,22.587912087912084
2323,37.1,22.68303139796352
2324,37.1,22.849380935806266
2325,37.1,22.849380935806266
2326,37.1,22.849380935806266
2327,37.1,22.849380935806266
2328,37.1,22.849380935806266
2329,37.1,22.849380935806266
2330,37.1,22.849380935806266
2331,37.1,22.849380935806266
2332,37.1,22.849380935806266
2333,37.1,22.849380935806266
2334,37.1,22.849380935806266
2335,37.1,22.849380935806266
2336,37.1,22.849380935806266
2337,37.1,22.849380935806266
2338,37.1,22.849380935806266
2339,37.1,22.849380935806266
2340,37.1,22.891729236073118
2341,37.1,22.944902458024625
2342,37.1,23.03487809324913
2343,37.1,23.03593390018729
2344,37.1,23.074453450019053
2345,37.1,23.074453450019053
2346,37.1,23.078282200454144
2347,37.1,23.349380935806266
2348,37.1,23.349380935806266
2349,37.1,23.349380935806266
2350,37.1,23.349380935806266
2351,37.1,23.349380935806266
2352,37.1,23.349380935806266
2353,37.1,23.349380935806266
2354,37.1,23.349380935806266
2355,37.1,23.349380935806266
2356,37.1,23.349380935806266
2357,37.1,23.349380935806266
2358,37.1,23.349380935806266
2359,37.1,23.391729236073118
2360,37.1,23.420761993160177
2361,37.1,23.431977524737704
2362,37.1,23.431977524737704
2363,37.1,23.43487809324913
2364,37.1,23.47445345001906
2365,37.1,23.7319775247377
2366,37.1,23.974453450019052
2367,37.1,23.97445345001906
2368,37.1,23.97445345001906
2369,37.1,23.97445345001906
2370,37.1,23.97445345001906
2371,37.1,23.98791208791209
2372,37.1,24.157305288979497
2373,37.1,24.234878093249126
2374,37.1,24.246491969568893
2375,37.1,24.334878093249134
2376,37.1,24.334878093249134
2377,37.1,24.408888999386733
2378,37.1,24.408888999386733
2379,37.1,24.408888999386733
2380,37.1,24.649380935806263
2381,37.1,24.649380935806263
2382,37.1,24.649380935806263
2383,37.1,24.649380935806263
2384,37.1,24.649380935806263
2385,37.1,24.649380935806263
2386,37.1,24.649380935806263
2387,37.1,24.649380935806263
2388,37.1,24.649380935806263
2389,37.1,24.649380935806263
2390,37.1,24.649380935806263
2391,37.1,24.749380935806258
2392,37.1,24.749380935806258
2393,37.1,24.774453450019056
2394,37.1,24.774453450019056
2395,37.1,24.774453450019056
2396,37.1,24.774453450019056
2397,37.1,24.834878093249134
2398,37.1,24.865484892181723
2399,37.1,24.931977524737704
2400,37.1,25.08896789485025
2401,37.1,25.446491969568893
2402,37.1,25.631977524737707
2403,37.1,25.631977524737707
2404,37.1,25.88791208791208
2405,37.1,26.031977524737705
2406,37.1,26.031977524737705
2407,37.1,26.04649196956889
2408,37.1,26.13487809324913
2409,37.1,26.249380935806258
2410,37.1,26.249380935806258
2411,37.1,26.249380935806258
2412,37.1,26.249380935806258
2413,37.1,26.249380935806258
2414,37.1,26.249380935806258
2415,37.1,26.249380935806258
2416,37.1,26.249380935806258
2417,37.1,26.249380935806258
2418,37.1,26.249380935806258
2419,37.1,26.249380935806258
2420,37.1,26.249380935806258
2421,37.1,26.249380935806258
2422,37.1,26.37445345001905
2423,37.1,26.37445345001905
2424,37.1,26.37445345001905
2425,37.1,26.37445345001905
2426,37.1,26.37445345001905
2427,37.1,26.37445345001905
2428,37.1,26.474453450019052
2429,37.1,26.587912087912084
2430,37.1,26.587912087912084
2431,37.1,26.587912087912084
2432,37.1,26.674453450019055
2433,37.1,26.674453450019055
2434,37.1,26.734878093249126
2435,37.1,26.787912087912087
2436,37.1,26.93487809324913
2437,37.1,26.93487809324913
2438,40.5,27.20453814661959
2439,40.5,27.234878093249126
2440,40.5,27.43487809324913
2441,40.5,27.43487809324913
2442,40.5,27.43487809324913
2443,40.5,27.54938093580627
2444,40.5,27.54938093580627
2445,40.5,27.54938093580627
2446,40.5,27.54938093580627
2447,40.5,27.54938093580627
2448,40.5,27.574453450019053
2449,40.5,27.574453450019053
2450,40.5,27.574453450019053
2451,40.5,27.574453450019053
2452,40.5,27.574453450019053
2453,40.5,27.574453450019053
2454,40.5,27.574453450019053
2455,40.5,27.574453450019053
2456,40.5,27.574453450019053
2457,40.5,27.649380935806263
2458,40.5,27.649380935806263
2459,40.5,27.649380935806263
2460,40.5,27.649380935806263
2461,40.5,27.649380935806263
2462,40.5,27.649380935806263
2463,40.5,27.674453450019055
2464,40.5,27.687912087912085
2465,40.5,27.70888899938673
2466,40.5,27.834878093249127
2467,40.5,27.87445345001905
2468,40.5,27.908888999386733
2469,40.5,27.97445345001906
2470,40.5,28.408888999386733
2471,40.5,28.53593390018729
2472,40.5,28.80888899938673
2473,40.5,28.874453450019057
2474,40.5,28.874453450019057
2475,40.5,28.908888999386733
2476,40.5,29.03593390018729
2477,40.5,29.146491969568892
2478,40.5,29.187912087912085
2479,40.5,29.231977524737708
2480,40.5,29.287912087912087
2481,40.5,29.287912087912087
2482,40.5,29.83197752473771
2483,40.5,29.83197752473771
2484,40.5,29.93487809324913
2485,40.5,30.031977524737705
2486,40.5,30.031977524737705
2487,40.5,30.031977524737705
2488,40.5,30.03487809324913
2489,40.5,30.187912087912085
2490,40.5,30.334878093249134
2491,40.5,30.48791208791209
2492,40.5,30.732105149752204
2493,40.5,30.774453450019056
2494,40.5,30.774453450019056
2495,40.5,30.774453450019056
2496,40.5,30.831977524737702
2497,40.5,30.834878093249134
2498,40.5,30.846491969568888
2499,40.5,31.03487809324913
2500,40.5,31.131977524737707
2501,40.5,31.146491969568892
2502,40.5,31.23593390018729
2503,40.5,31.346491969568888
2504,40.5,31.346491969568888
2505,40.5,31.7319775247377
2506,40.5,31.760337349930104
2507,40.5,31.774453450019056
2508,40.5,31.774453450019056
2509,40.5,31.774453450019056
2510,40.5,31.774453450019056
2511,40.5,31.931977524737704
2512,40.5,31.974453450019052
2513,40.5,31.974453450019052
2514,40.5,31.974453450019052
2515,40.5,31.974453450019052
2516,40.5,31.974453450019052
2517,40.5,31.974453450019052
2518,40.5,31.974453450019052
2519,40.5,31.974453450019052
2520,40.5,32.008888999386734
2521,40.5,32.17828220045415
2522,40.5,32.2319775247377
2523,40.5,32.387912087912085
2524,40.5,32.387912087912085
2525,40.5,32.48791208791208
2526,40.5,32.63197752473771
2527,40.5,32.68791208791208
2528,40.5,32.68791208791208
2529,40.5,32.8319775247377
2530,40.5,32.8319775247377
2531,40.5,33.049380935806255
2532,40.5,33.049380935806255
2533,40.5,33.049380935806255
2534,40.5,33.049380935806255
2535,40.5,33.049380935806255
2536,40.5,33.049380935806255
2537,40.5,33.14649196956889
2538,40.5,33.446491969568896
2539,40.5,33.531977524737705
2540,40.5,33.534878093249134
2541,40.5,33.534878093249134
2542,40.5,33.58791208791209
2543,40.5,33.58791208791209
2544,40.5,33.58791208791209
2545,40.5,33.74938093580627
2546,40.5,33.849380935806266
2547,40.5,33.849380935806266
2548,40.5,33.849380935806266
2549,40.5,33.887912087912085
2550,40.5,34.17445345001906
2551,40.5,34.17445345001906
2552,40.5,34.17445345001906
2553,40.5,34.17445345001906
2554,40.5,34.42076199316018
2555,40.5,34.42076199316018
2556,40.5,34.434878093249125
2557,40.5,34.64938093580626
2558,40.5,34.64938093580626
2559,40.5,34.70506024895164
2560,40.5,34.74938093580626
2561,40.5,34.74938093580626
2562,40.5,34.74938093580626
2563,40.5,34.74938093580626
2564,40.5,34.74938093580626
2565,40.5,34.74938093580626
2566,40.5,34.74938093580626
2567,40.5,34.74938093580626
2568,40.5,34.87445345001905
2569,40.5,34.87445345001905
2570,40.5,34.87445345001905
2571,40.5,34.87445345001905
2572,40.5,34.87445345001905
2573,40.5,34.87445345001905
2574,40.5,34.931977524737704
2575,41.800000000000004,34.974453450019055
2576,41.800000000000004,34.974453450019055
2577,41.800000000000004,34.974453450019055
2578,41.800000000000004,34.974453450019055
2579,41.800000000000004,34.974453450019055
2580,41.800000000000004,35.04938093580627
2581,41.800000000000004,35.04938093580627
2582,41.800000000000004,35.04938093580627
2583,41.800000000000004,35.13197752473771
2584,41.800000000000004,35.14938093580626
2585,41.800000000000004,35.14938093580626
2586,41.800000000000004,35.14938093580626
2587,41.800000000000004,35.14938093580626
2588,41.800000000000004,35.14938093580626
2589,41.800000000000004,35.14938093580626
2590,41.800000000000004,35.14938093580626
2591,41.800000000000004,35.14938093580626
2592,41.800000000000004,35.14938093580626
2593,41.800000000000004,35.14938093580626
2594,41.800000000000004,35.14938093580626
2595,41.800000000000004,35.14938093580626
2596,41.800000000000004,35.14938093580626
2597,41.800000000000004,35.17445345001906
2598,41.800000000000004,35.17445345001906
2599,41.800000000000004,35.17445345001906
2600,41.800000000000004,35.17445345001906
2601,41.800000000000004,35.17445345001906
2602,41.800000000000004,35.33197752473771
2603,41.800000000000004,35.474453450019055
2604,41.800000000000004,35.474453450019055
2605,41.800000000000004,35.508888999386734
2606,41.800000000000004,35.53593390018729
2607,41.800000000000004,35.53593390018729
2608,41.800000000000004,35.608888999386735
2609,41.800000000000004,35.63593390018729
2610,41.800000000000004,35.73487809324914
2611,41.800000000000004,35.8319775247377
2612,41.800000000000004,36.031977524737705
2613,41.800000000000004,36.63197752473771
2614,41.800000000000004,36.849380935806266
2615,41.800000000000004,36.946491969568896
2616,41.800000000000004,36.94938093580626
2617,41.800000000000004,36.94938093580626
2618,41.800000000000004,36.94938093580626
2619,41.800000000000004,36.94938093580626
2620,41.800000000000004,36.94938093580626
2621,41.800000000000004,36.94938093580626
2622,41.800000000000004,36.94938093580626
2623,41.800000000000004,36.94938093580626
2624,41.800000000000004,36.94938093580626
2625,41.800000000000004,36.94938093580626
2626,41.800000000000004,36.94938093580626
2627,41.800000000000004,36.94938093580626
2628,41.800000000000004,36.94938093580626
2629,41.800000000000004,36.94938093580626
2630,41.800000000000004,36.94938093580626
2631,41.800000000000004,37.77445345001905
2632,41.800000000000004,37.77445345001905
2633,41.800000000000004,37.77445345001905
2634,41.800000000000004,37.77445345001905
2635,41.800000000000004,37.77445345001905
2636,41.800000000000004,37.77445345001905
2637,41.800000000000004,37.77445345001905
2638,41.800000000000004,37.77445345001905
2639,41.9,37.77445345001905
2640,41.9,38.07445345001905
2641,41.9,38.07445345001905
2642,41.9,38.07445345001905
2643,41.9,38.07445345001905
2644,41.9,38.14938093580626
2645,41.9,38.2319775247377
2646,41.9,38.24938093580626
2647,41.9,38.24938093580626
2648,41.9,38.24938093580626
2649,41.9,38.24938093580626
2650,41.9,38.24938093580626
2651,41.9,38.24938093580626
2652,41.9,38.24938093580626
2653,41.9,38.24938093580626
2654,41.9,38.24938093580626
2655,41.9,38.24938093580626
2656,41.9,38.24938093580626
2657,41.9,38.24938093580626
2658,41.9,38.24938093580626
2659,41.9,38.24938093580626
2660,41.9,38.24938093580626
2661,41.9,38.24938093580626
2662,41.9,38.349380935806266
2663,41.9,38.349380935806266
2664,41.9,38.44938093580626
2665,41.9,38.44938093580626
2666,41.9,38.44938093580626
2667,41.9,38.44938093580626
2668,41.9,38.44938093580626
2669,41.9,38.44938093580626
2670,41.9,38.44938093580626
2671,41.9,38.44938093580626
2672,41.9,38.44938093580626
2673,41.9,38.44938093580626
2674,41.9,38.44938093580626
2675,41.9,38.44938093580626
2676,41.9,38.44938093580626
2677,41.9,38.44938093580626
2678,41.9,38.44938093580626
2679,41.9,38.44938093580626
2680,41.9,38.44938093580626
2681,41.9,38.44938093580626
2682,41.9,38.44938093580626
2683,41.9,38.44938093580626
2684,41.9,38.44938093580626
2685,41.9,38.44938093580626
2686,41.9,38.44938093580626
2687,41.9,38.44938093580626
2688,41.9,38.44938093580626
2689,41.9,38.44938093580626
2690,41.9,38.44938093580626
2691,41.9,38.49172923607311
2692,41.9,38.57445345001905
2693,41.9,38.57445345001905
2694,41.9,38.57445345001905
2695,41.9,38.57445345001905
2696,41.9,38.608888999386735
2697,41.9,38.608888999386735
2698,41.9,38.73593390018729
2699,41.9,38.83487809324913
2700,41.9,38.83487809324913
2701,41.9,39.24938093580627
2702,41.9,39.24938093580627
2703,41.9,39.24938093580627
2704,41.9,39.349380935806266
2705,41.9,39.349380935806266
2706,41.9,39.349380935806266
2707,41.9,39.349380935806266
2708,41.9,39.349380935806266
2709,41.9,39.349380935806266
2710,41.9,39.349380935806266
2711,41.9,39.349380935806266
2712,41.9,39.349380935806266
2713,41.9,39.349380935806266
2714,41.9,39.349380935806266
2715,41.9,39.349380935806266
2716,41.9,39.349380935806266
2717,41.9,39.349380935806266
2718,41.9,39.349380935806266
2719,41.9,39.349380935806266
2720,41.9,39.349380935806266
2721,41.9,39.349380935806266
2722,41.9,39.349380935806266
2723,41.9,39.349380935806266
2724,41.9,39.349380935806266
2725,41.9,39.349380935806266
2726,41.9,39.349380935806266
2727,41.9,39.349380935806266
2728,41.9,39.349380935806266
2729,41.9,39.349380935806266
2730,41.9,39.349380935806266
2731,41.9,39.349380935806266
2732,41.9,39.349380935806266
2733,41.9,39.349380935806266
2734,41.9,39.349380935806266
2735,41.9,39.349380935806266
2736,41.9,39.349380935806266
2737,41.9,39.349380935806266
2738,41.9,39.349380935806266
2739,41.9,39.349380935806266
2740,41.9,39.349380935806266
2741,41.9,39.349380935806266
2742,41.9,39.349380935806266
2743,41.9,39.349380935806266
2744,41.9,39.349380935806266
2745,41.9,39.349380935806266
2746,41.9,39.349380935806266
2747,41.9,39.349380935806266
2748,41.9,39.349380935806266
2749,41.9,39.349380935806266
2750,41.9,39.349380935806266
2751,41.9,39.431977524737704
2752,41.9,39.431977524737704
2753,41.9,39.54938093580627
2754,41.9,39.54938093580627
2755,41.9,39.54938093580627
2756,41.9,39.54938093580627
2757,41.9,39.54938093580627
2758,41.9,39.54938093580627
2759,41.9,39.64938093580626
2760,41.9,39.64938093580626
2761,41.9,39.64938093580626
2762,41.9,39.64938093580626
2763,41.9,39.64938093580626
2764,41.9,39.64938093580626
2765,41.9,39.64938093580626
2766,41.9,39.64938093580626
2767,41.9,39.64938093580626
2768,41.9,39.64938093580626
2769,41.9,39.64938093580626
2770,41.9,39.64938093580626
2771,41.9,39.64938093580626
2772,41.9,39.64938093580626
2773,41.9,39.64938093580626
2774,41.9,39.64938093580626
2775,41.9,39.64938093580626
2776,41.9,39.64938093580626
2777,41.9,39.64938093580626
2778,41.9,39.64938093580626
2779,41.9,39.64938093580626
2780,41.9,39.64938093580626
2781,41.9,39.64938093580626
2782,41.9,39.64938093580626
2783,41.9,39.64938093580626
2784,41.9,39.64938093580626
2785,41.9,39.64938093580626
2786,41.9,39.64938093580626
2787,41.9,39.64938093580626
2788,41.9,39.64938093580626
2789,41.9,39.64938093580626
2790,41.9,39.64938093580626
2791,41.9,39.64938093580626
2792,41.9,39.64938093580626
2793,41.9,39.64938093580626
2794,41.9,39.64938093580626
2795,41.9,39.64938093580626
2796,41.9,39.64938093580626
2797,41.9,39.64938093580626
2798,41.9,39.64938093580626
2799,41.9,39.64938093580626
2800,41.9,39.64938093580626
2801,41.9,39.64938093580626
2802,41.9,39.64938093580626
2803,41.9,39.64938093580626
2804,41.9,39.64938093580626
2805,41.9,39.64938093580626
2806,41.9,39.64938093580626
2807,41.9,39.64938093580626
2808,41.9,39.64938093580626
2809,41.9,39.64938093580626
2810,41.9,39.64938093580626
2811,41.9,39.64938093580626
2812,41.9,39.64938093580626
2813,41.9,39.64938093580626
2814,41.9,39.64938093580626
2815,41.9,39.64938093580626
2816,41.9,39.64938093580626
2817,41.9,39.76654069911988
2818,41.9,39.77709876850148
2819,41.9,39.84490245802462
2820,41.9,39.860337349930106
2821,41.9,39.87445345001906
2822,41.9,39.974453450019055
2823,41.9,40.73197752473771
2824,41.9,40.8319775247377
2825,41.9,40.887912087912085
2826,41.9,40.887912087912085
2827,41.9,40.94938093580626
2828,41.9,40.94938093580626
2829,41.9,40.94938093580626
2830,41.9,40.94938093580626
2831,41.9,40.974453450019055
2832,41.9,40.974453450019055
2833,41.9,40.974453450019055
2834,41.9,40.974453450019055
2835,41.9,40.974453450019055
2836,41.9,40.974453450019055
2837,41.9,40.98791208791209
2838,41.9,41.049380935806255
2839,41.9,41.049380935806255
2840,41.9,41.049380935806255
2841,41.9,41.049380935806255
2842,41.9,41.049380935806255
2843,41.9,41.049380935806255
2844,41.9,41.049380935806255
2845,41.9,41.049380935806255
2846,41.9,41.049380935806255
2847,41.9,41.049380935806255
2848,41.9,41.049380935806255
2849,41.9,41.049380935806255
2850,41.9,41.049380935806255
2851,41.9,41.049380935806255
2852,41.9,41.049380935806255
2853,41.9,41.049380935806255
2854,41.9,41.049380935806255
2855,41.9,41.049380935806255
2856,41.9,41.049380935806255
2857,41.9,41.049380935806255
2858,41.9,41.049380935806255
2859,41.9,41.049380935806255
2860,41.9,41.049380935806255
2861,41.9,41.049380935806255
2862,41.9,41.049380935806255
2863,41.9,41.049380935806255
2864,41.9,41.049380935806255
2865,41.9,41.049380935806255
2866,41.9,41.049380935806255
2867,41.9,41.049380935806255
2868,41.9,41.049380935806255
2869,41.9,41.049380935806255
2870,41.9,41.049380935806255
2871,41.9,41.049380935806255
2872,41.9,41.049380935806255
2873,41.9,41.049380935806255
2874,41.9,41.049380935806255
2875,41.9,41.049380935806255
2876,41.9,41.049380935806255
2877,41.9,41.049380935806255
2878,41.9,41.049380935806255
2879,41.9,41.049380935806255
2880,41.9,41.049380935806255
2881,41.9,41.049380935806255
2882,41.9,41.049380935806255
2883,41.9,41.049380935806255
2884,41.9,41.049380935806255
2885,41.9,41.049380935806255
2886,41.9,41.049380935806255
2887,41.9,41.049380935806255
2888,41.9,41.049380935806255
2889,41.9,41.049380935806255
2890,41.9,41.049380935806255
2891,41.9,41.049380935806255
2892,41.9,41.049380935806255
2893,41.9,41.049380935806255
2894,41.9,41.18791208791208
2895,41.9,41.18791208791208
2896,41.9,41.46033734993011
2897,41.9,41.474453450019055
2898,41.9,41.474453450019055
2899,41.9,41.474453450019055
2900,41.9,41.474453450019055
2901,41.9,41.83487809324913
2902,41.9,41.83487809324913
2903,41.9,41.83487809324913
2904,41.9,41.9
2905,41.9,41.9
2906,41.9,41.9
2907,41.9,41.9
2908,41.9,41.9
2909,41.9,41.9
2910,41.9,41.9
2911,41.9,41.9
2912,41.9,41.9
2913,41.9,41.9
2914,41.9,41.9
2915,41.9,41.9
2916,41.9,41.9
2917,41.9,41.9
2918,41.9,41.9
2919,41.9,41.9
2920,41.9,41.9
2921,41.9,41.9
2922,41.9,41.9
2923,41.9,41.9
2924,41.9,41.9
2925,41.9,41.9
2926,41.9,41.9
2927,41.9,41.9
2928,41.9,41.9
2929,41.9,41.9
2930,41.9,41.9
2931,41.9,41.9
2932,41.9,41.9
2933,41.9,41.9
2934,41.9,41.9
2935,41.9,41.9
2936,41.9,41.9
2937,41.9,41.9
2938,41.9,41.9
2939,41.9,41.9
2940,41.9,41.9
2941,41.9,41.9
2942,41.9,41.9
2943,41.9,41.9
2944,41.9,41.9
2945,41.9,41.9
2946,41.9,41.9
2947,41.9,41.9
2948,41.9,41.9
2949,41.9,41.9
2950,41.9,41.9
2951,41.9,41.9
2952,41.9,41.9
2953,41.9,41.9
2954,41.9,41.9
2955,41.9,41.9
2956,41.9,41.9
2957,41.9,41.9
2958,41.9,41.9
2959,41.9,41.9
2960,41.9,41.9
2961,41.9,41.9
2962,41.9,41.9
2963,41.9,41.9
2964,41.9,41.9
2965,41.9,41.9
2966,41.9,41.9
2967,41.9,41.9
2968,41.9,41.9
2969,41.9,41.9
2970,41.9,41.9
2971,41.9,41.9
2972,41.9,41.9
2973,41.9,41.9
2974,41.9,41.9
2975,41.9,41.9
2976,41.9,41.9
2977,41.9,41.9
2978,41.9,41.9
2979,41.9,41.9
2980,41.9,41.9
2981,41.9,41.9
2982,41.9,41.9
2983,41.9,41.9
2984,41.9,41.9
2985,41.9,41.9
2986,41.9,41.9
2987,41.9,41.9
2988,41.9,41.9
2989,41.9,41.9
2990,41.9,41.9
2991,41.9,41.9
2992,41.9,41.9
2993,41.9,41.9
2994,41.9,41.9
2995,41.9,41.9
2996,41.9,41.9
2997,41.9,41.9
2998,41.9,41.9
2999,41.9,41.9
3000,41.9,41.9
3001,41.9,41.9
3002,41.9,41.9
3003,41.9,41.9
3004,41.9,41.9
3005,41.9,41.9
3006,41.9,41.9
3007,41.9,41.9
3008,41.9,41.9
3009,41.9,41.9
3010,41.9,41.9
3011,41.9,41.9
3012,41.9,41.9
3013,41.9,41.9
3014,41.9,41.9
3015,41.9,41.9
3016,41.9,41.9
3017,41.9,41.9
3018,41.9,41.9
3019,41.9,41.9
3020,41.9,41.9
3021,41.9,41.9
3022,41.9,41.9
3023,41.9,41.9
3024,41.9,41.9
3025,41.9,41.9
3026,41.9,41.9
3027,41.9,41.9
3028,41.9,41.9
3029,41.9,41.9
3030,41.9,41.9
3031,41.9,41.9
3032,41.9,41.9
3033,41.9,41.9
3034,41.9,41.9
3035,41.9,41.9
3036,41.9,41.9
3037,41.9,41.9
3038,41.9,41.9
3039,41.9,41.9
3040,41.9,41.9
3041,41.9,41.9
3042,41.9,41.9
3043,41.9,41.9
3044,41.9,41.9
3045,41.9,41.9
3046,41.9,41.9
3047,41.9,41.9
3048,41.9,41.9
3049,41.9,41.9
3050,41.9,41.9
3051,41.9,41.9
3052,41.9,41.9
3053,41.9,41.9
3054,41.9,41.9
3055,41.9,41.9
3056,41.9,41.9
3057,41.9,41.9
3058,41.9,41.9
3059,41.9,41.9
3060,41.9,41.9
3061,41.9,41.9
3062,41.9,41.9
3063,41.9,41.9
3064,41.9,41.9
3065,41.9,41.9
3066,41.9,41.9
3067,41.9,41.9
3068,41.9,41.9
3069,41.9,41.9
3070,41.9,41.9
3071,41.9,41.9
3072,41.9,41.9
3073,41.9,41.9
3074,41.9,41.9
3075,41.9,41.9
3076,41.9,41.9
3077,41.9,41.9
3078,41.9,41.9
3079,41.9,41.9
3080,41.9,41.9
3081,41.9,41.9
3082,41.9,41.9
3083,41.9,41.9
3084,41.9,41.9
3085,41.9,41.9
3086,41.9,41.9
3087,41.9,41.9
3088,41.9,41.9
3089,41.9,41.9
3090,41.9,41.9
3091,41.9,41.9
3092,41.9,41.9
3093,41.9,41.9
3094,41.9,41.9
3095,41.9,41.9
3096,41.9,41.9
3097,41.9,41.9
3098,41.9,41.9
3099,41.9,41.9
3100,41.9,41.9
3101,41.9,41.9
3102,41.9,41.9
3103,41.9,41.9
3104,41.9,41.9
3105,41.9,41.9
3106,41.9,41.9
3107,41.9,41.9
3108,41.9,41.9
3109,41.9,41.9
3110,41.9,41.9
3111,41.9,41.9
3112,41.9,41.9
3113,41.9,41.9
3114,41.9,41.9
3115,41.9,41.9
3116,41.9,41.9
3117,41.9,41.9
3118,41.9,41.9
3119,41.9,41.9
3120,41.9,41.9
3121,41.9,41.9
3122,41.9,41.9
3123,41.9,41.9
3124,41.9,41.9
3125,41.9,41.9
3126,41.9,41.9
3127,41.9,41.9
3128,41.9,41.9
3129,41.9,41.9
3130,41.9,41.9
3131,41.9,41.9
3132,41.9,41.9
3133,41.9,41.9
3134,41.9,41.9
3135,41.9,41.9
3136,41.9,41.9
3137,41.9,41.9
3138,41.9,41.9
3139,41.9,41.9
3140,41.9,41.9
3141,41.9,41.9
3142,41.9,41.9
3143,41.9,41.9
3144,41.9,41.9
3145,41.9,41.9
3146,41.9,41.9
3147,41.9,41.9
3148,41.9,41.9
3149,41.9,41.9
3150,41.9,41.9
3151,41.9,41.9
3152,41.9,41.9
3153,41.9,41.9
3154,41.9,41.9
3155,41.9,41.9
3156,41.9,41.9
3157,41.9,41.9
3158,41.9,41.9
3159,41.9,41.9
3160,41.9,41.9
3161,41.9,41.9
3162,41.9,41.9
3163,41.9,41.9
3164,41.9,41.9
3165,41.9,41.9
3166,41.9,41.9
3167,41.9,41.9
3168,41.9,41.9
3169,41.9,41.9
3170,41.9,41.9
3171,41.9,41.9
3172,41.9,41.9
3173,41.9,41.9
3174,41.9,41.9
3175,41.9,41.9
3176,41.9,41.9
3177,41.9,41.9
3178,41.9,41.9
3179,41.9,41.9
3180,41.9,41.9
3181,41.9,41.9
3182,41.9,41.9
3183,41.9,41.9
3184,41.9,41.9
3185,41.9,41.9
3186,41.9,41.9
3187,41.9,41.9
3188,41.9,41.9
3189,41.9,41.9
3190,41.9,41.9
3191,41.9,41.9
3192,41.9,41.9
3193,41.9,41.9
3194,41.9,41.9
3195,41.9,41.9
3196,41.9,41.9
3197,41.9,41.9
3198,41.9,41.9
3199,41.9,41.9
3200,41.9,41.9
3201,41.9,41.9
3202,41.9,41.9
3203,41.9,41.9
3204,41.9,41.9
3205,41.9,41.9
3206,41.9,41.9
3207,41.9,41.9
3208,41.9,41.9
3209,41.9,41.9
3210,41.9,41.9
3211,41.9,41.9
3212,41.9,41.9
3213,41.9,41.9
3214,41.9,41.9
3215,41.9,41.9
3216,41.9,41.9
3217,41.9,41.9
3218,41.9,41.9
3219,41.9,41.9
3220,41.9,41.9
3221,41.9,41.9
3222,41.9,41.9
3223,41.9,41.9
3224,41.9,41.9
3225,41.9,41.9
3226,41.9,41.9
3227,41.9,41.9
3228,41.9,41.9
3229,41.9,41.9
3230,41.9,41.9
3231,41.9,41.9
3232,41.9,41.9
3233,41.9,41.9
3234,41.9,41.9
3235,41.9,41.9
3236,41.9,41.9
3237,41.9,41.9
3238,41.9,41.9
3239,41.9,41.9
3240,41.9,41.9
3241,41.9,41.9
3242,41.9,41.9
3243,41.9,41.9
3244,41.9,41.9
3245,41.9,41.9
3246,41.9,41.9
3247,41.9,41.9
3248,41.9,41.9
3249,41.9,41.9
3250,41.9,41.9
3251,41.9,41.9
3252,41.9,41.9
3253,41.9,41.9
3254,41.9,41.9
3255,41.9,41.9
3256,41.9,41.9
3257,41.9,41.9
3258,41.9,41.9
3259,41.9,41.9
3260,41.9,41.9
3261,41.9,41.9
3262,41.9,41.9
3263,41.9,41.9
3264,41.9,41.9
3265,41.9,41.9
3266,41.9,41.9
3267,41.9,41.9
3268,41.9,41.9
3269,41.9,41.9
3270,41.9,41.9
3271,41.9,41.9
3272,41.9,41.9
3273,41.9,41.9
3274,41.9,41.9
3275,41.9,41.9
3276,41.9,41.9
3277,41.9,41.9
3278,41.9,41.9
3279,41.9,41.9
3280,41.9,41.9
3281,41.9,41.9
3282,41.9,41.9
3283,41.9,41.9
3284,41.9,41.9
3285,41.9,41.9
3286,41.9,41.9
3287,41.9,41.9
3288,41.9,41.9
3289,41.9,41.9
3290,41.9,41.9
3291,41.9,41.9
3292,41.9,41.9
3293,41.9,41.9
3294,41.9,41.9
3295,41.9,41.9
3296,41.9,41.9
3297,41.9,41.9
3298,41.9,41.9
3299,41.9,41.9
3300,41.9,41.9
3301,41.9,41.9
3302,41.9,41.9
3303,41.9,41.9
3304,41.9,41.9
3305,41.9,41.9
3306,41.9,41.9
3307,41.9,41.9
3308,41.9,41.9
3309,41.9,41.9
3310,41.9,41.9
3311,41.9,41.9
3312,41.9,41.9
3313,41.9,41.9
3314,41.9,41.9
3315,41.9,41.9
3316,41.9,41.9
3317,41.9,41.9
3318,41.9,41.9
3319,41.9,41.9
3320,41.9,41.9
3321,41.9,41.9
3322,41.9,41.9
3323,41.9,41.9
3324,41.9,41.9
3325,41.9,41.9
3326,41.9,41.9
3327,41.9,41.9
3328,41.9,41.9
3329,41.9,41.9
3330,41.9,41.9
3331,41.9,41.9
3332,41.9,41.9
3333,41.9,41.9
3334,41.9,41.9
3335,41.9,41.9
3336,41.9,41.9
3337,41.9,41.9
3338,41.9,41.9
3339,41.9,41.9
3340,41.9,41.9
3341,41.9,41.9
3342,41.9,41.9
3343,41.9,41.9
3344,41.9,41.9
3345,41.9,41.9
3346,41.9,41.9
3347,41.9,41.9
3348,41.9,41.9
3349,41.9,41.9
3350,41.9,41.9
3351,41.9,41.9
3352,41.9,41.9
3353,41.9,41.9
3354,41.9,41.9
3355,41.9,41.9
3356,41.9,41.9
3357,41.9,41.9
3358,41.9,41.9
3359,41.9,41.9
3360,41.9,41.9
3361,41.9,41.9
3362,41.9,41.9
3363,41.9,41.9
3364,41.9,41.9
3365,41.9,41.9
3366,41.9,41.9
3367,41.9,41.9
3368,41.9,41.9
3369,41.9,41.9
3370,41.9,41.9
3371,41.9,41.9
3372,41.9,41.9
3373,41.9,41.9
3374,41.9,41.9
3375,41.9,41.9
3376,41.9,41.9
3377,41.9,41.9
3378,41.9,41.9
3379,41.9,41.9
3380,41.9,41.9
3381,41.9,41.9
3382,41.9,41.9
3383,41.9,41.9
3384,41.9,41.9
3385,41.9,41.9
3386,41.9,41.9
3387,41.9,41.9
3388,41.9,41.9
3389,41.9,41.9
3390,41.9,41.9
3391,41.9,41.9
3392,41.9,41.9
3393,41.9,41.9
3394,41.9,41.9
3395,41.9,41.9
3396,41.9,41.9
3397,41.9,41.9
3398,41.9,41.9
3399,41.9,41.9
3400,41.9,41.9
3401,41.9,41.9
3402,41.9,41.9
3403,41.9,41.9
3404,41.9,41.9
3405,41.9,41.9
3406,41.9,41.9
3407,41.9,41.9
3408,41.9,41.9
3409,41.9,41.9
3410,41.9,41.9
3411,41.9,41.9
3412,41.9,41.9
3413,41.9,41.9
3414,41.9,41.9
3415,41.9,41.9
3416,41.9,41.9
3417,41.9,41.9
3418,41.9,41.9
3419,41.9,41.9
3420,41.9,41.9
3421,41.9,41.9
3422,41.9,41.9
3423,41.9,41.9
3424,41.9,41.9
3425,41.9,41.9
3426,41.9,41.9
3427,41.9,41.9
3428,41.9,41.9
3429,41.9,41.9
3430,41.9,41.9
3431,41.9,41.9
3432,41.9,41.9
3433,41.9,41.9
3434,41.9,41.9
3435,41.9,41.9
3436,41.9,41.9
3437,41.9,41.9
3438,41.9,41.9
3439,41.9,41.9
3440,41.9,41.9
3441,41.9,41.9
3442,41.9,41.9
3443,41.9,41.9
3444,41.9,41.9
3445,41.9,41.9
3446,41.9,41.9
3447,41.9,41.9
3448,41.9,41.9
3449,41.9,41.9
3450,41.9,41.9
3451,41.9,41.9
3452,41.9,41.9
3453,41.9,41.9
3454,41.9,41.9
3455,41.9,41.9
3456,41.9,41.9
3457,41.9,41.9
3458,41.9,41.9
3459,41.9,41.9
3460,41.9,41.9
3461,41.9,41.9
3462,41.9,41.9
3463,41.9,41.9
3464,41.9,41.9
3465,41.9,41.9
3466,41.9,41.9
3467,41.9,41.9
3468,41.9,41.9
3469,41.9,41.9
3470,41.9,41.9
3471,41.9,41.9
3472,41.9,41.9
3473,41.9,41.9
3474,41.9,41.9
3475,41.9,41.9
3476,41.9,41.9
3477,41.9,41.9
3478,41.9,41.9
3479,41.9,41.9
3480,41.9,41.9
3481,41.9,41.9
3482,41.9,41.9
3483,41.9,41.9
3484,41.9,41.9
3485,41.9,41.9
3486,41.9,41.9
3487,41.9,41.9
3488,41.9,41.9
3489,41.9,41.9
3490,41.9,41.9
3491,41.9,41.9
3492,41.9,41.9
3493,41.9,41.9
3494,41.9,41.9
3495,41.9,41.9
3496,41.9,41.9
3497,41.9,41.9
3498,41.9,41.9
3499,41.9,41.9
3500,41.9,41.9
3501,41.9,41.9
3502,41.9,41.9
3503,41.9,41.9
3504,41.9,41.9
3505,41.9,41.9
3506,41.9,41.9
3507,41.9,41.9
3508,41.9,41.9
3509,41.9,41.9
3510,41.9,41.9
3511,41.9,41.9
3512,41.9,41.9
3513,41.9,41.9
3514,41.9,41.9
3515,41.9,41.9
3516,41.9,41.9
3517,41.9,41.9
3518,41.9,41.9
3519,41.9,41.9
3520,41.9,41.9
3521,41.9,41.9
3522,41.9,41.9
3523,41.9,41.9
3524,41.9,41.9
3525,41.9,41.9
3526,41.9,41.9
3527,41.9,41.9
3528,41.9,41.9
3529,41.9,41.9
3530,41.9,41.9
3531,41.9,41.9
3532,41.9,41.9
3533,41.9,41.9
3534,41.9,41.9
3535,41.9,41.9
3536,41.9,41.9
3537,41.9,41.9
3538,41.9,41.9
3539,41.9,41.9
3540,41.9,41.9
3541,41.9,41.9
3542,41.9,41.9
3543,41.9,41.9
3544,41.9,41.9
3545,41.9,41.9
3546,41.9,41.9
3547,41.9,41.9
3548,41.9,41.9
3549,41.9,41.9
3550,41.9,41.9
3551,41.9,41.9
3552,41.9,41.9
3553,41.9,41.9
3554,41.9,41.9
3555,41.9,41.9
3556,41.9,41.9
3557,41.9,41.9
3558,41.9,41.9
3559,41.9,41.9
3560,41.9,41.9
3561,41.9,41.9
3562,41.9,41.9
3563,41.9,41.9
3564,41.9,41.9
3565,41.9,41.9
3566,41.9,41.9
3567,41.9,41.9
3568,41.9,41.9
3569,41.9,41.9
3570,41.9,41.9
3571,41.9,41.9
3572,41.9,41.9
3573,41.9,41.9
3574,41.9,41.9
3575,41.9,41.9
3576,41.9,41.9
3577,41.9,41.9
3578,41.9,41.9
3579,41.9,41.9
3580,41.9,41.9
3581,41.9,41.9
3582,41.9,41.9
3583,41.9,41.9
3584,41.9,41.9
3585,41.9,41.9
3586,41.9,41.9
3587,41.9,41.9
3588,41.9,41.9
3589,41.9,41.9
3590,41.9,41.9
3591,41.9,41.9
3592,41.9,41.9
3593,41.9,41.9
3594,41.9,41.9
3595,41.9,41.9
3596,41.9,41.9
3597,41.9,41.9
3598,41.9,41.9
3599,41.9,41.9
3600,41.9,41.9
3601,41.9,41.9
3602,41.9,41.9
3603,41.9,41.9
3604,41.9,41.9
3605,41.9,41.9
3606,41.9,41.9
3607,41.9,41.9
3608,41.9,41.9
3609,41.9,41.9
3610,41.9,41.9
3611,41.9,41.9
3612,41.9,41.9
3613,41.9,41.9
3614,41.9,41.9
3615,41.9,41.9
3616,41.9,41.9
3617,41.9,41.9
3618,41.9,41.9
3619,41.9,41.9
3620,41.9,41.9
3621,41.9,41.9
3622,41.9,41.9
3623,41.9,41.9
3624,41.9,41.9
3625,41.9,41.9
3626,41.9,41.9
3627,41.9,41.9
3628,41.9,41.9
3629,41.9,41.9
3630,41.9,41.9
3631,41.9,41.9
3632,41.9,41.9
3633,41.9,41.9
3634,41.9,41.9
3635,41.9,41.9
3636,41.9,41.9
3637,41.9,41.9
3638,41.9,41.9
3639,41.9,41.9
3640,41.9,41.9
3641,41.9,41.9
3642,41.9,41.9
3643,41.9,41.9
3644,41.9,41.9
3645,41.9,41.9
3646,41.9,41.9
3647,41.9,41.9
3648,41.9,41.9
3649,41.9,41.9
3650,41.9,41.9
3651,41.9,41.9
3652,41.9,41.9
3653,41.9,41.9
3654,41.9,41.9
3655,41.9,41.9
3656,41.9,41.9
3657,41.9,41.9
3658,41.9,41.9
3659,41.9,41.9
3660,41.9,41.9
3661,41.9,41.9
3662,41.9,41.9
3663,41.9,41.9
3664,41.9,41.9
3665,41.9,41.9
3666,41.9,41.9
3667,41.9,41.9
3668,41.9,41.9
3669,41.9,41.9
3670,41.9,41.9
3671,41.9,41.9
3672,41.9,41.9
3673,41.9,41.9
3674,41.9,41.9
3675,41.9,41.9
3676,41.9,41.9
3677,41.9,41.9
3678,41.9,41.9
3679,41.9,41.9
3680,41.9,41.9
3681,41.9,41.9
3682,41.9,41.9
3683,41.9,41.9
3684,41.9,41.9
3685,41.9,41.9
3686,41.9,41.9
3687,41.9,41.9
3688,41.9,41.9
3689,41.9,41.9
3690,41.9,41.9
3691,41.9,41.9
3692,41.9,41.9
3693,41.9,41.9
3694,41.9,41.9
3695,41.9,41.9
3696,41.9,41.9
3697,41.9,41.9
3698,41.9,41.9
3699,41.9,41.9
3700,41.9,41.9
3701,41.9,41.9
3702,41.9,41.9
3703,41.9,41.9
3704,41.9,41.9
3705,41.9,41.9
3706,41.9,41.9
3707,41.9,41.9
3708,41.9,41.9
3709,41.9,41.9
3710,41.9,41.9
3711,41.9,41.9
3712,41.9,41.9
3713,41.9,41.9
3714,41.9,41.9
3715,41.9,41.9
3716,41.9,41.9
3717,41.9,41.9
3718,41.9,41.9
3719,41.9,41.9
3720,41.9,41.9
3721,41.9,41.9
3722,41.9,41.9
3723,41.9,41.9
3724,41.9,41.9
3725,41.9,41.9
3726,41.9,41.9
3727,41.9,41.9
3728,41.9,41.9
3729,41.9,41.9
3730,41.9,41.9
3731,41.9,41.9
3732,41.9,41.9
3733,41.9,41.9
3734,41.9,41.9
3735,41.9,41.9
3736,41.9,41.9
3737,41.9,41.9
3738,41.9,41.9
3739,41.9,41.9
3740,41.9,41.9
3741,41.9,41.9
3742,41.9,41.9
3743,41.9,41.9
3744,41.9,41.9
3745,41.9,41.9
3746,41.9,41.9
3747,41.9,41.9
3748,41.9,41.9
3749,41.9,41.9
3750,41.9,41.9
3751,41.9,41.9
3752,41.9,41.9
3753,41.9,41.9
3754,41.9,41.9
3755,41.9,41.9
3756,41.9,41.9
3757,41.9,41.9
3758,41.9,41.9
3759,41.9,41.9
3760,41.9,41.9
3761,41.9,41.9
3762,41.9,41.9
3763,41.9,41.9
3764,41.9,41.9
3765,41.9,41.9
3766,41.9,41.9
3767,41.9,41.9
3768,41.9,41.9
3769,41.9,41.9
3770,41.9,41.9
3771,41.9,41.9
3772,41.9,41.9
3773,41.9,41.9
3774,41.9,41.9
3775,41.9,41.9
3776,41.9,41.9
3777,41.9,41.9
3778,41.9,41.9
3779,41.9,41.9
3780,41.9,41.9
3781,41.9,41.9
3782,41.9,41.9
3783,41.9,41.9
3784,41.9,41.9
3785,41.9,41.9
3786,41.9,41.9
3787,41.9,41.9
3788,41.9,41.9
3789,41.9,41.9
3790,41.9,41.9
3791,41.9,41.9
3792,41.9,41.9
3793,41.9,41.9
3794,41.9,41.9
3795,41.9,41.9
3796,41.9,41.9
3797,41.9,41.9
3798,41.9,41.9
3799,41.9,41.9
3800,41.9,41.9
3801,41.9,41.9
3802,41.9,41.9
3803,41.9,41.9
3804,41.9,41.9
3805,41.9,41.9
3806,41.9,41.9
3807,41.9,41.9
3808,41.9,41.9
3809,41.9,41.9
3810,41.9,41.9
3811,41.9,41.9
3812,41.9,41.9
3813,41.9,41.9
3814,41.9,41.9
3815,41.9,41.9
3816,41.9,41.9
3817,41.9,41.9
3818,41.9,41.9
3819,41.9,41.9
3820,41.9,41.9
3821,41.9,41.9
3822,41.9,41.9
3823,41.9,41.9
3824,41.9,41.9
3825,41.9,41.9
3826,41.9,41.9
3827,41.9,41.9
3828,41.9,41.9
3829,41.9,41.9
3830,41.9,41.9
3831,41.9,41.9
3832,41.9,41.9
3833,41.9,41.9
3834,41.9,41.9
3835,41.9,41.9
3836,41.9,41.9
3837,41.9,41.9
3838,41.9,41.9
3839,41.9,41.9
3840,41.9,41.9
3841,41.9,41.9
3842,41.9,41.9
3843,41.9,41.9
3844,41.9,41.9
3845,41.9,41.9
3846,41.9,41.9
3847,41.9,41.9
3848,41.9,41.9
3849,41.9,41.9
3850,41.9,41.9
3851,41.9,41.9
3852,41.9,41.9
3853,41.9,41.9
3854,41.9,41.9
3855,41.9,41.9
3856,41.9,41.9
3857,41.9,41.9
3858,41.9,41.9
3859,41.9,41.9
3860,41.9,41.9
3861,41.9,41.9
3862,41.9,41.9
3863,41.9,41.9
3864,41.9,41.9
3865,41.9,41.9
3866,41.9,41.9
3867,41.9,41.9
3868,41.9,41.9
3869,41.9,41.9
3870,41.9,41.9
3871,41.9,41.9
3872,41.9,41.9
3873,41.9,41.9
3874,41.9,41.9
3875,41.9,41.9
3876,41.9,41.9
3877,41.9,41.9
3878,41.9,41.9
3879,41.9,41.9
3880,41.9,41.9
3881,41.9,41.9
3882,41.9,41.9
3883,41.9,41.9
3884,41.9,41.9
3885,41.9,41.9
3886,41.9,41.9
3887,41.9,41.9
3888,41.9,41.9
3889,41.9,41.9
3890,41.9,41.9
3891,41.9,41.9
3892,41.9,41.9
3893,41.9,41.9
3894,41.9,41.9
3895,41.9,41.9
3896,41.9,41.9
3897,41.9,41.9
3898,41.9,41.9
3899,41.9,41.9
3900,41.9,41.9
3901,41.9,41.9
3902,41.9,41.9
3903,41.9,41.9
3904,41.9,41.9
3905,41.9,41.9
3906,41.9,41.9
3907,41.9,41.9
3908,41.9,41.9
3909,41.9,41.9
3910,41.9,41.9
3911,41.9,41.9
3912,41.9,41.9
3913,41.9,41.9
3914,41.9,41.9
3915,41.9,41.9
3916,41.9,41.9
3917,41.9,41.9
3918,41.9,41.9
3919,41.9,41.9
3920,41.9,41.9
3921,41.9,41.9
3922,41.9,41.9
3923,41.9,41.9
3924,41.9,41.9
3925,41.9,41.9
3926,41.9,41.9
3927,41.9,41.9
3928,41.9,41.9
3929,41.9,41.9
3930,41.9,41.9
3931,41.9,41.9
3932,41.9,41.9
3933,41.9,41.9
3934,41.9,41.9
3935,41.9,41.9
3936,41.9,41.9
3937,41.9,41.9
3938,41.9,41.9
3939,41.9,41.9
3940,41.9,41.9
3941,41.9,41.9
3942,41.9,41.9
3943,41.9,41.9
3944,41.9,41.9
3945,41.9,41.9
3946,41.9,41.9
3947,41.9,41.9
3948,41.9,41.9
3949,41.9,41.9
3950,41.9,41.9
3951,41.9,41.9
3952,41.9,41.9
3953,41.9,41.9
3954,41.9,41.9
3955,41.9,41.9
3956,41.9,41.9
3957,41.9,41.9
3958,41.9,41.9
3959,41.9,41.9
3960,41.9,41.9
3961,41.9,41.9
3962,41.9,41.9
3963,41.9,41.9
3964,41.9,41.9
3965,41.9,41.9
3966,41.9,41.9
3967,41.9,41.9
3968,41.9,41.9
3969,41.9,41.9
3970,41.9,41.9
3971,41.9,41.9
3972,41.9,41.9
3973,41.9,41.9
3974,41.9,41.9
3975,41.9,41.9
3976,41.9,41.9
3977,41.9,41.9
3978,41.9,41.9
3979,41.9,41.9
3980,41.9,41.9
3981,41.9,41.9
3982,41.9,41.9
3983,41.9,41.9
3984,41.9,41.9
3985,41.9,41.9
3986,41.9,41.9
3987,41.9,41.9
3988,41.9,41.9
3989,41.9,41.9
3990,41.9,41.9
3991,41.9,41.9
3992,41.9,41.9
3993,41.9,41.9
3994,41.9,41.9
3995,41.9,41.9
3996,41.9,41.9
3997,41.9,41.9
3998,41.9,41.9
3999,41.9,41.9
4000,41.9,41.9
4001,41.9,41.9
4002,41.9,41.9
4003,41.9,41.9
4004,41.9,41.9
4005,41.9,41.9
4006,41.9,41.9
4007,41.9,41.9
4008,41.9,41.9
4009,41.9,41.9
4010,41.9,41.9
4011,41.9,41.9
4012,41.9,41.9
4013,41.9,41.9
4014,41.9,41.9
4015,41.9,41.9
4016,41.9,41.9
4017,41.9,41.9
4018,41.9,41.9
4019,41.9,41.9
4020,41.9,41.9
4021,41.9,41.9
4022,41.9,41.9
4023,41.9,41.9
4024,41.9,41.9
4025,41.9,41.9
4026,41.9,41.9
4027,41.9,41.9
4028,41.9,41.9
4029,41.9,41.9
4030,41.9,41.9
4031,41.9,41.9
4032,41.9,41.9
4033,41.9,41.9
4034,41.9,41.9
4035,41.9,41.9
4036,41.9,41.9
4037,41.9,41.9
4038,41.9,41.9
4039,41.9,41.9
4040,41.9,41.9
4041,41.9,41.9
4042,41.9,41.9
4043,41.9,41.9
4044,41.9,41.9
4045,41.9,41.9
4046,41.9,41.9
4047,41.9,41.9
4048,41.9,41.9
4049,41.9,41.9
4050,41.9,41.9
4051,41.9,41.9
4052,41.9,41.9
4053,41.9,41.9
4054,41.9,41.9
4055,41.9,41.9
4056,41.9,41.9
4057,41.9,41.9
4058,41.9,41.9
4059,41.9,41.9
4060,41.9,41.9
4061,41.9,41.9
4062,41.9,41.9
4063,41.9,41.9
4064,41.9,41.9
4065,41.9,41.9
4066,41.9,41.9
4067,41.9,41.9
4068,41.9,41.9
4069,41.9,41.9
4070,41.9,41.9
4071,41.9,41.9
4072,41.9,41.9
4073,41.9,41.9
4074,41.9,41.9
4075,41.9,41.9
4076,41.9,41.9
4077,41.9,41.9
4078,41.9,41.9
4079,41.9,41.9
4080,41.9,41.9
4081,41.9,41.9
4082,41.9,41.9
4083,41.9,41.9
4084,41.9,41.9
4085,41.9,41.9
4086,41.9,41.9
4087,41.9,41.9
4088,41.9,41.9
4089,41.9,41.9
4090,41.9,41.9
4091,41.9,41.9
4092,41.9,41.9
4093,41.9,41.9
4094,41.9,41.9
4095,41.9,41.9
4096,41.9,41.9
4097,41.9,41.9
4098,41.9,41.9
4099,41.9,41.9
4100,41.9,41.9
4101,41.9,41.9
4102,41.9,41.9
4103,41.9,41.9
4104,41.9,41.9
4105,41.9,41.9
4106,41.9,41.9
4107,41.9,41.9
4108,41.9,41.9
4109,41.9,41.9
4110,41.9,41.9
4111,41.9,41.9
4112,41.9,41.9
4113,41.9,41.9
4114,41.9,41.9
4115,41.9,41.9
4116,41.9,41.9
4117,41.9,41.9
4118,41.9,41.9
4119,41.9,41.9
4120,41.9,41.9
4121,41.9,41.9
4122,41.9,41.9
4123,41.9,41.9
4124,41.9,41.9
4125,41.9,41.9
4126,41.9,41.9
4127,41.9,41.9
4128,41.9,41.9
4129,41.9,41.9
4130,41.9,41.9
4131,41.9,41.9
4132,41.9,41.9
4133,41.9,41.9
4134,41.9,41.9
4135,41.9,41.9
4136,41.9,41.9
4137,41.9,41.9
4138,41.9,41.9
4139,41.9,41.9
4140,41.9,41.9
4141,41.9,41.9
4142,41.9,41.9
4143,41.9,41.9
4144,41.9,41.9
4145,41.9,41.9
4146,41.9,41.9
4147,41.9,41.9
4148,41.9,41.9
4149,41.9,41.9
4150,41.9,41.9
4151,41.9,41.9
4152,41.9,41.9
4153,41.9,41.9
4154,41.9,41.9
4155,41.9,41.9
4156,41.9,41.9
4157,41.9,41.9
4158,41.9,41.9
4159,41.9,41.9
4160,41.9,41.9
4161,41.9,41.9
4162,41.9,41.9
4163,41.9,41.9
4164,41.9,41.9
4165,41.9,41.9
4166,41.9,41.9
4167,41.9,41.9
4168,41.9,41.9
4169,41.9,41.9
4170,41.9,41.9
4171,41.9,41.9
4172,41.9,41.9
4173,41.9,41.9
4174,41.9,41.9
4175,41.9,41.9
4176,41.9,41.9
4177,41.9,41.9
4178,41.9,41.9
4179,41.9,41.9
4180,41.9,41.9
4181,41.9,41.9
4182,41.9,41.9
4183,41.9,41.9
4184,41.9,41.9
4185,41.9,41.9
4186,41.9,41.9
4187,41.9,41.9
4188,41.9,41.9
4189,41.9,41.9
4190,41.9,41.9
4191,41.9,41.9
4192,41.9,41.9
4193,41.9,41.9
4194,41.9,41.9
4195,41.9,41.9
4196,41.9,41.9
4197,41.9,41.9
4198,41.9,41.9
4199,41.9,41.9
4200,41.9,41.9
4201,41.9,41.9
4202,41.9,41.9
4203,41.9,41.9
4204,41.9,41.9
4205,41.9,41.9
4206,41.9,41.9
4207,41.9,41.9
4208,41.9,41.9
4209,41.9,41.9
4210,41.9,41.9
4211,41.9,41.9
4212,41.9,41.9
4213,41.9,41.9
4214,41.9,41.9
4215,41.9,41.9
4216,41.9,41.9
4217,41.9,41.9
4218,41.9,41.9
4219,41.9,41.9
4220,41.9,41.9
4221,41.9,41.9
4222,41.9,41.9
4223,41.9,41.9
4224,41.9,41.9
4225,41.9,41.9
4226,41.9,41.9
4227,41.9,41.9
4228,41.9,41.9
4229,41.9,41.9
4230,41.9,41.9
4231,41.9,41.9
4232,41.9,41.9
4233,41.9,41.9
4234,41.9,41.9
4235,41.9,41.9
4236,41.9,41.9
4237,41.9,41.9
4238,41.9,41.9
4239,41.9,41.9
4240,41.9,41.9
4241,41.9,41.9
4242,41.9,41.9
4243,41.9,41.9
4244,41.9,41.9
4245,41.9,41.9
4246,41.9,41.9
4247,41.9,41.9
4248,41.9,41.9
4249,41.9,41.9
4250,41.9,41.9
4251,41.9,41.9
4252,41.9,41.9
4253,41.9,41.9
4254,41.9,41.9
4255,41.9,41.9
4256,41.9,41.9
4257,41.9,41.9
4258,41.9,41.9
4259,41.9,41.9
4260,41.9,41.9
4261,41.9,41.9
4262,41.9,41.9
4263,41.9,41.9
4264,41.9,41.9
4265,41.9,41.9
4266,41.9,41.9
4267,41.9,41.9
4268,41.9,41.9
4269,41.9,41.9
4270,41.9,41.9
4271,41.9,41.9
4272,41.9,41.9
4273,41.9,41.9
4274,41.9,41.9
4275,41.9,41.9
4276,41.9,41.9
4277,41.9,41.9
4278,41.9,41.9
4279,41.9,41.9
4280,41.9,41.9
4281,41.9,41.9
4282,41.9,41.9
4283,41.9,41.9
4284,41.9,41.9
4285,41.9,41.9
4286,41.9,41.9
4287,41.9,41.9
4288,41.9,41.9
4289,41.9,41.9
4290,41.9,41.9
4291,41.9,41.9
4292,41.9,41.9
4293,41.9,41.9
4294,41.9,41.9
4295,41.9,41.9
4296,41.9,41.9
4297,41.9,41.9
4298,41.9,41.9
4299,41.9,41.9
4300,41.9,41.9
4301,41.9,41.9
4302,41.9,41.9
4303,41.9,41.9
4304,41.9,41.9
4305,41.9,41.9
4306,41.9,41.9
4307,41.9,41.9
4308,41.9,41.9
4309,41.9,41.9
4310,41.9,41.9
4311,41.9,41.9
4312,41.9,41.9
4313,41.9,41.9
4314,41.9,41.9
4315,41.9,41.9
4316,41.9,41.9
4317,41.9,41.9
4318,41.9,41.9
4319,41.9,41.9
4320,41.9,41.9
4321,41.9,41.9
4322,41.9,41.9
4323,41.9,41.9
4324,41.9,41.9
4325,41.9,41.9
4326,41.9,41.9
4327,41.9,41.9
4328,41.9,41.9
4329,41.9,41.9
4330,41.9,41.9
4331,41.9,41.9
4332,41.9,41.9
4333,41.9,41.9
4334,41.9,41.9
4335,41.9,41.9
4336,41.9,41.9
4337,41.9,41.9
4338,41.9,41.9
4339,41.9,41.9
4340,41.9,41.9
4341,41.9,41.9
4342,41.9,41.9
4343,41.9,41.9
4344,41.9,41.9
4345,41.9,41.9
4346,41.9,41.9
4347,41.9,41.9
4348,41.9,41.9
4349,41.9,41.9
4350,41.9,41.9
4351,41.9,41.9
4352,41.9,41.9
4353,41.9,41.9
4354,41.9,41.9
4355,41.9,41.9
4356,41.9,41.9
4357,41.9,41.9
4358,41.9,41.9
4359,41.9,41.9
4360,41.9,41.9
4361,41.9,41.9
4362,41.9,41.9
4363,41.9,41.9
4364,41.9,41.9
4365,41.9,41.9
4366,41.9,41.9
4367,41.9,41.9
4368,41.9,41.9
4369,41.9,41.9
4370,41.9,41.9
4371,41.9,41.9
4372,41.9,41.9
4373,41.9,41.9
4374,41.9,41.9
4375,41.9,41.9
4376,41.9,41.9
4377,41.9,41.9
4378,41.9,41.9
4379,41.9,41.9
4380,41.9,41.9
4381,41.9,41.9
4382,41.9,41.9
4383,41.9,41.9
4384,41.9,41.9
4385,41.9,41.9
4386,41.9,41.9
4387,41.9,41.9
4388,41.9,41.9
4389,41.9,41.9
4390,41.9,41.9
4391,41.9,41.9
4392,41.9,41.9
4393,41.9,41.9
4394,41.9,41.9
4395,41.9,41.9
4396,41.9,41.9
4397,41.9,41.9
4398,41.9,41.9
4399,41.9,41.9
4400,41.9,41.9
4401,41.9,41.9
4402,41.9,41.9
4403,41.9,41.9
4404,41.9,41.9
4405,41.9,41.9
4406,41.9,41.9
4407,41.9,41.9
4408,41.9,41.9
4409,41.9,41.9
4410,41.9,41.9
4411,41.9,41.9
4412,41.9,41.9
4413,41.9,41.9
4414,41.9,41.9
4415,41.9,41.9
4416,41.9,41.9
4417,41.9,41.9
4418,41.9,41.9
4419,41.9,41.9
4420,41.9,41.9
4421,41.9,41.9
4422,41.9,41.9
4423,41.9,41.9
4424,41.9,41.9
4425,41.9,41.9
4426,41.9,41.9
4427,41.9,41.9
4428,41.9,41.9
4429,41.9,41.9
4430,41.9,41.9
4431,41.9,41.9
4432,41.9,41.9
4433,41.9,41.9
4434,41.9,41.9
4435,41.9,41.9
4436,41.9,41.9
4437,41.9,41.9
4438,41.9,41.9
4439,41.9,41.9
4440,41.9,41.9
4441,41.9,41.9
4442,41.9,41.9
4443,41.9,41.9
4444,41.9,41.9
4445,41.9,41.9
4446,41.9,41.9
4447,41.9,41.9
4448,41.9,41.9
4449,41.9,41.9
4450,41.9,41.9
4451,41.9,41.9
4452,41.9,41.9
4453,41.9,41.9
4454,41.9,41.9
4455,41.9,41.9
4456,41.9,41.9
4457,41.9,41.9
4458,41.9,41.9
4459,41.9,41.9
4460,41.9,41.9
4461,41.9,41.9
4462,41.9,41.9
4463,41.9,41.9
4464,41.9,41.9
4465,41.9,41.9
4466,41.9,41.9
4467,41.9,41.9
4468,41.9,41.9
4469,41.9,41.9
4470,41.9,41.9
4471,41.9,41.9
4472,41.9,41.9
4473,41.9,41.9
4474,41.9,41.9
4475,41.9,41.9
4476,41.9,41.9
4477,41.9,41.9
4478,41.9,41.9
4479,41.9,41.9
4480,41.9,41.9
4481,41.9,41.9
4482,41.9,41.9
4483,41.9,41.9
4484,41.9,41.9
4485,41.9,41.9
4486,41.9,41.9
4487,41.9,41.9
4488,41.9,41.9
4489,41.9,41.9
4490,41.9,41.9
4491,41.9,41.9
4492,41.9,41.9
4493,41.9,41.9
4494,41.9,41.9
4495,41.9,41.9
4496,41.9,41.9
4497,41.9,41.9
4498,41.9,41.9
4499,41.9,41.9
4500,41.9,41.9
4501,41.9,41.9
4502,41.9,41.9
4503,41.9,41.9
4504,41.9,41.9
4505,41.9,41.9
4506,41.9,41.9
4507,41.9,41.9
4508,41.9,41.9
4509,41.9,41.9
4510,41.9,41.9
4511,41.9,41.9
4512,41.9,41.9
4513,41.9,41.9
4514,41.9,41.9
4515,41.9,41.9
4516,41.9,41.9
4517,41.9,41.9
4518,41.9,41.9
4519,41.9,41.9
4520,41.9,41.9
4521,41.9,41.9
4522,41.9,41.9
4523,41.9,41.9
4524,41.9,41.9
4525,41.9,41.9
4526,41.9,41.9
4527,41.9,41.9
4528,41.9,41.9
4529,41.9,41.9
4530,41.9,41.9
4531,41.9,41.9
4532,41.9,41.9
4533,41.9,41.9
4534,41.9,41.9
4535,41.9,41.9
4536,41.9,41.9
4537,41.9,41.9
4538,41.9,41.9
4539,41.9,41.9
4540,41.9,41.9
4541,41.9,41.9
4542,41.9,41.9
4543,41.9,41.9
4544,41.9,41.9
4545,41.9,41.9
4546,41.9,41.9
4547,41.9,41.9
4548,41.9,41.9
4549,41.9,41.9
4550,41.9,41.9
4551,41.9,41.9
4552,41.9,41.9
4553,41.9,41.9
4554,41.9,41.9
4555,41.9,41.9
4556,41.9,41.9
4557,41.9,41.9
4558,41.9,41.9
4559,41.9,41.9
4560,41.9,41.9
4561,41.9,41.9
4562,41.9,41.9
4563,41.9,41.9
4564,41.9,41.9
4565,41.9,41.9
4566,41.9,41.9
4567,41.9,41.9
4568,41.9,41.9
4569,41.9,41.9
4570,41.9,41.9
4571,41.9,41.9
4572,41.9,41.9
4573,41.9,41.9
4574,41.9,41.9
4575,41.9,41.9
4576,41.9,41.9
4577,41.9,41.9
4578,41.9,41.9
4579,41.9,41.9
4580,41.9,41.9
4581,41.9,41.9
4582,41.9,41.9
4583,41.9,41.9
4584,41.9,41.9
4585,41.9,41.9
4586,41.9,41.9
4587,41.9,41.9
4588,41.9,41.9
4589,41.9,41.9
4590,41.9,41.9
4591,41.9,41.9
4592,41.9,41.9
4593,41.9,41.9
4594,41.9,41.9
4595,41.9,41.9
4596,41.9,41.9
4597,41.9,41.9
4598,41.9,41.9
4599,41.9,41.9
4600,41.9,41.9
4601,41.9,41.9
4602,41.9,41.9
4603,41.9,41.9
4604,41.9,41.9
4605,41.9,41.9
4606,41.9,41.9
4607,41.9,41.9
4608,41.9,41.9
4609,41.9,41.9
4610,41.9,41.9
4611,41.9,41.9
4612,41.9,41.9
4613,41.9,41.9
4614,41.9,41.9
4615,41.9,41.9
4616,41.9,41.9
4617,41.9,41.9
4618,41.9,41.9
4619,41.9,41.9
4620,41.9,41.9
4621,41.9,41.9
4622,41.9,41.9
4623,41.9,41.9
4624,41.9,41.9
4625,41.9,41.9
4626,41.9,41.9
4627,41.9,41.9
4628,41.9,41.9
4629,41.9,41.9
4630,41.9,41.9
4631,41.9,41.9
4632,41.9,41.9
4633,41.9,41.9
4634,41.9,41.9
4635,41.9,41.9
4636,41.9,41.9
4637,41.9,41.9
4638,41.9,41.9
4639,41.9,41.9
4640,41.9,41.9
4641,41.9,41.9
4642,41.9,41.9
4643,41.9,41.9
4644,41.9,41.9
4645,41.9,41.9
4646,41.9,41.9
4647,41.9,41.9
4648,41.9,41.9
4649,41.9,41.9
4650,41.9,41.9
4651,41.9,41.9
4652,41.9,41.9
4653,41.9,41.9
4654,41.9,41.9
4655,41.9,41.9
4656,41.9,41.9
4657,41.9,41.9
4658,41.9,41.9
4659,41.9,41.9
4660,41.9,41.9
4661,41.9,41.9
4662,41.9,41.9
4663,41.9,41.9
4664,41.9,41.9
4665,41.9,41.9
4666,41.9,41.9
4667,41.9,41.9
4668,41.9,41.9
4669,41.9,41.9
4670,41.9,41.9
4671,41.9,41.9
4672,41.9,41.9
4673,41.9,41.9
4674,41.9,41.9
4675,41.9,41.9
4676,41.9,41.9
4677,41.9,41.9
4678,41.9,41.9
4679,41.9,41.9
4680,41.9,41.9
4681,41.9,41.9
4682,41.9,41.9
4683,41.9,41.9
4684,41.9,41.9
4685,41.9,41.9
4686,41.9,41.9
4687,41.9,41.9
4688,41.9,41.9
4689,41.9,41.9
4690,41.9,41.9
4691,41.9,41.9
4692,41.9,41.9
4693,41.9,41.9
4694,41.9,41.9
4695,41.9,41.9
4696,41.9,41.9
4697,41.9,41.9
4698,41.9,41.9
4699,41.9,41.9
4700,41.9,41.9
4701,41.9,41.9
4702,41.9,41.9
4703,41.9,41.9
4704,41.9,41.9
4705,41.9,41.9
4706,41.9,41.9
4707,41.9,41.9
4708,41.9,41.9
4709,41.9,41.9
4710,41.9,41.9
4711,41.9,41.9
4712,41.9,41.9
4713,41.9,41.9
4714,41.9,41.9
4715,41.9,41.9
4716,41.9,41.9
4717,41.9,41.9
4718,41.9,41.9
4719,41.9,41.9
4720,41.9,41.9
4721,41.9,41.9
4722,41.9,41.9
4723,41.9,41.9
4724,41.9,41.9
4725,41.9,41.9
4726,41.9,41.9
4727,41.9,41.9
4728,41.9,41.9
4729,41.9,41.9
4730,41.9,41.9
4731,41.9,41.9
4732,41.9,41.9
4733,41.9,41.9
4734,41.9,41.9
4735,41.9,41.9
4736,41.9,41.9
4737,41.9,41.9
4738,41.9,41.9
4739,41.9,41.9
4740,41.9,41.9
4741,41.9,41.9
4742,41.9,41.9
4743,41.9,41.9
4744,41.9,41.9
4745,41.9,41.9
4746,41.9,41.9
4747,41.9,41.9
4748,41.9,41.9
4749,41.9,41.9
4750,41.9,41.9
4751,41.9,41.9
4752,41.9,41.9
4753,41.9,41.9
4754,41.9,41.9
4755,41.9,41.9
4756,41.9,41.9
4757,41.9,41.9
4758,41.9,41.9
4759,41.9,41.9
4760,41.9,41.9
4761,41.9,41.9
4762,41.9,41.9
4763,41.9,41.9
4764,41.9,41.9
4765,41.9,41.9
4766,41.9,41.9
4767,41.9,41.9
4768,41.9,41.9
4769,41.9,41.9
4770,41.9,41.9
4771,41.9,41.9
4772,41.9,41.9
4773,41.9,41.9
4774,41.9,41.9
4775,41.9,41.9
4776,41.9,41.9
4777,41.9,41.9
4778,41.9,41.9
4779,41.9,41.9
4780,41.9,41.9
4781,41.9,41.9
4782,41.9,41.9
4783,41.9,41.9
4784,41.9,41.9
4785,41.9,41.9
4786,41.9,41.9
4787,41.9,41.9
4788,41.9,41.9
4789,41.9,41.9
4790,41.9,41.9
4791,41.9,41.9
4792,41.9,41.9
4793,41.9,41.9
4794,41.9,41.9
4795,41.9,41.9
4796,41.9,41.9
4797,41.9,41.9
4798,41.9,41.9
4799,41.9,41.9
4800,41.9,41.9
4801,41.9,41.9
4802,41.9,41.9
4803,41.9,41.9
4804,41.9,41.9
4805,41.9,41.9
4806,41.9,41.9
4807,41.9,41.9
4808,41.9,41.9
4809,41.9,41.9
4810,41.9,41.9
4811,41.9,41.9
4812,41.9,41.9
4813,41.9,41.9
4814,41.9,41.9
4815,41.9,41.9
4816,41.9,41.9
4817,41.9,41.9
4818,41.9,41.9
4819,41.9,41.9
4820,41.9,41.9
4821,41.9,41.9
4822,41.9,41.9
4823,41.9,41.9
4824,41.9,41.9
4825,41.9,41.9
4826,41.9,41.9
4827,41.9,41.9
4828,41.9,41.9
4829,41.9,41.9
4830,41.9,41.9
4831,41.9,41.9
4832,41.9,41.9
4833,41.9,41.9
4834,41.9,41.9
4835,41.9,41.9
4836,41.9,41.9
4837,41.9,41.9
4838,41.9,41.9
4839,41.9,41.9
4840,41.9,41.9
4841,41.9,41.9
4842,41.9,41.9
4843,41.9,41.9
4844,41.9,41.9
4845,41.9,41.9
4846,41.9,41.9
4847,41.9,41.9
4848,41.9,41.9
4849,41.9,41.9
4850,41.9,41.9
4851,41.9,41.9
4852,41.9,41.9
4853,41.9,41.9
4854,41.9,41.9
4855,41.9,41.9
4856,41.9,41.9
4857,41.9,41.9
4858,41.9,41.9
4859,41.9,41.9
4860,41.9,41.9
4861,41.9,41.9
4862,41.9,41.9
4863,41.9,41.9
4864,41.9,41.9
4865,41.9,41.9
4866,41.9,41.9
4867,41.9,41.9
4868,41.9,41.9
4869,41.9,41.9
4870,41.9,41.9
4871,41.9,41.9
4872,41.9,41.9
4873,41.9,41.9
4874,41.9,41.9
4875,41.9,41.9
4876,41.9,41.9
4877,41.9,41.9
4878,41.9,41.9
4879,41.9,41.9
4880,41.9,41.9
4881,41.9,41.9
4882,41.9,41.9
4883,41.9,41.9
4884,41.9,41.9
4885,41.9,41.9
4886,41.9,41.9
4887,41.9,41.9
4888,41.9,41.9
4889,41.9,41.9
4890,41.9,41.9
4891,41.9,41.9
4892,41.9,41.9
4893,41.9,41.9
4894,41.9,41.9
4895,41.9,41.9
4896,41.9,41.9
4897,41.9,41.9
4898,41.9,41.9
4899,41.9,41.9
4900,41.9,41.9
4901,41.9,41.9
4902,41.9,41.9
4903,41.9,41.9
4904,41.9,41.9
4905,41.9,41.9
4906,41.9,41.9
4907,41.9,41.9
4908,41.9,41.9
4909,41.9,41.9
4910,41.9,41.9
4911,41.9,41.9
4912,41.9,41.9
4913,41.9,41.9
4914,41.9,41.9
4915,41.9,41.9
4916,41.9,41.9
4917,41.9,41.9
4918,41.9,41.9
4919,41.9,41.9
4920,41.9,41.9
4921,41.9,41.9
4922,41.9,41.9
4923,41.9,41.9
4924,41.9,41.9
4925,41.9,41.9
4926,41.9,41.9
4927,41.9,41.9
4928,41.9,41.9
4929,41.9,41.9
4930,41.9,41.9
4931,41.9,41.9
4932,41.9,41.9
4933,41.9,41.9
4934,41.9,41.9
4935,41.9,41.9
4936,41.9,41.9
4937,41.9,41.9
4938,41.9,41.9
4939,41.9,41.9
4940,41.9,41.9
4941,41.9,41.9
4942,41.9,41.9
4943,41.9,41.9
4944,41.9,41.9
4945,41.9,41.9
4946,41.9,41.9
4947,41.9,41.9
4948,41.9,41.9
4949,41.9,41.9
4950,41.9,41.9
4951,41.9,41.9
4952,41.9,41.9
4953,41.9,41.9
4954,41.9,41.9
4955,41.9,41.9
4956,41.9,41.9
4957,41.9,41.9
4958,41.9,41.9
4959,41.9,41.9
4960,41.9,41.9
4961,41.9,41.9
4962,41.9,41.9
4963,41.9,41.9
4964,41.9,41.9
4965,41.9,41.9
4966,41.9,41.9
4967,41.9,41.9
4968,41.9,41.9
4969,41.9,41.9
4970,41.9,41.9
4971,41.9,41.9
4972,41.9,41.9
4973,41.9,41.9
4974,41.9,41.9
4975,41.9,41.9
4976,41.9,41.9
4977,41.9,41.9
4978,41.9,41.9
4979,41.9,41.9
4980,41.9,41.9
4981,41.9,41.9
4982,41.9,41.9
4983,41.9,41.9
4984,41.9,41.9
4985,41.9,41.9
4986,41.9,41.9
4987,41.9,41.9
4988,41.9,41.9
4989,41.9,41.9
4990,41.9,41.9
4991,41.9,41.9
4992,41.9,41.9
4993,41.9,41.9
4994,41.9,41.9
4995,41.9,41.9
4996,41.9,41.9
4997,41.9,41.9
4998,41.9,41.9
4999,41.9,41.9
