,hsa_js,add_js
0,0.9,0.0
1,0.9,0.0
2,0.9,0.0
3,0.9,0.0
4,0.9,0.0
5,0.9,0.0
6,0.9,0.0
7,0.9,0.0
8,0.9,0.0
9,0.9,0.0
10,0.9,0.0
11,0.9,0.0
12,0.9,0.0
13,0.9,0.0
14,0.9,0.0
15,0.9,0.0
16,0.9,0.0
17,0.9,0.0
18,0.9,0.0
19,0.9,0.0
20,0.9,0.0
21,0.9,0.0
22,0.9,0.0
23,0.9,0.0
24,0.9,0.0
25,0.9,0.0
26,0.9,0.0
27,0.9,0.0
28,0.9,0.0
29,0.9,0.0
30,0.9,0.0
31,0.9,0.0
32,0.9,0.0
33,0.9,0.0
34,0.9,0.0
35,0.9,0.0
36,0.9,0.0
37,0.9,0.0
38,0.9,0.0
39,0.9,0.0
40,0.9,0.0
41,0.9,0.0
42,1.8,0.0
43,1.8,0.0
44,1.8,0.0
45,1.8,0.0
46,1.8,0.0
47,1.8,0.0
48,1.8,0.0
49,1.8,0.0
50,1.8,0.0
51,1.8,0.0
52,1.8,0.0
53,1.8,0.0
54,1.8,0.0
55,1.8,0.0
56,1.8,0.0
57,1.8,0.0
58,1.8,0.0
59,1.8,0.0
60,1.8,0.0
61,1.8,0.0
62,1.8,0.0
63,1.8,0.0
64,1.8,0.0
65,1.8,0.0
66,1.8,0.0
67,1.8,0.0
68,1.8,0.0
69,1.8,0.0
70,1.8,0.0
71,1.8,0.0
72,1.8,0.0
73,1.8,0.0
74,1.8,0.0
75,1.8,0.0
76,1.8,0.0
77,1.8,0.0
78,1.8,0.0
79,1.8,0.0
80,1.8,0.0
81,1.8,0.0
82,1.8,0.0
83,1.8,0.0
84,1.8,0.0
85,1.8,0.0
86,1.8,0.0
87,1.8,0.0
88,2.0,0.0
89,2.0,0.0
90,2.0,0.0
91,2.0,0.0
92,2.0,0.0
93,2.0,0.0
94,2.0,0.0
95,2.0,0.0
96,2.0,0.0
97,2.0,0.0
98,2.0,0.0
99,2.0,0.0
100,2.0,0.0
101,2.0,0.0
102,2.0,0.0
103,2.0,0.0
104,2.0,0.0
105,2.0,0.0
106,2.0,0.0
107,2.0,0.0
108,2.0,0.0
109,2.0,0.0
110,2.0,0.0
111,2.0,0.0
112,2.0,0.0
113,2.0,0.0
114,2.0,0.0
115,2.0,0.0
116,2.0,0.0
117,2.0,0.0
118,2.0,0.0
119,2.0,0.0
120,2.0,0.0
121,2.0,0.0
122,2.0,0.0
123,2.0,0.0
124,2.0,0.0
125,2.0,0.0
126,2.0,0.0
127,2.0,0.0
128,2.0,0.0
129,2.0,0.0
130,2.0,0.0
131,2.1,0.0
132,2.1,0.0
133,2.1,0.0
134,2.1,0.0
135,2.1,0.0
136,2.1,0.0
137,2.1,0.0
138,2.1,0.0
139,2.1,0.0
140,2.1,0.0
141,2.1,0.0
142,2.1,0.0
143,2.1,0.0
144,2.1,0.0
145,2.1,0.0
146,2.1,0.0
147,2.1,0.0
148,2.1,0.0
149,2.1,0.0
150,2.1,0.0
151,2.1,0.0
152,2.1,0.0
153,2.1,0.0
154,2.1,0.0
155,2.1,0.0
156,2.1,0.0
157,2.1,0.0
158,2.1,0.0
159,2.6,0.0
160,2.6,0.0
161,2.6,0.0
162,2.6,0.0
163,2.6,0.0
164,2.6,0.0
165,2.6,0.0
166,2.6,0.0
167,2.6,0.0
168,2.6,0.0
169,2.6,0.0
170,2.6,0.0
171,2.6,0.0
172,2.6,0.0
173,2.6,0.0
174,2.6,0.0
175,2.6,0.0
176,2.6,0.0
177,2.6,0.0
178,2.6,0.0
179,2.6,0.0
180,2.6,0.0
181,2.6,0.0
182,2.6,0.0
183,2.6,0.0
184,2.6,0.0
185,2.6,0.0
186,2.6,0.0
187,2.6,0.0
188,2.6,0.0
189,2.6,0.0
190,2.6,0.0
191,2.6,0.0
192,2.6,0.0
193,2.6,0.0
194,2.6,0.0
195,2.6,0.0
196,2.6,0.0
197,2.6,0.0
198,2.6,0.0
199,2.6,0.0
200,2.6,0.0
201,2.6,0.0
202,2.6,0.0
203,2.6,0.0
204,2.6,0.0
205,2.6,0.0
206,2.7,0.0
207,2.7,0.0
208,2.7,0.0
209,2.7,0.0
210,2.7,0.0
211,2.7,0.0
212,2.7,0.0
213,2.7,0.0
214,2.7,0.0
215,2.7,0.0
216,2.7,0.0
217,2.7,0.0
218,2.7,0.0
219,2.7,0.0
220,2.7,0.0
221,2.7,0.0
222,2.7,0.0
223,2.7,0.0
224,2.7,0.0
225,3.9000000000000004,0.0
226,3.9000000000000004,0.0
227,3.9000000000000004,0.0
228,3.9000000000000004,0.0
229,3.9000000000000004,0.0
230,3.9000000000000004,0.0
231,3.9000000000000004,0.0
232,3.9000000000000004,0.0
233,3.9000000000000004,0.0
234,3.9000000000000004,0.0
235,3.9000000000000004,0.0
236,3.9000000000000004,0.0
237,3.9000000000000004,0.0
238,3.9000000000000004,0.0
239,3.9000000000000004,0.0
240,3.9000000000000004,0.0
241,3.9000000000000004,0.0
242,3.9000000000000004,0.0
243,3.9000000000000004,0.0
244,3.9000000000000004,0.0
245,3.9000000000000004,0.0
246,3.9000000000000004,0.0
247,3.9000000000000004,0.0
248,3.9000000000000004,0.0
249,3.9000000000000004,0.0
250,3.9000000000000004,0.0
251,3.9000000000000004,0.0
252,3.9000000000000004,0.0
253,3.9000000000000004,0.0
254,3.9000000000000004,0.0
255,3.9000000000000004,0.0
256,3.9000000000000004,0.0
257,3.9000000000000004,0.0
258,3.9000000000000004,0.0
259,3.9000000000000004,0.0
260,3.9000000000000004,0.0
261,3.9000000000000004,0.0
262,3.9000000000000004,0.0
263,3.9000000000000004,0.0
264,3.9000000000000004,0.0
265,3.9000000000000004,0.0
266,3.9000000000000004,0.0
267,3.9000000000000004,0.0
268,3.9000000000000004,0.0
269,4.1000000000000005,0.0
270,4.1000000000000005,0.0
271,4.1000000000000005,0.0
272,4.1000000000000005,0.0
273,4.1000000000000005,0.0
274,4.1000000000000005,0.0
275,4.1000000000000005,0.0
276,4.1000000000000005,0.0
277,4.1000000000000005,0.0
278,4.1000000000000005,0.0
279,4.1000000000000005,0.0
280,4.1000000000000005,0.0
281,4.1000000000000005,0.0
282,4.1000000000000005,0.0
283,4.1000000000000005,0.0
284,4.1000000000000005,0.0
285,4.1000000000000005,0.0
286,4.1000000000000005,0.0
287,4.1000000000000005,0.0
288,4.1000000000000005,0.0
289,4.1000000000000005,0.0
290,4.1000000000000005,0.0
291,4.1000000000000005,0.0
292,4.1000000000000005,0.0
293,4.1000000000000005,0.0
294,4.1000000000000005,0.0
295,4.1000000000000005,0.0
296,4.1000000000000005,0.0
297,4.1000000000000005,0.0
298,4.3,0.0
299,4.3,0.0
300,4.3,0.0
301,4.3,0.0
302,4.3,0.0
303,4.3,0.0
304,4.3,0.0
305,4.3,0.0
306,4.3,0.0
307,4.3,0.0
308,4.3,0.0
309,4.3,0.0
310,4.3,0.0
311,4.3,0.0
312,4.3,0.0
313,4.3,0.0
314,4.3,0.0
315,4.3,0.0
316,4.3,0.0
317,4.3,0.0
318,4.3,0.0
319,4.3,0.0
320,4.3,0.0
321,4.4,0.0
322,4.4,0.0
323,4.4,0.0
324,4.4,0.0
325,4.4,0.0
326,4.4,0.0
327,4.4,0.0
328,4.4,0.0
329,4.4,0.0
330,4.4,0.0
331,4.4,0.0
332,4.4,0.0
333,4.4,0.0
334,4.4,0.0
335,4.4,0.0
336,4.4,0.0
337,4.4,0.0
338,4.4,0.0
339,4.4,0.0
340,4.4,0.0
341,4.4,0.0
342,4.4,0.0
343,4.4,0.0
344,4.4,0.0
345,4.4,0.0
346,4.4,0.0
347,4.4,0.0
348,4.4,0.0
349,4.4,0.0
350,4.4,0.0
351,4.4,0.0
352,4.4,0.0
353,4.4,0.0
354,4.4,0.0
355,4.4,0.0
356,4.4,0.0
357,4.4,0.0
358,4.4,0.0
359,4.4,0.0
360,4.4,0.0
361,4.4,0.0
362,4.4,0.0
363,4.4,0.0
364,4.4,0.0
365,4.4,0.0
366,4.4,0.0
367,4.4,0.0
368,4.4,0.0
369,4.4,0.0
370,4.4,0.0
371,4.4,0.0
372,5.0,0.0
373,5.0,0.0
374,5.0,0.0
375,5.0,0.0
376,5.0,0.0
377,5.0,0.0
378,5.0,0.0
379,5.0,0.0
380,5.0,0.0
381,5.0,0.0
382,5.0,0.0
383,5.0,0.0
384,5.0,0.0
385,5.0,0.0
386,5.0,0.0
387,5.0,0.0
388,5.0,0.0
389,5.0,0.0
390,5.0,0.0
391,5.0,0.0
392,5.0,0.0
393,5.0,0.0
394,5.0,0.0
395,5.0,0.0
396,5.0,0.0
397,5.0,0.0
398,5.0,0.0
399,5.0,0.0
400,5.0,0.0
401,5.0,0.0
402,5.0,0.0
403,5.0,0.0
404,5.0,0.0
405,5.0,0.0
406,6.2,0.0
407,6.2,0.0
408,6.2,0.0
409,6.2,0.0
410,6.2,0.0
411,6.2,0.0
412,6.2,0.0
413,6.2,0.0
414,6.2,0.0
415,6.2,0.0
416,6.2,0.0
417,6.2,0.0
418,6.2,0.0
419,6.2,0.0
420,6.2,0.0
421,6.2,0.0
422,6.2,0.0
423,6.2,0.0
424,6.2,0.0
425,6.2,0.0
426,6.2,0.0
427,6.2,0.0
428,6.2,0.0
429,6.2,0.0
430,6.2,0.0
431,6.2,0.0
432,6.2,0.0
433,6.2,0.0
434,6.2,0.0
435,6.2,0.0
436,6.2,0.0
437,6.2,0.0
438,6.2,0.0
439,6.7,0.0
440,6.7,0.0
441,6.7,0.0
442,6.7,0.0
443,6.7,0.0
444,6.7,0.0
445,6.7,0.0
446,6.7,0.0
447,6.7,0.0
448,6.7,0.0
449,6.7,0.0
450,6.7,0.0
451,6.7,0.0
452,6.7,0.0
453,6.7,0.0
454,6.9,0.0
455,6.9,0.0
456,6.9,0.0
457,6.9,0.0
458,6.9,0.0
459,6.9,0.0
460,6.9,0.0
461,6.9,0.0
462,6.9,0.0
463,6.9,0.0
464,6.9,0.0
465,6.9,0.0
466,6.9,0.0
467,6.9,0.0
468,6.9,0.0
469,6.9,0.0
470,6.9,0.0
471,6.9,0.0
472,6.9,0.0
473,6.9,0.0
474,6.9,0.0
475,6.9,0.0
476,6.9,0.0
477,6.9,0.0
478,6.9,0.0
479,6.9,0.0
480,6.9,0.0
481,6.9,0.0
482,6.9,0.0
483,6.9,0.0
484,6.9,0.0
485,6.9,0.0
486,6.9,0.0
487,6.9,0.0
488,6.9,0.0
489,6.9,0.0
490,6.9,0.0
491,6.9,0.0
492,6.9,0.0
493,6.9,0.0
494,6.9,0.0
495,6.9,0.0
496,6.9,0.0
497,6.9,0.0
498,6.9,0.0
499,6.9,0.0
500,6.9,0.0
501,6.9,0.0
502,6.9,0.0
503,6.9,0.0
504,6.9,0.0
505,6.9,0.0
506,6.9,0.0
507,6.9,0.0
508,6.9,0.0
509,6.9,0.0
510,6.9,0.0
511,6.9,0.0
512,6.9,0.0
513,6.9,0.0
514,6.9,0.0
515,6.9,0.0
516,6.9,0.0
517,6.9,0.0
518,6.9,0.0
519,6.9,0.0
520,6.9,0.0
521,6.9,0.0
522,6.9,0.0
523,6.9,0.0
524,6.9,0.0
525,6.9,0.0
526,6.9,0.0
527,6.9,0.0
528,6.9,0.0
529,6.9,0.0
530,6.9,0.0
531,6.9,0.0
532,6.9,0.0
533,6.9,0.0
534,6.9,0.0
535,6.9,0.0
536,6.9,0.0
537,6.9,0.0
538,6.9,0.0
539,6.9,0.0
540,6.9,0.0
541,6.9,0.0
542,6.9,0.0
543,6.9,0.0
544,6.9,0.0
545,6.9,0.0
546,6.9,0.0
547,6.9,0.0
548,6.9,0.0
549,6.9,0.0
550,6.9,0.0
551,6.9,0.0
552,6.9,0.0
553,8.5,0.0
554,8.5,0.0
555,8.5,0.0
556,8.5,0.0
557,8.5,0.0
558,8.5,0.0
559,8.5,0.0
560,8.5,0.0
561,8.5,0.0
562,8.5,0.0
563,8.5,0.0
564,8.5,0.0
565,8.5,0.0
566,8.5,0.0
567,8.5,0.0
568,8.5,0.0
569,8.5,0.0
570,8.5,0.0
571,8.5,0.0
572,8.5,0.0
573,8.5,0.0
574,8.5,0.0
575,8.5,0.0
576,8.5,0.0
577,8.5,0.0
578,8.5,0.0
579,8.5,0.0
580,8.5,0.0
581,8.5,0.0
582,8.5,0.0
583,8.5,0.0
584,8.5,0.0
585,8.5,0.0
586,8.5,0.0
587,8.5,0.0
588,8.5,0.0
589,8.5,0.0
590,8.5,0.0
591,8.5,0.0
592,8.5,0.0
593,8.5,0.0
594,8.5,0.0
595,8.5,0.0
596,8.5,0.0
597,8.5,0.0
598,8.5,0.0
599,8.5,0.0
600,8.5,0.0
601,8.5,0.0
602,8.5,0.0
603,8.5,0.0
604,8.5,0.0
605,8.5,0.0
606,8.5,0.0
607,8.5,0.0
608,8.5,0.0
609,8.5,0.0
610,8.5,0.0
611,8.5,0.0
612,8.5,0.0
613,8.5,0.0
614,8.5,0.0
615,8.5,0.0
616,8.5,0.0
617,8.5,0.0
618,8.5,0.0
619,8.5,0.0
620,8.5,0.0
621,8.5,0.0
622,8.5,0.0
623,8.5,0.0
624,8.5,0.0
625,8.5,0.0
626,8.5,0.0
627,8.5,0.0
628,8.5,0.0
629,8.5,0.0
630,8.5,0.0
631,8.5,0.0
632,8.5,0.0
633,8.5,0.0
634,8.5,0.0
635,8.5,0.0
636,8.5,0.0
637,8.5,0.0
638,8.5,0.0
639,8.5,0.0
640,8.5,0.0
641,8.5,0.0
642,8.5,0.0
643,8.5,0.0
644,8.5,0.0
645,8.5,0.0
646,8.5,0.0
647,8.5,0.0
648,8.5,0.0
649,8.5,0.0
650,8.5,0.0
651,8.5,0.0
652,8.5,0.0
653,8.5,0.0
654,8.5,0.0
655,8.5,0.0
656,8.5,0.0
657,8.5,0.0
658,8.5,0.0
659,8.5,0.0
660,8.5,0.0
661,8.5,0.0
662,8.5,0.0
663,8.5,0.0
664,8.5,0.0
665,8.5,0.0
666,8.5,0.0
667,8.5,0.0
668,8.5,0.0
669,8.5,0.0
670,8.5,0.0
671,8.5,0.0
672,8.5,0.0
673,9.9,0.0
674,9.9,0.0
675,9.9,0.0
676,9.9,0.0
677,9.9,0.0
678,9.9,0.0
679,9.9,0.0
680,9.9,0.0
681,9.9,0.0
682,9.9,0.0
683,9.9,0.0
684,9.9,0.0
685,9.9,0.0
686,9.9,0.0
687,9.9,0.0
688,9.9,0.0
689,9.9,0.0
690,9.9,0.0
691,9.9,0.0
692,9.9,0.0
693,9.9,0.0
694,9.9,0.0
695,9.9,0.0
696,9.9,0.0
697,9.9,0.0
698,9.9,0.0
699,9.9,0.0
700,9.9,0.0
701,9.9,0.0
702,9.9,0.0
703,9.9,0.0
704,9.9,0.0
705,9.9,0.0
706,9.9,0.0
707,10.3,0.0
708,10.3,0.0
709,10.3,0.0
710,10.3,0.0
711,10.3,0.0
712,10.3,0.0
713,10.3,0.0
714,10.3,0.0
715,10.3,0.0
716,10.3,0.0
717,10.3,0.0
718,10.3,0.0
719,10.3,0.0
720,10.3,0.0
721,10.3,0.0
722,10.3,0.0
723,10.3,0.0
724,10.3,0.0
725,10.3,0.0
726,10.3,0.0
727,10.3,0.0
728,10.3,0.0
729,10.3,0.0
730,10.3,0.0
731,10.3,0.0
732,10.3,0.0
733,10.3,0.0
734,10.3,0.0
735,10.3,0.0
736,10.3,0.0
737,10.3,0.0
738,10.3,0.0
739,10.3,0.0
740,10.3,0.0
741,10.3,0.0
742,10.3,0.0
743,10.3,0.0
744,10.3,0.0
745,10.3,0.0
746,10.3,0.0
747,11.700000000000001,0.0
748,11.700000000000001,0.0
749,11.700000000000001,0.0
750,11.700000000000001,0.0
751,11.700000000000001,0.0
752,11.700000000000001,0.0
753,11.700000000000001,0.0
754,11.700000000000001,0.0
755,11.700000000000001,0.0
756,11.700000000000001,0.0
757,11.700000000000001,0.0
758,11.700000000000001,0.0
759,11.700000000000001,0.0
760,11.700000000000001,0.0
761,11.700000000000001,0.0
762,11.700000000000001,0.0
763,11.700000000000001,0.0
764,11.700000000000001,0.0
765,11.700000000000001,0.0
766,11.700000000000001,0.0
767,11.700000000000001,0.0
768,11.700000000000001,0.0
769,11.700000000000001,0.0
770,11.700000000000001,0.0
771,11.700000000000001,0.0
772,11.700000000000001,0.0
773,11.700000000000001,0.0
774,11.700000000000001,0.0
775,11.700000000000001,0.0
776,11.700000000000001,0.0
777,11.700000000000001,0.0
778,11.700000000000001,0.0
779,11.700000000000001,0.0
780,11.700000000000001,0.0
781,11.700000000000001,0.0
782,11.700000000000001,0.0
783,11.700000000000001,0.0
784,11.700000000000001,0.0
785,11.700000000000001,0.0
786,11.700000000000001,0.0
787,11.700000000000001,0.0
788,11.700000000000001,0.0
789,13.8,0.0
790,13.8,0.0
791,13.8,0.0
792,13.8,0.0
793,13.8,0.0
794,13.8,0.0
795,13.8,0.0
796,13.8,0.0
797,13.8,0.0
798,13.8,0.0
799,13.8,0.0
800,13.8,0.0
801,13.8,0.0
802,13.8,0.0
803,13.8,0.0
804,13.8,0.0
805,13.8,0.0
806,13.8,0.0
807,13.8,0.0
808,13.8,0.0
809,13.8,0.0
810,13.8,0.0
811,13.8,0.0
812,13.8,0.0
813,13.8,0.0
814,13.8,0.0
815,13.8,0.0
816,13.8,0.0
817,13.8,0.0
818,13.8,0.0
819,13.8,0.0
820,13.8,0.0
821,13.8,0.0
822,13.8,0.0
823,13.8,0.0
824,13.8,0.0
825,13.8,0.0
826,13.8,0.0
827,13.8,0.0
828,13.8,0.0
829,13.8,0.0
830,13.8,0.0
831,13.8,0.0
832,13.8,0.0
833,13.8,0.0
834,13.8,0.0
835,13.8,0.0
836,13.8,0.0
837,13.8,0.0
838,13.8,0.0
839,13.8,0.0
840,13.8,0.0
841,13.8,0.0
842,13.8,0.0
843,13.8,0.0
844,13.8,0.0
845,13.8,0.0
846,13.8,0.0
847,13.8,0.0
848,13.8,0.0
849,13.8,0.0
850,13.8,0.0
851,13.8,0.0
852,13.8,0.0
853,13.8,0.0
854,13.8,0.0
855,13.8,0.0
856,13.8,0.0
857,13.8,0.0
858,13.8,0.0
859,13.8,0.0
860,13.8,0.0
861,13.8,0.0
862,13.8,0.0
863,13.8,0.0
864,13.8,0.0
865,13.8,0.0
866,13.8,0.0
867,13.8,0.0
868,13.8,0.0
869,13.8,0.0
870,13.8,0.0
871,13.8,0.0
872,13.8,0.0
873,13.8,0.0
874,13.8,0.0
875,13.8,0.0
876,13.8,0.0
877,13.8,0.0
878,13.8,0.0
879,13.8,0.0
880,13.8,0.0
881,13.8,0.0
882,13.8,0.0
883,13.8,0.0
884,13.8,0.0
885,13.8,0.0
886,13.8,0.0
887,13.8,0.0
888,13.8,0.0
889,13.8,0.0
890,13.8,0.0
891,13.8,0.0
892,13.8,0.0
893,13.8,0.0
894,13.8,0.0
895,13.8,0.0
896,14.3,0.0
897,14.3,0.0
898,14.3,0.0
899,14.3,0.0
900,14.3,0.0
901,14.3,0.0
902,14.3,0.0
903,14.3,0.0
904,14.3,0.0
905,14.3,0.0
906,14.3,0.0
907,14.3,0.0
908,14.3,0.0
909,14.3,0.0
910,14.3,0.0
911,14.3,0.0
912,14.3,0.0
913,14.3,0.0
914,14.3,0.0
915,14.3,0.0
916,14.3,0.0
917,14.3,0.0
918,14.3,0.0
919,14.3,0.0
920,14.3,0.0
921,14.3,0.0
922,14.3,0.0
923,14.3,0.0
924,14.3,0.0
925,14.3,0.0
926,14.3,0.0
927,14.3,0.0
928,14.3,0.0
929,14.3,0.0
930,14.3,0.0
931,14.3,0.0
932,14.3,0.0
933,14.3,0.0
934,14.3,0.0
935,14.3,0.0
936,14.3,0.0
937,14.3,0.0
938,14.3,0.0
939,14.3,0.0
940,14.3,0.0
941,14.3,0.0
942,14.3,0.0
943,14.3,0.0
944,14.3,0.0
945,14.3,0.0
946,14.3,0.0
947,14.3,0.0
948,14.3,0.0
949,14.3,0.0
950,14.3,0.0
951,14.3,0.0
952,14.3,0.0
953,14.3,0.0
954,14.3,0.0
955,14.3,0.0
956,14.3,0.0
957,14.3,0.0
958,14.3,0.0
959,14.3,0.0
960,14.3,0.0
961,14.3,0.0
962,14.3,0.0
963,14.3,0.0
964,14.3,0.0
965,14.3,0.0
966,14.3,0.0
967,14.3,0.0
968,14.3,0.0
969,14.3,0.0
970,14.3,0.0
971,14.3,0.0
972,14.3,0.0
973,14.3,0.0
974,14.3,0.0
975,14.3,0.0
976,14.3,0.0
977,14.5,0.0
978,14.5,0.0
979,14.5,0.0
980,14.5,0.0
981,14.5,0.0
982,14.5,0.0
983,14.5,0.0
984,14.5,0.0
985,14.5,0.0
986,14.5,0.0
987,14.5,0.0
988,14.5,0.0
989,14.5,0.0
990,14.5,0.0
991,14.5,0.0
992,14.5,0.0
993,14.5,0.0
994,14.5,0.0
995,14.5,0.0
996,14.5,0.0
997,14.5,0.0
998,14.5,0.0
999,14.5,0.0
1000,14.5,0.0
1001,14.5,0.0
1002,14.5,0.0
1003,14.5,0.0
1004,14.5,0.0
1005,14.5,0.0
1006,14.5,0.0
1007,14.5,0.0
1008,14.5,0.0
1009,14.5,0.0
1010,14.5,0.0
1011,14.5,0.0
1012,14.5,0.0
1013,14.5,0.0
1014,14.5,0.0
1015,14.5,0.0
1016,14.5,0.0
1017,14.5,0.0
1018,14.5,0.0
1019,14.5,0.0
1020,14.5,0.0
1021,14.5,0.0
1022,14.5,0.0
1023,14.5,0.0
1024,14.5,0.0
1025,14.5,0.0
1026,14.5,0.0
1027,14.5,0.0
1028,14.5,0.0
1029,14.5,0.0
1030,14.5,0.0
1031,14.5,0.0
1032,14.5,0.0
1033,14.5,0.0
1034,14.5,0.0
1035,14.5,0.0
1036,14.5,0.0
1037,14.5,0.0
1038,14.5,0.0
1039,14.5,0.0
1040,14.5,0.0
1041,14.5,0.0
1042,14.5,0.0
1043,14.5,0.0
1044,14.5,0.0
1045,14.5,0.0
1046,14.5,0.0
1047,14.5,0.0
1048,14.5,0.0
1049,14.5,0.0
1050,14.5,0.0
1051,14.5,0.0
1052,14.5,0.0
1053,16.1,0.0
1054,16.1,0.0
1055,16.1,0.0
1056,16.1,0.0
1057,16.1,0.0
1058,16.1,0.0
1059,16.1,0.0
1060,16.1,0.0
1061,16.1,0.0
1062,16.1,0.0
1063,16.1,0.0
1064,16.1,0.0
1065,16.1,0.0
1066,16.1,0.0
1067,16.1,0.0
1068,16.1,0.0
1069,16.1,0.0
1070,16.1,0.0
1071,16.1,0.0
1072,16.1,0.0
1073,16.1,0.0
1074,16.1,0.0
1075,16.1,0.0
1076,16.1,0.0
1077,16.1,0.0
1078,16.1,0.0
1079,16.1,0.0
1080,16.1,0.0
1081,16.1,0.0
1082,16.1,0.0
1083,16.1,0.0
1084,16.1,0.0
1085,16.1,0.0
1086,16.1,0.0
1087,16.1,0.0
1088,16.1,0.0
1089,16.1,0.0
1090,16.1,0.0
1091,16.1,0.0
1092,16.1,0.0
1093,16.1,0.0
1094,16.1,0.0
1095,16.1,0.0
1096,16.1,0.0
1097,16.1,0.0
1098,16.1,0.0
1099,16.1,0.0
1100,16.1,0.0
1101,16.1,0.0
1102,16.1,0.0
1103,16.1,0.0
1104,16.1,0.0
1105,16.1,0.0
1106,16.1,0.0
1107,16.1,0.0
1108,16.1,0.0
1109,16.1,0.0
1110,16.1,0.0
1111,16.1,0.0
1112,16.1,0.0
1113,16.1,0.0
1114,16.1,0.0
1115,16.1,0.0
1116,16.1,0.0
1117,16.1,0.0
1118,16.1,0.0
1119,16.1,0.0
1120,16.1,0.0
1121,16.1,0.0
1122,16.1,0.0
1123,16.1,0.0
1124,16.1,0.0
1125,16.1,0.0
1126,16.5,0.0
1127,16.5,0.0
1128,16.5,0.0
1129,16.5,0.0
1130,16.5,0.0
1131,16.5,0.0
1132,16.5,0.0
1133,16.5,0.0
1134,16.5,0.0
1135,16.5,0.0
1136,16.5,0.0
1137,16.5,0.0
1138,16.5,0.0
1139,16.5,0.0
1140,16.5,0.0
1141,16.5,0.0
1142,16.5,0.0
1143,16.5,0.0
1144,16.5,0.0
1145,16.5,0.0
1146,16.5,0.0
1147,16.5,0.0
1148,16.5,0.0
1149,16.5,0.0
1150,16.5,0.0
1151,16.5,0.0
1152,16.5,0.0
1153,16.5,0.0
1154,16.5,0.0
1155,16.5,0.0
1156,16.5,0.0
1157,16.5,0.0
1158,16.5,0.0
1159,16.5,0.0
1160,16.5,0.0
1161,16.5,0.0
1162,16.5,0.0
1163,16.5,0.0
1164,16.5,0.0
1165,16.5,0.0
1166,16.5,0.0
1167,16.5,0.0
1168,16.5,0.0
1169,16.5,0.0
1170,16.5,0.0
1171,16.5,0.0
1172,16.5,0.0
1173,16.5,0.0
1174,16.5,0.0
1175,16.7,0.0
1176,16.7,0.0
1177,16.7,0.0
1178,16.7,0.0
1179,16.7,0.0
1180,16.7,0.0
1181,16.7,0.0
1182,16.7,0.0
1183,16.7,0.0
1184,16.7,0.0
1185,16.7,0.0
1186,16.7,0.0
1187,16.7,0.0
1188,16.7,0.0
1189,16.7,0.0
1190,16.7,0.0
1191,16.7,0.0
1192,16.7,0.0
1193,16.7,0.0
1194,16.7,0.0
1195,16.7,0.0
1196,16.7,0.0
1197,16.7,0.0
1198,16.7,0.0
1199,16.7,0.0
1200,16.7,0.0
1201,16.7,0.0
1202,16.7,0.0
1203,16.7,0.0
1204,16.7,0.0
1205,16.7,0.0
1206,16.7,0.0
1207,16.7,0.0
1208,16.7,0.0
1209,16.7,0.0
1210,16.7,0.0
1211,16.7,0.0
1212,16.7,0.0
1213,16.7,0.0
1214,16.7,0.0
1215,16.7,0.0
1216,16.7,0.0
1217,16.7,0.0
1218,16.7,0.0
1219,16.7,0.0
1220,16.7,0.0
1221,16.7,0.0
1222,16.7,0.0
1223,16.7,0.0
1224,16.7,0.0
1225,16.7,0.0
1226,16.7,0.0
1227,16.7,0.0
1228,16.7,0.0
1229,16.7,0.0
1230,16.7,0.0
1231,16.7,0.0
1232,16.7,0.0
1233,16.7,0.0
1234,16.7,0.0
1235,16.7,0.0
1236,16.7,0.0
1237,16.7,0.0
1238,16.7,0.0
1239,16.7,0.0
1240,16.7,0.0
1241,16.7,0.0
1242,16.7,0.008888999386734042
1243,16.7,0.13487809324913158
1244,16.7,0.13593390018728968
1245,16.7,0.13593390018728968
1246,16.7,0.14938093580626344
1247,16.7,0.14938093580626344
1248,16.7,0.1573052889794937
1249,16.7,0.17445345001905466
1250,16.7,0.17445345001905466
1251,16.7,0.17445345001905466
1252,16.7,0.17445345001905466
1253,16.7,0.17709876850148287
1254,16.7,0.30888899938673475
1255,16.7,0.33197752473770414
1256,16.7,0.3464919695688913
1257,16.7,0.34649196956889217
1258,16.7,0.4088889993867326
1259,16.7,0.4359339001872904
1260,16.7,0.4879120879120826
1261,16.7,0.4879120879120826
1262,16.7,0.5319775247377052
1263,16.7,0.5319775247377052
1264,16.7,0.5319775247377052
1265,16.7,0.5319775247377052
1266,16.7,0.5319775247377052
1267,16.7,0.5319775247377052
1268,16.7,0.549380935806262
1269,16.7,0.549380935806262
1270,16.7,0.549380935806262
1271,16.7,0.6744534500190547
1272,16.7,0.6744534500190547
1273,16.7,0.6744534500190547
1274,16.7,0.6879120879120855
1275,18.0,0.6879120879120855
1276,18.0,0.7319775247377045
1277,18.0,0.7319775247377045
1278,18.0,0.8053271012547008
1279,18.0,0.8088889993867312
1280,18.0,0.857305288979493
1281,18.0,0.9359339001872868
1282,18.0,0.9359339001872904
1283,18.0,0.9359339001872904
1284,18.0,0.9464919695688918
1285,18.0,0.9464919695688918
1286,18.0,0.9603373499301
1287,18.0,0.9744534500190518
1288,18.0,1.0319775247377052
1289,18.0,1.0348780932491302
1290,18.0,1.0348780932491302
1291,18.0,1.049380935806262
1292,18.0,1.049380935806262
1293,18.0,1.049380935806262
1294,18.0,1.049380935806262
1295,18.0,1.049380935806262
1296,18.0,1.0744534500190532
1297,18.0,1.0744534500190532
1298,18.0,1.0744534500190532
1299,18.0,1.0744534500190532
1300,18.0,1.0744534500190532
1301,18.0,1.0744534500190532
1302,18.0,1.0744534500190532
1303,18.0,1.1088889993867355
1304,18.0,1.1493809358062634
1305,18.0,1.1493809358062634
1306,18.0,1.1493809358062634
1307,18.0,1.1493809358062634
1308,18.0,1.1493809358062634
1309,18.0,1.1493809358062634
1310,18.0,1.2493809358062578
1311,18.0,1.2493809358062578
1312,18.0,1.2493809358062578
1313,18.0,1.2493809358062578
1314,18.0,1.2493809358062578
1315,18.0,1.2493809358062578
1316,18.0,1.2493809358062578
1317,18.0,1.2493809358062578
1318,18.0,1.2493809358062578
1319,18.0,1.2493809358062578
1320,18.0,1.2493809358062578
1321,18.0,1.2493809358062578
1322,18.0,1.2493809358062578
1323,18.0,1.2493809358062578
1324,18.0,1.274453450019056
1325,18.0,1.274453450019056
1326,18.0,1.3348780932491273
1327,18.0,1.3464919695688913
1328,18.0,1.3879120879120848
1329,18.0,1.4464919695688918
1330,18.0,1.4464919695688918
1331,18.0,1.4464919695688918
1332,18.0,1.4464919695688918
1333,18.0,1.5319775247377052
1334,18.0,1.5319775247377052
1335,18.0,1.5348780932491302
1336,18.0,1.5348780932491302
1337,18.0,1.5464919695688915
1338,18.0,1.5744534500190532
1339,18.0,1.5744534500190532
1340,18.0,1.6218178000983379
1341,18.0,1.7319775247377045
1342,18.0,1.7319775247377045
1343,18.0,1.7319775247377045
1344,18.0,1.7348780932491294
1345,18.0,1.788967894850245
1346,18.0,1.9493809358062606
1347,18.0,1.9493809358062606
1348,18.0,1.9493809358062606
1349,18.0,1.9493809358062606
1350,18.0,1.9493809358062606
1351,18.0,1.9889678948502443
1352,18.0,1.9955695887822584
1353,18.0,2.0464919695688915
1354,18.0,2.049380935806262
1355,18.0,2.049380935806262
1356,18.0,2.049380935806262
1357,18.0,2.049380935806262
1358,18.0,2.049380935806262
1359,18.0,2.049380935806262
1360,18.0,2.049380935806262
1361,18.0,2.049380935806262
1362,18.0,2.049380935806262
1363,18.3,2.049380935806262
1364,18.3,2.049380935806262
1365,18.3,2.049380935806262
1366,18.3,2.0744534500190532
1367,18.3,2.1879120879120855
1368,18.3,2.2207619931601776
1369,18.3,2.2319775247377045
1370,18.3,2.2319775247377045
1371,18.3,2.2319775247377045
1372,18.3,2.2348780932491294
1373,18.3,2.2493809358062578
1374,18.3,2.2493809358062578
1375,18.3,2.2493809358062578
1376,18.3,2.2493809358062578
1377,18.3,2.287912087912087
1378,18.3,2.308888999386731
1379,18.3,2.3493809358062663
1380,18.3,2.3493809358062663
1381,18.3,2.3493809358062663
1382,18.3,2.3493809358062663
1383,18.3,2.3493809358062663
1384,18.3,2.3493809358062663
1385,18.3,2.3493809358062663
1386,18.3,2.3493809358062663
1387,18.3,2.3493809358062663
1388,18.3,2.3493809358062663
1389,18.3,2.391729236073118
1390,18.3,2.4493809358062606
1391,18.3,2.4493809358062606
1392,18.3,2.4493809358062606
1393,18.3,2.4493809358062606
1394,18.3,2.450715197321532
1395,18.3,2.4782822004541423
1396,18.3,2.4889678948502443
1397,18.3,2.508888999386734
1398,18.3,2.508888999386734
1399,18.3,2.5573052889794923
1400,18.3,2.5744534500190532
1401,18.3,2.5744534500190532
1402,18.3,2.5744534500190532
1403,18.3,2.5744534500190532
1404,18.3,2.631977524737703
1405,18.3,2.631977524737703
1406,18.3,2.631977524737705
1407,18.3,2.6359339001872897
1408,18.3,2.6744534500190547
1409,18.3,2.7088889993867333
1410,18.3,2.7319775247377045
1411,18.3,2.7319775247377045
1412,18.3,2.749380935806265
1413,18.3,2.749380935806265
1414,18.3,2.749380935806265
1415,18.3,2.749380935806265
1416,18.3,2.749380935806265
1417,18.3,2.749380935806265
1418,18.3,2.749380935806265
1419,18.3,2.749380935806265
1420,18.3,2.749380935806265
1421,18.3,2.749380935806265
1422,18.3,2.749380935806265
1423,18.3,2.749380935806265
1424,18.3,2.749380935806265
1425,18.3,2.831977524737704
1426,18.3,2.831977524737704
1427,18.3,2.846491969568892
1428,18.3,2.846491969568892
1429,18.3,2.8493809358062663
1430,18.3,2.8493809358062663
1431,18.3,2.8493809358062663
1432,18.3,2.8493809358062663
1433,18.3,2.8493809358062663
1434,18.3,2.8493809358062663
1435,20.0,2.8493809358062663
1436,20.0,2.8493809358062663
1437,20.0,2.860337349930102
1438,20.0,2.874453450019054
1439,20.0,2.874453450019054
1440,20.0,2.9348780932491287
1441,20.0,2.9348780932491287
1442,20.0,2.9348780932491287
1443,20.0,2.974453450019052
1444,20.0,3.03487809324913
1445,20.0,3.03487809324913
1446,20.0,3.0464919695688915
1447,20.0,3.0744534500190532
1448,20.0,3.0744534500190532
1449,20.0,3.087912087912084
1450,20.0,3.131977524737705
1451,20.0,3.131977524737705
1452,20.0,3.1493809358062634
1453,20.0,3.1493809358062634
1454,20.0,3.1493809358062634
1455,20.0,3.1493809358062634
1456,20.0,3.1493809358062634
1457,20.0,3.1493809358062634
1458,20.0,3.1493809358062634
1459,20.0,3.1493809358062634
1460,20.0,3.1493809358062634
1461,20.0,3.1889678948502436
1462,20.0,3.2088889993867333
1463,20.0,3.2464919695688907
1464,20.0,3.2493809358062578
1465,20.0,3.2493809358062578
1466,20.0,3.2493809358062578
1467,20.0,3.2493809358062578
1468,20.0,3.2493809358062578
1469,20.0,3.2493809358062578
1470,20.0,3.2493809358062578
1471,20.0,3.346491969568892
1472,20.0,3.4284156266056716
1473,20.0,3.4348780932491287
1474,20.0,3.4348780932491287
1475,20.0,3.4493809358062606
1476,20.0,3.4493809358062606
1477,20.0,3.4493809358062606
1478,20.0,3.4493809358062606
1479,20.0,3.4493809358062606
1480,20.0,3.4493809358062606
1481,20.0,3.4493809358062606
1482,20.0,3.4493809358062606
1483,20.0,3.531977524737705
1484,20.0,3.587912087912084
1485,20.0,3.7319775247377045
1486,20.0,3.7319775247377045
1487,20.200000000000003,3.7319775247377045
1488,20.200000000000003,3.7348780932491294
1489,20.200000000000003,3.7348780932491294
1490,20.200000000000003,3.7464919695688925
1491,20.200000000000003,3.8348780932491273
1492,20.200000000000003,3.849380935806259
1493,20.200000000000003,3.849380935806259
1494,20.200000000000003,3.849380935806259
1495,20.200000000000003,3.920761993160177
1496,20.200000000000003,3.9348780932491287
1497,20.200000000000003,3.946491969568892
1498,20.200000000000003,3.946491969568892
1499,20.200000000000003,3.959150050552765
1500,20.200000000000003,3.9744534500190554
1501,20.200000000000003,3.9744534500190554
1502,20.200000000000003,4.008888999386734
1503,20.200000000000003,4.031977524737705
1504,20.200000000000003,4.049380935806262
1505,20.200000000000003,4.049380935806262
1506,20.200000000000003,4.049380935806262
1507,20.200000000000003,4.074453450019053
1508,20.200000000000003,4.078282200454144
1509,20.200000000000003,4.1088889993867355
1510,20.200000000000003,4.174453450019055
1511,20.200000000000003,4.174453450019055
1512,20.200000000000003,4.174453450019055
1513,20.200000000000003,4.174453450019055
1514,20.200000000000003,4.2319775247377045
1515,20.200000000000003,4.235933900187291
1516,20.200000000000003,4.235933900187291
1517,20.200000000000003,4.249380935806265
1518,20.200000000000003,4.249380935806265
1519,20.200000000000003,4.249380935806265
1520,20.200000000000003,4.287912087912087
1521,20.200000000000003,4.331977524737706
1522,20.200000000000003,4.331977524737706
1523,20.200000000000003,4.331977524737706
1524,20.200000000000003,4.331977524737706
1525,20.200000000000003,4.331977524737706
1526,20.200000000000003,4.331977524737706
1527,20.200000000000003,4.374453450019054
1528,20.200000000000003,4.431977524737704
1529,20.200000000000003,4.431977524737704
1530,20.200000000000003,4.431977524737704
1531,20.200000000000003,4.431977524737704
1532,20.200000000000003,4.435933900187287
1533,20.200000000000003,4.43593390018729
1534,20.200000000000003,4.446491969568892
1535,20.200000000000003,4.459150050552761
1536,20.200000000000003,4.474453450019052
1537,20.200000000000003,4.474453450019052
1538,21.1,4.474453450019052
1539,21.1,4.474453450019052
1540,21.1,4.531977524737705
1541,21.1,4.535933900187288
1542,21.1,4.5464919695688915
1543,21.1,4.5464919695688915
1544,21.1,4.5464919695688915
1545,21.1,4.574453450019053
1546,21.1,4.574453450019053
1547,21.1,4.634878093249128
1548,21.1,4.649380935806263
1549,21.1,4.649380935806263
1550,21.1,4.649380935806263
1551,21.1,4.649380935806263
1552,21.1,4.649380935806263
1553,21.1,4.649380935806263
1554,21.1,4.649380935806263
1555,21.1,4.7319775247377045
1556,21.1,4.7319775247377045
1557,21.1,4.7319775247377045
1558,21.1,4.7319775247377045
1559,21.1,4.749380935806258
1560,21.1,4.749380935806258
1561,21.1,4.749380935806258
1562,21.1,4.749380935806258
1563,21.1,4.749380935806258
1564,21.1,4.749380935806258
1565,21.1,4.749380935806258
1566,21.1,4.774453450019056
1567,21.1,4.774453450019056
1568,21.1,4.774453450019056
1569,21.1,4.831977524737702
1570,21.1,4.849380935806266
1571,21.1,4.849380935806266
1572,21.1,4.849380935806266
1573,21.1,4.874453450019054
1574,21.1,4.874453450019054
1575,21.1,4.874453450019054
1576,21.1,4.874453450019054
1577,21.1,4.874453450019054
1578,21.1,4.891729236073118
1579,21.1,4.931977524737704
1580,21.1,4.931977524737704
1581,21.1,4.931977524737704
1582,21.1,4.949380935806261
1583,21.1,4.949380935806261
1584,21.1,4.949380935806261
1585,21.1,4.949380935806261
1586,21.1,4.949380935806261
1587,21.1,4.949380935806261
1588,26.1,4.987912087912083
1589,26.1,4.987912087912083
1590,26.1,5.0053271012547
1591,26.1,5.049380935806262
1592,26.1,5.049380935806262
1593,26.1,5.049380935806262
1594,26.1,5.049380935806262
1595,26.1,5.049380935806262
1596,26.1,5.049380935806262
1597,26.1,5.049380935806262
1598,26.1,5.049380935806262
1599,26.1,5.049380935806262
1600,26.1,5.049380935806262
1601,26.1,5.049380935806262
1602,26.1,5.049380935806262
1603,26.1,5.049380935806262
1604,26.1,5.087912087912084
1605,26.1,5.087912087912084
1606,26.1,5.087912087912084
1607,26.1,5.087912087912084
1608,26.1,5.131977524737707
1609,26.1,5.131977524737707
1610,26.1,5.131977524737707
1611,26.1,5.149380935806263
1612,26.1,5.2744534500190525
1613,26.1,5.308888999386731
1614,26.1,5.477098768501484
1615,26.1,5.634878093249132
1616,26.1,5.634878093249132
1617,26.1,5.634878093249132
1618,26.1,5.66548489218172
1619,26.1,5.674453450019055
1620,26.1,5.674453450019055
1621,26.1,5.674453450019055
1622,26.1,5.787912087912087
1623,26.1,5.787912087912087
1624,26.1,5.831977524737706
1625,26.1,5.834878093249127
1626,26.1,5.934878093249129
1627,26.1,5.934878093249129
1628,26.1,5.977098768501482
1629,26.1,5.987912087912083
1630,26.1,6.031977524737705
1631,26.1,6.031977524737705
1632,26.1,6.0464919695688915
1633,26.1,6.131977524737707
1634,26.1,6.131977524737707
1635,26.1,6.146491969568891
1636,26.1,6.162584323670291
1637,26.1,6.246491969568891
1638,26.1,6.246491969568891
1639,26.1,6.246491969568891
1640,26.1,6.274453450019056
1641,26.1,6.287912087912087
1642,26.1,6.331977524737702
1643,26.1,6.331977524737702
1644,26.1,6.331977524737702
1645,26.1,6.331977524737702
1646,26.1,6.331977524737702
1647,26.1,6.334878093249127
1648,26.1,6.334878093249127
1649,26.1,6.362584323670294
1650,26.1,6.374453450019054
1651,26.1,6.431977524737704
1652,26.1,6.474453450019055
1653,26.1,6.474453450019055
1654,26.1,6.474453450019055
1655,26.1,6.474453450019055
1656,26.1,6.531977524737705
1657,26.1,6.531977524737705
1658,26.1,6.531977524737705
1659,26.1,6.531977524737705
1660,26.1,6.574453450019057
1661,26.1,6.574453450019057
1662,26.1,6.6088889993867355
1663,26.1,6.6088889993867355
1664,26.1,6.6088889993867355
1665,26.1,6.6088889993867355
1666,26.1,6.631977524737703
1667,26.1,6.631977524737703
1668,26.1,6.649380935806263
1669,26.1,6.649380935806263
1670,26.1,6.649380935806263
1671,26.1,6.649380935806263
1672,26.1,6.649380935806263
1673,26.1,6.660337349930103
1674,26.1,6.674453450019055
1675,26.1,6.674453450019055
1676,26.1,6.6879120879120855
1677,26.1,6.7319775247377045
1678,26.1,6.7319775247377045
1679,26.1,6.7319775247377045
1680,26.1,6.749380935806258
1681,26.1,6.749380935806258
1682,26.1,6.749380935806258
1683,26.1,6.749380935806258
1684,26.1,6.749380935806258
1685,26.1,6.749380935806258
1686,26.1,6.749380935806258
1687,26.1,6.749380935806258
1688,26.1,6.749380935806258
1689,26.1,6.749380935806258
1690,26.1,6.749380935806258
1691,26.1,6.774453450019056
1692,26.1,6.774453450019056
1693,26.1,6.834878093249127
1694,26.1,6.846491969568892
1695,26.1,6.849380935806266
1696,26.1,6.849380935806266
1697,26.1,6.849380935806266
1698,26.1,6.849380935806266
1699,26.1,6.849380935806266
1700,26.1,6.849380935806266
1701,26.1,6.849380935806266
1702,26.1,6.849380935806266
1703,26.1,6.874453450019054
1704,26.1,6.874453450019054
1705,26.1,6.874453450019054
1706,26.1,6.874453450019054
1707,26.1,6.874453450019054
1708,26.1,6.874453450019054
1709,26.1,6.908888999386733
1710,26.1,6.949380935806261
1711,26.1,6.949380935806261
1712,26.1,6.949380935806261
1713,26.1,6.949380935806261
1714,26.1,6.949380935806261
1715,26.1,6.949380935806261
1716,26.1,6.949380935806261
1717,26.1,6.949380935806261
1718,26.1,6.949380935806261
1719,26.1,6.949380935806261
1720,26.1,6.949380935806261
1721,26.1,6.949380935806261
1722,26.1,6.949380935806261
1723,26.1,6.974453450019055
1724,26.1,6.974453450019055
1725,26.1,6.987912087912083
1726,26.1,6.987912087912083
1727,26.1,7.03487809324913
1728,26.1,7.03487809324913
1729,26.1,7.035933900187288
1730,26.1,7.035933900187288
1731,26.1,7.087912087912084
1732,26.1,7.1088889993867355
1733,26.1,7.12076199316018
1734,26.1,7.15730528897949
1735,26.1,7.174453450019055
1736,26.1,7.174453450019055
1737,26.1,7.174453450019055
1738,26.1,7.174453450019055
1739,26.1,7.2319775247377045
1740,27.6,7.2744534500190525
1741,27.6,7.2744534500190525
1742,27.6,7.2744534500190525
1743,27.6,7.2744534500190525
1744,27.6,7.287912087912087
1745,27.6,7.331977524737702
1746,27.6,7.3744534500190575
1747,27.6,7.3744534500190575
1748,27.6,7.446491969568892
1749,27.6,7.474453450019055
1750,27.6,7.474453450019055
1751,27.6,7.474453450019055
1752,27.6,7.474453450019055
1753,27.6,7.474453450019055
1754,27.6,7.474453450019055
1755,27.6,7.474453450019055
1756,27.6,7.53487809324913
1757,27.6,7.53487809324913
1758,27.6,7.574453450019053
1759,27.6,7.574453450019053
1760,27.6,7.574453450019053
1761,27.6,7.574453450019053
1762,27.6,7.574453450019053
1763,27.6,7.587912087912084
1764,27.6,7.587912087912084
1765,27.6,7.646491969568893
1766,27.6,7.646491969568893
1767,27.6,7.646491969568893
1768,27.6,7.6591500505527605
1769,27.6,7.674453450019055
1770,27.6,7.674453450019055
1771,27.6,7.749380935806265
1772,27.6,7.749380935806265
1773,27.6,7.749380935806265
1774,27.6,7.749380935806265
1775,27.6,7.749380935806265
1776,27.6,7.749380935806265
1777,27.6,7.749380935806265
1778,27.6,7.749380935806265
1779,27.6,7.749380935806265
1780,27.6,7.757305288979492
1781,27.6,7.791729236073117
1782,27.6,7.808888999386731
1783,27.6,7.846491969568892
1784,27.6,7.849380935806266
1785,27.6,7.849380935806266
1786,27.6,7.849380935806266
1787,27.6,7.849380935806266
1788,27.6,7.849380935806266
1789,27.6,7.849380935806266
1790,27.6,7.849380935806266
1791,27.6,7.849380935806266
1792,27.6,7.849380935806266
1793,27.6,7.849380935806266
1794,27.700000000000003,7.874453450019054
1795,27.700000000000003,7.874453450019054
1796,27.700000000000003,7.874453450019054
1797,27.700000000000003,7.874453450019054
1798,27.700000000000003,7.874453450019054
1799,27.700000000000003,7.874453450019054
1800,27.700000000000003,7.889629224470852
1801,27.700000000000003,7.931977524737704
1802,27.700000000000003,7.931977524737704
1803,27.700000000000003,7.931977524737704
1804,27.700000000000003,7.931977524737704
1805,27.700000000000003,7.931977524737704
1806,27.700000000000003,7.934878093249129
1807,27.700000000000003,7.934878093249129
1808,27.700000000000003,7.934878093249129
1809,27.700000000000003,8.074453450019053
1810,27.700000000000003,8.074453450019053
1811,27.700000000000003,8.074453450019053
1812,27.700000000000003,8.074453450019053
1813,27.700000000000003,8.088967894850242
1814,27.700000000000003,8.131977524737707
1815,27.700000000000003,8.134878093249132
1816,27.700000000000003,8.13593390018729
1817,27.700000000000003,8.13593390018729
1818,27.700000000000003,8.174453450019055
1819,27.700000000000003,8.174453450019055
1820,27.700000000000003,8.174453450019055
1821,27.700000000000003,8.174453450019055
1822,27.700000000000003,8.174453450019055
1823,27.700000000000003,8.174453450019055
1824,27.700000000000003,8.174453450019055
1825,27.700000000000003,8.174453450019055
1826,27.700000000000003,8.231977524737704
1827,27.700000000000003,8.308888999386731
1828,27.700000000000003,8.331977524737702
1829,27.700000000000003,8.331977524737706
1830,27.700000000000003,8.331977524737706
1831,27.700000000000003,8.37445345001905
1832,27.700000000000003,8.374453450019057
1833,27.700000000000003,8.374453450019057
1834,27.700000000000003,8.374453450019057
1835,27.700000000000003,8.388967894850246
1836,27.700000000000003,8.431977524737704
1837,27.700000000000003,8.431977524737704
1838,27.700000000000003,8.431977524737704
1839,27.700000000000003,8.431977524737707
1840,28.700000000000003,8.434878093249129
1841,28.700000000000003,8.459150050552765
1842,28.700000000000003,8.466540699119882
1843,28.700000000000003,8.508888999386734
1844,28.700000000000003,8.508888999386734
1845,28.700000000000003,8.674453450019055
1846,28.700000000000003,8.674453450019055
1847,28.700000000000003,8.731977524737704
1848,28.700000000000003,8.831977524737702
1849,28.700000000000003,8.860337349930106
1850,28.700000000000003,8.86654069911988
1851,28.700000000000003,8.87445345001905
1852,28.700000000000003,8.874453450019057
1853,28.700000000000003,8.874453450019057
1854,28.700000000000003,8.874453450019057
1855,28.700000000000003,8.889629224470852
1856,28.700000000000003,8.931977524737704
1857,28.700000000000003,8.931977524737704
1858,28.700000000000003,8.934878093249129
1859,28.700000000000003,8.974453450019052
1860,28.700000000000003,8.987912087912083
1861,28.700000000000003,9.074453450019053
1862,28.700000000000003,9.108888999386735
1863,28.700000000000003,9.108888999386735
1864,28.700000000000003,9.131977524737707
1865,28.700000000000003,9.149380935806263
1866,28.700000000000003,9.149380935806263
1867,28.700000000000003,9.149380935806263
1868,28.700000000000003,9.149380935806263
1869,28.700000000000003,9.174453450019055
1870,28.700000000000003,9.187912087912085
1871,28.700000000000003,9.257305288979492
1872,28.700000000000003,9.260337349930104
1873,28.700000000000003,9.260337349930104
1874,28.700000000000003,9.274453450019056
1875,28.700000000000003,9.274453450019056
1876,28.700000000000003,9.274453450019056
1877,28.700000000000003,9.274453450019056
1878,28.700000000000003,9.408888999386733
1879,28.700000000000003,9.53487809324913
1880,28.700000000000003,9.53487809324913
1881,28.700000000000003,9.631977524737703
1882,28.700000000000003,9.631977524737703
1883,28.700000000000003,9.646491969568892
1884,28.700000000000003,9.649380935806263
1885,28.700000000000003,9.649380935806263
1886,28.700000000000003,9.649380935806263
1887,28.700000000000003,9.649380935806263
1888,28.700000000000003,9.649380935806263
1889,28.700000000000003,9.73487809324913
1890,28.700000000000003,9.73487809324913
1891,28.700000000000003,9.73487809324913
1892,28.700000000000003,9.774453450019056
1893,28.700000000000003,9.774453450019056
1894,28.700000000000003,9.774453450019056
1895,28.700000000000003,9.831977524737702
1896,28.700000000000003,9.834878093249127
1897,28.700000000000003,9.846491969568891
1898,28.700000000000003,9.87445345001905
1899,28.700000000000003,9.87445345001905
1900,28.700000000000003,9.87445345001905
1901,28.700000000000003,9.87445345001905
1902,28.700000000000003,9.908888999386733
1903,28.700000000000003,9.908888999386733
1904,28.700000000000003,9.920761993160177
1905,28.700000000000003,9.934878093249129
1906,28.700000000000003,9.946491969568893
1907,28.700000000000003,9.946491969568893
1908,28.700000000000003,10.03487809324913
1909,28.700000000000003,10.074453450019053
1910,28.700000000000003,10.174453450019055
1911,28.700000000000003,10.231977524737708
1912,28.700000000000003,10.37445345001905
1913,28.700000000000003,10.408888999386733
1914,28.700000000000003,10.449380935806268
1915,28.700000000000003,10.449380935806268
1916,28.700000000000003,10.449380935806268
1917,28.700000000000003,10.535933900187288
1918,28.700000000000003,10.535933900187288
1919,28.700000000000003,10.535933900187288
1920,28.700000000000003,10.560337349930101
1921,28.700000000000003,10.574453450019053
1922,28.700000000000003,10.574453450019053
1923,28.700000000000003,10.574453450019053
1924,28.700000000000003,10.631977524737707
1925,28.700000000000003,10.63593390018729
1926,28.700000000000003,10.646491969568892
1927,28.700000000000003,10.649380935806263
1928,28.700000000000003,10.674453450019055
1929,28.700000000000003,10.774453450019056
1930,28.700000000000003,10.774453450019056
1931,28.700000000000003,10.787912087912087
1932,28.700000000000003,10.808888999386731
1933,28.700000000000003,10.835933900187289
1934,28.700000000000003,10.835933900187289
1935,28.700000000000003,10.887912087912085
1936,28.700000000000003,10.887912087912085
1937,28.700000000000003,10.887912087912085
1938,28.700000000000003,10.931977524737704
1939,28.700000000000003,10.931977524737704
1940,28.700000000000003,10.931977524737704
1941,28.700000000000003,10.931977524737704
1942,28.700000000000003,10.931977524737704
1943,28.700000000000003,10.931977524737704
1944,28.700000000000003,10.934878093249132
1945,28.700000000000003,10.957305288979494
1946,28.700000000000003,10.974453450019059
1947,28.700000000000003,10.974453450019059
1948,28.700000000000003,10.974453450019059
1949,28.700000000000003,11.035933900187288
1950,28.700000000000003,11.074453450019053
1951,28.700000000000003,11.074453450019053
1952,28.700000000000003,11.074453450019053
1953,28.700000000000003,11.074453450019053
1954,28.700000000000003,11.074453450019053
1955,28.700000000000003,11.074453450019053
1956,28.700000000000003,11.074453450019053
1957,28.700000000000003,11.074453450019053
1958,28.700000000000003,11.131977524737707
1959,28.700000000000003,11.23487809324913
1960,28.700000000000003,11.331977524737702
1961,28.700000000000003,11.349380935806266
1962,28.700000000000003,11.349380935806266
1963,28.700000000000003,11.349380935806266
1964,28.700000000000003,11.474453450019059
1965,28.700000000000003,11.54649196956889
1966,28.700000000000003,11.574453450019053
1967,28.700000000000003,11.574453450019053
1968,28.700000000000003,11.574453450019053
1969,28.700000000000003,11.634878093249132
1970,28.700000000000003,11.634878093249132
1971,28.700000000000003,11.634878093249132
1972,28.700000000000003,11.634878093249132
1973,28.700000000000003,11.646491969568892
1974,28.700000000000003,11.649380935806263
1975,28.700000000000003,11.749380935806265
1976,28.700000000000003,11.787912087912087
1977,28.700000000000003,11.93593390018729
1978,28.700000000000003,11.946491969568893
1979,28.700000000000003,12.008888999386734
1980,28.700000000000003,12.035933900187288
1981,28.700000000000003,12.049380935806255
1982,28.700000000000003,12.049380935806255
1983,28.700000000000003,12.049380935806255
1984,28.700000000000003,12.131977524737707
1985,28.700000000000003,12.13593390018729
1986,28.700000000000003,12.166540699119881
1987,28.700000000000003,12.174453450019055
1988,28.700000000000003,12.274453450019056
1989,28.700000000000003,12.274453450019056
1990,28.700000000000003,12.287912087912087
1991,28.700000000000003,12.335933900187289
1992,28.700000000000003,12.387912087912085
1993,28.700000000000003,12.474453450019059
1994,28.700000000000003,12.474453450019059
1995,28.700000000000003,12.474453450019059
1996,28.700000000000003,12.474453450019059
1997,28.700000000000003,12.487912087912086
1998,28.700000000000003,12.487912087912086
1999,28.700000000000003,12.531977524737705
2000,28.700000000000003,12.531977524737705
2001,28.700000000000003,12.531977524737705
2002,28.700000000000003,12.54938093580627
2003,28.700000000000003,12.54938093580627
2004,28.700000000000003,12.54938093580627
2005,28.700000000000003,12.54938093580627
2006,28.700000000000003,12.587912087912088
2007,28.700000000000003,12.587912087912088
2008,28.700000000000003,12.646491969568888
2009,28.700000000000003,12.665484892181723
2010,28.700000000000003,12.708888999386733
2011,28.700000000000003,12.734878093249133
2012,28.700000000000003,12.774453450019056
2013,28.700000000000003,12.774453450019056
2014,28.700000000000003,12.778282200454147
2015,28.700000000000003,12.828415626605672
2016,28.700000000000003,12.831977524737702
2017,28.700000000000003,12.849380935806266
2018,28.700000000000003,12.849380935806266
2019,28.700000000000003,12.849380935806266
2020,28.700000000000003,12.849380935806266
2021,28.700000000000003,12.849380935806266
2022,28.700000000000003,12.859150050552763
2023,28.700000000000003,12.887912087912085
2024,28.700000000000003,12.931977524737704
2025,28.700000000000003,12.931977524737704
2026,28.700000000000003,12.931977524737704
2027,28.700000000000003,12.957305288979494
2028,28.700000000000003,12.974453450019059
2029,28.700000000000003,12.974453450019059
2030,28.700000000000003,12.974453450019059
2031,28.700000000000003,12.974453450019059
2032,28.700000000000003,12.987912087912086
2033,28.700000000000003,13.04938093580627
2034,28.700000000000003,13.12076199316018
2035,28.700000000000003,13.131977524737707
2036,28.700000000000003,13.131977524737707
2037,28.700000000000003,13.131977524737707
2038,28.700000000000003,13.131977524737707
2039,28.700000000000003,13.134878093249132
2040,28.700000000000003,13.174453450019055
2041,28.700000000000003,13.174453450019055
2042,28.700000000000003,13.246491969568893
2043,28.700000000000003,13.37445345001905
2044,28.700000000000003,13.431977524737704
2045,28.700000000000003,13.434878093249132
2046,28.700000000000003,13.446491969568893
2047,28.700000000000003,13.477098768501484
2048,28.700000000000003,13.487912087912086
2049,28.700000000000003,13.54649196956889
2050,28.700000000000003,13.587912087912084
2051,28.700000000000003,13.678282200454145
2052,28.700000000000003,13.735933900187288
2053,28.700000000000003,13.808888999386735
2054,28.700000000000003,13.808888999386735
2055,28.700000000000003,13.846491969568891
2056,28.700000000000003,13.874453450019057
2057,28.700000000000003,13.874453450019057
2058,28.700000000000003,13.874453450019057
2059,28.700000000000003,13.874453450019057
2060,28.700000000000003,13.874453450019057
2061,28.700000000000003,13.887912087912085
2062,28.700000000000003,13.887912087912085
2063,28.700000000000003,13.931977524737704
2064,28.700000000000003,14.134878093249128
2065,28.700000000000003,14.234878093249133
2066,28.700000000000003,14.234878093249133
2067,28.700000000000003,14.249380935806265
2068,28.700000000000003,14.249380935806265
2069,28.700000000000003,14.249380935806265
2070,28.700000000000003,14.249380935806265
2071,28.700000000000003,14.249380935806265
2072,28.700000000000003,14.249380935806265
2073,28.700000000000003,14.249380935806265
2074,28.700000000000003,14.249380935806265
2075,28.700000000000003,14.249380935806265
2076,28.700000000000003,14.249380935806265
2077,28.700000000000003,14.249380935806265
2078,28.700000000000003,14.249380935806265
2079,28.700000000000003,14.249380935806265
2080,28.700000000000003,14.249380935806265
2081,28.700000000000003,14.249380935806265
2082,28.700000000000003,14.33487809324913
2083,28.700000000000003,14.33487809324913
2084,28.700000000000003,14.346491969568891
2085,28.700000000000003,14.346491969568891
2086,28.700000000000003,14.349380935806266
2087,28.700000000000003,14.349380935806266
2088,28.700000000000003,14.349380935806266
2089,28.700000000000003,14.349380935806266
2090,28.700000000000003,14.349380935806266
2091,28.700000000000003,14.349380935806266
2092,28.700000000000003,14.349380935806266
2093,28.700000000000003,14.349380935806266
2094,28.700000000000003,14.349380935806266
2095,28.700000000000003,14.349380935806266
2096,28.700000000000003,14.349380935806266
2097,28.700000000000003,14.349380935806266
2098,28.700000000000003,14.349380935806266
2099,28.700000000000003,14.349380935806266
2100,28.700000000000003,14.349380935806266
2101,28.700000000000003,14.349380935806266
2102,28.700000000000003,14.387912087912088
2103,28.700000000000003,14.408888999386736
2104,28.700000000000003,14.408888999386736
2105,28.700000000000003,14.431977524737704
2106,28.700000000000003,14.434878093249129
2107,28.700000000000003,14.44938093580626
2108,28.700000000000003,14.44938093580626
2109,28.700000000000003,14.44938093580626
2110,28.700000000000003,14.44938093580626
2111,28.700000000000003,14.44938093580626
2112,28.700000000000003,14.44938093580626
2113,28.700000000000003,14.44938093580626
2114,28.700000000000003,14.44938093580626
2115,28.700000000000003,14.44938093580626
2116,28.700000000000003,14.44938093580626
2117,28.700000000000003,14.531977524737705
2118,28.700000000000003,14.53487809324913
2119,28.700000000000003,14.608888999386735
2120,28.700000000000003,14.608888999386735
2121,28.700000000000003,14.687912087912085
2122,28.700000000000003,14.708888999386733
2123,28.700000000000003,14.731977524737704
2124,28.700000000000003,14.731977524737704
2125,28.700000000000003,14.731977524737704
2126,28.700000000000003,14.73487809324913
2127,28.700000000000003,14.73487809324913
2128,28.700000000000003,14.760337349930104
2129,28.700000000000003,14.774453450019056
2130,28.8,14.774453450019056
2131,28.8,14.774453450019056
2132,28.8,14.774453450019056
2133,28.8,14.774453450019056
2134,28.8,14.774453450019056
2135,28.8,14.835933900187289
2136,28.8,14.887912087912081
2137,28.8,14.978282200454146
2138,28.8,15.031977524737705
2139,28.8,15.04649196956889
2140,28.8,15.074453450019053
2141,28.8,15.074453450019053
2142,28.8,15.074453450019053
2143,28.8,15.074453450019053
2144,28.8,15.087912087912084
2145,28.8,15.13593390018729
2146,28.8,15.13593390018729
2147,28.8,15.187912087912085
2148,28.8,15.187912087912085
2149,28.8,15.208888999386737
2150,28.8,15.234878093249126
2151,28.8,15.234878093249126
2152,28.8,15.234878093249126
2153,28.8,15.235933900187288
2154,28.8,15.235933900187288
2155,28.8,15.246491969568893
2156,28.8,15.308888999386735
2157,28.8,15.308888999386735
2158,28.8,15.321817800098344
2159,28.8,15.43593390018729
2160,28.8,15.44938093580626
2161,28.8,15.44938093580626
2162,28.8,15.44938093580626
2163,28.8,15.44938093580626
2164,28.8,15.44938093580626
2165,28.8,15.44938093580626
2166,28.8,15.44938093580626
2167,28.8,15.44938093580626
2168,28.8,15.44938093580626
2169,28.8,15.44938093580626
2170,28.8,15.44938093580626
2171,28.8,15.44938093580626
2172,28.8,15.44938093580626
2173,28.8,15.44938093580626
2174,28.8,15.44938093580626
2175,28.8,15.53487809324913
2176,28.8,15.549380935806262
2177,28.8,15.549380935806262
2178,28.8,15.549380935806262
2179,28.8,15.549380935806262
2180,28.8,15.549380935806262
2181,28.8,15.549380935806262
2182,28.8,15.549380935806262
2183,28.8,15.549380935806262
2184,28.8,15.549380935806262
2185,28.8,15.549380935806262
2186,28.8,15.549380935806262
2187,28.8,15.549380935806262
2188,28.8,15.549380935806262
2189,28.8,15.549380935806262
2190,28.8,15.549380935806262
2191,28.8,15.549380935806262
2192,28.8,15.549380935806262
2193,28.8,15.631977524737707
2194,28.8,15.63593390018729
2195,28.8,15.734878093249126
2196,28.8,15.831977524737706
2197,28.8,15.931977524737704
2198,28.8,15.988967894850248
2199,28.8,16.008888999386734
2200,28.8,16.031977524737705
2201,28.8,16.031977524737705
2202,28.8,16.13487809324913
2203,28.8,16.208888999386737
2204,28.8,16.22841562660567
2205,28.8,16.231977524737704
2206,28.8,16.249380935806265
2207,28.8,16.328415626605672
2208,28.8,16.331977524737702
2209,28.8,16.37828220045414
2210,28.8,16.378282200454148
2211,28.8,16.38791208791208
2212,28.8,16.47445345001906
2213,28.8,16.47445345001906
2214,28.8,16.574453450019053
2215,28.8,16.574453450019053
2216,28.8,16.574453450019053
2217,28.8,16.574453450019053
2218,28.8,16.574453450019053
2219,28.8,16.574453450019053
2220,28.8,16.574453450019053
2221,28.8,16.587912087912084
2222,28.8,16.631977524737707
2223,28.8,16.631977524737707
2224,28.8,16.649380935806263
2225,28.8,16.649380935806263
2226,28.8,16.649380935806263
2227,28.8,16.674453450019055
2228,28.8,16.674453450019055
2229,28.8,16.687912087912085
2230,28.8,16.708888999386737
2231,28.8,16.731977524737704
2232,28.8,16.731977524737704
2233,28.8,16.731977524737704
2234,28.8,16.731977524737704
2235,28.8,16.8053271012547
2236,28.8,16.835933900187293
2237,28.8,16.849380935806266
2238,28.8,16.849380935806266
2239,28.8,16.849380935806266
2240,28.8,16.849380935806266
2241,28.8,16.849380935806266
2242,28.8,16.849380935806266
2243,28.8,16.849380935806266
2244,28.8,16.849380935806266
2245,28.8,16.849380935806266
2246,28.8,16.849380935806266
2247,28.8,16.849380935806266
2248,28.8,16.849380935806266
2249,28.8,16.849380935806266
2250,28.8,16.849380935806266
2251,28.8,16.849380935806266
2252,28.8,16.849380935806266
2253,28.8,16.849380935806266
2254,28.8,16.849380935806266
2255,28.8,16.849380935806266
2256,28.8,16.849380935806266
2257,28.8,16.878282200454148
2258,28.8,16.883031397963524
2259,28.8,16.935933900187287
2260,28.8,16.94938093580626
2261,28.8,16.94938093580626
2262,28.8,16.94938093580626
2263,28.8,16.94938093580626
2264,28.8,16.94938093580626
2265,28.8,16.94938093580626
2266,28.8,16.94938093580626
2267,28.8,16.94938093580626
2268,28.8,16.94938093580626
2269,28.8,16.98791208791209
2270,28.8,17.031977524737705
2271,28.8,17.03593390018729
2272,28.8,17.087912087912084
2273,28.8,17.087912087912084
2274,28.8,17.087912087912084
2275,28.8,17.108888999386735
2276,28.8,17.108888999386735
2277,28.8,17.12181780009834
2278,28.8,17.37445345001905
2279,28.8,17.37445345001905
2280,28.8,17.459150050552758
2281,28.8,17.47445345001906
2282,28.8,17.47445345001906
2283,28.8,17.47445345001906
2284,28.8,17.510339283642445
2285,28.8,17.531977524737705
2286,28.8,17.531977524737705
2287,28.8,17.731977524737708
2288,28.8,17.73593390018729
2289,28.8,17.746491969568893
2290,28.8,17.788967894850245
2291,28.8,17.831977524737706
2292,28.8,17.834878093249134
2293,28.8,17.834878093249134
2294,28.8,17.93487809324913
2295,28.8,17.93487809324913
2296,28.8,17.97445345001906
2297,28.8,17.97445345001906
2298,28.8,18.008888999386734
2299,28.8,18.04649196956889
2300,28.8,18.04649196956889
2301,28.8,18.04938093580627
2302,28.8,18.04938093580627
2303,28.8,18.04938093580627
2304,28.8,18.04938093580627
2305,28.8,18.087912087912084
2306,28.8,18.11680175028591
2307,28.8,18.131977524737707
2308,28.8,18.231977524737704
2309,28.8,18.231977524737704
2310,28.8,18.274453450019056
2311,28.8,18.274453450019056
2312,28.8,18.274453450019056
2313,28.8,18.331977524737706
2314,28.8,18.334878093249134
2315,28.8,18.334878093249134
2316,28.8,18.408888999386733
2317,28.8,18.43487809324913
2318,28.8,18.508888999386734
2319,28.8,18.531977524737705
2320,28.8,18.562584323670293
2321,28.8,18.631977524737707
2322,28.8,18.631977524737707
2323,28.8,18.631977524737707
2324,28.8,18.649380935806263
2325,28.8,18.674453450019055
2326,28.8,18.674453450019055
2327,28.8,18.674453450019055
2328,28.8,18.731977524737704
2329,28.8,18.731977524737704
2330,28.8,18.80888899938674
2331,28.8,18.84938093580626
2332,28.8,18.908888999386733
2333,28.8,18.916047602472915
2334,28.8,18.94938093580626
2335,28.8,19.02076199316018
2336,28.8,19.105327101254705
2337,28.8,19.131977524737703
2338,28.8,19.174453450019055
2339,28.8,19.174453450019055
2340,28.8,19.274453450019056
2341,28.8,19.331977524737706
2342,28.8,19.331977524737706
2343,28.8,19.334878093249134
2344,28.8,19.3603373499301
2345,28.8,19.37445345001905
2346,28.8,19.37445345001905
2347,28.8,19.37445345001905
2348,28.8,19.37445345001905
2349,28.8,19.37445345001905
2350,28.8,19.431977524737704
2351,28.8,19.63487809324913
2352,28.8,19.731977524737704
2353,28.8,19.731977524737704
2354,28.8,19.73593390018729
2355,28.8,19.931977524737704
2356,28.8,20.031977524737705
2357,28.8,20.031977524737705
2358,28.8,20.074453450019053
2359,28.8,20.074453450019053
2360,28.8,20.074453450019053
2361,28.8,20.074453450019053
2362,28.8,20.074453450019053
2363,28.8,20.074453450019053
2364,28.8,20.174453450019055
2365,28.8,20.174453450019055
2366,28.8,20.174453450019055
2367,28.8,20.174453450019055
2368,28.8,20.174453450019055
2369,28.8,20.174453450019055
2370,28.8,20.174453450019055
2371,28.8,20.174453450019055
2372,28.8,20.2319775247377
2373,28.8,20.231977524737708
2374,28.8,20.246491969568893
2375,28.8,20.30888899938674
2376,28.8,20.34912568577727
2377,28.8,20.37445345001905
2378,28.8,20.37445345001905
2379,28.8,20.37445345001905
2380,28.8,20.37445345001905
2381,28.8,20.37445345001905
2382,28.8,20.47445345001906
2383,28.8,20.47445345001906
2384,28.8,20.47445345001906
2385,28.8,20.47445345001906
2386,28.8,20.54649196956889
2387,28.8,20.574453450019053
2388,28.8,20.631977524737707
2389,28.8,20.687912087912085
2390,28.8,20.71604760247292
2391,28.8,20.71604760247292
2392,28.8,20.71604760247292
2393,28.8,20.71604760247292
2394,28.8,20.7319775247377
2395,28.8,20.731977524737708
2396,28.8,20.731977524737708
2397,28.8,20.734878093249133
2398,28.8,20.73593390018729
2399,28.8,20.80888899938674
2400,28.8,20.849380935806266
2401,28.8,20.849380935806266
2402,28.8,20.849380935806266
2403,28.8,20.849380935806266
2404,28.8,20.849380935806266
2405,28.8,20.874453450019057
2406,28.8,20.874453450019057
2407,28.8,20.874453450019057
2408,28.8,20.874453450019057
2409,28.8,20.874453450019057
2410,28.8,20.874453450019057
2411,28.8,20.874453450019057
2412,28.8,20.874453450019057
2413,28.8,20.97445345001906
2414,28.8,20.97445345001906
2415,28.8,20.97445345001906
2416,28.8,20.97445345001906
2417,28.8,20.97445345001906
2418,28.8,21.008888999386734
2419,28.8,21.131977524737707
2420,28.8,21.13593390018729
2421,28.8,21.20888899938673
2422,28.8,21.20888899938673
2423,28.8,21.274453450019056
2424,28.8,21.274453450019056
2425,28.8,21.274453450019056
2426,28.8,21.274453450019056
2427,28.8,21.37445345001905
2428,28.8,21.37445345001905
2429,28.8,21.37445345001905
2430,28.8,21.377098768501483
2431,28.8,21.44938093580626
2432,28.8,21.44938093580626
2433,28.8,21.44938093580626
2434,28.8,21.574453450019053
2435,28.8,21.574453450019053
2436,28.8,21.574453450019053
2437,28.8,21.574453450019053
2438,28.8,21.574453450019053
2439,28.8,21.574453450019053
2440,28.8,21.574453450019053
2441,28.8,21.62076199316018
2442,28.8,21.631977524737707
2443,28.8,21.631977524737707
2444,28.8,21.63487809324913
2445,28.8,21.7319775247377
2446,28.8,21.7319775247377
2447,28.8,21.77709876850148
2448,28.8,21.835933900187285
2449,28.8,21.931977524737704
2450,28.8,21.931977524737704
2451,28.8,21.931977524737704
2452,28.8,21.974453450019052
2453,28.8,21.974453450019052
2454,28.8,21.974453450019052
2455,28.8,22.049380935806255
2456,28.8,22.174453450019055
2457,28.8,22.174453450019055
2458,28.8,22.174453450019055
2459,28.8,22.431977524737704
2460,28.8,22.431977524737704
2461,28.8,22.44938093580626
2462,28.8,22.44938093580626
2463,28.8,22.44938093580626
2464,28.8,22.44938093580626
2465,28.8,22.44938093580626
2466,28.8,22.44938093580626
2467,28.8,22.44938093580626
2468,28.8,22.44938093580626
2469,28.8,22.44938093580626
2470,28.8,22.44938093580626
2471,28.8,22.491729236073112
2472,28.8,22.516047602472923
2473,28.8,22.516047602472923
2474,28.8,22.608888999386735
2475,28.8,22.608888999386735
2476,28.8,22.608888999386735
2477,28.8,22.608888999386735
2478,28.8,22.631977524737707
2479,28.8,22.631977524737707
2480,28.8,22.649380935806263
2481,28.8,22.687912087912085
2482,28.8,22.73593390018729
2483,28.8,22.749380935806258
2484,28.8,22.749380935806258
2485,28.8,22.774453450019056
2486,28.8,22.774453450019056
2487,28.8,22.774453450019056
2488,28.8,22.774453450019056
2489,28.8,22.774453450019056
2490,28.8,22.774453450019056
2491,28.8,22.774453450019056
2492,28.8,22.774453450019056
2493,28.8,22.774453450019056
2494,28.8,22.774453450019056
2495,28.8,22.828415626605672
2496,28.8,22.83197752473771
2497,28.8,22.83197752473771
2498,28.8,22.849380935806266
2499,28.8,22.849380935806266
2500,28.8,22.87445345001905
2501,28.8,22.87445345001905
2502,28.8,22.87445345001905
2503,28.8,22.87445345001905
2504,28.8,22.97445345001906
2505,28.8,22.97445345001906
2506,28.8,23.016047602472923
2507,28.8,23.016047602472923
2508,28.8,23.016047602472923
2509,28.8,23.016047602472923
2510,28.8,23.074453450019053
2511,28.8,23.074453450019053
2512,28.8,23.074453450019053
2513,28.8,23.074453450019053
2514,28.8,23.074453450019053
2515,28.8,23.146491969568892
2516,28.8,23.174453450019055
2517,28.8,23.174453450019055
2518,30.200000000000003,23.174453450019055
2519,30.200000000000003,23.174453450019055
2520,30.200000000000003,23.174453450019055
2521,30.200000000000003,23.174453450019055
2522,30.200000000000003,23.274453450019056
2523,30.200000000000003,23.274453450019056
2524,30.200000000000003,23.274453450019056
2525,30.200000000000003,23.33197752473771
2526,30.200000000000003,23.334878093249134
2527,30.200000000000003,23.38791208791208
2528,30.200000000000003,23.431977524737704
2529,30.200000000000003,23.43487809324913
2530,30.200000000000003,23.44649196956889
2531,30.200000000000003,23.48791208791209
2532,30.200000000000003,23.48791208791209
2533,30.200000000000003,23.48791208791209
2534,30.200000000000003,23.53487809324913
2535,30.200000000000003,23.587912087912084
2536,30.200000000000003,23.587912087912084
2537,30.200000000000003,23.631977524737707
2538,30.200000000000003,23.631977524737707
2539,30.200000000000003,23.746491969568893
2540,30.200000000000003,24.031977524737705
2541,30.200000000000003,24.031977524737705
2542,30.200000000000003,24.049380935806255
2543,30.200000000000003,24.049380935806255
2544,30.200000000000003,24.049380935806255
2545,30.200000000000003,24.049380935806255
2546,30.200000000000003,24.049380935806255
2547,30.200000000000003,24.049380935806255
2548,30.200000000000003,24.049380935806255
2549,30.200000000000003,24.049380935806255
2550,30.200000000000003,24.049380935806255
2551,30.200000000000003,24.049380935806255
2552,30.200000000000003,24.049380935806255
2553,30.200000000000003,24.049380935806255
2554,30.200000000000003,24.049380935806255
2555,30.200000000000003,24.049380935806255
2556,30.200000000000003,24.087912087912084
2557,30.200000000000003,24.131977524737707
2558,30.200000000000003,24.131977524737707
2559,30.200000000000003,24.131977524737707
2560,30.200000000000003,24.149380935806263
2561,30.200000000000003,24.149380935806263
2562,30.200000000000003,24.149380935806263
2563,30.200000000000003,24.149380935806263
2564,30.200000000000003,24.149380935806263
2565,30.200000000000003,24.149380935806263
2566,30.200000000000003,24.149380935806263
2567,30.200000000000003,24.149380935806263
2568,30.200000000000003,24.149380935806263
2569,30.200000000000003,24.149380935806263
2570,30.200000000000003,24.149380935806263
2571,30.200000000000003,24.149380935806263
2572,30.200000000000003,24.149380935806263
2573,30.200000000000003,24.149380935806263
2574,30.200000000000003,24.149380935806263
2575,30.200000000000003,24.149380935806263
2576,30.200000000000003,24.149380935806263
2577,30.200000000000003,24.149380935806263
2578,30.200000000000003,24.149380935806263
2579,30.200000000000003,24.149380935806263
2580,30.200000000000003,24.149380935806263
2581,30.200000000000003,24.149380935806263
2582,30.200000000000003,24.191729236073115
2583,30.200000000000003,24.287912087912087
2584,30.200000000000003,24.30888899938674
2585,30.200000000000003,24.33197752473771
2586,30.200000000000003,24.334878093249134
2587,30.200000000000003,24.349380935806266
2588,30.200000000000003,24.349380935806266
2589,30.200000000000003,24.349380935806266
2590,30.200000000000003,24.349380935806266
2591,30.200000000000003,24.349380935806266
2592,30.200000000000003,24.408888999386733
2593,30.200000000000003,24.43487809324913
2594,30.200000000000003,24.631977524737707
2595,30.200000000000003,24.649380935806263
2596,30.200000000000003,24.649380935806263
2597,30.200000000000003,24.649380935806263
2598,30.200000000000003,24.649380935806263
2599,30.200000000000003,24.649380935806263
2600,30.200000000000003,24.649380935806263
2601,30.200000000000003,24.649380935806263
2602,30.200000000000003,24.687912087912085
2603,30.200000000000003,24.687912087912085
2604,30.200000000000003,24.687912087912085
2605,30.200000000000003,24.774453450019056
2606,30.200000000000003,24.774453450019056
2607,30.200000000000003,24.774453450019056
2608,30.200000000000003,24.87445345001905
2609,30.200000000000003,24.87445345001905
2610,30.200000000000003,24.87445345001905
2611,30.200000000000003,24.920761993160177
2612,30.200000000000003,24.93487809324913
2613,30.200000000000003,24.97445345001906
2614,30.200000000000003,24.97445345001906
2615,30.200000000000003,24.97445345001906
2616,30.200000000000003,24.97445345001906
2617,30.200000000000003,25.074453450019053
2618,30.200000000000003,25.074453450019053
2619,30.200000000000003,25.187912087912085
2620,30.200000000000003,25.287912087912087
2621,30.200000000000003,25.30888899938674
2622,30.200000000000003,25.335933900187285
2623,30.200000000000003,25.34649196956889
2624,30.200000000000003,25.38791208791208
2625,30.200000000000003,25.38791208791208
2626,30.200000000000003,25.47828220045415
2627,30.200000000000003,25.516047602472923
2628,30.200000000000003,25.516047602472923
2629,30.200000000000003,25.516047602472923
2630,30.200000000000003,25.516047602472923
2631,30.200000000000003,25.516047602472923
2632,30.200000000000003,25.516047602472923
2633,30.200000000000003,25.516047602472923
2634,30.200000000000003,25.516047602472923
2635,30.200000000000003,25.516047602472923
2636,30.200000000000003,25.516047602472923
2637,30.200000000000003,25.516047602472923
2638,30.200000000000003,25.516047602472923
2639,30.200000000000003,25.516047602472923
2640,30.200000000000003,25.577098768501486
2641,30.200000000000003,25.746491969568893
2642,30.200000000000003,25.766540699119886
2643,30.200000000000003,25.84912568577727
2644,37.4,25.874453450019057
2645,37.4,25.874453450019057
2646,37.4,25.97445345001906
2647,37.4,25.97445345001906
2648,37.4,26.03487809324913
2649,37.4,26.13487809324913
2650,37.4,26.187912087912085
2651,37.4,26.234878093249126
2652,37.4,26.23593390018729
2653,37.4,26.249380935806258
2654,37.4,26.249380935806258
2655,37.4,26.249380935806258
2656,37.4,26.274453450019056
2657,37.4,26.349380935806266
2658,37.4,26.349380935806266
2659,37.4,26.349380935806266
2660,37.4,26.349380935806266
2661,37.4,26.36086718711153
2662,37.4,26.48791208791209
2663,37.4,26.531977524737705
2664,37.4,26.531977524737705
2665,37.4,26.54938093580627
2666,37.4,26.54938093580627
2667,37.4,26.54938093580627
2668,37.4,26.54938093580627
2669,37.4,26.54938093580627
2670,37.4,26.54938093580627
2671,37.4,26.631977524737707
2672,37.4,26.631977524737707
2673,37.4,26.63593390018729
2674,37.4,26.678282200454145
2675,37.4,26.749380935806258
2676,37.4,26.749380935806258
2677,37.4,26.749380935806258
2678,37.4,26.88791208791209
2679,37.4,26.88791208791209
2680,37.4,26.93487809324913
2681,37.4,26.98791208791209
2682,37.4,26.98791208791209
2683,37.4,27.008888999386734
2684,37.4,27.049380935806255
2685,37.4,27.07445345001906
2686,37.4,27.07445345001906
2687,37.4,27.10506024895165
2688,37.4,27.116047602472918
2689,37.4,27.116047602472918
2690,37.4,27.116047602472918
2691,37.4,27.116047602472918
2692,37.4,27.116047602472918
2693,37.4,27.116047602472918
2694,37.4,27.116047602472918
2695,37.4,27.116047602472918
2696,37.4,27.116047602472918
2697,37.4,27.116047602472918
2698,37.4,27.116047602472918
2699,37.4,27.116047602472918
2700,37.4,27.116047602472918
2701,37.4,27.116047602472918
2702,37.4,27.116047602472918
2703,37.4,27.274453450019056
2704,37.4,27.274453450019056
2705,37.4,27.334878093249134
2706,37.4,27.334878093249134
2707,37.4,27.38791208791208
2708,37.4,27.431977524737704
2709,37.4,27.44938093580626
2710,37.4,27.44938093580626
2711,37.4,27.44938093580626
2712,37.4,27.44938093580626
2713,37.4,27.44938093580626
2714,37.4,27.44938093580626
2715,37.4,27.44938093580626
2716,37.4,27.44938093580626
2717,37.4,27.44938093580626
2718,37.4,27.44938093580626
2719,37.4,27.44938093580626
2720,37.4,27.44938093580626
2721,37.4,27.44938093580626
2722,37.4,27.587912087912084
2723,37.4,27.734878093249133
2724,37.4,27.734878093249133
2725,37.4,27.846491969568895
2726,37.4,27.98303139796352
2727,37.4,27.987912087912083
2728,37.4,27.987912087912083
2729,37.4,27.988967894850248
2730,37.4,28.03593390018729
2731,37.4,28.13487809324913
2732,37.4,28.178282200454145
2733,37.4,28.20888899938673
2734,37.4,28.234878093249126
2735,37.4,28.30888899938674
2736,37.4,28.408888999386733
2737,37.4,28.431977524737704
2738,37.4,28.505593953557753
2739,37.4,28.531977524737705
2740,37.4,28.531977524737705
2741,37.4,28.53593390018729
2742,37.4,28.57445345001906
2743,37.4,28.57445345001906
2744,45.7,28.708888999386737
2745,45.7,28.774453450019056
2746,45.7,28.787912087912087
2747,45.7,28.834878093249127
2748,45.7,28.835933900187293
2749,45.7,28.98791208791209
2750,45.7,29.03487809324913
2751,45.7,29.087912087912084
2752,45.7,29.187912087912085
2753,45.7,29.2319775247377
2754,45.7,29.287912087912087
2755,45.7,29.287912087912087
2756,45.7,29.431977524737704
2757,45.7,29.47445345001906
2758,45.7,29.646491969568892
2759,45.7,29.7319775247377
2760,45.7,29.734878093249126
2761,45.7,29.734878093249126
2762,45.7,29.774453450019056
2763,45.7,29.774453450019056
2764,45.7,29.774453450019056
2765,45.7,29.80888899938673
2766,45.7,29.874453450019057
2767,45.7,29.874453450019057
2768,45.7,29.935933900187287
2769,45.7,29.94938093580626
2770,45.7,29.94938093580626
2771,45.7,29.94938093580626
2772,45.7,29.94938093580626
2773,45.7,29.94938093580626
2774,45.7,30.008888999386734
2775,45.7,30.131977524737707
2776,45.7,30.174453450019048
2777,45.7,30.174453450019048
2778,45.7,30.349380935806266
2779,45.7,30.67445345001906
2780,45.7,30.67445345001906
2781,45.7,30.67445345001906
2782,45.7,30.787912087912087
2783,45.7,30.97445345001906
2784,45.7,30.97445345001906
2785,45.7,31.031977524737705
2786,45.7,31.031977524737705
2787,45.7,31.04649196956889
2788,45.7,31.108888999386735
2789,45.7,31.131977524737707
2790,45.7,31.131977524737707
2791,45.7,31.131977524737707
2792,45.7,31.17445345001906
2793,45.7,31.528415626605668
2794,45.7,31.591868463361674
2795,45.7,31.749380935806258
2796,45.7,31.749380935806258
2797,45.7,31.88791208791209
2798,45.7,31.88791208791209
2799,45.7,31.931977524737704
2800,45.7,31.98791208791209
2801,45.7,32.031977524737705
2802,45.7,32.031977524737705
2803,45.7,32.2319775247377
2804,45.7,32.33197752473771
2805,45.7,32.33197752473771
2806,45.7,32.37445345001906
2807,45.7,32.37445345001906
2808,45.7,32.37445345001906
2809,45.7,32.37445345001906
2810,45.7,32.37445345001906
2811,45.7,32.37445345001906
2812,45.7,32.416047602472915
2813,45.7,32.416047602472915
2814,45.7,32.416047602472915
2815,45.7,32.416047602472915
2816,45.7,32.416047602472915
2817,45.7,32.416047602472915
2818,45.7,32.416047602472915
2819,45.7,32.416047602472915
2820,45.7,32.416047602472915
2821,45.7,32.416047602472915
2822,45.7,32.416047602472915
2823,45.7,32.416047602472915
2824,45.7,32.416047602472915
2825,45.7,32.416047602472915
2826,45.7,32.416047602472915
2827,45.7,32.416047602472915
2828,45.7,32.416047602472915
2829,45.7,32.416047602472915
2830,45.7,32.416047602472915
2831,45.7,32.416047602472915
2832,45.7,32.416047602472915
2833,45.7,32.416047602472915
2834,45.7,32.416047602472915
2835,45.7,32.45839590273977
2836,45.7,32.474453450019055
2837,45.7,32.474453450019055
2838,45.7,32.474453450019055
2839,45.7,32.474453450019055
2840,45.7,32.474453450019055
2841,45.7,32.48791208791209
2842,45.7,32.559150050552766
2843,45.7,32.57445345001905
2844,45.7,32.57445345001905
2845,45.7,32.57445345001905
2846,45.7,32.57445345001905
2847,45.7,32.57445345001905
2848,45.7,32.57445345001905
2849,45.7,32.68303139796352
2850,45.7,32.70888899938673
2851,45.7,32.73197752473771
2852,45.7,32.83197752473771
2853,45.7,32.849380935806266
2854,45.7,32.849380935806266
2855,45.7,32.849380935806266
2856,45.7,32.916047602472915
2857,45.7,32.916047602472915
2858,45.7,32.916047602472915
2859,45.7,32.916047602472915
2860,45.7,32.916047602472915
2861,45.7,32.916047602472915
2862,45.7,32.916047602472915
2863,45.7,32.916047602472915
2864,45.7,32.916047602472915
2865,45.7,32.916047602472915
2866,45.7,33.08791208791209
2867,45.7,33.2319775247377
2868,45.7,33.57445345001905
2869,45.7,33.57445345001905
2870,45.7,33.57445345001905
2871,45.7,33.57445345001905
2872,45.7,33.57445345001905
2873,45.7,33.67445345001906
2874,45.7,33.67445345001906
2875,45.7,33.67445345001906
2876,45.7,33.67445345001906
2877,45.7,33.744902458024626
2878,45.7,33.8319775247377
2879,45.7,33.94938093580626
2880,45.7,33.94938093580626
2881,45.7,33.94938093580626
2882,45.7,33.94938093580626
2883,45.7,34.031977524737705
2884,45.7,34.031977524737705
2885,45.7,34.031977524737705
2886,45.7,34.034878093249134
2887,45.7,34.034878093249134
2888,45.7,34.04938093580627
2889,45.7,34.04938093580627
2890,45.7,34.04938093580627
2891,45.7,34.04938093580627
2892,45.7,34.04938093580627
2893,45.7,34.04938093580627
2894,45.7,34.04938093580627
2895,45.7,34.04938093580627
2896,45.7,34.04938093580627
2897,45.7,34.04938093580627
2898,45.7,34.04938093580627
2899,45.7,34.14649196956889
2900,45.7,34.37445345001906
2901,45.7,34.549380935806255
2902,45.7,34.549380935806255
2903,45.7,34.549380935806255
2904,45.7,34.549380935806255
2905,45.7,34.549380935806255
2906,45.7,34.549380935806255
2907,45.7,34.549380935806255
2908,45.7,34.549380935806255
2909,45.7,34.549380935806255
2910,45.7,34.549380935806255
2911,45.7,34.549380935806255
2912,45.7,34.63197752473771
2913,45.7,34.77445345001905
2914,45.7,34.77445345001905
2915,45.7,34.83197752473771
2916,45.7,34.974453450019055
2917,45.7,34.974453450019055
2918,45.7,35.01667412527141
2919,45.7,35.031977524737705
2920,45.7,35.07445345001905
2921,45.7,35.07445345001905
2922,45.7,35.07445345001905
2923,45.7,35.07445345001905
2924,45.7,35.07445345001905
2925,45.7,35.07445345001905
2926,45.7,35.108888999386735
2927,45.7,35.13197752473771
2928,45.7,35.14938093580626
2929,45.7,35.14938093580626
2930,45.7,35.14938093580626
2931,45.7,35.14938093580626
2932,45.7,35.14938093580626
2933,45.7,35.14938093580626
2934,45.7,35.14938093580626
2935,45.7,35.14938093580626
2936,45.7,35.14938093580626
2937,45.7,35.14938093580626
2938,45.7,35.14938093580626
2939,45.7,35.14938093580626
2940,45.7,35.191729236073115
2941,45.7,35.23593390018729
2942,45.7,35.24938093580626
2943,45.7,35.24938093580626
2944,45.7,35.24938093580626
2945,45.7,35.31604760247292
2946,45.7,35.31604760247292
2947,45.7,35.31604760247292
2948,45.7,35.31604760247292
2949,45.7,35.31604760247292
2950,45.7,35.31604760247292
2951,45.7,35.31604760247292
2952,45.7,35.31604760247292
2953,45.7,35.31604760247292
2954,45.7,35.31604760247292
2955,45.7,35.31604760247292
2956,45.7,35.31604760247292
2957,45.7,35.31604760247292
2958,45.7,35.31604760247292
2959,45.7,35.31604760247292
2960,45.7,35.31604760247292
2961,45.7,35.31604760247292
2962,45.7,35.31604760247292
2963,45.7,35.35839590273977
2964,45.7,35.48791208791209
2965,45.7,35.78791208791209
2966,45.7,35.887912087912085
2967,45.7,36.00506024895165
2968,45.7,36.14938093580626
2969,45.7,36.14938093580626
2970,45.7,36.14938093580626
2971,45.7,36.14938093580626
2972,45.7,36.14938093580626
2973,45.7,36.14938093580626
2974,45.7,36.14938093580626
2975,45.7,36.18791208791208
2976,45.7,36.18791208791208
2977,45.7,36.446491969568896
2978,45.7,36.549380935806255
2979,45.7,36.549380935806255
2980,45.7,36.549380935806255
2981,45.7,36.549380935806255
2982,45.7,36.54938093580627
2983,45.7,36.54938093580627
2984,45.7,36.54938093580627
2985,45.7,36.54938093580627
2986,45.7,36.54938093580627
2987,45.7,36.54938093580627
2988,45.7,36.54938093580627
2989,45.7,36.54938093580627
2990,45.7,36.54938093580627
2991,45.7,36.54938093580627
2992,45.7,36.54938093580627
2993,45.7,36.54938093580627
2994,45.7,36.62076199316018
2995,45.7,36.63487809324913
2996,45.7,36.7319775247377
2997,45.7,36.7319775247377
2998,45.7,36.73487809324914
2999,45.7,36.73487809324914
3000,45.7,36.83197752473771
3001,45.7,36.931977524737704
3002,45.7,37.041120116685704
3003,45.7,37.14112011668571
3004,45.7,37.14112011668571
3005,45.7,37.608888999386735
3006,45.7,37.73197752473771
3007,45.7,37.73197752473771
3008,45.7,37.83487809324913
3009,45.7,38.049380935806255
3010,45.7,38.049380935806255
3011,45.7,38.049380935806255
3012,45.7,38.049380935806255
3013,45.7,38.049380935806255
3014,45.7,38.049380935806255
3015,45.7,38.349380935806266
3016,45.7,38.349380935806266
3017,45.7,38.349380935806266
3018,45.7,38.387912087912085
3019,45.7,38.387912087912085
3020,45.7,38.387912087912085
3021,45.7,38.48791208791209
3022,45.7,38.77445345001905
3023,45.7,38.77445345001905
3024,45.7,38.93197752473771
3025,45.7,38.935933900187294
3026,45.7,38.96033734993011
3027,45.7,38.96033734993011
3028,45.7,38.974453450019055
3029,45.7,38.974453450019055
3030,45.7,39.23487809324914
3031,45.7,39.23487809324914
3032,45.7,39.23487809324914
3033,45.7,39.33487809324913
3034,45.7,39.57445345001905
3035,45.7,39.57445345001905
3036,45.7,39.57445345001905
3037,45.7,39.58791208791209
3038,45.7,39.63197752473771
3039,45.7,39.68791208791208
3040,45.7,39.946491969568896
3041,45.7,39.974453450019055
3042,45.7,40.049380935806255
3043,45.7,40.049380935806255
3044,45.7,40.049380935806255
3045,45.7,40.049380935806255
3046,45.7,40.049380935806255
3047,45.7,40.049380935806255
3048,45.7,40.049380935806255
3049,45.7,40.049380935806255
3050,45.7,40.049380935806255
3051,45.7,40.24938093580627
3052,45.7,40.24938093580627
3053,45.7,40.24938093580627
3054,45.7,40.24938093580627
3055,45.7,40.24938093580627
3056,45.7,40.40888899938673
3057,45.7,40.434878093249125
3058,45.7,40.434878093249125
3059,45.7,40.434878093249125
3060,45.7,40.5656163846209
3061,45.7,40.57445345001905
3062,45.7,40.63197752473771
3063,45.7,40.64112011668571
3064,45.7,40.77445345001905
3065,45.7,40.86086718711153
3066,45.7,40.974453450019055
3067,45.7,40.98791208791209
3068,45.7,40.98791208791209
3069,45.7,40.98791208791209
3070,45.7,40.98791208791209
3071,45.7,40.98791208791209
3072,45.7,40.98791208791209
3073,45.7,41.07445345001905
3074,45.7,41.127004016596764
3075,45.7,41.14112011668571
3076,45.7,41.14112011668571
3077,45.7,41.14112011668571
3078,45.7,41.14938093580626
3079,45.7,41.14938093580626
3080,45.7,41.14938093580626
3081,45.7,41.33197752473771
3082,45.7,41.508888999386734
3083,45.7,41.508888999386734
3084,45.7,41.508888999386734
3085,45.7,41.63593390018729
3086,45.7,41.83487809324913
3087,45.7,41.934878093249125
3088,45.7,42.14649196956889
3089,45.7,42.174453450019044
3090,45.7,42.174453450019044
3091,45.7,42.174453450019044
3092,45.7,42.27445345001905
3093,45.7,42.27445345001905
3094,45.7,42.27445345001905
3095,45.7,42.27445345001905
3096,45.7,42.27445345001905
3097,45.7,42.27445345001905
3098,45.7,42.474453450019055
3099,45.7,42.474453450019055
3100,45.7,42.474453450019055
3101,45.7,42.77445345001905
3102,45.7,42.77445345001905
3103,45.7,42.80888899938674
3104,45.7,42.865484892181726
3105,45.7,43.03197752473771
3106,45.7,43.174453450019044
3107,45.7,43.444902458024615
3108,45.7,43.64112011668571
3109,45.7,43.64112011668571
3110,45.7,43.64112011668571
3111,45.7,43.64112011668571
3112,45.7,43.72581671721942
3113,45.7,43.74938093580627
3114,45.7,43.74938093580627
3115,45.7,43.74938093580627
3116,45.7,43.74938093580627
3117,45.7,43.74938093580627
3118,45.7,43.74938093580627
3119,45.7,43.74938093580627
3120,45.7,43.74938093580627
3121,45.7,43.74938093580627
3122,45.7,43.74938093580627
3123,45.7,43.74938093580627
3124,45.7,43.74938093580627
3125,45.7,43.90154475991578
3126,45.7,44.14938093580626
3127,45.7,44.14938093580626
3128,45.7,44.23197752473771
3129,45.7,44.37445345001905
3130,45.7,44.431977524737704
3131,45.7,44.431977524737704
3132,45.7,44.474453450019055
3133,45.7,44.474453450019055
3134,45.7,44.64938093580626
3135,45.7,44.64938093580626
3136,45.7,44.64938093580626
3137,45.7,44.67445345001906
3138,45.7,44.67445345001906
3139,45.7,44.71604760247291
3140,45.7,44.71604760247291
3141,45.7,44.71604760247291
3142,45.7,44.71604760247291
3143,45.7,44.71604760247291
3144,45.7,44.71604760247291
3145,45.7,44.71604760247291
3146,45.7,44.71604760247291
3147,45.7,44.71604760247291
3148,45.7,44.71604760247291
3149,45.7,44.71604760247291
3150,45.7,44.71604760247291
3151,45.7,44.71604760247291
3152,45.7,44.71604760247291
3153,45.7,44.71604760247291
3154,45.7,44.71604760247291
3155,45.7,44.71604760247291
3156,45.7,44.71604760247291
3157,45.7,44.71604760247291
3158,45.7,44.71604760247291
3159,45.7,44.71604760247291
3160,45.7,44.71604760247291
3161,45.7,44.71604760247291
3162,45.7,44.71604760247291
3163,45.7,44.71604760247291
3164,45.7,44.71604760247291
3165,45.7,44.71604760247291
3166,45.7,44.71604760247291
3167,45.7,44.71604760247291
3168,45.7,44.71604760247291
3169,45.7,44.71604760247291
3170,45.7,44.71604760247291
3171,45.7,44.71604760247291
3172,45.7,44.71604760247291
3173,45.7,44.78791208791209
3174,45.7,44.87445345001905
3175,45.7,44.87445345001905
3176,45.7,45.04938093580627
3177,45.7,45.04938093580627
3178,45.7,45.174453450019044
3179,45.7,45.24112011668571
3180,45.7,45.24112011668571
3181,45.7,45.24112011668571
3182,45.7,45.24112011668571
3183,45.7,45.24112011668571
3184,45.7,45.24649196956889
3185,45.7,45.431977524737704
3186,45.7,45.531977524737705
3187,45.7,45.57445345001905
3188,45.7,45.7
3189,45.7,45.7
3190,45.7,45.7
3191,45.7,45.7
3192,45.7,45.7
3193,45.7,45.7
3194,45.7,45.7
3195,45.7,45.7
3196,45.7,45.7
3197,45.7,45.7
3198,45.7,45.7
3199,45.7,45.7
3200,45.7,45.7
3201,45.7,45.7
3202,45.7,45.7
3203,45.7,45.7
3204,45.7,45.7
3205,45.7,45.7
3206,45.7,45.7
3207,45.7,45.7
3208,45.7,45.7
3209,45.7,45.7
3210,45.7,45.7
3211,45.7,45.7
3212,45.7,45.7
3213,45.7,45.7
3214,45.7,45.7
3215,45.7,45.7
3216,45.7,45.7
3217,45.7,45.7
3218,45.7,45.7
3219,45.7,45.7
3220,45.7,45.7
3221,45.7,45.7
3222,45.7,45.7
3223,45.7,45.7
3224,45.7,45.7
3225,45.7,45.7
3226,45.7,45.7
3227,45.7,45.7
3228,45.7,45.7
3229,45.7,45.7
3230,45.7,45.7
3231,45.7,45.7
3232,45.7,45.7
3233,45.7,45.7
3234,45.7,45.7
3235,45.7,45.7
3236,45.7,45.7
3237,45.7,45.7
3238,45.7,45.7
3239,45.7,45.7
3240,45.7,45.7
3241,45.7,45.7
3242,45.7,45.7
3243,45.7,45.7
3244,45.7,45.7
3245,45.7,45.7
3246,45.7,45.7
3247,45.7,45.7
3248,45.7,45.7
3249,45.7,45.7
3250,45.7,45.7
3251,45.7,45.7
3252,45.7,45.7
3253,45.7,45.7
3254,45.7,45.7
3255,45.7,45.7
3256,45.7,45.7
3257,45.7,45.7
3258,45.7,45.7
3259,45.7,45.7
3260,45.7,45.7
3261,45.7,45.7
3262,45.7,45.7
3263,45.7,45.7
3264,45.7,45.7
3265,45.7,45.7
3266,45.7,45.7
3267,45.7,45.7
3268,45.7,45.7
3269,45.7,45.7
3270,45.7,45.7
3271,45.7,45.7
3272,45.7,45.7
3273,45.7,45.7
3274,45.7,45.7
3275,45.7,45.7
3276,45.7,45.7
3277,45.7,45.7
3278,45.7,45.7
3279,45.7,45.7
3280,45.7,45.7
3281,45.7,45.7
3282,45.7,45.7
3283,45.7,45.7
3284,45.7,45.7
3285,45.7,45.7
3286,45.7,45.7
3287,45.7,45.7
3288,45.7,45.7
3289,45.7,45.7
3290,45.7,45.7
3291,45.7,45.7
3292,45.7,45.7
3293,45.7,45.7
3294,45.7,45.7
3295,45.7,45.7
3296,45.7,45.7
3297,45.7,45.7
3298,45.7,45.7
3299,45.7,45.7
3300,45.7,45.7
3301,45.7,45.7
3302,45.7,45.7
3303,45.7,45.7
3304,45.7,45.7
3305,45.7,45.7
3306,45.7,45.7
3307,45.7,45.7
3308,45.7,45.7
3309,45.7,45.7
3310,45.7,45.7
3311,45.7,45.7
3312,45.7,45.7
3313,45.7,45.7
3314,45.7,45.7
3315,45.7,45.7
3316,45.7,45.7
3317,45.7,45.7
3318,45.7,45.7
3319,45.7,45.7
3320,45.7,45.7
3321,45.7,45.7
3322,45.7,45.7
3323,45.7,45.7
3324,45.7,45.7
3325,45.7,45.7
3326,45.7,45.7
3327,45.7,45.7
3328,45.7,45.7
3329,45.7,45.7
3330,45.7,45.7
3331,45.7,45.7
3332,45.7,45.7
3333,45.7,45.7
3334,45.7,45.7
3335,45.7,45.7
3336,45.7,45.7
3337,45.7,45.7
3338,45.7,45.7
3339,45.7,45.7
3340,45.7,45.7
3341,45.7,45.7
3342,45.7,45.7
3343,45.7,45.7
3344,45.7,45.7
3345,45.7,45.7
3346,45.7,45.7
3347,45.7,45.7
3348,45.7,45.7
3349,45.7,45.7
3350,45.7,45.7
3351,45.7,45.7
3352,45.7,45.7
3353,45.7,45.7
3354,45.7,45.7
3355,45.7,45.7
3356,45.7,45.7
3357,45.7,45.7
3358,45.7,45.7
3359,45.7,45.7
3360,45.7,45.7
3361,45.7,45.7
3362,45.7,45.7
3363,45.7,45.7
3364,45.7,45.7
3365,45.7,45.7
3366,45.7,45.7
3367,45.7,45.7
3368,45.7,45.7
3369,45.7,45.7
3370,45.7,45.7
3371,45.7,45.7
3372,45.7,45.7
3373,45.7,45.7
3374,45.7,45.7
3375,45.7,45.7
3376,45.7,45.7
3377,45.7,45.7
3378,45.7,45.7
3379,45.7,45.7
3380,45.7,45.7
3381,45.7,45.7
3382,45.7,45.7
3383,45.7,45.7
3384,45.7,45.7
3385,45.7,45.7
3386,45.7,45.7
3387,45.7,45.7
3388,45.7,45.7
3389,45.7,45.7
3390,45.7,45.7
3391,45.7,45.7
3392,45.7,45.7
3393,45.7,45.7
3394,45.7,45.7
3395,45.7,45.7
3396,45.7,45.7
3397,45.7,45.7
3398,45.7,45.7
3399,45.7,45.7
3400,45.7,45.7
3401,45.7,45.7
3402,45.7,45.7
3403,45.7,45.7
3404,45.7,45.7
3405,45.7,45.7
3406,45.7,45.7
3407,45.7,45.7
3408,45.7,45.7
3409,45.7,45.7
3410,45.7,45.7
3411,45.7,45.7
3412,45.7,45.7
3413,45.7,45.7
3414,45.7,45.7
3415,45.7,45.7
3416,45.7,45.7
3417,45.7,45.7
3418,45.7,45.7
3419,45.7,45.7
3420,45.7,45.7
3421,45.7,45.7
3422,45.7,45.7
3423,45.7,45.7
3424,45.7,45.7
3425,45.7,45.7
3426,45.7,45.7
3427,45.7,45.7
3428,45.7,45.7
3429,45.7,45.7
3430,45.7,45.7
3431,45.7,45.7
3432,45.7,45.7
3433,45.7,45.7
3434,45.7,45.7
3435,45.7,45.7
3436,45.7,45.7
3437,45.7,45.7
3438,45.7,45.7
3439,45.7,45.7
3440,45.7,45.7
3441,45.7,45.7
3442,45.7,45.7
3443,45.7,45.7
3444,45.7,45.7
3445,45.7,45.7
3446,45.7,45.7
3447,45.7,45.7
3448,45.7,45.7
3449,45.7,45.7
3450,45.7,45.7
3451,45.7,45.7
3452,45.7,45.7
3453,45.7,45.7
3454,45.7,45.7
3455,45.7,45.7
3456,45.7,45.7
3457,45.7,45.7
3458,45.7,45.7
3459,45.7,45.7
3460,45.7,45.7
3461,45.7,45.7
3462,45.7,45.7
3463,45.7,45.7
3464,45.7,45.7
3465,45.7,45.7
3466,45.7,45.7
3467,45.7,45.7
3468,45.7,45.7
3469,45.7,45.7
3470,45.7,45.7
3471,45.7,45.7
3472,45.7,45.7
3473,45.7,45.7
3474,45.7,45.7
3475,45.7,45.7
3476,45.7,45.7
3477,45.7,45.7
3478,45.7,45.7
3479,45.7,45.7
3480,45.7,45.7
3481,45.7,45.7
3482,45.7,45.7
3483,45.7,45.7
3484,45.7,45.7
3485,45.7,45.7
3486,45.7,45.7
3487,45.7,45.7
3488,45.7,45.7
3489,45.7,45.7
3490,45.7,45.7
3491,45.7,45.7
3492,45.7,45.7
3493,45.7,45.7
3494,45.7,45.7
3495,45.7,45.7
3496,45.7,45.7
3497,45.7,45.7
3498,45.7,45.7
3499,45.7,45.7
3500,45.7,45.7
3501,45.7,45.7
3502,45.7,45.7
3503,45.7,45.7
3504,45.7,45.7
3505,45.7,45.7
3506,45.7,45.7
3507,45.7,45.7
3508,45.7,45.7
3509,45.7,45.7
3510,45.7,45.7
3511,45.7,45.7
3512,45.7,45.7
3513,45.7,45.7
3514,45.7,45.7
3515,45.7,45.7
3516,45.7,45.7
3517,45.7,45.7
3518,45.7,45.7
3519,45.7,45.7
3520,45.7,45.7
3521,45.7,45.7
3522,45.7,45.7
3523,45.7,45.7
3524,45.7,45.7
3525,45.7,45.7
3526,45.7,45.7
3527,45.7,45.7
3528,45.7,45.7
3529,45.7,45.7
3530,45.7,45.7
3531,45.7,45.7
3532,45.7,45.7
3533,45.7,45.7
3534,45.7,45.7
3535,45.7,45.7
3536,45.7,45.7
3537,45.7,45.7
3538,45.7,45.7
3539,45.7,45.7
3540,45.7,45.7
3541,45.7,45.7
3542,45.7,45.7
3543,45.7,45.7
3544,45.7,45.7
3545,45.7,45.7
3546,45.7,45.7
3547,45.7,45.7
3548,45.7,45.7
3549,45.7,45.7
3550,45.7,45.7
3551,45.7,45.7
3552,45.7,45.7
3553,45.7,45.7
3554,45.7,45.7
3555,45.7,45.7
3556,45.7,45.7
3557,45.7,45.7
3558,45.7,45.7
3559,45.7,45.7
3560,45.7,45.7
3561,45.7,45.7
3562,45.7,45.7
3563,45.7,45.7
3564,45.7,45.7
3565,45.7,45.7
3566,45.7,45.7
3567,45.7,45.7
3568,45.7,45.7
3569,45.7,45.7
3570,45.7,45.7
3571,45.7,45.7
3572,45.7,45.7
3573,45.7,45.7
3574,45.7,45.7
3575,45.7,45.7
3576,45.7,45.7
3577,45.7,45.7
3578,45.7,45.7
3579,45.7,45.7
3580,45.7,45.7
3581,45.7,45.7
3582,45.7,45.7
3583,45.7,45.7
3584,45.7,45.7
3585,45.7,45.7
3586,45.7,45.7
3587,45.7,45.7
3588,45.7,45.7
3589,45.7,45.7
3590,45.7,45.7
3591,45.7,45.7
3592,45.7,45.7
3593,45.7,45.7
3594,45.7,45.7
3595,45.7,45.7
3596,45.7,45.7
3597,45.7,45.7
3598,45.7,45.7
3599,45.7,45.7
3600,45.7,45.7
3601,45.7,45.7
3602,45.7,45.7
3603,45.7,45.7
3604,45.7,45.7
3605,45.7,45.7
3606,45.7,45.7
3607,45.7,45.7
3608,45.7,45.7
3609,45.7,45.7
3610,45.7,45.7
3611,45.7,45.7
3612,45.7,45.7
3613,45.7,45.7
3614,45.7,45.7
3615,45.7,45.7
3616,45.7,45.7
3617,45.7,45.7
3618,45.7,45.7
3619,45.7,45.7
3620,45.7,45.7
3621,45.7,45.7
3622,45.7,45.7
3623,45.7,45.7
3624,45.7,45.7
3625,45.7,45.7
3626,45.7,45.7
3627,45.7,45.7
3628,45.7,45.7
3629,45.7,45.7
3630,45.7,45.7
3631,45.7,45.7
3632,45.7,45.7
3633,45.7,45.7
3634,45.7,45.7
3635,45.7,45.7
3636,45.7,45.7
3637,45.7,45.7
3638,45.7,45.7
3639,45.7,45.7
3640,45.7,45.7
3641,45.7,45.7
3642,45.7,45.7
3643,45.7,45.7
3644,45.7,45.7
3645,45.7,45.7
3646,45.7,45.7
3647,45.7,45.7
3648,45.7,45.7
3649,45.7,45.7
3650,45.7,45.7
3651,45.7,45.7
3652,45.7,45.7
3653,45.7,45.7
3654,45.7,45.7
3655,45.7,45.7
3656,45.7,45.7
3657,45.7,45.7
3658,45.7,45.7
3659,45.7,45.7
3660,45.7,45.7
3661,45.7,45.7
3662,45.7,45.7
3663,45.7,45.7
3664,45.7,45.7
3665,45.7,45.7
3666,45.7,45.7
3667,45.7,45.7
3668,45.7,45.7
3669,45.7,45.7
3670,45.7,45.7
3671,45.7,45.7
3672,45.7,45.7
3673,45.7,45.7
3674,45.7,45.7
3675,45.7,45.7
3676,45.7,45.7
3677,45.7,45.7
3678,45.7,45.7
3679,45.7,45.7
3680,45.7,45.7
3681,45.7,45.7
3682,45.7,45.7
3683,45.7,45.7
3684,45.7,45.7
3685,45.7,45.7
3686,45.7,45.7
3687,45.7,45.7
3688,45.7,45.7
3689,45.7,45.7
3690,45.7,45.7
3691,45.7,45.7
3692,45.7,45.7
3693,45.7,45.7
3694,45.7,45.7
3695,45.7,45.7
3696,45.7,45.7
3697,45.7,45.7
3698,45.7,45.7
3699,45.7,45.7
3700,45.7,45.7
3701,45.7,45.7
3702,45.7,45.7
3703,45.7,45.7
3704,45.7,45.7
3705,45.7,45.7
3706,45.7,45.7
3707,45.7,45.7
3708,45.7,45.7
3709,45.7,45.7
3710,45.7,45.7
3711,45.7,45.7
3712,45.7,45.7
3713,45.7,45.7
3714,45.7,45.7
3715,45.7,45.7
3716,45.7,45.7
3717,45.7,45.7
3718,45.7,45.7
3719,45.7,45.7
3720,45.7,45.7
3721,45.7,45.7
3722,45.7,45.7
3723,45.7,45.7
3724,45.7,45.7
3725,45.7,45.7
3726,45.7,45.7
3727,45.7,45.7
3728,45.7,45.7
3729,45.7,45.7
3730,45.7,45.7
3731,45.7,45.7
3732,45.7,45.7
3733,45.7,45.7
3734,45.7,45.7
3735,45.7,45.7
3736,45.7,45.7
3737,45.7,45.7
3738,45.7,45.7
3739,45.7,45.7
3740,45.7,45.7
3741,45.7,45.7
3742,45.7,45.7
3743,45.7,45.7
3744,45.7,45.7
3745,45.7,45.7
3746,45.7,45.7
3747,45.7,45.7
3748,45.7,45.7
3749,45.7,45.7
3750,45.7,45.7
3751,45.7,45.7
3752,45.7,45.7
3753,45.7,45.7
3754,45.7,45.7
3755,45.7,45.7
3756,45.7,45.7
3757,45.7,45.7
3758,45.7,45.7
3759,45.7,45.7
3760,45.7,45.7
3761,45.7,45.7
3762,45.7,45.7
3763,45.7,45.7
3764,45.7,45.7
3765,45.7,45.7
3766,45.7,45.7
3767,45.7,45.7
3768,45.7,45.7
3769,45.7,45.7
3770,45.7,45.7
3771,45.7,45.7
3772,45.7,45.7
3773,45.7,45.7
3774,45.7,45.7
3775,45.7,45.7
3776,45.7,45.7
3777,45.7,45.7
3778,45.7,45.7
3779,45.7,45.7
3780,45.7,45.7
3781,45.7,45.7
3782,45.7,45.7
3783,45.7,45.7
3784,45.7,45.7
3785,45.7,45.7
3786,45.7,45.7
3787,45.7,45.7
3788,45.7,45.7
3789,45.7,45.7
3790,45.7,45.7
3791,45.7,45.7
3792,45.7,45.7
3793,45.7,45.7
3794,45.7,45.7
3795,45.7,45.7
3796,45.7,45.7
3797,45.7,45.7
3798,45.7,45.7
3799,45.7,45.7
3800,45.7,45.7
3801,45.7,45.7
3802,45.7,45.7
3803,45.7,45.7
3804,45.7,45.7
3805,45.7,45.7
3806,45.7,45.7
3807,45.7,45.7
3808,45.7,45.7
3809,45.7,45.7
3810,45.7,45.7
3811,45.7,45.7
3812,45.7,45.7
3813,45.7,45.7
3814,45.7,45.7
3815,45.7,45.7
3816,45.7,45.7
3817,45.7,45.7
3818,45.7,45.7
3819,45.7,45.7
3820,45.7,45.7
3821,45.7,45.7
3822,45.7,45.7
3823,45.7,45.7
3824,45.7,45.7
3825,45.7,45.7
3826,45.7,45.7
3827,45.7,45.7
3828,45.7,45.7
3829,45.7,45.7
3830,45.7,45.7
3831,45.7,45.7
3832,45.7,45.7
3833,45.7,45.7
3834,45.7,45.7
3835,45.7,45.7
3836,45.7,45.7
3837,45.7,45.7
3838,45.7,45.7
3839,45.7,45.7
3840,45.7,45.7
3841,45.7,45.7
3842,45.7,45.7
3843,45.7,45.7
3844,45.7,45.7
3845,45.7,45.7
3846,45.7,45.7
3847,45.7,45.7
3848,45.7,45.7
3849,45.7,45.7
3850,45.7,45.7
3851,45.7,45.7
3852,45.7,45.7
3853,45.7,45.7
3854,45.7,45.7
3855,45.7,45.7
3856,45.7,45.7
3857,45.7,45.7
3858,45.7,45.7
3859,45.7,45.7
3860,45.7,45.7
3861,45.7,45.7
3862,45.7,45.7
3863,45.7,45.7
3864,45.7,45.7
3865,45.7,45.7
3866,45.7,45.7
3867,45.7,45.7
3868,45.7,45.7
3869,45.7,45.7
3870,45.7,45.7
3871,45.7,45.7
3872,45.7,45.7
3873,45.7,45.7
3874,45.7,45.7
3875,45.7,45.7
3876,45.7,45.7
3877,45.7,45.7
3878,45.7,45.7
3879,45.7,45.7
3880,45.7,45.7
3881,45.7,45.7
3882,45.7,45.7
3883,45.7,45.7
3884,45.7,45.7
3885,45.7,45.7
3886,45.7,45.7
3887,45.7,45.7
3888,45.7,45.7
3889,45.7,45.7
3890,45.7,45.7
3891,45.7,45.7
3892,45.7,45.7
3893,45.7,45.7
3894,45.7,45.7
3895,45.7,45.7
3896,45.7,45.7
3897,45.7,45.7
3898,45.7,45.7
3899,45.7,45.7
3900,45.7,45.7
3901,45.7,45.7
3902,45.7,45.7
3903,45.7,45.7
3904,45.7,45.7
3905,45.7,45.7
3906,45.7,45.7
3907,45.7,45.7
3908,45.7,45.7
3909,45.7,45.7
3910,45.7,45.7
3911,45.7,45.7
3912,45.7,45.7
3913,45.7,45.7
3914,45.7,45.7
3915,45.7,45.7
3916,45.7,45.7
3917,45.7,45.7
3918,45.7,45.7
3919,45.7,45.7
3920,45.7,45.7
3921,45.7,45.7
3922,45.7,45.7
3923,45.7,45.7
3924,45.7,45.7
3925,45.7,45.7
3926,45.7,45.7
3927,45.7,45.7
3928,45.7,45.7
3929,45.7,45.7
3930,45.7,45.7
3931,45.7,45.7
3932,45.7,45.7
3933,45.7,45.7
3934,45.7,45.7
3935,45.7,45.7
3936,45.7,45.7
3937,45.7,45.7
3938,45.7,45.7
3939,45.7,45.7
3940,45.7,45.7
3941,45.7,45.7
3942,45.7,45.7
3943,45.7,45.7
3944,45.7,45.7
3945,45.7,45.7
3946,45.7,45.7
3947,45.7,45.7
3948,45.7,45.7
3949,45.7,45.7
3950,45.7,45.7
3951,45.7,45.7
3952,45.7,45.7
3953,45.7,45.7
3954,45.7,45.7
3955,45.7,45.7
3956,45.7,45.7
3957,45.7,45.7
3958,45.7,45.7
3959,45.7,45.7
3960,45.7,45.7
3961,45.7,45.7
3962,45.7,45.7
3963,45.7,45.7
3964,45.7,45.7
3965,45.7,45.7
3966,45.7,45.7
3967,45.7,45.7
3968,45.7,45.7
3969,45.7,45.7
3970,45.7,45.7
3971,45.7,45.7
3972,45.7,45.7
3973,45.7,45.7
3974,45.7,45.7
3975,45.7,45.7
3976,45.7,45.7
3977,45.7,45.7
3978,45.7,45.7
3979,45.7,45.7
3980,45.7,45.7
3981,45.7,45.7
3982,45.7,45.7
3983,45.7,45.7
3984,45.7,45.7
3985,45.7,45.7
3986,45.7,45.7
3987,45.7,45.7
3988,45.7,45.7
3989,45.7,45.7
3990,45.7,45.7
3991,45.7,45.7
3992,45.7,45.7
3993,45.7,45.7
3994,45.7,45.7
3995,45.7,45.7
3996,45.7,45.7
3997,45.7,45.7
3998,45.7,45.7
3999,45.7,45.7
4000,45.7,45.7
4001,45.7,45.7
4002,45.7,45.7
4003,45.7,45.7
4004,45.7,45.7
4005,45.7,45.7
4006,45.7,45.7
4007,45.7,45.7
4008,45.7,45.7
4009,45.7,45.7
4010,45.7,45.7
4011,45.7,45.7
4012,45.7,45.7
4013,45.7,45.7
4014,45.7,45.7
4015,45.7,45.7
4016,45.7,45.7
4017,45.7,45.7
4018,45.7,45.7
4019,45.7,45.7
4020,45.7,45.7
4021,45.7,45.7
4022,45.7,45.7
4023,45.7,45.7
4024,45.7,45.7
4025,45.7,45.7
4026,45.7,45.7
4027,45.7,45.7
4028,45.7,45.7
4029,45.7,45.7
4030,45.7,45.7
4031,45.7,45.7
4032,45.7,45.7
4033,45.7,45.7
4034,45.7,45.7
4035,45.7,45.7
4036,45.7,45.7
4037,45.7,45.7
4038,45.7,45.7
4039,45.7,45.7
4040,45.7,45.7
4041,45.7,45.7
4042,45.7,45.7
4043,45.7,45.7
4044,45.7,45.7
4045,45.7,45.7
4046,45.7,45.7
4047,45.7,45.7
4048,45.7,45.7
4049,45.7,45.7
4050,45.7,45.7
4051,45.7,45.7
4052,45.7,45.7
4053,45.7,45.7
4054,45.7,45.7
4055,45.7,45.7
4056,45.7,45.7
4057,45.7,45.7
4058,45.7,45.7
4059,45.7,45.7
4060,45.7,45.7
4061,45.7,45.7
4062,45.7,45.7
4063,45.7,45.7
4064,45.7,45.7
4065,45.7,45.7
4066,45.7,45.7
4067,45.7,45.7
4068,45.7,45.7
4069,45.7,45.7
4070,45.7,45.7
4071,45.7,45.7
4072,45.7,45.7
4073,45.7,45.7
4074,45.7,45.7
4075,45.7,45.7
4076,45.7,45.7
4077,45.7,45.7
4078,45.7,45.7
4079,45.7,45.7
4080,45.7,45.7
4081,45.7,45.7
4082,45.7,45.7
4083,45.7,45.7
4084,45.7,45.7
4085,45.7,45.7
4086,45.7,45.7
4087,45.7,45.7
4088,45.7,45.7
4089,45.7,45.7
4090,45.7,45.7
4091,45.7,45.7
4092,45.7,45.7
4093,45.7,45.7
4094,45.7,45.7
4095,45.7,45.7
4096,45.7,45.7
4097,45.7,45.7
4098,45.7,45.7
4099,45.7,45.7
4100,45.7,45.7
4101,45.7,45.7
4102,45.7,45.7
4103,45.7,45.7
4104,45.7,45.7
4105,45.7,45.7
4106,45.7,45.7
4107,45.7,45.7
4108,45.7,45.7
4109,45.7,45.7
4110,45.7,45.7
4111,45.7,45.7
4112,45.7,45.7
4113,45.7,45.7
4114,45.7,45.7
4115,45.7,45.7
4116,45.7,45.7
4117,45.7,45.7
4118,45.7,45.7
4119,45.7,45.7
4120,45.7,45.7
4121,45.7,45.7
4122,45.7,45.7
4123,45.7,45.7
4124,45.7,45.7
4125,45.7,45.7
4126,45.7,45.7
4127,45.7,45.7
4128,45.7,45.7
4129,45.7,45.7
4130,45.7,45.7
4131,45.7,45.7
4132,45.7,45.7
4133,45.7,45.7
4134,45.7,45.7
4135,45.7,45.7
4136,45.7,45.7
4137,45.7,45.7
4138,45.7,45.7
4139,45.7,45.7
4140,45.7,45.7
4141,45.7,45.7
4142,45.7,45.7
4143,45.7,45.7
4144,45.7,45.7
4145,45.7,45.7
4146,45.7,45.7
4147,45.7,45.7
4148,45.7,45.7
4149,45.7,45.7
4150,45.7,45.7
4151,45.7,45.7
4152,45.7,45.7
4153,45.7,45.7
4154,45.7,45.7
4155,45.7,45.7
4156,45.7,45.7
4157,45.7,45.7
4158,45.7,45.7
4159,45.7,45.7
4160,45.7,45.7
4161,45.7,45.7
4162,45.7,45.7
4163,45.7,45.7
4164,45.7,45.7
4165,45.7,45.7
4166,45.7,45.7
4167,45.7,45.7
4168,45.7,45.7
4169,45.7,45.7
4170,45.7,45.7
4171,45.7,45.7
4172,45.7,45.7
4173,45.7,45.7
4174,45.7,45.7
4175,45.7,45.7
4176,45.7,45.7
4177,45.7,45.7
4178,45.7,45.7
4179,45.7,45.7
4180,45.7,45.7
4181,45.7,45.7
4182,45.7,45.7
4183,45.7,45.7
4184,45.7,45.7
4185,45.7,45.7
4186,45.7,45.7
4187,45.7,45.7
4188,45.7,45.7
4189,45.7,45.7
4190,45.7,45.7
4191,45.7,45.7
4192,45.7,45.7
4193,45.7,45.7
4194,45.7,45.7
4195,45.7,45.7
4196,45.7,45.7
4197,45.7,45.7
4198,45.7,45.7
4199,45.7,45.7
4200,45.7,45.7
4201,45.7,45.7
4202,45.7,45.7
4203,45.7,45.7
4204,45.7,45.7
4205,45.7,45.7
4206,45.7,45.7
4207,45.7,45.7
4208,45.7,45.7
4209,45.7,45.7
4210,45.7,45.7
4211,45.7,45.7
4212,45.7,45.7
4213,45.7,45.7
4214,45.7,45.7
4215,45.7,45.7
4216,45.7,45.7
4217,45.7,45.7
4218,45.7,45.7
4219,45.7,45.7
4220,45.7,45.7
4221,45.7,45.7
4222,45.7,45.7
4223,45.7,45.7
4224,45.7,45.7
4225,45.7,45.7
4226,45.7,45.7
4227,45.7,45.7
4228,45.7,45.7
4229,45.7,45.7
4230,45.7,45.7
4231,45.7,45.7
4232,45.7,45.7
4233,45.7,45.7
4234,45.7,45.7
4235,45.7,45.7
4236,45.7,45.7
4237,45.7,45.7
4238,45.7,45.7
4239,45.7,45.7
4240,45.7,45.7
4241,45.7,45.7
4242,45.7,45.7
4243,45.7,45.7
4244,45.7,45.7
4245,45.7,45.7
4246,45.7,45.7
4247,45.7,45.7
4248,45.7,45.7
4249,45.7,45.7
4250,45.7,45.7
4251,45.7,45.7
4252,45.7,45.7
4253,45.7,45.7
4254,45.7,45.7
4255,45.7,45.7
4256,45.7,45.7
4257,45.7,45.7
4258,45.7,45.7
4259,45.7,45.7
4260,45.7,45.7
4261,45.7,45.7
4262,45.7,45.7
4263,45.7,45.7
4264,45.7,45.7
4265,45.7,45.7
4266,45.7,45.7
4267,45.7,45.7
4268,45.7,45.7
4269,45.7,45.7
4270,45.7,45.7
4271,45.7,45.7
4272,45.7,45.7
4273,45.7,45.7
4274,45.7,45.7
4275,45.7,45.7
4276,45.7,45.7
4277,45.7,45.7
4278,45.7,45.7
4279,45.7,45.7
4280,45.7,45.7
4281,45.7,45.7
4282,45.7,45.7
4283,45.7,45.7
4284,45.7,45.7
4285,45.7,45.7
4286,45.7,45.7
4287,45.7,45.7
4288,45.7,45.7
4289,45.7,45.7
4290,45.7,45.7
4291,45.7,45.7
4292,45.7,45.7
4293,45.7,45.7
4294,45.7,45.7
4295,45.7,45.7
4296,45.7,45.7
4297,45.7,45.7
4298,45.7,45.7
4299,45.7,45.7
4300,45.7,45.7
4301,45.7,45.7
4302,45.7,45.7
4303,45.7,45.7
4304,45.7,45.7
4305,45.7,45.7
4306,45.7,45.7
4307,45.7,45.7
4308,45.7,45.7
4309,45.7,45.7
4310,45.7,45.7
4311,45.7,45.7
4312,45.7,45.7
4313,45.7,45.7
4314,45.7,45.7
4315,45.7,45.7
4316,45.7,45.7
4317,45.7,45.7
4318,45.7,45.7
4319,45.7,45.7
4320,45.7,45.7
4321,45.7,45.7
4322,45.7,45.7
4323,45.7,45.7
4324,45.7,45.7
4325,45.7,45.7
4326,45.7,45.7
4327,45.7,45.7
4328,45.7,45.7
4329,45.7,45.7
4330,45.7,45.7
4331,45.7,45.7
4332,45.7,45.7
4333,45.7,45.7
4334,45.7,45.7
4335,45.7,45.7
4336,45.7,45.7
4337,45.7,45.7
4338,45.7,45.7
4339,45.7,45.7
4340,45.7,45.7
4341,45.7,45.7
4342,45.7,45.7
4343,45.7,45.7
4344,45.7,45.7
4345,45.7,45.7
4346,45.7,45.7
4347,45.7,45.7
4348,45.7,45.7
4349,45.7,45.7
4350,45.7,45.7
4351,45.7,45.7
4352,45.7,45.7
4353,45.7,45.7
4354,45.7,45.7
4355,45.7,45.7
4356,45.7,45.7
4357,45.7,45.7
4358,45.7,45.7
4359,45.7,45.7
4360,45.7,45.7
4361,45.7,45.7
4362,45.7,45.7
4363,45.7,45.7
4364,45.7,45.7
4365,45.7,45.7
4366,45.7,45.7
4367,45.7,45.7
4368,45.7,45.7
4369,45.7,45.7
4370,45.7,45.7
4371,45.7,45.7
4372,45.7,45.7
4373,45.7,45.7
4374,45.7,45.7
4375,45.7,45.7
4376,45.7,45.7
4377,45.7,45.7
4378,45.7,45.7
4379,45.7,45.7
4380,45.7,45.7
4381,45.7,45.7
4382,45.7,45.7
4383,45.7,45.7
4384,45.7,45.7
4385,45.7,45.7
4386,45.7,45.7
4387,45.7,45.7
4388,45.7,45.7
4389,45.7,45.7
4390,45.7,45.7
4391,45.7,45.7
4392,45.7,45.7
4393,45.7,45.7
4394,45.7,45.7
4395,45.7,45.7
4396,45.7,45.7
4397,45.7,45.7
4398,45.7,45.7
4399,45.7,45.7
4400,45.7,45.7
4401,45.7,45.7
4402,45.7,45.7
4403,45.7,45.7
4404,45.7,45.7
4405,45.7,45.7
4406,45.7,45.7
4407,45.7,45.7
4408,45.7,45.7
4409,45.7,45.7
4410,45.7,45.7
4411,45.7,45.7
4412,45.7,45.7
4413,45.7,45.7
4414,45.7,45.7
4415,45.7,45.7
4416,45.7,45.7
4417,45.7,45.7
4418,45.7,45.7
4419,45.7,45.7
4420,45.7,45.7
4421,45.7,45.7
4422,45.7,45.7
4423,45.7,45.7
4424,45.7,45.7
4425,45.7,45.7
4426,45.7,45.7
4427,45.7,45.7
4428,45.7,45.7
4429,45.7,45.7
4430,45.7,45.7
4431,45.7,45.7
4432,45.7,45.7
4433,45.7,45.7
4434,45.7,45.7
4435,45.7,45.7
4436,45.7,45.7
4437,45.7,45.7
4438,45.7,45.7
4439,45.7,45.7
4440,45.7,45.7
4441,45.7,45.7
4442,45.7,45.7
4443,45.7,45.7
4444,45.7,45.7
4445,45.7,45.7
4446,45.7,45.7
4447,45.7,45.7
4448,45.7,45.7
4449,45.7,45.7
4450,45.7,45.7
4451,45.7,45.7
4452,45.7,45.7
4453,45.7,45.7
4454,45.7,45.7
4455,45.7,45.7
4456,45.7,45.7
4457,45.7,45.7
4458,45.7,45.7
4459,45.7,45.7
4460,45.7,45.7
4461,45.7,45.7
4462,45.7,45.7
4463,45.7,45.7
4464,45.7,45.7
4465,45.7,45.7
4466,45.7,45.7
4467,45.7,45.7
4468,45.7,45.7
4469,45.7,45.7
4470,45.7,45.7
4471,45.7,45.7
4472,45.7,45.7
4473,45.7,45.7
4474,45.7,45.7
4475,45.7,45.7
4476,45.7,45.7
4477,45.7,45.7
4478,45.7,45.7
4479,45.7,45.7
4480,45.7,45.7
4481,45.7,45.7
4482,45.7,45.7
4483,45.7,45.7
4484,45.7,45.7
4485,45.7,45.7
4486,45.7,45.7
4487,45.7,45.7
4488,45.7,45.7
4489,45.7,45.7
4490,45.7,45.7
4491,45.7,45.7
4492,45.7,45.7
4493,45.7,45.7
4494,45.7,45.7
4495,45.7,45.7
4496,45.7,45.7
4497,45.7,45.7
4498,45.7,45.7
4499,45.7,45.7
4500,45.7,45.7
4501,45.7,45.7
4502,45.7,45.7
4503,45.7,45.7
4504,45.7,45.7
4505,45.7,45.7
4506,45.7,45.7
4507,45.7,45.7
4508,45.7,45.7
4509,45.7,45.7
4510,45.7,45.7
4511,45.7,45.7
4512,45.7,45.7
4513,45.7,45.7
4514,45.7,45.7
4515,45.7,45.7
4516,45.7,45.7
4517,45.7,45.7
4518,45.7,45.7
4519,45.7,45.7
4520,45.7,45.7
4521,45.7,45.7
4522,45.7,45.7
4523,45.7,45.7
4524,45.7,45.7
4525,45.7,45.7
4526,45.7,45.7
4527,45.7,45.7
4528,45.7,45.7
4529,45.7,45.7
4530,45.7,45.7
4531,45.7,45.7
4532,45.7,45.7
4533,45.7,45.7
4534,45.7,45.7
4535,45.7,45.7
4536,45.7,45.7
4537,45.7,45.7
4538,45.7,45.7
4539,45.7,45.7
4540,45.7,45.7
4541,45.7,45.7
4542,45.7,45.7
4543,45.7,45.7
4544,45.7,45.7
4545,45.7,45.7
4546,45.7,45.7
4547,45.7,45.7
4548,45.7,45.7
4549,45.7,45.7
4550,45.7,45.7
4551,45.7,45.7
4552,45.7,45.7
4553,45.7,45.7
4554,45.7,45.7
4555,45.7,45.7
4556,45.7,45.7
4557,45.7,45.7
4558,45.7,45.7
4559,45.7,45.7
4560,45.7,45.7
4561,45.7,45.7
4562,45.7,45.7
4563,45.7,45.7
4564,45.7,45.7
4565,45.7,45.7
4566,45.7,45.7
4567,45.7,45.7
4568,45.7,45.7
4569,45.7,45.7
4570,45.7,45.7
4571,45.7,45.7
4572,45.7,45.7
4573,45.7,45.7
4574,45.7,45.7
4575,45.7,45.7
4576,45.7,45.7
4577,45.7,45.7
4578,45.7,45.7
4579,45.7,45.7
4580,45.7,45.7
4581,45.7,45.7
4582,45.7,45.7
4583,45.7,45.7
4584,45.7,45.7
4585,45.7,45.7
4586,45.7,45.7
4587,45.7,45.7
4588,45.7,45.7
4589,45.7,45.7
4590,45.7,45.7
4591,45.7,45.7
4592,45.7,45.7
4593,45.7,45.7
4594,45.7,45.7
4595,45.7,45.7
4596,45.7,45.7
4597,45.7,45.7
4598,45.7,45.7
4599,45.7,45.7
4600,45.7,45.7
4601,45.7,45.7
4602,45.7,45.7
4603,45.7,45.7
4604,45.7,45.7
4605,45.7,45.7
4606,45.7,45.7
4607,45.7,45.7
4608,45.7,45.7
4609,45.7,45.7
4610,45.7,45.7
4611,45.7,45.7
4612,45.7,45.7
4613,45.7,45.7
4614,45.7,45.7
4615,45.7,45.7
4616,45.7,45.7
4617,45.7,45.7
4618,45.7,45.7
4619,45.7,45.7
4620,45.7,45.7
4621,45.7,45.7
4622,45.7,45.7
4623,45.7,45.7
4624,45.7,45.7
4625,45.7,45.7
4626,45.7,45.7
4627,45.7,45.7
4628,45.7,45.7
4629,45.7,45.7
4630,45.7,45.7
4631,45.7,45.7
4632,45.7,45.7
4633,45.7,45.7
4634,45.7,45.7
4635,45.7,45.7
4636,45.7,45.7
4637,45.7,45.7
4638,45.7,45.7
4639,45.7,45.7
4640,45.7,45.7
4641,45.7,45.7
4642,45.7,45.7
4643,45.7,45.7
4644,45.7,45.7
4645,45.7,45.7
4646,45.7,45.7
4647,45.7,45.7
4648,45.7,45.7
4649,45.7,45.7
4650,45.7,45.7
4651,45.7,45.7
4652,45.7,45.7
4653,45.7,45.7
4654,45.7,45.7
4655,45.7,45.7
4656,45.7,45.7
4657,45.7,45.7
4658,45.7,45.7
4659,45.7,45.7
4660,45.7,45.7
4661,45.7,45.7
4662,45.7,45.7
4663,45.7,45.7
4664,45.7,45.7
4665,45.7,45.7
4666,45.7,45.7
4667,45.7,45.7
4668,45.7,45.7
4669,45.7,45.7
4670,45.7,45.7
4671,45.7,45.7
4672,45.7,45.7
4673,45.7,45.7
4674,45.7,45.7
4675,45.7,45.7
4676,45.7,45.7
4677,45.7,45.7
4678,45.7,45.7
4679,45.7,45.7
4680,45.7,45.7
4681,45.7,45.7
4682,45.7,45.7
4683,45.7,45.7
4684,45.7,45.7
4685,45.7,45.7
4686,45.7,45.7
4687,45.7,45.7
4688,45.7,45.7
4689,45.7,45.7
4690,45.7,45.7
4691,45.7,45.7
4692,45.7,45.7
4693,45.7,45.7
4694,45.7,45.7
4695,45.7,45.7
4696,45.7,45.7
4697,45.7,45.7
4698,45.7,45.7
4699,45.7,45.7
4700,45.7,45.7
4701,45.7,45.7
4702,45.7,45.7
4703,45.7,45.7
4704,45.7,45.7
4705,45.7,45.7
4706,45.7,45.7
4707,45.7,45.7
4708,45.7,45.7
4709,45.7,45.7
4710,45.7,45.7
4711,45.7,45.7
4712,45.7,45.7
4713,45.7,45.7
4714,45.7,45.7
4715,45.7,45.7
4716,45.7,45.7
4717,45.7,45.7
4718,45.7,45.7
4719,45.7,45.7
4720,45.7,45.7
4721,45.7,45.7
4722,45.7,45.7
4723,45.7,45.7
4724,45.7,45.7
4725,45.7,45.7
4726,45.7,45.7
4727,45.7,45.7
4728,45.7,45.7
4729,45.7,45.7
4730,45.7,45.7
4731,45.7,45.7
4732,45.7,45.7
4733,45.7,45.7
4734,45.7,45.7
4735,45.7,45.7
4736,45.7,45.7
4737,45.7,45.7
4738,45.7,45.7
4739,45.7,45.7
4740,45.7,45.7
4741,45.7,45.7
4742,45.7,45.7
4743,45.7,45.7
4744,45.7,45.7
4745,45.7,45.7
4746,45.7,45.7
4747,45.7,45.7
4748,45.7,45.7
4749,45.7,45.7
4750,45.7,45.7
4751,45.7,45.7
4752,45.7,45.7
4753,45.7,45.7
4754,45.7,45.7
4755,45.7,45.7
4756,45.7,45.7
4757,45.7,45.7
4758,45.7,45.7
4759,45.7,45.7
4760,45.7,45.7
4761,45.7,45.7
4762,45.7,45.7
4763,45.7,45.7
4764,45.7,45.7
4765,45.7,45.7
4766,45.7,45.7
4767,45.7,45.7
4768,45.7,45.7
4769,45.7,45.7
4770,45.7,45.7
4771,45.7,45.7
4772,45.7,45.7
4773,45.7,45.7
4774,45.7,45.7
4775,45.7,45.7
4776,45.7,45.7
4777,45.7,45.7
4778,45.7,45.7
4779,45.7,45.7
4780,45.7,45.7
4781,45.7,45.7
4782,45.7,45.7
4783,45.7,45.7
4784,45.7,45.7
4785,45.7,45.7
4786,45.7,45.7
4787,45.7,45.7
4788,45.7,45.7
4789,45.7,45.7
4790,45.7,45.7
4791,45.7,45.7
4792,45.7,45.7
4793,45.7,45.7
4794,45.7,45.7
4795,45.7,45.7
4796,45.7,45.7
4797,45.7,45.7
4798,45.7,45.7
4799,45.7,45.7
4800,45.7,45.7
4801,45.7,45.7
4802,45.7,45.7
4803,45.7,45.7
4804,45.7,45.7
4805,45.7,45.7
4806,45.7,45.7
4807,45.7,45.7
4808,45.7,45.7
4809,45.7,45.7
4810,45.7,45.7
4811,45.7,45.7
4812,45.7,45.7
4813,45.7,45.7
4814,45.7,45.7
4815,45.7,45.7
4816,45.7,45.7
4817,45.7,45.7
4818,45.7,45.7
4819,45.7,45.7
4820,45.7,45.7
4821,45.7,45.7
4822,45.7,45.7
4823,45.7,45.7
4824,45.7,45.7
4825,45.7,45.7
4826,45.7,45.7
4827,45.7,45.7
4828,45.7,45.7
4829,45.7,45.7
4830,45.7,45.7
4831,45.7,45.7
4832,45.7,45.7
4833,45.7,45.7
4834,45.7,45.7
4835,45.7,45.7
4836,45.7,45.7
4837,45.7,45.7
4838,45.7,45.7
4839,45.7,45.7
4840,45.7,45.7
4841,45.7,45.7
4842,45.7,45.7
4843,45.7,45.7
4844,45.7,45.7
4845,45.7,45.7
4846,45.7,45.7
4847,45.7,45.7
4848,45.7,45.7
4849,45.7,45.7
4850,45.7,45.7
4851,45.7,45.7
4852,45.7,45.7
4853,45.7,45.7
4854,45.7,45.7
4855,45.7,45.7
4856,45.7,45.7
4857,45.7,45.7
4858,45.7,45.7
4859,45.7,45.7
4860,45.7,45.7
4861,45.7,45.7
4862,45.7,45.7
4863,45.7,45.7
4864,45.7,45.7
4865,45.7,45.7
4866,45.7,45.7
4867,45.7,45.7
4868,45.7,45.7
4869,45.7,45.7
4870,45.7,45.7
4871,45.7,45.7
4872,45.7,45.7
4873,45.7,45.7
4874,45.7,45.7
4875,45.7,45.7
4876,45.7,45.7
4877,45.7,45.7
4878,45.7,45.7
4879,45.7,45.7
4880,45.7,45.7
4881,45.7,45.7
4882,45.7,45.7
4883,45.7,45.7
4884,45.7,45.7
4885,45.7,45.7
4886,45.7,45.7
4887,45.7,45.7
4888,45.7,45.7
4889,45.7,45.7
4890,45.7,45.7
4891,45.7,45.7
4892,45.7,45.7
4893,45.7,45.7
4894,45.7,45.7
4895,45.7,45.7
4896,45.7,45.7
4897,45.7,45.7
4898,45.7,45.7
4899,45.7,45.7
4900,45.7,45.7
4901,45.7,45.7
4902,45.7,45.7
4903,45.7,45.7
4904,45.7,45.7
4905,45.7,45.7
4906,45.7,45.7
4907,45.7,45.7
4908,45.7,45.7
4909,45.7,45.7
4910,45.7,45.7
4911,45.7,45.7
4912,45.7,45.7
4913,45.7,45.7
4914,45.7,45.7
4915,45.7,45.7
4916,45.7,45.7
4917,45.7,45.7
4918,45.7,45.7
4919,45.7,45.7
4920,45.7,45.7
4921,45.7,45.7
4922,45.7,45.7
4923,45.7,45.7
4924,45.7,45.7
4925,45.7,45.7
4926,45.7,45.7
4927,45.7,45.7
4928,45.7,45.7
4929,45.7,45.7
4930,45.7,45.7
4931,45.7,45.7
4932,45.7,45.7
4933,45.7,45.7
4934,45.7,45.7
4935,45.7,45.7
4936,45.7,45.7
4937,45.7,45.7
4938,45.7,45.7
4939,45.7,45.7
4940,45.7,45.7
4941,45.7,45.7
4942,45.7,45.7
4943,45.7,45.7
4944,45.7,45.7
4945,45.7,45.7
4946,45.7,45.7
4947,45.7,45.7
4948,45.7,45.7
4949,45.7,45.7
4950,45.7,45.7
4951,45.7,45.7
4952,45.7,45.7
4953,45.7,45.7
4954,45.7,45.7
4955,45.7,45.7
4956,45.7,45.7
4957,45.7,45.7
4958,45.7,45.7
4959,45.7,45.7
4960,45.7,45.7
4961,45.7,45.7
4962,45.7,45.7
4963,45.7,45.7
4964,45.7,45.7
4965,45.7,45.7
4966,45.7,45.7
4967,45.7,45.7
4968,45.7,45.7
4969,45.7,45.7
4970,45.7,45.7
4971,45.7,45.7
4972,45.7,45.7
4973,45.7,45.7
4974,45.7,45.7
4975,45.7,45.7
4976,45.7,45.7
4977,45.7,45.7
4978,45.7,45.7
4979,45.7,45.7
4980,45.7,45.7
4981,45.7,45.7
4982,45.7,45.7
4983,45.7,45.7
4984,45.7,45.7
4985,45.7,45.7
4986,45.7,45.7
4987,45.7,45.7
4988,45.7,45.7
4989,45.7,45.7
4990,45.7,45.7
4991,45.7,45.7
4992,45.7,45.7
4993,45.7,45.7
4994,45.7,45.7
4995,45.7,45.7
4996,45.7,45.7
4997,45.7,45.7
4998,45.7,45.7
4999,45.7,45.7
