,hsa_js,add_js
0,1.3,0.0
1,1.3,0.0
2,1.3,0.0
3,1.3,0.0
4,1.3,0.0
5,1.3,0.0
6,1.3,0.0
7,1.3,0.0
8,1.3,0.0
9,1.3,0.0
10,1.3,0.0
11,1.3,0.0
12,1.3,0.0
13,1.3,0.0
14,1.3,0.0
15,1.3,0.0
16,1.3,0.0
17,1.3,0.0
18,1.3,0.0
19,1.5,0.0
20,1.5,0.0
21,1.5,0.0
22,1.5,0.0
23,1.5,0.0
24,1.5,0.0
25,1.5,0.0
26,1.5,0.0
27,1.5,0.0
28,1.5,0.0
29,1.5,0.0
30,1.5,0.0
31,1.5,0.0
32,1.5,0.0
33,1.5,0.0
34,1.5,0.0
35,1.5,0.0
36,1.5,0.0
37,1.5,0.0
38,1.5,0.0
39,1.5,0.0
40,1.5,0.0
41,1.5,0.0
42,1.5,0.0
43,1.5,0.0
44,1.5,0.0
45,1.5,0.0
46,1.5,0.0
47,1.5,0.0
48,1.5,0.0
49,1.5,0.0
50,1.5,0.0
51,1.5,0.0
52,1.5,0.0
53,1.7000000000000002,0.0
54,1.7000000000000002,0.0
55,1.9000000000000001,0.0
56,1.9000000000000001,0.0
57,1.9000000000000001,0.0
58,1.9000000000000001,0.0
59,1.9000000000000001,0.0
60,1.9000000000000001,0.0
61,1.9000000000000001,0.0
62,1.9000000000000001,0.0
63,1.9000000000000001,0.0
64,1.9000000000000001,0.0
65,1.9000000000000001,0.0
66,1.9000000000000001,0.0
67,1.9000000000000001,0.0
68,1.9000000000000001,0.0
69,1.9000000000000001,0.0
70,1.9000000000000001,0.0
71,2.0,0.0
72,2.0,0.0
73,2.0,0.0
74,2.0,0.0
75,2.0,0.0
76,2.0,0.0
77,2.0,0.0
78,2.0,0.0
79,2.0,0.0
80,2.0,0.0
81,2.0,0.0
82,2.0,0.0
83,2.0,0.0
84,2.0,0.0
85,2.0,0.0
86,2.0,0.0
87,2.0,0.0
88,2.1,0.0
89,2.1,0.0
90,2.1,0.0
91,2.1,0.0
92,2.1,0.0
93,2.1,0.0
94,2.1,0.0
95,2.1,0.0
96,2.1,0.0
97,2.1,0.0
98,2.1,0.0
99,2.1,0.0
100,2.1,0.0
101,2.1,0.0
102,2.1,0.0
103,2.2,0.0
104,2.2,0.0
105,2.2,0.0
106,2.2,0.0
107,2.3000000000000003,0.0
108,2.3000000000000003,0.0
109,2.3000000000000003,0.0
110,2.3000000000000003,0.0
111,2.3000000000000003,0.0
112,2.3000000000000003,0.0
113,2.3000000000000003,0.0
114,2.3000000000000003,0.0
115,2.3000000000000003,0.0
116,2.3000000000000003,0.0
117,2.3000000000000003,0.0
118,2.3000000000000003,0.0
119,2.3000000000000003,0.0
120,2.3000000000000003,0.0
121,2.3000000000000003,0.0
122,2.3000000000000003,0.0
123,2.3000000000000003,0.0
124,2.3000000000000003,0.0
125,2.4000000000000004,0.0
126,2.4000000000000004,0.0
127,2.4000000000000004,0.0
128,2.4000000000000004,0.0
129,2.4000000000000004,0.0
130,2.4000000000000004,0.0
131,2.4000000000000004,0.0
132,2.4000000000000004,0.0
133,2.4000000000000004,0.0
134,2.4000000000000004,0.0
135,2.4000000000000004,0.0
136,2.4000000000000004,0.0
137,2.6,0.0
138,2.6,0.0
139,2.6,0.0
140,2.6,0.0
141,2.6,0.0
142,2.6,0.0
143,2.6,0.0
144,2.6,0.0
145,2.6,0.0
146,2.6,0.0
147,2.6,0.0
148,2.6,0.0
149,2.6,0.0
150,2.6,0.0
151,2.6,0.0
152,2.6,0.0
153,2.6,0.0
154,2.6,0.0
155,2.6,0.0
156,2.6,0.0
157,2.6,0.0
158,2.6,0.0
159,2.6,0.0
160,2.6,0.0
161,2.6,0.0
162,2.6,0.0
163,2.6,0.0
164,2.6,0.0
165,2.6,0.0
166,2.6,0.0
167,2.6,0.0
168,2.6,0.0
169,2.7,0.0
170,2.7,0.0
171,2.7,0.0
172,2.9000000000000004,0.0
173,2.9000000000000004,0.0
174,2.9000000000000004,0.0
175,2.9000000000000004,0.0
176,2.9000000000000004,0.0
177,2.9000000000000004,0.0
178,2.9000000000000004,0.0
179,3.1,0.0
180,3.1,0.0
181,3.1,0.0
182,3.1,0.0
183,3.1,0.0
184,3.1,0.0
185,3.1,0.0
186,3.1,0.0
187,3.1,0.0
188,3.1,0.0
189,3.1,0.0
190,3.1,0.0
191,3.1,0.0
192,3.1,0.0
193,3.1,0.0
194,3.1,0.0
195,3.1,0.0
196,3.1,0.0
197,3.1,0.0
198,3.1,0.0
199,3.1,0.0
200,3.1,0.0
201,3.1,0.0
202,3.1,0.0
203,3.1,0.0
204,3.1,0.0
205,3.1,0.0
206,3.1,0.0
207,3.1,0.0
208,3.3000000000000003,0.0
209,3.3000000000000003,0.0
210,3.3000000000000003,0.0
211,3.3000000000000003,0.0
212,3.3000000000000003,0.0
213,3.3000000000000003,0.0
214,3.3000000000000003,0.0
215,3.7,0.0
216,3.7,0.0
217,3.9000000000000004,0.0
218,3.9000000000000004,0.0
219,3.9000000000000004,0.0
220,3.9000000000000004,0.0
221,3.9000000000000004,0.0
222,3.9000000000000004,0.0
223,3.9000000000000004,0.0
224,3.9000000000000004,0.0
225,4.0,0.0
226,4.0,0.0
227,4.0,0.0
228,4.0,0.0
229,4.3,0.0
230,4.3,0.0
231,4.4,0.0
232,4.4,0.0
233,4.4,0.0
234,4.4,0.0
235,4.4,0.0
236,4.4,0.0
237,4.4,0.0
238,4.4,0.0
239,4.4,0.0
240,4.4,0.0
241,4.4,0.0
242,4.4,0.0
243,4.4,0.0
244,4.4,0.0
245,4.4,0.0
246,4.4,0.0
247,4.4,0.0
248,4.4,0.0
249,4.4,0.0
250,4.4,0.0
251,4.4,0.0
252,4.4,0.0
253,4.4,0.0
254,4.4,0.0
255,4.4,0.0
256,4.4,0.0
257,4.4,0.0
258,4.4,0.0
259,4.4,0.0
260,4.4,0.0
261,4.4,0.0
262,4.4,0.0
263,4.4,0.0
264,4.5,0.0
265,4.5,0.0
266,4.5,0.0
267,4.5,0.0
268,4.800000000000001,0.0
269,4.800000000000001,0.0
270,4.800000000000001,0.0
271,4.800000000000001,0.0
272,4.800000000000001,0.0
273,4.800000000000001,0.0
274,4.800000000000001,0.0
275,4.800000000000001,0.0
276,4.800000000000001,0.0
277,4.800000000000001,0.0
278,4.800000000000001,0.0
279,4.800000000000001,0.0
280,4.800000000000001,0.0
281,4.800000000000001,0.0
282,5.0,0.0
283,5.0,0.0
284,5.0,0.0
285,5.0,0.0
286,5.0,0.0
287,5.0,0.0
288,5.0,0.0
289,5.0,0.0
290,5.2,0.0
291,5.2,0.0
292,5.2,0.0
293,5.2,0.0
294,5.2,0.0
295,5.2,0.0
296,5.2,0.0
297,5.2,0.0
298,5.2,0.0
299,5.2,0.0
300,5.2,0.0
301,5.2,0.0
302,5.2,0.0
303,5.2,0.0
304,5.2,0.0
305,5.2,0.0
306,5.2,0.0
307,5.2,0.0
308,5.2,0.0
309,5.2,0.0
310,5.2,0.0
311,5.2,0.0
312,5.2,0.0
313,5.2,0.0
314,5.2,0.0
315,5.2,0.0
316,5.2,0.0
317,5.2,0.0
318,5.2,0.0
319,5.2,0.0
320,5.2,0.0
321,5.2,0.0
322,5.2,0.0
323,5.2,0.0
324,5.2,0.0
325,5.2,0.0
326,5.2,0.0
327,5.2,0.0
328,5.2,0.0
329,5.2,0.0
330,5.2,0.0
331,5.2,0.0
332,5.2,0.0
333,5.2,0.0
334,5.300000000000001,0.0
335,5.300000000000001,0.0
336,5.300000000000001,0.0
337,5.300000000000001,0.0
338,5.300000000000001,0.0
339,5.300000000000001,0.0
340,5.300000000000001,0.0
341,5.300000000000001,0.0
342,5.300000000000001,0.0
343,5.300000000000001,0.0
344,5.5,0.0
345,5.5,0.0
346,5.5,0.0
347,5.5,0.0
348,5.5,0.0
349,5.5,0.0
350,5.5,0.0
351,5.5,0.0
352,5.7,0.0
353,5.7,0.0
354,5.7,0.0
355,5.7,0.0
356,5.7,0.0
357,5.9,0.0
358,5.9,0.0
359,5.9,0.0
360,5.9,0.0
361,5.9,0.0
362,5.9,0.0
363,5.9,0.0
364,5.9,0.0
365,5.9,0.0
366,5.9,0.0
367,5.9,0.0
368,5.9,0.0
369,5.9,0.0
370,5.9,0.0
371,5.9,0.0
372,5.9,0.0
373,5.9,0.0
374,5.9,0.0
375,5.9,0.0
376,5.9,0.0
377,5.9,0.0
378,5.9,0.0
379,5.9,0.0
380,5.9,0.0
381,5.9,0.0
382,5.9,0.0
383,5.9,0.0
384,5.9,0.0
385,5.9,0.0
386,5.9,0.0
387,5.9,0.0
388,5.9,0.0
389,5.9,0.0
390,5.9,0.0
391,5.9,0.0
392,6.0,0.0
393,6.0,0.0
394,6.0,0.0
395,6.0,0.0
396,6.0,0.0
397,6.0,0.0
398,6.0,0.0
399,6.0,0.0
400,6.0,0.0
401,6.0,0.0
402,6.0,0.0
403,6.0,0.0
404,6.0,0.0
405,6.0,0.0
406,6.0,0.0
407,6.0,0.0
408,6.0,0.0
409,6.0,0.0
410,6.0,0.0
411,6.0,0.0
412,6.0,0.0
413,6.0,0.0
414,6.0,0.0
415,6.0,0.0
416,6.0,0.0
417,6.0,0.0
418,6.0,0.0
419,6.0,0.0
420,6.1000000000000005,0.0
421,6.1000000000000005,0.0
422,6.1000000000000005,0.0
423,6.1000000000000005,0.0
424,6.1000000000000005,0.0
425,6.1000000000000005,0.0
426,6.2,0.0
427,6.2,0.0
428,6.2,0.0
429,6.2,0.0
430,6.2,0.0
431,6.2,0.0
432,6.2,0.0
433,6.2,0.0
434,6.2,0.0
435,6.2,0.0
436,6.2,0.0
437,6.2,0.0
438,6.2,0.0
439,6.2,0.0
440,6.2,0.0
441,6.2,0.0
442,6.2,0.0
443,6.2,0.0
444,6.2,0.0
445,6.2,0.0
446,6.2,0.0
447,6.2,0.0
448,6.2,0.0
449,6.2,0.0
450,6.2,0.0
451,6.2,0.0
452,6.2,0.0
453,6.2,0.0
454,6.2,0.0
455,6.2,0.0
456,6.2,0.0
457,6.2,0.0
458,6.2,0.0
459,6.2,0.0
460,6.2,0.0
461,6.2,0.0
462,6.2,0.0
463,6.2,0.0
464,6.2,0.0
465,6.2,0.0
466,6.2,0.0
467,6.2,0.0
468,6.2,0.0
469,6.2,0.0
470,6.2,0.0
471,6.2,0.0
472,6.2,0.0
473,6.2,0.0
474,6.4,0.0
475,6.4,0.0
476,6.4,0.0
477,6.4,0.0
478,6.4,0.0
479,6.4,0.0
480,6.6000000000000005,0.0
481,6.6000000000000005,0.0
482,6.6000000000000005,0.0
483,6.6000000000000005,0.0
484,6.6000000000000005,0.0
485,6.6000000000000005,0.0
486,6.6000000000000005,0.0
487,6.6000000000000005,0.0
488,6.6000000000000005,0.0
489,6.6000000000000005,0.0
490,6.6000000000000005,0.0
491,6.6000000000000005,0.0
492,6.6000000000000005,0.0
493,6.6000000000000005,0.0
494,6.6000000000000005,0.0
495,6.6000000000000005,0.0
496,6.6000000000000005,0.0
497,6.6000000000000005,0.0
498,6.6000000000000005,0.0
499,6.6000000000000005,0.0
500,6.6000000000000005,0.0
501,6.6000000000000005,0.0
502,6.6000000000000005,0.0
503,6.6000000000000005,0.0
504,6.6000000000000005,0.0
505,6.6000000000000005,0.0
506,6.6000000000000005,0.0
507,6.6000000000000005,0.0
508,6.6000000000000005,0.0
509,6.6000000000000005,0.0
510,6.9,0.0
511,6.9,0.0
512,6.9,0.0
513,6.9,0.0
514,6.9,0.0
515,6.9,0.0
516,6.9,0.0
517,7.300000000000001,0.0
518,7.300000000000001,0.0
519,7.300000000000001,0.0
520,7.300000000000001,0.0
521,7.300000000000001,0.0
522,7.300000000000001,0.0
523,7.300000000000001,0.0
524,7.300000000000001,0.0
525,7.300000000000001,0.0
526,7.300000000000001,0.0
527,7.300000000000001,0.0
528,7.300000000000001,0.0
529,7.300000000000001,0.0
530,7.300000000000001,0.0
531,7.300000000000001,0.0
532,7.300000000000001,0.0
533,7.300000000000001,0.0
534,7.300000000000001,0.0
535,7.300000000000001,0.0
536,7.300000000000001,0.0
537,7.300000000000001,0.0
538,7.300000000000001,0.0
539,7.300000000000001,0.0
540,7.300000000000001,0.0
541,7.300000000000001,0.0
542,7.300000000000001,0.0
543,7.300000000000001,0.0
544,7.300000000000001,0.0
545,7.300000000000001,0.0
546,7.300000000000001,0.0
547,7.300000000000001,0.0
548,7.300000000000001,0.0
549,7.300000000000001,0.0
550,7.300000000000001,0.0
551,7.300000000000001,0.0
552,7.300000000000001,0.0
553,7.300000000000001,0.0
554,7.300000000000001,0.0
555,7.300000000000001,0.0
556,7.300000000000001,0.0
557,7.300000000000001,0.0
558,7.300000000000001,0.0
559,7.300000000000001,0.0
560,7.300000000000001,0.0
561,7.300000000000001,0.0
562,7.300000000000001,0.0
563,7.300000000000001,0.0
564,7.300000000000001,0.0
565,7.300000000000001,0.0
566,7.9,0.0
567,7.9,0.0
568,7.9,0.0
569,7.9,0.0
570,7.9,0.0
571,7.9,0.0
572,7.9,0.0
573,7.9,0.0
574,7.9,0.0
575,7.9,0.0
576,7.9,0.0
577,7.9,0.0
578,8.0,0.0
579,8.0,0.0
580,8.0,0.0
581,8.200000000000001,0.0
582,8.200000000000001,0.0
583,8.200000000000001,0.0
584,8.200000000000001,0.0
585,8.200000000000001,0.0
586,8.200000000000001,0.0
587,8.200000000000001,0.0
588,8.200000000000001,0.0
589,8.200000000000001,0.0
590,8.200000000000001,0.0
591,8.200000000000001,0.0
592,8.200000000000001,0.0
593,8.200000000000001,0.0
594,8.200000000000001,0.0
595,8.200000000000001,0.0
596,8.200000000000001,0.0
597,8.200000000000001,0.0
598,8.200000000000001,0.0
599,8.200000000000001,0.0
600,8.200000000000001,0.0
601,8.200000000000001,0.0
602,8.200000000000001,0.0
603,8.200000000000001,0.0
604,8.200000000000001,0.0
605,8.200000000000001,0.0
606,8.200000000000001,0.0
607,8.200000000000001,0.0
608,8.200000000000001,0.0
609,8.200000000000001,0.0
610,8.200000000000001,0.0
611,8.200000000000001,0.0
612,8.200000000000001,0.0
613,8.200000000000001,0.0
614,8.200000000000001,0.0
615,8.200000000000001,0.0
616,8.200000000000001,0.0
617,8.200000000000001,0.0
618,8.200000000000001,0.0
619,8.200000000000001,0.0
620,8.200000000000001,0.0
621,8.200000000000001,0.0
622,8.200000000000001,0.0
623,8.200000000000001,0.0
624,8.200000000000001,0.0
625,8.200000000000001,0.0
626,8.200000000000001,0.0
627,8.200000000000001,0.0
628,8.200000000000001,0.0
629,8.200000000000001,0.0
630,8.5,0.0
631,8.5,0.0
632,8.5,0.0
633,8.5,0.0
634,8.5,0.0
635,8.5,0.0
636,8.5,0.0
637,8.5,0.0
638,8.5,0.0
639,8.5,0.0
640,8.5,0.0
641,8.5,0.0
642,8.5,0.0
643,8.5,0.0
644,8.5,0.0
645,8.5,0.0
646,8.5,0.0
647,8.5,0.0
648,8.5,0.0
649,8.5,0.0
650,8.5,0.0
651,8.5,0.0
652,8.5,0.0
653,8.5,0.0
654,8.5,0.0
655,8.5,0.0
656,8.5,0.0
657,8.5,0.0
658,8.5,0.0
659,8.5,0.0
660,8.5,0.0
661,8.700000000000001,0.0
662,8.700000000000001,0.0
663,8.700000000000001,0.0
664,8.700000000000001,0.0
665,8.700000000000001,0.0
666,8.700000000000001,0.0
667,8.700000000000001,0.0
668,8.700000000000001,0.0
669,8.700000000000001,0.0
670,8.700000000000001,0.0
671,8.700000000000001,0.0
672,8.700000000000001,0.0
673,8.700000000000001,0.0
674,8.700000000000001,0.0
675,8.700000000000001,0.0
676,8.700000000000001,0.0
677,8.700000000000001,0.0
678,8.700000000000001,0.0
679,8.700000000000001,0.0
680,8.700000000000001,0.0
681,8.700000000000001,0.0
682,8.700000000000001,0.0
683,8.700000000000001,0.0
684,8.700000000000001,0.0
685,8.700000000000001,0.0
686,8.700000000000001,0.0
687,8.700000000000001,0.0
688,8.700000000000001,0.0
689,8.700000000000001,0.0
690,8.700000000000001,0.0
691,8.700000000000001,0.0
692,8.700000000000001,0.0
693,8.700000000000001,0.0
694,8.700000000000001,0.0
695,8.700000000000001,0.0
696,8.700000000000001,0.0
697,8.700000000000001,0.0
698,8.700000000000001,0.0
699,8.700000000000001,0.0
700,8.700000000000001,0.0
701,8.700000000000001,0.0
702,8.700000000000001,0.0
703,8.700000000000001,0.0
704,8.700000000000001,0.0
705,8.700000000000001,0.0
706,8.700000000000001,0.0
707,8.700000000000001,0.0
708,9.0,0.0
709,9.0,0.0
710,9.0,0.0
711,9.0,0.0
712,9.0,0.0
713,9.0,0.0
714,9.0,0.0
715,9.0,0.0
716,9.0,0.0
717,9.0,0.0
718,9.0,0.0
719,9.0,0.0
720,9.700000000000001,0.0
721,9.700000000000001,0.0
722,9.700000000000001,0.0
723,10.100000000000001,0.0
724,10.100000000000001,0.0
725,10.100000000000001,0.0
726,10.100000000000001,0.0
727,10.100000000000001,0.0
728,10.100000000000001,0.0
729,10.100000000000001,0.0
730,10.100000000000001,0.0
731,10.100000000000001,0.0
732,10.100000000000001,0.0
733,10.100000000000001,0.0
734,10.100000000000001,0.0
735,10.100000000000001,0.0
736,10.100000000000001,0.0
737,10.100000000000001,0.0
738,10.100000000000001,0.0
739,10.100000000000001,0.0
740,10.100000000000001,0.0
741,10.100000000000001,0.0
742,10.100000000000001,0.0
743,10.100000000000001,0.0
744,10.100000000000001,0.0
745,10.100000000000001,0.0
746,10.100000000000001,0.0
747,10.100000000000001,0.0
748,10.100000000000001,0.0
749,10.100000000000001,0.0
750,10.100000000000001,0.0
751,10.100000000000001,0.0
752,10.100000000000001,0.0
753,10.100000000000001,0.0
754,10.100000000000001,0.0
755,10.100000000000001,0.0
756,10.100000000000001,0.0
757,10.100000000000001,0.0
758,10.100000000000001,0.0
759,10.100000000000001,0.0
760,10.100000000000001,0.0
761,10.100000000000001,0.0
762,10.100000000000001,0.0
763,10.100000000000001,0.0
764,10.100000000000001,0.0
765,10.100000000000001,0.0
766,10.100000000000001,0.0
767,10.100000000000001,0.0
768,10.100000000000001,0.0
769,10.100000000000001,0.0
770,10.100000000000001,0.0
771,10.100000000000001,0.0
772,10.100000000000001,0.0
773,10.5,0.0
774,10.5,0.0
775,10.5,0.0
776,10.5,0.0
777,10.5,0.0
778,10.600000000000001,0.0
779,10.600000000000001,0.0
780,10.600000000000001,0.0
781,10.600000000000001,0.0
782,10.600000000000001,0.0
783,10.600000000000001,0.0
784,10.600000000000001,0.0
785,10.600000000000001,0.0
786,10.600000000000001,0.0
787,10.600000000000001,0.0
788,10.600000000000001,0.0
789,10.600000000000001,0.0
790,10.600000000000001,0.0
791,10.600000000000001,0.0
792,10.600000000000001,0.0
793,10.600000000000001,0.0
794,10.600000000000001,0.0
795,10.600000000000001,0.0
796,10.600000000000001,0.0
797,10.600000000000001,0.0
798,10.600000000000001,0.0
799,10.600000000000001,0.0
800,10.600000000000001,0.0
801,10.600000000000001,0.0
802,10.600000000000001,0.0
803,10.600000000000001,0.0
804,10.600000000000001,0.0
805,10.600000000000001,0.0
806,10.600000000000001,0.0
807,10.600000000000001,0.0
808,10.600000000000001,0.0
809,10.600000000000001,0.0
810,10.600000000000001,0.0
811,10.600000000000001,0.0
812,10.600000000000001,0.0
813,10.600000000000001,0.0
814,10.600000000000001,0.0
815,10.600000000000001,0.0
816,10.600000000000001,0.0
817,10.600000000000001,0.0
818,10.600000000000001,0.0
819,10.600000000000001,0.0
820,10.600000000000001,0.0
821,10.600000000000001,0.0
822,10.600000000000001,0.0
823,10.8,0.0
824,10.8,0.0
825,10.8,0.0
826,10.8,0.0
827,10.8,0.0
828,10.8,0.0
829,10.8,0.0
830,10.8,0.0
831,10.8,0.0
832,10.8,0.0
833,10.8,0.0
834,10.8,0.0
835,11.100000000000001,0.0
836,11.100000000000001,0.0
837,11.100000000000001,0.0
838,11.100000000000001,0.0
839,11.100000000000001,0.0
840,11.100000000000001,0.0
841,11.100000000000001,0.0
842,11.3,0.0
843,11.3,0.0
844,11.3,0.0
845,11.3,0.0
846,11.3,0.0
847,11.3,0.0
848,11.3,0.0
849,11.3,0.0
850,11.3,0.0
851,11.3,0.0
852,11.3,0.0
853,11.3,0.0
854,11.3,0.0
855,11.3,0.0
856,11.5,0.0
857,11.5,0.0
858,11.5,0.0
859,11.5,0.0
860,11.5,0.0
861,11.5,0.0
862,11.5,0.0
863,11.5,0.0
864,11.5,0.0
865,11.5,0.0
866,11.5,0.0
867,11.700000000000001,0.0
868,11.700000000000001,0.0
869,11.700000000000001,0.0
870,11.700000000000001,0.0
871,11.700000000000001,0.0
872,11.700000000000001,0.0
873,11.700000000000001,0.0
874,11.700000000000001,0.0
875,11.700000000000001,0.0
876,11.700000000000001,0.0
877,11.700000000000001,0.0
878,11.8,0.0
879,11.8,0.0
880,11.8,0.0
881,11.8,0.0
882,11.8,0.0
883,11.8,0.0
884,11.8,0.0
885,11.9,0.0
886,11.9,0.0
887,11.9,0.0
888,11.9,0.0
889,11.9,0.0
890,11.9,0.0
891,11.9,0.0
892,12.4,0.0
893,12.4,0.0
894,12.4,0.0
895,12.4,0.0
896,12.4,0.0
897,12.4,0.0
898,12.4,0.0
899,12.4,0.0
900,12.4,0.0
901,12.9,0.0
902,12.9,0.0
903,12.9,0.0
904,12.9,0.0
905,12.9,0.0
906,12.9,0.0
907,12.9,0.0
908,12.9,0.0
909,12.9,0.0
910,12.9,0.0
911,12.9,0.0
912,12.9,0.0
913,12.9,0.0
914,12.9,0.0
915,12.9,0.0
916,12.9,0.0
917,12.9,0.0
918,12.9,0.0
919,12.9,0.0
920,12.9,0.0
921,12.9,0.0
922,12.9,0.0
923,12.9,0.0
924,12.9,0.0
925,12.9,0.0
926,12.9,0.0
927,12.9,0.0
928,12.9,0.0
929,12.9,0.0
930,12.9,0.0
931,12.9,0.0
932,12.9,0.0
933,12.9,0.0
934,12.9,0.0
935,12.9,0.0
936,12.9,0.0
937,12.9,0.0
938,13.0,0.0
939,13.0,0.0
940,13.0,0.0
941,13.0,0.0
942,13.0,0.0
943,13.0,0.0
944,13.0,0.0
945,13.0,0.0
946,13.0,0.0
947,13.0,0.0
948,13.0,0.0
949,13.0,0.0
950,13.0,0.0
951,13.0,0.0
952,13.0,0.0
953,13.0,0.0
954,13.0,0.0
955,13.0,0.0
956,13.0,0.0
957,13.0,0.0
958,13.0,0.0
959,13.0,0.0
960,13.0,0.0
961,13.0,0.0
962,13.0,0.0
963,13.0,0.0
964,13.0,0.0
965,13.0,0.0
966,13.0,0.0
967,13.0,0.0
968,13.0,0.0
969,13.0,0.0
970,13.0,0.0
971,13.0,0.0
972,13.0,0.0
973,13.0,0.0
974,13.0,0.0
975,13.0,0.0
976,13.0,0.0
977,13.0,0.0
978,13.0,0.0
979,13.0,0.0
980,13.0,0.0
981,13.0,0.0
982,13.0,0.0
983,13.0,0.0
984,13.0,0.0
985,13.0,0.0
986,13.0,0.0
987,13.0,0.0
988,13.0,0.0
989,13.0,0.0
990,13.0,0.0
991,13.0,0.0
992,13.0,0.0
993,13.100000000000001,0.0
994,13.100000000000001,0.0
995,13.100000000000001,0.0
996,13.100000000000001,0.0
997,13.100000000000001,0.0
998,13.100000000000001,0.0
999,13.100000000000001,0.0
1000,13.100000000000001,0.0
1001,13.100000000000001,0.0
1002,13.100000000000001,0.0
1003,13.100000000000001,0.0
1004,13.100000000000001,0.0
1005,13.100000000000001,0.0
1006,13.100000000000001,0.0
1007,13.100000000000001,0.0
1008,13.100000000000001,0.0
1009,13.200000000000001,0.0
1010,13.200000000000001,0.0
1011,13.200000000000001,0.0
1012,13.200000000000001,0.0
1013,13.200000000000001,0.0
1014,13.200000000000001,0.0
1015,13.200000000000001,0.0
1016,13.200000000000001,0.0
1017,13.200000000000001,0.0
1018,13.200000000000001,0.0
1019,13.200000000000001,0.0
1020,13.200000000000001,0.0
1021,13.200000000000001,0.0
1022,13.200000000000001,0.0
1023,13.5,0.0
1024,13.5,0.0
1025,13.5,0.0
1026,13.5,0.0
1027,13.5,0.0
1028,13.5,0.0
1029,13.5,0.0
1030,13.5,0.0
1031,13.5,0.0
1032,13.5,0.0
1033,13.5,0.0
1034,13.9,0.0
1035,13.9,0.0
1036,13.9,0.0
1037,13.9,0.0
1038,13.9,0.0
1039,13.9,0.0
1040,13.9,0.0
1041,13.9,0.0
1042,13.9,0.0
1043,13.9,0.0
1044,13.9,0.0
1045,13.9,0.0
1046,13.9,0.0
1047,13.9,0.0
1048,13.9,0.0
1049,13.9,0.0
1050,13.9,0.0
1051,13.9,0.0
1052,13.9,0.0
1053,13.9,0.0
1054,13.9,0.0
1055,13.9,0.0
1056,13.9,0.0
1057,13.9,0.0
1058,13.9,0.0
1059,13.9,0.0
1060,13.9,0.0
1061,13.9,0.0
1062,13.9,0.0
1063,13.9,0.0
1064,13.9,0.0
1065,13.9,0.0
1066,13.9,0.0
1067,13.9,0.0
1068,13.9,0.0
1069,13.9,0.0
1070,13.9,0.0
1071,13.9,0.0
1072,13.9,0.0
1073,13.9,0.0
1074,13.9,0.0
1075,13.9,0.0
1076,13.9,0.0
1077,13.9,0.0
1078,13.9,0.0
1079,13.9,0.0
1080,13.9,0.0
1081,13.9,0.0
1082,13.9,0.0
1083,13.9,0.0
1084,14.0,0.0
1085,14.0,0.0
1086,14.0,0.0
1087,14.0,0.0
1088,14.0,0.0
1089,14.0,0.0
1090,14.0,0.0
1091,14.0,0.0
1092,14.0,0.0
1093,14.0,0.0
1094,14.0,0.0
1095,14.0,0.0
1096,14.0,0.0
1097,14.0,0.0
1098,14.0,0.0
1099,14.0,0.0
1100,14.0,0.0
1101,14.0,0.0
1102,14.0,0.0
1103,14.0,0.0
1104,14.0,0.0
1105,14.0,0.0
1106,14.0,0.0
1107,14.0,0.0
1108,14.0,0.0
1109,14.0,0.0
1110,14.0,0.0
1111,14.0,0.0
1112,14.0,0.0
1113,14.0,0.0
1114,14.0,0.0
1115,14.0,0.0
1116,14.0,0.0
1117,14.0,0.0
1118,14.0,0.0
1119,14.0,0.0
1120,14.0,0.0
1121,14.0,0.0
1122,14.0,0.0
1123,14.0,0.0
1124,14.0,0.0
1125,14.0,0.0
1126,14.0,0.0
1127,14.0,0.0
1128,14.0,0.0
1129,14.0,0.0
1130,14.0,0.0
1131,14.0,0.0
1132,14.0,0.0
1133,14.0,0.0
1134,14.0,0.0
1135,14.0,0.0
1136,14.0,0.0
1137,14.0,0.0
1138,14.0,0.0
1139,14.0,0.0
1140,14.0,0.0
1141,14.0,0.0
1142,14.0,0.0
1143,14.0,0.0
1144,14.0,0.0
1145,14.0,0.0
1146,14.0,0.0
1147,14.0,0.0
1148,14.0,0.0
1149,14.0,0.0
1150,14.0,0.0
1151,14.0,0.0
1152,14.3,0.0
1153,14.3,0.0
1154,14.3,0.0
1155,14.3,0.0
1156,14.3,0.0
1157,14.3,0.0
1158,14.3,0.0
1159,14.3,0.0
1160,14.5,0.0
1161,14.5,0.0
1162,14.5,0.0
1163,14.5,0.0
1164,14.5,0.0
1165,14.5,0.0
1166,14.5,0.0
1167,14.5,0.0
1168,14.5,0.0
1169,14.5,0.0
1170,14.5,0.0
1171,14.600000000000001,0.0
1172,14.600000000000001,0.0
1173,14.600000000000001,0.0
1174,14.600000000000001,0.0
1175,14.600000000000001,0.0
1176,14.600000000000001,0.0
1177,14.600000000000001,0.0
1178,14.600000000000001,0.0
1179,14.600000000000001,0.0
1180,14.600000000000001,0.0
1181,14.8,0.0
1182,14.8,0.0
1183,14.8,0.0
1184,14.8,0.0
1185,14.8,0.0
1186,14.8,0.0
1187,14.8,0.0
1188,14.8,0.0
1189,14.8,0.0
1190,14.8,0.0
1191,14.8,0.0
1192,14.8,0.0
1193,14.8,0.0
1194,14.8,0.0
1195,14.8,0.0
1196,14.8,0.0
1197,14.8,0.0
1198,14.8,0.0
1199,14.8,0.0
1200,14.8,0.0
1201,14.8,0.0
1202,14.8,0.0
1203,14.8,0.0
1204,14.8,0.0
1205,14.8,0.0
1206,14.8,0.0
1207,14.8,0.0
1208,14.8,0.0
1209,14.8,0.0
1210,14.8,0.0
1211,14.8,0.0
1212,14.8,0.0
1213,14.8,0.0
1214,14.8,0.0
1215,14.8,0.0
1216,14.8,0.0
1217,14.8,0.0
1218,14.8,0.0
1219,14.8,0.0
1220,14.8,0.0
1221,14.8,0.0
1222,14.8,0.0
1223,14.8,0.0
1224,14.8,0.0
1225,14.8,0.0
1226,14.8,0.0
1227,14.8,0.0
1228,14.8,0.0
1229,14.8,0.0
1230,14.8,0.0
1231,14.8,0.0
1232,14.8,0.0
1233,14.8,0.0
1234,14.8,0.0
1235,14.8,0.0
1236,14.8,0.0
1237,14.8,0.0
1238,14.8,0.0
1239,14.8,0.0
1240,14.8,0.0
1241,14.8,0.0
1242,14.8,0.0
1243,14.8,0.0
1244,14.8,0.0
1245,14.8,0.0
1246,14.8,0.0
1247,14.8,0.0
1248,15.100000000000001,0.0
1249,15.100000000000001,0.0
1250,15.100000000000001,0.0
1251,15.100000000000001,0.0
1252,15.100000000000001,0.0
1253,15.100000000000001,0.0
1254,15.100000000000001,0.0
1255,15.100000000000001,0.0
1256,15.100000000000001,0.0
1257,15.100000000000001,0.0
1258,15.100000000000001,0.0
1259,15.100000000000001,0.0
1260,15.100000000000001,0.0
1261,15.100000000000001,0.0
1262,15.100000000000001,0.0
1263,15.100000000000001,0.0
1264,15.100000000000001,0.0
1265,15.100000000000001,0.0
1266,15.100000000000001,0.0
1267,15.100000000000001,0.0
1268,15.100000000000001,0.0
1269,15.200000000000001,0.0
1270,15.200000000000001,0.0
1271,15.200000000000001,0.0
1272,15.200000000000001,0.0
1273,15.200000000000001,0.0
1274,15.200000000000001,0.0
1275,15.200000000000001,0.0
1276,15.200000000000001,0.0
1277,15.200000000000001,0.0
1278,15.200000000000001,0.0
1279,15.200000000000001,0.0
1280,15.200000000000001,0.0
1281,15.200000000000001,0.0
1282,15.200000000000001,0.0
1283,15.200000000000001,0.0
1284,15.200000000000001,0.0
1285,15.200000000000001,0.0
1286,15.200000000000001,0.0
1287,15.200000000000001,0.0
1288,15.200000000000001,0.0
1289,15.200000000000001,0.0
1290,15.200000000000001,0.0
1291,15.200000000000001,0.0
1292,15.200000000000001,0.0
1293,15.200000000000001,0.0
1294,15.200000000000001,0.0
1295,15.200000000000001,0.0
1296,15.200000000000001,0.0
1297,15.200000000000001,0.0
1298,15.200000000000001,0.0
1299,15.200000000000001,0.0
1300,15.9,0.0
1301,15.9,0.0
1302,15.9,0.0
1303,15.9,0.0
1304,15.9,0.0
1305,15.9,0.0
1306,15.9,0.0
1307,15.9,0.0
1308,15.9,0.0
1309,15.9,0.0
1310,15.9,0.0
1311,15.9,0.0
1312,15.9,0.0
1313,15.9,0.0
1314,15.9,0.0
1315,15.9,0.0
1316,15.9,0.0
1317,15.9,0.0
1318,15.9,0.0
1319,15.9,0.0
1320,15.9,0.0
1321,15.9,0.0
1322,15.9,0.0
1323,15.9,0.0
1324,15.9,0.0
1325,15.9,0.0
1326,15.9,0.0
1327,15.9,0.0
1328,15.9,0.0
1329,15.9,0.0
1330,15.9,0.0
1331,15.9,0.0
1332,15.9,0.0
1333,15.9,0.03197752473770521
1334,15.9,0.049380935806262016
1335,15.9,0.049380935806262016
1336,15.9,0.07445345001905324
1337,15.9,0.08791208791208405
1338,15.9,0.14938093580626344
1339,15.9,0.17445345001905466
1340,15.9,0.20888899938673333
1341,15.9,0.20888899938673333
1342,15.9,0.2319775247377045
1343,15.9,0.2319775247377045
1344,15.9,0.2319775247377045
1345,15.9,0.23487809324912945
1346,15.9,0.24649196956889163
1347,15.9,0.24649196956889163
1348,15.9,0.24649196956889163
1349,15.9,0.24649196956889163
1350,15.9,0.24649196956889252
1351,15.9,0.24938093580625775
1352,16.2,0.24938093580626486
1353,16.2,0.24938093580626486
1354,16.2,0.2744534500190561
1355,16.2,0.2744534500190561
1356,16.2,0.2744534500190561
1357,16.2,0.2879120879120869
1358,16.2,0.3088889993867312
1359,16.2,0.33197752473770414
1360,16.2,0.3348780932491273
1361,16.2,0.33593390018728897
1362,16.2,0.3493809358062663
1363,16.2,0.3493809358062663
1364,16.2,0.37445345001905395
1365,16.2,0.37445345001905395
1366,16.2,0.3744534500190575
1367,16.2,0.3744534500190575
1368,16.2,0.38791208791208476
1369,16.2,0.3879120879120883
1370,16.2,0.4088889993867326
1371,16.2,0.4319775247377038
1372,16.2,0.4319775247377038
1373,16.2,0.4319775247377038
1374,16.2,0.43487809324912874
1375,16.2,0.43487809324912874
1376,16.2,0.4744534500190518
1377,16.2,0.4744534500190518
1378,16.2,0.5319775247377034
1379,16.2,0.5319775247377052
1380,16.2,0.5348780932491302
1381,16.2,0.5359339001872883
1382,16.2,0.5464919695688915
1383,16.2,0.549380935806262
1384,16.2,0.5493809358062691
1385,16.2,0.5573052889794923
1386,16.2,0.5744534500190532
1387,16.2,0.587912087912084
1388,16.2,0.634878093249128
1389,16.2,0.6493809358062634
1390,16.2,0.7319775247377045
1391,16.2,0.7493809358062649
1392,16.2,0.7744534500190561
1393,16.2,0.7744534500190561
1394,16.2,0.7744534500190561
1395,16.2,0.8348780932491309
1396,16.2,0.8493809358062592
1397,16.2,0.8493809358062663
1398,16.2,0.874453450019054
1399,16.2,0.874453450019054
1400,16.2,0.9088889993867326
1401,16.2,0.9319775247377038
1402,16.400000000000002,0.9493809358062606
1403,16.400000000000002,0.9493809358062606
1404,16.400000000000002,0.9744534500190554
1405,16.400000000000002,0.9770987685014818
1406,16.400000000000002,1.008888999386734
1407,16.400000000000002,1.0348780932491302
1408,16.400000000000002,1.0359339001872883
1409,16.400000000000002,1.049380935806262
1410,16.400000000000002,1.049380935806262
1411,16.400000000000002,1.049380935806262
1412,16.400000000000002,1.049380935806262
1413,16.400000000000002,1.049380935806262
1414,16.400000000000002,1.0625843236702934
1415,16.400000000000002,1.0744534500190568
1416,16.400000000000002,1.1014983508196146
1417,16.400000000000002,1.1088889993867355
1418,16.400000000000002,1.1319775247377049
1419,16.400000000000002,1.1319775247377049
1420,17.8,1.1319775247377049
1421,17.8,1.1319775247377049
1422,17.8,1.134878093249128
1423,17.8,1.1493809358062634
1424,17.8,1.1603373499301028
1425,17.8,1.1744534500190547
1426,17.8,1.1744534500190547
1427,17.8,1.1744534500190547
1428,17.8,1.1744534500190547
1429,17.8,1.2319775247377045
1430,17.8,1.235933900187291
1431,17.8,1.2464919695688916
1432,17.8,1.2464919695688916
1433,17.8,1.2493809358062649
1434,17.8,1.274453450019056
1435,17.8,1.274453450019056
1436,17.8,1.331977524737706
1437,17.8,1.331977524737706
1438,17.8,1.3348780932491273
1439,17.8,1.3348780932491309
1440,17.8,1.3464919695688913
1441,17.8,1.3464919695688913
1442,17.8,1.4088889993867326
1443,17.8,1.4319775247377038
1444,17.8,1.4319775247377056
1445,17.8,1.4359339001872868
1446,17.8,1.4464919695688918
1447,17.8,1.4493809358062606
1448,17.8,1.4493809358062606
1449,17.8,1.4744534500190554
1450,17.8,1.5348780932491302
1451,17.8,1.5493809358062691
1452,17.8,1.5493809358062691
1453,17.8,1.587912087912084
1454,17.8,1.587912087912084
1455,17.8,1.587912087912084
1456,17.8,1.6319775247377049
1457,17.8,1.634878093249128
1458,17.8,1.6493809358062634
1459,17.8,1.6493809358062634
1460,18.1,1.6493809358062634
1461,18.1,1.6744534500190547
1462,18.1,1.7319775247377045
1463,18.1,1.7319775247377045
1464,18.1,1.7319775247377045
1465,18.1,1.7319775247377045
1466,18.1,1.7359339001872875
1467,18.3,1.735933900187291
1468,18.3,1.7464919695688916
1469,18.3,1.7493809358062649
1470,18.3,1.774453450019056
1471,18.3,1.774453450019056
1472,18.3,1.774453450019056
1473,19.200000000000003,1.831977524737706
1474,19.200000000000003,1.8348780932491273
1475,19.200000000000003,1.857305288979493
1476,19.5,1.9348780932491287
1477,19.5,1.9348780932491287
1478,19.5,1.9493809358062606
1479,19.5,1.9493809358062606
1480,19.5,1.9493809358062606
1481,19.5,1.9493809358062606
1482,19.5,1.9493809358062677
1483,19.5,1.9493809358062677
1484,19.5,1.9744534500190518
1485,19.5,1.9744534500190518
1486,19.5,1.9744534500190554
1487,19.5,1.9889678948502443
1488,19.5,2.0319775247377034
1489,19.5,2.0464919695688915
1490,19.5,2.0464919695688915
1491,19.5,2.0464919695688915
1492,19.5,2.049380935806262
1493,19.5,2.049380935806269
1494,19.5,2.049380935806269
1495,19.5,2.0744534500190532
1496,19.5,2.074453450019057
1497,19.5,2.1493809358062634
1498,19.5,2.1493809358062634
1499,19.5,2.1744534500190547
1500,19.5,2.1744534500190547
1501,19.5,2.2013707258051127
1502,19.5,2.2088889993867333
1503,19.5,2.2319775247377045
1504,19.5,2.2319775247377045
1505,19.5,2.2464919695688916
1506,19.5,2.249380935806265
1507,19.5,2.274453450019056
1508,19.5,2.287912087912087
1509,19.5,2.287912087912087
1510,19.5,2.308888999386731
1511,19.5,2.331977524737706
1512,19.5,2.3493809358062663
1513,19.5,2.3744534500190575
1514,19.5,2.3879120879120848
1515,19.5,2.3879120879120848
1516,19.5,2.4088889993867326
1517,20.6,2.431977524737704
1518,20.6,2.431977524737704
1519,20.6,2.4348780932491287
1520,20.6,2.4493809358062606
1521,20.6,2.4493809358062606
1522,20.6,2.4493809358062606
1523,20.6,2.4493809358062606
1524,20.6,2.4493809358062606
1525,20.6,2.4493809358062606
1526,20.6,2.4493809358062606
1527,20.6,2.4917292360731125
1528,20.6,2.53487809324913
1529,20.6,2.5464919695688915
1530,20.6,2.5464919695688915
1531,20.6,2.549380935806262
1532,20.6,2.549380935806262
1533,20.6,2.549380935806262
1534,20.6,2.549380935806262
1535,20.6,2.5744534500190532
1536,20.6,2.587912087912084
1537,20.6,2.6493809358062634
1538,20.6,2.6493809358062634
1539,20.6,2.666540699119885
1540,20.6,2.6744534500190547
1541,20.6,2.6744534500190547
1542,20.6,2.6879120879120855
1543,20.6,2.7088889993867333
1544,20.6,2.7319775247377045
1545,20.6,2.7348780932491294
1546,20.6,2.749380935806265
1547,20.6,2.774453450019056
1548,20.6,2.774453450019056
1549,20.6,2.774453450019056
1550,20.6,2.787912087912087
1551,20.6,2.788967894850245
1552,20.6,2.831977524737704
1553,20.6,2.831977524737704
1554,20.6,2.831977524737704
1555,20.6,2.849380935806259
1556,20.6,2.8493809358062663
1557,21.1,2.8493809358062663
1558,21.1,2.874453450019054
1559,21.1,2.874453450019054
1560,21.1,2.874453450019054
1561,21.1,2.8879120879120883
1562,21.200000000000003,2.8889678948502464
1563,21.200000000000003,2.9088889993867326
1564,21.200000000000003,2.9088889993867326
1565,21.200000000000003,2.9088889993867326
1566,21.200000000000003,2.946491969568892
1567,21.200000000000003,2.946491969568892
1568,21.200000000000003,2.9493809358062606
1569,21.200000000000003,2.974453450019052
1570,21.200000000000003,3.008888999386734
1571,21.200000000000003,3.008888999386734
1572,21.200000000000003,3.031977524737705
1573,21.200000000000003,3.074453450019057
1574,21.200000000000003,3.095569588782258
1575,21.200000000000003,3.120761993160176
1576,21.200000000000003,3.131977524737705
1577,21.200000000000003,3.1348780932491316
1578,21.200000000000003,3.1348780932491316
1579,21.200000000000003,3.1493809358062634
1580,21.200000000000003,3.2319775247377045
1581,21.200000000000003,3.2348780932491294
1582,21.200000000000003,3.2348780932491294
1583,21.200000000000003,3.2493809358062578
1584,21.200000000000003,3.2507151973215325
1585,21.200000000000003,3.274453450019056
1586,21.200000000000003,3.274453450019056
1587,21.200000000000003,3.288967894850245
1588,21.200000000000003,3.331977524737704
1589,21.200000000000003,3.335933900187289
1590,21.200000000000003,3.349380935806259
1591,21.200000000000003,3.3493809358062663
1592,21.200000000000003,3.357305288979493
1593,21.200000000000003,3.374453450019054
1594,21.200000000000003,3.374453450019054
1595,21.200000000000003,3.374453450019054
1596,21.200000000000003,3.431977524737704
1597,21.200000000000003,3.4319775247377056
1598,21.200000000000003,3.4348780932491287
1599,21.200000000000003,3.446491969568892
1600,21.200000000000003,3.4493809358062606
1601,21.200000000000003,3.474453450019052
1602,21.200000000000003,3.474453450019052
1603,21.200000000000003,3.4744534500190554
1604,21.200000000000003,3.4744534500190554
1605,21.200000000000003,3.487912087912086
1606,21.200000000000003,3.508888999386734
1607,21.200000000000003,3.549380935806262
1608,21.400000000000002,3.5573052889794923
1609,21.400000000000002,3.5744534500190532
1610,21.400000000000002,3.5744534500190532
1611,21.400000000000002,3.574453450019057
1612,21.400000000000002,3.631977524737703
1613,21.400000000000002,3.6348780932491316
1614,21.400000000000002,3.6493809358062634
1615,21.400000000000002,3.6493809358062634
1616,21.400000000000002,3.6493809358062634
1617,21.400000000000002,3.6493809358062634
1618,21.400000000000002,3.6665406991198815
1619,21.400000000000002,3.6744534500190547
1620,21.400000000000002,3.6744534500190547
1621,21.400000000000002,3.7319775247377045
1622,21.400000000000002,3.7319775247377045
1623,21.400000000000002,3.7319775247377045
1624,21.400000000000002,3.7464919695688907
1625,21.400000000000002,3.7493809358062578
1626,21.400000000000002,3.749380935806265
1627,21.400000000000002,3.749380935806265
1628,21.400000000000002,3.749380935806265
1629,21.400000000000002,3.787912087912087
1630,21.400000000000002,3.831977524737704
1631,21.400000000000002,3.831977524737706
1632,21.400000000000002,3.8348780932491273
1633,21.400000000000002,3.846491969568892
1634,21.400000000000002,3.846491969568892
1635,21.400000000000002,3.849380935806259
1636,21.400000000000002,3.849380935806259
1637,21.400000000000002,3.849380935806259
1638,21.400000000000002,3.931977524737704
1639,21.400000000000002,3.9348780932491287
1640,21.400000000000002,3.9493809358062606
1641,21.400000000000002,3.9493809358062606
1642,21.400000000000002,3.9493809358062606
1643,21.400000000000002,3.9744534500190554
1644,23.1,3.9879120879120826
1645,23.1,4.008888999386734
1646,23.1,4.031977524737705
1647,23.1,4.031977524737705
1648,23.1,4.0464919695688915
1649,23.1,4.049380935806262
1650,23.1,4.049380935806269
1651,23.1,4.049380935806269
1652,23.1,4.049380935806269
1653,23.1,4.049380935806269
1654,23.1,4.049380935806269
1655,23.1,4.074453450019053
1656,23.1,4.12076199316018
1657,23.1,4.131977524737703
1658,23.1,4.134878093249128
1659,23.1,4.146491969568891
1660,23.1,4.146491969568893
1661,23.1,4.149380935806263
1662,23.1,4.149380935806263
1663,23.1,4.149380935806263
1664,23.1,4.149380935806263
1665,23.1,4.149380935806263
1666,23.1,4.149380935806263
1667,23.1,4.174453450019055
1668,23.1,4.174453450019055
1669,23.1,4.2319775247377045
1670,23.1,4.2319775247377045
1671,23.1,4.2348780932491294
1672,23.1,4.235933900187291
1673,23.1,4.2464919695688925
1674,23.1,4.2464919695688925
1675,23.1,4.249380935806265
1676,23.1,4.274453450019056
1677,23.1,4.274453450019056
1678,23.1,4.274453450019056
1679,23.1,4.287912087912087
1680,23.1,4.308888999386735
1681,23.1,4.3207619931601755
1682,23.1,4.335933900187289
1683,23.1,4.349380935806266
1684,23.1,4.349380935806266
1685,23.1,4.349380935806266
1686,23.1,4.349380935806266
1687,23.1,4.374453450019054
1688,23.1,4.374453450019054
1689,23.1,4.3744534500190575
1690,23.1,4.387912087912085
1691,23.1,4.42841562660567
1692,23.1,4.431977524737704
1693,23.1,4.434878093249129
1694,23.1,4.434878093249129
1695,23.1,4.43593390018729
1696,23.1,4.43593390018729
1697,23.1,4.449380935806261
1698,23.1,4.531977524737705
1699,23.1,4.531977524737705
1700,23.1,4.531977524737705
1701,23.1,4.5464919695688915
1702,23.1,4.549380935806269
1703,23.1,4.549380935806269
1704,23.200000000000003,4.574453450019053
1705,23.200000000000003,4.574453450019057
1706,23.200000000000003,4.631977524737707
1707,23.200000000000003,4.646491969568893
1708,23.200000000000003,4.646491969568893
1709,23.200000000000003,4.649380935806263
1710,23.200000000000003,4.649380935806263
1711,23.200000000000003,4.649380935806263
1712,23.200000000000003,4.66548489218172
1713,23.200000000000003,4.7319775247377045
1714,23.200000000000003,4.7348780932491294
1715,23.200000000000003,4.734878093249133
1716,23.200000000000003,4.735933900187291
1717,23.200000000000003,4.746491969568891
1718,23.200000000000003,4.835933900187289
1719,23.200000000000003,4.849380935806259
1720,23.200000000000003,4.859150050552763
1721,23.6,4.931977524737704
1722,23.6,4.934878093249129
1723,23.6,4.93593390018729
1724,23.6,4.946491969568892
1725,23.6,4.949380935806261
1726,23.6,4.949380935806261
1727,23.6,4.974453450019055
1728,23.6,5.008888999386734
1729,23.6,5.031977524737705
1730,23.6,5.03487809324913
1731,23.6,5.074453450019053
1732,23.700000000000003,5.074453450019057
1733,23.700000000000003,5.131977524737703
1734,23.700000000000003,5.131977524737707
1735,23.700000000000003,5.149380935806263
1736,23.700000000000003,5.149380935806263
1737,23.700000000000003,5.149380935806263
1738,23.700000000000003,5.174453450019055
1739,23.700000000000003,5.174453450019055
1740,23.700000000000003,5.2464919695688925
1741,23.700000000000003,5.249380935806258
1742,23.700000000000003,5.249380935806258
1743,23.700000000000003,5.249380935806265
1744,23.700000000000003,5.249380935806265
1745,23.700000000000003,5.249380935806265
1746,23.700000000000003,5.331977524737702
1747,23.700000000000003,5.331977524737702
1748,23.700000000000003,5.331977524737706
1749,23.700000000000003,5.374453450019054
1750,23.700000000000003,5.3744534500190575
1751,23.700000000000003,5.3744534500190575
1752,23.700000000000003,5.431977524737704
1753,23.700000000000003,5.43593390018729
1754,23.700000000000003,5.446491969568892
1755,23.700000000000003,5.449380935806261
1756,23.700000000000003,5.487912087912083
1757,23.700000000000003,5.531977524737705
1758,23.700000000000003,5.531977524737705
1759,23.700000000000003,5.5464919695688915
1760,23.700000000000003,5.549380935806262
1761,23.700000000000003,5.549380935806269
1762,23.700000000000003,5.574453450019053
1763,23.700000000000003,5.574453450019053
1764,23.700000000000003,5.574453450019053
1765,23.700000000000003,5.587912087912084
1766,23.700000000000003,5.587912087912084
1767,23.700000000000003,5.6088889993867355
1768,23.700000000000003,5.631977524737703
1769,23.700000000000003,5.631977524737707
1770,23.700000000000003,5.634878093249132
1771,23.700000000000003,5.649380935806263
1772,23.700000000000003,5.674453450019055
1773,23.700000000000003,5.674453450019055
1774,23.700000000000003,5.674453450019055
1775,23.700000000000003,5.674453450019055
1776,23.700000000000003,5.677098768501483
1777,23.700000000000003,5.721817800098343
1778,23.700000000000003,5.7319775247377045
1779,23.700000000000003,5.7348780932491294
1780,23.700000000000003,5.749380935806265
1781,23.700000000000003,5.749380935806265
1782,23.700000000000003,5.749380935806265
1783,23.700000000000003,5.749380935806265
1784,23.700000000000003,5.749380935806265
1785,23.700000000000003,5.749380935806265
1786,23.700000000000003,5.749380935806265
1787,23.700000000000003,5.774453450019056
1788,23.700000000000003,5.787912087912087
1789,23.700000000000003,5.808888999386731
1790,23.700000000000003,5.808888999386735
1791,23.700000000000003,5.831977524737706
1792,23.700000000000003,5.8359339001872925
1793,23.700000000000003,5.8744534500190575
1794,23.700000000000003,5.934878093249129
1795,23.700000000000003,5.949380935806261
1796,23.700000000000003,5.949380935806261
1797,23.700000000000003,6.008888999386734
1798,23.700000000000003,6.008888999386734
1799,25.0,6.046491969568893
1800,25.0,6.049380935806262
1801,25.0,6.049380935806262
1802,25.0,6.049380935806262
1803,25.0,6.149380935806263
1804,25.0,6.149380935806263
1805,25.0,6.149380935806263
1806,25.0,6.149380935806263
1807,25.0,6.149380935806263
1808,25.0,6.220761993160178
1809,25.0,6.2319775247377045
1810,25.0,6.2348780932491294
1811,25.0,6.249380935806265
1812,25.0,6.249380935806265
1813,25.0,6.260337349930101
1814,25.1,6.274453450019056
1815,25.1,6.274453450019056
1816,25.1,6.288967894850245
1817,25.1,6.308888999386731
1818,25.1,6.331977524737706
1819,25.1,6.349380935806266
1820,25.1,6.360337349930106
1821,25.1,6.366540699119881
1822,25.1,6.3744534500190575
1823,25.1,6.431977524737704
1824,25.1,6.431977524737704
1825,25.1,6.43593390018729
1826,25.1,6.449380935806268
1827,25.1,6.474453450019052
1828,25.1,6.474453450019055
1829,25.1,6.487912087912083
1830,25.1,6.531977524737705
1831,25.1,6.531977524737705
1832,25.1,6.535933900187288
1833,25.1,6.546491969568893
1834,25.1,6.549380935806262
1835,25.1,6.6088889993867355
1836,25.1,6.631977524737707
1837,25.1,6.646491969568893
1838,25.1,6.649380935806263
1839,25.1,6.649380935806263
1840,25.1,6.649380935806263
1841,25.200000000000003,6.674453450019055
1842,25.200000000000003,6.689629224470853
1843,25.200000000000003,6.7319775247377045
1844,25.200000000000003,6.774453450019056
1845,25.200000000000003,6.774453450019056
1846,25.200000000000003,6.787912087912087
1847,25.200000000000003,6.831977524737702
1848,25.200000000000003,6.849380935806266
1849,25.200000000000003,6.849380935806266
1850,25.200000000000003,6.849380935806266
1851,25.200000000000003,6.931977524737704
1852,25.200000000000003,7.031977524737705
1853,25.200000000000003,7.031977524737705
1854,25.200000000000003,7.031977524737705
1855,25.200000000000003,7.03487809324913
1856,25.200000000000003,7.03487809324913
1857,25.200000000000003,7.049380935806262
1858,25.200000000000003,7.049380935806262
1859,25.200000000000003,7.049380935806262
1860,25.200000000000003,7.049380935806262
1861,25.200000000000003,7.049380935806262
1862,25.200000000000003,7.049380935806262
1863,25.200000000000003,7.074453450019053
1864,25.200000000000003,7.074453450019053
1865,25.200000000000003,7.131977524737703
1866,25.200000000000003,7.131977524737707
1867,25.200000000000003,7.131977524737707
1868,25.200000000000003,7.146491969568893
1869,25.200000000000003,7.149380935806263
1870,25.200000000000003,7.174453450019055
1871,25.200000000000003,7.177098768501483
1872,25.200000000000003,7.191729236073115
1873,25.200000000000003,7.249380935806265
1874,25.200000000000003,7.249380935806265
1875,25.200000000000003,7.249380935806265
1876,25.200000000000003,7.260337349930101
1877,25.200000000000003,7.274453450019056
1878,25.200000000000003,7.287912087912083
1879,25.200000000000003,7.346491969568892
1880,25.200000000000003,7.349380935806259
1881,25.3,7.349380935806266
1882,25.3,7.446491969568894
1883,25.3,7.449380935806261
1884,25.3,7.449380935806261
1885,25.3,7.449380935806261
1886,25.3,7.449380935806261
1887,25.3,7.474453450019055
1888,25.3,7.487912087912086
1889,25.3,7.531977524737705
1890,25.3,7.5464919695688915
1891,25.3,7.557305288979492
1892,25.3,7.574453450019053
1893,25.3,7.634878093249128
1894,25.3,7.634878093249132
1895,25.3,7.634878093249132
1896,25.3,7.63593390018729
1897,25.3,7.649380935806263
1898,25.3,7.6879120879120855
1899,25.3,7.6879120879120855
1900,25.3,7.708888999386733
1901,25.3,7.7319775247377045
1902,25.3,7.7319775247377045
1903,25.3,7.7319775247377045
1904,25.3,7.7348780932491294
1905,25.3,7.7464919695688925
1906,25.8,7.749380935806258
1907,25.8,7.749380935806258
1908,25.8,7.808888999386735
1909,25.8,7.831977524737702
1910,25.8,7.835933900187289
1911,25.8,7.849380935806266
1912,25.8,7.849380935806266
1913,26.200000000000003,7.849380935806266
1914,26.200000000000003,7.849380935806266
1915,26.200000000000003,7.862584323670294
1916,26.200000000000003,7.931977524737704
1917,26.200000000000003,7.931977524737704
1918,26.200000000000003,7.949380935806261
1919,26.200000000000003,7.949380935806261
1920,26.200000000000003,7.949380935806261
1921,26.200000000000003,7.974453450019055
1922,26.200000000000003,7.987912087912083
1923,26.200000000000003,7.9917292360731125
1924,26.200000000000003,8.031977524737705
1925,26.200000000000003,8.03487809324913
1926,26.5,8.049380935806262
1927,26.5,8.049380935806262
1928,26.5,8.049380935806262
1929,26.5,8.074453450019053
1930,26.5,8.074453450019053
1931,26.5,8.074453450019053
1932,26.5,8.131977524737703
1933,26.5,8.131977524737707
1934,26.5,8.149380935806263
1935,26.5,8.149380935806263
1936,26.5,8.174453450019055
1937,26.5,8.174453450019055
1938,26.5,8.174453450019055
1939,26.5,8.231977524737704
1940,26.5,8.231977524737704
1941,26.5,8.231977524737704
1942,26.5,8.23487809324913
1943,26.5,8.249380935806258
1944,26.5,8.249380935806265
1945,26.5,8.249380935806265
1946,26.5,8.249380935806265
1947,26.5,8.249380935806265
1948,26.5,8.249380935806265
1949,26.5,8.274453450019056
1950,26.5,8.3053271012547
1951,26.5,8.331977524737706
1952,26.5,8.34938093580626
1953,26.5,8.374453450019057
1954,26.5,8.374453450019057
1955,26.5,8.374453450019057
1956,26.5,8.387912087912088
1957,26.5,8.431977524737704
1958,26.5,8.446491969568893
1959,26.5,8.44938093580626
1960,26.5,8.44938093580626
1961,26.5,8.44938093580626
1962,26.5,8.449380935806268
1963,26.5,8.53487809324913
1964,26.5,8.546491969568894
1965,26.5,8.54938093580627
1966,26.5,8.574453450019053
1967,26.5,8.587912087912084
1968,26.5,8.631977524737703
1969,26.5,8.649380935806263
1970,26.5,8.649380935806263
1971,26.5,8.674453450019055
1972,26.5,8.674453450019055
1973,26.5,8.731977524737704
1974,26.5,8.749380935806265
1975,26.5,8.749380935806265
1976,26.5,8.774453450019056
1977,26.900000000000002,8.774453450019056
1978,26.900000000000002,8.84938093580626
1979,26.900000000000002,8.84938093580626
1980,26.900000000000002,8.849380935806266
1981,26.900000000000002,8.920761993160177
1982,26.900000000000002,8.931977524737704
1983,26.900000000000002,8.934878093249129
1984,26.900000000000002,8.94938093580626
1985,26.900000000000002,8.989629224470853
1986,26.900000000000002,9.031977524737705
1987,26.900000000000002,9.035933900187288
1988,26.900000000000002,9.049380935806262
1989,27.1,9.049380935806262
1990,27.1,9.074453450019053
1991,27.1,9.074453450019053
1992,27.1,9.131977524737707
1993,27.1,9.149380935806263
1994,27.1,9.149380935806263
1995,27.1,9.149380935806263
1996,27.1,9.165484892181723
1997,27.200000000000003,9.174453450019055
1998,27.200000000000003,9.249380935806265
1999,27.200000000000003,9.331977524737702
2000,27.200000000000003,9.33487809324913
2001,27.200000000000003,9.33487809324913
2002,27.200000000000003,9.34938093580626
2003,27.200000000000003,9.374453450019057
2004,27.200000000000003,9.431977524737704
2005,27.200000000000003,9.434878093249132
2006,27.200000000000003,9.44938093580626
2007,28.6,9.449380935806268
2008,28.6,9.48791208791209
2009,28.6,9.549380935806262
2010,28.6,9.557305288979496
2011,28.6,9.610339283642446
2012,28.6,9.634878093249132
2013,28.6,9.646491969568892
2014,29.700000000000003,9.649380935806263
2015,29.700000000000003,9.649380935806263
2016,29.700000000000003,9.708888999386733
2017,29.700000000000003,9.749380935806265
2018,29.700000000000003,9.749380935806265
2019,29.700000000000003,9.774453450019056
2020,29.700000000000003,9.787912087912087
2021,29.700000000000003,9.831977524737706
2022,29.700000000000003,9.831977524737706
2023,29.700000000000003,9.83487809324913
2024,29.700000000000003,9.849380935806266
2025,29.700000000000003,9.849380935806266
2026,29.700000000000003,9.849380935806266
2027,29.700000000000003,9.874453450019057
2028,29.700000000000003,9.931977524737704
2029,29.700000000000003,9.934878093249129
2030,29.700000000000003,9.934878093249129
2031,29.700000000000003,9.94938093580626
2032,29.700000000000003,9.94938093580626
2033,29.700000000000003,9.94938093580626
2034,29.700000000000003,9.949380935806268
2035,29.700000000000003,9.974453450019059
2036,29.700000000000003,9.974453450019059
2037,29.700000000000003,10.031977524737705
2038,29.700000000000003,10.049380935806262
2039,29.700000000000003,10.049380935806262
2040,29.700000000000003,10.074453450019053
2041,29.700000000000003,10.128415626605673
2042,29.700000000000003,10.13593390018729
2043,29.700000000000003,10.149380935806263
2044,29.700000000000003,10.149380935806263
2045,29.700000000000003,10.149380935806263
2046,29.700000000000003,10.149380935806263
2047,29.700000000000003,10.149380935806263
2048,29.700000000000003,10.149380935806263
2049,29.700000000000003,10.22841562660567
2050,29.700000000000003,10.23487809324913
2051,29.700000000000003,10.234878093249133
2052,29.700000000000003,10.249380935806265
2053,29.700000000000003,10.249380935806265
2054,29.700000000000003,10.249380935806265
2055,29.700000000000003,10.274453450019056
2056,29.700000000000003,10.287912087912087
2057,29.700000000000003,10.308888999386731
2058,29.700000000000003,10.349380935806266
2059,29.700000000000003,10.349380935806266
2060,29.700000000000003,10.349380935806266
2061,29.700000000000003,10.349380935806266
2062,29.700000000000003,10.360337349930106
2063,29.700000000000003,10.37445345001905
2064,29.700000000000003,10.374453450019057
2065,29.700000000000003,10.434878093249132
2066,29.700000000000003,10.435933900187287
2067,29.700000000000003,10.44938093580626
2068,29.700000000000003,10.44938093580626
2069,29.700000000000003,10.44938093580626
2070,29.700000000000003,10.559150050552766
2071,29.700000000000003,10.574453450019053
2072,29.700000000000003,10.574453450019053
2073,29.700000000000003,10.574453450019053
2074,29.700000000000003,10.631977524737707
2075,29.700000000000003,10.649380935806263
2076,29.700000000000003,10.649380935806263
2077,29.700000000000003,10.649380935806263
2078,29.700000000000003,10.649380935806263
2079,29.700000000000003,10.649380935806263
2080,29.700000000000003,10.687912087912085
2081,29.700000000000003,10.731977524737704
2082,29.700000000000003,10.735933900187291
2083,29.700000000000003,10.749380935806265
2084,29.700000000000003,10.749380935806265
2085,29.700000000000003,10.749380935806265
2086,29.700000000000003,10.774453450019056
2087,29.700000000000003,10.777098768501482
2088,29.700000000000003,10.787912087912087
2089,29.700000000000003,10.849380935806266
2090,29.700000000000003,10.849380935806266
2091,29.700000000000003,10.849380935806266
2092,29.700000000000003,10.849380935806266
2093,29.700000000000003,10.874453450019057
2094,29.700000000000003,10.874453450019057
2095,29.700000000000003,10.931977524737704
2096,29.700000000000003,10.934878093249129
2097,29.700000000000003,10.934878093249132
2098,29.700000000000003,10.946491969568893
2099,29.700000000000003,10.94938093580626
2100,29.700000000000003,10.974453450019059
2101,29.700000000000003,10.974453450019059
2102,29.700000000000003,10.974453450019059
2103,30.200000000000003,11.049380935806262
2104,30.200000000000003,11.049380935806262
2105,30.200000000000003,11.049380935806262
2106,30.200000000000003,11.04938093580627
2107,30.200000000000003,11.074453450019053
2108,30.200000000000003,11.078282200454144
2109,30.200000000000003,11.134878093249132
2110,30.200000000000003,11.134878093249132
2111,30.200000000000003,11.13593390018729
2112,30.200000000000003,11.146491969568892
2113,30.200000000000003,11.174453450019055
2114,30.200000000000003,11.187912087912085
2115,30.200000000000003,11.187912087912085
2116,30.200000000000003,11.187912087912085
2117,30.200000000000003,11.187912087912085
2118,30.200000000000003,11.249380935806258
2119,30.200000000000003,11.249380935806258
2120,30.200000000000003,11.249380935806258
2121,30.200000000000003,11.249380935806265
2122,30.200000000000003,11.249380935806265
2123,30.200000000000003,11.249380935806265
2124,30.200000000000003,11.274453450019056
2125,30.200000000000003,11.34938093580626
2126,30.200000000000003,11.34938093580626
2127,30.200000000000003,11.34938093580626
2128,30.200000000000003,11.349380935806266
2129,30.200000000000003,11.349380935806266
2130,30.200000000000003,11.349380935806266
2131,30.200000000000003,11.349380935806266
2132,30.200000000000003,11.349380935806266
2133,30.200000000000003,11.378282200454144
2134,30.200000000000003,11.408888999386733
2135,30.200000000000003,11.435933900187287
2136,30.200000000000003,11.43593390018729
2137,30.200000000000003,11.44938093580626
2138,30.200000000000003,11.44938093580626
2139,30.200000000000003,11.44938093580626
2140,30.200000000000003,11.44938093580626
2141,30.200000000000003,11.44938093580626
2142,30.200000000000003,11.44938093580626
2143,30.200000000000003,11.487912087912083
2144,30.200000000000003,11.531977524737705
2145,30.200000000000003,11.549380935806262
2146,30.200000000000003,11.549380935806262
2147,30.200000000000003,11.549380935806262
2148,30.200000000000003,11.631977524737707
2149,30.200000000000003,11.674453450019055
2150,30.200000000000003,11.731977524737708
2151,30.200000000000003,11.73487809324913
2152,30.200000000000003,11.749380935806258
2153,30.200000000000003,11.749380935806265
2154,30.200000000000003,11.749380935806265
2155,30.200000000000003,11.749380935806265
2156,30.200000000000003,11.831977524737706
2157,30.200000000000003,11.849380935806266
2158,30.200000000000003,11.887912087912085
2159,30.200000000000003,11.931977524737704
2160,30.200000000000003,11.94938093580626
2161,30.200000000000003,11.974453450019059
2162,30.200000000000003,11.974453450019059
2163,30.200000000000003,11.974453450019059
2164,30.200000000000003,11.98791208791209
2165,30.200000000000003,12.0053271012547
2166,30.200000000000003,12.03487809324913
2167,30.200000000000003,12.035933900187292
2168,30.200000000000003,12.04649196956889
2169,30.200000000000003,12.04649196956889
2170,30.200000000000003,12.049380935806262
2171,30.200000000000003,12.049380935806262
2172,30.200000000000003,12.049380935806262
2173,30.200000000000003,12.049380935806262
2174,30.200000000000003,12.049380935806262
2175,30.200000000000003,12.049380935806262
2176,30.200000000000003,12.049380935806262
2177,30.200000000000003,12.049380935806262
2178,30.200000000000003,12.04938093580627
2179,30.200000000000003,12.074453450019053
2180,30.200000000000003,12.074453450019053
2181,30.200000000000003,12.174453450019055
2182,30.200000000000003,12.249380935806258
2183,30.200000000000003,12.249380935806258
2184,30.200000000000003,12.249380935806265
2185,30.200000000000003,12.249380935806265
2186,30.200000000000003,12.249380935806265
2187,30.200000000000003,12.274453450019056
2188,30.200000000000003,12.274453450019056
2189,30.200000000000003,12.331977524737706
2190,30.200000000000003,12.349380935806266
2191,30.200000000000003,12.349380935806266
2192,30.200000000000003,12.349380935806266
2193,30.200000000000003,12.374453450019057
2194,30.200000000000003,12.374453450019057
2195,30.200000000000003,12.374453450019057
2196,30.200000000000003,12.378282200454148
2197,30.200000000000003,12.378282200454148
2198,30.200000000000003,12.387912087912088
2199,30.200000000000003,12.431977524737707
2200,30.200000000000003,12.474453450019059
2201,30.200000000000003,12.478282200454146
2202,30.200000000000003,12.631977524737703
2203,30.200000000000003,12.631977524737707
2204,30.200000000000003,12.631977524737707
2205,30.200000000000003,12.631977524737707
2206,30.200000000000003,12.649380935806263
2207,30.200000000000003,12.674453450019055
2208,30.200000000000003,12.674453450019055
2209,30.200000000000003,12.674453450019055
2210,30.200000000000003,12.749380935806265
2211,30.200000000000003,12.749380935806265
2212,30.200000000000003,12.831977524737706
2213,31.200000000000003,12.874453450019057
2214,31.200000000000003,12.94938093580626
2215,31.200000000000003,12.949380935806268
2216,31.200000000000003,12.974453450019059
2217,31.200000000000003,12.987912087912086
2218,31.200000000000003,13.031977524737705
2219,31.200000000000003,13.03487809324913
2220,31.200000000000003,13.049380935806262
2221,31.200000000000003,13.049380935806262
2222,31.200000000000003,13.074453450019053
2223,31.200000000000003,13.108888999386735
2224,31.200000000000003,13.131977524737707
2225,31.200000000000003,13.131977524737707
2226,31.200000000000003,13.146491969568892
2227,31.200000000000003,13.149380935806263
2228,31.200000000000003,13.149380935806263
2229,31.200000000000003,13.174453450019055
2230,31.200000000000003,13.174453450019055
2231,31.200000000000003,13.174453450019055
2232,31.200000000000003,13.231977524737704
2233,31.200000000000003,13.231977524737704
2234,31.200000000000003,13.24649196956889
2235,31.200000000000003,13.249380935806265
2236,31.200000000000003,13.249380935806265
2237,31.200000000000003,13.249380935806265
2238,31.200000000000003,13.287912087912087
2239,31.200000000000003,13.346491969568891
2240,31.200000000000003,13.34938093580626
2241,31.200000000000003,13.349380935806266
2242,31.200000000000003,13.349380935806266
2243,31.200000000000003,13.349380935806266
2244,31.200000000000003,13.37445345001905
2245,31.200000000000003,13.374453450019057
2246,31.200000000000003,13.431977524737704
2247,31.200000000000003,13.44938093580626
2248,31.200000000000003,13.44938093580626
2249,31.200000000000003,13.44938093580626
2250,31.200000000000003,13.44938093580626
2251,31.200000000000003,13.508888999386734
2252,31.200000000000003,13.508888999386734
2253,31.200000000000003,13.574453450019053
2254,31.200000000000003,13.634878093249132
2255,31.200000000000003,13.649380935806263
2256,31.200000000000003,13.649380935806263
2257,31.200000000000003,13.649380935806263
2258,31.200000000000003,13.649380935806263
2259,31.200000000000003,13.649380935806263
2260,31.200000000000003,13.649380935806263
2261,31.200000000000003,13.674453450019055
2262,31.200000000000003,13.674453450019055
2263,31.200000000000003,13.731977524737704
2264,31.200000000000003,13.749380935806265
2265,31.200000000000003,13.774453450019056
2266,31.200000000000003,13.787912087912087
2267,31.200000000000003,13.831977524737702
2268,31.200000000000003,13.849380935806266
2269,31.200000000000003,13.849380935806266
2270,31.200000000000003,13.87445345001905
2271,31.200000000000003,13.874453450019057
2272,31.200000000000003,13.931977524737704
2273,31.200000000000003,13.934878093249132
2274,31.200000000000003,13.934878093249132
2275,31.200000000000003,13.94938093580626
2276,31.200000000000003,13.94938093580626
2277,31.200000000000003,13.94938093580626
2278,31.200000000000003,13.94938093580626
2279,31.200000000000003,13.94938093580626
2280,31.200000000000003,13.974453450019059
2281,31.200000000000003,13.974453450019059
2282,31.200000000000003,14.031977524737705
2283,31.200000000000003,14.062584323670293
2284,31.200000000000003,14.078282200454147
2285,31.200000000000003,14.087912087912084
2286,31.200000000000003,14.134878093249132
2287,31.200000000000003,14.146491969568892
2288,31.200000000000003,14.149380935806263
2289,31.200000000000003,14.149380935806263
2290,31.200000000000003,14.149380935806263
2291,31.200000000000003,14.149380935806263
2292,31.400000000000002,14.174453450019055
2293,31.400000000000002,14.187912087912085
2294,31.400000000000002,14.231977524737704
2295,31.400000000000002,14.231977524737708
2296,31.400000000000002,14.249380935806265
2297,31.400000000000002,14.249380935806265
2298,31.400000000000002,14.249380935806265
2299,31.400000000000002,14.249380935806265
2300,31.400000000000002,14.249380935806265
2301,31.400000000000002,14.249380935806265
2302,31.400000000000002,14.249380935806265
2303,31.400000000000002,14.249380935806265
2304,31.400000000000002,14.249380935806265
2305,31.400000000000002,14.331977524737706
2306,31.400000000000002,14.33487809324913
2307,31.400000000000002,14.349380935806266
2308,31.400000000000002,14.349380935806266
2309,31.400000000000002,14.349380935806266
2310,31.400000000000002,14.349380935806266
2311,31.400000000000002,14.349380935806266
2312,31.400000000000002,14.349380935806266
2313,31.400000000000002,14.349380935806266
2314,31.400000000000002,14.374453450019057
2315,31.400000000000002,14.408888999386733
2316,31.400000000000002,14.431977524737704
2317,31.400000000000002,14.44938093580626
2318,31.400000000000002,14.44938093580626
2319,31.400000000000002,14.44938093580626
2320,31.400000000000002,14.474453450019059
2321,31.400000000000002,14.54938093580627
2322,31.400000000000002,14.574453450019053
2323,31.400000000000002,14.649380935806263
2324,31.400000000000002,14.674453450019055
2325,31.400000000000002,14.683031397963521
2326,31.400000000000002,14.687912087912085
2327,31.400000000000002,14.731977524737704
2328,31.400000000000002,14.757305288979492
2329,31.400000000000002,14.831977524737706
2330,31.400000000000002,14.849380935806266
2331,31.400000000000002,14.849380935806266
2332,31.400000000000002,14.874453450019057
2333,31.400000000000002,14.874453450019057
2334,31.400000000000002,14.908888999386736
2335,31.400000000000002,14.920761993160177
2336,31.400000000000002,14.94938093580626
2337,31.400000000000002,14.94938093580626
2338,31.400000000000002,14.974453450019059
2339,31.400000000000002,14.974453450019059
2340,31.400000000000002,15.03487809324913
2341,31.400000000000002,15.049380935806262
2342,31.400000000000002,15.049380935806262
2343,31.400000000000002,15.049380935806262
2344,31.400000000000002,15.074453450019053
2345,31.400000000000002,15.108888999386735
2346,31.400000000000002,15.116801750285909
2347,31.400000000000002,15.131977524737707
2348,31.400000000000002,15.131977524737707
2349,31.400000000000002,15.149380935806263
2350,31.400000000000002,15.149380935806263
2351,31.6,15.149380935806263
2352,31.6,15.246491969568893
2353,31.6,15.246491969568893
2354,31.6,15.249380935806258
2355,31.6,15.249380935806258
2356,31.6,15.249380935806258
2357,31.6,15.249380935806265
2358,31.6,15.274453450019056
2359,31.6,15.274453450019056
2360,31.6,15.278282200454147
2361,31.6,15.287912087912087
2362,31.6,15.308888999386735
2363,31.6,15.334878093249134
2364,34.1,15.37445345001905
2365,34.1,15.374453450019057
2366,34.1,15.387912087912088
2367,34.1,15.408888999386733
2368,34.1,15.431977524737704
2369,34.1,15.431977524737704
2370,34.1,15.446491969568893
2371,34.1,15.474453450019059
2372,34.1,15.531977524737705
2373,34.1,15.531977524737705
2374,34.1,15.549380935806262
2375,34.1,15.549380935806262
2376,34.1,15.549380935806262
2377,34.1,15.549380935806262
2378,37.1,15.549380935806262
2379,37.1,15.54938093580627
2380,37.1,15.574453450019053
2381,37.1,15.631977524737703
2382,37.1,15.634878093249132
2383,37.1,15.649380935806263
2384,37.1,15.649380935806263
2385,37.1,15.660337349930103
2386,37.1,15.674453450019055
2387,37.1,15.674453450019055
2388,37.1,15.708888999386737
2389,37.1,15.749380935806265
2390,37.1,15.808888999386735
2391,37.1,15.831977524737706
2392,37.1,15.834878093249134
2393,37.1,15.849380935806266
2394,37.1,15.874453450019057
2395,37.1,15.874453450019057
2396,37.1,15.887912087912088
2397,37.1,15.935933900187294
2398,37.1,15.949380935806268
2399,37.1,15.974453450019059
2400,37.1,15.974453450019059
2401,37.1,15.98791208791209
2402,37.1,15.98791208791209
2403,37.1,16.02841562660567
2404,37.1,16.031977524737705
2405,37.1,16.049380935806262
2406,37.1,16.04938093580627
2407,37.1,16.04938093580627
2408,37.1,16.04938093580627
2409,37.2,16.074453450019053
2410,37.2,16.087912087912084
2411,37.2,16.131977524737707
2412,37.2,16.149380935806263
2413,37.2,16.231977524737704
2414,37.2,16.231977524737704
2415,37.2,16.249380935806265
2416,37.2,16.249380935806265
2417,37.2,16.249380935806265
2418,37.2,16.249380935806265
2419,37.2,16.274453450019056
2420,37.2,16.274453450019056
2421,37.2,16.37445345001905
2422,37.2,16.374453450019057
2423,37.2,16.374453450019057
2424,37.2,16.374453450019057
2425,37.2,16.374453450019057
2426,37.2,16.431977524737704
2427,37.2,16.431977524737704
2428,37.2,16.435933900187294
2429,37.2,16.44938093580626
2430,37.2,16.44938093580626
2431,37.2,16.47445345001906
2432,37.2,16.47445345001906
2433,37.2,16.477098768501484
2434,37.2,16.531977524737705
2435,37.2,16.54938093580627
2436,37.2,16.54938093580627
2437,37.2,16.54938093580627
2438,37.2,16.54938093580627
2439,37.2,16.574453450019053
2440,37.2,16.63593390018729
2441,37.6,16.649380935806263
2442,37.6,16.688967894850244
2443,37.6,16.721817800098343
2444,37.6,16.746491969568893
2445,37.6,16.746491969568893
2446,37.6,16.749380935806265
2447,37.6,16.774453450019056
2448,37.6,16.831977524737706
2449,37.6,16.849380935806266
2450,37.6,16.849380935806266
2451,37.6,16.849380935806266
2452,37.6,16.874453450019057
2453,37.6,16.888967894850246
2454,37.6,16.908888999386733
2455,37.6,16.946491969568893
2456,37.6,16.94938093580626
2457,37.6,16.949380935806268
2458,37.6,17.008888999386734
2459,37.6,17.031977524737705
2460,37.6,17.074453450019053
2461,37.6,17.074453450019053
2462,37.6,17.074453450019053
2463,37.6,17.149125685777275
2464,37.6,17.174453450019055
2465,37.6,17.231977524737704
2466,37.6,17.231977524737704
2467,37.6,17.249380935806265
2468,37.6,17.249380935806265
2469,37.6,17.249380935806265
2470,37.6,17.274453450019056
2471,37.6,17.30888899938674
2472,37.6,17.334878093249134
2473,37.6,17.349380935806266
2474,37.6,17.349380935806266
2475,37.6,17.408888999386733
2476,37.6,17.44938093580626
2477,37.6,17.44938093580626
2478,37.6,17.474453450019052
2479,37.6,17.47445345001906
2480,37.6,17.47445345001906
2481,37.6,17.48791208791209
2482,37.6,17.549380935806262
2483,37.6,17.549380935806262
2484,37.6,17.574453450019053
2485,37.6,17.649380935806263
2486,37.6,17.649380935806263
2487,37.6,17.649380935806263
2488,37.6,17.674453450019055
2489,37.6,17.674453450019055
2490,37.6,17.73593390018729
2491,37.6,17.746491969568893
2492,37.6,17.759150050552762
2493,37.6,17.774453450019056
2494,37.6,17.774453450019056
2495,37.6,17.774453450019056
2496,37.6,17.774453450019056
2497,37.6,17.849380935806266
2498,37.6,17.849380935806266
2499,37.6,17.908888999386733
2500,37.6,17.93487809324913
2501,37.6,17.93487809324913
2502,37.6,17.946491969568893
2503,37.6,17.97445345001906
2504,37.6,18.008888999386734
2505,37.6,18.049380935806262
2506,37.6,18.066540699119884
2507,37.6,18.074453450019053
2508,37.6,18.074453450019053
2509,37.6,18.074453450019053
2510,37.6,18.074453450019053
2511,37.6,18.074453450019053
2512,38.800000000000004,18.074453450019053
2513,38.800000000000004,18.108888999386735
2514,38.800000000000004,18.131977524737703
2515,38.800000000000004,18.13487809324913
2516,38.800000000000004,18.13487809324913
2517,38.800000000000004,18.149380935806263
2518,38.800000000000004,18.149380935806263
2519,38.800000000000004,18.149380935806263
2520,38.800000000000004,18.149380935806263
2521,38.800000000000004,18.174453450019055
2522,38.800000000000004,18.174453450019055
2523,38.800000000000004,18.231977524737704
2524,38.800000000000004,18.231977524737708
2525,38.800000000000004,18.23593390018729
2526,38.800000000000004,18.249380935806265
2527,38.800000000000004,18.249380935806265
2528,38.800000000000004,18.249380935806265
2529,38.800000000000004,18.249380935806265
2530,38.800000000000004,18.249380935806265
2531,38.800000000000004,18.335933900187285
2532,38.800000000000004,18.349380935806266
2533,38.800000000000004,18.349380935806266
2534,38.800000000000004,18.349380935806266
2535,38.800000000000004,18.349380935806266
2536,38.800000000000004,18.37445345001905
2537,38.800000000000004,18.435933900187294
2538,38.800000000000004,18.44938093580626
2539,38.800000000000004,18.44938093580626
2540,38.800000000000004,18.459150050552765
2541,38.800000000000004,18.53593390018729
2542,38.800000000000004,18.54938093580627
2543,38.800000000000004,18.54938093580627
2544,38.800000000000004,18.54938093580627
2545,38.800000000000004,18.54938093580627
2546,38.800000000000004,18.54938093580627
2547,38.800000000000004,18.608888999386735
2548,38.800000000000004,18.649380935806263
2549,38.800000000000004,18.649380935806263
2550,38.800000000000004,18.649380935806263
2551,38.800000000000004,18.674453450019055
2552,38.800000000000004,18.687912087912085
2553,38.800000000000004,18.73593390018729
2554,38.800000000000004,18.749380935806258
2555,38.800000000000004,18.749380935806265
2556,38.800000000000004,18.749380935806265
2557,38.800000000000004,18.774453450019056
2558,38.800000000000004,18.820761993160183
2559,38.800000000000004,18.831977524737706
2560,38.800000000000004,18.834878093249134
2561,38.800000000000004,18.849380935806266
2562,38.800000000000004,18.849380935806266
2563,38.800000000000004,18.849380935806266
2564,38.800000000000004,18.849380935806266
2565,38.800000000000004,18.87445345001905
2566,38.800000000000004,18.874453450019057
2567,38.800000000000004,18.874453450019057
2568,38.800000000000004,18.877098768501483
2569,38.800000000000004,18.935933900187294
2570,38.800000000000004,18.97445345001906
2571,38.800000000000004,19.04938093580627
2572,38.800000000000004,19.04938093580627
2573,38.800000000000004,19.04938093580627
2574,38.800000000000004,19.078282200454144
2575,38.800000000000004,19.131977524737707
2576,38.800000000000004,19.149380935806263
2577,38.800000000000004,19.174453450019055
2578,38.800000000000004,19.174453450019055
2579,38.800000000000004,19.187912087912085
2580,38.800000000000004,19.274453450019056
2581,38.800000000000004,19.331977524737706
2582,38.800000000000004,19.334878093249134
2583,38.800000000000004,19.349380935806266
2584,38.800000000000004,19.349380935806266
2585,38.800000000000004,19.360337349930106
2586,38.800000000000004,19.37445345001905
2587,38.800000000000004,19.374453450019057
2588,38.800000000000004,19.405327101254702
2589,38.800000000000004,19.44649196956889
2590,38.800000000000004,19.44938093580626
2591,38.800000000000004,19.44938093580626
2592,38.800000000000004,19.47445345001906
2593,38.800000000000004,19.47445345001906
2594,38.800000000000004,19.47445345001906
2595,38.800000000000004,19.53487809324913
2596,38.800000000000004,19.549125685777266
2597,38.800000000000004,19.54938093580627
2598,38.800000000000004,19.631977524737707
2599,38.800000000000004,19.631977524737707
2600,38.800000000000004,19.649380935806263
2601,38.800000000000004,19.649380935806263
2602,38.800000000000004,19.674453450019055
2603,38.800000000000004,19.67445345001906
2604,39.0,19.734878093249133
2605,39.0,19.746491969568893
2606,39.0,19.749380935806265
2607,39.0,19.749380935806265
2608,39.0,19.774453450019056
2609,39.0,19.774453450019056
2610,39.0,19.80888899938674
2611,39.0,19.87445345001905
2612,39.0,19.87445345001905
2613,39.0,19.88791208791209
2614,39.0,19.94938093580626
2615,39.0,20.074453450019053
2616,39.0,20.074453450019053
2617,39.0,20.074453450019053
2618,39.0,20.131977524737707
2619,39.0,20.149380935806263
2620,39.0,20.17445345001906
2621,39.0,20.231977524737708
2622,39.0,20.246491969568893
2623,39.0,20.249380935806265
2624,39.0,20.249380935806265
2625,39.0,20.249380935806265
2626,39.0,20.349380935806266
2627,39.0,20.37445345001905
2628,39.0,20.37445345001905
2629,39.0,20.37445345001905
2630,39.0,20.374453450019057
2631,39.0,20.374453450019057
2632,39.0,20.431977524737704
2633,39.0,20.449380935806268
2634,39.0,20.449380935806268
2635,39.0,20.449380935806268
2636,39.0,20.47445345001906
2637,39.0,20.47445345001906
2638,39.0,20.48791208791209
2639,39.0,20.48791208791209
2640,39.0,20.53593390018729
2641,39.0,20.549380935806262
2642,39.0,20.549380935806262
2643,39.0,20.574453450019053
2644,39.0,20.574453450019053
2645,39.0,20.574453450019053
2646,39.0,20.574453450019053
2647,39.0,20.574453450019053
2648,39.0,20.574453450019053
2649,39.0,20.587912087912084
2650,39.0,20.649380935806263
2651,39.0,20.649380935806263
2652,39.0,20.649380935806263
2653,39.0,20.649380935806263
2654,39.0,20.749380935806265
2655,39.0,20.774453450019056
2656,39.0,20.774453450019056
2657,39.0,20.87445345001905
2658,39.0,20.93487809324913
2659,39.0,20.94938093580626
2660,39.0,20.94938093580626
2661,39.0,20.949380935806268
2662,39.0,21.028415626605675
2663,39.0,21.049380935806262
2664,39.0,21.074453450019053
2665,39.0,21.087912087912084
2666,39.0,21.131977524737707
2667,39.0,21.149380935806263
2668,39.0,21.174453450019055
2669,39.0,21.249380935806265
2670,39.0,21.274453450019056
2671,39.0,21.334878093249134
2672,39.0,21.334878093249134
2673,39.0,21.349380935806266
2674,39.0,21.349380935806266
2675,39.0,21.349380935806266
2676,39.0,21.449380935806268
2677,39.0,21.449380935806268
2678,39.0,21.474453450019052
2679,39.0,21.508888999386734
2680,39.0,21.549380935806262
2681,39.0,21.54938093580627
2682,39.0,21.54938093580627
2683,39.0,21.54938093580627
2684,39.0,21.608888999386735
2685,39.0,21.631977524737707
2686,39.0,21.649380935806263
2687,39.0,21.649380935806263
2688,39.0,21.649380935806263
2689,39.0,21.674453450019055
2690,39.0,21.674453450019055
2691,39.0,21.674453450019055
2692,39.0,21.705593953557756
2693,39.0,21.72076199316018
2694,39.0,21.7319775247377
2695,39.0,21.731977524737708
2696,39.0,21.731977524737708
2697,39.0,21.731977524737708
2698,39.0,21.749380935806265
2699,39.0,21.749380935806265
2700,39.0,21.774453450019056
2701,39.0,21.83197752473771
2702,39.0,21.849380935806266
2703,39.0,21.849380935806266
2704,39.0,21.874453450019057
2705,39.0,21.88791208791209
2706,39.0,21.88791208791209
2707,39.0,21.908888999386733
2708,39.0,21.931977524737704
2709,39.0,21.94938093580626
2710,39.0,21.97445345001906
2711,39.0,22.049380935806255
2712,39.0,22.049380935806255
2713,39.0,22.04938093580627
2714,39.0,22.149380935806263
2715,39.0,22.149380935806263
2716,39.0,22.149380935806263
2717,39.0,22.149380935806263
2718,39.0,22.149380935806263
2719,39.0,22.149380935806263
2720,39.0,22.149380935806263
2721,39.0,22.149380935806263
2722,39.0,22.149380935806263
2723,39.0,22.17445345001906
2724,39.0,22.17445345001906
2725,39.0,22.274453450019056
2726,39.0,22.30888899938673
2727,39.0,22.30888899938674
2728,39.0,22.33197752473771
2729,39.0,22.37445345001905
2730,39.0,22.374453450019057
2731,39.0,22.374453450019057
2732,39.0,22.374453450019057
2733,39.0,22.374453450019057
2734,39.0,22.43487809324913
2735,39.0,22.44938093580626
2736,39.0,22.47445345001906
2737,39.0,22.47445345001906
2738,39.0,22.47445345001906
2739,39.0,22.48791208791209
2740,39.0,22.508888999386734
2741,39.0,22.574453450019053
2742,39.0,22.631977524737707
2743,39.0,22.646491969568892
2744,39.0,22.749380935806258
2745,39.0,22.749380935806272
2746,39.0,22.749380935806272
2747,39.0,22.760337349930104
2748,39.0,22.774453450019056
2749,39.0,22.791729236073124
2750,39.0,22.974453450019052
2751,39.0,23.031977524737705
2752,39.0,23.049380935806255
2753,39.0,23.04938093580627
2754,39.0,23.074453450019053
2755,39.0,23.108888999386735
2756,39.0,23.131977524737707
2757,39.0,23.13593390018729
2758,39.0,23.187912087912085
2759,39.0,23.187912087912085
2760,39.0,23.249380935806272
2761,39.0,23.274453450019056
2762,39.0,23.288967894850245
2763,39.0,23.33197752473771
2764,39.0,23.33197752473771
2765,39.0,23.33197752473771
2766,39.0,23.37445345001905
2767,39.0,23.374453450019057
2768,39.0,23.446491969568893
2769,39.0,23.44938093580626
2770,39.5,23.47445345001906
2771,39.5,23.47445345001906
2772,39.5,23.505060248951647
2773,39.5,23.531977524737705
2774,39.5,23.54938093580627
2775,39.5,23.574453450019053
2776,39.5,23.62076199316018
2777,39.5,23.649380935806263
2778,39.5,23.649380935806263
2779,39.5,23.649380935806263
2780,39.5,23.69186846336167
2781,39.5,23.708888999386737
2782,39.5,23.76086718711153
2783,39.5,23.774453450019056
2784,39.5,23.774453450019056
2785,39.5,23.849380935806266
2786,39.5,23.849380935806266
2787,39.5,23.874453450019057
2788,39.5,23.908888999386733
2789,39.5,23.93487809324913
2790,39.5,23.93487809324913
2791,39.5,23.93487809324913
2792,39.5,23.94938093580626
2793,39.5,24.031977524737705
2794,39.5,24.03593390018729
2795,39.5,24.049380935806255
2796,39.5,24.074453450019053
2797,39.5,24.074453450019053
2798,39.5,24.108888999386735
2799,39.5,24.131977524737707
2800,39.5,24.131977524737707
2801,39.5,24.13487809324913
2802,39.5,24.149380935806263
2803,39.5,24.149380935806263
2804,39.5,24.160337349930103
2805,39.5,24.23593390018729
2806,39.5,24.249380935806272
2807,39.5,24.249380935806272
2808,39.5,24.249380935806272
2809,39.5,24.249380935806272
2810,39.5,24.278282200454147
2811,39.5,24.349380935806266
2812,39.5,24.349380935806266
2813,39.5,24.349380935806266
2814,39.5,24.349380935806266
2815,39.5,24.349380935806266
2816,39.5,24.349380935806266
2817,39.5,24.374453450019057
2818,39.5,24.38791208791209
2819,39.5,24.446491969568893
2820,39.5,24.44938093580626
2821,39.5,24.44938093580626
2822,39.5,24.48791208791209
2823,39.5,24.574453450019053
2824,39.5,24.574453450019053
2825,39.5,24.587912087912084
2826,41.2,24.649380935806263
2827,41.2,24.649380935806263
2828,41.2,24.649380935806263
2829,41.2,24.674453450019055
2830,41.2,24.749380935806272
2831,41.2,24.749380935806272
2832,41.2,24.749380935806272
2833,41.2,24.749380935806272
2834,41.2,24.83197752473771
2835,41.2,24.83197752473771
2836,41.2,24.83197752473771
2837,41.2,24.849380935806266
2838,41.2,24.849380935806266
2839,41.2,24.849380935806266
2840,41.2,24.931977524737704
2841,41.2,24.94938093580626
2842,41.2,24.94938093580626
2843,41.2,24.97445345001906
2844,41.2,24.98791208791209
2845,41.2,24.98791208791209
2846,41.2,25.031977524737705
2847,41.2,25.04938093580627
2848,41.2,25.074453450019053
2849,41.2,25.108888999386735
2850,41.2,25.149380935806263
2851,41.2,25.149380935806263
2852,41.2,25.149380935806263
2853,41.2,25.149380935806263
2854,41.2,25.174453450019055
2855,41.2,25.174453450019055
2856,41.2,25.174453450019055
2857,41.2,25.174453450019055
2858,41.2,25.234878093249133
2859,41.2,25.249380935806272
2860,41.2,25.249380935806272
2861,41.2,25.249380935806272
2862,41.2,25.249380935806272
2863,41.2,25.249380935806272
2864,41.2,25.249380935806272
2865,41.2,25.349380935806266
2866,41.2,25.349380935806266
2867,41.2,25.374453450019057
2868,41.2,25.431977524737704
2869,41.2,25.446491969568893
2870,41.2,25.44938093580626
2871,41.2,25.44938093580626
2872,41.2,25.4603373499301
2873,41.2,25.47445345001906
2874,41.2,25.48791208791209
2875,41.2,25.549380935806255
2876,41.2,25.549380935806255
2877,41.2,25.549380935806255
2878,41.2,25.549380935806255
2879,41.2,25.631977524737707
2880,41.2,25.649380935806263
2881,41.2,25.674453450019055
2882,41.2,25.73593390018729
2883,41.2,25.749380935806258
2884,41.2,25.834878093249134
2885,41.2,25.88791208791208
2886,41.2,25.93487809324913
2887,41.2,25.960337349930107
2888,41.2,25.97445345001906
2889,41.2,26.087912087912084
2890,41.2,26.13593390018729
2891,41.2,26.149380935806263
2892,41.2,26.174453450019055
2893,41.2,26.249380935806272
2894,41.2,26.249380935806272
2895,41.2,26.334878093249134
2896,41.2,26.349380935806266
2897,41.2,26.349380935806266
2898,41.2,26.349380935806266
2899,41.2,26.349380935806266
2900,41.2,26.374453450019057
2901,41.2,26.38791208791209
2902,41.2,26.431977524737704
2903,41.2,26.44938093580626
2904,41.2,26.44938093580626
2905,41.2,26.44938093580626
2906,41.2,26.44938093580626
2907,41.2,26.44938093580626
2908,41.2,26.44938093580626
2909,41.2,26.483031397963526
2910,41.2,26.53487809324913
2911,41.2,26.54938093580627
2912,41.2,26.54938093580627
2913,41.2,26.631977524737707
2914,41.2,26.649380935806263
2915,41.2,26.649380935806263
2916,41.2,26.687912087912085
2917,41.2,26.7319775247377
2918,41.2,26.74490245802463
2919,41.2,26.749380935806258
2920,41.2,26.749380935806272
2921,41.2,26.774453450019056
2922,41.2,26.787912087912087
2923,41.2,26.80888899938674
2924,41.2,26.83197752473771
2925,41.2,26.849380935806266
2926,41.2,26.849380935806266
2927,41.2,26.849380935806266
2928,41.2,26.87445345001905
2929,41.2,26.874453450019057
2930,41.2,26.874453450019057
2931,41.2,26.88791208791209
2932,41.2,26.92181780009834
2933,41.2,26.959150050552765
2934,41.2,26.974453450019052
2935,41.2,26.974453450019052
2936,41.2,26.97445345001906
2937,41.2,26.98791208791209
2938,41.2,27.074453450019053
2939,41.2,27.074453450019053
2940,41.2,27.13487809324913
2941,41.2,27.234878093249126
2942,41.2,27.249380935806258
2943,41.2,27.249380935806258
2944,41.2,27.249380935806258
2945,41.2,27.274453450019056
2946,41.2,27.274453450019056
2947,41.2,27.287912087912087
2948,41.2,27.349380935806266
2949,41.2,27.349380935806266
2950,41.2,27.349380935806266
2951,41.2,27.349380935806266
2952,41.2,27.349380935806266
2953,41.2,27.349380935806266
2954,41.2,27.38791208791209
2955,41.2,27.446491969568896
2956,41.2,27.44938093580626
2957,41.2,27.44938093580626
2958,41.2,27.48791208791209
2959,41.2,27.48791208791209
2960,41.2,27.549380935806255
2961,41.2,27.549380935806255
2962,41.2,27.549380935806255
2963,41.2,27.54938093580627
2964,41.2,27.574453450019053
2965,41.2,27.57445345001906
2966,41.2,27.577098768501486
2967,41.2,27.587912087912084
2968,41.2,27.649380935806263
2969,41.2,27.649380935806263
2970,41.2,27.649380935806263
2971,41.2,27.649380935806263
2972,41.2,27.708888999386737
2973,41.2,27.7319775247377
2974,41.2,27.749380935806258
2975,41.2,27.749380935806272
2976,41.2,27.774453450019056
2977,41.2,27.787912087912087
2978,41.2,27.787912087912087
2979,41.2,27.846491969568895
2980,41.2,27.849380935806266
2981,41.2,27.94938093580626
2982,41.2,27.94938093580626
2983,41.2,27.97445345001906
2984,41.2,28.07445345001906
2985,41.2,28.07445345001906
2986,41.2,28.131977524737707
2987,41.2,28.131977524737707
2988,41.2,28.13487809324913
2989,41.2,28.149380935806263
2990,41.2,28.149380935806263
2991,41.2,28.149380935806263
2992,41.2,28.149380935806263
2993,41.2,28.208888999386737
2994,41.2,28.2319775247377
2995,41.2,28.231977524737708
2996,41.2,28.274453450019056
2997,41.2,28.349380935806266
2998,41.2,28.374453450019057
2999,41.2,28.408888999386733
3000,41.2,28.43487809324913
3001,41.2,28.44938093580626
3002,41.2,28.44938093580626
3003,41.2,28.44938093580626
3004,41.2,28.465484892181724
3005,42.5,28.47445345001906
3006,42.5,28.549380935806255
3007,42.5,28.549380935806255
3008,42.5,28.549380935806255
3009,42.5,28.54938093580627
3010,42.5,28.574453450019053
3011,42.5,28.574453450019053
3012,42.5,28.608888999386735
3013,42.5,28.649380935806263
3014,42.5,28.649380935806263
3015,42.5,28.649380935806263
3016,42.5,28.649380935806263
3017,42.5,28.649380935806263
3018,42.5,28.649380935806263
3019,42.5,28.687912087912093
3020,42.5,28.687912087912093
3021,42.5,28.731977524737708
3022,42.5,28.73593390018729
3023,42.5,28.749380935806272
3024,42.5,28.760337349930104
3025,42.5,28.774453450019056
3026,42.5,28.849380935806266
3027,42.5,28.874453450019057
3028,42.5,28.88791208791208
3029,42.5,28.905060248951646
3030,42.5,28.97445345001906
3031,42.5,28.97445345001906
3032,42.5,29.049380935806255
3033,42.5,29.049380935806255
3034,42.5,29.087912087912084
3035,42.5,29.2319775247377
3036,42.5,29.249380935806272
3037,42.5,29.249380935806272
3038,42.5,29.287912087912087
3039,42.5,29.331977524737702
3040,42.5,29.349380935806266
3041,42.5,29.431977524737704
3042,42.5,29.47445345001906
3043,42.5,29.47445345001906
3044,42.5,29.47445345001906
3045,42.5,29.54938093580627
3046,42.5,29.574453450019053
3047,42.5,29.58791208791209
3048,42.5,29.608888999386735
3049,42.5,29.649380935806263
3050,42.5,29.674453450019055
3051,42.5,29.67445345001906
3052,42.5,29.749380935806258
3053,42.5,29.749380935806272
3054,42.5,29.749380935806272
3055,42.5,29.831977524737702
3056,42.5,29.834878093249134
3057,42.5,29.87445345001905
3058,42.5,29.97445345001906
3059,42.5,30.074453450019053
3060,42.5,30.149380935806263
3061,42.5,30.149380935806263
3062,42.5,30.174453450019055
3063,42.5,30.231977524737708
3064,42.5,30.249380935806272
3065,42.5,30.249380935806272
3066,42.5,30.274453450019056
3067,42.5,30.30888899938674
3068,42.5,30.349380935806266
3069,42.5,30.349380935806266
3070,42.5,30.349380935806266
3071,42.5,30.374453450019057
3072,42.5,30.374453450019057
3073,42.5,30.374453450019057
3074,42.5,30.435933900187294
3075,42.5,30.435933900187294
3076,42.5,30.44938093580626
3077,42.5,30.44938093580626
3078,42.5,30.44938093580626
3079,42.5,30.44938093580626
3080,42.5,30.44938093580626
3081,42.5,30.534878093249137
3082,42.5,30.54938093580627
3083,42.5,30.649380935806263
3084,42.5,30.649380935806263
3085,42.5,30.734878093249133
3086,42.5,30.749380935806272
3087,42.5,30.749380935806272
3088,42.5,30.749380935806272
3089,42.5,30.749380935806272
3090,42.5,30.749380935806272
3091,42.5,30.774453450019056
3092,42.5,30.83197752473771
3093,42.5,30.83197752473771
3094,43.300000000000004,30.849380935806266
3095,43.300000000000004,30.874453450019057
3096,43.300000000000004,30.93487809324913
3097,43.300000000000004,30.94938093580626
3098,43.300000000000004,30.94938093580626
3099,43.300000000000004,30.94938093580626
3100,43.300000000000004,30.94938093580626
3101,43.300000000000004,30.97445345001906
3102,43.300000000000004,30.98791208791209
3103,43.300000000000004,30.98791208791209
3104,43.300000000000004,30.98791208791209
3105,43.300000000000004,31.03487809324913
3106,43.300000000000004,31.03487809324913
3107,43.300000000000004,31.049380935806255
3108,43.300000000000004,31.04938093580627
3109,43.300000000000004,31.091729236073107
3110,43.300000000000004,31.131977524737707
3111,43.300000000000004,31.13487809324913
3112,43.300000000000004,31.149380935806263
3113,43.300000000000004,31.149380935806263
3114,43.300000000000004,31.17445345001906
3115,43.300000000000004,31.231977524737708
3116,43.300000000000004,31.274453450019056
3117,43.300000000000004,31.349380935806266
3118,43.300000000000004,31.349380935806266
3119,43.300000000000004,31.349380935806266
3120,43.300000000000004,31.374453450019057
3121,43.300000000000004,31.431977524737704
3122,43.300000000000004,31.44938093580626
3123,43.300000000000004,31.44938093580626
3124,43.300000000000004,31.44938093580626
3125,43.300000000000004,31.44938093580626
3126,43.300000000000004,31.474453450019052
3127,43.300000000000004,31.48791208791209
3128,43.300000000000004,31.508888999386734
3129,43.300000000000004,31.531977524737712
3130,43.300000000000004,31.54938093580627
3131,43.300000000000004,31.54938093580627
3132,43.300000000000004,31.608888999386735
3133,43.300000000000004,31.61667412527141
3134,43.300000000000004,31.649380935806263
3135,43.300000000000004,31.731977524737708
3136,43.300000000000004,31.774453450019056
3137,43.300000000000004,31.774453450019056
3138,43.300000000000004,31.774453450019056
3139,43.300000000000004,31.834878093249134
3140,43.300000000000004,31.849380935806266
3141,43.300000000000004,31.849380935806266
3142,43.300000000000004,31.865484892181723
3143,43.300000000000004,32.049380935806255
3144,43.300000000000004,32.04938093580627
3145,43.300000000000004,32.14938093580626
3146,43.300000000000004,32.14938093580626
3147,43.300000000000004,32.17445345001906
3148,43.300000000000004,32.2319775247377
3149,43.300000000000004,32.28791208791209
3150,43.300000000000004,32.33487809324913
3151,43.300000000000004,32.37445345001906
3152,43.300000000000004,32.431977524737704
3153,43.300000000000004,32.44938093580626
3154,43.300000000000004,32.44938093580626
3155,43.300000000000004,32.44938093580626
3156,43.300000000000004,32.44938093580626
3157,43.300000000000004,32.44938093580626
3158,43.7,32.474453450019055
3159,43.7,32.474453450019055
3160,43.7,32.49172923607311
3161,43.7,32.549380935806255
3162,43.7,32.54938093580627
3163,43.7,32.54938093580627
3164,43.7,32.54938093580627
3165,43.7,32.57445345001905
3166,43.7,32.64938093580626
3167,43.7,32.64938093580626
3168,43.7,32.64938093580626
3169,43.7,32.64938093580626
3170,43.7,32.67445345001906
3171,43.7,32.67445345001906
3172,43.7,32.67445345001906
3173,43.7,32.74938093580627
3174,43.7,32.849380935806266
3175,43.7,32.87445345001905
3176,43.7,32.87445345001905
3177,43.7,32.94938093580626
3178,43.7,32.94938093580626
3179,43.7,32.974453450019055
3180,43.7,32.98791208791208
3181,43.7,32.99172923607311
3182,43.7,33.031977524737705
3183,43.7,33.034878093249134
3184,43.7,33.04938093580627
3185,43.7,33.04938093580627
3186,43.7,33.07445345001905
3187,43.7,33.13197752473771
3188,43.7,33.13197752473771
3189,43.7,33.13487809324913
3190,43.7,33.17445345001906
3191,43.7,33.18791208791208
3192,43.7,33.23487809324912
3193,43.7,33.23487809324914
3194,43.7,33.23487809324914
3195,43.7,33.24938093580626
3196,43.7,33.24938093580627
3197,43.7,33.24938093580627
3198,43.7,33.27445345001905
3199,43.7,33.3319775247377
3200,43.7,33.37445345001905
3201,43.7,33.474453450019055
3202,43.7,33.474453450019055
3203,43.7,33.531977524737705
3204,43.7,33.549380935806255
3205,43.7,33.549380935806255
3206,45.7,33.549380935806255
3207,45.7,33.63593390018729
3208,45.7,33.72841562660567
3209,45.7,33.73197752473771
3210,45.7,33.74938093580626
3211,45.7,33.74938093580626
3212,45.7,33.74938093580626
3213,45.7,33.74938093580627
3214,45.7,33.74938093580627
3215,45.7,33.74938093580627
3216,45.7,33.77445345001905
3217,45.7,33.77445345001905
3218,45.7,33.849380935806266
3219,45.7,33.849380935806266
3220,45.7,33.849380935806266
3221,45.7,33.849380935806266
3222,45.7,33.87445345001906
3223,45.7,33.87445345001906
3224,45.7,33.87445345001906
3225,45.7,33.887912087912085
3226,45.7,33.94938093580626
3227,45.7,33.94938093580626
3228,45.7,33.94938093580626
3229,45.7,33.94938093580626
3230,45.7,33.94938093580626
3231,45.7,33.94938093580626
3232,45.7,34.049380935806255
3233,45.7,34.049380935806255
3234,45.7,34.049380935806255
3235,45.7,34.04938093580627
3236,45.7,34.08791208791209
3237,45.7,34.13593390018729
3238,45.7,34.13593390018729
3239,45.7,34.14938093580626
3240,45.7,34.14938093580626
3241,45.7,34.14938093580626
3242,45.7,34.14938093580626
3243,45.7,34.23197752473771
3244,45.7,34.27445345001905
3245,45.7,34.33197752473771
3246,45.7,34.349380935806266
3247,45.7,34.349380935806266
3248,45.7,34.349380935806266
3249,45.7,34.349380935806266
3250,45.7,34.40888899938673
3251,45.7,34.431977524737704
3252,45.7,34.44938093580626
3253,45.7,34.44938093580626
3254,45.7,34.549380935806255
3255,45.7,34.549380935806255
3256,45.7,34.57445345001905
3257,45.7,34.574453450019064
3258,45.7,34.58791208791209
3259,45.7,34.67445345001906
3260,45.7,34.783031397963526
3261,45.7,34.78791208791209
3262,45.7,34.849380935806266
3263,45.7,34.849380935806266
3264,45.7,34.849380935806266
3265,45.7,34.93197752473771
3266,45.7,34.974453450019055
3267,45.7,35.13487809324913
3268,45.7,35.24938093580627
3269,45.7,35.349380935806266
3270,45.7,35.349380935806266
3271,45.7,35.349380935806266
3272,45.7,35.44938093580626
3273,45.7,35.44938093580626
3274,45.7,35.474453450019055
3275,45.7,35.474453450019055
3276,45.7,35.549380935806255
3277,45.7,35.54938093580627
3278,45.7,35.54938093580627
3279,45.7,35.54938093580627
3280,45.7,35.54938093580627
3281,45.7,35.57445345001905
3282,45.7,35.57445345001905
3283,45.7,35.64938093580626
3284,45.7,35.64938093580626
3285,45.7,35.64938093580626
3286,45.7,35.64938093580626
3287,45.7,35.64938093580626
3288,45.7,35.64938093580626
3289,45.7,35.64938093580626
3290,45.7,35.64938093580626
3291,45.7,35.64938093580626
3292,45.7,35.64938093580626
3293,45.7,35.64938093580626
3294,45.7,35.68791208791208
3295,45.7,35.849380935806266
3296,45.7,35.887912087912085
3297,45.7,35.89172923607312
3298,45.7,35.94938093580626
3299,45.7,35.94938093580626
3300,45.7,35.974453450019055
3301,45.7,36.14938093580626
3302,45.7,36.17445345001906
3303,45.7,36.17445345001906
3304,45.7,36.17445345001906
3305,45.7,36.18791208791208
3306,45.7,36.18791208791208
3307,45.7,36.187912087912096
3308,45.7,36.23197752473771
3309,45.7,36.24938093580627
3310,45.7,36.24938093580627
3311,45.7,36.24938093580627
3312,45.7,36.27445345001905
3313,45.7,36.27445345001905
3314,45.7,36.33197752473771
3315,45.7,36.349380935806266
3316,45.7,36.349380935806266
3317,45.7,36.349380935806266
3318,45.7,36.431977524737704
3319,45.7,36.431977524737704
3320,45.7,36.44938093580626
3321,45.7,36.44938093580626
3322,45.7,36.44938093580626
3323,45.7,36.44938093580626
3324,45.7,36.44938093580626
3325,45.7,36.44938093580626
3326,45.7,36.474453450019055
3327,45.7,36.54938093580627
3328,45.7,36.54938093580627
3329,45.7,36.54938093580627
3330,45.7,36.54938093580627
3331,45.7,36.54938093580627
3332,45.7,36.54938093580627
3333,45.7,36.54938093580627
3334,45.7,36.64938093580626
3335,45.7,36.74649196956889
3336,45.7,36.74938093580626
3337,45.7,36.74938093580626
3338,45.7,36.74938093580627
3339,45.7,36.74938093580627
3340,45.7,36.8319775247377
3341,45.7,36.849380935806266
3342,45.7,36.849380935806266
3343,45.7,36.87445345001905
3344,45.7,36.87445345001905
3345,45.7,36.94938093580626
3346,45.7,36.94938093580626
3347,45.7,36.94938093580626
3348,45.7,36.960867187111525
3349,45.7,36.974453450019055
3350,45.7,37.049380935806255
3351,45.7,37.049380935806255
3352,45.7,37.14938093580626
3353,45.7,37.17445345001906
3354,45.7,37.23197752473771
3355,45.7,37.244902458024626
3356,45.7,37.24938093580626
3357,45.7,37.24938093580626
3358,45.7,37.24938093580626
3359,45.7,37.24938093580626
3360,45.7,37.24938093580627
3361,45.7,37.24938093580627
3362,45.7,37.24938093580627
3363,45.7,37.33487809324913
3364,45.7,37.431977524737704
3365,45.7,37.44938093580626
3366,45.7,37.44938093580626
3367,45.7,37.44938093580626
3368,45.7,37.44938093580626
3369,45.7,37.44938093580626
3370,45.7,37.44938093580626
3371,45.7,37.474453450019055
3372,45.7,37.48791208791209
3373,45.7,37.549380935806255
3374,45.7,37.549380935806255
3375,45.7,37.549380935806255
3376,45.7,37.549380935806255
3377,45.7,37.549380935806255
3378,45.7,37.549380935806255
3379,45.7,37.54938093580627
3380,45.7,37.54938093580627
3381,45.7,37.57445345001905
3382,45.7,37.57445345001905
3383,45.7,37.57445345001905
3384,45.7,37.60822766976612
3385,45.7,37.64938093580626
3386,45.7,37.64938093580626
3387,45.7,37.64938093580626
3388,45.7,37.73487809324914
3389,45.7,37.77445345001905
3390,45.7,38.074453450019064
3391,45.7,38.23487809324914
3392,45.7,38.27445345001905
3393,45.7,38.28791208791209
3394,45.7,38.349380935806266
3395,45.7,38.37445345001906
3396,45.7,38.37445345001906
3397,45.7,38.37445345001906
3398,45.7,38.37445345001906
3399,45.7,38.387912087912085
3400,45.7,38.431977524737704
3401,45.7,38.44938093580626
3402,45.7,38.44938093580626
3403,45.7,38.44938093580626
3404,45.7,38.44938093580626
3405,45.7,38.44938093580626
3406,45.7,38.44938093580626
3407,45.7,38.54938093580627
3408,45.7,38.54938093580627
3409,45.7,38.54938093580627
3410,45.7,38.63487809324913
3411,45.7,38.64938093580626
3412,45.7,38.64938093580626
3413,45.7,38.64938093580626
3414,45.7,38.64938093580626
3415,45.7,38.64938093580626
3416,45.7,38.64938093580626
3417,45.7,38.64938093580626
3418,45.7,38.64938093580626
3419,45.7,38.64938093580626
3420,45.7,38.64938093580626
3421,45.7,38.67445345001906
3422,45.7,38.67445345001906
3423,45.7,38.73197752473771
3424,45.7,38.73487809324914
3425,45.7,38.74938093580627
3426,45.7,38.77445345001905
3427,45.7,38.80888899938674
3428,45.7,38.849380935806266
3429,45.7,38.849380935806266
3430,45.7,38.849380935806266
3431,45.7,38.849380935806266
3432,45.7,38.849380935806266
3433,45.7,38.887912087912085
3434,45.7,38.90888899938673
3435,45.7,38.94938093580626
3436,45.7,38.94938093580626
3437,45.7,38.96654069911988
3438,45.7,39.031977524737705
3439,45.7,39.08791208791209
3440,45.7,39.13197752473771
3441,45.7,39.187912087912096
3442,45.7,39.24938093580627
3443,45.7,39.27445345001905
3444,45.7,39.48791208791209
3445,45.7,39.534878093249134
3446,45.7,39.54938093580627
3447,45.7,39.63197752473771
3448,45.7,39.67445345001906
3449,45.7,39.67445345001906
3450,45.7,39.67445345001906
3451,45.7,39.687912087912096
3452,45.7,39.78791208791209
3453,45.7,39.931977524737704
3454,45.7,39.94938093580626
3455,45.7,39.94938093580626
3456,45.7,39.94938093580626
3457,45.7,39.94938093580626
3458,45.7,39.94938093580626
3459,45.7,39.974453450019055
3460,45.7,39.974453450019055
3461,45.7,40.04938093580627
3462,45.7,40.04938093580627
3463,45.7,40.04938093580627
3464,45.7,40.04938093580627
3465,45.7,40.13197752473771
3466,45.7,40.14649196956889
3467,45.7,40.1625843236703
3468,45.7,40.174453450019044
3469,45.7,40.17445345001906
3470,45.7,40.17445345001906
3471,45.7,40.24938093580627
3472,45.7,40.24938093580627
3473,45.7,40.24938093580627
3474,45.7,40.24938093580627
3475,45.7,40.27445345001905
3476,45.7,40.27445345001905
3477,45.7,40.37445345001905
3478,45.7,40.37445345001905
3479,45.7,40.37445345001905
3480,45.7,40.44938093580626
3481,45.7,40.44938093580626
3482,45.7,40.44938093580626
3483,45.7,40.44938093580626
3484,45.7,40.474453450019055
3485,45.7,40.534878093249134
3486,45.7,40.549380935806255
3487,45.7,40.54938093580627
3488,45.7,40.54938093580627
3489,45.7,40.54938093580627
3490,45.7,40.57445345001905
3491,45.7,40.58791208791209
3492,45.7,40.58791208791209
3493,45.7,40.58791208791209
3494,45.7,40.64649196956889
3495,45.7,40.64938093580626
3496,45.7,40.64938093580626
3497,45.7,40.64938093580626
3498,45.7,40.64938093580626
3499,45.7,40.64938093580626
3500,45.7,40.64938093580626
3501,45.7,40.64938093580626
3502,45.7,40.64938093580626
3503,45.7,40.74938093580626
3504,45.7,40.74938093580626
3505,45.7,40.974453450019055
3506,45.7,40.98791208791209
3507,45.7,41.034878093249134
3508,45.7,41.13197752473771
3509,45.7,41.266540699119886
3510,45.7,41.27445345001905
3511,45.7,41.33197752473771
3512,45.7,41.431977524737704
3513,45.7,41.534878093249134
3514,45.7,41.57445345001905
3515,45.7,41.57445345001905
3516,45.7,41.64938093580626
3517,45.7,41.64938093580626
3518,45.7,41.68791208791208
3519,45.7,41.77445345001905
3520,45.7,41.83197752473771
3521,45.7,41.94938093580626
3522,45.7,41.94938093580626
3523,45.7,41.94938093580626
3524,45.7,41.94938093580626
3525,45.7,41.94938093580626
3526,45.7,41.94938093580626
3527,45.7,41.974453450019055
3528,45.7,42.049380935806255
3529,45.7,42.049380935806255
3530,45.7,42.07445345001905
3531,45.7,42.174453450019044
3532,45.7,42.24938093580627
3533,45.7,42.27445345001905
3534,45.7,42.349380935806266
3535,45.7,42.349380935806266
3536,45.7,42.349380935806266
3537,45.7,42.349380935806266
3538,45.7,42.39172923607312
3539,45.7,42.44938093580626
3540,45.7,42.44938093580626
3541,45.7,42.44938093580626
3542,45.7,42.44938093580626
3543,45.7,42.449380935806275
3544,45.7,42.474453450019055
3545,45.7,42.474453450019055
3546,45.7,42.474453450019055
3547,45.7,42.57445345001905
3548,45.7,42.57445345001905
3549,45.7,42.63197752473771
3550,45.7,42.77445345001905
3551,45.7,42.77445345001905
3552,45.7,42.83197752473771
3553,45.7,42.849380935806266
3554,45.7,42.849380935806266
3555,45.7,42.849380935806266
3556,45.7,42.849380935806266
3557,45.7,42.90888899938673
3558,45.7,42.921817800098346
3559,45.7,42.974453450019055
3560,45.7,42.974453450019055
3561,45.7,42.974453450019055
3562,45.7,43.049380935806255
3563,45.7,43.049380935806255
3564,45.7,43.049380935806255
3565,45.7,43.07445345001905
3566,45.7,43.17445345001906
3567,45.7,43.187912087912096
3568,45.7,43.24938093580627
3569,45.7,43.24938093580627
3570,45.7,43.27445345001905
3571,45.7,43.27445345001905
3572,45.7,43.31680175028591
3573,45.7,43.37445345001906
3574,45.7,43.431977524737704
3575,45.7,43.44938093580626
3576,45.7,43.44938093580626
3577,45.7,43.44938093580626
3578,45.7,43.48791208791209
3579,45.7,43.549380935806255
3580,45.7,43.549380935806255
3581,45.7,43.54938093580627
3582,45.7,43.54938093580627
3583,45.7,43.57445345001905
3584,45.7,43.64938093580626
3585,45.7,43.674453450019044
3586,45.7,43.74938093580627
3587,45.7,43.74938093580627
3588,45.7,43.77445345001905
3589,45.7,44.13197752473771
3590,45.7,44.14938093580626
3591,45.7,44.20888899938674
3592,45.7,44.23487809324912
3593,45.7,44.37445345001906
3594,45.7,44.37445345001906
3595,45.7,44.37445345001906
3596,45.7,44.44938093580626
3597,45.7,44.44938093580626
3598,45.7,44.44938093580626
3599,45.7,44.449380935806275
3600,45.7,44.474453450019055
3601,45.7,44.64938093580626
3602,45.7,44.64938093580626
3603,45.7,44.64938093580626
3604,45.7,44.64938093580626
3605,45.7,44.67445345001906
3606,45.7,44.70888899938674
3607,45.7,44.73197752473771
3608,45.7,44.73487809324914
3609,45.7,44.73593390018729
3610,45.7,44.87445345001906
3611,45.7,44.87445345001906
3612,45.7,44.949380935806275
3613,45.7,44.949380935806275
3614,45.7,45.07445345001905
3615,45.7,45.13197752473771
3616,45.7,45.13197752473771
3617,45.7,45.2319775247377
3618,45.7,45.27445345001905
3619,45.7,45.27445345001905
3620,45.7,45.53197752473771
3621,45.7,45.57445345001905
3622,45.7,45.63197752473771
3623,45.7,45.64938093580626
3624,45.7,45.64938093580626
3625,45.7,45.64938093580626
3626,45.7,45.64938093580626
3627,45.7,45.64938093580626
3628,45.7,45.7
3629,45.7,45.7
3630,45.7,45.7
3631,45.7,45.7
3632,45.7,45.7
3633,45.7,45.7
3634,45.7,45.7
3635,45.7,45.7
3636,45.7,45.7
3637,45.7,45.7
3638,45.7,45.7
3639,45.7,45.7
3640,45.7,45.7
3641,45.7,45.7
3642,45.7,45.7
3643,45.7,45.7
3644,45.7,45.7
3645,45.7,45.7
3646,45.7,45.7
3647,45.7,45.7
3648,45.7,45.7
3649,45.7,45.7
3650,45.7,45.7
3651,45.7,45.7
3652,45.7,45.7
3653,45.7,45.7
3654,45.7,45.7
3655,45.7,45.7
3656,45.7,45.7
3657,45.7,45.7
3658,45.7,45.7
3659,45.7,45.7
3660,45.7,45.7
3661,45.7,45.7
3662,45.7,45.7
3663,45.7,45.7
3664,45.7,45.7
3665,45.7,45.7
3666,45.7,45.7
3667,45.7,45.7
3668,45.7,45.7
3669,45.7,45.7
3670,45.7,45.7
3671,45.7,45.7
3672,45.7,45.7
3673,45.7,45.7
3674,45.7,45.7
3675,45.7,45.7
3676,45.7,45.7
3677,45.7,45.7
3678,45.7,45.7
3679,45.7,45.7
3680,45.7,45.7
3681,45.7,45.7
3682,45.7,45.7
3683,45.7,45.7
3684,45.7,45.7
3685,45.7,45.7
3686,45.7,45.7
3687,45.7,45.7
3688,45.7,45.7
3689,45.7,45.7
3690,45.7,45.7
3691,45.7,45.7
3692,45.7,45.7
3693,45.7,45.7
3694,45.7,45.7
3695,45.7,45.7
3696,45.7,45.7
3697,45.7,45.7
3698,45.7,45.7
3699,45.7,45.7
3700,45.7,45.7
3701,45.7,45.7
3702,45.7,45.7
3703,45.7,45.7
3704,45.7,45.7
3705,45.7,45.7
3706,45.7,45.7
3707,45.7,45.7
3708,45.7,45.7
3709,45.7,45.7
3710,45.7,45.7
3711,45.7,45.7
3712,45.7,45.7
3713,45.7,45.7
3714,45.7,45.7
3715,45.7,45.7
3716,45.7,45.7
3717,45.7,45.7
3718,45.7,45.7
3719,45.7,45.7
3720,45.7,45.7
3721,45.7,45.7
3722,45.7,45.7
3723,45.7,45.7
3724,45.7,45.7
3725,45.7,45.7
3726,45.7,45.7
3727,45.7,45.7
3728,45.7,45.7
3729,45.7,45.7
3730,45.7,45.7
3731,45.7,45.7
3732,45.7,45.7
3733,45.7,45.7
3734,45.7,45.7
3735,45.7,45.7
3736,45.7,45.7
3737,45.7,45.7
3738,45.7,45.7
3739,45.7,45.7
3740,45.7,45.7
3741,45.7,45.7
3742,45.7,45.7
3743,45.7,45.7
3744,45.7,45.7
3745,45.7,45.7
3746,45.7,45.7
3747,45.7,45.7
3748,45.7,45.7
3749,45.7,45.7
3750,45.7,45.7
3751,45.7,45.7
3752,45.7,45.7
3753,45.7,45.7
3754,45.7,45.7
3755,45.7,45.7
3756,45.7,45.7
3757,45.7,45.7
3758,45.7,45.7
3759,45.7,45.7
3760,45.7,45.7
3761,45.7,45.7
3762,45.7,45.7
3763,45.7,45.7
3764,45.7,45.7
3765,45.7,45.7
3766,45.7,45.7
3767,45.7,45.7
3768,45.7,45.7
3769,45.7,45.7
3770,45.7,45.7
3771,45.7,45.7
3772,45.7,45.7
3773,45.7,45.7
3774,45.7,45.7
3775,45.7,45.7
3776,45.7,45.7
3777,45.7,45.7
3778,45.7,45.7
3779,45.7,45.7
3780,45.7,45.7
3781,45.7,45.7
3782,45.7,45.7
3783,45.7,45.7
3784,45.7,45.7
3785,45.7,45.7
3786,45.7,45.7
3787,45.7,45.7
3788,45.7,45.7
3789,45.7,45.7
3790,45.7,45.7
3791,45.7,45.7
3792,45.7,45.7
3793,45.7,45.7
3794,45.7,45.7
3795,45.7,45.7
3796,45.7,45.7
3797,45.7,45.7
3798,45.7,45.7
3799,45.7,45.7
3800,45.7,45.7
3801,45.7,45.7
3802,45.7,45.7
3803,45.7,45.7
3804,45.7,45.7
3805,45.7,45.7
3806,45.7,45.7
3807,45.7,45.7
3808,45.7,45.7
3809,45.7,45.7
3810,45.7,45.7
3811,45.7,45.7
3812,45.7,45.7
3813,45.7,45.7
3814,45.7,45.7
3815,45.7,45.7
3816,45.7,45.7
3817,45.7,45.7
3818,45.7,45.7
3819,45.7,45.7
3820,45.7,45.7
3821,45.7,45.7
3822,45.7,45.7
3823,45.7,45.7
3824,45.7,45.7
3825,45.7,45.7
3826,45.7,45.7
3827,45.7,45.7
3828,45.7,45.7
3829,45.7,45.7
3830,45.7,45.7
3831,45.7,45.7
3832,45.7,45.7
3833,45.7,45.7
3834,45.7,45.7
3835,45.7,45.7
3836,45.7,45.7
3837,45.7,45.7
3838,45.7,45.7
3839,45.7,45.7
3840,45.7,45.7
3841,45.7,45.7
3842,45.7,45.7
3843,45.7,45.7
3844,45.7,45.7
3845,45.7,45.7
3846,45.7,45.7
3847,45.7,45.7
3848,45.7,45.7
3849,45.7,45.7
3850,45.7,45.7
3851,45.7,45.7
3852,45.7,45.7
3853,45.7,45.7
3854,45.7,45.7
3855,45.7,45.7
3856,45.7,45.7
3857,45.7,45.7
3858,45.7,45.7
3859,45.7,45.7
3860,45.7,45.7
3861,45.7,45.7
3862,45.7,45.7
3863,45.7,45.7
3864,45.7,45.7
3865,45.7,45.7
3866,45.7,45.7
3867,45.7,45.7
3868,45.7,45.7
3869,45.7,45.7
3870,45.7,45.7
3871,45.7,45.7
3872,45.7,45.7
3873,45.7,45.7
3874,45.7,45.7
3875,45.7,45.7
3876,45.7,45.7
3877,45.7,45.7
3878,45.7,45.7
3879,45.7,45.7
3880,45.7,45.7
3881,45.7,45.7
3882,45.7,45.7
3883,45.7,45.7
3884,45.7,45.7
3885,45.7,45.7
3886,45.7,45.7
3887,45.7,45.7
3888,45.7,45.7
3889,45.7,45.7
3890,45.7,45.7
3891,45.7,45.7
3892,45.7,45.7
3893,45.7,45.7
3894,45.7,45.7
3895,45.7,45.7
3896,45.7,45.7
3897,45.7,45.7
3898,45.7,45.7
3899,45.7,45.7
3900,45.7,45.7
3901,45.7,45.7
3902,45.7,45.7
3903,45.7,45.7
3904,45.7,45.7
3905,45.7,45.7
3906,45.7,45.7
3907,45.7,45.7
3908,45.7,45.7
3909,45.7,45.7
3910,45.7,45.7
3911,45.7,45.7
3912,45.7,45.7
3913,45.7,45.7
3914,45.7,45.7
3915,45.7,45.7
3916,45.7,45.7
3917,45.7,45.7
3918,45.7,45.7
3919,45.7,45.7
3920,45.7,45.7
3921,45.7,45.7
3922,45.7,45.7
3923,45.7,45.7
3924,45.7,45.7
3925,45.7,45.7
3926,45.7,45.7
3927,45.7,45.7
3928,45.7,45.7
3929,45.7,45.7
3930,45.7,45.7
3931,45.7,45.7
3932,45.7,45.7
3933,45.7,45.7
3934,45.7,45.7
3935,45.7,45.7
3936,45.7,45.7
3937,45.7,45.7
3938,45.7,45.7
3939,45.7,45.7
3940,45.7,45.7
3941,45.7,45.7
3942,45.7,45.7
3943,45.7,45.7
3944,45.7,45.7
3945,45.7,45.7
3946,45.7,45.7
3947,45.7,45.7
3948,45.7,45.7
3949,45.7,45.7
3950,45.7,45.7
3951,45.7,45.7
3952,45.7,45.7
3953,45.7,45.7
3954,45.7,45.7
3955,45.7,45.7
3956,45.7,45.7
3957,45.7,45.7
3958,45.7,45.7
3959,45.7,45.7
3960,45.7,45.7
3961,45.7,45.7
3962,45.7,45.7
3963,45.7,45.7
3964,45.7,45.7
3965,45.7,45.7
3966,45.7,45.7
3967,45.7,45.7
3968,45.7,45.7
3969,45.7,45.7
3970,45.7,45.7
3971,45.7,45.7
3972,45.7,45.7
3973,45.7,45.7
3974,45.7,45.7
3975,45.7,45.7
3976,45.7,45.7
3977,45.7,45.7
3978,45.7,45.7
3979,45.7,45.7
3980,45.7,45.7
3981,45.7,45.7
3982,45.7,45.7
3983,45.7,45.7
3984,45.7,45.7
3985,45.7,45.7
3986,45.7,45.7
3987,45.7,45.7
3988,45.7,45.7
3989,45.7,45.7
3990,45.7,45.7
3991,45.7,45.7
3992,45.7,45.7
3993,45.7,45.7
3994,45.7,45.7
3995,45.7,45.7
3996,45.7,45.7
3997,45.7,45.7
3998,45.7,45.7
3999,45.7,45.7
4000,45.7,45.7
4001,45.7,45.7
4002,45.7,45.7
4003,45.7,45.7
4004,45.7,45.7
4005,45.7,45.7
4006,45.7,45.7
4007,45.7,45.7
4008,45.7,45.7
4009,45.7,45.7
4010,45.7,45.7
4011,45.7,45.7
4012,45.7,45.7
4013,45.7,45.7
4014,45.7,45.7
4015,45.7,45.7
4016,45.7,45.7
4017,45.7,45.7
4018,45.7,45.7
4019,45.7,45.7
4020,45.7,45.7
4021,45.7,45.7
4022,45.7,45.7
4023,45.7,45.7
4024,45.7,45.7
4025,45.7,45.7
4026,45.7,45.7
4027,45.7,45.7
4028,45.7,45.7
4029,45.7,45.7
4030,45.7,45.7
4031,45.7,45.7
4032,45.7,45.7
4033,45.7,45.7
4034,45.7,45.7
4035,45.7,45.7
4036,45.7,45.7
4037,45.7,45.7
4038,45.7,45.7
4039,45.7,45.7
4040,45.7,45.7
4041,45.7,45.7
4042,45.7,45.7
4043,45.7,45.7
4044,45.7,45.7
4045,45.7,45.7
4046,45.7,45.7
4047,45.7,45.7
4048,45.7,45.7
4049,45.7,45.7
4050,45.7,45.7
4051,45.7,45.7
4052,45.7,45.7
4053,45.7,45.7
4054,45.7,45.7
4055,45.7,45.7
4056,45.7,45.7
4057,45.7,45.7
4058,45.7,45.7
4059,45.7,45.7
4060,45.7,45.7
4061,45.7,45.7
4062,45.7,45.7
4063,45.7,45.7
4064,45.7,45.7
4065,45.7,45.7
4066,45.7,45.7
4067,45.7,45.7
4068,45.7,45.7
4069,45.7,45.7
4070,45.7,45.7
4071,45.7,45.7
4072,45.7,45.7
4073,45.7,45.7
4074,45.7,45.7
4075,45.7,45.7
4076,45.7,45.7
4077,45.7,45.7
4078,45.7,45.7
4079,45.7,45.7
4080,45.7,45.7
4081,45.7,45.7
4082,45.7,45.7
4083,45.7,45.7
4084,45.7,45.7
4085,45.7,45.7
4086,45.7,45.7
4087,45.7,45.7
4088,45.7,45.7
4089,45.7,45.7
4090,45.7,45.7
4091,45.7,45.7
4092,45.7,45.7
4093,45.7,45.7
4094,45.7,45.7
4095,45.7,45.7
4096,45.7,45.7
4097,45.7,45.7
4098,45.7,45.7
4099,45.7,45.7
4100,45.7,45.7
4101,45.7,45.7
4102,45.7,45.7
4103,45.7,45.7
4104,45.7,45.7
4105,45.7,45.7
4106,45.7,45.7
4107,45.7,45.7
4108,45.7,45.7
4109,45.7,45.7
4110,45.7,45.7
4111,45.7,45.7
4112,45.7,45.7
4113,45.7,45.7
4114,45.7,45.7
4115,45.7,45.7
4116,45.7,45.7
4117,45.7,45.7
4118,45.7,45.7
4119,45.7,45.7
4120,45.7,45.7
4121,45.7,45.7
4122,45.7,45.7
4123,45.7,45.7
4124,45.7,45.7
4125,45.7,45.7
4126,45.7,45.7
4127,45.7,45.7
4128,45.7,45.7
4129,45.7,45.7
4130,45.7,45.7
4131,45.7,45.7
4132,45.7,45.7
4133,45.7,45.7
4134,45.7,45.7
4135,45.7,45.7
4136,45.7,45.7
4137,45.7,45.7
4138,45.7,45.7
4139,45.7,45.7
4140,45.7,45.7
4141,45.7,45.7
4142,45.7,45.7
4143,45.7,45.7
4144,45.7,45.7
4145,45.7,45.7
4146,45.7,45.7
4147,45.7,45.7
4148,45.7,45.7
4149,45.7,45.7
4150,45.7,45.7
4151,45.7,45.7
4152,45.7,45.7
4153,45.7,45.7
4154,45.7,45.7
4155,45.7,45.7
4156,45.7,45.7
4157,45.7,45.7
4158,45.7,45.7
4159,45.7,45.7
4160,45.7,45.7
4161,45.7,45.7
4162,45.7,45.7
4163,45.7,45.7
4164,45.7,45.7
4165,45.7,45.7
4166,45.7,45.7
4167,45.7,45.7
4168,45.7,45.7
4169,45.7,45.7
4170,45.7,45.7
4171,45.7,45.7
4172,45.7,45.7
4173,45.7,45.7
4174,45.7,45.7
4175,45.7,45.7
4176,45.7,45.7
4177,45.7,45.7
4178,45.7,45.7
4179,45.7,45.7
4180,45.7,45.7
4181,45.7,45.7
4182,45.7,45.7
4183,45.7,45.7
4184,45.7,45.7
4185,45.7,45.7
4186,45.7,45.7
4187,45.7,45.7
4188,45.7,45.7
4189,45.7,45.7
4190,45.7,45.7
4191,45.7,45.7
4192,45.7,45.7
4193,45.7,45.7
4194,45.7,45.7
4195,45.7,45.7
4196,45.7,45.7
4197,45.7,45.7
4198,45.7,45.7
4199,45.7,45.7
4200,45.7,45.7
4201,45.7,45.7
4202,45.7,45.7
4203,45.7,45.7
4204,45.7,45.7
4205,45.7,45.7
4206,45.7,45.7
4207,45.7,45.7
4208,45.7,45.7
4209,45.7,45.7
4210,45.7,45.7
4211,45.7,45.7
4212,45.7,45.7
4213,45.7,45.7
4214,45.7,45.7
4215,45.7,45.7
4216,45.7,45.7
4217,45.7,45.7
4218,45.7,45.7
4219,45.7,45.7
4220,45.7,45.7
4221,45.7,45.7
4222,45.7,45.7
4223,45.7,45.7
4224,45.7,45.7
4225,45.7,45.7
4226,45.7,45.7
4227,45.7,45.7
4228,45.7,45.7
4229,45.7,45.7
4230,45.7,45.7
4231,45.7,45.7
4232,45.7,45.7
4233,45.7,45.7
4234,45.7,45.7
4235,45.7,45.7
4236,45.7,45.7
4237,45.7,45.7
4238,45.7,45.7
4239,45.7,45.7
4240,45.7,45.7
4241,45.7,45.7
4242,45.7,45.7
4243,45.7,45.7
4244,45.7,45.7
4245,45.7,45.7
4246,45.7,45.7
4247,45.7,45.7
4248,45.7,45.7
4249,45.7,45.7
4250,45.7,45.7
4251,45.7,45.7
4252,45.7,45.7
4253,45.7,45.7
4254,45.7,45.7
4255,45.7,45.7
4256,45.7,45.7
4257,45.7,45.7
4258,45.7,45.7
4259,45.7,45.7
4260,45.7,45.7
4261,45.7,45.7
4262,45.7,45.7
4263,45.7,45.7
4264,45.7,45.7
4265,45.7,45.7
4266,45.7,45.7
4267,45.7,45.7
4268,45.7,45.7
4269,45.7,45.7
4270,45.7,45.7
4271,45.7,45.7
4272,45.7,45.7
4273,45.7,45.7
4274,45.7,45.7
4275,45.7,45.7
4276,45.7,45.7
4277,45.7,45.7
4278,45.7,45.7
4279,45.7,45.7
4280,45.7,45.7
4281,45.7,45.7
4282,45.7,45.7
4283,45.7,45.7
4284,45.7,45.7
4285,45.7,45.7
4286,45.7,45.7
4287,45.7,45.7
4288,45.7,45.7
4289,45.7,45.7
4290,45.7,45.7
4291,45.7,45.7
4292,45.7,45.7
4293,45.7,45.7
4294,45.7,45.7
4295,45.7,45.7
4296,45.7,45.7
4297,45.7,45.7
4298,45.7,45.7
4299,45.7,45.7
4300,45.7,45.7
4301,45.7,45.7
4302,45.7,45.7
4303,45.7,45.7
4304,45.7,45.7
4305,45.7,45.7
4306,45.7,45.7
4307,45.7,45.7
4308,45.7,45.7
4309,45.7,45.7
4310,45.7,45.7
4311,45.7,45.7
4312,45.7,45.7
4313,45.7,45.7
4314,45.7,45.7
4315,45.7,45.7
4316,45.7,45.7
4317,45.7,45.7
4318,45.7,45.7
4319,45.7,45.7
4320,45.7,45.7
4321,45.7,45.7
4322,45.7,45.7
4323,45.7,45.7
4324,45.7,45.7
4325,45.7,45.7
4326,45.7,45.7
4327,45.7,45.7
4328,45.7,45.7
4329,45.7,45.7
4330,45.7,45.7
4331,45.7,45.7
4332,45.7,45.7
4333,45.7,45.7
4334,45.7,45.7
4335,45.7,45.7
4336,45.7,45.7
4337,45.7,45.7
4338,45.7,45.7
4339,45.7,45.7
4340,45.7,45.7
4341,45.7,45.7
4342,45.7,45.7
4343,45.7,45.7
4344,45.7,45.7
4345,45.7,45.7
4346,45.7,45.7
4347,45.7,45.7
4348,45.7,45.7
4349,45.7,45.7
4350,45.7,45.7
4351,45.7,45.7
4352,45.7,45.7
4353,45.7,45.7
4354,45.7,45.7
4355,45.7,45.7
4356,45.7,45.7
4357,45.7,45.7
4358,45.7,45.7
4359,45.7,45.7
4360,45.7,45.7
4361,45.7,45.7
4362,45.7,45.7
4363,45.7,45.7
4364,45.7,45.7
4365,45.7,45.7
4366,45.7,45.7
4367,45.7,45.7
4368,45.7,45.7
4369,45.7,45.7
4370,45.7,45.7
4371,45.7,45.7
4372,45.7,45.7
4373,45.7,45.7
4374,45.7,45.7
4375,45.7,45.7
4376,45.7,45.7
4377,45.7,45.7
4378,45.7,45.7
4379,45.7,45.7
4380,45.7,45.7
4381,45.7,45.7
4382,45.7,45.7
4383,45.7,45.7
4384,45.7,45.7
4385,45.7,45.7
4386,45.7,45.7
4387,45.7,45.7
4388,45.7,45.7
4389,45.7,45.7
4390,45.7,45.7
4391,45.7,45.7
4392,45.7,45.7
4393,45.7,45.7
4394,45.7,45.7
4395,45.7,45.7
4396,45.7,45.7
4397,45.7,45.7
4398,45.7,45.7
4399,45.7,45.7
4400,45.7,45.7
4401,45.7,45.7
4402,45.7,45.7
4403,45.7,45.7
4404,45.7,45.7
4405,45.7,45.7
4406,45.7,45.7
4407,45.7,45.7
4408,45.7,45.7
4409,45.7,45.7
4410,45.7,45.7
4411,45.7,45.7
4412,45.7,45.7
4413,45.7,45.7
4414,45.7,45.7
4415,45.7,45.7
4416,45.7,45.7
4417,45.7,45.7
4418,45.7,45.7
4419,45.7,45.7
4420,45.7,45.7
4421,45.7,45.7
4422,45.7,45.7
4423,45.7,45.7
4424,45.7,45.7
4425,45.7,45.7
4426,45.7,45.7
4427,45.7,45.7
4428,45.7,45.7
4429,45.7,45.7
4430,45.7,45.7
4431,45.7,45.7
4432,45.7,45.7
4433,45.7,45.7
4434,45.7,45.7
4435,45.7,45.7
4436,45.7,45.7
4437,45.7,45.7
4438,45.7,45.7
4439,45.7,45.7
4440,45.7,45.7
4441,45.7,45.7
4442,45.7,45.7
4443,45.7,45.7
4444,45.7,45.7
4445,45.7,45.7
4446,45.7,45.7
4447,45.7,45.7
4448,45.7,45.7
4449,45.7,45.7
4450,45.7,45.7
4451,45.7,45.7
4452,45.7,45.7
4453,45.7,45.7
4454,45.7,45.7
4455,45.7,45.7
4456,45.7,45.7
4457,45.7,45.7
4458,45.7,45.7
4459,45.7,45.7
4460,45.7,45.7
4461,45.7,45.7
4462,45.7,45.7
4463,45.7,45.7
4464,45.7,45.7
4465,45.7,45.7
4466,45.7,45.7
4467,45.7,45.7
4468,45.7,45.7
4469,45.7,45.7
4470,45.7,45.7
4471,45.7,45.7
4472,45.7,45.7
4473,45.7,45.7
4474,45.7,45.7
4475,45.7,45.7
4476,45.7,45.7
4477,45.7,45.7
4478,45.7,45.7
4479,45.7,45.7
4480,45.7,45.7
4481,45.7,45.7
4482,45.7,45.7
4483,45.7,45.7
4484,45.7,45.7
4485,45.7,45.7
4486,45.7,45.7
4487,45.7,45.7
4488,45.7,45.7
4489,45.7,45.7
4490,45.7,45.7
4491,45.7,45.7
4492,45.7,45.7
4493,45.7,45.7
4494,45.7,45.7
4495,45.7,45.7
4496,45.7,45.7
4497,45.7,45.7
4498,45.7,45.7
4499,45.7,45.7
4500,45.7,45.7
4501,45.7,45.7
4502,45.7,45.7
4503,45.7,45.7
4504,45.7,45.7
4505,45.7,45.7
4506,45.7,45.7
4507,45.7,45.7
4508,45.7,45.7
4509,45.7,45.7
4510,45.7,45.7
4511,45.7,45.7
4512,45.7,45.7
4513,45.7,45.7
4514,45.7,45.7
4515,45.7,45.7
4516,45.7,45.7
4517,45.7,45.7
4518,45.7,45.7
4519,45.7,45.7
4520,45.7,45.7
4521,45.7,45.7
4522,45.7,45.7
4523,45.7,45.7
4524,45.7,45.7
4525,45.7,45.7
4526,45.7,45.7
4527,45.7,45.7
4528,45.7,45.7
4529,45.7,45.7
4530,45.7,45.7
4531,45.7,45.7
4532,45.7,45.7
4533,45.7,45.7
4534,45.7,45.7
4535,45.7,45.7
4536,45.7,45.7
4537,45.7,45.7
4538,45.7,45.7
4539,45.7,45.7
4540,45.7,45.7
4541,45.7,45.7
4542,45.7,45.7
4543,45.7,45.7
4544,45.7,45.7
4545,45.7,45.7
4546,45.7,45.7
4547,45.7,45.7
4548,45.7,45.7
4549,45.7,45.7
4550,45.7,45.7
4551,45.7,45.7
4552,45.7,45.7
4553,45.7,45.7
4554,45.7,45.7
4555,45.7,45.7
4556,45.7,45.7
4557,45.7,45.7
4558,45.7,45.7
4559,45.7,45.7
4560,45.7,45.7
4561,45.7,45.7
4562,45.7,45.7
4563,45.7,45.7
4564,45.7,45.7
4565,45.7,45.7
4566,45.7,45.7
4567,45.7,45.7
4568,45.7,45.7
4569,45.7,45.7
4570,45.7,45.7
4571,45.7,45.7
4572,45.7,45.7
4573,45.7,45.7
4574,45.7,45.7
4575,45.7,45.7
4576,45.7,45.7
4577,45.7,45.7
4578,45.7,45.7
4579,45.7,45.7
4580,45.7,45.7
4581,45.7,45.7
4582,45.7,45.7
4583,45.7,45.7
4584,45.7,45.7
4585,45.7,45.7
4586,45.7,45.7
4587,45.7,45.7
4588,45.7,45.7
4589,45.7,45.7
4590,45.7,45.7
4591,45.7,45.7
4592,45.7,45.7
4593,45.7,45.7
4594,45.7,45.7
4595,45.7,45.7
4596,45.7,45.7
4597,45.7,45.7
4598,45.7,45.7
4599,45.7,45.7
4600,45.7,45.7
4601,45.7,45.7
4602,45.7,45.7
4603,45.7,45.7
4604,45.7,45.7
4605,45.7,45.7
4606,45.7,45.7
4607,45.7,45.7
4608,45.7,45.7
4609,45.7,45.7
4610,45.7,45.7
4611,45.7,45.7
4612,45.7,45.7
4613,45.7,45.7
4614,45.7,45.7
4615,45.7,45.7
4616,45.7,45.7
4617,45.7,45.7
4618,45.7,45.7
4619,45.7,45.7
4620,45.7,45.7
4621,45.7,45.7
4622,45.7,45.7
4623,45.7,45.7
4624,45.7,45.7
4625,45.7,45.7
4626,45.7,45.7
4627,45.7,45.7
4628,45.7,45.7
4629,45.7,45.7
4630,45.7,45.7
4631,45.7,45.7
4632,45.7,45.7
4633,45.7,45.7
4634,45.7,45.7
4635,45.7,45.7
4636,45.7,45.7
4637,45.7,45.7
4638,45.7,45.7
4639,45.7,45.7
4640,45.7,45.7
4641,45.7,45.7
4642,45.7,45.7
4643,45.7,45.7
4644,45.7,45.7
4645,45.7,45.7
4646,45.7,45.7
4647,45.7,45.7
4648,45.7,45.7
4649,45.7,45.7
4650,45.7,45.7
4651,45.7,45.7
4652,45.7,45.7
4653,45.7,45.7
4654,45.7,45.7
4655,45.7,45.7
4656,45.7,45.7
4657,45.7,45.7
4658,45.7,45.7
4659,45.7,45.7
4660,45.7,45.7
4661,45.7,45.7
4662,45.7,45.7
4663,45.7,45.7
4664,45.7,45.7
4665,45.7,45.7
4666,45.7,45.7
4667,45.7,45.7
4668,45.7,45.7
4669,45.7,45.7
4670,45.7,45.7
4671,45.7,45.7
4672,45.7,45.7
4673,45.7,45.7
4674,45.7,45.7
4675,45.7,45.7
4676,45.7,45.7
4677,45.7,45.7
4678,45.7,45.7
4679,45.7,45.7
4680,45.7,45.7
4681,45.7,45.7
4682,45.7,45.7
4683,45.7,45.7
4684,45.7,45.7
4685,45.7,45.7
4686,45.7,45.7
4687,45.7,45.7
4688,45.7,45.7
4689,45.7,45.7
4690,45.7,45.7
4691,45.7,45.7
4692,45.7,45.7
4693,45.7,45.7
4694,45.7,45.7
4695,45.7,45.7
4696,45.7,45.7
4697,45.7,45.7
4698,45.7,45.7
4699,45.7,45.7
4700,45.7,45.7
4701,45.7,45.7
4702,45.7,45.7
4703,45.7,45.7
4704,45.7,45.7
4705,45.7,45.7
4706,45.7,45.7
4707,45.7,45.7
4708,45.7,45.7
4709,45.7,45.7
4710,45.7,45.7
4711,45.7,45.7
4712,45.7,45.7
4713,45.7,45.7
4714,45.7,45.7
4715,45.7,45.7
4716,45.7,45.7
4717,45.7,45.7
4718,45.7,45.7
4719,45.7,45.7
4720,45.7,45.7
4721,45.7,45.7
4722,45.7,45.7
4723,45.7,45.7
4724,45.7,45.7
4725,45.7,45.7
4726,45.7,45.7
4727,45.7,45.7
4728,45.7,45.7
4729,45.7,45.7
4730,45.7,45.7
4731,45.7,45.7
4732,45.7,45.7
4733,45.7,45.7
4734,45.7,45.7
4735,45.7,45.7
4736,45.7,45.7
4737,45.7,45.7
4738,45.7,45.7
4739,45.7,45.7
4740,45.7,45.7
4741,45.7,45.7
4742,45.7,45.7
4743,45.7,45.7
4744,45.7,45.7
4745,45.7,45.7
4746,45.7,45.7
4747,45.7,45.7
4748,45.7,45.7
4749,45.7,45.7
4750,45.7,45.7
4751,45.7,45.7
4752,45.7,45.7
4753,45.7,45.7
4754,45.7,45.7
4755,45.7,45.7
4756,45.7,45.7
4757,45.7,45.7
4758,45.7,45.7
4759,45.7,45.7
4760,45.7,45.7
4761,45.7,45.7
4762,45.7,45.7
4763,45.7,45.7
4764,45.7,45.7
4765,45.7,45.7
4766,45.7,45.7
4767,45.7,45.7
4768,45.7,45.7
4769,45.7,45.7
4770,45.7,45.7
4771,45.7,45.7
4772,45.7,45.7
4773,45.7,45.7
4774,45.7,45.7
4775,45.7,45.7
4776,45.7,45.7
4777,45.7,45.7
4778,45.7,45.7
4779,45.7,45.7
4780,45.7,45.7
4781,45.7,45.7
4782,45.7,45.7
4783,45.7,45.7
4784,45.7,45.7
4785,45.7,45.7
4786,45.7,45.7
4787,45.7,45.7
4788,45.7,45.7
4789,45.7,45.7
4790,45.7,45.7
4791,45.7,45.7
4792,45.7,45.7
4793,45.7,45.7
4794,45.7,45.7
4795,45.7,45.7
4796,45.7,45.7
4797,45.7,45.7
4798,45.7,45.7
4799,45.7,45.7
4800,45.7,45.7
4801,45.7,45.7
4802,45.7,45.7
4803,45.7,45.7
4804,45.7,45.7
4805,45.7,45.7
4806,45.7,45.7
4807,45.7,45.7
4808,45.7,45.7
4809,45.7,45.7
4810,45.7,45.7
4811,45.7,45.7
4812,45.7,45.7
4813,45.7,45.7
4814,45.7,45.7
4815,45.7,45.7
4816,45.7,45.7
4817,45.7,45.7
4818,45.7,45.7
4819,45.7,45.7
4820,45.7,45.7
4821,45.7,45.7
4822,45.7,45.7
4823,45.7,45.7
4824,45.7,45.7
4825,45.7,45.7
4826,45.7,45.7
4827,45.7,45.7
4828,45.7,45.7
4829,45.7,45.7
4830,45.7,45.7
4831,45.7,45.7
4832,45.7,45.7
4833,45.7,45.7
4834,45.7,45.7
4835,45.7,45.7
4836,45.7,45.7
4837,45.7,45.7
4838,45.7,45.7
4839,45.7,45.7
4840,45.7,45.7
4841,45.7,45.7
4842,45.7,45.7
4843,45.7,45.7
4844,45.7,45.7
4845,45.7,45.7
4846,45.7,45.7
4847,45.7,45.7
4848,45.7,45.7
4849,45.7,45.7
4850,45.7,45.7
4851,45.7,45.7
4852,45.7,45.7
4853,45.7,45.7
4854,45.7,45.7
4855,45.7,45.7
4856,45.7,45.7
4857,45.7,45.7
4858,45.7,45.7
4859,45.7,45.7
4860,45.7,45.7
4861,45.7,45.7
4862,45.7,45.7
4863,45.7,45.7
4864,45.7,45.7
4865,45.7,45.7
4866,45.7,45.7
4867,45.7,45.7
4868,45.7,45.7
4869,45.7,45.7
4870,45.7,45.7
4871,45.7,45.7
4872,45.7,45.7
4873,45.7,45.7
4874,45.7,45.7
4875,45.7,45.7
4876,45.7,45.7
4877,45.7,45.7
4878,45.7,45.7
4879,45.7,45.7
4880,45.7,45.7
4881,45.7,45.7
4882,45.7,45.7
4883,45.7,45.7
4884,45.7,45.7
4885,45.7,45.7
4886,45.7,45.7
4887,45.7,45.7
4888,45.7,45.7
4889,45.7,45.7
4890,45.7,45.7
4891,45.7,45.7
4892,45.7,45.7
4893,45.7,45.7
4894,45.7,45.7
4895,45.7,45.7
4896,45.7,45.7
4897,45.7,45.7
4898,45.7,45.7
4899,45.7,45.7
4900,45.7,45.7
4901,45.7,45.7
4902,45.7,45.7
4903,45.7,45.7
4904,45.7,45.7
4905,45.7,45.7
4906,45.7,45.7
4907,45.7,45.7
4908,45.7,45.7
4909,45.7,45.7
4910,45.7,45.7
4911,45.7,45.7
4912,45.7,45.7
4913,45.7,45.7
4914,45.7,45.7
4915,45.7,45.7
4916,45.7,45.7
4917,45.7,45.7
4918,45.7,45.7
4919,45.7,45.7
4920,45.7,45.7
4921,45.7,45.7
4922,45.7,45.7
4923,45.7,45.7
4924,45.7,45.7
4925,45.7,45.7
4926,45.7,45.7
4927,45.7,45.7
4928,45.7,45.7
4929,45.7,45.7
4930,45.7,45.7
4931,45.7,45.7
4932,45.7,45.7
4933,45.7,45.7
4934,45.7,45.7
4935,45.7,45.7
4936,45.7,45.7
4937,45.7,45.7
4938,45.7,45.7
4939,45.7,45.7
4940,45.7,45.7
4941,45.7,45.7
4942,45.7,45.7
4943,45.7,45.7
4944,45.7,45.7
4945,45.7,45.7
4946,45.7,45.7
4947,45.7,45.7
4948,45.7,45.7
4949,45.7,45.7
4950,45.7,45.7
4951,45.7,45.7
4952,45.7,45.7
4953,45.7,45.7
4954,45.7,45.7
4955,45.7,45.7
4956,45.7,45.7
4957,45.7,45.7
4958,45.7,45.7
4959,45.7,45.7
4960,45.7,45.7
4961,45.7,45.7
4962,45.7,45.7
4963,45.7,45.7
4964,45.7,45.7
4965,45.7,45.7
4966,45.7,45.7
4967,45.7,45.7
4968,45.7,45.7
4969,45.7,45.7
4970,45.7,45.7
4971,45.7,45.7
4972,45.7,45.7
4973,45.7,45.7
4974,45.7,45.7
4975,45.7,45.7
4976,45.7,45.7
4977,45.7,45.7
4978,45.7,45.7
4979,45.7,45.7
4980,45.7,45.7
4981,45.7,45.7
4982,45.7,45.7
4983,45.7,45.7
4984,45.7,45.7
4985,45.7,45.7
4986,45.7,45.7
4987,45.7,45.7
4988,45.7,45.7
4989,45.7,45.7
4990,45.7,45.7
4991,45.7,45.7
4992,45.7,45.7
4993,45.7,45.7
4994,45.7,45.7
4995,45.7,45.7
4996,45.7,45.7
4997,45.7,45.7
4998,45.7,45.7
4999,45.7,45.7
