,hsa_js,add_js
0,3.1,0.0
1,3.1,0.0
2,3.1,0.0
3,3.1,0.0
4,3.1,0.0
5,3.1,0.0
6,3.1,0.0
7,3.1,0.0
8,3.1,0.0
9,3.1,0.0
10,3.1,0.0
11,3.1,0.0
12,3.1,0.0
13,3.1,0.0
14,3.1,0.0
15,3.1,0.0
16,3.1,0.0
17,3.1,0.0
18,3.1,0.0
19,3.1,0.0
20,3.1,0.0
21,3.1,0.0
22,3.1,0.0
23,3.1,0.0
24,3.1,0.0
25,3.1,0.0
26,3.1,0.0
27,3.1,0.0
28,3.1,0.0
29,3.1,0.0
30,3.1,0.0
31,3.1,0.0
32,3.1,0.0
33,3.1,0.0
34,3.1,0.0
35,3.1,0.0
36,3.1,0.0
37,3.1,0.0
38,3.1,0.0
39,3.1,0.0
40,3.1,0.0
41,3.1,0.0
42,3.1,0.0
43,3.1,0.0
44,3.1,0.0
45,3.1,0.0
46,3.1,0.0
47,3.1,0.0
48,3.1,0.0
49,3.1,0.0
50,3.1,0.0
51,3.1,0.0
52,3.1,0.0
53,3.1,0.0
54,3.1,0.0
55,3.1,0.0
56,3.1,0.0
57,3.1,0.0
58,3.1,0.0
59,3.1,0.0
60,3.1,0.0
61,3.1,0.0
62,3.1,0.0
63,3.1,0.0
64,3.1,0.0
65,3.1,0.0
66,3.1,0.0
67,3.1,0.0
68,3.1,0.0
69,3.1,0.0
70,3.1,0.0
71,3.1,0.0
72,3.1,0.0
73,3.1,0.0
74,3.1,0.0
75,3.1,0.0
76,3.1,0.0
77,3.1,0.0
78,3.1,0.0
79,3.1,0.0
80,3.1,0.0
81,3.1,0.0
82,3.1,0.0
83,3.1,0.0
84,3.1,0.0
85,3.2,0.0
86,3.2,0.0
87,3.2,0.0
88,3.2,0.0
89,3.4000000000000004,0.0
90,3.5,0.0
91,3.5,0.0
92,3.5,0.0
93,3.5,0.0
94,3.6,0.0
95,3.6,0.0
96,3.6,0.0
97,3.6,0.0
98,3.6,0.0
99,3.6,0.0
100,3.6,0.0
101,3.6,0.0
102,3.6,0.0
103,3.6,0.0
104,3.6,0.0
105,3.6,0.0
106,3.6,0.0
107,3.6,0.0
108,3.6,0.0
109,3.6,0.0
110,3.6,0.0
111,3.6,0.0
112,3.6,0.0
113,3.6,0.0
114,3.6,0.0
115,3.6,0.0
116,3.6,0.0
117,3.6,0.0
118,3.6,0.0
119,3.6,0.0
120,3.6,0.0
121,3.6,0.0
122,3.6,0.0
123,3.6,0.0
124,3.6,0.0
125,3.6,0.0
126,3.6,0.0
127,3.6,0.0
128,3.6,0.0
129,3.6,0.0
130,3.6,0.0
131,3.6,0.0
132,3.6,0.0
133,3.6,0.0
134,3.6,0.0
135,3.6,0.0
136,3.6,0.0
137,3.6,0.0
138,3.6,0.0
139,3.6,0.0
140,3.6,0.0
141,3.6,0.0
142,3.6,0.0
143,3.6,0.0
144,3.6,0.0
145,3.6,0.0
146,3.6,0.0
147,3.6,0.0
148,3.6,0.0
149,3.6,0.0
150,3.6,0.0
151,3.6,0.0
152,3.6,0.0
153,3.6,0.0
154,3.6,0.0
155,3.6,0.0
156,3.6,0.0
157,3.6,0.0
158,3.6,0.0
159,3.6,0.0
160,3.6,0.0
161,3.6,0.0
162,3.6,0.0
163,3.6,0.0
164,3.6,0.0
165,3.6,0.0
166,3.6,0.0
167,3.6,0.0
168,3.6,0.0
169,3.6,0.0
170,3.6,0.0
171,3.6,0.0
172,3.6,0.0
173,3.6,0.0
174,3.6,0.0
175,3.6,0.0
176,3.6,0.0
177,3.6,0.0
178,3.6,0.0
179,3.6,0.0
180,3.6,0.0
181,3.6,0.0
182,3.8000000000000003,0.0
183,3.8000000000000003,0.0
184,3.8000000000000003,0.0
185,3.8000000000000003,0.0
186,3.8000000000000003,0.0
187,3.8000000000000003,0.0
188,3.8000000000000003,0.0
189,4.3,0.0
190,4.3,0.0
191,4.3,0.0
192,4.3,0.0
193,4.3,0.0
194,4.3,0.0
195,4.3,0.0
196,4.3,0.0
197,4.3,0.0
198,4.3,0.0
199,4.3,0.0
200,4.3,0.0
201,4.3,0.0
202,4.3,0.0
203,4.3,0.0
204,4.3,0.0
205,4.3,0.0
206,4.3,0.0
207,4.3,0.0
208,4.3,0.0
209,4.3,0.0
210,4.3,0.0
211,4.3,0.0
212,4.3,0.0
213,4.3,0.0
214,4.3,0.0
215,4.3,0.0
216,4.3,0.0
217,4.3,0.0
218,4.3,0.0
219,4.3,0.0
220,4.3,0.0
221,4.3,0.0
222,4.3,0.0
223,4.3,0.0
224,4.3,0.0
225,4.3,0.0
226,4.3,0.0
227,4.3,0.0
228,4.3,0.0
229,4.3,0.0
230,4.3,0.0
231,4.3,0.0
232,4.3,0.0
233,4.3,0.0
234,4.3,0.0
235,4.3,0.0
236,4.3,0.0
237,4.3,0.0
238,4.3,0.0
239,4.4,0.0
240,4.4,0.0
241,4.4,0.0
242,4.4,0.0
243,4.4,0.0
244,4.4,0.0
245,4.5,0.0
246,4.5,0.0
247,4.5,0.0
248,4.5,0.0
249,4.5,0.0
250,4.5,0.0
251,4.5,0.0
252,4.5,0.0
253,4.5,0.0
254,4.5,0.0
255,4.5,0.0
256,4.5,0.0
257,4.5,0.0
258,4.5,0.0
259,4.5,0.0
260,4.5,0.0
261,4.5,0.0
262,4.5,0.0
263,4.5,0.0
264,4.5,0.0
265,4.5,0.0
266,4.5,0.0
267,4.5,0.0
268,4.5,0.0
269,4.5,0.0
270,4.5,0.0
271,4.5,0.0
272,4.5,0.0
273,4.5,0.0
274,4.5,0.0
275,4.5,0.0
276,4.5,0.0
277,4.5,0.0
278,4.5,0.0
279,4.5,0.0
280,4.5,0.0
281,4.5,0.0
282,4.5,0.0
283,4.5,0.0
284,4.5,0.0
285,4.5,0.0
286,4.5,0.0
287,4.5,0.0
288,4.5,0.0
289,4.5,0.0
290,4.5,0.0
291,4.5,0.0
292,4.5,0.0
293,4.5,0.0
294,4.5,0.0
295,4.5,0.0
296,4.5,0.0
297,4.5,0.0
298,4.5,0.0
299,4.5,0.0
300,4.5,0.0
301,4.5,0.0
302,4.5,0.0
303,4.5,0.0
304,4.5,0.0
305,4.5,0.0
306,4.5,0.0
307,4.5,0.0
308,4.5,0.0
309,4.5,0.0
310,4.5,0.0
311,4.5,0.0
312,4.5,0.0
313,4.5,0.0
314,4.5,0.0
315,4.5,0.0
316,4.7,0.0
317,4.7,0.0
318,4.7,0.0
319,4.7,0.0
320,4.7,0.0
321,4.7,0.0
322,4.7,0.0
323,4.7,0.0
324,4.7,0.0
325,4.7,0.0
326,4.7,0.0
327,4.7,0.0
328,4.800000000000001,0.0
329,4.800000000000001,0.0
330,4.800000000000001,0.0
331,4.800000000000001,0.0
332,4.800000000000001,0.0
333,4.800000000000001,0.0
334,4.800000000000001,0.0
335,5.0,0.0
336,5.0,0.0
337,5.0,0.0
338,5.0,0.0
339,5.0,0.0
340,5.0,0.0
341,5.0,0.0
342,5.0,0.0
343,5.0,0.0
344,5.0,0.0
345,5.0,0.0
346,5.0,0.0
347,5.0,0.0
348,5.0,0.0
349,5.0,0.0
350,5.2,0.0
351,5.2,0.0
352,5.2,0.0
353,5.2,0.0
354,5.2,0.0
355,5.2,0.0
356,5.2,0.0
357,5.2,0.0
358,5.2,0.0
359,5.2,0.0
360,5.2,0.0
361,5.2,0.0
362,5.2,0.0
363,5.2,0.0
364,5.2,0.0
365,5.2,0.0
366,5.2,0.0
367,5.2,0.0
368,5.2,0.0
369,5.2,0.0
370,5.2,0.0
371,5.2,0.0
372,5.2,0.0
373,5.2,0.0
374,5.2,0.0
375,5.2,0.0
376,5.2,0.0
377,5.4,0.0
378,5.4,0.0
379,5.4,0.0
380,5.4,0.0
381,5.4,0.0
382,5.4,0.0
383,5.4,0.0
384,5.4,0.0
385,5.4,0.0
386,5.4,0.0
387,5.4,0.0
388,5.4,0.0
389,5.4,0.0
390,5.4,0.0
391,5.4,0.0
392,5.4,0.0
393,5.4,0.0
394,5.4,0.0
395,5.4,0.0
396,5.4,0.0
397,5.4,0.0
398,5.4,0.0
399,5.4,0.0
400,5.7,0.0
401,5.7,0.0
402,5.7,0.0
403,5.7,0.0
404,5.7,0.0
405,5.7,0.0
406,5.7,0.0
407,5.7,0.0
408,5.7,0.0
409,5.7,0.0
410,5.7,0.0
411,5.7,0.0
412,5.7,0.0
413,5.7,0.0
414,5.7,0.0
415,5.7,0.0
416,5.7,0.0
417,5.7,0.0
418,5.7,0.0
419,5.7,0.0
420,5.7,0.0
421,5.7,0.0
422,5.7,0.0
423,5.7,0.0
424,5.7,0.0
425,5.7,0.0
426,5.7,0.0
427,5.7,0.0
428,5.7,0.0
429,5.7,0.0
430,5.7,0.0
431,5.7,0.0
432,5.7,0.0
433,5.7,0.0
434,5.7,0.0
435,5.7,0.0
436,5.7,0.0
437,5.7,0.0
438,5.7,0.0
439,5.7,0.0
440,5.7,0.0
441,5.7,0.0
442,5.7,0.0
443,5.7,0.0
444,5.7,0.0
445,5.7,0.0
446,5.7,0.0
447,5.7,0.0
448,5.7,0.0
449,5.7,0.0
450,5.7,0.0
451,5.7,0.0
452,5.7,0.0
453,5.7,0.0
454,5.7,0.0
455,5.7,0.0
456,5.7,0.0
457,5.7,0.0
458,5.7,0.0
459,5.7,0.0
460,5.7,0.0
461,5.7,0.0
462,5.7,0.0
463,5.7,0.0
464,5.7,0.0
465,5.7,0.0
466,5.7,0.0
467,5.7,0.0
468,5.7,0.0
469,5.7,0.0
470,5.9,0.0
471,5.9,0.0
472,5.9,0.0
473,5.9,0.0
474,5.9,0.0
475,5.9,0.0
476,5.9,0.0
477,5.9,0.0
478,5.9,0.0
479,5.9,0.0
480,5.9,0.0
481,6.1000000000000005,0.0
482,6.1000000000000005,0.0
483,6.1000000000000005,0.0
484,6.1000000000000005,0.0
485,6.1000000000000005,0.0
486,6.2,0.0
487,6.2,0.0
488,6.2,0.0
489,6.2,0.0
490,6.2,0.0
491,6.2,0.0
492,6.2,0.0
493,6.2,0.0
494,6.2,0.0
495,6.2,0.0
496,6.2,0.0
497,6.2,0.0
498,6.2,0.0
499,6.2,0.0
500,6.2,0.0
501,6.4,0.0
502,6.4,0.0
503,6.4,0.0
504,6.4,0.0
505,6.4,0.0
506,6.4,0.0
507,6.4,0.0
508,6.4,0.0
509,6.4,0.0
510,6.4,0.0
511,6.4,0.0
512,6.4,0.0
513,6.4,0.0
514,6.4,0.0
515,6.4,0.0
516,6.4,0.0
517,6.4,0.0
518,6.4,0.0
519,6.4,0.0
520,6.4,0.0
521,6.4,0.0
522,6.4,0.0
523,6.4,0.0
524,6.4,0.0
525,6.4,0.0
526,6.6000000000000005,0.0
527,6.6000000000000005,0.0
528,6.6000000000000005,0.0
529,6.6000000000000005,0.0
530,6.6000000000000005,0.0
531,6.6000000000000005,0.0
532,6.6000000000000005,0.0
533,6.6000000000000005,0.0
534,6.6000000000000005,0.0
535,6.6000000000000005,0.0
536,6.6000000000000005,0.0
537,6.6000000000000005,0.0
538,6.6000000000000005,0.0
539,6.6000000000000005,0.0
540,6.6000000000000005,0.0
541,6.6000000000000005,0.0
542,6.6000000000000005,0.0
543,6.6000000000000005,0.0
544,6.6000000000000005,0.0
545,6.6000000000000005,0.0
546,6.6000000000000005,0.0
547,6.6000000000000005,0.0
548,6.6000000000000005,0.0
549,6.6000000000000005,0.0
550,6.6000000000000005,0.0
551,6.6000000000000005,0.0
552,6.6000000000000005,0.0
553,6.9,0.0
554,6.9,0.0
555,6.9,0.0
556,6.9,0.0
557,6.9,0.0
558,6.9,0.0
559,6.9,0.0
560,6.9,0.0
561,6.9,0.0
562,6.9,0.0
563,6.9,0.0
564,6.9,0.0
565,6.9,0.0
566,6.9,0.0
567,6.9,0.0
568,6.9,0.0
569,6.9,0.0
570,6.9,0.0
571,6.9,0.0
572,6.9,0.0
573,6.9,0.0
574,6.9,0.0
575,6.9,0.0
576,6.9,0.0
577,6.9,0.0
578,6.9,0.0
579,6.9,0.0
580,6.9,0.0
581,6.9,0.0
582,7.1000000000000005,0.0
583,7.1000000000000005,0.0
584,7.1000000000000005,0.0
585,7.1000000000000005,0.0
586,7.1000000000000005,0.0
587,7.1000000000000005,0.0
588,7.1000000000000005,0.0
589,7.1000000000000005,0.0
590,7.1000000000000005,0.0
591,7.1000000000000005,0.0
592,7.1000000000000005,0.0
593,7.1000000000000005,0.0
594,7.1000000000000005,0.0
595,7.1000000000000005,0.0
596,7.1000000000000005,0.0
597,7.1000000000000005,0.0
598,7.1000000000000005,0.0
599,7.1000000000000005,0.0
600,7.1000000000000005,0.0
601,7.1000000000000005,0.0
602,7.1000000000000005,0.0
603,7.300000000000001,0.0
604,7.300000000000001,0.0
605,7.300000000000001,0.0
606,7.300000000000001,0.0
607,7.300000000000001,0.0
608,7.300000000000001,0.0
609,7.300000000000001,0.0
610,7.5,0.0
611,7.5,0.0
612,7.5,0.0
613,7.5,0.0
614,7.5,0.0
615,7.6000000000000005,0.0
616,7.6000000000000005,0.0
617,7.6000000000000005,0.0
618,7.6000000000000005,0.0
619,7.6000000000000005,0.0
620,7.6000000000000005,0.0
621,7.6000000000000005,0.0
622,7.6000000000000005,0.0
623,7.800000000000001,0.0
624,7.800000000000001,0.0
625,7.800000000000001,0.0
626,7.800000000000001,0.0
627,7.800000000000001,0.0
628,7.800000000000001,0.0
629,7.800000000000001,0.0
630,7.800000000000001,0.0
631,7.800000000000001,0.0
632,7.800000000000001,0.0
633,7.800000000000001,0.0
634,7.800000000000001,0.0
635,7.800000000000001,0.0
636,7.800000000000001,0.0
637,7.800000000000001,0.0
638,7.800000000000001,0.0
639,7.800000000000001,0.0
640,7.800000000000001,0.0
641,7.800000000000001,0.0
642,7.800000000000001,0.0
643,7.800000000000001,0.0
644,7.800000000000001,0.0
645,7.800000000000001,0.0
646,7.800000000000001,0.0
647,7.800000000000001,0.0
648,7.800000000000001,0.0
649,7.800000000000001,0.0
650,7.800000000000001,0.0
651,7.800000000000001,0.0
652,7.800000000000001,0.0
653,7.800000000000001,0.0
654,7.800000000000001,0.0
655,7.800000000000001,0.0
656,7.800000000000001,0.0
657,7.800000000000001,0.0
658,7.800000000000001,0.0
659,7.800000000000001,0.0
660,7.800000000000001,0.0
661,7.800000000000001,0.0
662,7.800000000000001,0.0
663,7.800000000000001,0.0
664,7.800000000000001,0.0
665,7.800000000000001,0.0
666,7.800000000000001,0.0
667,7.800000000000001,0.0
668,7.800000000000001,0.0
669,7.800000000000001,0.0
670,7.800000000000001,0.0
671,7.800000000000001,0.0
672,7.800000000000001,0.0
673,7.800000000000001,0.0
674,7.800000000000001,0.0
675,7.800000000000001,0.0
676,7.800000000000001,0.0
677,7.800000000000001,0.0
678,7.800000000000001,0.0
679,7.800000000000001,0.0
680,7.800000000000001,0.0
681,7.800000000000001,0.0
682,7.800000000000001,0.0
683,7.800000000000001,0.0
684,7.800000000000001,0.0
685,7.800000000000001,0.0
686,7.800000000000001,0.0
687,7.800000000000001,0.0
688,7.800000000000001,0.0
689,7.800000000000001,0.0
690,7.800000000000001,0.0
691,7.800000000000001,0.0
692,7.800000000000001,0.0
693,7.800000000000001,0.0
694,7.800000000000001,0.0
695,7.800000000000001,0.0
696,7.800000000000001,0.0
697,7.800000000000001,0.0
698,7.800000000000001,0.0
699,7.800000000000001,0.0
700,7.800000000000001,0.0
701,7.800000000000001,0.0
702,7.800000000000001,0.0
703,7.800000000000001,0.0
704,7.800000000000001,0.0
705,7.800000000000001,0.0
706,7.800000000000001,0.0
707,7.800000000000001,0.0
708,8.1,0.0
709,8.1,0.0
710,8.1,0.0
711,8.1,0.0
712,8.1,0.0
713,8.1,0.0
714,8.1,0.0
715,8.1,0.0
716,8.1,0.0
717,8.1,0.0
718,8.1,0.0
719,8.1,0.0
720,8.1,0.0
721,8.200000000000001,0.0
722,8.200000000000001,0.0
723,8.200000000000001,0.0
724,8.200000000000001,0.0
725,8.200000000000001,0.0
726,8.200000000000001,0.0
727,8.200000000000001,0.0
728,8.200000000000001,0.0
729,8.200000000000001,0.0
730,8.200000000000001,0.0
731,8.200000000000001,0.0
732,8.200000000000001,0.0
733,8.200000000000001,0.0
734,8.200000000000001,0.0
735,8.200000000000001,0.0
736,8.200000000000001,0.0
737,8.200000000000001,0.0
738,8.200000000000001,0.0
739,8.200000000000001,0.0
740,8.200000000000001,0.0
741,8.3,0.0
742,8.3,0.0
743,8.3,0.0
744,8.3,0.0
745,8.3,0.0
746,8.3,0.0
747,8.3,0.0
748,8.3,0.0
749,8.3,0.0
750,8.3,0.0
751,8.3,0.0
752,8.3,0.0
753,8.3,0.0
754,8.3,0.0
755,8.3,0.0
756,8.3,0.0
757,8.3,0.0
758,8.5,0.0
759,8.5,0.0
760,8.5,0.0
761,8.5,0.0
762,8.5,0.0
763,8.5,0.0
764,8.5,0.0
765,8.5,0.0
766,8.5,0.0
767,8.5,0.0
768,8.5,0.0
769,8.5,0.0
770,8.5,0.0
771,8.5,0.0
772,8.5,0.0
773,8.5,0.0
774,8.700000000000001,0.0
775,8.700000000000001,0.0
776,8.700000000000001,0.0
777,8.700000000000001,0.0
778,8.700000000000001,0.0
779,8.700000000000001,0.0
780,8.700000000000001,0.0
781,8.700000000000001,0.0
782,8.700000000000001,0.0
783,8.700000000000001,0.0
784,8.700000000000001,0.0
785,8.8,0.0
786,8.8,0.0
787,8.8,0.0
788,8.8,0.0
789,8.8,0.0
790,8.8,0.0
791,8.8,0.0
792,8.8,0.0
793,8.8,0.0
794,8.8,0.0
795,8.8,0.0
796,8.8,0.0
797,8.8,0.0
798,8.8,0.0
799,8.8,0.0
800,9.0,0.0
801,9.0,0.0
802,9.0,0.0
803,9.0,0.0
804,9.0,0.0
805,9.0,0.0
806,9.0,0.0
807,9.0,0.0
808,9.0,0.0
809,9.0,0.0
810,9.1,0.0
811,9.1,0.0
812,9.1,0.0
813,9.1,0.0
814,9.1,0.0
815,9.1,0.0
816,9.1,0.0
817,9.1,0.0
818,9.1,0.0
819,9.1,0.0
820,9.1,0.0
821,9.1,0.0
822,9.1,0.0
823,9.1,0.0
824,9.200000000000001,0.0
825,9.200000000000001,0.0
826,9.200000000000001,0.0
827,9.200000000000001,0.0
828,9.200000000000001,0.0
829,9.200000000000001,0.0
830,9.200000000000001,0.0
831,9.200000000000001,0.0
832,9.200000000000001,0.0
833,9.200000000000001,0.0
834,9.200000000000001,0.0
835,9.200000000000001,0.0
836,9.600000000000001,0.0
837,9.600000000000001,0.0
838,9.600000000000001,0.0
839,9.600000000000001,0.0
840,9.600000000000001,0.0
841,9.600000000000001,0.0
842,9.600000000000001,0.0
843,9.600000000000001,0.0
844,9.600000000000001,0.0
845,9.600000000000001,0.0
846,9.600000000000001,0.0
847,9.600000000000001,0.0
848,9.600000000000001,0.0
849,9.600000000000001,0.0
850,9.600000000000001,0.0
851,9.600000000000001,0.0
852,9.600000000000001,0.0
853,9.9,0.0
854,9.9,0.0
855,9.9,0.0
856,9.9,0.0
857,9.9,0.0
858,9.9,0.0
859,9.9,0.0
860,9.9,0.0
861,9.9,0.0
862,9.9,0.0
863,9.9,0.0
864,9.9,0.0
865,9.9,0.0
866,9.9,0.0
867,9.9,0.0
868,9.9,0.0
869,9.9,0.0
870,9.9,0.0
871,9.9,0.0
872,9.9,0.0
873,9.9,0.0
874,9.9,0.0
875,9.9,0.0
876,9.9,0.0
877,9.9,0.0
878,9.9,0.0
879,9.9,0.0
880,9.9,0.0
881,9.9,0.0
882,9.9,0.0
883,9.9,0.0
884,9.9,0.0
885,9.9,0.0
886,9.9,0.0
887,9.9,0.0
888,9.9,0.0
889,9.9,0.0
890,9.9,0.0
891,9.9,0.0
892,9.9,0.0
893,9.9,0.0
894,9.9,0.0
895,9.9,0.0
896,9.9,0.0
897,9.9,0.0
898,9.9,0.0
899,9.9,0.0
900,9.9,0.0
901,9.9,0.0
902,9.9,0.0
903,9.9,0.0
904,9.9,0.0
905,9.9,0.0
906,9.9,0.0
907,9.9,0.0
908,9.9,0.0
909,9.9,0.0
910,9.9,0.0
911,9.9,0.0
912,9.9,0.0
913,9.9,0.0
914,9.9,0.0
915,9.9,0.0
916,9.9,0.0
917,9.9,0.0
918,9.9,0.0
919,9.9,0.0
920,9.9,0.0
921,9.9,0.0
922,9.9,0.0
923,9.9,0.0
924,9.9,0.0
925,9.9,0.0
926,9.9,0.0
927,9.9,0.0
928,9.9,0.0
929,9.9,0.0
930,9.9,0.0
931,9.9,0.0
932,9.9,0.0
933,9.9,0.0
934,9.9,0.0
935,9.9,0.0
936,9.9,0.0
937,9.9,0.0
938,9.9,0.0
939,9.9,0.0
940,9.9,0.0
941,9.9,0.0
942,9.9,0.0
943,9.9,0.0
944,9.9,0.0
945,9.9,0.0
946,9.9,0.0
947,9.9,0.0
948,9.9,0.0
949,9.9,0.0
950,9.9,0.0
951,9.9,0.0
952,9.9,0.0
953,9.9,0.0
954,9.9,0.0
955,9.9,0.0
956,9.9,0.0
957,9.9,0.0
958,9.9,0.0
959,9.9,0.0
960,9.9,0.0
961,9.9,0.0
962,9.9,0.0
963,9.9,0.0
964,9.9,0.0
965,9.9,0.0
966,9.9,0.0
967,9.9,0.0
968,9.9,0.0
969,9.9,0.0
970,9.9,0.0
971,9.9,0.0
972,9.9,0.0
973,9.9,0.0
974,9.9,0.0
975,9.9,0.0
976,9.9,0.0
977,9.9,0.0
978,9.9,0.0
979,9.9,0.0
980,9.9,0.0
981,9.9,0.0
982,9.9,0.0
983,9.9,0.0
984,9.9,0.0
985,9.9,0.0
986,9.9,0.0
987,9.9,0.0
988,9.9,0.0
989,9.9,0.0
990,9.9,0.0
991,9.9,0.0
992,9.9,0.0
993,9.9,0.0
994,9.9,0.0
995,9.9,0.0
996,9.9,0.0
997,9.9,0.0
998,9.9,0.0
999,9.9,0.0
1000,9.9,0.0
1001,9.9,0.0
1002,10.100000000000001,0.0
1003,10.100000000000001,0.0
1004,10.100000000000001,0.0
1005,10.100000000000001,0.0
1006,10.100000000000001,0.0
1007,10.100000000000001,0.0
1008,10.100000000000001,0.0
1009,10.100000000000001,0.0
1010,10.100000000000001,0.0
1011,10.100000000000001,0.0
1012,10.100000000000001,0.0
1013,10.100000000000001,0.0
1014,10.100000000000001,0.0
1015,10.100000000000001,0.0
1016,10.100000000000001,0.0
1017,10.100000000000001,0.0
1018,10.100000000000001,0.0
1019,10.100000000000001,0.0
1020,10.200000000000001,0.0
1021,10.200000000000001,0.0
1022,10.200000000000001,0.0
1023,10.200000000000001,0.0
1024,10.200000000000001,0.0
1025,10.600000000000001,0.0
1026,10.600000000000001,0.0
1027,10.600000000000001,0.0
1028,10.600000000000001,0.0
1029,10.600000000000001,0.0
1030,10.600000000000001,0.0
1031,10.600000000000001,0.0
1032,10.600000000000001,0.0
1033,10.600000000000001,0.0
1034,10.600000000000001,0.0
1035,10.600000000000001,0.0
1036,10.600000000000001,0.0
1037,10.600000000000001,0.0
1038,10.600000000000001,0.0
1039,10.600000000000001,0.0
1040,10.600000000000001,0.0
1041,10.600000000000001,0.0
1042,10.600000000000001,0.0
1043,10.600000000000001,0.0
1044,10.600000000000001,0.0
1045,10.600000000000001,0.0
1046,10.600000000000001,0.0
1047,10.600000000000001,0.0
1048,10.600000000000001,0.0
1049,10.600000000000001,0.0
1050,10.600000000000001,0.0
1051,10.600000000000001,0.0
1052,10.600000000000001,0.0
1053,10.600000000000001,0.0
1054,10.600000000000001,0.0
1055,10.600000000000001,0.0
1056,10.600000000000001,0.0
1057,10.600000000000001,0.0
1058,10.600000000000001,0.0
1059,10.600000000000001,0.0
1060,10.600000000000001,0.0
1061,10.600000000000001,0.0
1062,10.600000000000001,0.0
1063,10.600000000000001,0.0
1064,10.600000000000001,0.0
1065,10.600000000000001,0.0
1066,10.600000000000001,0.0
1067,10.600000000000001,0.0
1068,10.600000000000001,0.0
1069,10.600000000000001,0.0
1070,10.600000000000001,0.0
1071,10.600000000000001,0.0
1072,10.600000000000001,0.0
1073,10.600000000000001,0.0
1074,10.600000000000001,0.0
1075,10.600000000000001,0.0
1076,10.600000000000001,0.0
1077,10.600000000000001,0.0
1078,10.600000000000001,0.0
1079,10.600000000000001,0.0
1080,10.600000000000001,0.0
1081,10.600000000000001,0.0
1082,10.600000000000001,0.0
1083,10.600000000000001,0.0
1084,10.600000000000001,0.0
1085,10.600000000000001,0.0
1086,10.600000000000001,0.0
1087,10.600000000000001,0.0
1088,10.600000000000001,0.0
1089,10.600000000000001,0.0
1090,10.600000000000001,0.0
1091,10.600000000000001,0.0
1092,10.600000000000001,0.0
1093,10.600000000000001,0.0
1094,10.600000000000001,0.0
1095,10.600000000000001,0.0
1096,10.600000000000001,0.0
1097,10.600000000000001,0.0
1098,10.600000000000001,0.0
1099,10.600000000000001,0.0
1100,10.600000000000001,0.0
1101,10.600000000000001,0.0
1102,10.600000000000001,0.0
1103,10.600000000000001,0.0
1104,10.600000000000001,0.0
1105,10.600000000000001,0.0
1106,10.600000000000001,0.0
1107,10.600000000000001,0.0
1108,10.600000000000001,0.0
1109,10.600000000000001,0.0
1110,10.600000000000001,0.0
1111,10.600000000000001,0.0
1112,10.600000000000001,0.0
1113,10.600000000000001,0.0
1114,10.600000000000001,0.0
1115,10.600000000000001,0.0
1116,10.600000000000001,0.0
1117,10.600000000000001,0.0
1118,10.600000000000001,0.0
1119,10.600000000000001,0.0
1120,10.600000000000001,0.0
1121,10.600000000000001,0.0
1122,10.600000000000001,0.0
1123,10.600000000000001,0.0
1124,10.600000000000001,0.0
1125,10.600000000000001,0.0
1126,10.600000000000001,0.0
1127,10.600000000000001,0.0
1128,10.600000000000001,0.0
1129,10.600000000000001,0.0
1130,10.600000000000001,0.0
1131,10.600000000000001,0.0
1132,10.600000000000001,0.0
1133,10.600000000000001,0.0
1134,10.600000000000001,0.0
1135,10.600000000000001,0.0
1136,10.600000000000001,0.0
1137,10.600000000000001,0.0
1138,10.600000000000001,0.0
1139,10.600000000000001,0.0
1140,10.600000000000001,0.0
1141,10.600000000000001,0.0
1142,10.600000000000001,0.0
1143,10.600000000000001,0.0
1144,10.600000000000001,0.0
1145,10.600000000000001,0.0
1146,10.600000000000001,0.0
1147,10.600000000000001,0.0
1148,10.600000000000001,0.0
1149,10.600000000000001,0.0
1150,10.600000000000001,0.0
1151,10.600000000000001,0.0
1152,10.600000000000001,0.0
1153,10.600000000000001,0.0
1154,10.600000000000001,0.0
1155,10.600000000000001,0.0
1156,10.600000000000001,0.0
1157,10.600000000000001,0.0
1158,10.600000000000001,0.0
1159,10.600000000000001,0.0
1160,10.8,0.0
1161,10.8,0.0
1162,10.8,0.0
1163,10.8,0.0
1164,10.8,0.0
1165,10.8,0.0
1166,10.8,0.0
1167,10.8,0.0
1168,10.8,0.0
1169,10.8,0.0
1170,10.8,0.0
1171,10.8,0.0
1172,10.8,0.0
1173,10.8,0.0
1174,10.8,0.0
1175,10.8,0.0
1176,10.8,0.0
1177,10.8,0.0
1178,10.8,0.0
1179,10.8,0.0
1180,10.8,0.0
1181,10.8,0.0
1182,10.8,0.0
1183,10.8,0.0
1184,10.8,0.0
1185,10.8,0.0
1186,10.9,0.0
1187,10.9,0.0
1188,10.9,0.0
1189,10.9,0.0
1190,10.9,0.0
1191,10.9,0.0
1192,10.9,0.0
1193,10.9,0.0
1194,10.9,0.0
1195,10.9,0.0
1196,10.9,0.0
1197,10.9,0.0
1198,10.9,0.0
1199,10.9,0.0
1200,10.9,0.0
1201,10.9,0.0
1202,11.100000000000001,0.0
1203,11.100000000000001,0.0
1204,11.100000000000001,0.0
1205,11.100000000000001,0.0
1206,11.100000000000001,0.0
1207,11.100000000000001,0.0
1208,11.100000000000001,0.0
1209,11.100000000000001,0.0
1210,11.100000000000001,0.0
1211,11.100000000000001,0.0
1212,11.100000000000001,0.0
1213,11.100000000000001,0.0
1214,11.3,0.0
1215,11.3,0.0
1216,11.3,0.0
1217,11.3,0.0
1218,11.3,0.0
1219,11.3,0.0
1220,11.3,0.0
1221,11.3,0.0
1222,11.3,0.0
1223,11.3,0.0
1224,11.5,0.0
1225,11.5,0.0
1226,11.5,0.0
1227,11.5,0.0
1228,11.5,0.0
1229,11.5,0.0
1230,11.5,0.0
1231,11.5,0.0
1232,11.5,0.0
1233,11.5,0.0
1234,11.5,0.0
1235,11.5,0.0
1236,11.8,0.0
1237,11.8,0.0
1238,11.8,0.0
1239,11.8,0.0
1240,11.8,0.0
1241,11.8,0.0
1242,11.8,0.0
1243,11.8,0.0
1244,11.8,0.0
1245,11.8,0.0
1246,11.8,0.0
1247,11.8,0.0
1248,11.8,0.0
1249,11.8,0.0
1250,11.8,0.0
1251,11.8,0.0
1252,12.0,0.0
1253,12.0,0.0
1254,12.0,0.0
1255,12.0,0.0
1256,12.0,0.0
1257,12.0,0.0
1258,12.0,0.0
1259,12.0,0.0
1260,12.0,0.0
1261,12.0,0.0
1262,12.0,0.0
1263,12.0,0.0
1264,12.0,0.0
1265,12.0,0.0
1266,12.0,0.0
1267,12.0,0.0
1268,12.0,0.0
1269,12.0,0.0
1270,12.0,0.0
1271,12.0,0.0
1272,12.0,0.0
1273,12.0,0.0
1274,12.0,0.0
1275,12.0,0.0
1276,12.0,0.0
1277,12.0,0.0
1278,12.0,0.0
1279,12.0,0.0
1280,12.0,0.0
1281,12.0,0.0
1282,12.0,0.0
1283,12.0,0.0
1284,12.0,0.0
1285,12.0,0.0
1286,12.0,0.0
1287,12.0,0.0
1288,12.0,0.0
1289,12.0,0.0
1290,12.0,0.0
1291,12.0,0.0
1292,12.0,0.0
1293,12.0,0.0
1294,12.0,0.0
1295,12.0,0.0
1296,12.0,0.0
1297,12.0,0.0
1298,12.0,0.0
1299,12.0,0.0
1300,12.0,0.0
1301,12.0,0.0
1302,12.0,0.0
1303,12.0,0.0
1304,12.0,0.0
1305,12.0,0.0
1306,12.0,0.0
1307,12.0,0.0
1308,12.0,0.0
1309,12.0,0.0
1310,12.0,0.0
1311,12.0,0.0
1312,12.0,0.0
1313,12.0,0.0
1314,12.0,0.0
1315,12.0,0.0
1316,12.0,0.0
1317,12.0,0.0
1318,12.0,0.0
1319,12.0,0.0
1320,12.0,0.0
1321,12.0,0.0
1322,12.0,0.0
1323,12.0,0.0
1324,12.0,0.0
1325,12.0,0.0
1326,12.0,0.0
1327,12.0,0.0
1328,12.0,0.0
1329,12.0,0.0
1330,12.0,0.0
1331,12.0,0.0
1332,12.0,0.0
1333,12.0,0.0
1334,12.0,0.0
1335,12.0,0.0
1336,12.0,0.0
1337,12.0,0.0
1338,12.0,0.0
1339,12.0,0.0
1340,12.0,0.0
1341,12.3,0.0
1342,12.3,0.0
1343,12.3,0.0
1344,12.3,0.0
1345,12.3,0.0
1346,12.3,0.0
1347,12.3,0.0
1348,12.3,0.0
1349,12.3,0.0
1350,12.5,0.0
1351,12.5,0.0
1352,12.5,0.0
1353,12.5,0.0
1354,12.5,0.0
1355,12.5,0.0
1356,12.5,0.0
1357,12.5,0.0
1358,12.5,0.0
1359,12.5,0.0
1360,12.5,0.0
1361,12.5,0.0
1362,12.5,0.0
1363,12.5,0.0
1364,12.5,0.0
1365,12.5,0.0
1366,12.5,0.0
1367,12.5,0.0
1368,12.5,0.0
1369,12.5,0.0
1370,12.5,0.0
1371,12.5,0.0
1372,12.5,0.0
1373,12.5,0.0
1374,12.5,0.0
1375,12.5,0.0
1376,12.5,0.0
1377,12.5,0.0
1378,12.5,0.0
1379,12.5,0.0
1380,12.5,0.0
1381,12.5,0.0
1382,12.5,0.0
1383,12.5,0.0
1384,12.5,0.0
1385,12.5,0.0
1386,12.5,0.0
1387,12.5,0.0
1388,12.5,0.0
1389,12.5,0.0
1390,12.5,0.0
1391,12.5,0.0
1392,12.5,0.0
1393,12.5,0.0
1394,12.5,0.0
1395,12.5,0.0
1396,12.5,0.0
1397,12.5,0.0
1398,12.5,0.0
1399,12.5,0.0
1400,12.5,0.0
1401,12.5,0.0
1402,12.5,0.0
1403,12.5,0.0
1404,12.5,0.0
1405,12.5,0.0
1406,12.5,0.0
1407,12.5,0.0
1408,12.5,0.0
1409,12.5,0.0
1410,12.5,0.0
1411,12.5,0.0
1412,12.5,0.0
1413,12.5,0.0
1414,12.5,0.0
1415,12.5,0.0
1416,12.5,0.0
1417,12.5,0.0
1418,12.5,0.0
1419,12.5,0.0
1420,12.5,0.0
1421,12.5,0.0
1422,12.5,0.0
1423,12.5,0.0
1424,12.5,0.0
1425,12.5,0.0
1426,12.5,0.0
1427,12.5,0.0
1428,12.5,0.0
1429,12.5,0.0
1430,12.5,0.0
1431,12.5,0.0
1432,12.5,0.0
1433,12.5,0.0
1434,12.5,0.0
1435,12.5,0.0
1436,12.5,0.0
1437,12.5,0.0
1438,12.5,0.0
1439,12.5,0.0
1440,12.5,0.0
1441,12.5,0.0
1442,12.5,0.0
1443,12.5,0.0
1444,12.5,0.0
1445,12.5,0.0
1446,12.5,0.0
1447,12.600000000000001,0.0
1448,12.600000000000001,0.0
1449,12.600000000000001,0.0
1450,12.600000000000001,0.0
1451,12.600000000000001,0.0
1452,12.600000000000001,0.0
1453,12.600000000000001,0.0
1454,12.600000000000001,0.0
1455,12.600000000000001,0.0
1456,12.600000000000001,0.0
1457,12.600000000000001,0.0
1458,12.600000000000001,0.0
1459,12.700000000000001,0.0
1460,12.700000000000001,0.0
1461,12.700000000000001,0.0
1462,12.700000000000001,0.0
1463,12.700000000000001,0.0
1464,12.700000000000001,0.0
1465,12.700000000000001,0.0
1466,12.700000000000001,0.0
1467,12.700000000000001,0.0
1468,12.700000000000001,0.0
1469,12.700000000000001,0.0
1470,12.700000000000001,0.0
1471,12.700000000000001,0.0
1472,12.700000000000001,0.0
1473,12.700000000000001,0.0
1474,12.9,0.0
1475,12.9,0.0
1476,12.9,0.0
1477,12.9,0.0
1478,12.9,0.0
1479,12.9,0.0
1480,12.9,0.0
1481,12.9,0.0
1482,12.9,0.0
1483,12.9,0.0
1484,12.9,0.0
1485,12.9,0.0
1486,12.9,0.0
1487,12.9,0.0
1488,12.9,0.0
1489,13.0,0.0
1490,13.0,0.0
1491,13.0,0.0
1492,13.0,0.0
1493,13.0,0.0
1494,13.0,0.0
1495,13.4,0.0
1496,13.4,0.0
1497,13.4,0.0
1498,13.4,0.0
1499,13.4,0.0
1500,13.4,0.0
1501,13.4,0.0
1502,13.4,0.0
1503,13.4,0.0
1504,13.4,0.0
1505,13.4,0.0
1506,13.4,0.0
1507,13.4,0.0
1508,13.4,0.0
1509,13.4,0.0
1510,13.9,0.0
1511,13.9,0.0
1512,13.9,0.0
1513,13.9,0.0
1514,13.9,0.0
1515,13.9,0.0
1516,13.9,0.0
1517,13.9,0.0
1518,13.9,0.0
1519,13.9,0.0
1520,13.9,0.0
1521,13.9,0.0
1522,13.9,0.0
1523,13.9,0.0
1524,13.9,0.0
1525,14.0,0.0
1526,14.0,0.0
1527,14.0,0.0
1528,14.0,0.0
1529,14.0,0.0
1530,14.0,0.0
1531,14.0,0.0
1532,14.0,0.0
1533,14.0,0.0
1534,14.0,0.0
1535,14.0,0.0
1536,14.0,0.0
1537,14.0,0.0
1538,14.0,0.0
1539,14.0,0.0
1540,14.0,0.0
1541,14.0,0.0
1542,14.0,0.0
1543,14.0,0.0
1544,14.0,0.0
1545,14.0,0.0
1546,14.0,0.0
1547,14.0,0.0
1548,14.0,0.0
1549,14.0,0.0
1550,14.0,0.0
1551,14.0,0.0
1552,14.0,0.0
1553,14.0,0.0
1554,14.0,0.0
1555,14.0,0.0
1556,14.0,0.0
1557,14.0,0.0
1558,14.0,0.0
1559,14.0,0.0
1560,14.0,0.0
1561,14.0,0.0
1562,14.0,0.0
1563,14.0,0.0
1564,14.0,0.0
1565,14.0,0.0
1566,14.0,0.0
1567,14.0,0.0
1568,14.0,0.0
1569,14.0,0.0
1570,14.0,0.0
1571,14.0,0.0
1572,14.0,0.0
1573,14.0,0.0
1574,14.0,0.0
1575,14.0,0.0
1576,14.0,0.0
1577,14.0,0.0
1578,14.0,0.0
1579,14.0,0.0
1580,14.0,0.0
1581,14.0,0.0
1582,14.0,0.0
1583,14.0,0.0
1584,14.0,0.0
1585,14.0,0.0
1586,14.0,0.0
1587,14.0,0.0
1588,14.0,0.0
1589,14.0,0.0
1590,14.0,0.0
1591,14.0,0.0
1592,14.0,0.0
1593,14.0,0.0
1594,14.0,0.0
1595,14.0,0.0
1596,14.0,0.0
1597,14.0,0.0
1598,14.0,0.0
1599,14.0,0.0
1600,14.0,0.0
1601,14.0,0.0
1602,14.0,0.0
1603,14.0,0.0
1604,14.0,0.0
1605,14.0,0.0
1606,14.0,0.0
1607,14.0,0.0
1608,14.0,0.0
1609,14.0,0.0
1610,14.0,0.0
1611,14.0,0.0
1612,14.0,0.0
1613,14.0,0.0
1614,14.0,0.0
1615,14.0,0.0
1616,14.0,0.0
1617,14.0,0.0
1618,14.0,0.0
1619,14.0,0.0
1620,14.0,0.0
1621,14.0,0.0
1622,14.0,0.0
1623,14.0,0.0
1624,14.0,0.0
1625,14.0,0.0
1626,14.0,0.0
1627,14.0,0.0
1628,14.0,0.0
1629,14.0,0.0
1630,14.0,0.0
1631,14.0,0.0
1632,14.0,0.0
1633,14.0,0.0
1634,14.0,0.0
1635,14.0,0.0
1636,14.0,0.0
1637,14.100000000000001,0.0
1638,14.100000000000001,0.0
1639,14.100000000000001,0.0
1640,14.100000000000001,0.0
1641,14.100000000000001,0.0
1642,14.100000000000001,0.0
1643,14.100000000000001,0.0
1644,14.100000000000001,0.0
1645,14.100000000000001,0.0
1646,14.100000000000001,0.0
1647,14.100000000000001,0.0
1648,14.100000000000001,0.0
1649,14.100000000000001,0.0
1650,14.100000000000001,0.0
1651,14.100000000000001,0.0
1652,14.100000000000001,0.0
1653,14.100000000000001,0.0
1654,14.100000000000001,0.0
1655,14.100000000000001,0.0
1656,14.100000000000001,0.0
1657,14.600000000000001,0.0
1658,14.600000000000001,0.0
1659,14.600000000000001,0.0
1660,14.600000000000001,0.0
1661,14.600000000000001,0.0
1662,14.600000000000001,0.0
1663,14.600000000000001,0.0
1664,14.600000000000001,0.0
1665,14.600000000000001,0.0
1666,14.600000000000001,0.0
1667,14.600000000000001,0.0
1668,14.600000000000001,0.0
1669,14.600000000000001,0.0
1670,15.4,0.0
1671,15.4,0.0
1672,15.4,0.0
1673,15.4,0.0
1674,15.4,0.0
1675,15.4,0.0
1676,15.4,0.0
1677,15.4,0.0
1678,15.4,0.0
1679,15.4,0.0
1680,15.4,0.0
1681,15.5,0.0
1682,15.5,0.0
1683,15.5,0.0
1684,15.5,0.0
1685,15.5,0.0
1686,15.5,0.0
1687,15.5,0.0
1688,15.5,0.0
1689,15.5,0.0
1690,15.5,0.0
1691,15.5,0.0
1692,15.5,0.0
1693,15.5,0.0
1694,15.5,0.0
1695,15.5,0.0
1696,15.5,0.0
1697,15.5,0.0
1698,15.5,0.0
1699,15.5,0.0
1700,15.5,0.0
1701,15.700000000000001,0.0
1702,15.700000000000001,0.0
1703,15.700000000000001,0.0
1704,15.700000000000001,0.0
1705,15.700000000000001,0.0
1706,15.700000000000001,0.0
1707,15.700000000000001,0.0
1708,15.700000000000001,0.0
1709,15.700000000000001,0.0
1710,15.700000000000001,0.0
1711,15.700000000000001,0.0
1712,15.9,0.0
1713,15.9,0.0
1714,15.9,0.0
1715,15.9,0.0
1716,15.9,0.0
1717,15.9,0.0
1718,15.9,0.0
1719,15.9,0.0
1720,15.9,0.0
1721,15.9,0.0
1722,15.9,0.0
1723,15.9,0.0
1724,15.9,0.0
1725,16.0,0.0
1726,16.0,0.0
1727,16.0,0.0
1728,16.0,0.0
1729,16.0,0.0
1730,16.0,0.0
1731,16.0,0.0
1732,16.0,0.0
1733,16.0,0.0
1734,16.0,0.0
1735,16.0,0.0
1736,16.0,0.0
1737,16.0,0.0
1738,16.0,0.0
1739,16.0,0.0
1740,16.0,0.0
1741,16.0,0.0
1742,16.0,0.0
1743,16.2,0.0
1744,16.2,0.0
1745,16.2,0.0
1746,16.2,0.0
1747,16.2,0.0
1748,16.2,0.0
1749,16.2,0.0
1750,16.2,0.0
1751,16.2,0.0
1752,16.2,0.0
1753,16.2,0.0
1754,16.2,0.0
1755,16.2,0.0
1756,16.2,0.0
1757,16.2,0.0
1758,16.2,0.0
1759,16.2,0.0
1760,16.2,0.0
1761,16.2,0.0
1762,16.2,0.0
1763,16.2,0.0
1764,16.2,0.0
1765,16.2,0.0
1766,16.6,0.0
1767,16.6,0.0
1768,16.6,0.0
1769,16.6,0.0
1770,16.6,0.0
1771,16.6,0.0
1772,16.6,0.0
1773,16.6,0.0
1774,16.6,0.0
1775,16.6,0.0
1776,16.6,0.0
1777,16.6,0.0
1778,16.6,0.0
1779,16.6,0.0
1780,16.6,0.0
1781,16.6,0.0
1782,16.6,0.0
1783,16.7,0.0
1784,16.7,0.0
1785,16.7,0.0
1786,16.7,0.0
1787,16.7,0.0
1788,16.7,0.0
1789,16.7,0.0
1790,16.7,0.0
1791,16.7,0.0
1792,16.7,0.0
1793,16.7,0.0
1794,16.7,0.0
1795,16.7,0.0
1796,16.7,0.0
1797,16.7,0.0
1798,16.7,0.0
1799,16.7,0.0
1800,16.7,0.0
1801,16.8,0.0
1802,16.8,0.0
1803,16.8,0.0
1804,16.8,0.0
1805,16.8,0.0
1806,16.8,0.0
1807,16.8,0.0
1808,16.8,0.0
1809,16.8,0.0
1810,16.8,0.0
1811,16.8,0.0
1812,16.8,0.0
1813,16.8,0.0
1814,16.8,0.0
1815,16.8,0.0
1816,17.3,0.0
1817,17.3,0.0
1818,17.3,0.0
1819,17.3,0.0
1820,17.3,0.0
1821,17.3,0.0
1822,17.3,0.0
1823,17.3,0.0
1824,17.3,0.0
1825,17.8,0.0
1826,17.8,0.0
1827,17.8,0.0
1828,17.8,0.0
1829,17.8,0.0
1830,17.8,0.0
1831,17.8,0.0
1832,17.8,0.0
1833,17.8,0.0
1834,17.8,0.0
1835,17.8,0.0
1836,17.8,0.0
1837,17.8,0.0
1838,17.8,0.0
1839,17.8,0.0
1840,17.8,0.0
1841,17.8,0.0
1842,17.8,0.0
1843,18.1,0.0
1844,18.1,0.0
1845,18.1,0.0
1846,18.1,0.0
1847,18.1,0.0
1848,18.1,0.0
1849,18.1,0.0
1850,18.3,0.0
1851,18.3,0.0
1852,18.3,0.0
1853,18.3,0.0
1854,18.3,0.0
1855,18.3,0.0
1856,18.3,0.0
1857,18.3,0.0
1858,18.3,0.0
1859,18.3,0.0
1860,18.3,0.0
1861,18.3,0.0
1862,18.3,0.0
1863,18.3,0.0
1864,18.3,0.0
1865,18.3,0.0
1866,18.3,0.0
1867,18.3,0.0
1868,18.3,0.0
1869,18.3,0.0
1870,18.3,0.0
1871,18.3,0.0
1872,18.3,0.0
1873,18.900000000000002,0.0
1874,18.900000000000002,0.0
1875,18.900000000000002,0.0
1876,18.900000000000002,0.0
1877,18.900000000000002,0.0
1878,18.900000000000002,0.0
1879,18.900000000000002,0.0
1880,18.900000000000002,0.0
1881,18.900000000000002,0.0
1882,18.900000000000002,0.0
1883,18.900000000000002,0.0
1884,18.900000000000002,0.0
1885,18.900000000000002,0.0
1886,18.900000000000002,0.0
1887,18.900000000000002,0.0
1888,18.900000000000002,0.0
1889,19.0,0.0
1890,19.0,0.0
1891,19.0,0.0
1892,19.0,0.0
1893,19.0,0.0
1894,19.0,0.0
1895,19.0,0.0
1896,19.0,0.0
1897,19.0,0.0
1898,19.0,0.0
1899,19.0,0.0
1900,19.0,0.0
1901,19.0,0.0
1902,19.0,0.0
1903,19.1,0.0
1904,19.1,0.0
1905,19.1,0.0
1906,19.1,0.0
1907,19.1,0.0
1908,19.1,0.0
1909,19.1,0.0
1910,19.1,0.0
1911,19.1,0.0
1912,19.1,0.0
1913,19.1,0.0
1914,19.1,0.0
1915,19.1,0.0
1916,19.1,0.0
1917,19.1,0.0
1918,19.1,0.0
1919,19.1,0.0
1920,19.1,0.0
1921,19.1,0.0
1922,19.1,0.0
1923,19.1,0.0
1924,19.1,0.0
1925,19.1,0.0
1926,19.1,0.0
1927,19.1,0.0
1928,19.1,0.0
1929,19.1,0.0
1930,19.1,0.0
1931,19.1,0.0
1932,19.1,0.0
1933,19.1,0.0
1934,19.1,0.0
1935,19.1,0.0
1936,19.1,0.0
1937,19.1,0.0
1938,19.1,0.0
1939,19.1,0.0
1940,19.1,0.0
1941,19.1,0.0
1942,19.1,0.0
1943,19.1,0.0
1944,19.1,0.0
1945,19.1,0.0
1946,19.1,0.0
1947,19.1,0.0
1948,19.1,0.0
1949,19.1,0.0
1950,19.1,0.0
1951,19.1,0.0
1952,19.1,0.0
1953,19.1,0.0
1954,19.1,0.0
1955,19.1,0.0
1956,19.1,0.0
1957,19.1,0.0
1958,19.1,0.0
1959,19.1,0.0
1960,19.1,0.0
1961,19.1,0.0
1962,19.1,0.0
1963,19.1,0.0
1964,19.1,0.0
1965,19.1,0.0
1966,19.1,0.008888999386734042
1967,19.1,0.03197752473770521
1968,19.1,0.03197752473770521
1969,19.1,0.03197752473770521
1970,19.1,0.049380935806262016
1971,19.1,0.049380935806262016
1972,19.1,0.049380935806262016
1973,19.1,0.07445345001905324
1974,19.1,0.07445345001905324
1975,19.1,0.07445345001905324
1976,19.1,0.07445345001905679
1977,19.1,0.07828220045414369
1978,19.1,0.13197752473770308
1979,19.1,0.13487809324913158
1980,19.1,0.1464919695688911
1981,19.1,0.1464919695688911
1982,19.1,0.1464919695688911
1983,19.1,0.14938093580626344
1984,19.1,0.14938093580626344
1985,19.1,0.14938093580626344
1986,19.1,0.14938093580626344
1987,19.1,0.14938093580626344
1988,19.1,0.14938093580626344
1989,19.1,0.15730528897949014
1990,19.1,0.17445345001905466
1991,19.1,0.20888899938673333
1992,19.1,0.2319775247377045
1993,19.1,0.2319775247377045
1994,19.1,0.2319775247377045
1995,19.1,0.2319775247377045
1996,19.1,0.2319775247377045
1997,19.1,0.24938093580625775
1998,19.1,0.24938093580626486
1999,19.1,0.25915005055276197
2000,19.1,0.2744534500190561
2001,19.1,0.2744534500190561
2002,19.1,0.2744534500190561
2003,19.1,0.2744534500190561
2004,19.1,0.2744534500190561
2005,19.1,0.2744534500190561
2006,19.1,0.29172923607310963
2007,19.1,0.32841562660567014
2008,19.1,0.33197752473770414
2009,19.1,0.33197752473770414
2010,19.1,0.33487809324913087
2011,19.1,0.33593390018728897
2012,19.1,0.34649196956889217
2013,19.1,0.34649196956889217
2014,19.1,0.34649196956889217
2015,19.1,0.34649196956889217
2016,19.1,0.34649196956889217
2017,19.1,0.3493809358062663
2018,19.1,0.37445345001905395
2019,19.1,0.37445345001905395
2020,19.1,0.37445345001905395
2021,19.1,0.4493809358062606
2022,19.1,0.4493809358062606
2023,19.1,0.4493809358062606
2024,19.1,0.4493809358062606
2025,19.1,0.4493809358062606
2026,19.1,0.4493809358062606
2027,19.1,0.4493809358062606
2028,19.1,0.4493809358062606
2029,19.1,0.47445345001905537
2030,19.1,0.47445345001905537
2031,19.1,0.508888999386734
2032,19.1,0.508888999386734
2033,19.1,0.5319775247377052
2034,19.1,0.5319775247377052
2035,19.1,0.5464919695688915
2036,19.1,0.5464919695688915
2037,19.1,0.5464919695688915
2038,19.1,0.549380935806262
2039,19.1,0.560337349930105
2040,19.1,0.5744534500190532
2041,19.1,0.5744534500190532
2042,19.1,0.5744534500190532
2043,19.1,0.587912087912084
2044,19.1,0.6319775247377031
2045,19.1,0.6319775247377049
2046,19.1,0.6319775247377049
2047,19.1,0.6319775247377049
2048,19.1,0.634878093249128
2049,19.1,0.634878093249128
2050,19.1,0.6348780932491316
2051,19.1,0.6348780932491316
2052,19.1,0.6493809358062634
2053,19.1,0.6493809358062634
2054,19.1,0.6493809358062634
2055,19.1,0.6744534500190547
2056,19.1,0.6744534500190547
2057,19.1,0.6770987685014829
2058,19.1,0.6879120879120855
2059,19.1,0.6889678948502436
2060,19.1,0.7088889993867333
2061,19.1,0.7319775247377045
2062,19.1,0.7319775247377045
2063,19.1,0.7319775247377045
2064,19.1,0.7319775247377045
2065,19.1,0.7319775247377045
2066,19.1,0.7319775247377045
2067,19.1,0.7348780932491294
2068,19.1,0.7464919695688916
2069,19.1,0.7464919695688916
2070,19.1,0.7744534500190525
2071,19.1,0.7744534500190561
2072,19.1,0.7744534500190561
2073,19.1,0.7744534500190561
2074,19.1,0.7744534500190561
2075,19.1,0.8348780932491309
2076,19.1,0.835933900187289
2077,19.1,0.8464919695688913
2078,19.1,0.8464919695688922
2079,19.1,0.8493809358062663
2080,19.1,0.8493809358062663
2081,19.1,0.874453450019054
2082,19.1,0.874453450019054
2083,19.1,0.8889678948502429
2084,19.1,0.9088889993867326
2085,19.1,0.9088889993867326
2086,19.1,0.9319775247377038
2087,19.1,0.9319775247377056
2088,19.1,0.9744534500190518
2089,19.1,0.9744534500190554
2090,19.1,0.9852783717037097
2091,19.1,0.9879120879120862
2092,19.1,1.0319775247377052
2093,19.1,1.0319775247377052
2094,19.1,1.0319775247377052
2095,19.1,1.0359339001872883
2096,19.1,1.0464919695688915
2097,19.1,1.0464919695688915
2098,19.1,1.0464919695688915
2099,19.1,1.0464919695688915
2100,19.1,1.049380935806262
2101,19.1,1.049380935806262
2102,19.1,1.049380935806262
2103,19.1,1.049380935806262
2104,19.1,1.049380935806262
2105,19.1,1.0665406991198836
2106,19.200000000000003,1.0744534500190532
2107,19.200000000000003,1.0889678948502421
2108,19.200000000000003,1.131977524737703
2109,19.200000000000003,1.1319775247377049
2110,19.200000000000003,1.1319775247377049
2111,19.200000000000003,1.134878093249128
2112,19.200000000000003,1.1348780932491316
2113,19.200000000000003,1.146491969568891
2114,19.200000000000003,1.1603373499301028
2115,19.200000000000003,1.1744534500190547
2116,19.200000000000003,1.1744534500190547
2117,19.200000000000003,1.1744534500190547
2118,19.200000000000003,1.1744534500190547
2119,19.200000000000003,1.1879120879120855
2120,19.200000000000003,1.2319775247377045
2121,19.200000000000003,1.2464919695688916
2122,19.200000000000003,1.2493809358062578
2123,19.200000000000003,1.2493809358062578
2124,19.700000000000003,1.2493809358062578
2125,19.700000000000003,1.2493809358062578
2126,19.700000000000003,1.2493809358062649
2127,19.700000000000003,1.2493809358062649
2128,19.700000000000003,1.274453450019056
2129,19.700000000000003,1.274453450019056
2130,19.700000000000003,1.274453450019056
2131,19.700000000000003,1.2879120879120833
2132,19.700000000000003,1.3319775247377024
2133,19.700000000000003,1.3348780932491309
2134,19.700000000000003,1.335933900187289
2135,19.700000000000003,1.3464919695688913
2136,19.700000000000003,1.3625843236702924
2137,19.700000000000003,1.374453450019054
2138,19.700000000000003,1.374453450019054
2139,19.700000000000003,1.374453450019054
2140,19.700000000000003,1.4319775247377038
2141,19.700000000000003,1.4319775247377038
2142,19.700000000000003,1.4319775247377038
2143,19.700000000000003,1.4493809358062606
2144,19.700000000000003,1.4493809358062606
2145,19.700000000000003,1.4493809358062606
2146,19.700000000000003,1.4493809358062606
2147,19.700000000000003,1.4744534500190518
2148,19.700000000000003,1.4744534500190554
2149,19.700000000000003,1.4744534500190554
2150,19.700000000000003,1.4879120879120826
2151,19.700000000000003,1.5348780932491302
2152,19.700000000000003,1.5348780932491302
2153,19.700000000000003,1.5348780932491302
2154,19.700000000000003,1.5359339001872883
2155,19.700000000000003,1.5359339001872883
2156,19.700000000000003,1.5464919695688915
2157,19.700000000000003,1.549380935806262
2158,19.700000000000003,1.549380935806262
2159,19.700000000000003,1.549380935806262
2160,19.700000000000003,1.5654848921817255
2161,19.700000000000003,1.5744534500190532
2162,19.700000000000003,1.5744534500190532
2163,19.700000000000003,1.5744534500190532
2164,19.700000000000003,1.5744534500190532
2165,19.700000000000003,1.587912087912084
2166,19.700000000000003,1.608888999386732
2167,19.700000000000003,1.631977524737703
2168,19.700000000000003,1.6319775247377049
2169,19.700000000000003,1.6319775247377049
2170,19.700000000000003,1.6319775247377049
2171,19.700000000000003,1.6319775247377049
2172,19.700000000000003,1.6319775247377049
2173,19.700000000000003,1.6319775247377049
2174,19.700000000000003,1.634878093249128
2175,19.700000000000003,1.6348780932491316
2176,19.700000000000003,1.6348780932491316
2177,19.700000000000003,1.6493809358062634
2178,19.700000000000003,1.6744534500190547
2179,19.700000000000003,1.6744534500190547
2180,19.700000000000003,1.6744534500190547
2181,19.700000000000003,1.6744534500190547
2182,19.700000000000003,1.6744534500190547
2183,19.700000000000003,1.6744534500190547
2184,19.700000000000003,1.7088889993867333
2185,19.700000000000003,1.7319775247377045
2186,19.700000000000003,1.7319775247377045
2187,19.700000000000003,1.7348780932491294
2188,19.700000000000003,1.735933900187291
2189,19.700000000000003,1.7464919695688916
2190,19.700000000000003,1.7493809358062649
2191,19.700000000000003,1.7493809358062649
2192,19.700000000000003,1.7744534500190525
2193,19.700000000000003,1.7744534500190525
2194,19.700000000000003,1.774453450019056
2195,19.700000000000003,1.831977524737706
2196,19.700000000000003,1.831977524737706
2197,19.700000000000003,1.831977524737706
2198,19.700000000000003,1.831977524737706
2199,19.700000000000003,1.8464919695688922
2200,19.700000000000003,1.8493809358062663
2201,19.700000000000003,1.874453450019054
2202,19.700000000000003,1.8879120879120883
2203,19.700000000000003,1.8879120879120883
2204,19.700000000000003,1.889629224470852
2205,19.700000000000003,1.9319775247377038
2206,19.700000000000003,1.9319775247377056
2207,19.700000000000003,1.9348780932491287
2208,19.700000000000003,1.9359339001872868
2209,19.700000000000003,1.9359339001872904
2210,19.700000000000003,1.9464919695688918
2211,19.700000000000003,1.9464919695688918
2212,19.700000000000003,1.9464919695688918
2213,19.700000000000003,1.9744534500190518
2214,19.700000000000003,1.9744534500190518
2215,19.700000000000003,1.9744534500190518
2216,19.700000000000003,1.9744534500190518
2217,19.700000000000003,1.9744534500190554
2218,19.700000000000003,1.9744534500190554
2219,19.700000000000003,1.9879120879120826
2220,19.700000000000003,2.031977524737705
2221,19.700000000000003,2.03487809324913
2222,19.700000000000003,2.0464919695688915
2223,19.700000000000003,2.049380935806269
2224,19.700000000000003,2.049380935806269
2225,19.700000000000003,2.049380935806269
2226,19.700000000000003,2.049380935806269
2227,19.700000000000003,2.0573052889794923
2228,19.700000000000003,2.131977524737703
2229,19.700000000000003,2.131977524737703
2230,19.700000000000003,2.146491969568891
2231,19.700000000000003,2.1493809358062634
2232,19.700000000000003,2.1493809358062634
2233,19.700000000000003,2.1744534500190547
2234,19.700000000000003,2.1744534500190547
2235,19.700000000000003,2.1744534500190547
2236,19.700000000000003,2.1744534500190547
2237,19.700000000000003,2.1744534500190547
2238,19.700000000000003,2.2348780932491294
2239,19.700000000000003,2.235933900187291
2240,19.700000000000003,2.2493809358062578
2241,19.700000000000003,2.2493809358062578
2242,19.700000000000003,2.2493809358062578
2243,19.700000000000003,2.2493809358062578
2244,19.700000000000003,2.249380935806265
2245,19.700000000000003,2.249380935806265
2246,19.700000000000003,2.287912087912087
2247,19.700000000000003,2.308888999386731
2248,19.700000000000003,2.3088889993867348
2249,19.700000000000003,2.3088889993867348
2250,19.700000000000003,2.331977524737704
2251,19.700000000000003,2.331977524737706
2252,19.700000000000003,2.3493809358062663
2253,19.700000000000003,2.3493809358062663
2254,19.700000000000003,2.3493809358062663
2255,19.700000000000003,2.3493809358062663
2256,19.700000000000003,2.3493809358062663
2257,19.700000000000003,2.374453450019054
2258,19.700000000000003,2.3744534500190575
2259,19.700000000000003,2.3879120879120848
2260,19.700000000000003,2.4088889993867326
2261,19.700000000000003,2.431977524737704
2262,19.700000000000003,2.4348780932491287
2263,19.700000000000003,2.4359339001872904
2264,19.700000000000003,2.446491969568892
2265,19.700000000000003,2.446491969568892
2266,19.700000000000003,2.474453450019052
2267,19.700000000000003,2.474453450019052
2268,19.700000000000003,2.474453450019052
2269,19.700000000000003,2.474453450019052
2270,19.700000000000003,2.4744534500190554
2271,19.700000000000003,2.477098768501482
2272,19.700000000000003,2.549380935806262
2273,19.700000000000003,2.5744534500190532
2274,19.700000000000003,2.5744534500190532
2275,19.700000000000003,2.6359339001872897
2276,19.700000000000003,2.6744534500190547
2277,19.700000000000003,2.6744534500190547
2278,19.700000000000003,2.6744534500190547
2279,19.700000000000003,2.6744534500190547
2280,19.700000000000003,2.6896292244708526
2281,19.700000000000003,2.708888999386737
2282,19.700000000000003,2.708888999386737
2283,19.700000000000003,2.7348780932491294
2284,19.700000000000003,2.7348780932491294
2285,19.700000000000003,2.7348780932491294
2286,19.700000000000003,2.7625843236702945
2287,19.700000000000003,2.787912087912087
2288,19.700000000000003,2.808888999386731
2289,19.700000000000003,2.831977524737704
2290,19.700000000000003,2.831977524737704
2291,19.700000000000003,2.831977524737706
2292,19.700000000000003,2.846491969568892
2293,19.700000000000003,2.8493809358062663
2294,19.700000000000003,2.874453450019054
2295,19.700000000000003,2.8879120879120848
2296,19.700000000000003,2.9088889993867326
2297,19.700000000000003,2.9088889993867326
2298,19.700000000000003,2.9088889993867326
2299,19.700000000000003,2.946491969568892
2300,19.700000000000003,2.949125685777272
2301,19.700000000000003,2.9493809358062606
2302,19.700000000000003,2.9493809358062606
2303,19.700000000000003,2.9573052889794944
2304,19.700000000000003,2.974453450019052
2305,19.700000000000003,2.974453450019052
2306,19.700000000000003,2.974453450019052
2307,19.700000000000003,2.9744534500190554
2308,19.700000000000003,2.987912087912086
2309,19.700000000000003,3.008888999386734
2310,19.700000000000003,3.008888999386734
2311,19.700000000000003,3.0319775247377034
2312,19.700000000000003,3.031977524737705
2313,19.700000000000003,3.031977524737705
2314,19.700000000000003,3.031977524737705
2315,19.700000000000003,3.031977524737705
2316,19.700000000000003,3.0464919695688915
2317,19.700000000000003,3.049380935806262
2318,19.700000000000003,3.049380935806262
2319,19.700000000000003,3.0744534500190532
2320,19.700000000000003,3.108888999386732
2321,19.700000000000003,3.108888999386732
2322,19.700000000000003,3.1359339001872897
2323,19.700000000000003,3.1359339001872897
2324,19.700000000000003,3.146491969568891
2325,19.700000000000003,3.1493809358062634
2326,19.700000000000003,3.1493809358062634
2327,19.700000000000003,3.1493809358062634
2328,19.700000000000003,3.1493809358062634
2329,19.700000000000003,3.166540699119885
2330,19.700000000000003,3.1744534500190547
2331,19.700000000000003,3.1744534500190547
2332,19.700000000000003,3.1879120879120855
2333,19.700000000000003,3.1889678948502436
2334,19.700000000000003,3.2088889993867333
2335,19.700000000000003,3.2319775247377045
2336,19.700000000000003,3.2348780932491294
2337,19.700000000000003,3.274453450019056
2338,19.700000000000003,3.274453450019056
2339,19.700000000000003,3.274453450019056
2340,19.700000000000003,3.274453450019056
2341,19.700000000000003,3.287912087912087
2342,19.700000000000003,3.331977524737704
2343,19.700000000000003,3.331977524737704
2344,19.700000000000003,3.346491969568892
2345,19.700000000000003,3.346491969568892
2346,19.700000000000003,3.3493809358062663
2347,19.700000000000003,3.3493809358062663
2348,19.700000000000003,3.3493809358062663
2349,19.700000000000003,3.3493809358062663
2350,19.700000000000003,3.3493809358062663
2351,19.700000000000003,3.3493809358062663
2352,19.700000000000003,3.3493809358062663
2353,19.700000000000003,3.3493809358062663
2354,19.700000000000003,3.3493809358062663
2355,19.700000000000003,3.374453450019054
2356,19.700000000000003,3.3744534500190575
2357,19.700000000000003,3.3782822004541444
2358,19.700000000000003,3.3879120879120848
2359,19.700000000000003,3.4088889993867326
2360,19.700000000000003,3.431977524737704
2361,19.700000000000003,3.431977524737704
2362,19.700000000000003,3.446491969568892
2363,19.700000000000003,3.446491969568892
2364,19.700000000000003,3.474453450019052
2365,19.700000000000003,3.474453450019052
2366,19.700000000000003,3.474453450019052
2367,19.700000000000003,3.4744534500190554
2368,19.700000000000003,3.4744534500190554
2369,19.700000000000003,3.4744534500190554
2370,19.700000000000003,3.4744534500190554
2371,19.700000000000003,3.4879120879120826
2372,19.700000000000003,3.487912087912086
2373,19.700000000000003,3.508888999386734
2374,19.700000000000003,3.52181780009834
2375,19.700000000000003,3.531977524737705
2376,19.700000000000003,3.531977524737705
2377,19.700000000000003,3.531977524737705
2378,19.700000000000003,3.5464919695688915
2379,19.700000000000003,3.5464919695688915
2380,19.700000000000003,3.549380935806262
2381,19.700000000000003,3.549380935806262
2382,19.700000000000003,3.574453450019057
2383,19.700000000000003,3.587912087912084
2384,19.700000000000003,3.6348780932491316
2385,19.700000000000003,3.6348780932491316
2386,19.700000000000003,3.6348780932491316
2387,19.700000000000003,3.6493809358062634
2388,19.700000000000003,3.6493809358062634
2389,19.700000000000003,3.6744534500190547
2390,19.700000000000003,3.7319775247377045
2391,19.700000000000003,3.7319775247377045
2392,19.700000000000003,3.7348780932491294
2393,19.700000000000003,3.7348780932491294
2394,19.700000000000003,3.7493809358062578
2395,19.700000000000003,3.7744534500190525
2396,19.700000000000003,3.7744534500190525
2397,19.700000000000003,3.774453450019056
2398,19.700000000000003,3.774453450019056
2399,19.700000000000003,3.831977524737704
2400,19.700000000000003,3.8348780932491273
2401,19.700000000000003,3.835933900187289
2402,19.700000000000003,3.835933900187289
2403,19.700000000000003,3.846491969568892
2404,19.700000000000003,3.846491969568892
2405,19.700000000000003,3.846491969568892
2406,19.700000000000003,3.8493809358062663
2407,19.700000000000003,3.8493809358062663
2408,19.700000000000003,3.8493809358062663
2409,19.700000000000003,3.8493809358062663
2410,19.700000000000003,3.8744534500190575
2411,19.700000000000003,3.931977524737704
2412,19.700000000000003,3.9493809358062606
2413,19.900000000000002,3.9493809358062606
2414,19.900000000000002,3.9493809358062606
2415,19.900000000000002,3.9493809358062606
2416,19.900000000000002,3.9493809358062606
2417,19.900000000000002,3.9493809358062606
2418,19.900000000000002,3.974453450019052
2419,19.900000000000002,3.9744534500190554
2420,19.900000000000002,3.9744534500190554
2421,19.900000000000002,3.9744534500190554
2422,19.900000000000002,3.974453450019059
2423,19.900000000000002,3.9917292360731125
2424,19.900000000000002,4.0053271012547
2425,19.900000000000002,4.031977524737705
2426,20.400000000000002,4.031977524737705
2427,20.400000000000002,4.03487809324913
2428,20.400000000000002,4.035933900187288
2429,20.400000000000002,4.0464919695688915
2430,20.400000000000002,4.074453450019053
2431,20.400000000000002,4.074453450019053
2432,20.400000000000002,4.074453450019057
2433,20.400000000000002,4.131977524737703
2434,20.400000000000002,4.134878093249132
2435,20.400000000000002,4.134878093249132
2436,20.400000000000002,4.1879120879120855
2437,20.400000000000002,4.208888999386733
2438,20.400000000000002,4.2319775247377045
2439,20.5,4.2319775247377045
2440,20.5,4.249380935806265
2441,20.5,4.249380935806265
2442,20.5,4.249380935806265
2443,20.5,4.260337349930104
2444,20.5,4.2744534500190525
2445,20.5,4.2744534500190525
2446,20.5,4.291729236073117
2447,20.5,4.295569588782258
2448,20.5,4.308888999386731
2449,20.5,4.331977524737702
2450,20.5,4.331977524737702
2451,20.5,4.335933900187289
2452,20.5,4.349380935806259
2453,20.5,4.349380935806259
2454,20.5,4.349380935806266
2455,20.5,4.349380935806266
2456,20.5,4.408888999386733
2457,20.5,4.428415626605673
2458,20.5,4.431977524737704
2459,20.5,4.431977524737704
2460,20.5,4.431977524737704
2461,20.5,4.431977524737704
2462,20.5,4.434878093249129
2463,20.5,4.435933900187287
2464,20.5,4.435933900187287
2465,20.5,4.449380935806261
2466,20.5,4.449380935806261
2467,20.5,4.449380935806261
2468,20.5,4.460337349930104
2469,20.5,4.474453450019055
2470,20.5,4.474453450019055
2471,20.5,4.474453450019059
2472,20.5,4.53487809324913
2473,20.5,4.535933900187288
2474,20.5,4.5464919695688915
2475,20.5,4.5464919695688915
2476,20.5,4.5464919695688915
2477,20.5,4.574453450019057
2478,20.5,4.634878093249132
2479,20.5,4.634878093249132
2480,20.5,4.63593390018729
2481,20.5,4.674453450019055
2482,20.5,4.674453450019055
2483,20.5,4.7319775247377045
2484,20.5,4.7319775247377045
2485,20.5,4.7319775247377045
2486,20.5,4.7319775247377045
2487,20.5,4.735933900187291
2488,20.5,4.749380935806258
2489,20.5,4.749380935806258
2490,20.5,4.750715197321533
2491,20.5,4.774453450019056
2492,20.5,4.774453450019056
2493,20.5,4.774453450019056
2494,20.5,4.787912087912087
2495,20.5,4.787912087912087
2496,20.5,4.831977524737702
2497,20.5,4.831977524737706
2498,20.5,4.849380935806266
2499,20.5,4.874453450019054
2500,20.5,4.874453450019054
2501,20.5,4.874453450019054
2502,20.5,4.8744534500190575
2503,20.5,4.8744534500190575
2504,20.5,4.887912087912088
2505,20.5,4.908888999386733
2506,20.5,4.908888999386733
2507,20.5,4.908888999386733
2508,20.5,4.931977524737704
2509,20.5,4.931977524737704
2510,20.5,4.931977524737704
2511,20.5,4.931977524737704
2512,20.5,4.931977524737704
2513,20.5,4.93593390018729
2514,20.5,4.946491969568892
2515,20.5,4.946491969568892
2516,20.5,4.974453450019055
2517,20.5,4.974453450019055
2518,20.5,4.974453450019055
2519,20.5,4.974453450019055
2520,20.5,4.974453450019059
2521,20.5,5.03487809324913
2522,20.5,5.0464919695688915
2523,20.5,5.0464919695688915
2524,20.5,5.0464919695688915
2525,20.5,5.049380935806262
2526,20.5,5.049380935806262
2527,20.5,5.049380935806262
2528,20.5,5.049380935806262
2529,20.5,5.074453450019053
2530,20.5,5.074453450019053
2531,20.5,5.074453450019053
2532,20.5,5.0770987685014815
2533,20.5,5.1879120879120855
2534,20.5,5.1879120879120855
2535,20.5,5.205060248951646
2536,20.5,5.249380935806258
2537,20.5,5.249380935806258
2538,20.5,5.249380935806258
2539,20.5,5.249380935806258
2540,20.5,5.2744534500190525
2541,20.5,5.287912087912087
2542,20.5,5.3744534500190575
2543,20.5,5.3744534500190575
2544,20.5,5.431977524737704
2545,20.5,5.43593390018729
2546,20.5,5.449380935806261
2547,20.5,5.449380935806261
2548,20.5,5.449380935806261
2549,20.5,5.449380935806261
2550,20.5,5.449380935806261
2551,20.5,5.449380935806261
2552,20.5,5.449380935806261
2553,20.5,5.449380935806261
2554,20.5,5.449380935806261
2555,20.5,5.449380935806261
2556,20.5,5.449380935806261
2557,20.5,5.53487809324913
2558,20.5,5.53487809324913
2559,20.5,5.5464919695688915
2560,20.5,5.574453450019057
2561,20.5,5.587912087912084
2562,20.5,5.646491969568893
2563,20.5,5.674453450019055
2564,20.5,5.674453450019055
2565,20.5,5.674453450019055
2566,20.5,5.678282200454145
2567,20.5,5.6879120879120855
2568,20.5,5.71680175028591
2569,20.5,5.746491969568891
2570,20.5,5.749380935806265
2571,20.5,5.831977524737702
2572,20.5,5.831977524737706
2573,20.5,5.834878093249131
2574,20.5,5.834878093249131
2575,20.5,5.834878093249131
2576,20.5,5.859150050552763
2577,20.5,5.8744534500190575
2578,20.5,5.8744534500190575
2579,20.5,5.8744534500190575
2580,20.5,5.8744534500190575
2581,20.5,5.8744534500190575
2582,20.5,5.931977524737704
2583,20.5,5.934878093249129
2584,20.5,5.93593390018729
2585,20.5,5.949380935806261
2586,20.5,5.949380935806261
2587,20.5,5.949380935806261
2588,20.5,5.949380935806261
2589,20.5,5.949380935806261
2590,20.5,5.949380935806261
2591,20.5,5.974453450019055
2592,20.5,5.974453450019055
2593,20.5,5.974453450019059
2594,20.5,6.008888999386734
2595,20.5,6.031977524737705
2596,20.5,6.049380935806262
2597,20.5,6.049380935806262
2598,20.5,6.049380935806262
2599,20.5,6.049380935806262
2600,20.5,6.049380935806262
2601,20.5,6.049380935806262
2602,20.5,6.049380935806262
2603,20.5,6.087912087912084
2604,20.5,6.087912087912084
2605,20.5,6.1088889993867355
2606,20.5,6.131977524737703
2607,20.5,6.146491969568893
2608,20.5,6.146491969568893
2609,20.5,6.174453450019055
2610,20.5,6.178282200454145
2611,20.5,6.1879120879120855
2612,20.5,6.1879120879120855
2613,20.5,6.208888999386733
2614,20.5,6.2348780932491294
2615,20.5,6.2348780932491294
2616,20.5,6.249380935806258
2617,20.5,6.249380935806258
2618,20.5,6.249380935806258
2619,20.5,6.249380935806258
2620,20.5,6.331977524737702
2621,20.5,6.335933900187289
2622,20.5,6.357305288979493
2623,20.5,6.360337349930102
2624,20.5,6.3744534500190575
2625,20.5,6.3744534500190575
2626,20.5,6.387912087912085
2627,20.5,6.434878093249132
2628,20.5,6.446491969568894
2629,20.5,6.449380935806261
2630,20.5,6.466540699119882
2631,20.5,6.474453450019052
2632,20.5,6.478282200454146
2633,20.5,6.574453450019057
2634,20.5,6.574453450019057
2635,20.5,6.574453450019057
2636,20.5,6.631977524737703
2637,20.5,6.631977524737707
2638,20.5,6.646491969568893
2639,20.5,6.646491969568893
2640,21.1,6.649380935806263
2641,21.1,6.649380935806263
2642,21.1,6.649380935806263
2643,21.1,6.674453450019055
2644,21.1,6.674453450019055
2645,21.1,6.674453450019055
2646,21.1,6.674453450019055
2647,21.1,6.674453450019055
2648,21.1,6.674453450019055
2649,21.1,6.674453450019055
2650,21.1,6.7319775247377045
2651,21.1,6.774453450019056
2652,21.1,6.7770987685014825
2653,21.1,6.787912087912083
2654,21.1,6.831977524737706
2655,21.1,6.84912568577727
2656,21.1,6.849380935806266
2657,21.3,6.874453450019054
2658,21.3,6.8744534500190575
2659,21.3,6.931977524737704
2660,21.3,6.93593390018729
2661,21.3,6.987912087912086
2662,21.3,6.987912087912086
2663,21.3,7.031977524737705
2664,21.3,7.074453450019053
2665,21.3,7.074453450019053
2666,21.3,7.131977524737707
2667,21.3,7.134878093249132
2668,21.3,7.146491969568891
2669,21.3,7.146491969568893
2670,21.3,7.146491969568893
2671,21.3,7.1879120879120855
2672,21.8,7.205327101254699
2673,21.8,7.2284156266056705
2674,21.8,7.2319775247377045
2675,21.8,7.231977524737708
2676,21.8,7.2348780932491294
2677,21.8,7.249380935806265
2678,21.8,7.249380935806265
2679,21.8,7.249380935806265
2680,21.8,7.274453450019056
2681,21.8,7.274453450019056
2682,21.8,7.274453450019056
2683,21.8,7.274453450019056
2684,21.8,7.331977524737702
2685,21.8,7.331977524737702
2686,21.8,7.346491969568892
2687,21.8,7.408888999386733
2688,21.8,7.431977524737704
2689,21.8,7.434878093249132
2690,21.8,7.446491969568894
2691,21.8,7.446491969568894
2692,21.8,7.449380935806261
2693,21.8,7.449380935806261
2694,21.8,7.449380935806261
2695,21.8,7.449380935806261
2696,21.8,7.449380935806261
2697,21.8,7.449380935806261
2698,21.8,7.474453450019055
2699,21.8,7.474453450019055
2700,21.8,7.474453450019055
2701,21.8,7.510339283642445
2702,21.8,7.52181780009834
2703,21.8,7.531977524737705
2704,21.8,7.549380935806262
2705,21.8,7.549380935806269
2706,21.8,7.549380935806269
2707,21.8,7.574453450019053
2708,22.0,7.649380935806263
2709,22.0,7.649380935806263
2710,22.0,7.649380935806263
2711,22.0,7.674453450019055
2712,22.0,7.674453450019055
2713,22.0,7.674453450019055
2714,22.0,7.674453450019055
2715,22.0,7.831977524737702
2716,22.0,7.831977524737702
2717,22.0,7.831977524737706
2718,22.0,7.831977524737706
2719,22.0,7.835933900187289
2720,22.0,7.849380935806259
2721,22.0,7.849380935806259
2722,22.0,7.849380935806266
2723,22.0,7.849380935806266
2724,22.0,7.849380935806266
2725,22.0,7.849380935806266
2726,22.0,7.849380935806266
2727,22.0,7.849380935806266
2728,22.0,7.874453450019054
2729,22.0,7.874453450019054
2730,22.0,7.8744534500190575
2731,22.0,7.883031397963524
2732,22.0,7.887912087912085
2733,22.0,7.931977524737704
2734,22.0,8.008888999386734
2735,22.0,8.008888999386734
2736,22.0,8.031977524737705
2737,22.0,8.03487809324913
2738,22.0,8.035933900187292
2739,22.0,8.035933900187292
2740,22.0,8.04938093580627
2741,22.0,8.074453450019053
2742,22.0,8.074453450019053
2743,22.0,8.074453450019053
2744,22.0,8.131977524737703
2745,22.0,8.174453450019055
2746,22.8,8.174453450019055
2747,22.8,8.187912087912085
2748,22.8,8.23487809324913
2749,22.8,8.249380935806265
2750,22.8,8.249380935806265
2751,22.8,8.274453450019056
2752,22.8,8.29186846336167
2753,22.8,8.308888999386735
2754,22.8,8.331977524737702
2755,22.8,8.334878093249127
2756,22.8,8.335933900187289
2757,22.8,8.378282200454144
2758,22.8,8.408888999386733
2759,22.8,8.431977524737704
2760,22.8,8.431977524737704
2761,22.8,8.474453450019059
2762,22.8,8.474453450019059
2763,22.8,8.54649196956889
2764,22.8,8.549380935806262
2765,22.8,8.549380935806262
2766,22.8,8.549380935806262
2767,22.8,8.587912087912084
2768,22.8,8.587912087912084
2769,22.8,8.605060248951649
2770,22.8,8.634878093249132
2771,22.8,8.649380935806263
2772,22.8,8.649380935806263
2773,22.8,8.649380935806263
2774,23.0,8.649380935806263
2775,23.0,8.674453450019055
2776,23.0,8.674453450019055
2777,23.0,8.674453450019055
2778,23.0,8.688967894850244
2779,23.0,8.708888999386733
2780,23.0,8.731977524737704
2781,23.0,8.731977524737704
2782,23.0,8.731977524737704
2783,23.0,8.731977524737704
2784,23.0,8.746491969568893
2785,23.0,8.746491969568893
2786,23.0,8.749380935806265
2787,23.0,8.774453450019056
2788,23.0,8.831977524737702
2789,24.400000000000002,8.831977524737706
2790,24.400000000000002,8.87445345001905
2791,24.400000000000002,8.87445345001905
2792,24.400000000000002,8.934878093249129
2793,24.400000000000002,8.93593390018729
2794,24.400000000000002,8.946491969568893
2795,24.400000000000002,8.946491969568893
2796,24.400000000000002,8.94938093580626
2797,24.400000000000002,8.94938093580626
2798,24.400000000000002,8.94938093580626
2799,24.400000000000002,8.94938093580626
2800,24.400000000000002,8.94938093580626
2801,24.400000000000002,8.94938093580626
2802,24.400000000000002,8.962584323670296
2803,24.400000000000002,8.987912087912083
2804,24.400000000000002,8.987912087912086
2805,24.400000000000002,9.03487809324913
2806,24.6,9.04649196956889
2807,24.6,9.046491969568894
2808,24.6,9.049380935806262
2809,24.6,9.049380935806262
2810,24.6,9.049380935806262
2811,24.6,9.074453450019053
2812,24.6,9.074453450019053
2813,24.6,9.074453450019053
2814,24.6,9.131977524737707
2815,24.6,9.131977524737707
2816,24.6,9.131977524737707
2817,24.6,9.187912087912085
2818,24.6,9.23487809324913
2819,24.6,9.234878093249133
2820,24.6,9.24649196956889
2821,24.6,9.246491969568893
2822,25.3,9.249380935806265
2823,25.3,9.277098768501482
2824,25.3,9.287912087912087
2825,25.3,9.331977524737706
2826,25.3,9.349380935806266
2827,25.3,9.349380935806266
2828,25.3,9.37445345001905
2829,25.3,9.37445345001905
2830,25.3,9.387912087912088
2831,25.3,9.408888999386733
2832,25.3,9.446491969568893
2833,25.3,9.44938093580626
2834,25.3,9.44938093580626
2835,25.3,9.44938093580626
2836,25.3,9.474453450019052
2837,25.3,9.487912087912083
2838,25.3,9.531977524737705
2839,25.3,9.549380935806262
2840,25.3,9.549380935806262
2841,25.3,9.54938093580627
2842,25.3,9.54938093580627
2843,25.3,9.54938093580627
2844,25.3,9.54938093580627
2845,25.3,9.574453450019053
2846,25.3,9.574453450019053
2847,25.3,9.608888999386732
2848,25.3,9.631977524737707
2849,25.3,9.634878093249128
2850,25.3,9.634878093249132
2851,25.3,9.649380935806263
2852,25.3,9.649380935806263
2853,25.3,9.649380935806263
2854,25.3,9.660337349930103
2855,25.3,9.674453450019055
2856,25.3,9.674453450019055
2857,25.3,9.674453450019055
2858,25.3,9.787912087912087
2859,25.3,9.820761993160176
2860,25.3,9.831977524737702
2861,25.3,9.83487809324913
2862,25.3,9.83487809324913
2863,25.3,9.874453450019057
2864,25.3,9.949380935806268
2865,25.3,9.988967894850244
2866,25.3,10.008888999386734
2867,25.3,10.008888999386734
2868,25.3,10.031977524737705
2869,25.3,10.087912087912088
2870,25.3,10.087912087912088
2871,25.3,10.12076199316018
2872,25.3,10.131977524737707
2873,25.3,10.149380935806263
2874,25.3,10.208888999386737
2875,25.3,10.231977524737704
2876,25.3,10.274453450019056
2877,25.3,10.278282200454147
2878,25.3,10.283031397963523
2879,25.3,10.287912087912087
2880,25.3,10.287912087912087
2881,25.3,10.331977524737706
2882,25.3,10.349380935806266
2883,25.3,10.349380935806266
2884,25.3,10.349380935806266
2885,25.3,10.349380935806266
2886,25.3,10.374453450019057
2887,25.3,10.374453450019057
2888,25.3,10.387912087912088
2889,25.3,10.408888999386733
2890,25.3,10.431977524737704
2891,25.3,10.431977524737704
2892,25.3,10.435933900187287
2893,25.3,10.446491969568893
2894,25.3,10.446491969568893
2895,25.3,10.44938093580626
2896,25.3,10.44938093580626
2897,25.3,10.44938093580626
2898,25.3,10.474453450019052
2899,25.3,10.474453450019052
2900,25.3,10.48791208791209
2901,25.3,10.48791208791209
2902,25.3,10.508888999386734
2903,25.3,10.531977524737705
2904,25.3,10.574453450019053
2905,25.3,10.574453450019053
2906,25.3,10.574453450019053
2907,25.3,10.574453450019053
2908,25.3,10.574453450019053
2909,25.3,10.574453450019053
2910,25.3,10.574453450019053
2911,25.3,10.587912087912084
2912,25.3,10.587912087912088
2913,25.3,10.587912087912088
2914,25.3,10.63593390018729
2915,25.3,10.649380935806263
2916,25.3,10.649380935806263
2917,25.3,10.649380935806263
2918,25.3,10.674453450019055
2919,25.3,10.731977524737704
2920,25.3,10.749380935806265
2921,25.3,10.749380935806265
2922,25.3,10.749380935806265
2923,25.3,10.774453450019056
2924,25.3,10.787912087912087
2925,25.3,10.787912087912087
2926,25.3,10.831977524737702
2927,25.3,10.831977524737702
2928,25.3,10.831977524737706
2929,25.3,10.831977524737706
2930,25.3,10.831977524737706
2931,25.3,10.834878093249134
2932,25.3,10.931977524737707
2933,25.3,10.987912087912086
2934,25.3,11.03487809324913
2935,25.3,11.049380935806262
2936,25.3,11.049380935806262
2937,25.3,11.074453450019053
2938,25.3,11.074453450019053
2939,25.3,11.131977524737707
2940,25.3,11.131977524737707
2941,25.3,11.131977524737707
2942,25.3,11.134878093249132
2943,25.3,11.149380935806263
2944,25.3,11.174453450019055
2945,25.3,11.174453450019055
2946,25.3,11.174453450019055
2947,25.3,11.231977524737704
2948,25.3,11.231977524737704
2949,25.3,11.23487809324913
2950,25.3,11.274453450019056
2951,25.3,11.274453450019056
2952,25.3,11.308888999386731
2953,25.3,11.308888999386731
2954,25.3,11.308888999386731
2955,25.3,11.359150050552763
2956,25.3,11.37445345001905
2957,25.3,11.37445345001905
2958,25.3,11.387912087912088
2959,25.3,11.431977524737704
2960,25.3,11.431977524737704
2961,25.3,11.474453450019059
2962,25.3,11.474453450019059
2963,25.3,11.531977524737705
2964,25.3,11.53487809324913
2965,25.3,11.54649196956889
2966,25.3,11.574453450019053
2967,25.3,11.608888999386735
2968,25.3,11.634878093249128
2969,25.3,11.687912087912085
2970,25.3,11.687912087912085
2971,25.3,11.731977524737704
2972,25.3,11.734878093249133
2973,25.3,11.774453450019056
2974,25.3,11.805593953557754
2975,25.3,11.831977524737706
2976,25.3,11.83487809324913
2977,25.3,11.835933900187289
2978,25.3,11.87445345001905
2979,25.3,11.87445345001905
2980,25.3,11.887912087912085
2981,25.3,11.887912087912088
2982,25.3,11.931977524737704
2983,25.3,11.931977524737704
2984,25.3,11.974453450019059
2985,25.3,11.974453450019059
2986,25.3,11.974453450019059
2987,26.3,11.974453450019059
2988,26.3,11.987912087912083
2989,26.3,12.03487809324913
2990,26.3,12.04938093580627
2991,26.3,12.04938093580627
2992,26.3,12.04938093580627
2993,26.3,12.074453450019053
2994,26.3,12.074453450019053
2995,26.3,12.078282200454147
2996,26.3,12.108888999386735
2997,26.3,12.108888999386735
2998,26.3,12.231977524737704
2999,26.3,12.234878093249133
3000,26.3,12.249380935806258
3001,26.3,12.249380935806258
3002,26.3,12.249380935806258
3003,26.3,12.249380935806258
3004,26.3,12.249380935806258
3005,26.3,12.249380935806258
3006,26.3,12.249380935806258
3007,26.3,12.249380935806265
3008,26.3,12.278282200454147
3009,26.3,12.366540699119884
3010,26.3,12.387912087912085
3011,26.3,12.431977524737704
3012,26.3,12.431977524737704
3013,26.3,12.431977524737707
3014,26.3,12.460867187111528
3015,26.3,12.474453450019052
3016,26.3,12.474453450019059
3017,26.3,12.474453450019059
3018,26.3,12.474453450019059
3019,26.3,12.520761993160178
3020,26.3,12.528415626605671
3021,26.3,12.53487809324913
3022,26.3,12.53487809324913
3023,27.8,12.54649196956889
3024,27.8,12.54649196956889
3025,27.8,12.54649196956889
3026,27.8,12.574453450019053
3027,27.8,12.631977524737707
3028,27.8,12.634878093249132
3029,27.8,12.674453450019055
3030,27.8,12.687912087912085
3031,27.8,12.708888999386733
3032,27.8,12.708888999386737
3033,27.8,12.74490245802463
3034,27.8,12.787912087912083
3035,27.8,12.787912087912087
3036,27.8,12.835933900187289
3037,27.8,12.865484892181723
3038,27.8,12.87445345001905
3039,27.8,12.908888999386733
3040,27.8,12.94649196956889
3041,27.8,12.94938093580626
3042,27.8,12.94938093580626
3043,27.8,12.974453450019059
3044,27.8,12.987912087912086
3045,27.8,13.031977524737705
3046,27.8,13.035933900187288
3047,27.8,13.131977524737703
3048,27.8,13.131977524737707
3049,27.8,13.174453450019055
3050,27.8,13.174453450019055
3051,29.0,13.231977524737704
3052,29.0,13.234878093249133
3053,29.0,13.274453450019056
3054,29.0,13.274453450019056
3055,29.0,13.331977524737702
3056,29.0,13.331977524737706
3057,29.0,13.331977524737706
3058,29.0,13.331977524737706
3059,29.0,13.344902458024624
3060,29.0,13.387912087912085
3061,29.0,13.431977524737704
3062,29.0,13.44938093580626
3063,29.0,13.44938093580626
3064,29.0,13.44938093580626
3065,29.0,13.44938093580626
3066,29.0,13.508888999386734
3067,29.0,13.531977524737705
3068,29.0,13.531977524737705
3069,29.0,13.549380935806262
3070,29.0,13.587912087912088
3071,29.0,13.63593390018729
3072,29.0,13.687912087912085
3073,29.0,13.72841562660567
3074,29.0,13.73487809324913
3075,29.0,13.734878093249133
3076,29.0,13.734878093249133
3077,29.0,13.760337349930104
3078,29.0,13.820761993160179
3079,29.0,13.83487809324913
3080,29.0,13.849380935806266
3081,29.0,13.87445345001905
3082,29.0,13.874453450019057
3083,29.0,13.931977524737704
3084,29.0,13.93593390018729
3085,29.0,14.031977524737705
3086,29.0,14.031977524737705
3087,29.700000000000003,14.035933900187288
3088,29.700000000000003,14.074453450019053
3089,29.700000000000003,14.074453450019053
3090,29.700000000000003,14.074453450019053
3091,29.700000000000003,14.087912087912084
3092,29.700000000000003,14.149380935806263
3093,29.700000000000003,14.149380935806263
3094,29.700000000000003,14.149380935806263
3095,29.700000000000003,14.208888999386733
3096,29.700000000000003,14.231977524737704
3097,29.700000000000003,14.231977524737708
3098,29.700000000000003,14.274453450019056
3099,29.700000000000003,14.277098768501482
3100,29.700000000000003,14.277098768501482
3101,29.700000000000003,14.308888999386731
3102,29.700000000000003,14.331977524737706
3103,29.700000000000003,14.387912087912088
3104,29.700000000000003,14.431977524737704
3105,29.700000000000003,14.434878093249132
3106,29.700000000000003,14.435933900187287
3107,29.700000000000003,14.44938093580626
3108,29.700000000000003,14.44938093580626
3109,29.700000000000003,14.44938093580626
3110,29.700000000000003,14.474453450019059
3111,29.700000000000003,14.474453450019059
3112,29.700000000000003,14.508888999386734
3113,29.700000000000003,14.531977524737705
3114,29.700000000000003,14.587912087912084
3115,29.700000000000003,14.646491969568892
3116,29.700000000000003,14.646491969568892
3117,29.700000000000003,14.674453450019055
3118,29.700000000000003,14.674453450019062
3119,29.700000000000003,14.674453450019062
3120,29.700000000000003,14.73487809324913
3121,29.700000000000003,14.774453450019056
3122,29.700000000000003,14.774453450019056
3123,29.700000000000003,14.774453450019056
3124,29.700000000000003,14.846491969568891
3125,29.700000000000003,14.87445345001905
3126,29.700000000000003,14.874453450019057
3127,29.700000000000003,14.934878093249129
3128,29.700000000000003,14.94938093580626
3129,29.700000000000003,14.94938093580626
3130,29.700000000000003,14.94938093580626
3131,29.700000000000003,14.94938093580626
3132,29.700000000000003,14.94938093580626
3133,29.700000000000003,14.94938093580626
3134,29.700000000000003,14.94938093580626
3135,29.700000000000003,14.974453450019052
3136,29.700000000000003,14.974453450019059
3137,29.700000000000003,15.031977524737705
3138,29.700000000000003,15.031977524737705
3139,29.700000000000003,15.049380935806262
3140,29.700000000000003,15.049380935806262
3141,29.700000000000003,15.049380935806262
3142,29.700000000000003,15.077098768501486
3143,29.700000000000003,15.087912087912084
3144,29.700000000000003,15.087912087912084
3145,29.700000000000003,15.108227669766126
3146,29.700000000000003,15.131977524737707
3147,29.700000000000003,15.131977524737707
3148,29.700000000000003,15.146491969568892
3149,29.700000000000003,15.149380935806263
3150,29.700000000000003,15.149380935806263
3151,29.700000000000003,15.191729236073115
3152,29.700000000000003,15.208888999386733
3153,29.700000000000003,15.231977524737708
3154,29.700000000000003,15.274453450019056
3155,29.700000000000003,15.274453450019056
3156,29.700000000000003,15.331977524737706
3157,29.700000000000003,15.360867187111523
3158,29.700000000000003,15.374453450019057
3159,29.700000000000003,15.374453450019057
3160,29.700000000000003,15.431977524737704
3161,29.700000000000003,15.474453450019059
3162,29.700000000000003,15.474453450019059
3163,29.700000000000003,15.531977524737705
3164,29.700000000000003,15.531977524737705
3165,29.700000000000003,15.53487809324913
3166,29.700000000000003,15.54938093580627
3167,29.700000000000003,15.54938093580627
3168,29.700000000000003,15.54938093580627
3169,29.700000000000003,15.54938093580627
3170,29.700000000000003,15.54938093580627
3171,29.700000000000003,15.54938093580627
3172,29.700000000000003,15.587912087912084
3173,29.700000000000003,15.591729236073121
3174,29.700000000000003,15.628415626605673
3175,29.700000000000003,15.631977524737707
3176,29.700000000000003,15.674453450019055
3177,29.700000000000003,15.687912087912085
3178,29.700000000000003,15.687912087912085
3179,29.700000000000003,15.708888999386737
3180,29.700000000000003,15.746491969568893
3181,29.700000000000003,15.760337349930104
3182,29.700000000000003,15.774453450019056
3183,29.700000000000003,15.774453450019056
3184,29.700000000000003,15.808888999386731
3185,29.700000000000003,15.83197752473771
3186,29.700000000000003,15.84938093580626
3187,29.700000000000003,15.84938093580626
3188,29.700000000000003,15.84938093580626
3189,29.700000000000003,15.84938093580626
3190,29.700000000000003,15.84938093580626
3191,29.700000000000003,16.131977524737707
3192,29.700000000000003,16.249380935806265
3193,29.700000000000003,16.274453450019056
3194,29.700000000000003,16.30888899938674
3195,29.700000000000003,16.331977524737706
3196,29.700000000000003,16.38791208791209
3197,29.700000000000003,16.38791208791209
3198,29.700000000000003,16.435933900187294
3199,29.700000000000003,16.47445345001906
3200,29.700000000000003,16.487912087912083
3201,29.700000000000003,16.53487809324913
3202,29.700000000000003,16.574453450019053
3203,29.700000000000003,16.574453450019053
3204,29.700000000000003,16.574453450019053
3205,29.700000000000003,16.631977524737707
3206,29.700000000000003,16.649380935806263
3207,29.700000000000003,16.649380935806263
3208,29.700000000000003,16.731977524737708
3209,29.700000000000003,16.734878093249133
3210,29.700000000000003,16.749380935806265
3211,29.700000000000003,16.749380935806265
3212,29.700000000000003,16.749380935806265
3213,29.700000000000003,16.787912087912087
3214,29.700000000000003,16.831977524737706
3215,29.700000000000003,16.831977524737706
3216,29.700000000000003,16.88791208791208
3217,30.200000000000003,16.97445345001906
3218,30.200000000000003,17.031977524737705
3219,30.200000000000003,17.031977524737705
3220,30.200000000000003,17.131977524737707
3221,30.200000000000003,17.174453450019055
3222,30.200000000000003,17.187912087912085
3223,30.200000000000003,17.231977524737708
3224,30.200000000000003,17.234878093249126
3225,30.200000000000003,17.274453450019056
3226,30.200000000000003,17.287912087912087
3227,30.200000000000003,17.349380935806266
3228,30.200000000000003,17.349380935806266
3229,30.200000000000003,17.349380935806266
3230,30.200000000000003,17.349380935806266
3231,30.200000000000003,17.349380935806266
3232,30.200000000000003,17.431977524737704
3233,30.200000000000003,17.43487809324913
3234,30.200000000000003,17.574453450019053
3235,30.200000000000003,17.574453450019053
3236,30.200000000000003,17.574453450019053
3237,30.200000000000003,17.587912087912084
3238,30.200000000000003,17.674453450019055
3239,30.200000000000003,17.674453450019055
3240,30.200000000000003,17.687912087912085
3241,30.200000000000003,17.731977524737704
3242,30.200000000000003,17.749380935806265
3243,30.200000000000003,17.749380935806265
3244,30.200000000000003,17.749380935806265
3245,30.200000000000003,17.774453450019056
3246,30.200000000000003,17.774453450019056
3247,30.200000000000003,17.80888899938673
3248,30.200000000000003,17.87445345001905
3249,30.200000000000003,17.87445345001905
3250,30.200000000000003,17.874453450019057
3251,30.200000000000003,17.974453450019052
3252,30.200000000000003,17.974453450019052
3253,30.200000000000003,17.97445345001906
3254,30.200000000000003,17.98791208791209
3255,30.200000000000003,18.149380935806263
3256,30.200000000000003,18.149380935806263
3257,30.200000000000003,18.149380935806263
3258,30.200000000000003,18.149380935806263
3259,30.200000000000003,18.149380935806263
3260,30.200000000000003,18.149380935806263
3261,30.200000000000003,18.149380935806263
3262,30.200000000000003,18.216674125271407
3263,30.200000000000003,18.231977524737704
3264,30.200000000000003,18.231977524737708
3265,30.200000000000003,18.249380935806265
3266,30.200000000000003,18.249380935806265
3267,30.200000000000003,18.274453450019056
3268,30.6,18.274453450019056
3269,30.6,18.274453450019056
3270,30.6,18.287912087912087
3271,30.6,18.349380935806266
3272,30.6,18.349380935806266
3273,30.6,18.349380935806266
3274,30.6,18.349380935806266
3275,30.6,18.349380935806266
3276,30.6,18.349380935806266
3277,30.6,18.349380935806266
3278,30.6,18.349380935806266
3279,30.6,18.349380935806266
3280,30.6,18.349380935806266
3281,30.6,18.349380935806266
3282,30.6,18.349380935806266
3283,30.6,18.37445345001905
3284,30.6,18.38791208791209
3285,30.6,18.53487809324913
3286,30.6,18.53487809324913
3287,30.6,18.574453450019053
3288,30.6,18.574453450019053
3289,30.6,18.587912087912084
3290,30.6,18.674453450019055
3291,30.6,18.687912087912085
3292,30.6,18.731977524737704
3293,30.6,18.731977524737708
3294,30.6,18.80888899938674
3295,30.6,18.831977524737706
3296,31.900000000000002,18.831977524737706
3297,31.900000000000002,18.834878093249134
3298,31.900000000000002,18.88791208791209
3299,31.900000000000002,19.146491969568892
3300,31.900000000000002,19.149380935806263
3301,31.900000000000002,19.149380935806263
3302,31.900000000000002,19.149380935806263
3303,31.900000000000002,19.149380935806263
3304,31.900000000000002,19.149380935806263
3305,31.900000000000002,19.149380935806263
3306,31.900000000000002,19.149380935806263
3307,31.900000000000002,19.149380935806263
3308,31.900000000000002,19.231977524737704
3309,31.900000000000002,19.234878093249133
3310,31.900000000000002,19.287912087912087
3311,31.900000000000002,19.331977524737706
3312,31.900000000000002,19.334878093249134
3313,31.900000000000002,19.374453450019057
3314,31.900000000000002,19.431977524737704
3315,31.900000000000002,19.47445345001906
3316,31.900000000000002,19.531977524737705
3317,31.900000000000002,19.531977524737705
3318,31.900000000000002,19.54938093580627
3319,31.900000000000002,19.54938093580627
3320,31.900000000000002,19.574453450019053
3321,31.900000000000002,19.574453450019053
3322,31.900000000000002,19.631977524737707
3323,31.900000000000002,19.63487809324913
3324,31.900000000000002,19.674453450019055
3325,31.900000000000002,19.674453450019055
3326,31.900000000000002,19.749380935806258
3327,31.900000000000002,19.935933900187294
3328,31.900000000000002,19.946491969568893
3329,31.900000000000002,19.949380935806268
3330,31.900000000000002,19.949380935806268
3331,31.900000000000002,19.949380935806268
3332,31.900000000000002,19.949380935806268
3333,31.900000000000002,19.949380935806268
3334,31.900000000000002,20.083031397963527
3335,31.900000000000002,20.17445345001906
3336,31.900000000000002,20.187912087912085
3337,31.900000000000002,20.23593390018729
3338,31.900000000000002,20.274453450019056
3339,31.900000000000002,20.274453450019056
3340,31.900000000000002,20.37445345001905
3341,31.900000000000002,20.37445345001905
3342,31.900000000000002,20.37445345001905
3343,32.300000000000004,20.408888999386733
3344,32.300000000000004,20.44938093580626
3345,32.300000000000004,20.44938093580626
3346,32.300000000000004,20.44938093580626
3347,32.300000000000004,20.48791208791209
3348,32.300000000000004,20.631977524737707
3349,32.300000000000004,20.649380935806263
3350,32.300000000000004,20.649380935806263
3351,32.300000000000004,20.88791208791208
3352,32.300000000000004,20.931977524737704
3353,32.300000000000004,20.93487809324913
3354,32.300000000000004,20.97445345001906
3355,32.300000000000004,20.97445345001906
3356,32.300000000000004,21.031977524737705
3357,32.300000000000004,21.13487809324913
3358,32.300000000000004,21.13593390018729
3359,32.300000000000004,21.149380935806263
3360,32.300000000000004,21.149380935806263
3361,32.300000000000004,21.149380935806263
3362,32.300000000000004,21.234878093249126
3363,32.300000000000004,21.331977524737702
3364,32.300000000000004,21.33197752473771
3365,32.300000000000004,21.408888999386733
3366,32.300000000000004,21.53487809324913
3367,32.300000000000004,21.66548489218172
3368,32.300000000000004,21.674453450019055
3369,32.300000000000004,21.731977524737708
3370,32.300000000000004,21.774453450019056
3371,32.300000000000004,21.774453450019056
3372,32.300000000000004,21.774453450019056
3373,32.300000000000004,21.774453450019056
3374,32.300000000000004,21.862584323670294
3375,32.300000000000004,21.97445345001906
3376,32.300000000000004,22.074453450019053
3377,32.300000000000004,22.165616384620904
3378,32.300000000000004,22.187912087912085
3379,32.300000000000004,22.47445345001906
3380,32.300000000000004,22.50888899938674
3381,32.300000000000004,22.546491969568894
3382,32.300000000000004,22.674453450019055
3383,32.300000000000004,22.731977524737708
3384,32.300000000000004,22.734878093249126
3385,32.300000000000004,22.83197752473771
3386,32.300000000000004,22.846491969568895
3387,36.5,22.87445345001905
3388,36.5,22.91957469378284
3389,36.5,22.931977524737704
3390,36.5,22.931977524737704
3391,36.5,22.94938093580626
3392,36.5,22.94938093580626
3393,36.5,22.94938093580626
3394,36.5,22.97445345001906
3395,36.5,23.031977524737705
3396,36.5,23.049380935806255
3397,36.5,23.049380935806255
3398,36.5,23.074453450019053
3399,36.5,23.074453450019053
3400,36.5,23.08896789485025
3401,36.5,23.33197752473771
3402,36.5,23.37445345001905
3403,36.5,23.37445345001905
3404,36.5,23.37445345001905
3405,36.5,23.37445345001905
3406,36.5,23.446491969568893
3407,36.5,23.44938093580626
3408,36.5,23.574453450019053
3409,36.5,23.574453450019053
3410,36.5,23.574453450019053
3411,36.5,23.587912087912084
3412,36.5,23.83197752473771
3413,36.5,23.846491969568895
3414,36.5,23.88791208791209
3415,36.5,23.94938093580626
3416,36.5,23.94938093580626
3417,36.5,23.94938093580626
3418,36.5,23.94938093580626
3419,36.5,23.94938093580626
3420,36.5,24.065616384620903
3421,36.5,24.149380935806263
3422,36.5,24.149380935806263
3423,37.4,24.149380935806263
3424,37.4,24.174453450019055
3425,37.4,24.174453450019055
3426,37.4,24.231977524737708
3427,37.4,24.331977524737702
3428,37.4,24.37445345001905
3429,37.4,24.549380935806255
3430,37.4,24.549380935806255
3431,37.4,24.566540699119884
3432,37.4,24.587912087912084
3433,37.4,24.67445345001906
3434,37.4,24.687912087912085
3435,37.4,24.7319775247377
3436,37.4,24.774453450019056
3437,37.4,24.774453450019056
3438,37.4,24.774453450019056
3439,37.4,24.787912087912087
3440,37.4,24.931977524737704
3441,37.4,24.97445345001906
3442,37.4,25.031977524737705
3443,37.4,25.03487809324913
3444,37.4,25.049380935806255
3445,37.4,25.049380935806255
3446,37.4,25.049380935806255
3447,37.4,25.091729236073107
3448,37.4,25.374453450019057
3449,37.4,25.374453450019057
3450,37.4,25.408888999386733
3451,37.4,25.53593390018729
3452,37.4,25.54938093580627
3453,37.4,25.631977524737707
3454,37.4,25.731977524737708
3455,37.4,25.774453450019056
3456,37.4,25.931977524737704
3457,37.4,25.97445345001906
3458,39.7,25.97445345001906
3459,39.7,25.97445345001906
3460,39.7,26.03487809324913
3461,39.7,26.17445345001906
3462,39.7,26.231977524737708
3463,39.7,26.43487809324913
3464,39.7,26.48791208791209
3465,39.7,26.48791208791209
3466,39.7,26.766540699119886
3467,39.7,26.88791208791209
3468,39.7,27.074453450019053
3469,39.7,27.074453450019053
3470,39.7,27.074453450019053
3471,39.7,27.174453450019055
3472,39.7,27.187912087912085
3473,39.7,27.234878093249133
3474,39.7,27.234878093249133
3475,39.7,27.234878093249133
3476,39.7,27.349380935806266
3477,39.7,27.349380935806266
3478,39.7,27.349380935806266
3479,39.7,27.349380935806266
3480,39.7,27.349380935806266
3481,39.7,27.431977524737704
3482,39.7,27.435933900187294
3483,39.7,27.474453450019052
3484,39.7,27.47445345001906
3485,39.7,27.531977524737712
3486,39.7,27.574453450019053
3487,39.7,27.649380935806263
3488,39.7,27.649380935806263
3489,39.7,27.649380935806263
3490,39.7,27.67445345001906
3491,39.7,27.67445345001906
3492,39.7,27.835933900187293
3493,39.7,28.07445345001906
3494,39.7,28.38791208791209
3495,39.7,28.431977524737704
3496,39.7,28.47445345001906
3497,39.7,28.52181780009834
3498,39.7,28.7319775247377
3499,39.7,28.766540699119886
3500,39.7,28.774453450019056
3501,39.7,28.83197752473771
3502,39.7,28.874453450019057
3503,39.7,28.874453450019057
3504,39.7,28.874453450019057
3505,39.7,28.874453450019057
3506,39.7,28.874453450019057
3507,39.7,28.874453450019057
3508,39.7,28.931977524737704
3509,40.7,29.274453450019056
3510,40.7,29.631977524737707
3511,40.7,29.649380935806263
3512,40.7,29.649380935806263
3513,40.7,29.649380935806263
3514,40.7,29.649380935806263
3515,40.7,29.649380935806263
3516,40.7,29.649380935806263
3517,40.7,29.649380935806263
3518,40.7,29.80888899938674
3519,40.7,29.931977524737704
3520,40.7,30.249380935806272
3521,40.7,30.249380935806272
3522,40.7,30.249380935806272
3523,40.7,30.249380935806272
3524,40.7,30.249380935806272
3525,40.7,30.249380935806272
3526,40.7,30.249380935806272
3527,40.7,30.249380935806272
3528,40.7,30.249380935806272
3529,40.7,30.249380935806272
3530,40.7,30.249380935806272
3531,40.7,30.266540699119886
3532,40.7,30.321817800098344
3533,40.7,30.346491969568888
3534,40.7,30.37445345001905
3535,40.7,30.38791208791208
3536,40.7,30.38791208791208
3537,40.7,30.431977524737704
3538,40.7,30.431977524737704
3539,40.7,30.44938093580626
3540,40.7,30.44938093580626
3541,40.7,30.44938093580626
3542,40.7,30.44938093580626
3543,40.7,30.44938093580626
3544,40.7,30.44938093580626
3545,40.7,30.631977524737707
3546,40.7,30.774453450019056
3547,40.7,31.031977524737705
3548,40.7,31.049380935806255
3549,40.7,31.049380935806255
3550,40.7,31.049380935806255
3551,40.7,31.074453450019053
3552,40.7,31.087912087912084
3553,40.7,31.234878093249126
3554,40.7,31.487912087912083
3555,40.7,31.574453450019053
3556,40.7,31.674453450019055
3557,40.7,31.71680175028591
3558,40.7,31.849380935806266
3559,40.7,31.849380935806266
3560,42.1,31.908888999386733
3561,42.1,31.97445345001906
3562,42.1,31.98791208791209
3563,42.1,31.98791208791209
3564,42.1,32.23197752473771
3565,42.1,32.27445345001905
3566,42.1,32.27445345001905
3567,42.1,32.27445345001905
3568,42.1,32.349380935806266
3569,42.1,32.349380935806266
3570,42.1,32.387912087912085
3571,42.1,32.58791208791209
3572,42.1,32.974453450019055
3573,42.1,32.974453450019055
3574,42.1,33.13197752473771
3575,42.1,33.17445345001906
3576,42.1,33.27445345001905
3577,42.1,33.27445345001905
3578,42.1,33.27445345001905
3579,42.1,33.27445345001905
3580,42.1,33.33197752473771
3581,42.1,33.58791208791209
3582,42.1,33.74938093580626
3583,42.1,33.849380935806266
3584,42.1,33.849380935806266
3585,42.1,33.849380935806266
3586,42.1,33.849380935806266
3587,42.1,33.94938093580626
3588,42.1,34.3319775247377
3589,42.1,34.77445345001905
3590,42.1,34.77445345001905
3591,42.1,34.87445345001906
3592,42.1,35.14938093580626
3593,42.1,35.14938093580626
3594,42.1,35.14938093580626
3595,42.1,35.14938093580626
3596,42.1,35.14938093580626
3597,42.1,35.434878093249125
3598,42.1,35.435933900187294
3599,42.1,35.474453450019055
3600,42.1,35.474453450019055
3601,42.1,35.608888999386735
3602,42.1,35.73197752473771
3603,42.1,35.73487809324914
3604,42.1,35.849380935806266
3605,42.1,35.849380935806266
3606,42.1,35.849380935806266
3607,42.1,35.849380935806266
3608,42.1,35.87445345001906
3609,42.1,35.87445345001906
3610,42.1,35.89172923607312
3611,42.1,35.974453450019055
3612,42.1,36.031977524737705
3613,42.1,36.035933900187295
3614,42.1,36.27445345001905
3615,42.1,36.37445345001906
3616,42.1,36.431977524737704
3617,42.1,36.474453450019055
3618,42.1,36.70888899938674
3619,42.1,37.13593390018729
3620,42.1,37.24938093580626
3621,42.1,37.27445345001905
3622,42.1,37.27445345001905
3623,42.1,37.68791208791208
3624,42.1,37.87445345001905
3625,42.1,38.23197752473771
3626,42.1,38.57445345001905
3627,42.1,38.931977524737704
3628,42.1,38.94938093580626
3629,42.1,38.94938093580626
3630,42.1,38.94938093580626
3631,42.1,38.94938093580626
3632,42.1,38.94938093580626
3633,42.1,38.94938093580626
3634,42.1,38.94938093580626
3635,42.1,38.94938093580626
3636,42.1,39.33197752473771
3637,42.1,39.349380935806266
3638,42.1,39.349380935806266
3639,42.1,39.349380935806266
3640,42.1,39.54938093580627
3641,42.1,39.54938093580627
3642,42.1,39.54938093580627
3643,42.1,39.54938093580627
3644,42.1,39.54938093580627
3645,42.1,39.54938093580627
3646,42.1,39.54938093580627
3647,42.1,39.54938093580627
3648,42.1,39.54938093580627
3649,42.1,39.54938093580627
3650,42.1,39.54938093580627
3651,42.1,40.02076199316018
3652,42.1,40.049380935806255
3653,42.1,40.049380935806255
3654,42.1,40.049380935806255
3655,42.1,40.049380935806255
3656,42.1,40.049380935806255
3657,42.1,40.24938093580627
3658,42.1,40.24938093580627
3659,42.1,40.24938093580627
3660,42.1,40.24938093580627
3661,42.1,40.24938093580627
3662,42.1,40.24938093580627
3663,42.1,40.24938093580627
3664,42.1,40.24938093580627
3665,42.1,40.24938093580627
3666,42.1,40.24938093580627
3667,42.1,40.24938093580627
3668,42.1,40.24938093580627
3669,42.1,40.24938093580627
3670,42.1,40.24938093580627
3671,42.1,40.24938093580627
3672,42.1,40.349380935806266
3673,42.1,40.349380935806266
3674,42.1,40.349380935806266
3675,42.1,40.349380935806266
3676,42.1,40.349380935806266
3677,42.1,40.349380935806266
3678,42.1,40.349380935806266
3679,42.1,40.349380935806266
3680,42.1,40.349380935806266
3681,42.1,40.349380935806266
3682,42.1,40.349380935806266
3683,42.1,40.4053271012547
3684,42.1,40.674453450019044
3685,42.1,41.031977524737705
3686,42.1,41.13197752473771
3687,42.1,41.174453450019044
3688,42.1,41.44938093580626
3689,42.1,41.44938093580626
3690,42.1,41.44938093580626
3691,42.1,41.49172923607311
3692,42.1,41.57445345001905
3693,42.1,41.94938093580626
3694,42.1,41.94938093580626
3695,42.1,41.94938093580626
3696,42.1,41.94938093580626
3697,42.1,42.07445345001905
3698,42.1,42.1
3699,42.1,42.1
3700,42.1,42.1
3701,42.1,42.1
3702,42.1,42.1
3703,42.1,42.1
3704,42.1,42.1
3705,42.1,42.1
3706,42.1,42.1
3707,42.1,42.1
3708,42.1,42.1
3709,42.1,42.1
3710,42.1,42.1
3711,42.1,42.1
3712,42.1,42.1
3713,42.1,42.1
3714,42.1,42.1
3715,42.1,42.1
3716,42.1,42.1
3717,42.1,42.1
3718,42.1,42.1
3719,42.1,42.1
3720,42.1,42.1
3721,42.1,42.1
3722,42.1,42.1
3723,42.1,42.1
3724,42.1,42.1
3725,42.1,42.1
3726,42.1,42.1
3727,42.1,42.1
3728,42.1,42.1
3729,42.1,42.1
3730,42.1,42.1
3731,42.1,42.1
3732,42.1,42.1
3733,42.1,42.1
3734,42.1,42.1
3735,42.1,42.1
3736,42.1,42.1
3737,42.1,42.1
3738,42.1,42.1
3739,42.1,42.1
3740,42.1,42.1
3741,42.1,42.1
3742,42.1,42.1
3743,42.1,42.1
3744,42.1,42.1
3745,42.1,42.1
3746,42.1,42.1
3747,42.1,42.1
3748,42.1,42.1
3749,42.1,42.1
3750,42.1,42.1
3751,42.1,42.1
3752,42.1,42.1
3753,42.1,42.1
3754,42.1,42.1
3755,42.1,42.1
3756,42.1,42.1
3757,42.1,42.1
3758,42.1,42.1
3759,42.1,42.1
3760,42.1,42.1
3761,42.1,42.1
3762,42.1,42.1
3763,42.1,42.1
3764,42.1,42.1
3765,42.1,42.1
3766,42.1,42.1
3767,42.1,42.1
3768,42.1,42.1
3769,42.1,42.1
3770,42.1,42.1
3771,42.1,42.1
3772,42.1,42.1
3773,42.1,42.1
3774,42.1,42.1
3775,42.1,42.1
3776,42.1,42.1
3777,42.1,42.1
3778,42.1,42.1
3779,42.1,42.1
3780,42.1,42.1
3781,42.1,42.1
3782,42.1,42.1
3783,42.1,42.1
3784,42.1,42.1
3785,42.1,42.1
3786,42.1,42.1
3787,42.1,42.1
3788,42.1,42.1
3789,42.1,42.1
3790,42.1,42.1
3791,42.1,42.1
3792,42.1,42.1
3793,42.1,42.1
3794,42.1,42.1
3795,42.1,42.1
3796,42.1,42.1
3797,42.1,42.1
3798,42.1,42.1
3799,42.1,42.1
3800,42.1,42.1
3801,42.1,42.1
3802,42.1,42.1
3803,42.1,42.1
3804,42.1,42.1
3805,42.1,42.1
3806,42.1,42.1
3807,42.1,42.1
3808,42.1,42.1
3809,42.1,42.1
3810,42.1,42.1
3811,42.1,42.1
3812,42.1,42.1
3813,42.1,42.1
3814,42.1,42.1
3815,42.1,42.1
3816,42.1,42.1
3817,42.1,42.1
3818,42.1,42.1
3819,42.1,42.1
3820,42.1,42.1
3821,42.1,42.1
3822,42.1,42.1
3823,42.1,42.1
3824,42.1,42.1
3825,42.1,42.1
3826,42.1,42.1
3827,42.1,42.1
3828,42.1,42.1
3829,42.1,42.1
3830,42.1,42.1
3831,42.1,42.1
3832,42.1,42.1
3833,42.1,42.1
3834,42.1,42.1
3835,42.1,42.1
3836,42.1,42.1
3837,42.1,42.1
3838,42.1,42.1
3839,42.1,42.1
3840,42.1,42.1
3841,42.1,42.1
3842,42.1,42.1
3843,42.1,42.1
3844,42.1,42.1
3845,42.1,42.1
3846,42.1,42.1
3847,42.1,42.1
3848,42.1,42.1
3849,42.1,42.1
3850,42.1,42.1
3851,42.1,42.1
3852,42.1,42.1
3853,42.1,42.1
3854,42.1,42.1
3855,42.1,42.1
3856,42.1,42.1
3857,42.1,42.1
3858,42.1,42.1
3859,42.1,42.1
3860,42.1,42.1
3861,42.1,42.1
3862,42.1,42.1
3863,42.1,42.1
3864,42.1,42.1
3865,42.1,42.1
3866,42.1,42.1
3867,42.1,42.1
3868,42.1,42.1
3869,42.1,42.1
3870,42.1,42.1
3871,42.1,42.1
3872,42.1,42.1
3873,42.1,42.1
3874,42.1,42.1
3875,42.1,42.1
3876,42.1,42.1
3877,42.1,42.1
3878,42.1,42.1
3879,42.1,42.1
3880,42.1,42.1
3881,42.1,42.1
3882,42.1,42.1
3883,42.1,42.1
3884,42.1,42.1
3885,42.1,42.1
3886,42.1,42.1
3887,42.1,42.1
3888,42.1,42.1
3889,42.1,42.1
3890,42.1,42.1
3891,42.1,42.1
3892,42.1,42.1
3893,42.1,42.1
3894,42.1,42.1
3895,42.1,42.1
3896,42.1,42.1
3897,42.1,42.1
3898,42.1,42.1
3899,42.1,42.1
3900,42.1,42.1
3901,42.1,42.1
3902,42.1,42.1
3903,42.1,42.1
3904,42.1,42.1
3905,42.1,42.1
3906,42.1,42.1
3907,42.1,42.1
3908,42.1,42.1
3909,42.1,42.1
3910,42.1,42.1
3911,42.1,42.1
3912,42.1,42.1
3913,42.1,42.1
3914,42.1,42.1
3915,42.1,42.1
3916,42.1,42.1
3917,42.1,42.1
3918,42.1,42.1
3919,42.1,42.1
3920,42.1,42.1
3921,42.1,42.1
3922,42.1,42.1
3923,42.1,42.1
3924,42.1,42.1
3925,42.1,42.1
3926,42.1,42.1
3927,42.1,42.1
3928,42.1,42.1
3929,42.1,42.1
3930,42.1,42.1
3931,42.1,42.1
3932,42.1,42.1
3933,42.1,42.1
3934,42.1,42.1
3935,42.1,42.1
3936,42.1,42.1
3937,42.1,42.1
3938,42.1,42.1
3939,42.1,42.1
3940,42.1,42.1
3941,42.1,42.1
3942,42.1,42.1
3943,42.1,42.1
3944,42.1,42.1
3945,42.1,42.1
3946,42.1,42.1
3947,42.1,42.1
3948,42.1,42.1
3949,42.1,42.1
3950,42.1,42.1
3951,42.1,42.1
3952,42.1,42.1
3953,42.1,42.1
3954,42.1,42.1
3955,42.1,42.1
3956,42.1,42.1
3957,42.1,42.1
3958,42.1,42.1
3959,42.1,42.1
3960,42.1,42.1
3961,42.1,42.1
3962,42.1,42.1
3963,42.1,42.1
3964,42.1,42.1
3965,42.1,42.1
3966,42.1,42.1
3967,42.1,42.1
3968,42.1,42.1
3969,42.1,42.1
3970,42.1,42.1
3971,42.1,42.1
3972,42.1,42.1
3973,42.1,42.1
3974,42.1,42.1
3975,42.1,42.1
3976,42.1,42.1
3977,42.1,42.1
3978,42.1,42.1
3979,42.1,42.1
3980,42.1,42.1
3981,42.1,42.1
3982,42.1,42.1
3983,42.1,42.1
3984,42.1,42.1
3985,42.1,42.1
3986,42.1,42.1
3987,42.1,42.1
3988,42.1,42.1
3989,42.1,42.1
3990,42.1,42.1
3991,42.1,42.1
3992,42.1,42.1
3993,42.1,42.1
3994,42.1,42.1
3995,42.1,42.1
3996,42.1,42.1
3997,42.1,42.1
3998,42.1,42.1
3999,42.1,42.1
4000,42.1,42.1
4001,42.1,42.1
4002,42.1,42.1
4003,42.1,42.1
4004,42.1,42.1
4005,42.1,42.1
4006,42.1,42.1
4007,42.1,42.1
4008,42.1,42.1
4009,42.1,42.1
4010,42.1,42.1
4011,42.1,42.1
4012,42.1,42.1
4013,42.1,42.1
4014,42.1,42.1
4015,42.1,42.1
4016,42.1,42.1
4017,42.1,42.1
4018,42.1,42.1
4019,42.1,42.1
4020,42.1,42.1
4021,42.1,42.1
4022,42.1,42.1
4023,42.1,42.1
4024,42.1,42.1
4025,42.1,42.1
4026,42.1,42.1
4027,42.1,42.1
4028,42.1,42.1
4029,42.1,42.1
4030,42.1,42.1
4031,42.1,42.1
4032,42.1,42.1
4033,42.1,42.1
4034,42.1,42.1
4035,42.1,42.1
4036,42.1,42.1
4037,42.1,42.1
4038,42.1,42.1
4039,42.1,42.1
4040,42.1,42.1
4041,42.1,42.1
4042,42.1,42.1
4043,42.1,42.1
4044,42.1,42.1
4045,42.1,42.1
4046,42.1,42.1
4047,42.1,42.1
4048,42.1,42.1
4049,42.1,42.1
4050,42.1,42.1
4051,42.1,42.1
4052,42.1,42.1
4053,42.1,42.1
4054,42.1,42.1
4055,42.1,42.1
4056,42.1,42.1
4057,42.1,42.1
4058,42.1,42.1
4059,42.1,42.1
4060,42.1,42.1
4061,42.1,42.1
4062,42.1,42.1
4063,42.1,42.1
4064,42.1,42.1
4065,42.1,42.1
4066,42.1,42.1
4067,42.1,42.1
4068,42.1,42.1
4069,42.1,42.1
4070,42.1,42.1
4071,42.1,42.1
4072,42.1,42.1
4073,42.1,42.1
4074,42.1,42.1
4075,42.1,42.1
4076,42.1,42.1
4077,42.1,42.1
4078,42.1,42.1
4079,42.1,42.1
4080,42.1,42.1
4081,42.1,42.1
4082,42.1,42.1
4083,42.1,42.1
4084,42.1,42.1
4085,42.1,42.1
4086,42.1,42.1
4087,42.1,42.1
4088,42.1,42.1
4089,42.1,42.1
4090,42.1,42.1
4091,42.1,42.1
4092,42.1,42.1
4093,42.1,42.1
4094,42.1,42.1
4095,42.1,42.1
4096,42.1,42.1
4097,42.1,42.1
4098,42.1,42.1
4099,42.1,42.1
4100,42.1,42.1
4101,42.1,42.1
4102,42.1,42.1
4103,42.1,42.1
4104,42.1,42.1
4105,42.1,42.1
4106,42.1,42.1
4107,42.1,42.1
4108,42.1,42.1
4109,42.1,42.1
4110,42.1,42.1
4111,42.1,42.1
4112,42.1,42.1
4113,42.1,42.1
4114,42.1,42.1
4115,42.1,42.1
4116,42.1,42.1
4117,42.1,42.1
4118,42.1,42.1
4119,42.1,42.1
4120,42.1,42.1
4121,42.1,42.1
4122,42.1,42.1
4123,42.1,42.1
4124,42.1,42.1
4125,42.1,42.1
4126,42.1,42.1
4127,42.1,42.1
4128,42.1,42.1
4129,42.1,42.1
4130,42.1,42.1
4131,42.1,42.1
4132,42.1,42.1
4133,42.1,42.1
4134,42.1,42.1
4135,42.1,42.1
4136,42.1,42.1
4137,42.1,42.1
4138,42.1,42.1
4139,42.1,42.1
4140,42.1,42.1
4141,42.1,42.1
4142,42.1,42.1
4143,42.1,42.1
4144,42.1,42.1
4145,42.1,42.1
4146,42.1,42.1
4147,42.1,42.1
4148,42.1,42.1
4149,42.1,42.1
4150,42.1,42.1
4151,42.1,42.1
4152,42.1,42.1
4153,42.1,42.1
4154,42.1,42.1
4155,42.1,42.1
4156,42.1,42.1
4157,42.1,42.1
4158,42.1,42.1
4159,42.1,42.1
4160,42.1,42.1
4161,42.1,42.1
4162,42.1,42.1
4163,42.1,42.1
4164,42.1,42.1
4165,42.1,42.1
4166,42.1,42.1
4167,42.1,42.1
4168,42.1,42.1
4169,42.1,42.1
4170,42.1,42.1
4171,42.1,42.1
4172,42.1,42.1
4173,42.1,42.1
4174,42.1,42.1
4175,42.1,42.1
4176,42.1,42.1
4177,42.1,42.1
4178,42.1,42.1
4179,42.1,42.1
4180,42.1,42.1
4181,42.1,42.1
4182,42.1,42.1
4183,42.1,42.1
4184,42.1,42.1
4185,42.1,42.1
4186,42.1,42.1
4187,42.1,42.1
4188,42.1,42.1
4189,42.1,42.1
4190,42.1,42.1
4191,42.1,42.1
4192,42.1,42.1
4193,42.1,42.1
4194,42.1,42.1
4195,42.1,42.1
4196,42.1,42.1
4197,42.1,42.1
4198,42.1,42.1
4199,42.1,42.1
4200,42.1,42.1
4201,42.1,42.1
4202,42.1,42.1
4203,42.1,42.1
4204,42.1,42.1
4205,42.1,42.1
4206,42.1,42.1
4207,42.1,42.1
4208,42.1,42.1
4209,42.1,42.1
4210,42.1,42.1
4211,42.1,42.1
4212,42.1,42.1
4213,42.1,42.1
4214,42.1,42.1
4215,42.1,42.1
4216,42.1,42.1
4217,42.1,42.1
4218,42.1,42.1
4219,42.1,42.1
4220,42.1,42.1
4221,42.1,42.1
4222,42.1,42.1
4223,42.1,42.1
4224,42.1,42.1
4225,42.1,42.1
4226,42.1,42.1
4227,42.1,42.1
4228,42.1,42.1
4229,42.1,42.1
4230,42.1,42.1
4231,42.1,42.1
4232,42.1,42.1
4233,42.1,42.1
4234,42.1,42.1
4235,42.1,42.1
4236,42.1,42.1
4237,42.1,42.1
4238,42.1,42.1
4239,42.1,42.1
4240,42.1,42.1
4241,42.1,42.1
4242,42.1,42.1
4243,42.1,42.1
4244,42.1,42.1
4245,42.1,42.1
4246,42.1,42.1
4247,42.1,42.1
4248,42.1,42.1
4249,42.1,42.1
4250,42.1,42.1
4251,42.1,42.1
4252,42.1,42.1
4253,42.1,42.1
4254,42.1,42.1
4255,42.1,42.1
4256,42.1,42.1
4257,42.1,42.1
4258,42.1,42.1
4259,42.1,42.1
4260,42.1,42.1
4261,42.1,42.1
4262,42.1,42.1
4263,42.1,42.1
4264,42.1,42.1
4265,42.1,42.1
4266,42.1,42.1
4267,42.1,42.1
4268,42.1,42.1
4269,42.1,42.1
4270,42.1,42.1
4271,42.1,42.1
4272,42.1,42.1
4273,42.1,42.1
4274,42.1,42.1
4275,42.1,42.1
4276,42.1,42.1
4277,42.1,42.1
4278,42.1,42.1
4279,42.1,42.1
4280,42.1,42.1
4281,42.1,42.1
4282,42.1,42.1
4283,42.1,42.1
4284,42.1,42.1
4285,42.1,42.1
4286,42.1,42.1
4287,42.1,42.1
4288,42.1,42.1
4289,42.1,42.1
4290,42.1,42.1
4291,42.1,42.1
4292,42.1,42.1
4293,42.1,42.1
4294,42.1,42.1
4295,42.1,42.1
4296,42.1,42.1
4297,42.1,42.1
4298,42.1,42.1
4299,42.1,42.1
4300,42.1,42.1
4301,42.1,42.1
4302,42.1,42.1
4303,42.1,42.1
4304,42.1,42.1
4305,42.1,42.1
4306,42.1,42.1
4307,42.1,42.1
4308,42.1,42.1
4309,42.1,42.1
4310,42.1,42.1
4311,42.1,42.1
4312,42.1,42.1
4313,42.1,42.1
4314,42.1,42.1
4315,42.1,42.1
4316,42.1,42.1
4317,42.1,42.1
4318,42.1,42.1
4319,42.1,42.1
4320,42.1,42.1
4321,42.1,42.1
4322,42.1,42.1
4323,42.1,42.1
4324,42.1,42.1
4325,42.1,42.1
4326,42.1,42.1
4327,42.1,42.1
4328,42.1,42.1
4329,42.1,42.1
4330,42.1,42.1
4331,42.1,42.1
4332,42.1,42.1
4333,42.1,42.1
4334,42.1,42.1
4335,42.1,42.1
4336,42.1,42.1
4337,42.1,42.1
4338,42.1,42.1
4339,42.1,42.1
4340,42.1,42.1
4341,42.1,42.1
4342,42.1,42.1
4343,42.1,42.1
4344,42.1,42.1
4345,42.1,42.1
4346,42.1,42.1
4347,42.1,42.1
4348,42.1,42.1
4349,42.1,42.1
4350,42.1,42.1
4351,42.1,42.1
4352,42.1,42.1
4353,42.1,42.1
4354,42.1,42.1
4355,42.1,42.1
4356,42.1,42.1
4357,42.1,42.1
4358,42.1,42.1
4359,42.1,42.1
4360,42.1,42.1
4361,42.1,42.1
4362,42.1,42.1
4363,42.1,42.1
4364,42.1,42.1
4365,42.1,42.1
4366,42.1,42.1
4367,42.1,42.1
4368,42.1,42.1
4369,42.1,42.1
4370,42.1,42.1
4371,42.1,42.1
4372,42.1,42.1
4373,42.1,42.1
4374,42.1,42.1
4375,42.1,42.1
4376,42.1,42.1
4377,42.1,42.1
4378,42.1,42.1
4379,42.1,42.1
4380,42.1,42.1
4381,42.1,42.1
4382,42.1,42.1
4383,42.1,42.1
4384,42.1,42.1
4385,42.1,42.1
4386,42.1,42.1
4387,42.1,42.1
4388,42.1,42.1
4389,42.1,42.1
4390,42.1,42.1
4391,42.1,42.1
4392,42.1,42.1
4393,42.1,42.1
4394,42.1,42.1
4395,42.1,42.1
4396,42.1,42.1
4397,42.1,42.1
4398,42.1,42.1
4399,42.1,42.1
4400,42.1,42.1
4401,42.1,42.1
4402,42.1,42.1
4403,42.1,42.1
4404,42.1,42.1
4405,42.1,42.1
4406,42.1,42.1
4407,42.1,42.1
4408,42.1,42.1
4409,42.1,42.1
4410,42.1,42.1
4411,42.1,42.1
4412,42.1,42.1
4413,42.1,42.1
4414,42.1,42.1
4415,42.1,42.1
4416,42.1,42.1
4417,42.1,42.1
4418,42.1,42.1
4419,42.1,42.1
4420,42.1,42.1
4421,42.1,42.1
4422,42.1,42.1
4423,42.1,42.1
4424,42.1,42.1
4425,42.1,42.1
4426,42.1,42.1
4427,42.1,42.1
4428,42.1,42.1
4429,42.1,42.1
4430,42.1,42.1
4431,42.1,42.1
4432,42.1,42.1
4433,42.1,42.1
4434,42.1,42.1
4435,42.1,42.1
4436,42.1,42.1
4437,42.1,42.1
4438,42.1,42.1
4439,42.1,42.1
4440,42.1,42.1
4441,42.1,42.1
4442,42.1,42.1
4443,42.1,42.1
4444,42.1,42.1
4445,42.1,42.1
4446,42.1,42.1
4447,42.1,42.1
4448,42.1,42.1
4449,42.1,42.1
4450,42.1,42.1
4451,42.1,42.1
4452,42.1,42.1
4453,42.1,42.1
4454,42.1,42.1
4455,42.1,42.1
4456,42.1,42.1
4457,42.1,42.1
4458,42.1,42.1
4459,42.1,42.1
4460,42.1,42.1
4461,42.1,42.1
4462,42.1,42.1
4463,42.1,42.1
4464,42.1,42.1
4465,42.1,42.1
4466,42.1,42.1
4467,42.1,42.1
4468,42.1,42.1
4469,42.1,42.1
4470,42.1,42.1
4471,42.1,42.1
4472,42.1,42.1
4473,42.1,42.1
4474,42.1,42.1
4475,42.1,42.1
4476,42.1,42.1
4477,42.1,42.1
4478,42.1,42.1
4479,42.1,42.1
4480,42.1,42.1
4481,42.1,42.1
4482,42.1,42.1
4483,42.1,42.1
4484,42.1,42.1
4485,42.1,42.1
4486,42.1,42.1
4487,42.1,42.1
4488,42.1,42.1
4489,42.1,42.1
4490,42.1,42.1
4491,42.1,42.1
4492,42.1,42.1
4493,42.1,42.1
4494,42.1,42.1
4495,42.1,42.1
4496,42.1,42.1
4497,42.1,42.1
4498,42.1,42.1
4499,42.1,42.1
4500,42.1,42.1
4501,42.1,42.1
4502,42.1,42.1
4503,42.1,42.1
4504,42.1,42.1
4505,42.1,42.1
4506,42.1,42.1
4507,42.1,42.1
4508,42.1,42.1
4509,42.1,42.1
4510,42.1,42.1
4511,42.1,42.1
4512,42.1,42.1
4513,42.1,42.1
4514,42.1,42.1
4515,42.1,42.1
4516,42.1,42.1
4517,42.1,42.1
4518,42.1,42.1
4519,42.1,42.1
4520,42.1,42.1
4521,42.1,42.1
4522,42.1,42.1
4523,42.1,42.1
4524,42.1,42.1
4525,42.1,42.1
4526,42.1,42.1
4527,42.1,42.1
4528,42.1,42.1
4529,42.1,42.1
4530,42.1,42.1
4531,42.1,42.1
4532,42.1,42.1
4533,42.1,42.1
4534,42.1,42.1
4535,42.1,42.1
4536,42.1,42.1
4537,42.1,42.1
4538,42.1,42.1
4539,42.1,42.1
4540,42.1,42.1
4541,42.1,42.1
4542,42.1,42.1
4543,42.1,42.1
4544,42.1,42.1
4545,42.1,42.1
4546,42.1,42.1
4547,42.1,42.1
4548,42.1,42.1
4549,42.1,42.1
4550,42.1,42.1
4551,42.1,42.1
4552,42.1,42.1
4553,42.1,42.1
4554,42.1,42.1
4555,42.1,42.1
4556,42.1,42.1
4557,42.1,42.1
4558,42.1,42.1
4559,42.1,42.1
4560,42.1,42.1
4561,42.1,42.1
4562,42.1,42.1
4563,42.1,42.1
4564,42.1,42.1
4565,42.1,42.1
4566,42.1,42.1
4567,42.1,42.1
4568,42.1,42.1
4569,42.1,42.1
4570,42.1,42.1
4571,42.1,42.1
4572,42.1,42.1
4573,42.1,42.1
4574,42.1,42.1
4575,42.1,42.1
4576,42.1,42.1
4577,42.1,42.1
4578,42.1,42.1
4579,42.1,42.1
4580,42.1,42.1
4581,42.1,42.1
4582,42.1,42.1
4583,42.1,42.1
4584,42.1,42.1
4585,42.1,42.1
4586,42.1,42.1
4587,42.1,42.1
4588,42.1,42.1
4589,42.1,42.1
4590,42.1,42.1
4591,42.1,42.1
4592,42.1,42.1
4593,42.1,42.1
4594,42.1,42.1
4595,42.1,42.1
4596,42.1,42.1
4597,42.1,42.1
4598,42.1,42.1
4599,42.1,42.1
4600,42.1,42.1
4601,42.1,42.1
4602,42.1,42.1
4603,42.1,42.1
4604,42.1,42.1
4605,42.1,42.1
4606,42.1,42.1
4607,42.1,42.1
4608,42.1,42.1
4609,42.1,42.1
4610,42.1,42.1
4611,42.1,42.1
4612,42.1,42.1
4613,42.1,42.1
4614,42.1,42.1
4615,42.1,42.1
4616,42.1,42.1
4617,42.1,42.1
4618,42.1,42.1
4619,42.1,42.1
4620,42.1,42.1
4621,42.1,42.1
4622,42.1,42.1
4623,42.1,42.1
4624,42.1,42.1
4625,42.1,42.1
4626,42.1,42.1
4627,42.1,42.1
4628,42.1,42.1
4629,42.1,42.1
4630,42.1,42.1
4631,42.1,42.1
4632,42.1,42.1
4633,42.1,42.1
4634,42.1,42.1
4635,42.1,42.1
4636,42.1,42.1
4637,42.1,42.1
4638,42.1,42.1
4639,42.1,42.1
4640,42.1,42.1
4641,42.1,42.1
4642,42.1,42.1
4643,42.1,42.1
4644,42.1,42.1
4645,42.1,42.1
4646,42.1,42.1
4647,42.1,42.1
4648,42.1,42.1
4649,42.1,42.1
4650,42.1,42.1
4651,42.1,42.1
4652,42.1,42.1
4653,42.1,42.1
4654,42.1,42.1
4655,42.1,42.1
4656,42.1,42.1
4657,42.1,42.1
4658,42.1,42.1
4659,42.1,42.1
4660,42.1,42.1
4661,42.1,42.1
4662,42.1,42.1
4663,42.1,42.1
4664,42.1,42.1
4665,42.1,42.1
4666,42.1,42.1
4667,42.1,42.1
4668,42.1,42.1
4669,42.1,42.1
4670,42.1,42.1
4671,42.1,42.1
4672,42.1,42.1
4673,42.1,42.1
4674,42.1,42.1
4675,42.1,42.1
4676,42.1,42.1
4677,42.1,42.1
4678,42.1,42.1
4679,42.1,42.1
4680,42.1,42.1
4681,42.1,42.1
4682,42.1,42.1
4683,42.1,42.1
4684,42.1,42.1
4685,42.1,42.1
4686,42.1,42.1
4687,42.1,42.1
4688,42.1,42.1
4689,42.1,42.1
4690,42.1,42.1
4691,42.1,42.1
4692,42.1,42.1
4693,42.1,42.1
4694,42.1,42.1
4695,42.1,42.1
4696,42.1,42.1
4697,42.1,42.1
4698,42.1,42.1
4699,42.1,42.1
4700,42.1,42.1
4701,42.1,42.1
4702,42.1,42.1
4703,42.1,42.1
4704,42.1,42.1
4705,42.1,42.1
4706,42.1,42.1
4707,42.1,42.1
4708,42.1,42.1
4709,42.1,42.1
4710,42.1,42.1
4711,42.1,42.1
4712,42.1,42.1
4713,42.1,42.1
4714,42.1,42.1
4715,42.1,42.1
4716,42.1,42.1
4717,42.1,42.1
4718,42.1,42.1
4719,42.1,42.1
4720,42.1,42.1
4721,42.1,42.1
4722,42.1,42.1
4723,42.1,42.1
4724,42.1,42.1
4725,42.1,42.1
4726,42.1,42.1
4727,42.1,42.1
4728,42.1,42.1
4729,42.1,42.1
4730,42.1,42.1
4731,42.1,42.1
4732,42.1,42.1
4733,42.1,42.1
4734,42.1,42.1
4735,42.1,42.1
4736,42.1,42.1
4737,42.1,42.1
4738,42.1,42.1
4739,42.1,42.1
4740,42.1,42.1
4741,42.1,42.1
4742,42.1,42.1
4743,42.1,42.1
4744,42.1,42.1
4745,42.1,42.1
4746,42.1,42.1
4747,42.1,42.1
4748,42.1,42.1
4749,42.1,42.1
4750,42.1,42.1
4751,42.1,42.1
4752,42.1,42.1
4753,42.1,42.1
4754,42.1,42.1
4755,42.1,42.1
4756,42.1,42.1
4757,42.1,42.1
4758,42.1,42.1
4759,42.1,42.1
4760,42.1,42.1
4761,42.1,42.1
4762,42.1,42.1
4763,42.1,42.1
4764,42.1,42.1
4765,42.1,42.1
4766,42.1,42.1
4767,42.1,42.1
4768,42.1,42.1
4769,42.1,42.1
4770,42.1,42.1
4771,42.1,42.1
4772,42.1,42.1
4773,42.1,42.1
4774,42.1,42.1
4775,42.1,42.1
4776,42.1,42.1
4777,42.1,42.1
4778,42.1,42.1
4779,42.1,42.1
4780,42.1,42.1
4781,42.1,42.1
4782,42.1,42.1
4783,42.1,42.1
4784,42.1,42.1
4785,42.1,42.1
4786,42.1,42.1
4787,42.1,42.1
4788,42.1,42.1
4789,42.1,42.1
4790,42.1,42.1
4791,42.1,42.1
4792,42.1,42.1
4793,42.1,42.1
4794,42.1,42.1
4795,42.1,42.1
4796,42.1,42.1
4797,42.1,42.1
4798,42.1,42.1
4799,42.1,42.1
4800,42.1,42.1
4801,42.1,42.1
4802,42.1,42.1
4803,42.1,42.1
4804,42.1,42.1
4805,42.1,42.1
4806,42.1,42.1
4807,42.1,42.1
4808,42.1,42.1
4809,42.1,42.1
4810,42.1,42.1
4811,42.1,42.1
4812,42.1,42.1
4813,42.1,42.1
4814,42.1,42.1
4815,42.1,42.1
4816,42.1,42.1
4817,42.1,42.1
4818,42.1,42.1
4819,42.1,42.1
4820,42.1,42.1
4821,42.1,42.1
4822,42.1,42.1
4823,42.1,42.1
4824,42.1,42.1
4825,42.1,42.1
4826,42.1,42.1
4827,42.1,42.1
4828,42.1,42.1
4829,42.1,42.1
4830,42.1,42.1
4831,42.1,42.1
4832,42.1,42.1
4833,42.1,42.1
4834,42.1,42.1
4835,42.1,42.1
4836,42.1,42.1
4837,42.1,42.1
4838,42.1,42.1
4839,42.1,42.1
4840,42.1,42.1
4841,42.1,42.1
4842,42.1,42.1
4843,42.1,42.1
4844,42.1,42.1
4845,42.1,42.1
4846,42.1,42.1
4847,42.1,42.1
4848,42.1,42.1
4849,42.1,42.1
4850,42.1,42.1
4851,42.1,42.1
4852,42.1,42.1
4853,42.1,42.1
4854,42.1,42.1
4855,42.1,42.1
4856,42.1,42.1
4857,42.1,42.1
4858,42.1,42.1
4859,42.1,42.1
4860,42.1,42.1
4861,42.1,42.1
4862,42.1,42.1
4863,42.1,42.1
4864,42.1,42.1
4865,42.1,42.1
4866,42.1,42.1
4867,42.1,42.1
4868,42.1,42.1
4869,42.1,42.1
4870,42.1,42.1
4871,42.1,42.1
4872,42.1,42.1
4873,42.1,42.1
4874,42.1,42.1
4875,42.1,42.1
4876,42.1,42.1
4877,42.1,42.1
4878,42.1,42.1
4879,42.1,42.1
4880,42.1,42.1
4881,42.1,42.1
4882,42.1,42.1
4883,42.1,42.1
4884,42.1,42.1
4885,42.1,42.1
4886,42.1,42.1
4887,42.1,42.1
4888,42.1,42.1
4889,42.1,42.1
4890,42.1,42.1
4891,42.1,42.1
4892,42.1,42.1
4893,42.1,42.1
4894,42.1,42.1
4895,42.1,42.1
4896,42.1,42.1
4897,42.1,42.1
4898,42.1,42.1
4899,42.1,42.1
4900,42.1,42.1
4901,42.1,42.1
4902,42.1,42.1
4903,42.1,42.1
4904,42.1,42.1
4905,42.1,42.1
4906,42.1,42.1
4907,42.1,42.1
4908,42.1,42.1
4909,42.1,42.1
4910,42.1,42.1
4911,42.1,42.1
4912,42.1,42.1
4913,42.1,42.1
4914,42.1,42.1
4915,42.1,42.1
4916,42.1,42.1
4917,42.1,42.1
4918,42.1,42.1
4919,42.1,42.1
4920,42.1,42.1
4921,42.1,42.1
4922,42.1,42.1
4923,42.1,42.1
4924,42.1,42.1
4925,42.1,42.1
4926,42.1,42.1
4927,42.1,42.1
4928,42.1,42.1
4929,42.1,42.1
4930,42.1,42.1
4931,42.1,42.1
4932,42.1,42.1
4933,42.1,42.1
4934,42.1,42.1
4935,42.1,42.1
4936,42.1,42.1
4937,42.1,42.1
4938,42.1,42.1
4939,42.1,42.1
4940,42.1,42.1
4941,42.1,42.1
4942,42.1,42.1
4943,42.1,42.1
4944,42.1,42.1
4945,42.1,42.1
4946,42.1,42.1
4947,42.1,42.1
4948,42.1,42.1
4949,42.1,42.1
4950,42.1,42.1
4951,42.1,42.1
4952,42.1,42.1
4953,42.1,42.1
4954,42.1,42.1
4955,42.1,42.1
4956,42.1,42.1
4957,42.1,42.1
4958,42.1,42.1
4959,42.1,42.1
4960,42.1,42.1
4961,42.1,42.1
4962,42.1,42.1
4963,42.1,42.1
4964,42.1,42.1
4965,42.1,42.1
4966,42.1,42.1
4967,42.1,42.1
4968,42.1,42.1
4969,42.1,42.1
4970,42.1,42.1
4971,42.1,42.1
4972,42.1,42.1
4973,42.1,42.1
4974,42.1,42.1
4975,42.1,42.1
4976,42.1,42.1
4977,42.1,42.1
4978,42.1,42.1
4979,42.1,42.1
4980,42.1,42.1
4981,42.1,42.1
4982,42.1,42.1
4983,42.1,42.1
4984,42.1,42.1
4985,42.1,42.1
4986,42.1,42.1
4987,42.1,42.1
4988,42.1,42.1
4989,42.1,42.1
4990,42.1,42.1
4991,42.1,42.1
4992,42.1,42.1
4993,42.1,42.1
4994,42.1,42.1
4995,42.1,42.1
4996,42.1,42.1
4997,42.1,42.1
4998,42.1,42.1
4999,42.1,42.1
