,hsa_js,add_js
0,0.5,0.0
1,0.5,0.0
2,0.5,0.0
3,0.5,0.0
4,0.5,0.0
5,0.5,0.0
6,0.5,0.0
7,0.5,0.0
8,0.5,0.0
9,0.5,0.0
10,0.5,0.0
11,0.5,0.0
12,0.5,0.0
13,0.5,0.0
14,0.5,0.0
15,0.5,0.0
16,0.5,0.0
17,0.6000000000000001,0.0
18,0.6000000000000001,0.0
19,0.6000000000000001,0.0
20,0.6000000000000001,0.0
21,0.7000000000000001,0.0
22,0.7000000000000001,0.0
23,1.0,0.0
24,1.0,0.0
25,1.3,0.0
26,1.5,0.0
27,1.5,0.0
28,1.5,0.0
29,1.5,0.0
30,1.5,0.0
31,1.7000000000000002,0.0
32,1.7000000000000002,0.0
33,1.7000000000000002,0.0
34,1.7000000000000002,0.0
35,1.7000000000000002,0.0
36,1.7000000000000002,0.0
37,1.7000000000000002,0.0
38,1.7000000000000002,0.0
39,1.7000000000000002,0.0
40,1.7000000000000002,0.0
41,1.7000000000000002,0.0
42,1.7000000000000002,0.0
43,1.7000000000000002,0.0
44,1.7000000000000002,0.0
45,1.7000000000000002,0.0
46,1.7000000000000002,0.0
47,1.7000000000000002,0.0
48,1.7000000000000002,0.0
49,1.7000000000000002,0.0
50,1.7000000000000002,0.0
51,1.7000000000000002,0.0
52,1.7000000000000002,0.0
53,1.7000000000000002,0.0
54,1.7000000000000002,0.0
55,1.7000000000000002,0.0
56,1.7000000000000002,0.0
57,1.7000000000000002,0.0
58,1.7000000000000002,0.0
59,1.7000000000000002,0.0
60,1.7000000000000002,0.0
61,1.7000000000000002,0.0
62,1.7000000000000002,0.0
63,1.7000000000000002,0.0
64,1.7000000000000002,0.0
65,1.7000000000000002,0.0
66,1.7000000000000002,0.0
67,1.7000000000000002,0.0
68,1.7000000000000002,0.0
69,1.7000000000000002,0.0
70,1.7000000000000002,0.0
71,1.7000000000000002,0.0
72,1.7000000000000002,0.0
73,1.7000000000000002,0.0
74,1.7000000000000002,0.0
75,1.7000000000000002,0.0
76,1.7000000000000002,0.0
77,1.7000000000000002,0.0
78,1.7000000000000002,0.0
79,1.7000000000000002,0.0
80,1.7000000000000002,0.0
81,1.7000000000000002,0.0
82,1.7000000000000002,0.0
83,1.7000000000000002,0.0
84,1.8,0.0
85,1.8,0.0
86,1.8,0.0
87,1.8,0.0
88,1.8,0.0
89,1.9000000000000001,0.0
90,1.9000000000000001,0.0
91,1.9000000000000001,0.0
92,1.9000000000000001,0.0
93,1.9000000000000001,0.0
94,1.9000000000000001,0.0
95,1.9000000000000001,0.0
96,1.9000000000000001,0.0
97,1.9000000000000001,0.0
98,1.9000000000000001,0.0
99,1.9000000000000001,0.0
100,1.9000000000000001,0.0
101,1.9000000000000001,0.0
102,1.9000000000000001,0.0
103,1.9000000000000001,0.0
104,1.9000000000000001,0.0
105,1.9000000000000001,0.0
106,1.9000000000000001,0.0
107,1.9000000000000001,0.0
108,1.9000000000000001,0.0
109,1.9000000000000001,0.0
110,1.9000000000000001,0.0
111,1.9000000000000001,0.0
112,1.9000000000000001,0.0
113,1.9000000000000001,0.0
114,1.9000000000000001,0.0
115,1.9000000000000001,0.0
116,1.9000000000000001,0.0
117,1.9000000000000001,0.0
118,1.9000000000000001,0.0
119,1.9000000000000001,0.0
120,1.9000000000000001,0.0
121,1.9000000000000001,0.0
122,1.9000000000000001,0.0
123,1.9000000000000001,0.0
124,1.9000000000000001,0.0
125,1.9000000000000001,0.0
126,1.9000000000000001,0.0
127,1.9000000000000001,0.0
128,1.9000000000000001,0.0
129,1.9000000000000001,0.0
130,1.9000000000000001,0.0
131,1.9000000000000001,0.0
132,1.9000000000000001,0.0
133,1.9000000000000001,0.0
134,2.0,0.0
135,2.0,0.0
136,2.0,0.0
137,2.1,0.0
138,2.2,0.0
139,2.3000000000000003,0.0
140,2.3000000000000003,0.0
141,2.4000000000000004,0.0
142,2.4000000000000004,0.0
143,2.4000000000000004,0.0
144,2.4000000000000004,0.0
145,2.5,0.0
146,2.5,0.0
147,2.5,0.0
148,2.6,0.0
149,2.6,0.0
150,2.6,0.0
151,2.6,0.0
152,2.7,0.0
153,2.7,0.0
154,2.7,0.0
155,2.9000000000000004,0.0
156,2.9000000000000004,0.0
157,2.9000000000000004,0.0
158,3.1,0.0
159,3.1,0.0
160,3.1,0.0
161,3.1,0.0
162,3.4000000000000004,0.0
163,3.4000000000000004,0.0
164,3.4000000000000004,0.0
165,3.4000000000000004,0.0
166,3.4000000000000004,0.0
167,3.4000000000000004,0.0
168,3.4000000000000004,0.0
169,3.4000000000000004,0.0
170,3.4000000000000004,0.0
171,3.4000000000000004,0.0
172,3.4000000000000004,0.0
173,3.4000000000000004,0.0
174,3.4000000000000004,0.0
175,3.4000000000000004,0.0
176,3.4000000000000004,0.0
177,3.4000000000000004,0.0
178,3.4000000000000004,0.0
179,3.4000000000000004,0.0
180,3.4000000000000004,0.0
181,3.4000000000000004,0.0
182,3.4000000000000004,0.0
183,3.4000000000000004,0.0
184,3.4000000000000004,0.0
185,3.4000000000000004,0.0
186,3.4000000000000004,0.0
187,3.4000000000000004,0.0
188,3.4000000000000004,0.0
189,3.4000000000000004,0.0
190,3.4000000000000004,0.0
191,3.4000000000000004,0.0
192,3.4000000000000004,0.0
193,3.4000000000000004,0.0
194,3.4000000000000004,0.0
195,3.4000000000000004,0.0
196,3.4000000000000004,0.0
197,3.4000000000000004,0.0
198,3.4000000000000004,0.0
199,3.4000000000000004,0.0
200,3.4000000000000004,0.0
201,3.4000000000000004,0.0
202,3.4000000000000004,0.0
203,3.4000000000000004,0.0
204,3.4000000000000004,0.0
205,3.4000000000000004,0.0
206,3.4000000000000004,0.0
207,3.4000000000000004,0.0
208,3.4000000000000004,0.0
209,3.4000000000000004,0.0
210,3.4000000000000004,0.0
211,3.4000000000000004,0.0
212,3.4000000000000004,0.0
213,3.4000000000000004,0.0
214,3.4000000000000004,0.0
215,3.4000000000000004,0.0
216,3.5,0.0
217,3.5,0.0
218,3.5,0.0
219,3.6,0.0
220,3.6,0.0
221,3.6,0.0
222,3.8000000000000003,0.0
223,3.8000000000000003,0.0
224,3.9000000000000004,0.0
225,3.9000000000000004,0.0
226,3.9000000000000004,0.0
227,3.9000000000000004,0.0
228,3.9000000000000004,0.0
229,3.9000000000000004,0.0
230,3.9000000000000004,0.0
231,3.9000000000000004,0.0
232,3.9000000000000004,0.0
233,3.9000000000000004,0.0
234,3.9000000000000004,0.0
235,3.9000000000000004,0.0
236,3.9000000000000004,0.0
237,3.9000000000000004,0.0
238,3.9000000000000004,0.0
239,3.9000000000000004,0.0
240,3.9000000000000004,0.0
241,3.9000000000000004,0.0
242,3.9000000000000004,0.0
243,3.9000000000000004,0.0
244,3.9000000000000004,0.0
245,3.9000000000000004,0.0
246,3.9000000000000004,0.0
247,3.9000000000000004,0.0
248,3.9000000000000004,0.0
249,3.9000000000000004,0.0
250,3.9000000000000004,0.0
251,3.9000000000000004,0.0
252,3.9000000000000004,0.0
253,3.9000000000000004,0.0
254,3.9000000000000004,0.0
255,3.9000000000000004,0.0
256,3.9000000000000004,0.0
257,3.9000000000000004,0.0
258,3.9000000000000004,0.0
259,3.9000000000000004,0.0
260,3.9000000000000004,0.0
261,3.9000000000000004,0.0
262,3.9000000000000004,0.0
263,3.9000000000000004,0.0
264,3.9000000000000004,0.0
265,3.9000000000000004,0.0
266,3.9000000000000004,0.0
267,3.9000000000000004,0.0
268,3.9000000000000004,0.0
269,3.9000000000000004,0.0
270,3.9000000000000004,0.0
271,3.9000000000000004,0.0
272,4.5,0.0
273,4.5,0.0
274,4.5,0.0
275,4.5,0.0
276,4.800000000000001,0.0
277,4.800000000000001,0.0
278,4.800000000000001,0.0
279,4.800000000000001,0.0
280,4.800000000000001,0.0
281,4.800000000000001,0.0
282,4.800000000000001,0.0
283,4.800000000000001,0.0
284,4.800000000000001,0.0
285,4.800000000000001,0.0
286,4.800000000000001,0.0
287,4.800000000000001,0.0
288,4.800000000000001,0.0
289,4.800000000000001,0.0
290,4.800000000000001,0.0
291,4.800000000000001,0.0
292,4.800000000000001,0.0
293,4.800000000000001,0.0
294,4.800000000000001,0.0
295,4.800000000000001,0.0
296,4.800000000000001,0.0
297,4.800000000000001,0.0
298,4.800000000000001,0.0
299,4.800000000000001,0.0
300,4.800000000000001,0.0
301,4.800000000000001,0.0
302,4.800000000000001,0.0
303,4.800000000000001,0.0
304,4.800000000000001,0.0
305,4.800000000000001,0.0
306,4.800000000000001,0.0
307,4.800000000000001,0.0
308,4.800000000000001,0.0
309,4.800000000000001,0.0
310,4.800000000000001,0.0
311,4.800000000000001,0.0
312,4.800000000000001,0.0
313,4.800000000000001,0.0
314,4.800000000000001,0.0
315,4.800000000000001,0.0
316,4.800000000000001,0.0
317,4.800000000000001,0.0
318,4.800000000000001,0.0
319,4.800000000000001,0.0
320,4.800000000000001,0.0
321,4.800000000000001,0.0
322,4.800000000000001,0.0
323,4.800000000000001,0.0
324,4.800000000000001,0.0
325,4.800000000000001,0.0
326,4.800000000000001,0.0
327,4.800000000000001,0.0
328,5.0,0.0
329,5.0,0.0
330,5.0,0.0
331,5.0,0.0
332,5.0,0.0
333,5.0,0.0
334,5.0,0.0
335,5.0,0.0
336,5.2,0.0
337,5.2,0.0
338,5.2,0.0
339,5.2,0.0
340,5.2,0.0
341,5.2,0.0
342,5.2,0.0
343,5.2,0.0
344,5.2,0.0
345,5.2,0.0
346,5.2,0.0
347,5.2,0.0
348,5.2,0.0
349,5.2,0.0
350,5.2,0.0
351,5.2,0.0
352,5.2,0.0
353,5.2,0.0
354,5.2,0.0
355,5.2,0.0
356,5.2,0.0
357,5.2,0.0
358,5.2,0.0
359,5.2,0.0
360,5.2,0.0
361,5.2,0.0
362,5.2,0.0
363,5.2,0.0
364,5.2,0.0
365,5.2,0.0
366,5.2,0.0
367,5.2,0.0
368,5.2,0.0
369,5.2,0.0
370,5.2,0.0
371,5.2,0.0
372,5.2,0.0
373,5.2,0.0
374,5.2,0.0
375,5.2,0.0
376,5.2,0.0
377,5.2,0.0
378,5.2,0.0
379,5.2,0.0
380,5.2,0.0
381,5.2,0.0
382,5.2,0.0
383,5.2,0.0
384,5.2,0.0
385,5.2,0.0
386,5.2,0.0
387,5.2,0.0
388,5.2,0.0
389,5.2,0.0
390,5.2,0.0
391,5.2,0.0
392,5.2,0.0
393,5.2,0.0
394,5.2,0.0
395,5.2,0.0
396,5.2,0.0
397,5.2,0.0
398,5.2,0.0
399,5.2,0.0
400,5.2,0.0
401,5.2,0.0
402,5.2,0.0
403,5.2,0.0
404,5.4,0.0
405,5.4,0.0
406,5.4,0.0
407,5.4,0.0
408,5.4,0.0
409,5.4,0.0
410,5.4,0.0
411,5.7,0.0
412,5.7,0.0
413,5.7,0.0
414,5.7,0.0
415,5.7,0.0
416,5.7,0.0
417,5.7,0.0
418,5.9,0.0
419,5.9,0.0
420,5.9,0.0
421,5.9,0.0
422,5.9,0.0
423,5.9,0.0
424,5.9,0.0
425,5.9,0.0
426,5.9,0.0
427,5.9,0.0
428,5.9,0.0
429,6.1000000000000005,0.0
430,6.1000000000000005,0.0
431,6.1000000000000005,0.0
432,6.1000000000000005,0.0
433,6.1000000000000005,0.0
434,6.1000000000000005,0.0
435,6.4,0.0
436,6.4,0.0
437,6.4,0.0
438,6.4,0.0
439,6.4,0.0
440,6.4,0.0
441,6.4,0.0
442,6.4,0.0
443,6.4,0.0
444,6.4,0.0
445,6.4,0.0
446,6.4,0.0
447,6.4,0.0
448,6.4,0.0
449,6.4,0.0
450,6.4,0.0
451,6.4,0.0
452,6.4,0.0
453,6.4,0.0
454,6.4,0.0
455,6.4,0.0
456,6.4,0.0
457,6.4,0.0
458,6.4,0.0
459,6.4,0.0
460,6.4,0.0
461,6.4,0.0
462,6.4,0.0
463,6.4,0.0
464,6.4,0.0
465,6.4,0.0
466,6.4,0.0
467,6.4,0.0
468,6.4,0.0
469,6.4,0.0
470,6.4,0.0
471,6.4,0.0
472,6.4,0.0
473,6.4,0.0
474,6.4,0.0
475,6.4,0.0
476,6.4,0.0
477,6.4,0.0
478,6.4,0.0
479,6.4,0.0
480,6.4,0.0
481,6.4,0.0
482,6.4,0.0
483,6.4,0.0
484,6.4,0.0
485,6.4,0.0
486,6.4,0.0
487,6.4,0.0
488,6.4,0.0
489,6.4,0.0
490,6.4,0.0
491,6.4,0.0
492,6.4,0.0
493,6.4,0.0
494,6.4,0.0
495,6.4,0.0
496,6.4,0.0
497,6.4,0.0
498,6.4,0.0
499,6.4,0.0
500,6.4,0.0
501,6.4,0.0
502,6.4,0.0
503,6.4,0.0
504,6.4,0.0
505,6.4,0.0
506,6.4,0.0
507,6.4,0.0
508,6.4,0.0
509,6.4,0.0
510,6.4,0.0
511,6.4,0.0
512,6.4,0.0
513,6.4,0.0
514,6.4,0.0
515,6.4,0.0
516,6.4,0.0
517,6.4,0.0
518,6.4,0.0
519,6.4,0.0
520,6.4,0.0
521,6.4,0.0
522,6.4,0.0
523,6.4,0.0
524,6.4,0.0
525,6.4,0.0
526,6.4,0.0
527,6.4,0.0
528,6.4,0.0
529,6.4,0.0
530,6.4,0.0
531,6.4,0.0
532,6.4,0.0
533,6.4,0.0
534,6.4,0.0
535,6.4,0.0
536,6.4,0.0
537,6.4,0.0
538,6.4,0.0
539,6.4,0.0
540,6.4,0.0
541,6.4,0.0
542,6.4,0.0
543,6.4,0.0
544,6.4,0.0
545,6.5,0.0
546,6.5,0.0
547,6.5,0.0
548,6.5,0.0
549,6.5,0.0
550,6.5,0.0
551,6.5,0.0
552,6.5,0.0
553,6.5,0.0
554,6.5,0.0
555,6.5,0.0
556,6.5,0.0
557,6.5,0.0
558,6.5,0.0
559,6.5,0.0
560,6.5,0.0
561,6.5,0.0
562,6.5,0.0
563,6.5,0.0
564,6.5,0.0
565,6.5,0.0
566,6.5,0.0
567,6.5,0.0
568,6.5,0.0
569,6.5,0.0
570,6.5,0.0
571,6.5,0.0
572,6.5,0.0
573,6.5,0.0
574,6.5,0.0
575,6.5,0.0
576,6.5,0.0
577,6.5,0.0
578,6.5,0.0
579,6.5,0.0
580,6.5,0.0
581,6.5,0.0
582,6.5,0.0
583,6.5,0.0
584,6.5,0.0
585,6.5,0.0
586,6.5,0.0
587,6.5,0.0
588,6.5,0.0
589,6.5,0.0
590,6.5,0.0
591,6.5,0.0
592,6.5,0.0
593,6.5,0.0
594,6.5,0.0
595,6.5,0.0
596,6.5,0.0
597,6.5,0.0
598,6.5,0.0
599,6.5,0.0
600,6.5,0.0
601,6.5,0.0
602,6.5,0.0
603,6.5,0.0
604,6.5,0.0
605,6.5,0.0
606,6.5,0.0
607,6.5,0.0
608,6.5,0.0
609,6.5,0.0
610,6.5,0.0
611,6.5,0.0
612,6.5,0.0
613,6.5,0.0
614,6.5,0.0
615,6.5,0.0
616,6.5,0.0
617,6.5,0.0
618,6.5,0.0
619,6.5,0.0
620,6.5,0.0
621,6.5,0.0
622,6.5,0.0
623,6.5,0.0
624,6.7,0.0
625,6.7,0.0
626,6.7,0.0
627,6.7,0.0
628,6.7,0.0
629,6.7,0.0
630,6.7,0.0
631,6.7,0.0
632,6.7,0.0
633,6.7,0.0
634,6.7,0.0
635,6.7,0.0
636,6.7,0.0
637,6.7,0.0
638,6.7,0.0
639,6.7,0.0
640,6.7,0.0
641,6.7,0.0
642,6.7,0.0
643,6.7,0.0
644,6.7,0.0
645,6.7,0.0
646,6.7,0.0
647,7.300000000000001,0.0
648,7.300000000000001,0.0
649,7.300000000000001,0.0
650,7.300000000000001,0.0
651,7.300000000000001,0.0
652,7.300000000000001,0.0
653,7.300000000000001,0.0
654,7.300000000000001,0.0
655,7.300000000000001,0.0
656,7.300000000000001,0.0
657,7.6000000000000005,0.0
658,7.6000000000000005,0.0
659,7.6000000000000005,0.0
660,7.6000000000000005,0.0
661,7.6000000000000005,0.0
662,7.6000000000000005,0.0
663,7.6000000000000005,0.0
664,7.6000000000000005,0.0
665,7.6000000000000005,0.0
666,7.6000000000000005,0.0
667,7.6000000000000005,0.0
668,7.6000000000000005,0.0
669,7.6000000000000005,0.0
670,7.6000000000000005,0.0
671,7.6000000000000005,0.0
672,7.6000000000000005,0.0
673,7.6000000000000005,0.0
674,7.6000000000000005,0.0
675,7.6000000000000005,0.0
676,7.6000000000000005,0.0
677,7.6000000000000005,0.0
678,7.6000000000000005,0.0
679,7.6000000000000005,0.0
680,7.6000000000000005,0.0
681,7.6000000000000005,0.0
682,7.6000000000000005,0.0
683,7.6000000000000005,0.0
684,7.6000000000000005,0.0
685,7.6000000000000005,0.0
686,7.6000000000000005,0.0
687,7.6000000000000005,0.0
688,7.6000000000000005,0.0
689,7.6000000000000005,0.0
690,7.6000000000000005,0.0
691,7.6000000000000005,0.0
692,7.6000000000000005,0.0
693,7.6000000000000005,0.0
694,7.6000000000000005,0.0
695,7.6000000000000005,0.0
696,7.6000000000000005,0.0
697,7.6000000000000005,0.0
698,7.6000000000000005,0.0
699,7.6000000000000005,0.0
700,7.6000000000000005,0.0
701,7.6000000000000005,0.0
702,7.6000000000000005,0.0
703,7.6000000000000005,0.0
704,7.6000000000000005,0.0
705,7.6000000000000005,0.0
706,7.6000000000000005,0.0
707,7.6000000000000005,0.0
708,7.6000000000000005,0.0
709,7.6000000000000005,0.0
710,7.6000000000000005,0.0
711,7.6000000000000005,0.0
712,7.6000000000000005,0.0
713,7.6000000000000005,0.0
714,7.6000000000000005,0.0
715,7.6000000000000005,0.0
716,7.6000000000000005,0.0
717,7.800000000000001,0.0
718,7.800000000000001,0.0
719,7.800000000000001,0.0
720,7.800000000000001,0.0
721,7.800000000000001,0.0
722,7.800000000000001,0.0
723,7.800000000000001,0.0
724,7.800000000000001,0.0
725,7.800000000000001,0.0
726,8.1,0.0
727,8.1,0.0
728,8.1,0.0
729,8.1,0.0
730,8.1,0.0
731,8.1,0.0
732,8.1,0.0
733,8.1,0.0
734,8.1,0.0
735,8.1,0.0
736,8.1,0.0
737,8.1,0.0
738,8.1,0.0
739,8.1,0.0
740,8.1,0.0
741,8.1,0.0
742,8.5,0.0
743,8.5,0.0
744,8.5,0.0
745,8.5,0.0
746,8.5,0.0
747,8.5,0.0
748,8.5,0.0
749,8.5,0.0
750,8.5,0.0
751,8.5,0.0
752,8.5,0.0
753,8.5,0.0
754,8.5,0.0
755,8.5,0.0
756,8.5,0.0
757,8.5,0.0
758,8.5,0.0
759,8.5,0.0
760,8.5,0.0
761,8.5,0.0
762,8.5,0.0
763,8.5,0.0
764,8.5,0.0
765,8.5,0.0
766,8.5,0.0
767,8.5,0.0
768,8.5,0.0
769,8.5,0.0
770,8.5,0.0
771,8.5,0.0
772,8.5,0.0
773,8.5,0.0
774,8.5,0.0
775,8.5,0.0
776,8.5,0.0
777,8.5,0.0
778,8.5,0.0
779,8.5,0.0
780,8.5,0.0
781,8.5,0.0
782,8.5,0.0
783,8.5,0.0
784,8.5,0.0
785,8.5,0.0
786,8.5,0.0
787,8.5,0.0
788,8.5,0.0
789,8.5,0.0
790,8.5,0.0
791,8.5,0.0
792,8.5,0.0
793,8.5,0.0
794,8.5,0.0
795,8.5,0.0
796,8.5,0.0
797,8.5,0.0
798,8.5,0.0
799,8.5,0.0
800,8.5,0.0
801,8.5,0.0
802,8.5,0.0
803,8.5,0.0
804,8.5,0.0
805,8.5,0.0
806,8.5,0.0
807,8.5,0.0
808,8.5,0.0
809,8.8,0.0
810,8.8,0.0
811,8.8,0.0
812,8.8,0.0
813,8.8,0.0
814,8.8,0.0
815,8.8,0.0
816,8.8,0.0
817,8.8,0.0
818,8.8,0.0
819,8.9,0.0
820,8.9,0.0
821,8.9,0.0
822,9.200000000000001,0.0
823,9.200000000000001,0.0
824,9.200000000000001,0.0
825,9.200000000000001,0.0
826,9.5,0.0
827,9.5,0.0
828,9.5,0.0
829,9.5,0.0
830,9.5,0.0
831,9.5,0.0
832,9.5,0.0
833,9.5,0.0
834,9.700000000000001,0.0
835,9.700000000000001,0.0
836,9.700000000000001,0.0
837,9.700000000000001,0.0
838,9.700000000000001,0.0
839,9.700000000000001,0.0
840,10.100000000000001,0.0
841,10.100000000000001,0.0
842,10.100000000000001,0.0
843,10.100000000000001,0.0
844,10.100000000000001,0.0
845,10.100000000000001,0.0
846,10.100000000000001,0.0
847,10.3,0.0
848,10.3,0.0
849,10.3,0.0
850,10.3,0.0
851,10.3,0.0
852,10.3,0.0
853,10.3,0.0
854,10.3,0.0
855,10.3,0.0
856,10.3,0.0
857,10.3,0.0
858,11.0,0.0
859,11.0,0.0
860,11.0,0.0
861,11.0,0.0
862,11.0,0.0
863,11.0,0.0
864,11.0,0.0
865,11.0,0.0
866,11.0,0.0
867,11.0,0.0
868,11.0,0.0
869,11.100000000000001,0.0
870,11.100000000000001,0.0
871,11.100000000000001,0.0
872,11.100000000000001,0.0
873,11.100000000000001,0.0
874,11.100000000000001,0.0
875,11.100000000000001,0.0
876,11.100000000000001,0.0
877,11.100000000000001,0.0
878,11.100000000000001,0.0
879,11.100000000000001,0.0
880,12.0,0.0
881,12.0,0.0
882,12.0,0.0
883,12.0,0.0
884,12.0,0.0
885,12.0,0.0
886,12.0,0.0
887,12.0,0.0
888,12.0,0.0
889,12.0,0.0
890,12.0,0.0
891,12.0,0.0
892,12.200000000000001,0.0
893,12.200000000000001,0.0
894,12.200000000000001,0.0
895,12.200000000000001,0.0
896,12.200000000000001,0.0
897,12.200000000000001,0.0
898,12.200000000000001,0.0
899,12.3,0.0
900,12.3,0.0
901,12.3,0.0
902,12.3,0.0
903,12.3,0.0
904,12.3,0.0
905,12.3,0.0
906,12.3,0.0
907,12.3,0.0
908,12.3,0.0
909,12.3,0.0
910,12.3,0.0
911,12.3,0.0
912,12.3,0.0
913,12.3,0.0
914,12.3,0.0
915,12.3,0.0
916,12.3,0.0
917,12.3,0.0
918,12.3,0.0
919,12.3,0.0
920,12.3,0.0
921,12.3,0.0
922,12.3,0.0
923,12.3,0.0
924,12.3,0.0
925,12.3,0.0
926,12.3,0.0
927,12.3,0.0
928,12.3,0.0
929,12.3,0.0
930,12.3,0.0
931,12.3,0.0
932,12.3,0.0
933,12.3,0.0
934,12.3,0.0
935,12.3,0.0
936,12.3,0.0
937,12.3,0.0
938,12.3,0.0
939,12.3,0.0
940,12.3,0.0
941,12.3,0.0
942,12.3,0.0
943,12.3,0.0
944,12.3,0.0
945,12.3,0.0
946,12.3,0.0
947,12.3,0.0
948,12.3,0.0
949,12.3,0.0
950,12.3,0.0
951,12.3,0.0
952,12.3,0.0
953,12.3,0.0
954,12.3,0.0
955,12.3,0.0
956,12.3,0.0
957,12.3,0.0
958,12.3,0.0
959,12.3,0.0
960,12.3,0.0
961,12.3,0.0
962,12.3,0.0
963,12.3,0.0
964,12.3,0.0
965,12.3,0.0
966,12.3,0.0
967,12.3,0.0
968,12.3,0.0
969,12.3,0.0
970,12.700000000000001,0.0
971,12.700000000000001,0.0
972,12.700000000000001,0.0
973,12.700000000000001,0.0
974,12.700000000000001,0.0
975,12.700000000000001,0.0
976,12.700000000000001,0.0
977,12.700000000000001,0.0
978,12.700000000000001,0.0
979,12.700000000000001,0.0
980,12.700000000000001,0.0
981,12.700000000000001,0.0
982,12.700000000000001,0.0
983,12.700000000000001,0.0
984,12.700000000000001,0.0
985,12.700000000000001,0.0
986,13.4,0.0
987,13.4,0.0
988,13.4,0.0
989,13.4,0.0
990,13.4,0.0
991,13.4,0.0
992,13.4,0.0
993,13.4,0.0
994,13.4,0.0
995,13.4,0.0
996,13.4,0.0
997,13.4,0.0
998,13.4,0.0
999,13.600000000000001,0.0
1000,13.600000000000001,0.0
1001,13.600000000000001,0.0
1002,13.600000000000001,0.0
1003,13.600000000000001,0.0
1004,13.600000000000001,0.0
1005,13.600000000000001,0.0
1006,13.600000000000001,0.0
1007,13.600000000000001,0.0
1008,13.600000000000001,0.0
1009,13.600000000000001,0.0
1010,13.600000000000001,0.0
1011,13.600000000000001,0.0
1012,13.600000000000001,0.0
1013,13.600000000000001,0.0
1014,13.600000000000001,0.0
1015,13.8,0.0
1016,13.8,0.0
1017,13.8,0.0
1018,13.8,0.0
1019,13.8,0.0
1020,13.8,0.0
1021,13.8,0.0
1022,13.8,0.0
1023,13.8,0.0
1024,13.8,0.0
1025,13.8,0.0
1026,13.8,0.0
1027,13.8,0.0
1028,13.8,0.0
1029,13.8,0.0
1030,13.8,0.0
1031,14.3,0.0
1032,14.3,0.0
1033,14.3,0.0
1034,14.3,0.0
1035,14.3,0.0
1036,14.3,0.0
1037,14.3,0.0
1038,14.3,0.0
1039,14.3,0.0
1040,14.3,0.0
1041,14.3,0.0
1042,14.3,0.0
1043,14.3,0.0
1044,14.3,0.0
1045,14.3,0.0
1046,14.3,0.0
1047,14.3,0.0
1048,14.3,0.0
1049,14.3,0.0
1050,14.3,0.0
1051,14.3,0.0
1052,14.3,0.0
1053,14.3,0.0
1054,14.3,0.0
1055,14.3,0.0
1056,14.3,0.0
1057,14.3,0.0
1058,14.3,0.0
1059,14.3,0.0
1060,14.3,0.0
1061,14.3,0.0
1062,14.3,0.0
1063,14.3,0.0
1064,14.3,0.0
1065,14.3,0.0
1066,14.3,0.0
1067,14.3,0.0
1068,14.3,0.0
1069,14.3,0.0
1070,14.3,0.0
1071,14.3,0.0
1072,14.3,0.0
1073,14.3,0.0
1074,14.3,0.0
1075,14.3,0.0
1076,14.3,0.0
1077,14.3,0.0
1078,14.3,0.0
1079,14.3,0.0
1080,14.3,0.0
1081,14.3,0.0
1082,14.3,0.0
1083,14.3,0.0
1084,14.3,0.0
1085,14.3,0.0
1086,14.3,0.0
1087,14.3,0.0
1088,14.3,0.0
1089,14.3,0.0
1090,14.3,0.0
1091,14.3,0.0
1092,14.3,0.0
1093,14.3,0.0
1094,14.3,0.0
1095,14.3,0.0
1096,14.3,0.0
1097,14.3,0.0
1098,14.3,0.0
1099,14.3,0.0
1100,14.3,0.0
1101,14.3,0.0
1102,14.3,0.0
1103,14.3,0.0
1104,14.3,0.0
1105,15.5,0.0
1106,15.5,0.0
1107,15.5,0.0
1108,15.5,0.0
1109,15.5,0.0
1110,15.5,0.0
1111,15.5,0.0
1112,15.5,0.0
1113,16.1,0.0
1114,16.1,0.0
1115,16.1,0.0
1116,16.1,0.0
1117,16.1,0.0
1118,16.1,0.0
1119,16.1,0.0
1120,16.1,0.0
1121,16.1,0.0
1122,16.1,0.0
1123,16.1,0.0
1124,16.1,0.0
1125,16.1,0.0
1126,16.1,0.0
1127,16.1,0.0
1128,16.1,0.0
1129,16.1,0.0
1130,16.1,0.0
1131,16.1,0.0
1132,16.1,0.0
1133,16.1,0.0
1134,16.1,0.0
1135,16.1,0.0
1136,16.1,0.0
1137,16.1,0.0
1138,16.1,0.0
1139,16.1,0.0
1140,16.1,0.0
1141,16.1,0.0
1142,16.1,0.0
1143,16.1,0.0
1144,16.1,0.0
1145,16.1,0.0
1146,16.1,0.0
1147,16.1,0.0
1148,16.1,0.0
1149,16.1,0.0
1150,16.1,0.0
1151,16.1,0.0
1152,16.1,0.0
1153,16.1,0.0
1154,16.1,0.0
1155,16.1,0.0
1156,16.1,0.0
1157,16.1,0.0
1158,16.1,0.0
1159,16.1,0.0
1160,16.1,0.0
1161,16.1,0.0
1162,16.1,0.0
1163,16.1,0.0
1164,16.1,0.0
1165,16.1,0.0
1166,16.1,0.0
1167,16.1,0.0
1168,16.1,0.0
1169,16.1,0.0
1170,16.1,0.0
1171,16.1,0.0
1172,16.1,0.0
1173,16.1,0.0
1174,16.1,0.0
1175,16.1,0.0
1176,16.1,0.0
1177,16.1,0.0
1178,16.1,0.0
1179,16.1,0.0
1180,16.1,0.0
1181,16.1,0.0
1182,16.1,0.0
1183,16.1,0.0
1184,16.1,0.0
1185,16.1,0.0
1186,17.1,0.0
1187,17.1,0.0
1188,17.1,0.0
1189,17.1,0.0
1190,17.1,0.0
1191,17.1,0.0
1192,17.1,0.0
1193,17.1,0.0
1194,17.1,0.0
1195,17.2,0.0
1196,17.2,0.0
1197,17.2,0.0
1198,17.2,0.0
1199,17.2,0.0
1200,17.2,0.0
1201,17.2,0.0
1202,17.2,0.0
1203,17.2,0.0
1204,17.2,0.0
1205,17.2,0.0
1206,17.2,0.0
1207,17.2,0.0
1208,17.2,0.0
1209,17.2,0.0
1210,17.2,0.0
1211,18.3,0.0
1212,18.3,0.0
1213,18.3,0.0
1214,18.3,0.0
1215,18.3,0.0
1216,18.3,0.0
1217,18.3,0.0
1218,18.3,0.0
1219,18.3,0.0
1220,18.3,0.0
1221,18.3,0.0
1222,18.3,0.0
1223,18.3,0.0
1224,18.3,0.0
1225,18.3,0.0
1226,18.3,0.0
1227,18.3,0.0
1228,18.3,0.0
1229,18.3,0.0
1230,18.3,0.0
1231,18.3,0.0
1232,18.3,0.0
1233,18.3,0.0
1234,18.3,0.0
1235,18.3,0.0
1236,18.3,0.0
1237,18.3,0.0
1238,18.3,0.0
1239,18.3,0.0
1240,18.3,0.0
1241,18.3,0.0
1242,18.3,0.0
1243,18.3,0.0
1244,18.3,0.0
1245,18.3,0.0
1246,18.3,0.0
1247,18.3,0.0
1248,18.3,0.0
1249,18.3,0.0
1250,18.3,0.0
1251,18.3,0.0
1252,18.3,0.0
1253,18.3,0.0
1254,18.3,0.0
1255,18.3,0.0
1256,18.3,0.0
1257,18.3,0.0
1258,18.3,0.0
1259,18.3,0.0
1260,18.3,0.0
1261,18.3,0.0
1262,18.3,0.0
1263,18.3,0.0
1264,18.3,0.0
1265,18.3,0.03197752473770521
1266,18.3,0.03197752473770521
1267,18.3,0.046491969568891456
1268,18.3,0.04938093580626912
1269,18.3,0.04938093580626912
1270,18.3,0.08527837170371022
1271,18.3,0.13197752473770308
1272,18.3,0.146491969568892
1273,18.3,0.17445345001905466
1274,18.3,0.17445345001905466
1275,18.3,0.17709876850148198
1276,18.3,0.24649196956889163
1277,18.3,0.24649196956889163
1278,18.3,0.24649196956889163
1279,18.3,0.24938093580625775
1280,18.3,0.33197752473770414
1281,18.3,0.34649196956889217
1282,18.3,0.34649196956889217
1283,18.3,0.3493809358062663
1284,18.3,0.3744534500190575
1285,18.3,0.4319775247377038
1286,18.3,0.43487809324912874
1287,18.3,0.4464919695688918
1288,18.3,0.4464919695688918
1289,18.3,0.4464919695688918
1290,18.3,0.4493809358062606
1291,18.3,0.47445345001905537
1292,18.3,0.47445345001905537
1293,18.3,0.47445345001905537
1294,18.7,0.5319775247377052
1295,18.7,0.5319775247377052
1296,18.7,0.5464919695688915
1297,18.7,0.549380935806262
1298,18.7,0.549380935806262
1299,18.7,0.5744534500190532
1300,18.7,0.5744534500190532
1301,18.7,0.5744534500190532
1302,18.7,0.587912087912084
1303,18.7,0.6088889993867355
1304,18.7,0.6359339001872897
1305,18.7,0.6573052889794937
1306,18.7,0.6665406991198815
1307,18.7,0.6744534500190547
1308,18.7,0.6744534500190547
1309,18.7,0.7319775247377045
1310,18.7,0.7348780932491294
1311,18.7,0.7493809358062649
1312,18.7,0.7493809358062649
1313,18.7,0.7744534500190561
1314,18.7,0.7879120879120869
1315,18.7,0.8088889993867348
1316,18.7,0.8319775247377041
1317,18.7,0.8464919695688922
1318,18.7,0.8464919695688922
1319,18.7,0.8879120879120848
1320,18.7,0.9319775247377038
1321,18.7,0.9319775247377056
1322,18.7,0.9464919695688918
1323,18.7,0.9464919695688918
1324,18.7,1.0319775247377052
1325,18.7,1.0493809358062691
1326,18.7,1.0625843236702934
1327,18.7,1.0744534500190532
1328,18.7,1.0744534500190532
1329,18.7,1.087912087912084
1330,18.7,1.146491969568892
1331,18.7,1.1744534500190547
1332,18.7,1.2319775247377045
1333,18.7,1.2319775247377045
1334,18.7,1.2319775247377045
1335,18.7,1.274453450019056
1336,18.7,1.374453450019054
1337,18.7,1.4359339001872904
1338,18.7,1.4493809358062606
1339,18.7,1.4573052889794944
1340,18.7,1.4744534500190518
1341,18.7,1.4744534500190518
1342,18.7,1.4744534500190518
1343,18.7,1.508888999386734
1344,18.7,1.5319775247377052
1345,18.7,1.5319775247377052
1346,18.7,1.5348780932491302
1347,18.7,1.5464919695688915
1348,18.7,1.6319775247377049
1349,18.7,1.6359339001872897
1350,18.7,1.646491969568891
1351,18.7,1.6493809358062634
1352,18.7,1.6493809358062634
1353,18.7,1.6493809358062634
1354,18.7,1.6744534500190547
1355,18.7,1.6879120879120855
1356,18.7,1.7464919695688925
1357,18.7,1.7744534500190525
1358,18.7,1.787912087912087
1359,18.7,1.8088889993867348
1360,18.7,1.8319775247377041
1361,18.7,1.8464919695688913
1362,18.7,1.874453450019054
1363,18.7,1.8889678948502464
1364,18.7,1.920761993160177
1365,18.7,1.9319775247377038
1366,18.7,1.9348780932491287
1367,18.7,1.9744534500190554
1368,18.7,1.9744534500190554
1369,18.7,1.9879120879120826
1370,18.7,2.0464919695688915
1371,18.7,2.049380935806262
1372,18.7,2.049380935806269
1373,18.7,2.049380935806269
1374,18.7,2.1088889993867355
1375,18.7,2.146491969568892
1376,18.7,2.1744534500190547
1377,18.7,2.1744534500190547
1378,18.7,2.1744534500190547
1379,18.7,2.1744534500190547
1380,18.7,2.1879120879120855
1381,18.7,2.2319775247377045
1382,18.7,2.2348780932491294
1383,18.7,2.2464919695688916
1384,18.7,2.2889678948502414
1385,18.7,2.3088889993867348
1386,18.7,2.3493809358062663
1387,18.7,2.374453450019054
1388,18.7,2.4319775247377056
1389,18.7,2.4319775247377056
1390,18.7,2.446491969568892
1391,18.7,2.446491969568892
1392,18.7,2.4493809358062606
1393,18.7,2.4493809358062606
1394,18.7,2.531977524737705
1395,20.400000000000002,2.5464919695688915
1396,20.400000000000002,2.5464919695688915
1397,20.400000000000002,2.549380935806269
1398,20.400000000000002,2.631977524737705
1399,20.400000000000002,2.631977524737705
1400,20.400000000000002,2.7088889993867333
1401,20.400000000000002,2.7464919695688916
1402,20.400000000000002,2.7493809358062578
1403,20.400000000000002,2.774453450019056
1404,20.400000000000002,2.788967894850245
1405,20.400000000000002,2.831977524737704
1406,20.400000000000002,2.849380935806259
1407,20.400000000000002,2.8507151973215326
1408,20.400000000000002,2.8744534500190575
1409,20.400000000000002,2.9348780932491287
1410,20.400000000000002,2.946491969568892
1411,20.400000000000002,2.946491969568892
1412,20.400000000000002,2.946491969568892
1413,20.400000000000002,2.9744534500190554
1414,20.400000000000002,2.9744534500190554
1415,20.400000000000002,3.03487809324913
1416,20.400000000000002,3.049380935806262
1417,20.400000000000002,3.049380935806269
1418,20.400000000000002,3.0573052889794923
1419,20.400000000000002,3.134878093249128
1420,20.400000000000002,3.1348780932491316
1421,20.400000000000002,3.1348780932491316
1422,21.3,3.1348780932491316
1423,21.3,3.146491969568893
1424,21.3,3.146491969568893
1425,21.3,3.2319775247377045
1426,21.3,3.2319775247377045
1427,21.3,3.2493809358062578
1428,21.3,3.249380935806265
1429,21.3,3.249380935806265
1430,21.3,3.249380935806265
1431,21.3,3.2744534500190525
1432,21.3,3.274453450019056
1433,21.3,3.274453450019056
1434,21.3,3.288967894850245
1435,21.3,3.331977524737706
1436,21.3,3.3348780932491273
1437,21.3,3.346491969568892
1438,21.3,3.3493809358062663
1439,21.3,3.3493809358062663
1440,21.3,3.3493809358062663
1441,21.3,3.3493809358062663
1442,21.3,3.3879120879120848
1443,21.3,3.3889678948502464
1444,21.3,3.3955695887822586
1445,21.3,3.431977524737704
1446,21.3,3.487912087912086
1447,21.3,3.53487809324913
1448,21.3,3.5744534500190532
1449,21.3,3.587912087912084
1450,21.3,3.631977524737705
1451,21.3,3.634878093249128
1452,21.3,3.6359339001872897
1453,21.3,3.6493809358062634
1454,21.3,3.6493809358062634
1455,21.3,3.6744534500190547
1456,21.3,3.6744534500190547
1457,21.3,3.7319775247377045
1458,21.3,3.7319775247377045
1459,21.3,3.7348780932491294
1460,21.3,3.759150050552762
1461,21.3,3.774453450019056
1462,21.3,3.774453450019056
1463,21.3,3.774453450019056
1464,21.3,3.831977524737704
1465,21.3,3.835933900187289
1466,21.3,3.846491969568892
1467,21.3,3.9088889993867326
1468,21.3,3.9088889993867326
1469,21.3,3.9348780932491287
1470,21.3,3.946491969568892
1471,21.3,4.020761993160178
1472,21.3,4.031977524737705
1473,21.3,4.031977524737705
1474,21.3,4.035933900187288
1475,21.3,4.049380935806262
1476,21.3,4.049380935806262
1477,21.3,4.074453450019053
1478,21.3,4.074453450019053
1479,21.3,4.1088889993867355
1480,21.3,4.131977524737703
1481,21.3,4.131977524737703
1482,21.3,4.131977524737707
1483,21.3,4.134878093249132
1484,21.3,4.13593390018729
1485,21.3,4.146491969568891
1486,21.3,4.146491969568891
1487,21.3,4.174453450019055
1488,21.3,4.174453450019055
1489,21.3,4.174453450019055
1490,21.3,4.249380935806265
1491,21.3,4.320761993160179
1492,21.3,4.331977524737706
1493,21.3,4.335933900187289
1494,21.3,4.346491969568892
1495,21.3,4.349380935806259
1496,21.3,4.431977524737704
1497,21.3,4.435933900187287
1498,21.3,4.449380935806261
1499,21.3,4.449380935806268
1500,21.3,4.531977524737705
1501,21.3,4.5464919695688915
1502,21.3,4.5464919695688915
1503,21.3,4.557305288979492
1504,21.3,4.628415626605673
1505,21.3,4.63593390018729
1506,21.3,4.646491969568893
1507,22.0,4.674453450019055
1508,22.0,4.708888999386733
1509,22.0,4.7319775247377045
1510,22.0,4.7319775247377045
1511,22.0,4.7319775247377045
1512,22.0,4.7348780932491294
1513,22.0,4.774453450019056
1514,22.0,4.831977524737706
1515,22.0,4.846491969568892
1516,22.0,4.849380935806259
1517,22.0,4.8744534500190575
1518,22.0,4.877098768501482
1519,22.0,4.905327101254699
1520,22.0,4.908888999386733
1521,22.0,4.949380935806268
1522,22.0,4.974453450019055
1523,22.0,5.03487809324913
1524,22.0,5.049380935806269
1525,22.0,5.049380935806269
1526,22.0,5.049380935806269
1527,22.0,5.074453450019053
1528,22.0,5.131977524737707
1529,22.0,5.134878093249132
1530,22.0,5.134878093249132
1531,22.0,5.134878093249132
1532,22.0,5.2319775247377045
1533,22.0,5.2348780932491294
1534,22.0,5.257305288979492
1535,22.0,5.287912087912083
1536,22.0,5.287912087912083
1537,22.0,5.331977524737702
1538,22.0,5.331977524737706
1539,22.0,5.346491969568892
1540,22.0,5.346491969568892
1541,22.0,5.349380935806259
1542,22.0,5.431977524737704
1543,22.8,5.431977524737704
1544,22.8,5.474453450019052
1545,22.8,5.474453450019055
1546,22.8,5.474453450019055
1547,22.8,5.531977524737705
1548,22.8,5.531977524737705
1549,22.8,5.53487809324913
1550,22.8,5.549380935806262
1551,22.8,5.549380935806262
1552,22.8,5.574453450019053
1553,22.8,5.621817800098341
1554,22.8,5.631977524737707
1555,22.8,5.631977524737707
1556,22.8,5.631977524737707
1557,22.8,5.649380935806263
1558,22.8,5.674453450019055
1559,22.8,5.674453450019055
1560,22.8,5.6879120879120855
1561,22.8,5.6879120879120855
1562,22.8,5.689629224470853
1563,22.8,5.720761993160178
1564,22.8,5.7348780932491294
1565,23.200000000000003,5.7359339001872875
1566,23.200000000000003,5.760337349930101
1567,23.200000000000003,5.7744534500190525
1568,23.200000000000003,5.774453450019056
1569,23.200000000000003,5.787912087912087
1570,23.200000000000003,5.849380935806266
1571,23.200000000000003,5.849380935806266
1572,23.200000000000003,5.865484892181723
1573,23.200000000000003,5.874453450019054
1574,23.200000000000003,5.874453450019054
1575,23.200000000000003,5.874453450019054
1576,23.200000000000003,5.874453450019054
1577,23.200000000000003,5.8744534500190575
1578,23.200000000000003,5.931977524737704
1579,23.200000000000003,5.988967894850244
1580,23.200000000000003,6.031977524737705
1581,23.200000000000003,6.031977524737705
1582,23.200000000000003,6.049380935806269
1583,23.200000000000003,6.074453450019057
1584,23.200000000000003,6.074453450019057
1585,23.6,6.074453450019057
1586,23.6,6.174453450019055
1587,23.6,6.208888999386733
1588,23.6,6.220761993160178
1589,23.6,6.2348780932491294
1590,23.6,6.249380935806258
1591,23.6,6.249380935806265
1592,23.6,6.331977524737702
1593,23.6,6.331977524737706
1594,23.6,6.334878093249131
1595,23.6,6.334878093249131
1596,23.6,6.474453450019055
1597,23.6,6.531977524737705
1598,23.6,6.53487809324913
1599,23.6,6.535933900187288
1600,23.700000000000003,6.5464919695688915
1601,23.700000000000003,6.5464919695688915
1602,23.700000000000003,6.5464919695688915
1603,23.700000000000003,6.549380935806269
1604,23.700000000000003,6.549380935806269
1605,23.700000000000003,6.631977524737707
1606,23.700000000000003,6.634878093249128
1607,23.700000000000003,6.634878093249128
1608,23.700000000000003,6.649380935806263
1609,23.700000000000003,6.649380935806263
1610,23.700000000000003,6.7319775247377045
1611,23.700000000000003,6.7319775247377045
1612,23.700000000000003,6.7319775247377045
1613,23.700000000000003,6.749380935806265
1614,23.700000000000003,6.749380935806265
1615,23.700000000000003,6.849380935806266
1616,23.700000000000003,6.934878093249129
1617,23.700000000000003,7.008888999386734
1618,23.700000000000003,7.031977524737705
1619,23.700000000000003,7.03487809324913
1620,23.700000000000003,7.049380935806262
1621,23.700000000000003,7.057305288979492
1622,23.700000000000003,7.131977524737703
1623,23.700000000000003,7.149380935806263
1624,23.700000000000003,7.149380935806263
1625,23.700000000000003,7.249380935806265
1626,23.700000000000003,7.249380935806265
1627,23.700000000000003,7.249380935806265
1628,23.700000000000003,7.249380935806265
1629,23.700000000000003,7.387912087912085
1630,23.700000000000003,7.408888999386733
1631,23.700000000000003,7.474453450019052
1632,23.700000000000003,7.508888999386734
1633,23.700000000000003,7.5464919695688915
1634,23.700000000000003,7.574453450019053
1635,23.700000000000003,7.574453450019057
1636,23.700000000000003,7.6879120879120855
1637,23.700000000000003,7.6879120879120855
1638,23.700000000000003,7.708888999386733
1639,23.700000000000003,7.831977524737702
1640,23.700000000000003,7.831977524737706
1641,23.700000000000003,7.931977524737704
1642,23.700000000000003,7.934878093249132
1643,23.700000000000003,7.949380935806261
1644,23.700000000000003,7.965484892181724
1645,23.700000000000003,7.987912087912086
1646,23.700000000000003,8.031977524737705
1647,23.700000000000003,8.031977524737705
1648,23.700000000000003,8.03487809324913
1649,23.700000000000003,8.035933900187288
1650,23.700000000000003,8.066540699119884
1651,23.700000000000003,8.108888999386735
1652,23.700000000000003,8.13593390018729
1653,23.700000000000003,8.149380935806263
1654,23.700000000000003,8.149380935806263
1655,23.700000000000003,8.174453450019055
1656,23.700000000000003,8.174453450019055
1657,23.700000000000003,8.187912087912085
1658,23.700000000000003,8.231977524737704
1659,23.700000000000003,8.235933900187291
1660,23.700000000000003,8.274453450019056
1661,23.700000000000003,8.308888999386735
1662,23.700000000000003,8.331977524737702
1663,23.700000000000003,8.335933900187289
1664,23.700000000000003,8.37445345001905
1665,23.700000000000003,8.487912087912083
1666,23.700000000000003,8.508888999386734
1667,23.700000000000003,8.531977524737705
1668,23.700000000000003,8.531977524737705
1669,23.700000000000003,8.53487809324913
1670,23.700000000000003,8.53487809324913
1671,23.700000000000003,8.549380935806262
1672,23.700000000000003,8.549380935806262
1673,23.700000000000003,8.574453450019053
1674,23.700000000000003,8.608888999386735
1675,23.700000000000003,8.631977524737707
1676,23.700000000000003,8.63593390018729
1677,23.700000000000003,8.646491969568892
1678,23.700000000000003,8.662584323670295
1679,23.700000000000003,8.677098768501484
1680,23.700000000000003,8.735933900187291
1681,23.700000000000003,8.831977524737706
1682,23.700000000000003,8.87445345001905
1683,23.700000000000003,8.908888999386733
1684,23.700000000000003,8.94938093580626
1685,23.700000000000003,8.94938093580626
1686,23.700000000000003,8.94938093580626
1687,23.700000000000003,8.949380935806268
1688,27.400000000000002,8.949380935806268
1689,27.400000000000002,9.031977524737705
1690,27.400000000000002,9.035933900187288
1691,27.400000000000002,9.04649196956889
1692,27.400000000000002,9.046491969568894
1693,27.400000000000002,9.049380935806262
1694,27.400000000000002,9.049380935806262
1695,27.400000000000002,9.04938093580627
1696,27.400000000000002,9.074453450019053
1697,27.400000000000002,9.149380935806263
1698,27.400000000000002,9.149380935806263
1699,27.400000000000002,9.23487809324913
1700,27.400000000000002,9.249380935806258
1701,27.400000000000002,9.274453450019056
1702,27.400000000000002,9.287912087912087
1703,27.400000000000002,9.346491969568891
1704,27.400000000000002,9.346491969568891
1705,27.400000000000002,9.349380935806266
1706,27.400000000000002,9.349380935806266
1707,27.400000000000002,9.37445345001905
1708,27.400000000000002,9.44938093580626
1709,27.400000000000002,9.44938093580626
1710,27.400000000000002,9.44938093580626
1711,27.400000000000002,9.44938093580626
1712,27.400000000000002,9.474453450019052
1713,27.400000000000002,9.508888999386734
1714,27.400000000000002,9.549380935806262
1715,27.400000000000002,9.634878093249132
1716,27.400000000000002,9.646491969568892
1717,27.400000000000002,9.674453450019055
1718,27.400000000000002,9.731977524737704
1719,27.400000000000002,9.749380935806265
1720,28.200000000000003,9.749380935806265
1721,28.200000000000003,9.777098768501482
1722,28.200000000000003,9.849380935806266
1723,28.200000000000003,9.849380935806266
1724,28.200000000000003,9.874453450019057
1725,28.200000000000003,9.931977524737704
1726,28.200000000000003,9.931977524737704
1727,28.200000000000003,9.931977524737704
1728,28.200000000000003,10.049380935806262
1729,28.200000000000003,10.074453450019053
1730,28.200000000000003,10.134878093249128
1731,28.200000000000003,10.134878093249132
1732,28.200000000000003,10.149380935806263
1733,28.200000000000003,10.174453450019055
1734,28.200000000000003,10.174453450019055
1735,28.200000000000003,10.187912087912085
1736,28.200000000000003,10.287912087912087
1737,28.200000000000003,10.331977524737702
1738,28.200000000000003,10.33487809324913
1739,28.200000000000003,10.37445345001905
1740,28.200000000000003,10.434878093249129
1741,28.200000000000003,10.474453450019052
1742,28.200000000000003,10.474453450019052
1743,28.200000000000003,10.531977524737705
1744,28.200000000000003,10.535933900187288
1745,28.200000000000003,10.63593390018729
1746,28.200000000000003,10.687912087912085
1747,28.200000000000003,10.687912087912085
1748,28.200000000000003,10.689629224470853
1749,28.200000000000003,10.708888999386737
1750,28.200000000000003,10.731977524737704
1751,28.200000000000003,10.749380935806265
1752,28.200000000000003,10.749380935806265
1753,28.200000000000003,10.774453450019056
1754,28.200000000000003,10.83487809324913
1755,28.200000000000003,10.874453450019057
1756,28.200000000000003,10.931977524737704
1757,28.200000000000003,10.94938093580626
1758,28.200000000000003,10.949380935806268
1759,28.200000000000003,10.974453450019059
1760,28.200000000000003,10.974453450019059
1761,28.200000000000003,10.974453450019059
1762,28.200000000000003,11.031977524737705
1763,28.200000000000003,11.031977524737705
1764,28.200000000000003,11.074453450019053
1765,28.200000000000003,11.074453450019053
1766,28.200000000000003,11.074453450019053
1767,28.200000000000003,11.07445345001906
1768,28.200000000000003,11.108888999386735
1769,28.200000000000003,11.108888999386735
1770,28.200000000000003,11.131977524737703
1771,28.200000000000003,11.149380935806263
1772,28.200000000000003,11.174453450019055
1773,28.200000000000003,11.174453450019055
1774,28.200000000000003,11.174453450019055
1775,28.200000000000003,11.187912087912085
1776,28.200000000000003,11.231977524737704
1777,28.200000000000003,11.235933900187288
1778,28.200000000000003,11.274453450019056
1779,28.200000000000003,11.287912087912087
1780,28.200000000000003,11.334878093249127
1781,28.200000000000003,11.33487809324913
1782,28.200000000000003,11.349380935806266
1783,28.200000000000003,11.434878093249129
1784,28.200000000000003,11.44938093580626
1785,28.200000000000003,11.474453450019052
1786,28.200000000000003,11.474453450019059
1787,28.200000000000003,11.531977524737705
1788,28.200000000000003,11.531977524737705
1789,28.200000000000003,11.549380935806262
1790,28.200000000000003,11.549380935806262
1791,28.200000000000003,11.587912087912084
1792,28.200000000000003,11.631977524737707
1793,28.200000000000003,11.646491969568892
1794,28.200000000000003,11.646491969568892
1795,28.200000000000003,11.649380935806263
1796,28.200000000000003,11.731977524737704
1797,28.200000000000003,11.734878093249133
1798,28.200000000000003,11.774453450019056
1799,28.200000000000003,11.831977524737702
1800,28.200000000000003,11.83487809324913
1801,28.200000000000003,11.849380935806266
1802,28.200000000000003,11.849380935806266
1803,28.200000000000003,11.849380935806266
1804,28.200000000000003,11.849380935806266
1805,28.200000000000003,11.849380935806266
1806,28.200000000000003,11.874453450019057
1807,28.200000000000003,11.974453450019052
1808,28.200000000000003,11.974453450019059
1809,28.200000000000003,12.031977524737705
1810,28.200000000000003,12.04938093580627
1811,28.200000000000003,12.074453450019053
1812,28.200000000000003,12.07445345001906
1813,28.200000000000003,12.131977524737707
1814,28.200000000000003,12.149380935806263
1815,28.200000000000003,12.149380935806263
1816,28.200000000000003,12.231977524737708
1817,28.200000000000003,12.246491969568893
1818,28.200000000000003,12.249380935806258
1819,28.200000000000003,12.249380935806258
1820,28.200000000000003,12.249380935806265
1821,28.200000000000003,12.266540699119883
1822,28.200000000000003,12.274453450019056
1823,28.200000000000003,12.308888999386731
1824,30.0,12.308888999386735
1825,30.0,12.331977524737706
1826,30.0,12.34938093580626
1827,30.0,12.360337349930106
1828,30.0,12.37445345001905
1829,30.0,12.431977524737707
1830,30.0,12.474453450019059
1831,30.0,12.474453450019059
1832,30.0,12.549380935806262
1833,30.0,12.549380935806262
1834,30.0,12.574453450019053
1835,30.0,12.574453450019053
1836,30.0,12.578282200454147
1837,30.0,12.628415626605673
1838,30.0,12.649380935806263
1839,30.0,12.649380935806263
1840,30.0,12.731977524737704
1841,30.0,12.774453450019056
1842,30.0,12.778282200454147
1843,30.0,12.831977524737706
1844,30.0,12.849380935806266
1845,30.0,12.887912087912085
1846,30.0,12.94938093580626
1847,30.0,12.94938093580626
1848,30.0,13.031977524737705
1849,30.0,13.087912087912088
1850,30.0,13.108888999386735
1851,30.0,13.174453450019055
1852,30.0,13.174453450019055
1853,30.0,13.174453450019055
1854,30.0,13.174453450019055
1855,30.0,13.228415626605674
1856,30.0,13.231977524737704
1857,30.0,13.249380935806265
1858,30.0,13.331977524737702
1859,30.0,13.331977524737706
1860,30.0,13.331977524737706
1861,30.0,13.33487809324913
1862,31.5,13.434878093249129
1863,31.5,13.474453450019052
1864,31.5,13.474453450019059
1865,31.5,13.474453450019059
1866,31.5,13.531977524737705
1867,31.5,13.531977524737705
1868,31.5,13.531977524737705
1869,31.5,13.549380935806262
1870,31.5,13.549380935806262
1871,31.5,13.54938093580627
1872,31.5,13.54938093580627
1873,31.5,13.54938093580627
1874,31.5,13.591729236073121
1875,31.5,13.608888999386735
1876,31.5,13.631977524737703
1877,31.5,13.674453450019055
1878,31.5,13.674453450019055
1879,31.5,13.708888999386733
1880,31.5,13.708888999386733
1881,31.5,13.731977524737704
1882,31.5,13.731977524737708
1883,31.5,13.831977524737706
1884,31.5,13.931977524737704
1885,31.5,13.934878093249129
1886,31.5,13.974453450019059
1887,31.5,14.049380935806262
1888,31.5,14.049380935806262
1889,31.5,14.049380935806262
1890,31.5,14.07445345001906
1891,31.5,14.087912087912084
1892,31.5,14.149380935806263
1893,31.5,14.249380935806265
1894,31.5,14.249380935806265
1895,31.5,14.274453450019056
1896,31.5,14.274453450019056
1897,31.5,14.331977524737706
1898,31.5,14.349380935806266
1899,31.5,14.349380935806266
1900,31.5,14.374453450019057
1901,31.5,14.387912087912081
1902,31.5,14.44938093580626
1903,31.5,14.44938093580626
1904,31.5,14.48791208791209
1905,31.5,14.574453450019053
1906,31.5,14.574453450019053
1907,31.5,14.578282200454144
1908,31.5,14.631977524737707
1909,31.5,14.631977524737707
1910,31.5,14.634878093249132
1911,31.5,14.634878093249132
1912,31.5,14.687912087912085
1913,31.5,14.734878093249133
1914,31.5,14.774453450019056
1915,31.5,14.846491969568891
1916,31.5,14.84938093580626
1917,31.5,14.84938093580626
1918,31.5,14.874453450019057
1919,31.5,14.934878093249129
1920,31.5,14.93593390018729
1921,31.5,14.94938093580626
1922,31.5,14.94938093580626
1923,31.5,15.04649196956889
1924,31.5,15.04649196956889
1925,31.5,15.04938093580627
1926,31.5,15.04938093580627
1927,31.5,15.04938093580627
1928,31.5,15.131977524737703
1929,31.5,15.149380935806263
1930,31.5,15.149380935806263
1931,31.5,15.149380935806263
1932,31.5,15.149380935806263
1933,31.5,15.149380935806263
1934,31.5,15.174453450019055
1935,31.5,15.234878093249126
1936,31.5,15.24649196956889
1937,31.5,15.274453450019056
1938,31.5,15.274453450019056
1939,31.5,15.274453450019056
1940,31.5,15.274453450019056
1941,31.5,15.335933900187293
1942,31.5,15.346491969568891
1943,31.5,15.346491969568891
1944,31.5,15.34912568577727
1945,31.5,15.374453450019057
1946,31.5,15.374453450019057
1947,31.5,15.374453450019057
1948,31.5,15.374453450019057
1949,31.5,15.387912087912081
1950,31.5,15.434878093249129
1951,31.5,15.487912087912083
1952,31.5,15.587912087912084
1953,31.5,15.631977524737707
1954,31.5,15.649380935806263
1955,31.5,15.649380935806263
1956,31.5,15.649380935806263
1957,31.5,15.674453450019055
1958,31.5,15.734878093249126
1959,31.5,15.749380935806265
1960,31.5,15.749380935806265
1961,31.5,15.774453450019056
1962,31.5,15.774453450019056
1963,31.5,15.849380935806266
1964,31.5,15.849380935806266
1965,31.5,15.849380935806266
1966,31.5,15.887912087912088
1967,31.5,15.908888999386733
1968,31.5,15.908888999386733
1969,31.5,15.98791208791209
1970,31.5,16.008888999386734
1971,31.5,16.031977524737705
1972,31.5,16.049380935806262
1973,31.5,16.049380935806262
1974,31.5,16.057305288979496
1975,31.5,16.06033734993011
1976,31.5,16.131977524737707
1977,32.800000000000004,16.13487809324913
1978,32.800000000000004,16.149380935806263
1979,32.800000000000004,16.149380935806263
1980,32.800000000000004,16.187912087912085
1981,32.800000000000004,16.231977524737708
1982,32.800000000000004,16.249380935806258
1983,32.800000000000004,16.249380935806258
1984,32.800000000000004,16.249380935806258
1985,32.800000000000004,16.274453450019056
1986,32.800000000000004,16.274453450019056
1987,32.800000000000004,16.274453450019056
1988,32.800000000000004,16.3053271012547
1989,32.800000000000004,16.349380935806266
1990,32.800000000000004,16.349380935806266
1991,32.800000000000004,16.349380935806266
1992,32.800000000000004,16.37445345001905
1993,32.800000000000004,16.431977524737704
1994,32.800000000000004,16.63593390018729
1995,32.800000000000004,16.646491969568892
1996,32.800000000000004,16.649380935806263
1997,32.800000000000004,16.649380935806263
1998,32.800000000000004,16.731977524737704
1999,32.800000000000004,16.74649196956889
2000,32.800000000000004,16.749380935806265
2001,32.800000000000004,16.77709876850148
2002,32.800000000000004,16.849380935806266
2003,32.800000000000004,16.859150050552763
2004,32.800000000000004,16.88791208791208
2005,32.800000000000004,16.931977524737704
2006,32.800000000000004,16.931977524737707
2007,32.800000000000004,16.94938093580626
2008,32.800000000000004,16.949380935806268
2009,34.300000000000004,16.97445345001906
2010,34.300000000000004,16.97445345001906
2011,34.300000000000004,17.02181780009834
2012,34.300000000000004,17.07445345001906
2013,34.300000000000004,17.07445345001906
2014,34.300000000000004,17.088967894850242
2015,34.300000000000004,17.160337349930103
2016,34.300000000000004,17.162584323670295
2017,34.300000000000004,17.287912087912087
2018,34.300000000000004,17.331977524737706
2019,34.300000000000004,17.335933900187285
2020,34.300000000000004,17.405327101254702
2021,34.300000000000004,17.508888999386734
2022,34.300000000000004,17.531977524737705
2023,34.300000000000004,17.549380935806262
2024,34.300000000000004,17.557305288979496
2025,34.300000000000004,17.574453450019053
2026,34.300000000000004,17.587912087912084
2027,34.300000000000004,17.587912087912084
2028,34.300000000000004,17.649380935806263
2029,34.300000000000004,17.649380935806263
2030,34.300000000000004,17.674453450019055
2031,34.300000000000004,17.674453450019055
2032,34.300000000000004,17.674453450019055
2033,34.300000000000004,17.731977524737704
2034,34.300000000000004,17.749380935806265
2035,34.300000000000004,17.774453450019056
2036,34.300000000000004,17.774453450019056
2037,34.300000000000004,17.835933900187285
2038,34.300000000000004,17.849380935806266
2039,34.300000000000004,17.849380935806266
2040,34.300000000000004,17.849380935806266
2041,34.300000000000004,17.849380935806266
2042,34.300000000000004,17.849380935806266
2043,34.300000000000004,17.849380935806266
2044,34.300000000000004,17.849380935806266
2045,34.300000000000004,17.859150050552763
2046,34.300000000000004,17.87445345001905
2047,34.300000000000004,17.874453450019057
2048,34.300000000000004,17.874453450019057
2049,34.300000000000004,17.874453450019057
2050,34.300000000000004,17.931977524737704
2051,34.300000000000004,17.949380935806268
2052,34.300000000000004,17.97445345001906
2053,34.300000000000004,17.991729236073112
2054,34.300000000000004,18.03487809324913
2055,34.300000000000004,18.03487809324913
2056,34.300000000000004,18.04938093580627
2057,34.300000000000004,18.074453450019053
2058,34.300000000000004,18.13487809324913
2059,34.300000000000004,18.149380935806263
2060,34.300000000000004,18.17445345001906
2061,34.300000000000004,18.22841562660567
2062,34.300000000000004,18.249380935806265
2063,34.300000000000004,18.249380935806265
2064,34.300000000000004,18.349380935806266
2065,34.300000000000004,18.349380935806266
2066,34.300000000000004,18.349380935806266
2067,34.300000000000004,18.431977524737704
2068,34.300000000000004,18.43487809324913
2069,34.300000000000004,18.43487809324913
2070,34.300000000000004,18.446491969568893
2071,34.300000000000004,18.487912087912083
2072,34.300000000000004,18.53487809324913
2073,34.300000000000004,18.549380935806262
2074,34.300000000000004,18.549380935806262
2075,34.300000000000004,18.574453450019053
2076,34.300000000000004,18.608888999386735
2077,34.300000000000004,18.63593390018729
2078,34.300000000000004,18.649380935806263
2079,34.300000000000004,18.649380935806263
2080,34.300000000000004,18.649380935806263
2081,34.300000000000004,18.734878093249133
2082,34.300000000000004,18.835933900187293
2083,34.300000000000004,18.849380935806266
2084,34.300000000000004,18.860337349930106
2085,34.300000000000004,18.90888899938674
2086,34.300000000000004,18.931977524737707
2087,34.300000000000004,18.94938093580626
2088,34.300000000000004,18.94938093580626
2089,34.300000000000004,18.949380935806268
2090,34.300000000000004,18.949380935806268
2091,34.300000000000004,19.031977524737705
2092,34.300000000000004,19.049125685777273
2093,34.300000000000004,19.17445345001906
2094,34.300000000000004,19.178282200454145
2095,34.300000000000004,19.331977524737706
2096,34.300000000000004,19.349380935806266
2097,34.300000000000004,19.349380935806266
2098,34.300000000000004,19.349380935806266
2099,34.300000000000004,19.349380935806266
2100,34.300000000000004,19.349380935806266
2101,34.300000000000004,19.349380935806266
2102,34.300000000000004,19.391729236073118
2103,34.300000000000004,19.446491969568893
2104,34.300000000000004,19.44938093580626
2105,34.300000000000004,19.449380935806268
2106,34.300000000000004,19.449380935806268
2107,40.0,19.449380935806268
2108,40.0,19.449380935806268
2109,40.0,19.549380935806262
2110,40.0,19.574453450019053
2111,40.0,19.57445345001906
2112,40.0,19.631977524737703
2113,40.0,19.649380935806263
2114,40.0,19.649380935806263
2115,40.0,19.649380935806263
2116,40.0,19.649380935806263
2117,40.0,19.649380935806263
2118,40.0,19.731977524737708
2119,40.0,19.749380935806265
2120,40.0,19.749380935806265
2121,40.0,19.774453450019056
2122,40.0,19.787912087912087
2123,40.0,19.849380935806266
2124,40.0,19.849380935806266
2125,40.0,19.849380935806266
2126,40.0,19.98791208791209
2127,40.0,20.031977524737705
2128,40.0,20.031977524737705
2129,40.0,20.031977524737705
2130,40.0,20.046491969568894
2131,40.0,20.049380935806262
2132,40.0,20.049380935806262
2133,40.0,20.07445345001906
2134,40.0,20.108888999386735
2135,40.0,20.108888999386735
2136,40.0,20.131977524737707
2137,40.0,20.131977524737707
2138,40.0,20.131977524737707
2139,40.0,20.17445345001906
2140,40.0,20.17445345001906
2141,40.0,20.234878093249133
2142,42.7,20.23593390018729
2143,42.7,20.30888899938673
2144,42.7,20.47445345001906
2145,42.7,20.47445345001906
2146,42.7,20.531977524737705
2147,42.7,20.574453450019053
2148,42.7,20.574453450019053
2149,42.7,20.631977524737707
2150,42.7,20.73593390018729
2151,42.7,20.749380935806265
2152,42.7,20.749380935806265
2153,42.7,20.834878093249127
2154,42.7,21.049380935806262
2155,42.7,21.049380935806262
2156,42.7,21.149380935806263
2157,42.7,21.174453450019055
2158,42.7,21.17445345001906
2159,42.7,21.2319775247377
2160,42.7,21.249380935806258
2161,42.7,21.249380935806258
2162,42.7,21.249380935806265
2163,42.7,21.249380935806265
2164,42.7,21.249380935806265
2165,42.7,21.249380935806265
2166,42.7,21.249380935806265
2167,42.7,21.249380935806265
2168,42.7,21.249380935806265
2169,42.7,21.274453450019056
2170,42.7,21.274453450019056
2171,42.7,21.274453450019056
2172,42.7,21.287912087912087
2173,42.7,21.331977524737702
2174,42.7,21.33197752473771
2175,42.7,21.37445345001905
2176,42.7,21.374453450019057
2177,42.7,21.374453450019057
2178,42.7,21.378282200454148
2179,42.7,21.605593953557754
2180,42.7,21.649380935806263
2181,42.7,21.649380935806263
2182,42.7,21.649380935806263
2183,42.7,21.649380935806263
2184,42.7,21.649380935806263
2185,42.7,21.649380935806263
2186,42.7,21.649380935806263
2187,42.7,21.777098768501485
2188,42.7,21.80888899938674
2189,42.7,21.81033928364245
2190,42.7,21.83197752473771
2191,42.7,21.94938093580626
2192,42.7,21.94938093580626
2193,42.7,22.04938093580627
2194,42.7,22.04938093580627
2195,42.7,22.04938093580627
2196,42.7,22.04938093580627
2197,42.7,22.108888999386735
2198,42.7,22.149380935806263
2199,42.7,22.174453450019055
2200,42.7,22.249380935806272
2201,42.7,22.249380935806272
2202,42.7,22.249380935806272
2203,42.7,22.349380935806266
2204,42.7,22.374453450019057
2205,42.7,22.374453450019057
2206,42.7,22.38791208791208
2207,42.7,22.44938093580626
2208,42.7,22.44938093580626
2209,45.400000000000006,22.44938093580626
2210,45.400000000000006,22.474453450019052
2211,45.400000000000006,22.631977524737707
2212,45.400000000000006,22.649380935806263
2213,45.400000000000006,22.649380935806263
2214,45.400000000000006,22.649380935806263
2215,45.400000000000006,22.649380935806263
2216,45.400000000000006,22.649380935806263
2217,45.400000000000006,22.649380935806263
2218,45.400000000000006,22.649380935806263
2219,45.400000000000006,22.708888999386737
2220,45.400000000000006,22.760337349930104
2221,45.400000000000006,22.849380935806266
2222,45.400000000000006,22.849380935806266
2223,45.400000000000006,22.849380935806266
2224,45.400000000000006,22.874453450019057
2225,45.400000000000006,22.94938093580626
2226,45.400000000000006,22.94938093580626
2227,45.400000000000006,22.98791208791209
2228,45.400000000000006,23.04649196956889
2229,45.400000000000006,23.108888999386735
2230,45.400000000000006,23.131977524737707
2231,45.400000000000006,23.174453450019055
2232,45.400000000000006,23.2319775247377
2233,45.400000000000006,23.374453450019057
2234,45.400000000000006,23.54938093580627
2235,45.400000000000006,23.54938093580627
2236,45.400000000000006,23.54938093580627
2237,45.400000000000006,23.63487809324913
2238,45.400000000000006,23.63487809324913
2239,45.400000000000006,23.674453450019055
2240,45.400000000000006,23.687912087912093
2241,45.400000000000006,23.83197752473771
2242,45.400000000000006,23.849380935806266
2243,45.400000000000006,23.849380935806266
2244,45.400000000000006,23.849380935806266
2245,45.400000000000006,23.849380935806266
2246,45.400000000000006,23.849380935806266
2247,45.400000000000006,23.849380935806266
2248,45.400000000000006,23.874453450019057
2249,45.400000000000006,23.931977524737704
2250,45.400000000000006,23.931977524737704
2251,45.400000000000006,23.93487809324913
2252,45.400000000000006,23.97445345001906
2253,45.400000000000006,24.04938093580627
2254,45.400000000000006,24.04938093580627
2255,45.400000000000006,24.04938093580627
2256,45.400000000000006,24.074453450019053
2257,45.400000000000006,24.074453450019053
2258,45.400000000000006,24.15915005055276
2259,45.400000000000006,24.187912087912093
2260,45.400000000000006,24.2319775247377
2261,45.400000000000006,24.2319775247377
2262,45.400000000000006,24.231977524737708
2263,45.400000000000006,24.249380935806258
2264,45.400000000000006,24.349380935806266
2265,45.400000000000006,24.349380935806266
2266,45.400000000000006,24.349380935806266
2267,45.400000000000006,24.349380935806266
2268,45.400000000000006,24.431977524737704
2269,45.400000000000006,24.446491969568893
2270,45.400000000000006,24.44938093580626
2271,45.400000000000006,24.44938093580626
2272,45.400000000000006,24.44938093580626
2273,45.400000000000006,24.474453450019052
2274,45.400000000000006,24.534878093249137
2275,45.400000000000006,24.549380935806255
2276,45.400000000000006,24.608888999386735
2277,45.400000000000006,24.649380935806263
2278,45.400000000000006,24.649380935806263
2279,45.400000000000006,24.649380935806263
2280,45.800000000000004,24.649380935806263
2281,45.800000000000004,24.649380935806263
2282,45.800000000000004,24.649380935806263
2283,45.800000000000004,24.674453450019055
2284,45.800000000000004,24.67445345001906
2285,45.800000000000004,24.749380935806272
2286,45.800000000000004,24.749380935806272
2287,45.800000000000004,24.774453450019056
2288,45.800000000000004,24.874453450019057
2289,45.800000000000004,24.97445345001906
2290,45.800000000000004,25.008888999386734
2291,45.800000000000004,25.031977524737705
2292,45.800000000000004,25.04938093580627
2293,45.800000000000004,25.04938093580627
2294,45.800000000000004,25.04938093580627
2295,45.800000000000004,25.04938093580627
2296,45.800000000000004,25.04938093580627
2297,45.800000000000004,25.04938093580627
2298,45.800000000000004,25.131977524737707
2299,45.800000000000004,25.149380935806263
2300,45.800000000000004,25.174453450019055
2301,45.800000000000004,25.174453450019055
2302,45.800000000000004,25.274453450019056
2303,45.800000000000004,25.374453450019057
2304,45.800000000000004,25.374453450019057
2305,45.800000000000004,25.431977524737704
2306,45.800000000000004,25.43197752473771
2307,45.800000000000004,25.44938093580626
2308,45.800000000000004,25.44938093580626
2309,45.800000000000004,25.546491969568894
2310,45.800000000000004,25.63593390018729
2311,45.800000000000004,25.674453450019055
2312,45.800000000000004,25.674453450019055
2313,45.800000000000004,25.749380935806272
2314,45.800000000000004,25.749380935806272
2315,45.800000000000004,25.749380935806272
2316,45.800000000000004,25.849380935806266
2317,45.800000000000004,25.94938093580626
2318,45.800000000000004,25.94938093580626
2319,45.800000000000004,26.049380935806255
2320,45.800000000000004,26.049380935806255
2321,45.800000000000004,26.049380935806255
2322,45.800000000000004,26.074453450019053
2323,45.800000000000004,26.149380935806263
2324,45.800000000000004,26.149380935806263
2325,45.800000000000004,26.149380935806263
2326,45.800000000000004,26.249380935806258
2327,45.800000000000004,26.274453450019056
2328,46.1,26.274453450019056
2329,46.1,26.274453450019056
2330,46.1,26.349380935806266
2331,46.1,26.349380935806266
2332,46.1,26.349380935806266
2333,46.1,26.38791208791208
2334,46.1,26.38791208791208
2335,46.1,26.38791208791208
2336,46.1,26.54938093580627
2337,46.1,26.67445345001906
2338,46.1,26.749380935806258
2339,46.1,26.834878093249127
2340,46.1,26.849380935806266
2341,46.1,26.849380935806266
2342,46.1,26.849380935806266
2343,46.1,26.987912087912083
2344,46.1,26.988967894850248
2345,46.1,27.031977524737705
2346,46.1,27.034878093249137
2347,46.1,27.04938093580627
2348,46.1,27.074453450019053
2349,46.1,27.074453450019053
2350,46.1,27.131977524737707
2351,46.1,27.149380935806263
2352,46.1,27.149380935806263
2353,46.1,27.174453450019055
2354,46.1,27.174453450019055
2355,46.1,27.174453450019055
2356,46.1,27.174453450019055
2357,46.1,27.17445345001906
2358,46.1,27.17445345001906
2359,46.1,27.231977524737708
2360,46.1,27.234878093249126
2361,46.1,27.249380935806272
2362,46.1,27.249380935806272
2363,46.1,27.249380935806272
2364,46.1,27.249380935806272
2365,46.1,27.249380935806272
2366,46.1,27.249380935806272
2367,46.1,27.334878093249134
2368,46.1,27.335933900187285
2369,46.1,27.346491969568888
2370,46.1,27.349380935806266
2371,46.1,27.349380935806266
2372,46.1,27.349380935806266
2373,46.1,27.349380935806266
2374,46.1,27.37445345001905
2375,46.1,27.44938093580626
2376,46.1,27.47445345001906
2377,46.1,27.574453450019053
2378,46.1,27.574453450019053
2379,46.1,27.631977524737707
2380,46.1,27.649380935806263
2381,46.1,27.649380935806263
2382,46.1,27.649380935806263
2383,46.1,27.649380935806263
2384,46.1,27.674453450019055
2385,46.1,27.860337349930106
2386,46.1,27.874453450019057
2387,46.1,27.931977524737704
2388,46.1,27.935933900187287
2389,46.1,27.94938093580626
2390,46.1,27.94938093580626
2391,46.1,28.020761993160185
2392,46.1,28.249380935806272
2393,46.1,28.249380935806272
2394,46.1,28.249380935806272
2395,46.1,28.274453450019056
2396,46.1,28.274453450019056
2397,46.1,28.33197752473771
2398,46.1,28.374453450019057
2399,46.1,28.37828220045414
2400,46.1,28.574453450019053
2401,46.1,28.587912087912084
2402,46.1,28.63487809324913
2403,46.1,28.674453450019055
2404,46.1,28.674453450019055
2405,46.1,28.731977524737708
2406,46.1,28.83197752473771
2407,46.1,28.846491969568895
2408,46.1,28.849380935806266
2409,46.1,28.849380935806266
2410,46.1,28.849380935806266
2411,46.1,28.874453450019057
2412,46.1,28.94938093580626
2413,46.1,28.94938093580626
2414,46.1,28.974453450019052
2415,46.1,29.031977524737705
2416,46.1,29.234878093249133
2417,46.1,29.374453450019057
2418,46.1,29.38791208791209
2419,46.1,29.44938093580626
2420,46.1,29.44938093580626
2421,46.1,29.44938093580626
2422,46.1,29.47445345001906
2423,46.1,29.47445345001906
2424,46.1,29.47445345001906
2425,46.1,29.574453450019053
2426,46.1,29.574453450019053
2427,46.1,29.631977524737707
2428,46.1,29.649380935806263
2429,46.1,29.649380935806263
2430,46.1,29.749380935806258
2431,46.1,29.774453450019056
2432,46.1,29.849380935806266
2433,46.1,29.849380935806266
2434,46.1,29.849380935806266
2435,46.1,29.849380935806266
2436,46.1,29.974453450019052
2437,46.1,30.008888999386734
2438,46.1,30.04938093580627
2439,46.1,30.04938093580627
2440,46.1,30.074453450019053
2441,46.1,30.17445345001906
2442,46.1,30.177098768501487
2443,46.1,30.187912087912093
2444,46.1,30.274453450019056
2445,46.1,30.53487809324913
2446,46.1,30.674453450019055
2447,46.1,30.774453450019056
2448,46.1,30.774453450019056
2449,46.1,30.774453450019056
2450,46.1,30.834878093249134
2451,46.1,30.835933900187293
2452,46.1,30.974453450019052
2453,46.1,30.97445345001906
2454,46.1,30.98791208791209
2455,46.1,31.028415626605675
2456,46.1,31.049380935806255
2457,46.1,31.049380935806255
2458,46.1,31.049380935806255
2459,46.1,31.074453450019053
2460,46.1,31.174453450019055
2461,46.1,31.208888999386737
2462,46.1,31.374453450019057
2463,46.1,31.38791208791209
2464,46.1,31.44938093580626
2465,46.1,31.44938093580626
2466,46.1,31.674453450019055
2467,46.1,31.67445345001906
2468,46.1,31.687912087912085
2469,46.1,31.749380935806258
2470,46.1,31.749380935806272
2471,46.1,31.774453450019056
2472,46.1,31.849380935806266
2473,46.1,31.849380935806266
2474,46.1,31.849380935806266
2475,46.1,31.849380935806266
2476,46.1,31.849380935806266
2477,46.1,31.935933900187294
2478,46.1,31.987912087912083
2479,46.1,32.03197752473771
2480,46.1,32.03197752473771
2481,46.1,32.14938093580626
2482,46.1,32.14938093580626
2483,46.1,32.14938093580626
2484,46.1,32.14938093580626
2485,46.1,32.14938093580626
2486,46.1,32.14938093580626
2487,46.1,32.14938093580626
2488,46.1,32.19186846336167
2489,46.1,32.24938093580627
2490,46.1,32.24938093580627
2491,46.1,32.24938093580627
2492,46.1,32.24938093580627
2493,46.1,32.24938093580627
2494,50.5,32.474453450019055
2495,50.5,32.531977524737705
2496,50.5,32.64938093580626
2497,50.5,32.72181780009834
2498,50.5,32.7319775247377
2499,50.5,32.73593390018729
2500,50.5,32.766540699119886
2501,50.5,33.008888999386734
2502,50.5,33.03197752473771
2503,50.5,33.17445345001906
2504,50.5,33.187912087912096
2505,50.5,33.27445345001905
2506,50.5,33.27445345001905
2507,50.5,33.44938093580626
2508,50.5,33.44938093580626
2509,50.5,33.70506024895165
2510,50.5,33.74938093580626
2511,50.5,33.74938093580626
2512,50.5,33.77828220045414
2513,50.5,33.887912087912085
2514,50.5,33.98791208791208
2515,50.5,33.98791208791209
2516,50.5,34.049380935806255
2517,50.5,34.049380935806255
2518,50.5,34.108888999386735
2519,50.5,34.17445345001906
2520,50.5,34.17445345001906
2521,50.5,34.17445345001906
2522,50.5,34.17445345001906
2523,50.5,34.283031397963526
2524,50.5,34.28791208791209
2525,50.5,34.3319775247377
2526,50.5,34.37445345001905
2527,50.5,34.67828220045415
2528,50.5,34.73487809324914
2529,50.5,34.77445345001905
2530,50.5,34.77445345001905
2531,50.5,34.849380935806266
2532,50.5,34.849380935806266
2533,50.5,34.849380935806266
2534,50.5,34.849380935806266
2535,50.5,34.849380935806266
2536,50.5,34.849380935806266
2537,50.5,34.849380935806266
2538,50.5,34.887912087912085
2539,50.5,34.94938093580626
2540,50.5,34.94938093580626
2541,50.5,34.94938093580626
2542,50.5,34.94938093580626
2543,50.5,34.94938093580626
2544,50.5,34.96033734993011
2545,50.5,35.108888999386735
2546,50.5,35.24938093580627
2547,50.5,35.24938093580627
2548,50.5,35.24938093580627
2549,50.5,35.24938093580627
2550,50.5,35.24938093580627
2551,50.5,35.24938093580627
2552,51.1,35.24938093580627
2553,51.1,35.24938093580627
2554,51.1,35.27445345001905
2555,51.1,35.27445345001905
2556,51.1,35.40888899938673
2557,51.1,35.40888899938673
2558,51.1,35.40888899938673
2559,51.1,35.40888899938673
2560,51.1,35.48791208791209
2561,51.1,35.549380935806255
2562,51.1,35.549380935806255
2563,51.1,35.549380935806255
2564,51.1,35.57445345001905
2565,51.1,35.67445345001906
2566,51.1,35.73487809324914
2567,51.1,35.73487809324914
2568,51.1,35.73487809324914
2569,51.1,35.77445345001905
2570,51.1,35.77445345001905
2571,51.1,35.77445345001905
2572,51.1,35.78791208791209
2573,51.1,35.78791208791209
2574,51.1,35.8319775247377
2575,51.1,35.83487809324913
2576,51.1,35.83593390018729
2577,51.1,35.87445345001906
2578,51.1,35.87445345001906
2579,51.1,35.887912087912085
2580,51.1,35.974453450019055
2581,51.1,36.07445345001905
2582,51.1,36.108888999386735
2583,51.1,36.17445345001906
2584,51.1,36.17445345001906
2585,51.1,36.17445345001906
2586,51.1,36.24938093580627
2587,51.1,36.33593390018729
2588,51.1,36.37445345001906
2589,51.1,36.37445345001906
2590,51.1,36.387912087912085
2591,51.1,36.44938093580626
2592,51.1,36.44938093580626
2593,51.1,36.44938093580626
2594,51.1,36.44938093580626
2595,51.1,36.44938093580626
2596,51.1,36.44938093580626
2597,51.1,36.44938093580626
2598,51.1,36.61667412527141
2599,51.1,36.62076199316018
2600,51.1,36.64938093580626
2601,51.1,36.64938093580626
2602,51.1,36.64938093580626
2603,51.1,36.64938093580626
2604,51.1,36.64938093580626
2605,51.1,36.64938093580626
2606,51.1,36.64938093580626
2607,51.1,36.64938093580626
2608,51.1,36.64938093580626
2609,51.1,36.64938093580626
2610,51.1,36.849380935806266
2611,51.1,36.849380935806266
2612,51.1,36.849380935806266
2613,51.1,36.87445345001906
2614,51.1,37.034878093249134
2615,51.1,37.074453450019064
2616,51.1,37.074453450019064
2617,51.1,37.074453450019064
2618,51.1,37.074453450019064
2619,51.1,37.13197752473771
2620,51.1,37.27445345001905
2621,51.1,37.449380935806275
2622,51.1,37.449380935806275
2623,51.1,37.474453450019055
2624,51.1,37.474453450019055
2625,51.1,37.474453450019055
2626,51.1,37.474453450019055
2627,51.1,37.516801750285914
2628,51.1,37.57445345001905
2629,51.1,37.574453450019064
2630,51.1,37.574453450019064
2631,51.1,37.63197752473771
2632,51.1,37.64938093580628
2633,51.1,37.64938093580628
2634,51.1,37.64938093580628
2635,51.1,37.64938093580628
2636,51.1,37.68791208791208
2637,51.1,37.68791208791208
2638,51.1,37.687912087912096
2639,51.1,37.716047602472926
2640,51.1,37.74938093580626
2641,51.1,37.74938093580626
2642,51.1,37.74938093580626
2643,51.1,37.80888899938674
2644,51.1,37.974453450019055
2645,51.1,38.04938093580627
2646,51.1,38.04938093580627
2647,51.1,38.04938093580627
2648,51.1,38.13197752473771
2649,51.1,38.1464919695689
2650,51.1,38.14938093580626
2651,51.1,38.14938093580626
2652,51.1,38.14938093580626
2653,51.1,38.14938093580626
2654,51.1,38.14938093580626
2655,51.1,38.17445345001906
2656,51.1,38.17445345001906
2657,51.1,38.17445345001906
2658,51.1,38.17445345001906
2659,51.1,38.23197752473771
2660,51.1,38.24938093580627
2661,51.1,38.24938093580627
2662,51.1,38.24938093580627
2663,51.1,38.24938093580627
2664,51.1,38.24938093580627
2665,51.1,38.24938093580627
2666,51.1,38.24938093580627
2667,51.1,38.24938093580627
2668,51.1,38.27445345001905
2669,51.1,38.87445345001906
2670,51.1,38.87445345001906
2671,51.1,38.87445345001906
2672,51.1,38.931977524737704
2673,51.1,39.031977524737705
2674,51.1,39.03197752473771
2675,51.1,39.034878093249134
2676,51.1,39.049380935806255
2677,51.1,39.049380935806255
2678,51.1,39.049380935806255
2679,51.1,39.049380935806255
2680,51.1,39.04938093580627
2681,51.1,39.04938093580627
2682,51.1,39.04938093580627
2683,51.1,39.04938093580627
2684,51.1,39.04938093580627
2685,51.1,39.13197752473771
2686,51.1,39.18791208791208
2687,51.1,39.37445345001906
2688,51.1,39.431977524737704
2689,51.1,39.44938093580626
2690,51.1,39.44938093580626
2691,51.1,39.64938093580628
2692,51.1,39.716047602472926
2693,51.1,39.716047602472926
2694,51.1,39.760337349930104
2695,51.1,39.77445345001905
2696,51.1,39.77445345001905
2697,51.1,39.77445345001905
2698,51.1,39.77445345001905
2699,51.1,39.83197752473771
2700,51.1,39.849380935806266
2701,51.1,39.849380935806266
2702,51.1,39.849380935806266
2703,51.1,39.934878093249125
2704,51.1,39.94938093580626
2705,51.1,39.94938093580626
2706,51.1,39.94938093580626
2707,51.1,39.98303139796353
2708,51.1,40.031977524737705
2709,51.1,40.031977524737705
2710,51.1,40.07445345001905
2711,51.1,40.08896789485024
2712,51.1,40.13487809324913
2713,51.1,40.1464919695689
2714,51.1,40.17445345001906
2715,51.1,40.17445345001906
2716,51.1,40.23197752473771
2717,51.1,40.28791208791209
2718,51.1,40.37445345001906
2719,51.1,40.531977524737705
2720,51.1,40.53593390018729
2721,51.1,40.57445345001905
2722,51.1,40.57445345001905
2723,51.1,40.61604760247292
2724,51.1,40.61604760247292
2725,51.1,40.61604760247292
2726,51.1,40.73197752473771
2727,51.1,40.73197752473771
2728,51.1,40.74938093580626
2729,51.1,40.77445345001905
2730,51.1,40.77445345001905
2731,51.1,40.77445345001905
2732,51.1,40.79172923607311
2733,51.1,40.87445345001905
2734,51.1,40.87445345001905
2735,51.1,40.887912087912085
2736,51.1,41.01604760247292
2737,51.1,41.01604760247292
2738,51.1,41.01604760247292
2739,51.1,41.02076199316018
2740,51.1,41.04938093580627
2741,51.1,41.07445345001905
2742,51.1,41.14938093580628
2743,51.1,41.24938093580627
2744,58.300000000000004,41.31604760247292
2745,58.300000000000004,41.31604760247292
2746,58.300000000000004,41.63197752473771
2747,58.300000000000004,41.67445345001906
2748,58.300000000000004,41.67445345001906
2749,58.300000000000004,41.70888899938674
2750,58.300000000000004,41.81604760247292
2751,58.300000000000004,41.81604760247292
2752,58.300000000000004,41.83487809324913
2753,58.300000000000004,41.849380935806266
2754,58.300000000000004,41.887912087912085
2755,58.300000000000004,41.931977524737704
2756,58.300000000000004,41.96033734993011
2757,58.300000000000004,42.108888999386735
2758,58.300000000000004,42.14938093580628
2759,58.300000000000004,42.14938093580628
2760,58.300000000000004,42.216047602472926
2761,58.300000000000004,42.216047602472926
2762,58.300000000000004,42.216047602472926
2763,58.300000000000004,42.216047602472926
2764,58.300000000000004,42.216047602472926
2765,58.300000000000004,42.216047602472926
2766,58.300000000000004,42.23197752473771
2767,58.300000000000004,42.24938093580627
2768,58.300000000000004,42.24938093580627
2769,58.300000000000004,42.31604760247292
2770,58.300000000000004,42.31604760247292
2771,58.300000000000004,42.31604760247292
2772,58.300000000000004,42.31604760247292
2773,58.300000000000004,42.31604760247292
2774,58.300000000000004,42.31604760247292
2775,58.300000000000004,42.31604760247292
2776,58.300000000000004,42.31604760247292
2777,58.300000000000004,42.31604760247292
2778,58.300000000000004,42.31604760247292
2779,58.300000000000004,42.349380935806266
2780,58.300000000000004,42.349380935806266
2781,58.300000000000004,42.37445345001905
2782,58.300000000000004,42.434878093249125
2783,58.300000000000004,42.449380935806275
2784,58.300000000000004,42.474453450019055
2785,58.300000000000004,42.474453450019055
2786,58.300000000000004,42.63197752473771
2787,58.300000000000004,42.674453450019044
2788,58.300000000000004,42.674453450019044
2789,58.300000000000004,42.74938093580627
2790,58.300000000000004,42.74938093580627
2791,58.300000000000004,42.77445345001905
2792,58.300000000000004,42.77445345001905
2793,58.300000000000004,42.77445345001905
2794,58.300000000000004,42.849380935806266
2795,58.300000000000004,42.849380935806266
2796,58.300000000000004,42.90888899938673
2797,58.300000000000004,42.916047602472915
2798,58.300000000000004,42.931977524737704
2799,58.300000000000004,43.031977524737705
2800,58.300000000000004,43.08791208791209
2801,58.300000000000004,43.08791208791209
2802,58.300000000000004,43.11604760247292
2803,58.300000000000004,43.14938093580626
2804,58.300000000000004,43.14938093580626
2805,58.300000000000004,43.14938093580626
2806,58.300000000000004,43.23197752473771
2807,58.300000000000004,43.26086718711152
2808,58.300000000000004,43.28791208791209
2809,58.300000000000004,43.349380935806266
2810,58.300000000000004,43.416047602472915
2811,58.300000000000004,43.416047602472915
2812,58.300000000000004,43.416047602472915
2813,58.300000000000004,43.416047602472915
2814,58.300000000000004,43.416047602472915
2815,58.300000000000004,43.416047602472915
2816,58.300000000000004,43.416047602472915
2817,58.300000000000004,43.43487809324914
2818,58.300000000000004,43.48791208791209
2819,58.300000000000004,43.58791208791209
2820,58.300000000000004,43.58791208791209
2821,58.300000000000004,43.58791208791209
2822,58.300000000000004,43.64938093580626
2823,58.300000000000004,43.64938093580626
2824,58.300000000000004,43.64938093580626
2825,58.300000000000004,43.64938093580626
2826,58.300000000000004,43.64938093580626
2827,58.300000000000004,43.64938093580626
2828,58.300000000000004,43.64938093580626
2829,58.300000000000004,43.68791208791208
2830,58.300000000000004,43.74938093580627
2831,58.300000000000004,43.74938093580627
2832,58.300000000000004,43.93487809324914
2833,58.300000000000004,43.974453450019055
2834,58.300000000000004,43.98791208791209
2835,58.300000000000004,44.031977524737705
2836,58.300000000000004,44.031977524737705
2837,58.300000000000004,44.049380935806255
2838,58.300000000000004,44.049380935806255
2839,58.300000000000004,44.049380935806255
2840,58.300000000000004,44.07445345001905
2841,58.300000000000004,44.07445345001905
2842,58.300000000000004,44.13593390018729
2843,58.300000000000004,44.14649196956889
2844,58.300000000000004,44.24938093580627
2845,58.300000000000004,44.27445345001905
2846,58.300000000000004,44.31604760247292
2847,58.300000000000004,44.31604760247292
2848,58.300000000000004,44.31604760247292
2849,58.300000000000004,44.31604760247292
2850,58.300000000000004,44.31604760247292
2851,58.300000000000004,44.31604760247292
2852,58.300000000000004,44.31604760247292
2853,58.300000000000004,44.32076199316018
2854,58.300000000000004,44.33487809324913
2855,58.300000000000004,44.33487809324913
2856,58.300000000000004,44.33487809324913
2857,58.300000000000004,44.37445345001905
2858,58.300000000000004,44.434878093249125
2859,58.300000000000004,44.64938093580628
2860,58.300000000000004,44.67445345001906
2861,58.300000000000004,44.67445345001906
2862,58.300000000000004,44.87445345001905
2863,58.300000000000004,44.931977524737704
2864,58.300000000000004,44.949380935806275
2865,58.300000000000004,45.12841562660567
2866,58.300000000000004,45.13197752473771
2867,58.300000000000004,45.174453450019044
2868,58.300000000000004,45.216047602472926
2869,58.300000000000004,45.216047602472926
2870,58.300000000000004,45.27445345001905
2871,58.300000000000004,45.37445345001906
2872,58.300000000000004,45.474453450019055
2873,58.300000000000004,45.474453450019055
2874,58.300000000000004,45.57445345001905
2875,58.300000000000004,45.57445345001905
2876,58.300000000000004,45.578282200454154
2877,58.300000000000004,45.64938093580628
2878,58.300000000000004,45.716047602472926
2879,58.300000000000004,45.716047602472926
2880,58.300000000000004,45.78791208791209
2881,58.300000000000004,46.01604760247292
2882,58.300000000000004,46.066540699119884
2883,58.300000000000004,46.07445345001905
2884,58.300000000000004,46.187912087912096
2885,58.300000000000004,46.187912087912096
2886,58.300000000000004,46.24938093580627
2887,58.300000000000004,46.24938093580627
2888,58.300000000000004,46.24938093580627
2889,58.300000000000004,46.24938093580627
2890,58.300000000000004,46.24938093580627
2891,58.300000000000004,46.24938093580627
2892,58.300000000000004,46.24938093580627
2893,58.300000000000004,46.37445345001906
2894,58.300000000000004,46.54649196956889
2895,58.300000000000004,46.61604760247292
2896,58.300000000000004,46.63487809324913
2897,58.300000000000004,46.63487809324913
2898,58.300000000000004,46.74938093580627
2899,58.300000000000004,46.74938093580627
2900,58.300000000000004,46.74938093580627
2901,58.300000000000004,46.74938093580627
2902,58.300000000000004,46.74938093580627
2903,58.300000000000004,46.78791208791209
2904,58.300000000000004,46.83197752473771
2905,58.300000000000004,46.83197752473771
2906,58.300000000000004,46.849380935806266
2907,58.300000000000004,46.849380935806266
2908,58.300000000000004,46.916047602472915
2909,58.300000000000004,46.974453450019055
2910,58.300000000000004,46.974453450019055
2911,58.300000000000004,46.98791208791209
2912,58.300000000000004,47.031977524737705
2913,58.300000000000004,47.034878093249134
2914,58.300000000000004,47.13197752473771
2915,58.300000000000004,47.24649196956889
2916,58.300000000000004,47.349380935806266
2917,58.300000000000004,47.349380935806266
2918,58.300000000000004,47.416047602472915
2919,58.300000000000004,47.434878093249125
2920,58.300000000000004,47.531977524737705
2921,58.300000000000004,47.57445345001905
2922,58.300000000000004,47.57445345001905
2923,58.300000000000004,47.608888999386735
2924,58.300000000000004,47.64938093580626
2925,58.300000000000004,47.64938093580626
2926,58.300000000000004,47.64938093580626
2927,58.300000000000004,47.64938093580626
2928,58.300000000000004,47.64938093580626
2929,58.300000000000004,47.64938093580626
2930,58.300000000000004,47.64938093580626
2931,58.300000000000004,47.64938093580626
2932,58.300000000000004,47.64938093580626
2933,58.300000000000004,47.65915005055276
2934,58.300000000000004,47.74938093580627
2935,58.300000000000004,47.83197752473771
2936,58.300000000000004,47.87445345001905
2937,58.300000000000004,47.974453450019055
2938,58.300000000000004,47.974453450019055
2939,58.300000000000004,47.98791208791209
2940,58.300000000000004,48.04938093580627
2941,58.300000000000004,48.04938093580627
2942,58.300000000000004,48.11604760247292
2943,58.300000000000004,48.11604760247292
2944,58.300000000000004,48.11604760247292
2945,58.300000000000004,48.11604760247292
2946,58.300000000000004,48.11604760247292
2947,58.300000000000004,48.11604760247292
2948,58.300000000000004,48.11604760247292
2949,58.300000000000004,48.11604760247292
2950,58.300000000000004,48.14938093580628
2951,58.300000000000004,48.14938093580628
2952,58.300000000000004,48.14938093580628
2953,58.300000000000004,48.17445345001906
2954,58.300000000000004,48.17445345001906
2955,58.300000000000004,48.17445345001906
2956,58.300000000000004,48.216047602472926
2957,58.300000000000004,48.365484892181726
2958,58.300000000000004,48.387912087912085
2959,58.300000000000004,48.449380935806275
2960,58.300000000000004,48.449380935806275
2961,58.300000000000004,48.51604760247292
2962,58.300000000000004,48.74938093580627
2963,58.300000000000004,48.74938093580627
2964,58.300000000000004,48.81604760247292
2965,58.300000000000004,48.83197752473771
2966,58.300000000000004,48.84490245802462
2967,58.300000000000004,48.931977524737704
2968,58.300000000000004,48.949380935806275
2969,58.300000000000004,49.049380935806255
2970,58.300000000000004,49.049380935806255
2971,58.300000000000004,49.049380935806255
2972,58.300000000000004,49.049380935806255
2973,58.300000000000004,49.04938093580627
2974,58.300000000000004,49.04938093580627
2975,58.300000000000004,49.04938093580627
2976,58.300000000000004,49.04938093580627
2977,58.300000000000004,49.04938093580627
2978,58.300000000000004,49.187912087912096
2979,58.300000000000004,49.33487809324913
2980,58.300000000000004,49.43197752473771
2981,58.300000000000004,49.44938093580626
2982,58.300000000000004,49.44938093580626
2983,58.300000000000004,49.44938093580626
2984,58.300000000000004,49.44938093580626
2985,58.300000000000004,49.44938093580626
2986,58.300000000000004,49.44938093580626
2987,58.300000000000004,49.57445345001905
2988,58.300000000000004,49.57445345001905
2989,58.300000000000004,49.61604760247292
2990,58.300000000000004,49.63487809324913
2991,58.300000000000004,49.67445345001906
2992,58.300000000000004,49.67445345001906
2993,58.300000000000004,49.849380935806266
2994,58.300000000000004,49.849380935806266
2995,58.300000000000004,49.849380935806266
2996,58.300000000000004,49.849380935806266
2997,58.300000000000004,49.849380935806266
2998,58.300000000000004,49.87445345001906
2999,58.300000000000004,50.04938093580627
3000,58.300000000000004,50.11604760247292
3001,58.300000000000004,50.11604760247292
3002,58.300000000000004,50.11604760247292
3003,58.300000000000004,50.11604760247292
3004,58.300000000000004,50.11604760247292
3005,58.300000000000004,50.11604760247292
3006,58.300000000000004,50.11604760247292
3007,58.300000000000004,50.11604760247292
3008,58.300000000000004,50.11604760247292
3009,58.300000000000004,50.11604760247292
3010,58.300000000000004,50.11604760247292
3011,58.300000000000004,50.24938093580627
3012,58.300000000000004,50.24938093580627
3013,58.300000000000004,50.24938093580627
3014,58.300000000000004,50.24938093580627
3015,58.300000000000004,50.27445345001905
3016,58.300000000000004,50.27445345001905
3017,58.300000000000004,50.27445345001905
3018,58.300000000000004,50.28791208791209
3019,58.300000000000004,50.31604760247292
3020,58.300000000000004,50.31604760247292
3021,58.300000000000004,50.37445345001906
3022,58.300000000000004,50.37445345001906
3023,58.300000000000004,50.387912087912085
3024,58.300000000000004,50.39172923607312
3025,58.300000000000004,50.41604760247293
3026,58.300000000000004,50.41604760247293
3027,58.300000000000004,50.45839590273978
3028,58.300000000000004,50.608888999386735
3029,58.300000000000004,50.63593390018728
3030,58.300000000000004,50.66654069911989
3031,58.300000000000004,50.687912087912096
3032,58.300000000000004,50.73593390018729
3033,58.300000000000004,50.94938093580626
3034,58.300000000000004,50.94938093580626
3035,58.300000000000004,51.00888899938674
3036,58.300000000000004,51.031977524737705
3037,58.300000000000004,51.13487809324913
3038,58.300000000000004,51.18791208791208
3039,58.300000000000004,51.23197752473771
3040,58.300000000000004,51.24938093580627
3041,58.300000000000004,51.449380935806275
3042,58.300000000000004,51.57445345001905
3043,58.300000000000004,51.57445345001905
3044,58.300000000000004,51.57445345001905
3045,58.300000000000004,51.58791208791209
3046,58.300000000000004,51.63197752473771
3047,58.300000000000004,51.63197752473771
3048,58.300000000000004,51.68303139796352
3049,58.300000000000004,51.74938093580627
3050,58.300000000000004,51.74938093580627
3051,58.300000000000004,51.74938093580627
3052,58.300000000000004,51.74938093580627
3053,58.300000000000004,51.74938093580627
3054,58.300000000000004,51.78791208791209
3055,58.300000000000004,51.791729236073124
3056,58.300000000000004,51.80888899938674
3057,58.300000000000004,51.87445345001905
3058,58.300000000000004,51.87445345001905
3059,58.300000000000004,51.91604760247293
3060,58.300000000000004,51.91604760247293
3061,58.300000000000004,51.91604760247293
3062,58.300000000000004,51.91604760247293
3063,58.300000000000004,51.91604760247293
3064,58.300000000000004,51.91604760247293
3065,58.300000000000004,51.91604760247293
3066,58.300000000000004,51.91604760247293
3067,58.300000000000004,51.949380935806275
3068,58.300000000000004,51.949380935806275
3069,58.300000000000004,51.949380935806275
3070,58.300000000000004,51.95839590273978
3071,58.300000000000004,52.03487809324912
3072,58.300000000000004,52.08791208791209
3073,58.300000000000004,52.13197752473771
3074,58.300000000000004,52.23487809324914
3075,58.300000000000004,52.716047602472926
3076,58.300000000000004,52.7319775247377
3077,58.300000000000004,52.849380935806266
3078,58.300000000000004,52.849380935806266
3079,58.300000000000004,52.849380935806266
3080,58.300000000000004,52.91604760247293
3081,58.300000000000004,52.91604760247293
3082,61.5,52.931977524737704
3083,61.5,52.974453450019055
3084,61.5,53.04938093580627
3085,61.5,53.04938093580627
3086,61.5,53.108888999386735
3087,61.5,53.11604760247292
3088,61.5,53.33197752473771
3089,61.5,53.74938093580627
3090,61.5,53.74938093580627
3091,61.5,53.74938093580627
3092,61.5,53.74938093580627
3093,61.5,53.74938093580627
3094,61.5,53.74938093580627
3095,61.5,53.78791208791209
3096,61.5,53.78791208791209
3097,61.5,53.90888899938673
3098,61.5,53.90888899938673
3099,61.5,53.98791208791209
3100,61.5,54.04938093580627
3101,61.5,54.04938093580627
3102,61.5,54.04938093580627
3103,61.5,54.11604760247292
3104,61.5,54.11604760247292
3105,61.5,54.11604760247292
3106,61.5,54.11604760247292
3107,61.5,54.11604760247292
3108,61.5,54.11604760247292
3109,61.5,54.11604760247292
3110,61.5,54.208888999386744
3111,61.5,54.44938093580626
3112,61.5,54.44938093580626
3113,61.5,54.44938093580626
3114,61.5,54.44938093580626
3115,61.5,54.44938093580626
3116,61.5,54.44938093580626
3117,61.5,54.44938093580626
3118,61.5,54.44938093580626
3119,61.5,54.44938093580626
3120,61.5,54.44938093580626
3121,61.5,54.51604760247292
3122,61.5,54.51604760247292
3123,61.5,54.51604760247292
3124,61.5,54.51604760247292
3125,61.5,54.51604760247292
3126,61.5,54.51604760247292
3127,61.5,54.51604760247292
3128,61.5,54.51604760247292
3129,61.5,54.51604760247292
3130,61.5,54.51604760247292
3131,61.5,54.51604760247292
3132,61.5,54.51604760247292
3133,61.5,54.51604760247292
3134,61.5,54.549380935806255
3135,61.5,54.731977524737715
3136,61.5,54.74938093580627
3137,61.5,54.74938093580627
3138,61.5,54.77445345001905
3139,61.5,54.81604760247292
3140,61.5,54.81604760247292
3141,61.5,54.849380935806266
3142,61.5,54.849380935806266
3143,61.5,54.849380935806266
3144,61.5,54.849380935806266
3145,61.5,54.935933900187294
3146,61.5,54.946491969568896
3147,61.5,54.974453450019055
3148,61.5,55.03197752473771
3149,61.5,55.64112011668571
3150,61.5,55.841120116685715
3151,61.5,55.87709876850149
3152,61.5,55.960867187111525
3153,61.5,56.00888899938674
3154,61.5,56.03487809324912
3155,61.5,56.12181780009835
3156,61.5,56.17445345001906
3157,61.5,56.24938093580627
3158,61.5,56.24938093580627
3159,61.5,56.24938093580627
3160,61.5,56.24938093580627
3161,61.5,56.28791208791209
3162,61.5,56.33197752473771
3163,61.5,56.33197752473771
3164,61.5,56.349380935806266
3165,61.5,56.37445345001906
3166,61.5,56.41604760247293
3167,61.5,56.41604760247293
3168,61.5,56.41604760247293
3169,61.5,56.449380935806275
3170,61.5,56.51604760247292
3171,61.5,56.51604760247292
3172,61.5,56.51604760247292
3173,61.5,56.534878093249134
3174,61.5,56.73487809324912
3175,61.5,57.0319775247377
3176,61.5,57.04938093580627
3177,61.5,57.04938093580627
3178,61.5,57.04938093580627
3179,61.5,57.04938093580627
3180,61.5,57.04938093580627
3181,61.5,57.11604760247292
3182,61.5,57.11604760247292
3183,61.5,57.11604760247292
3184,61.5,57.11604760247292
3185,61.5,57.11604760247292
3186,61.5,57.11604760247292
3187,61.5,57.11604760247292
3188,61.5,57.11604760247292
3189,61.5,57.11604760247292
3190,61.5,57.11604760247292
3191,61.5,57.11604760247292
3192,61.5,57.11604760247292
3193,61.5,57.11604760247292
3194,61.5,57.11604760247292
3195,61.5,57.11604760247292
3196,61.5,57.11604760247292
3197,61.5,57.11604760247292
3198,61.5,57.13487809324913
3199,61.5,57.15839590273977
3200,61.5,57.17445345001906
3201,61.5,57.17445345001906
3202,61.5,57.17445345001906
3203,61.5,57.17445345001906
3204,61.5,57.17445345001906
3205,61.5,57.17445345001906
3206,61.5,57.231977524737715
3207,61.5,57.48791208791209
3208,61.5,57.57445345001905
3209,61.5,57.57445345001905
3210,61.5,57.63487809324913
3211,61.5,57.77445345001907
3212,61.5,57.77445345001907
3213,61.5,57.835933900187285
3214,61.5,57.841120116685715
3215,61.5,57.90888899938673
3216,61.5,57.974453450019055
3217,61.5,57.974453450019055
3218,61.5,58.074453450019064
3219,77.80000000000001,58.73487809324912
3220,77.80000000000001,58.87445345001905
3221,77.80000000000001,58.87445345001905
3222,77.80000000000001,58.87445345001905
3223,77.80000000000001,58.87445345001906
3224,77.80000000000001,58.94938093580626
3225,77.80000000000001,58.94938093580626
3226,77.80000000000001,58.94938093580626
3227,77.80000000000001,58.94938093580626
3228,77.80000000000001,58.94938093580626
3229,77.80000000000001,58.94938093580626
3230,77.80000000000001,58.94938093580626
3231,77.80000000000001,58.94938093580626
3232,77.80000000000001,58.94938093580626
3233,77.80000000000001,58.94938093580626
3234,77.80000000000001,58.94938093580626
3235,77.80000000000001,58.94938093580626
3236,77.80000000000001,58.94938093580626
3237,77.80000000000001,58.94938093580626
3238,77.80000000000001,58.94938093580626
3239,77.80000000000001,59.14112011668571
3240,77.80000000000001,59.14112011668571
3241,77.80000000000001,59.14112011668571
3242,77.80000000000001,59.159150050552775
3243,77.80000000000001,59.37445345001906
3244,77.80000000000001,59.3879120879121
3245,77.80000000000001,59.431977524737704
3246,77.80000000000001,59.449380935806275
3247,77.80000000000001,59.449380935806275
3248,77.80000000000001,59.51604760247292
3249,77.80000000000001,59.51604760247292
3250,77.80000000000001,59.51604760247292
3251,77.80000000000001,59.51604760247292
3252,77.80000000000001,59.51604760247292
3253,77.80000000000001,59.51604760247292
3254,77.80000000000001,59.51604760247292
3255,77.80000000000001,59.51604760247292
3256,77.80000000000001,59.51604760247292
3257,77.80000000000001,59.51604760247292
3258,77.80000000000001,59.51604760247292
3259,77.80000000000001,59.51604760247292
3260,77.80000000000001,59.51604760247292
3261,77.80000000000001,59.51604760247292
3262,77.80000000000001,59.51604760247292
3263,77.80000000000001,59.51604760247292
3264,77.80000000000001,59.51604760247292
3265,77.80000000000001,59.51604760247292
3266,77.80000000000001,59.51604760247292
3267,77.80000000000001,59.51604760247292
3268,77.80000000000001,59.51604760247292
3269,77.80000000000001,59.51604760247292
3270,77.80000000000001,59.51604760247292
3271,77.80000000000001,59.51604760247292
3272,77.80000000000001,59.549380935806255
3273,77.80000000000001,59.549380935806255
3274,77.80000000000001,59.63197752473771
3275,77.80000000000001,59.64938093580628
3276,77.80000000000001,59.64938093580628
3277,77.80000000000001,59.70888899938673
3278,77.80000000000001,59.716047602472926
3279,77.80000000000001,59.716047602472926
3280,77.80000000000001,59.716047602472926
3281,77.80000000000001,59.7319775247377
3282,77.80000000000001,59.835933900187285
3283,77.80000000000001,59.974453450019055
3284,77.80000000000001,60.27445345001907
3285,77.80000000000001,60.32700401659677
3286,77.80000000000001,60.341120116685715
3287,77.80000000000001,60.44112011668571
3288,77.80000000000001,60.44112011668571
3289,77.80000000000001,60.44112011668571
3290,77.80000000000001,60.44112011668571
3291,77.80000000000001,60.474453450019055
3292,77.80000000000001,60.52581671721942
3293,77.80000000000001,60.58791208791209
3294,77.80000000000001,60.78791208791209
3295,77.80000000000001,60.78791208791209
3296,77.80000000000001,60.78791208791209
3297,77.80000000000001,60.78791208791209
3298,77.80000000000001,60.87445345001906
3299,77.80000000000001,60.90888899938673
3300,77.80000000000001,60.90888899938673
3301,77.80000000000001,61.24112011668571
3302,77.80000000000001,61.24938093580627
3303,77.80000000000001,61.24938093580627
3304,77.80000000000001,61.24938093580627
3305,77.80000000000001,61.24938093580627
3306,77.80000000000001,61.24938093580627
3307,77.80000000000001,61.24938093580627
3308,77.80000000000001,61.24938093580627
3309,77.80000000000001,61.31604760247292
3310,77.80000000000001,61.31604760247292
3311,77.80000000000001,61.53197752473771
3312,77.80000000000001,61.541120116685704
3313,77.80000000000001,61.541120116685704
3314,77.86666666666666,61.64938093580628
3315,77.86666666666666,61.64938093580628
3316,77.86666666666666,61.64938093580628
3317,77.86666666666666,61.64938093580628
3318,77.86666666666666,61.64938093580628
3319,77.86666666666666,61.64938093580628
3320,77.86666666666666,61.64938093580628
3321,77.86666666666666,61.64938093580628
3322,77.86666666666666,61.64938093580628
3323,77.86666666666666,61.64938093580628
3324,77.86666666666666,61.64938093580628
3325,77.86666666666666,61.64938093580628
3326,77.86666666666666,61.64938093580628
3327,77.86666666666666,61.77445345001905
3328,77.86666666666666,61.77445345001905
3329,77.86666666666666,61.81680175028591
3330,77.86666666666666,61.83197752473771
3331,77.86666666666666,61.87445345001906
3332,77.86666666666666,62.04938093580627
3333,77.86666666666666,62.04938093580627
3334,77.86666666666666,62.04938093580627
3335,77.86666666666666,62.04938093580627
3336,77.86666666666666,62.04938093580627
3337,77.86666666666666,62.04938093580627
3338,77.86666666666666,62.04938093580627
3339,77.86666666666666,62.04938093580627
3340,77.86666666666666,62.04938093580627
3341,77.86666666666666,62.04938093580627
3342,77.86666666666666,62.04938093580627
3343,77.86666666666666,62.04938093580627
3344,77.86666666666666,62.04938093580627
3345,77.86666666666666,62.04938093580627
3346,77.86666666666666,62.04938093580627
3347,77.86666666666666,62.04938093580627
3348,77.86666666666666,62.04938093580627
3349,77.86666666666666,62.04938093580627
3350,77.86666666666666,62.11604760247292
3351,77.86666666666666,62.11604760247292
3352,77.86666666666666,62.11604760247292
3353,77.86666666666666,62.11604760247292
3354,77.86666666666666,62.174453450019044
3355,77.86666666666666,62.231977524737715
3356,77.86666666666666,62.44112011668571
3357,77.86666666666666,62.44112011668571
3358,77.86666666666666,62.449380935806275
3359,77.86666666666666,62.449380935806275
3360,77.86666666666666,62.449380935806275
3361,77.86666666666666,62.51604760247292
3362,77.86666666666666,62.63487809324914
3363,77.86666666666666,62.70154475991579
3364,77.86666666666666,62.77445345001907
3365,77.86666666666666,62.849380935806266
3366,77.86666666666666,62.849380935806266
3367,77.86666666666666,62.849380935806266
3368,77.86666666666666,62.91604760247293
3369,77.86666666666666,63.18791208791208
3370,77.86666666666666,63.27445345001907
3371,77.86666666666666,63.787912087912105
3372,77.86666666666666,63.949380935806275
3373,77.86666666666666,63.949380935806275
3374,77.86666666666666,63.949380935806275
3375,77.86666666666666,63.949380935806275
3376,77.86666666666666,64.01604760247292
3377,77.86666666666666,64.01604760247292
3378,77.86666666666666,64.01604760247292
3379,77.86666666666666,64.01604760247292
3380,77.86666666666666,64.01604760247292
3381,77.86666666666666,64.01604760247292
3382,77.86666666666666,64.01604760247292
3383,77.86666666666666,64.01604760247292
3384,77.86666666666666,64.01604760247292
3385,77.86666666666666,64.01604760247292
3386,77.86666666666666,64.01604760247292
3387,77.86666666666666,64.01604760247292
3388,77.86666666666666,64.01604760247292
3389,77.86666666666666,64.01604760247292
3390,77.86666666666666,64.01604760247292
3391,77.86666666666666,64.01604760247292
3392,77.86666666666666,64.01604760247292
3393,77.86666666666666,64.01604760247292
3394,77.86666666666666,64.01604760247292
3395,77.86666666666666,64.01604760247292
3396,77.86666666666666,64.01604760247292
3397,77.86666666666666,64.01604760247292
3398,77.86666666666666,64.01604760247292
3399,77.86666666666666,64.03487809324912
3400,77.86666666666666,64.07445345001906
3401,77.86666666666666,64.08791208791209
3402,77.86666666666666,64.23593390018729
3403,77.86666666666666,64.37445345001906
3404,77.86666666666666,64.37445345001906
3405,77.86666666666666,64.37445345001906
3406,77.86666666666666,64.37445345001906
3407,77.86666666666666,64.37445345001906
3408,77.86666666666666,64.37445345001906
3409,77.86666666666666,64.87445345001906
3410,77.86666666666666,64.87445345001906
3411,77.86666666666666,64.87445345001906
3412,77.86666666666666,65.0879120879121
3413,77.86666666666666,65.15457875457875
3414,77.86666666666666,65.17445345001906
3415,77.86666666666666,65.25915005055276
3416,77.86666666666666,65.5319775247377
3417,77.86666666666666,65.54938093580625
3418,77.86666666666666,65.54938093580625
3419,77.86666666666666,65.54938093580625
3420,77.86666666666666,65.54938093580625
3421,77.86666666666666,65.54938093580625
3422,77.86666666666666,65.54938093580625
3423,77.86666666666666,65.54938093580625
3424,77.86666666666666,65.54938093580625
3425,77.86666666666666,65.72076199316018
3426,77.86666666666666,65.73487809324912
3427,77.86666666666666,65.77445345001905
3428,77.86666666666666,65.87445345001906
3429,77.86666666666666,65.9359339001873
3430,77.86666666666666,66.17445345001906
3431,77.86666666666666,66.17445345001906
3432,77.86666666666666,66.23487809324914
3433,77.86666666666666,66.2411201166857
3434,77.86666666666666,66.2411201166857
3435,77.86666666666666,66.2411201166857
3436,77.86666666666666,66.3879120879121
3437,77.86666666666666,66.45457875457875
3438,77.86666666666666,66.64938093580628
3439,77.86666666666666,66.64938093580628
3440,77.86666666666666,66.64938093580628
3441,77.86666666666666,66.64938093580628
3442,77.86666666666666,66.64938093580628
3443,77.86666666666666,66.64938093580628
3444,77.86666666666666,66.64938093580628
3445,77.86666666666666,66.65457875457875
3446,77.86666666666666,66.71604760247293
3447,77.86666666666666,66.71604760247293
3448,77.86666666666666,66.71604760247293
3449,77.86666666666666,66.71604760247293
3450,77.86666666666666,66.74938093580627
3451,77.86666666666666,66.74938093580627
3452,77.86666666666666,66.74938093580627
3453,77.86666666666666,66.74938093580627
3454,77.86666666666666,66.74938093580627
3455,77.86666666666666,66.74938093580627
3456,77.86666666666666,66.74938093580627
3457,77.86666666666666,66.74938093580627
3458,77.86666666666666,66.74938093580627
3459,77.86666666666666,66.74938093580627
3460,77.86666666666666,66.74938093580627
3461,77.86666666666666,66.74938093580627
3462,77.86666666666666,66.74938093580627
3463,77.86666666666666,66.74938093580627
3464,77.86666666666666,66.74938093580627
3465,77.86666666666666,66.87445345001906
3466,77.86666666666666,66.8879120879121
3467,77.86666666666666,66.94112011668571
3468,77.86666666666666,67.03215155884838
3469,77.86666666666666,67.07445345001906
3470,77.86666666666666,67.17445345001904
3471,77.86666666666666,67.17445345001906
3472,77.86666666666666,67.17445345001906
3473,77.86666666666666,67.24938093580627
3474,77.86666666666666,67.24938093580627
3475,77.86666666666666,67.31604760247292
3476,77.86666666666666,67.31604760247292
3477,77.86666666666666,67.31604760247292
3478,77.86666666666666,67.31604760247292
3479,77.86666666666666,67.31604760247292
3480,77.86666666666666,67.31604760247292
3481,77.86666666666666,67.31604760247292
3482,77.86666666666666,67.31604760247292
3483,77.86666666666666,67.31604760247292
3484,77.86666666666666,67.31604760247292
3485,77.86666666666666,67.31604760247292
3486,77.86666666666666,67.31604760247292
3487,77.86666666666666,67.31604760247292
3488,77.86666666666666,67.31604760247292
3489,77.86666666666666,67.31604760247292
3490,77.86666666666666,67.31604760247292
3491,77.86666666666666,67.31604760247292
3492,77.86666666666666,67.31604760247292
3493,77.86666666666666,67.31604760247292
3494,77.86666666666666,67.31604760247292
3495,77.86666666666666,67.31604760247292
3496,77.86666666666666,67.31604760247292
3497,77.86666666666666,67.31604760247292
3498,77.86666666666666,67.31604760247292
3499,77.86666666666666,67.31604760247292
3500,77.86666666666666,67.31604760247292
3501,77.86666666666666,67.31604760247292
3502,77.86666666666666,67.31604760247292
3503,77.86666666666666,67.31604760247292
3504,77.86666666666666,67.31604760247292
3505,77.86666666666666,67.31604760247292
3506,77.86666666666666,67.31604760247292
3507,77.86666666666666,67.31604760247292
3508,77.86666666666666,67.31604760247292
3509,77.86666666666666,67.31604760247292
3510,77.86666666666666,67.33487809324913
3511,77.86666666666666,67.57445345001905
3512,77.86666666666666,67.57445345001905
3513,77.86666666666666,67.57445345001905
3514,77.86666666666666,67.69864419140437
3515,77.86666666666666,67.69864419140437
3516,77.86666666666666,67.97445345001906
3517,77.86666666666666,68.1755556660534
3518,77.86666666666666,68.23197752473772
3519,77.86666666666666,68.2411201166857
3520,77.86666666666666,68.2411201166857
3521,77.86666666666666,68.30888899938674
3522,77.86666666666666,68.40260056685395
3523,77.86666666666666,68.45457875457875
3524,77.86666666666666,68.54112011668572
3525,77.86666666666666,68.72076199316018
3526,77.86666666666666,69.07445345001905
3527,77.86666666666666,69.0879120879121
3528,77.86666666666666,69.24938093580627
3529,77.86666666666666,69.24938093580627
3530,77.86666666666666,69.24938093580627
3531,77.86666666666666,69.24938093580627
3532,77.86666666666666,69.24938093580627
3533,77.86666666666666,69.24938093580627
3534,77.86666666666666,69.24938093580627
3535,77.86666666666666,69.24938093580627
3536,77.86666666666666,69.31604760247292
3537,77.86666666666666,69.31604760247292
3538,77.86666666666666,69.31604760247292
3539,77.86666666666666,69.37445345001906
3540,77.86666666666666,69.57445345001906
3541,77.86666666666666,69.63197752473772
3542,77.86666666666666,69.80506024895165
3543,77.86666666666666,69.87445345001906
3544,77.86666666666666,69.87445345001906
3545,77.86666666666666,69.97445345001906
3546,77.86666666666666,70.04112011668572
3547,77.86666666666666,70.04112011668572
3548,77.86666666666666,70.04112011668572
3549,77.86666666666666,70.04112011668572
3550,77.86666666666666,70.04112011668572
3551,77.86666666666666,70.04938093580628
3552,77.86666666666666,70.04938093580628
3553,77.86666666666666,70.04938093580628
3554,77.86666666666666,70.04938093580628
3555,77.86666666666666,70.04938093580628
3556,77.86666666666666,70.04938093580628
3557,77.86666666666666,70.11604760247292
3558,77.86666666666666,70.11604760247292
3559,77.86666666666666,70.11604760247292
3560,77.86666666666666,70.11604760247292
3561,77.86666666666666,70.11604760247292
3562,77.86666666666666,70.11604760247292
3563,77.86666666666666,70.11604760247292
3564,77.86666666666666,70.11604760247292
3565,77.86666666666666,70.11604760247292
3566,77.86666666666666,70.11604760247292
3567,77.86666666666666,70.11604760247292
3568,77.86666666666666,70.11604760247292
3569,77.86666666666666,70.11604760247292
3570,77.86666666666666,70.11604760247292
3571,77.86666666666666,70.11604760247292
3572,77.86666666666666,70.11604760247292
3573,77.86666666666666,70.11604760247292
3574,77.86666666666666,70.11604760247292
3575,77.86666666666666,70.11604760247292
3576,77.86666666666666,70.11604760247292
3577,77.86666666666666,70.11604760247292
3578,77.86666666666666,70.11604760247292
3579,77.86666666666666,70.11604760247292
3580,77.86666666666666,70.11604760247292
3581,77.86666666666666,70.11604760247292
3582,77.86666666666666,70.11604760247292
3583,77.86666666666666,70.11604760247292
3584,77.86666666666666,70.11604760247292
3585,77.86666666666666,70.11604760247292
3586,77.86666666666666,70.11604760247292
3587,77.86666666666666,70.11604760247292
3588,77.86666666666666,70.15839590273977
3589,77.86666666666666,70.15839590273977
3590,77.86666666666666,70.20154475991579
3591,77.86666666666666,70.34490245802462
3592,77.86666666666666,70.3879120879121
3593,77.86666666666666,70.53197752473771
3594,77.86666666666666,70.53197752473771
3595,77.86666666666666,70.54938093580625
3596,77.86666666666666,70.54938093580625
3597,77.86666666666666,70.54938093580625
3598,77.86666666666666,70.54938093580625
3599,77.86666666666666,70.54938093580625
3600,77.86666666666666,70.54938093580625
3601,77.86666666666666,70.54938093580625
3602,77.86666666666666,70.54938093580625
3603,77.86666666666666,70.54938093580625
3604,77.86666666666666,70.54938093580625
3605,77.86666666666666,70.54938093580625
3606,77.86666666666666,70.54938093580625
3607,77.86666666666666,70.54938093580625
3608,77.86666666666666,70.5917292360731
3609,77.86666666666666,70.59864419140436
3610,77.86666666666666,70.97445345001906
3611,77.86666666666666,70.97445345001906
3612,77.86666666666666,71.2411201166857
3613,77.86666666666666,71.43197752473772
3614,77.86666666666666,71.83197752473771
3615,77.86666666666666,71.87445345001906
3616,77.86666666666666,72.04938093580628
3617,77.86666666666666,72.11604760247292
3618,77.86666666666666,72.11604760247292
3619,77.86666666666666,72.11604760247292
3620,77.86666666666666,72.13197752473772
3621,77.86666666666666,72.13197752473772
3622,77.86666666666666,72.20888899938674
3623,77.86666666666666,72.2411201166857
3624,77.86666666666666,72.2411201166857
3625,77.86666666666666,72.2411201166857
3626,77.86666666666666,72.2411201166857
3627,77.86666666666666,72.2411201166857
3628,77.86666666666666,72.2411201166857
3629,77.86666666666666,72.2411201166857
3630,77.86666666666666,72.2411201166857
3631,77.86666666666666,72.2411201166857
3632,77.86666666666666,72.2411201166857
3633,77.86666666666666,72.2411201166857
3634,77.86666666666666,72.25457875457874
3635,77.86666666666666,72.25457875457874
3636,77.86666666666666,72.57445345001905
3637,77.86666666666666,72.57445345001906
3638,77.86666666666666,72.57445345001906
3639,77.86666666666666,72.64112011668571
3640,77.86666666666666,72.64112011668571
3641,77.86666666666666,72.64112011668571
3642,77.86666666666666,72.64112011668571
3643,77.86666666666666,72.64112011668571
3644,77.86666666666666,72.64112011668571
3645,77.86666666666666,72.64112011668571
3646,77.86666666666666,72.67445345001904
3647,77.86666666666666,72.67445345001904
3648,77.86666666666666,72.73197752473772
3649,77.86666666666666,72.87445345001906
3650,77.86666666666666,72.87445345001906
3651,77.86666666666666,72.97445345001906
3652,77.86666666666666,72.97445345001906
3653,77.86666666666666,72.97445345001906
3654,77.86666666666666,72.97445345001906
3655,77.86666666666666,73.00888899938674
3656,77.86666666666666,73.03197752473771
3657,77.86666666666666,73.03197752473771
3658,77.86666666666666,73.39864419140436
3659,77.86666666666666,73.6319775247377
3660,77.86666666666666,73.93487809324914
3661,77.86666666666666,74.00154475991579
3662,77.86666666666666,74.0319775247377
3663,77.86666666666666,74.03487809324912
3664,77.86666666666666,74.37445345001906
3665,77.86666666666666,74.37445345001906
3666,77.86666666666666,74.37445345001906
3667,77.86666666666666,75.08791208791209
3668,77.86666666666666,75.08791208791209
3669,77.86666666666666,75.10154475991578
3670,77.86666666666666,75.23487809324914
3671,77.86666666666666,75.2411201166857
3672,77.86666666666666,75.2411201166857
3673,77.86666666666666,75.2411201166857
3674,77.86666666666666,75.2411201166857
3675,77.86666666666666,75.2411201166857
3676,77.86666666666666,75.2411201166857
3677,77.86666666666666,75.40888899938673
3678,77.86666666666666,75.64490245802463
3679,77.86666666666666,75.70260056685395
3680,77.86666666666666,75.70822766976613
3681,77.86666666666666,76.05457875457876
3682,77.86666666666666,76.05457875457876
3683,77.86666666666666,76.73487809324914
3684,77.86666666666666,76.9015447599158
3685,77.86666666666666,76.9879120879121
3686,77.86666666666666,77.07445345001905
3687,77.86666666666666,77.07445345001905
3688,77.86666666666666,77.07445345001905
3689,77.86666666666666,77.07445345001905
3690,77.86666666666666,77.07445345001905
3691,77.86666666666666,77.64112011668571
3692,77.86666666666666,77.64112011668571
3693,77.86666666666666,77.64112011668571
3694,77.86666666666666,77.64112011668571
3695,77.86666666666666,77.67445345001904
3696,77.86666666666666,77.67445345001904
3697,77.86666666666666,77.70888899938674
3698,77.86666666666666,77.74938093580627
3699,77.86666666666666,77.74938093580627
3700,77.86666666666666,77.74938093580627
3701,77.86666666666666,77.74938093580627
3702,77.86666666666666,77.74938093580627
3703,77.86666666666666,77.74938093580627
3704,77.86666666666666,77.74938093580627
3705,77.86666666666666,77.74938093580627
3706,77.86666666666666,77.74938093580627
3707,77.86666666666666,77.74938093580627
3708,77.86666666666666,77.74938093580627
3709,77.86666666666666,77.74938093580627
3710,77.86666666666666,77.74938093580627
3711,77.86666666666666,77.74938093580627
3712,77.86666666666666,77.74938093580627
3713,77.86666666666666,77.74938093580627
3714,77.86666666666666,77.74938093580627
3715,77.86666666666666,77.74938093580627
3716,77.86666666666666,77.74938093580627
3717,77.86666666666666,77.74938093580627
3718,77.86666666666666,77.74938093580627
3719,77.86666666666666,77.74938093580627
3720,77.86666666666666,77.74938093580627
3721,77.86666666666666,77.74938093580627
3722,77.86666666666666,77.74938093580627
3723,77.86666666666666,77.74938093580627
3724,77.86666666666666,77.74938093580627
3725,77.86666666666666,77.83487809324913
3726,77.86666666666666,77.86666666666666
3727,77.86666666666666,77.86666666666666
3728,77.86666666666666,77.86666666666666
3729,77.86666666666666,77.86666666666666
3730,77.86666666666666,77.86666666666666
3731,77.86666666666666,77.86666666666666
3732,77.86666666666666,77.86666666666666
3733,77.86666666666666,77.86666666666666
3734,77.86666666666666,77.86666666666666
3735,77.86666666666666,77.86666666666666
3736,77.86666666666666,77.86666666666666
3737,77.86666666666666,77.86666666666666
3738,77.86666666666666,77.86666666666666
3739,77.86666666666666,77.86666666666666
3740,77.86666666666666,77.86666666666666
3741,77.86666666666666,77.86666666666666
3742,77.86666666666666,77.86666666666666
3743,77.86666666666666,77.86666666666666
3744,77.86666666666666,77.86666666666666
3745,77.86666666666666,77.86666666666666
3746,77.86666666666666,77.86666666666666
3747,77.86666666666666,77.86666666666666
3748,77.86666666666666,77.86666666666666
3749,77.86666666666666,77.86666666666666
3750,77.86666666666666,77.86666666666666
3751,77.86666666666666,77.86666666666666
3752,77.86666666666666,77.86666666666666
3753,77.86666666666666,77.86666666666666
3754,77.86666666666666,77.86666666666666
3755,77.86666666666666,77.86666666666666
3756,77.86666666666666,77.86666666666666
3757,77.86666666666666,77.86666666666666
3758,77.86666666666666,77.86666666666666
3759,77.86666666666666,77.86666666666666
3760,77.86666666666666,77.86666666666666
3761,77.86666666666666,77.86666666666666
3762,77.86666666666666,77.86666666666666
3763,77.86666666666666,77.86666666666666
3764,77.86666666666666,77.86666666666666
3765,77.86666666666666,77.86666666666666
3766,77.86666666666666,77.86666666666666
3767,77.86666666666666,77.86666666666666
3768,77.86666666666666,77.86666666666666
3769,77.86666666666666,77.86666666666666
3770,77.86666666666666,77.86666666666666
3771,77.86666666666666,77.86666666666666
3772,77.86666666666666,77.86666666666666
3773,77.86666666666666,77.86666666666666
3774,77.86666666666666,77.86666666666666
3775,77.86666666666666,77.86666666666666
3776,77.86666666666666,77.86666666666666
3777,77.86666666666666,77.86666666666666
3778,77.86666666666666,77.86666666666666
3779,77.86666666666666,77.86666666666666
3780,77.86666666666666,77.86666666666666
3781,77.86666666666666,77.86666666666666
3782,77.86666666666666,77.86666666666666
3783,77.86666666666666,77.86666666666666
3784,77.86666666666666,77.86666666666666
3785,77.86666666666666,77.86666666666666
3786,77.86666666666666,77.86666666666666
3787,77.86666666666666,77.86666666666666
3788,77.86666666666666,77.86666666666666
3789,77.86666666666666,77.86666666666666
3790,77.86666666666666,77.86666666666666
3791,77.86666666666666,77.86666666666666
3792,77.86666666666666,77.86666666666666
3793,77.86666666666666,77.86666666666666
3794,77.86666666666666,77.86666666666666
3795,77.86666666666666,77.86666666666666
3796,77.86666666666666,77.86666666666666
3797,77.86666666666666,77.86666666666666
3798,77.86666666666666,77.86666666666666
3799,77.86666666666666,77.86666666666666
3800,77.86666666666666,77.86666666666666
3801,77.86666666666666,77.86666666666666
3802,77.86666666666666,77.86666666666666
3803,77.86666666666666,77.86666666666666
3804,77.86666666666666,77.86666666666666
3805,77.86666666666666,77.86666666666666
3806,77.86666666666666,77.86666666666666
3807,77.86666666666666,77.86666666666666
3808,77.86666666666666,77.86666666666666
3809,77.86666666666666,77.86666666666666
3810,77.86666666666666,77.86666666666666
3811,77.86666666666666,77.86666666666666
3812,77.86666666666666,77.86666666666666
3813,77.86666666666666,77.86666666666666
3814,77.86666666666666,77.86666666666666
3815,77.86666666666666,77.86666666666666
3816,77.86666666666666,77.86666666666666
3817,77.86666666666666,77.86666666666666
3818,77.86666666666666,77.86666666666666
3819,77.86666666666666,77.86666666666666
3820,77.86666666666666,77.86666666666666
3821,77.86666666666666,77.86666666666666
3822,77.86666666666666,77.86666666666666
3823,77.86666666666666,77.86666666666666
3824,77.86666666666666,77.86666666666666
3825,77.86666666666666,77.86666666666666
3826,77.86666666666666,77.86666666666666
3827,77.86666666666666,77.86666666666666
3828,77.86666666666666,77.86666666666666
3829,77.86666666666666,77.86666666666666
3830,77.86666666666666,77.86666666666666
3831,77.86666666666666,77.86666666666666
3832,77.86666666666666,77.86666666666666
3833,77.86666666666666,77.86666666666666
3834,77.86666666666666,77.86666666666666
3835,77.86666666666666,77.86666666666666
3836,77.86666666666666,77.86666666666666
3837,77.86666666666666,77.86666666666666
3838,77.86666666666666,77.86666666666666
3839,77.86666666666666,77.86666666666666
3840,77.86666666666666,77.86666666666666
3841,77.86666666666666,77.86666666666666
3842,77.86666666666666,77.86666666666666
3843,77.86666666666666,77.86666666666666
3844,77.86666666666666,77.86666666666666
3845,77.86666666666666,77.86666666666666
3846,77.86666666666666,77.86666666666666
3847,77.86666666666666,77.86666666666666
3848,77.86666666666666,77.86666666666666
3849,77.86666666666666,77.86666666666666
3850,77.86666666666666,77.86666666666666
3851,77.86666666666666,77.86666666666666
3852,77.86666666666666,77.86666666666666
3853,77.86666666666666,77.86666666666666
3854,77.86666666666666,77.86666666666666
3855,77.86666666666666,77.86666666666666
3856,77.86666666666666,77.86666666666666
3857,77.86666666666666,77.86666666666666
3858,77.86666666666666,77.86666666666666
3859,77.86666666666666,77.86666666666666
3860,77.86666666666666,77.86666666666666
3861,77.86666666666666,77.86666666666666
3862,77.86666666666666,77.86666666666666
3863,77.86666666666666,77.86666666666666
3864,77.86666666666666,77.86666666666666
3865,77.86666666666666,77.86666666666666
3866,77.86666666666666,77.86666666666666
3867,77.86666666666666,77.86666666666666
3868,77.86666666666666,77.86666666666666
3869,77.86666666666666,77.86666666666666
3870,77.86666666666666,77.86666666666666
3871,77.86666666666666,77.86666666666666
3872,77.86666666666666,77.86666666666666
3873,77.86666666666666,77.86666666666666
3874,77.86666666666666,77.86666666666666
3875,77.86666666666666,77.86666666666666
3876,77.86666666666666,77.86666666666666
3877,77.86666666666666,77.86666666666666
3878,77.86666666666666,77.86666666666666
3879,77.86666666666666,77.86666666666666
3880,77.86666666666666,77.86666666666666
3881,77.86666666666666,77.86666666666666
3882,77.86666666666666,77.86666666666666
3883,77.86666666666666,77.86666666666666
3884,77.86666666666666,77.86666666666666
3885,77.86666666666666,77.86666666666666
3886,77.86666666666666,77.86666666666666
3887,77.86666666666666,77.86666666666666
3888,77.86666666666666,77.86666666666666
3889,77.86666666666666,77.86666666666666
3890,77.86666666666666,77.86666666666666
3891,77.86666666666666,77.86666666666666
3892,77.86666666666666,77.86666666666666
3893,77.86666666666666,77.86666666666666
3894,77.86666666666666,77.86666666666666
3895,77.86666666666666,77.86666666666666
3896,77.86666666666666,77.86666666666666
3897,77.86666666666666,77.86666666666666
3898,77.86666666666666,77.86666666666666
3899,77.86666666666666,77.86666666666666
3900,77.86666666666666,77.86666666666666
3901,77.86666666666666,77.86666666666666
3902,77.86666666666666,77.86666666666666
3903,77.86666666666666,77.86666666666666
3904,77.86666666666666,77.86666666666666
3905,77.86666666666666,77.86666666666666
3906,77.86666666666666,77.86666666666666
3907,77.86666666666666,77.86666666666666
3908,77.86666666666666,77.86666666666666
3909,77.86666666666666,77.86666666666666
3910,77.86666666666666,77.86666666666666
3911,77.86666666666666,77.86666666666666
3912,77.86666666666666,77.86666666666666
3913,77.86666666666666,77.86666666666666
3914,77.86666666666666,77.86666666666666
3915,77.86666666666666,77.86666666666666
3916,77.86666666666666,77.86666666666666
3917,77.86666666666666,77.86666666666666
3918,77.86666666666666,77.86666666666666
3919,77.86666666666666,77.86666666666666
3920,77.86666666666666,77.86666666666666
3921,77.86666666666666,77.86666666666666
3922,77.86666666666666,77.86666666666666
3923,77.86666666666666,77.86666666666666
3924,77.86666666666666,77.86666666666666
3925,77.86666666666666,77.86666666666666
3926,77.86666666666666,77.86666666666666
3927,77.86666666666666,77.86666666666666
3928,77.86666666666666,77.86666666666666
3929,77.86666666666666,77.86666666666666
3930,77.86666666666666,77.86666666666666
3931,77.86666666666666,77.86666666666666
3932,77.86666666666666,77.86666666666666
3933,77.86666666666666,77.86666666666666
3934,77.86666666666666,77.86666666666666
3935,77.86666666666666,77.86666666666666
3936,77.86666666666666,77.86666666666666
3937,77.86666666666666,77.86666666666666
3938,77.86666666666666,77.86666666666666
3939,77.86666666666666,77.86666666666666
3940,77.86666666666666,77.86666666666666
3941,77.86666666666666,77.86666666666666
3942,77.86666666666666,77.86666666666666
3943,77.86666666666666,77.86666666666666
3944,77.86666666666666,77.86666666666666
3945,77.86666666666666,77.86666666666666
3946,77.86666666666666,77.86666666666666
3947,77.86666666666666,77.86666666666666
3948,77.86666666666666,77.86666666666666
3949,77.86666666666666,77.86666666666666
3950,77.86666666666666,77.86666666666666
3951,77.86666666666666,77.86666666666666
3952,77.86666666666666,77.86666666666666
3953,77.86666666666666,77.86666666666666
3954,77.86666666666666,77.86666666666666
3955,77.86666666666666,77.86666666666666
3956,77.86666666666666,77.86666666666666
3957,77.86666666666666,77.86666666666666
3958,77.86666666666666,77.86666666666666
3959,77.86666666666666,77.86666666666666
3960,77.86666666666666,77.86666666666666
3961,77.86666666666666,77.86666666666666
3962,77.86666666666666,77.86666666666666
3963,77.86666666666666,77.86666666666666
3964,77.86666666666666,77.86666666666666
3965,77.86666666666666,77.86666666666666
3966,77.86666666666666,77.86666666666666
3967,77.86666666666666,77.86666666666666
3968,77.86666666666666,77.86666666666666
3969,77.86666666666666,77.86666666666666
3970,77.86666666666666,77.86666666666666
3971,77.86666666666666,77.86666666666666
3972,77.86666666666666,77.86666666666666
3973,77.86666666666666,77.86666666666666
3974,77.86666666666666,77.86666666666666
3975,77.86666666666666,77.86666666666666
3976,77.86666666666666,77.86666666666666
3977,77.86666666666666,77.86666666666666
3978,77.86666666666666,77.86666666666666
3979,77.86666666666666,77.86666666666666
3980,77.86666666666666,77.86666666666666
3981,77.86666666666666,77.86666666666666
3982,77.86666666666666,77.86666666666666
3983,77.86666666666666,77.86666666666666
3984,77.86666666666666,77.86666666666666
3985,77.86666666666666,77.86666666666666
3986,77.86666666666666,77.86666666666666
3987,77.86666666666666,77.86666666666666
3988,77.86666666666666,77.86666666666666
3989,77.86666666666666,77.86666666666666
3990,77.86666666666666,77.86666666666666
3991,77.86666666666666,77.86666666666666
3992,77.86666666666666,77.86666666666666
3993,77.86666666666666,77.86666666666666
3994,77.86666666666666,77.86666666666666
3995,77.86666666666666,77.86666666666666
3996,77.86666666666666,77.86666666666666
3997,77.86666666666666,77.86666666666666
3998,77.86666666666666,77.86666666666666
3999,77.86666666666666,77.86666666666666
4000,77.86666666666666,77.86666666666666
4001,77.86666666666666,77.86666666666666
4002,77.86666666666666,77.86666666666666
4003,77.86666666666666,77.86666666666666
4004,77.86666666666666,77.86666666666666
4005,77.86666666666666,77.86666666666666
4006,77.86666666666666,77.86666666666666
4007,77.86666666666666,77.86666666666666
4008,77.86666666666666,77.86666666666666
4009,77.86666666666666,77.86666666666666
4010,77.86666666666666,77.86666666666666
4011,77.86666666666666,77.86666666666666
4012,77.86666666666666,77.86666666666666
4013,77.86666666666666,77.86666666666666
4014,77.86666666666666,77.86666666666666
4015,77.86666666666666,77.86666666666666
4016,77.86666666666666,77.86666666666666
4017,77.86666666666666,77.86666666666666
4018,77.86666666666666,77.86666666666666
4019,77.86666666666666,77.86666666666666
4020,77.86666666666666,77.86666666666666
4021,77.86666666666666,77.86666666666666
4022,77.86666666666666,77.86666666666666
4023,77.86666666666666,77.86666666666666
4024,77.86666666666666,77.86666666666666
4025,77.86666666666666,77.86666666666666
4026,77.86666666666666,77.86666666666666
4027,77.86666666666666,77.86666666666666
4028,77.86666666666666,77.86666666666666
4029,77.86666666666666,77.86666666666666
4030,77.86666666666666,77.86666666666666
4031,77.86666666666666,77.86666666666666
4032,77.86666666666666,77.86666666666666
4033,77.86666666666666,77.86666666666666
4034,77.86666666666666,77.86666666666666
4035,77.86666666666666,77.86666666666666
4036,77.86666666666666,77.86666666666666
4037,77.86666666666666,77.86666666666666
4038,77.86666666666666,77.86666666666666
4039,77.86666666666666,77.86666666666666
4040,77.86666666666666,77.86666666666666
4041,77.86666666666666,77.86666666666666
4042,77.86666666666666,77.86666666666666
4043,77.86666666666666,77.86666666666666
4044,77.86666666666666,77.86666666666666
4045,77.86666666666666,77.86666666666666
4046,77.86666666666666,77.86666666666666
4047,77.86666666666666,77.86666666666666
4048,77.86666666666666,77.86666666666666
4049,77.86666666666666,77.86666666666666
4050,77.86666666666666,77.86666666666666
4051,77.86666666666666,77.86666666666666
4052,77.86666666666666,77.86666666666666
4053,77.86666666666666,77.86666666666666
4054,77.86666666666666,77.86666666666666
4055,77.86666666666666,77.86666666666666
4056,77.86666666666666,77.86666666666666
4057,77.86666666666666,77.86666666666666
4058,77.86666666666666,77.86666666666666
4059,77.86666666666666,77.86666666666666
4060,77.86666666666666,77.86666666666666
4061,77.86666666666666,77.86666666666666
4062,77.86666666666666,77.86666666666666
4063,77.86666666666666,77.86666666666666
4064,77.86666666666666,77.86666666666666
4065,77.86666666666666,77.86666666666666
4066,77.86666666666666,77.86666666666666
4067,77.86666666666666,77.86666666666666
4068,77.86666666666666,77.86666666666666
4069,77.86666666666666,77.86666666666666
4070,77.86666666666666,77.86666666666666
4071,77.86666666666666,77.86666666666666
4072,77.86666666666666,77.86666666666666
4073,77.86666666666666,77.86666666666666
4074,77.86666666666666,77.86666666666666
4075,77.86666666666666,77.86666666666666
4076,77.86666666666666,77.86666666666666
4077,77.86666666666666,77.86666666666666
4078,77.86666666666666,77.86666666666666
4079,77.86666666666666,77.86666666666666
4080,77.86666666666666,77.86666666666666
4081,77.86666666666666,77.86666666666666
4082,77.86666666666666,77.86666666666666
4083,77.86666666666666,77.86666666666666
4084,77.86666666666666,77.86666666666666
4085,77.86666666666666,77.86666666666666
4086,77.86666666666666,77.86666666666666
4087,77.86666666666666,77.86666666666666
4088,77.86666666666666,77.86666666666666
4089,77.86666666666666,77.86666666666666
4090,77.86666666666666,77.86666666666666
4091,77.86666666666666,77.86666666666666
4092,77.86666666666666,77.86666666666666
4093,77.86666666666666,77.86666666666666
4094,77.86666666666666,77.86666666666666
4095,77.86666666666666,77.86666666666666
4096,77.86666666666666,77.86666666666666
4097,77.86666666666666,77.86666666666666
4098,77.86666666666666,77.86666666666666
4099,77.86666666666666,77.86666666666666
4100,77.86666666666666,77.86666666666666
4101,77.86666666666666,77.86666666666666
4102,77.86666666666666,77.86666666666666
4103,77.86666666666666,77.86666666666666
4104,77.86666666666666,77.86666666666666
4105,77.86666666666666,77.86666666666666
4106,77.86666666666666,77.86666666666666
4107,77.86666666666666,77.86666666666666
4108,77.86666666666666,77.86666666666666
4109,77.86666666666666,77.86666666666666
4110,77.86666666666666,77.86666666666666
4111,77.86666666666666,77.86666666666666
4112,77.86666666666666,77.86666666666666
4113,77.86666666666666,77.86666666666666
4114,77.86666666666666,77.86666666666666
4115,77.86666666666666,77.86666666666666
4116,77.86666666666666,77.86666666666666
4117,77.86666666666666,77.86666666666666
4118,77.86666666666666,77.86666666666666
4119,77.86666666666666,77.86666666666666
4120,77.86666666666666,77.86666666666666
4121,77.86666666666666,77.86666666666666
4122,77.86666666666666,77.86666666666666
4123,77.86666666666666,77.86666666666666
4124,77.86666666666666,77.86666666666666
4125,77.86666666666666,77.86666666666666
4126,77.86666666666666,77.86666666666666
4127,77.86666666666666,77.86666666666666
4128,77.86666666666666,77.86666666666666
4129,77.86666666666666,77.86666666666666
4130,77.86666666666666,77.86666666666666
4131,77.86666666666666,77.86666666666666
4132,77.86666666666666,77.86666666666666
4133,77.86666666666666,77.86666666666666
4134,77.86666666666666,77.86666666666666
4135,77.86666666666666,77.86666666666666
4136,77.86666666666666,77.86666666666666
4137,77.86666666666666,77.86666666666666
4138,77.86666666666666,77.86666666666666
4139,77.86666666666666,77.86666666666666
4140,77.86666666666666,77.86666666666666
4141,77.86666666666666,77.86666666666666
4142,77.86666666666666,77.86666666666666
4143,77.86666666666666,77.86666666666666
4144,77.86666666666666,77.86666666666666
4145,77.86666666666666,77.86666666666666
4146,77.86666666666666,77.86666666666666
4147,77.86666666666666,77.86666666666666
4148,77.86666666666666,77.86666666666666
4149,77.86666666666666,77.86666666666666
4150,77.86666666666666,77.86666666666666
4151,77.86666666666666,77.86666666666666
4152,77.86666666666666,77.86666666666666
4153,77.86666666666666,77.86666666666666
4154,77.86666666666666,77.86666666666666
4155,77.86666666666666,77.86666666666666
4156,77.86666666666666,77.86666666666666
4157,77.86666666666666,77.86666666666666
4158,77.86666666666666,77.86666666666666
4159,77.86666666666666,77.86666666666666
4160,77.86666666666666,77.86666666666666
4161,77.86666666666666,77.86666666666666
4162,77.86666666666666,77.86666666666666
4163,77.86666666666666,77.86666666666666
4164,77.86666666666666,77.86666666666666
4165,77.86666666666666,77.86666666666666
4166,77.86666666666666,77.86666666666666
4167,77.86666666666666,77.86666666666666
4168,77.86666666666666,77.86666666666666
4169,77.86666666666666,77.86666666666666
4170,77.86666666666666,77.86666666666666
4171,77.86666666666666,77.86666666666666
4172,77.86666666666666,77.86666666666666
4173,77.86666666666666,77.86666666666666
4174,77.86666666666666,77.86666666666666
4175,77.86666666666666,77.86666666666666
4176,77.86666666666666,77.86666666666666
4177,77.86666666666666,77.86666666666666
4178,77.86666666666666,77.86666666666666
4179,77.86666666666666,77.86666666666666
4180,77.86666666666666,77.86666666666666
4181,77.86666666666666,77.86666666666666
4182,77.86666666666666,77.86666666666666
4183,77.86666666666666,77.86666666666666
4184,77.86666666666666,77.86666666666666
4185,77.86666666666666,77.86666666666666
4186,77.86666666666666,77.86666666666666
4187,77.86666666666666,77.86666666666666
4188,77.86666666666666,77.86666666666666
4189,77.86666666666666,77.86666666666666
4190,77.86666666666666,77.86666666666666
4191,77.86666666666666,77.86666666666666
4192,77.86666666666666,77.86666666666666
4193,77.86666666666666,77.86666666666666
4194,77.86666666666666,77.86666666666666
4195,77.86666666666666,77.86666666666666
4196,77.86666666666666,77.86666666666666
4197,77.86666666666666,77.86666666666666
4198,77.86666666666666,77.86666666666666
4199,77.86666666666666,77.86666666666666
4200,77.86666666666666,77.86666666666666
4201,77.86666666666666,77.86666666666666
4202,77.86666666666666,77.86666666666666
4203,77.86666666666666,77.86666666666666
4204,77.86666666666666,77.86666666666666
4205,77.86666666666666,77.86666666666666
4206,77.86666666666666,77.86666666666666
4207,77.86666666666666,77.86666666666666
4208,77.86666666666666,77.86666666666666
4209,77.86666666666666,77.86666666666666
4210,77.86666666666666,77.86666666666666
4211,77.86666666666666,77.86666666666666
4212,77.86666666666666,77.86666666666666
4213,77.86666666666666,77.86666666666666
4214,77.86666666666666,77.86666666666666
4215,77.86666666666666,77.86666666666666
4216,77.86666666666666,77.86666666666666
4217,77.86666666666666,77.86666666666666
4218,77.86666666666666,77.86666666666666
4219,77.86666666666666,77.86666666666666
4220,77.86666666666666,77.86666666666666
4221,77.86666666666666,77.86666666666666
4222,77.86666666666666,77.86666666666666
4223,77.86666666666666,77.86666666666666
4224,77.86666666666666,77.86666666666666
4225,77.86666666666666,77.86666666666666
4226,77.86666666666666,77.86666666666666
4227,77.86666666666666,77.86666666666666
4228,77.86666666666666,77.86666666666666
4229,77.86666666666666,77.86666666666666
4230,77.86666666666666,77.86666666666666
4231,77.86666666666666,77.86666666666666
4232,77.86666666666666,77.86666666666666
4233,77.86666666666666,77.86666666666666
4234,77.86666666666666,77.86666666666666
4235,77.86666666666666,77.86666666666666
4236,77.86666666666666,77.86666666666666
4237,77.86666666666666,77.86666666666666
4238,77.86666666666666,77.86666666666666
4239,77.86666666666666,77.86666666666666
4240,77.86666666666666,77.86666666666666
4241,77.86666666666666,77.86666666666666
4242,77.86666666666666,77.86666666666666
4243,77.86666666666666,77.86666666666666
4244,77.86666666666666,77.86666666666666
4245,77.86666666666666,77.86666666666666
4246,77.86666666666666,77.86666666666666
4247,77.86666666666666,77.86666666666666
4248,77.86666666666666,77.86666666666666
4249,77.86666666666666,77.86666666666666
4250,77.86666666666666,77.86666666666666
4251,77.86666666666666,77.86666666666666
4252,77.86666666666666,77.86666666666666
4253,77.86666666666666,77.86666666666666
4254,77.86666666666666,77.86666666666666
4255,77.86666666666666,77.86666666666666
4256,77.86666666666666,77.86666666666666
4257,77.86666666666666,77.86666666666666
4258,77.86666666666666,77.86666666666666
4259,77.86666666666666,77.86666666666666
4260,77.86666666666666,77.86666666666666
4261,77.86666666666666,77.86666666666666
4262,77.86666666666666,77.86666666666666
4263,77.86666666666666,77.86666666666666
4264,77.86666666666666,77.86666666666666
4265,77.86666666666666,77.86666666666666
4266,77.86666666666666,77.86666666666666
4267,77.86666666666666,77.86666666666666
4268,77.86666666666666,77.86666666666666
4269,77.86666666666666,77.86666666666666
4270,77.86666666666666,77.86666666666666
4271,77.86666666666666,77.86666666666666
4272,77.86666666666666,77.86666666666666
4273,77.86666666666666,77.86666666666666
4274,77.86666666666666,77.86666666666666
4275,77.86666666666666,77.86666666666666
4276,77.86666666666666,77.86666666666666
4277,77.86666666666666,77.86666666666666
4278,77.86666666666666,77.86666666666666
4279,77.86666666666666,77.86666666666666
4280,77.86666666666666,77.86666666666666
4281,77.86666666666666,77.86666666666666
4282,77.86666666666666,77.86666666666666
4283,77.86666666666666,77.86666666666666
4284,77.86666666666666,77.86666666666666
4285,77.86666666666666,77.86666666666666
4286,77.86666666666666,77.86666666666666
4287,77.86666666666666,77.86666666666666
4288,77.86666666666666,77.86666666666666
4289,77.86666666666666,77.86666666666666
4290,77.86666666666666,77.86666666666666
4291,77.86666666666666,77.86666666666666
4292,77.86666666666666,77.86666666666666
4293,77.86666666666666,77.86666666666666
4294,77.86666666666666,77.86666666666666
4295,77.86666666666666,77.86666666666666
4296,77.86666666666666,77.86666666666666
4297,77.86666666666666,77.86666666666666
4298,77.86666666666666,77.86666666666666
4299,77.86666666666666,77.86666666666666
4300,77.86666666666666,77.86666666666666
4301,77.86666666666666,77.86666666666666
4302,77.86666666666666,77.86666666666666
4303,77.86666666666666,77.86666666666666
4304,77.86666666666666,77.86666666666666
4305,77.86666666666666,77.86666666666666
4306,77.86666666666666,77.86666666666666
4307,77.86666666666666,77.86666666666666
4308,77.86666666666666,77.86666666666666
4309,77.86666666666666,77.86666666666666
4310,77.86666666666666,77.86666666666666
4311,77.86666666666666,77.86666666666666
4312,77.86666666666666,77.86666666666666
4313,77.86666666666666,77.86666666666666
4314,77.86666666666666,77.86666666666666
4315,77.86666666666666,77.86666666666666
4316,77.86666666666666,77.86666666666666
4317,77.86666666666666,77.86666666666666
4318,77.86666666666666,77.86666666666666
4319,77.86666666666666,77.86666666666666
4320,77.86666666666666,77.86666666666666
4321,77.86666666666666,77.86666666666666
4322,77.86666666666666,77.86666666666666
4323,77.86666666666666,77.86666666666666
4324,77.86666666666666,77.86666666666666
4325,77.86666666666666,77.86666666666666
4326,77.86666666666666,77.86666666666666
4327,77.86666666666666,77.86666666666666
4328,77.86666666666666,77.86666666666666
4329,77.86666666666666,77.86666666666666
4330,77.86666666666666,77.86666666666666
4331,77.86666666666666,77.86666666666666
4332,77.86666666666666,77.86666666666666
4333,77.86666666666666,77.86666666666666
4334,77.86666666666666,77.86666666666666
4335,77.86666666666666,77.86666666666666
4336,77.86666666666666,77.86666666666666
4337,77.86666666666666,77.86666666666666
4338,77.86666666666666,77.86666666666666
4339,77.86666666666666,77.86666666666666
4340,77.86666666666666,77.86666666666666
4341,77.86666666666666,77.86666666666666
4342,77.86666666666666,77.86666666666666
4343,77.86666666666666,77.86666666666666
4344,77.86666666666666,77.86666666666666
4345,77.86666666666666,77.86666666666666
4346,77.86666666666666,77.86666666666666
4347,77.86666666666666,77.86666666666666
4348,77.86666666666666,77.86666666666666
4349,77.86666666666666,77.86666666666666
4350,77.86666666666666,77.86666666666666
4351,77.86666666666666,77.86666666666666
4352,77.86666666666666,77.86666666666666
4353,77.86666666666666,77.86666666666666
4354,77.86666666666666,77.86666666666666
4355,77.86666666666666,77.86666666666666
4356,77.86666666666666,77.86666666666666
4357,77.86666666666666,77.86666666666666
4358,77.86666666666666,77.86666666666666
4359,77.86666666666666,77.86666666666666
4360,77.86666666666666,77.86666666666666
4361,77.86666666666666,77.86666666666666
4362,77.86666666666666,77.86666666666666
4363,77.86666666666666,77.86666666666666
4364,77.86666666666666,77.86666666666666
4365,77.86666666666666,77.86666666666666
4366,77.86666666666666,77.86666666666666
4367,77.86666666666666,77.86666666666666
4368,77.86666666666666,77.86666666666666
4369,77.86666666666666,77.86666666666666
4370,77.86666666666666,77.86666666666666
4371,77.86666666666666,77.86666666666666
4372,77.86666666666666,77.86666666666666
4373,77.86666666666666,77.86666666666666
4374,77.86666666666666,77.86666666666666
4375,77.86666666666666,77.86666666666666
4376,77.86666666666666,77.86666666666666
4377,77.86666666666666,77.86666666666666
4378,77.86666666666666,77.86666666666666
4379,77.86666666666666,77.86666666666666
4380,77.86666666666666,77.86666666666666
4381,77.86666666666666,77.86666666666666
4382,77.86666666666666,77.86666666666666
4383,77.86666666666666,77.86666666666666
4384,77.86666666666666,77.86666666666666
4385,77.86666666666666,77.86666666666666
4386,77.86666666666666,77.86666666666666
4387,77.86666666666666,77.86666666666666
4388,77.86666666666666,77.86666666666666
4389,77.86666666666666,77.86666666666666
4390,77.86666666666666,77.86666666666666
4391,77.86666666666666,77.86666666666666
4392,77.86666666666666,77.86666666666666
4393,77.86666666666666,77.86666666666666
4394,77.86666666666666,77.86666666666666
4395,77.86666666666666,77.86666666666666
4396,77.86666666666666,77.86666666666666
4397,77.86666666666666,77.86666666666666
4398,77.86666666666666,77.86666666666666
4399,77.86666666666666,77.86666666666666
4400,77.86666666666666,77.86666666666666
4401,77.86666666666666,77.86666666666666
4402,77.86666666666666,77.86666666666666
4403,77.86666666666666,77.86666666666666
4404,77.86666666666666,77.86666666666666
4405,77.86666666666666,77.86666666666666
4406,77.86666666666666,77.86666666666666
4407,77.86666666666666,77.86666666666666
4408,77.86666666666666,77.86666666666666
4409,77.86666666666666,77.86666666666666
4410,77.86666666666666,77.86666666666666
4411,77.86666666666666,77.86666666666666
4412,77.86666666666666,77.86666666666666
4413,77.86666666666666,77.86666666666666
4414,77.86666666666666,77.86666666666666
4415,77.86666666666666,77.86666666666666
4416,77.86666666666666,77.86666666666666
4417,77.86666666666666,77.86666666666666
4418,77.86666666666666,77.86666666666666
4419,77.86666666666666,77.86666666666666
4420,77.86666666666666,77.86666666666666
4421,77.86666666666666,77.86666666666666
4422,77.86666666666666,77.86666666666666
4423,77.86666666666666,77.86666666666666
4424,77.86666666666666,77.86666666666666
4425,77.86666666666666,77.86666666666666
4426,77.86666666666666,77.86666666666666
4427,77.86666666666666,77.86666666666666
4428,77.86666666666666,77.86666666666666
4429,77.86666666666666,77.86666666666666
4430,77.86666666666666,77.86666666666666
4431,77.86666666666666,77.86666666666666
4432,77.86666666666666,77.86666666666666
4433,77.86666666666666,77.86666666666666
4434,77.86666666666666,77.86666666666666
4435,77.86666666666666,77.86666666666666
4436,77.86666666666666,77.86666666666666
4437,77.86666666666666,77.86666666666666
4438,77.86666666666666,77.86666666666666
4439,77.86666666666666,77.86666666666666
4440,77.86666666666666,77.86666666666666
4441,77.86666666666666,77.86666666666666
4442,77.86666666666666,77.86666666666666
4443,77.86666666666666,77.86666666666666
4444,77.86666666666666,77.86666666666666
4445,77.86666666666666,77.86666666666666
4446,77.86666666666666,77.86666666666666
4447,77.86666666666666,77.86666666666666
4448,77.86666666666666,77.86666666666666
4449,77.86666666666666,77.86666666666666
4450,77.86666666666666,77.86666666666666
4451,77.86666666666666,77.86666666666666
4452,77.86666666666666,77.86666666666666
4453,77.86666666666666,77.86666666666666
4454,77.86666666666666,77.86666666666666
4455,77.86666666666666,77.86666666666666
4456,77.86666666666666,77.86666666666666
4457,77.86666666666666,77.86666666666666
4458,77.86666666666666,77.86666666666666
4459,77.86666666666666,77.86666666666666
4460,77.86666666666666,77.86666666666666
4461,77.86666666666666,77.86666666666666
4462,77.86666666666666,77.86666666666666
4463,77.86666666666666,77.86666666666666
4464,77.86666666666666,77.86666666666666
4465,77.86666666666666,77.86666666666666
4466,77.86666666666666,77.86666666666666
4467,77.86666666666666,77.86666666666666
4468,77.86666666666666,77.86666666666666
4469,77.86666666666666,77.86666666666666
4470,77.86666666666666,77.86666666666666
4471,77.86666666666666,77.86666666666666
4472,77.86666666666666,77.86666666666666
4473,77.86666666666666,77.86666666666666
4474,77.86666666666666,77.86666666666666
4475,77.86666666666666,77.86666666666666
4476,77.86666666666666,77.86666666666666
4477,77.86666666666666,77.86666666666666
4478,77.86666666666666,77.86666666666666
4479,77.86666666666666,77.86666666666666
4480,77.86666666666666,77.86666666666666
4481,77.86666666666666,77.86666666666666
4482,77.86666666666666,77.86666666666666
4483,77.86666666666666,77.86666666666666
4484,77.86666666666666,77.86666666666666
4485,77.86666666666666,77.86666666666666
4486,77.86666666666666,77.86666666666666
4487,77.86666666666666,77.86666666666666
4488,77.86666666666666,77.86666666666666
4489,77.86666666666666,77.86666666666666
4490,77.86666666666666,77.86666666666666
4491,77.86666666666666,77.86666666666666
4492,77.86666666666666,77.86666666666666
4493,77.86666666666666,77.86666666666666
4494,77.86666666666666,77.86666666666666
4495,77.86666666666666,77.86666666666666
4496,77.86666666666666,77.86666666666666
4497,77.86666666666666,77.86666666666666
4498,77.86666666666666,77.86666666666666
4499,77.86666666666666,77.86666666666666
4500,77.86666666666666,77.86666666666666
4501,77.86666666666666,77.86666666666666
4502,77.86666666666666,77.86666666666666
4503,77.86666666666666,77.86666666666666
4504,77.86666666666666,77.86666666666666
4505,77.86666666666666,77.86666666666666
4506,77.86666666666666,77.86666666666666
4507,77.86666666666666,77.86666666666666
4508,77.86666666666666,77.86666666666666
4509,77.86666666666666,77.86666666666666
4510,77.86666666666666,77.86666666666666
4511,77.86666666666666,77.86666666666666
4512,77.86666666666666,77.86666666666666
4513,77.86666666666666,77.86666666666666
4514,77.86666666666666,77.86666666666666
4515,77.86666666666666,77.86666666666666
4516,77.86666666666666,77.86666666666666
4517,77.86666666666666,77.86666666666666
4518,77.86666666666666,77.86666666666666
4519,77.86666666666666,77.86666666666666
4520,77.86666666666666,77.86666666666666
4521,77.86666666666666,77.86666666666666
4522,77.86666666666666,77.86666666666666
4523,77.86666666666666,77.86666666666666
4524,77.86666666666666,77.86666666666666
4525,77.86666666666666,77.86666666666666
4526,77.86666666666666,77.86666666666666
4527,77.86666666666666,77.86666666666666
4528,77.86666666666666,77.86666666666666
4529,77.86666666666666,77.86666666666666
4530,77.86666666666666,77.86666666666666
4531,77.86666666666666,77.86666666666666
4532,77.86666666666666,77.86666666666666
4533,77.86666666666666,77.86666666666666
4534,77.86666666666666,77.86666666666666
4535,77.86666666666666,77.86666666666666
4536,77.86666666666666,77.86666666666666
4537,77.86666666666666,77.86666666666666
4538,77.86666666666666,77.86666666666666
4539,77.86666666666666,77.86666666666666
4540,77.86666666666666,77.86666666666666
4541,77.86666666666666,77.86666666666666
4542,77.86666666666666,77.86666666666666
4543,77.86666666666666,77.86666666666666
4544,77.86666666666666,77.86666666666666
4545,77.86666666666666,77.86666666666666
4546,77.86666666666666,77.86666666666666
4547,77.86666666666666,77.86666666666666
4548,77.86666666666666,77.86666666666666
4549,77.86666666666666,77.86666666666666
4550,77.86666666666666,77.86666666666666
4551,77.86666666666666,77.86666666666666
4552,77.86666666666666,77.86666666666666
4553,77.86666666666666,77.86666666666666
4554,77.86666666666666,77.86666666666666
4555,77.86666666666666,77.86666666666666
4556,77.86666666666666,77.86666666666666
4557,77.86666666666666,77.86666666666666
4558,77.86666666666666,77.86666666666666
4559,77.86666666666666,77.86666666666666
4560,77.86666666666666,77.86666666666666
4561,77.86666666666666,77.86666666666666
4562,77.86666666666666,77.86666666666666
4563,77.86666666666666,77.86666666666666
4564,77.86666666666666,77.86666666666666
4565,77.86666666666666,77.86666666666666
4566,77.86666666666666,77.86666666666666
4567,77.86666666666666,77.86666666666666
4568,77.86666666666666,77.86666666666666
4569,77.86666666666666,77.86666666666666
4570,77.86666666666666,77.86666666666666
4571,77.86666666666666,77.86666666666666
4572,77.86666666666666,77.86666666666666
4573,77.86666666666666,77.86666666666666
4574,77.86666666666666,77.86666666666666
4575,77.86666666666666,77.86666666666666
4576,77.86666666666666,77.86666666666666
4577,77.86666666666666,77.86666666666666
4578,77.86666666666666,77.86666666666666
4579,77.86666666666666,77.86666666666666
4580,77.86666666666666,77.86666666666666
4581,77.86666666666666,77.86666666666666
4582,77.86666666666666,77.86666666666666
4583,77.86666666666666,77.86666666666666
4584,77.86666666666666,77.86666666666666
4585,77.86666666666666,77.86666666666666
4586,77.86666666666666,77.86666666666666
4587,77.86666666666666,77.86666666666666
4588,77.86666666666666,77.86666666666666
4589,77.86666666666666,77.86666666666666
4590,77.86666666666666,77.86666666666666
4591,77.86666666666666,77.86666666666666
4592,77.86666666666666,77.86666666666666
4593,77.86666666666666,77.86666666666666
4594,77.86666666666666,77.86666666666666
4595,77.86666666666666,77.86666666666666
4596,77.86666666666666,77.86666666666666
4597,77.86666666666666,77.86666666666666
4598,77.86666666666666,77.86666666666666
4599,77.86666666666666,77.86666666666666
4600,77.86666666666666,77.86666666666666
4601,77.86666666666666,77.86666666666666
4602,77.86666666666666,77.86666666666666
4603,77.86666666666666,77.86666666666666
4604,77.86666666666666,77.86666666666666
4605,77.86666666666666,77.86666666666666
4606,77.86666666666666,77.86666666666666
4607,77.86666666666666,77.86666666666666
4608,77.86666666666666,77.86666666666666
4609,77.86666666666666,77.86666666666666
4610,77.86666666666666,77.86666666666666
4611,77.86666666666666,77.86666666666666
4612,77.86666666666666,77.86666666666666
4613,77.86666666666666,77.86666666666666
4614,77.86666666666666,77.86666666666666
4615,77.86666666666666,77.86666666666666
4616,77.86666666666666,77.86666666666666
4617,77.86666666666666,77.86666666666666
4618,77.86666666666666,77.86666666666666
4619,77.86666666666666,77.86666666666666
4620,77.86666666666666,77.86666666666666
4621,77.86666666666666,77.86666666666666
4622,77.86666666666666,77.86666666666666
4623,77.86666666666666,77.86666666666666
4624,77.86666666666666,77.86666666666666
4625,77.86666666666666,77.86666666666666
4626,77.86666666666666,77.86666666666666
4627,77.86666666666666,77.86666666666666
4628,77.86666666666666,77.86666666666666
4629,77.86666666666666,77.86666666666666
4630,77.86666666666666,77.86666666666666
4631,77.86666666666666,77.86666666666666
4632,77.86666666666666,77.86666666666666
4633,77.86666666666666,77.86666666666666
4634,77.86666666666666,77.86666666666666
4635,77.86666666666666,77.86666666666666
4636,77.86666666666666,77.86666666666666
4637,77.86666666666666,77.86666666666666
4638,77.86666666666666,77.86666666666666
4639,77.86666666666666,77.86666666666666
4640,77.86666666666666,77.86666666666666
4641,77.86666666666666,77.86666666666666
4642,77.86666666666666,77.86666666666666
4643,77.86666666666666,77.86666666666666
4644,77.86666666666666,77.86666666666666
4645,77.86666666666666,77.86666666666666
4646,77.86666666666666,77.86666666666666
4647,77.86666666666666,77.86666666666666
4648,77.86666666666666,77.86666666666666
4649,77.86666666666666,77.86666666666666
4650,77.86666666666666,77.86666666666666
4651,77.86666666666666,77.86666666666666
4652,77.86666666666666,77.86666666666666
4653,77.86666666666666,77.86666666666666
4654,77.86666666666666,77.86666666666666
4655,77.86666666666666,77.86666666666666
4656,77.86666666666666,77.86666666666666
4657,77.86666666666666,77.86666666666666
4658,77.86666666666666,77.86666666666666
4659,77.86666666666666,77.86666666666666
4660,77.86666666666666,77.86666666666666
4661,77.86666666666666,77.86666666666666
4662,77.86666666666666,77.86666666666666
4663,77.86666666666666,77.86666666666666
4664,77.86666666666666,77.86666666666666
4665,77.86666666666666,77.86666666666666
4666,77.86666666666666,77.86666666666666
4667,77.86666666666666,77.86666666666666
4668,77.86666666666666,77.86666666666666
4669,77.86666666666666,77.86666666666666
4670,77.86666666666666,77.86666666666666
4671,77.86666666666666,77.86666666666666
4672,77.86666666666666,77.86666666666666
4673,77.86666666666666,77.86666666666666
4674,77.86666666666666,77.86666666666666
4675,77.86666666666666,77.86666666666666
4676,77.86666666666666,77.86666666666666
4677,77.86666666666666,77.86666666666666
4678,77.86666666666666,77.86666666666666
4679,77.86666666666666,77.86666666666666
4680,77.86666666666666,77.86666666666666
4681,77.86666666666666,77.86666666666666
4682,77.86666666666666,77.86666666666666
4683,77.86666666666666,77.86666666666666
4684,77.86666666666666,77.86666666666666
4685,77.86666666666666,77.86666666666666
4686,77.86666666666666,77.86666666666666
4687,77.86666666666666,77.86666666666666
4688,77.86666666666666,77.86666666666666
4689,77.86666666666666,77.86666666666666
4690,77.86666666666666,77.86666666666666
4691,77.86666666666666,77.86666666666666
4692,77.86666666666666,77.86666666666666
4693,77.86666666666666,77.86666666666666
4694,77.86666666666666,77.86666666666666
4695,77.86666666666666,77.86666666666666
4696,77.86666666666666,77.86666666666666
4697,77.86666666666666,77.86666666666666
4698,77.86666666666666,77.86666666666666
4699,77.86666666666666,77.86666666666666
4700,77.86666666666666,77.86666666666666
4701,77.86666666666666,77.86666666666666
4702,77.86666666666666,77.86666666666666
4703,77.86666666666666,77.86666666666666
4704,77.86666666666666,77.86666666666666
4705,77.86666666666666,77.86666666666666
4706,77.86666666666666,77.86666666666666
4707,77.86666666666666,77.86666666666666
4708,77.86666666666666,77.86666666666666
4709,77.86666666666666,77.86666666666666
4710,77.86666666666666,77.86666666666666
4711,77.86666666666666,77.86666666666666
4712,77.86666666666666,77.86666666666666
4713,77.86666666666666,77.86666666666666
4714,77.86666666666666,77.86666666666666
4715,77.86666666666666,77.86666666666666
4716,77.86666666666666,77.86666666666666
4717,77.86666666666666,77.86666666666666
4718,77.86666666666666,77.86666666666666
4719,77.86666666666666,77.86666666666666
4720,77.86666666666666,77.86666666666666
4721,77.86666666666666,77.86666666666666
4722,77.86666666666666,77.86666666666666
4723,77.86666666666666,77.86666666666666
4724,77.86666666666666,77.86666666666666
4725,77.86666666666666,77.86666666666666
4726,77.86666666666666,77.86666666666666
4727,77.86666666666666,77.86666666666666
4728,77.86666666666666,77.86666666666666
4729,77.86666666666666,77.86666666666666
4730,77.86666666666666,77.86666666666666
4731,77.86666666666666,77.86666666666666
4732,77.86666666666666,77.86666666666666
4733,77.86666666666666,77.86666666666666
4734,77.86666666666666,77.86666666666666
4735,77.86666666666666,77.86666666666666
4736,77.86666666666666,77.86666666666666
4737,77.86666666666666,77.86666666666666
4738,77.86666666666666,77.86666666666666
4739,77.86666666666666,77.86666666666666
4740,77.86666666666666,77.86666666666666
4741,77.86666666666666,77.86666666666666
4742,77.86666666666666,77.86666666666666
4743,77.86666666666666,77.86666666666666
4744,77.86666666666666,77.86666666666666
4745,77.86666666666666,77.86666666666666
4746,77.86666666666666,77.86666666666666
4747,77.86666666666666,77.86666666666666
4748,77.86666666666666,77.86666666666666
4749,77.86666666666666,77.86666666666666
4750,77.86666666666666,77.86666666666666
4751,77.86666666666666,77.86666666666666
4752,77.86666666666666,77.86666666666666
4753,77.86666666666666,77.86666666666666
4754,77.86666666666666,77.86666666666666
4755,77.86666666666666,77.86666666666666
4756,77.86666666666666,77.86666666666666
4757,77.86666666666666,77.86666666666666
4758,77.86666666666666,77.86666666666666
4759,77.86666666666666,77.86666666666666
4760,77.86666666666666,77.86666666666666
4761,77.86666666666666,77.86666666666666
4762,77.86666666666666,77.86666666666666
4763,77.86666666666666,77.86666666666666
4764,77.86666666666666,77.86666666666666
4765,77.86666666666666,77.86666666666666
4766,77.86666666666666,77.86666666666666
4767,77.86666666666666,77.86666666666666
4768,77.86666666666666,77.86666666666666
4769,77.86666666666666,77.86666666666666
4770,77.86666666666666,77.86666666666666
4771,77.86666666666666,77.86666666666666
4772,77.86666666666666,77.86666666666666
4773,77.86666666666666,77.86666666666666
4774,77.86666666666666,77.86666666666666
4775,77.86666666666666,77.86666666666666
4776,77.86666666666666,77.86666666666666
4777,77.86666666666666,77.86666666666666
4778,77.86666666666666,77.86666666666666
4779,77.86666666666666,77.86666666666666
4780,77.86666666666666,77.86666666666666
4781,77.86666666666666,77.86666666666666
4782,77.86666666666666,77.86666666666666
4783,77.86666666666666,77.86666666666666
4784,77.86666666666666,77.86666666666666
4785,77.86666666666666,77.86666666666666
4786,77.86666666666666,77.86666666666666
4787,77.86666666666666,77.86666666666666
4788,77.86666666666666,77.86666666666666
4789,77.86666666666666,77.86666666666666
4790,77.86666666666666,77.86666666666666
4791,77.86666666666666,77.86666666666666
4792,77.86666666666666,77.86666666666666
4793,77.86666666666666,77.86666666666666
4794,77.86666666666666,77.86666666666666
4795,77.86666666666666,77.86666666666666
4796,77.86666666666666,77.86666666666666
4797,77.86666666666666,77.86666666666666
4798,77.86666666666666,77.86666666666666
4799,77.86666666666666,77.86666666666666
4800,77.86666666666666,77.86666666666666
4801,77.86666666666666,77.86666666666666
4802,77.86666666666666,77.86666666666666
4803,77.86666666666666,77.86666666666666
4804,77.86666666666666,77.86666666666666
4805,77.86666666666666,77.86666666666666
4806,77.86666666666666,77.86666666666666
4807,77.86666666666666,77.86666666666666
4808,77.86666666666666,77.86666666666666
4809,77.86666666666666,77.86666666666666
4810,77.86666666666666,77.86666666666666
4811,77.86666666666666,77.86666666666666
4812,77.86666666666666,77.86666666666666
4813,77.86666666666666,77.86666666666666
4814,77.86666666666666,77.86666666666666
4815,77.86666666666666,77.86666666666666
4816,77.86666666666666,77.86666666666666
4817,77.86666666666666,77.86666666666666
4818,77.86666666666666,77.86666666666666
4819,77.86666666666666,77.86666666666666
4820,77.86666666666666,77.86666666666666
4821,77.86666666666666,77.86666666666666
4822,77.86666666666666,77.86666666666666
4823,77.86666666666666,77.86666666666666
4824,77.86666666666666,77.86666666666666
4825,77.86666666666666,77.86666666666666
4826,77.86666666666666,77.86666666666666
4827,77.86666666666666,77.86666666666666
4828,77.86666666666666,77.86666666666666
4829,77.86666666666666,77.86666666666666
4830,77.86666666666666,77.86666666666666
4831,77.86666666666666,77.86666666666666
4832,77.86666666666666,77.86666666666666
4833,77.86666666666666,77.86666666666666
4834,77.86666666666666,77.86666666666666
4835,77.86666666666666,77.86666666666666
4836,77.86666666666666,77.86666666666666
4837,77.86666666666666,77.86666666666666
4838,77.86666666666666,77.86666666666666
4839,77.86666666666666,77.86666666666666
4840,77.86666666666666,77.86666666666666
4841,77.86666666666666,77.86666666666666
4842,77.86666666666666,77.86666666666666
4843,77.86666666666666,77.86666666666666
4844,77.86666666666666,77.86666666666666
4845,77.86666666666666,77.86666666666666
4846,77.86666666666666,77.86666666666666
4847,77.86666666666666,77.86666666666666
4848,77.86666666666666,77.86666666666666
4849,77.86666666666666,77.86666666666666
4850,77.86666666666666,77.86666666666666
4851,77.86666666666666,77.86666666666666
4852,77.86666666666666,77.86666666666666
4853,77.86666666666666,77.86666666666666
4854,77.86666666666666,77.86666666666666
4855,77.86666666666666,77.86666666666666
4856,77.86666666666666,77.86666666666666
4857,77.86666666666666,77.86666666666666
4858,77.86666666666666,77.86666666666666
4859,77.86666666666666,77.86666666666666
4860,77.86666666666666,77.86666666666666
4861,77.86666666666666,77.86666666666666
4862,77.86666666666666,77.86666666666666
4863,77.86666666666666,77.86666666666666
4864,77.86666666666666,77.86666666666666
4865,77.86666666666666,77.86666666666666
4866,77.86666666666666,77.86666666666666
4867,77.86666666666666,77.86666666666666
4868,77.86666666666666,77.86666666666666
4869,77.86666666666666,77.86666666666666
4870,77.86666666666666,77.86666666666666
4871,77.86666666666666,77.86666666666666
4872,77.86666666666666,77.86666666666666
4873,77.86666666666666,77.86666666666666
4874,77.86666666666666,77.86666666666666
4875,77.86666666666666,77.86666666666666
4876,77.86666666666666,77.86666666666666
4877,77.86666666666666,77.86666666666666
4878,77.86666666666666,77.86666666666666
4879,77.86666666666666,77.86666666666666
4880,77.86666666666666,77.86666666666666
4881,77.86666666666666,77.86666666666666
4882,77.86666666666666,77.86666666666666
4883,77.86666666666666,77.86666666666666
4884,77.86666666666666,77.86666666666666
4885,77.86666666666666,77.86666666666666
4886,77.86666666666666,77.86666666666666
4887,77.86666666666666,77.86666666666666
4888,77.86666666666666,77.86666666666666
4889,77.86666666666666,77.86666666666666
4890,77.86666666666666,77.86666666666666
4891,77.86666666666666,77.86666666666666
4892,77.86666666666666,77.86666666666666
4893,77.86666666666666,77.86666666666666
4894,77.86666666666666,77.86666666666666
4895,77.86666666666666,77.86666666666666
4896,77.86666666666666,77.86666666666666
4897,77.86666666666666,77.86666666666666
4898,77.86666666666666,77.86666666666666
4899,77.86666666666666,77.86666666666666
4900,77.86666666666666,77.86666666666666
4901,77.86666666666666,77.86666666666666
4902,77.86666666666666,77.86666666666666
4903,77.86666666666666,77.86666666666666
4904,77.86666666666666,77.86666666666666
4905,77.86666666666666,77.86666666666666
4906,77.86666666666666,77.86666666666666
4907,77.86666666666666,77.86666666666666
4908,77.86666666666666,77.86666666666666
4909,77.86666666666666,77.86666666666666
4910,77.86666666666666,77.86666666666666
4911,77.86666666666666,77.86666666666666
4912,77.86666666666666,77.86666666666666
4913,77.86666666666666,77.86666666666666
4914,77.86666666666666,77.86666666666666
4915,77.86666666666666,77.86666666666666
4916,77.86666666666666,77.86666666666666
4917,77.86666666666666,77.86666666666666
4918,77.86666666666666,77.86666666666666
4919,77.86666666666666,77.86666666666666
4920,77.86666666666666,77.86666666666666
4921,77.86666666666666,77.86666666666666
4922,77.86666666666666,77.86666666666666
4923,77.86666666666666,77.86666666666666
4924,77.86666666666666,77.86666666666666
4925,77.86666666666666,77.86666666666666
4926,77.86666666666666,77.86666666666666
4927,77.86666666666666,77.86666666666666
4928,77.86666666666666,77.86666666666666
4929,77.86666666666666,77.86666666666666
4930,77.86666666666666,77.86666666666666
4931,77.86666666666666,77.86666666666666
4932,77.86666666666666,77.86666666666666
4933,77.86666666666666,77.86666666666666
4934,77.86666666666666,77.86666666666666
4935,77.86666666666666,77.86666666666666
4936,77.86666666666666,77.86666666666666
4937,77.86666666666666,77.86666666666666
4938,77.86666666666666,77.86666666666666
4939,77.86666666666666,77.86666666666666
4940,77.86666666666666,77.86666666666666
4941,77.86666666666666,77.86666666666666
4942,77.86666666666666,77.86666666666666
4943,77.86666666666666,77.86666666666666
4944,77.86666666666666,77.86666666666666
4945,77.86666666666666,77.86666666666666
4946,77.86666666666666,77.86666666666666
4947,77.86666666666666,77.86666666666666
4948,77.86666666666666,77.86666666666666
4949,77.86666666666666,77.86666666666666
4950,77.86666666666666,77.86666666666666
4951,77.86666666666666,77.86666666666666
4952,77.86666666666666,77.86666666666666
4953,77.86666666666666,77.86666666666666
4954,77.86666666666666,77.86666666666666
4955,77.86666666666666,77.86666666666666
4956,77.86666666666666,77.86666666666666
4957,77.86666666666666,77.86666666666666
4958,77.86666666666666,77.86666666666666
4959,77.86666666666666,77.86666666666666
4960,77.86666666666666,77.86666666666666
4961,77.86666666666666,77.86666666666666
4962,77.86666666666666,77.86666666666666
4963,77.86666666666666,77.86666666666666
4964,77.86666666666666,77.86666666666666
4965,77.86666666666666,77.86666666666666
4966,77.86666666666666,77.86666666666666
4967,77.86666666666666,77.86666666666666
4968,77.86666666666666,77.86666666666666
4969,77.86666666666666,77.86666666666666
4970,77.86666666666666,77.86666666666666
4971,77.86666666666666,77.86666666666666
4972,77.86666666666666,77.86666666666666
4973,77.86666666666666,77.86666666666666
4974,77.86666666666666,77.86666666666666
4975,77.86666666666666,77.86666666666666
4976,77.86666666666666,77.86666666666666
4977,77.86666666666666,77.86666666666666
4978,77.86666666666666,77.86666666666666
4979,77.86666666666666,77.86666666666666
4980,77.86666666666666,77.86666666666666
4981,77.86666666666666,77.86666666666666
4982,77.86666666666666,77.86666666666666
4983,77.86666666666666,77.86666666666666
4984,77.86666666666666,77.86666666666666
4985,77.86666666666666,77.86666666666666
4986,77.86666666666666,77.86666666666666
4987,77.86666666666666,77.86666666666666
4988,77.86666666666666,77.86666666666666
4989,77.86666666666666,77.86666666666666
4990,77.86666666666666,77.86666666666666
4991,77.86666666666666,77.86666666666666
4992,77.86666666666666,77.86666666666666
4993,77.86666666666666,77.86666666666666
4994,77.86666666666666,77.86666666666666
4995,77.86666666666666,77.86666666666666
4996,77.86666666666666,77.86666666666666
4997,77.86666666666666,77.86666666666666
4998,77.86666666666666,77.86666666666666
4999,77.86666666666666,77.86666666666666
