,hsa_js,add_js
0,1.2000000000000002,0.0
1,1.2000000000000002,0.0
2,1.2000000000000002,0.0
3,1.2000000000000002,0.0
4,1.2000000000000002,0.0
5,1.2000000000000002,0.0
6,1.2000000000000002,0.0
7,1.2000000000000002,0.0
8,1.2000000000000002,0.0
9,1.2000000000000002,0.0
10,1.2000000000000002,0.0
11,1.2000000000000002,0.0
12,1.2000000000000002,0.0
13,1.2000000000000002,0.0
14,1.2000000000000002,0.0
15,1.2000000000000002,0.0
16,1.3,0.0
17,1.3,0.0
18,1.3,0.0
19,1.3,0.0
20,1.3,0.0
21,1.3,0.0
22,1.3,0.0
23,1.3,0.0
24,1.3,0.0
25,1.3,0.0
26,1.8,0.0
27,1.8,0.0
28,1.8,0.0
29,1.8,0.0
30,1.8,0.0
31,1.8,0.0
32,1.8,0.0
33,1.8,0.0
34,1.8,0.0
35,1.8,0.0
36,1.8,0.0
37,1.8,0.0
38,1.8,0.0
39,1.8,0.0
40,1.8,0.0
41,1.8,0.0
42,1.8,0.0
43,1.8,0.0
44,1.8,0.0
45,1.8,0.0
46,1.8,0.0
47,1.8,0.0
48,1.8,0.0
49,1.8,0.0
50,1.8,0.0
51,1.8,0.0
52,2.0,0.0
53,2.0,0.0
54,2.0,0.0
55,2.0,0.0
56,2.0,0.0
57,2.0,0.0
58,2.0,0.0
59,2.0,0.0
60,2.0,0.0
61,2.0,0.0
62,2.0,0.0
63,2.0,0.0
64,2.0,0.0
65,2.0,0.0
66,2.0,0.0
67,2.0,0.0
68,2.0,0.0
69,2.0,0.0
70,2.0,0.0
71,2.0,0.0
72,2.0,0.0
73,2.0,0.0
74,2.0,0.0
75,2.0,0.0
76,2.0,0.0
77,2.0,0.0
78,2.0,0.0
79,2.0,0.0
80,2.0,0.0
81,2.0,0.0
82,2.6,0.0
83,2.6,0.0
84,2.6,0.0
85,2.6,0.0
86,2.6,0.0
87,2.6,0.0
88,2.6,0.0
89,2.6,0.0
90,2.6,0.0
91,2.6,0.0
92,2.6,0.0
93,2.6,0.0
94,2.6,0.0
95,2.6,0.0
96,2.6,0.0
97,2.6,0.0
98,2.6,0.0
99,2.6,0.0
100,2.6,0.0
101,2.6,0.0
102,2.6,0.0
103,2.7,0.0
104,2.7,0.0
105,2.7,0.0
106,2.7,0.0
107,2.7,0.0
108,2.7,0.0
109,2.7,0.0
110,2.7,0.0
111,2.7,0.0
112,2.7,0.0
113,2.7,0.0
114,2.7,0.0
115,2.7,0.0
116,2.7,0.0
117,2.7,0.0
118,2.7,0.0
119,2.7,0.0
120,2.7,0.0
121,2.7,0.0
122,2.7,0.0
123,2.7,0.0
124,2.7,0.0
125,2.7,0.0
126,2.7,0.0
127,2.7,0.0
128,2.7,0.0
129,2.7,0.0
130,2.7,0.0
131,2.7,0.0
132,2.7,0.0
133,2.7,0.0
134,2.7,0.0
135,2.7,0.0
136,2.7,0.0
137,2.7,0.0
138,2.7,0.0
139,2.7,0.0
140,2.7,0.0
141,2.7,0.0
142,2.7,0.0
143,2.7,0.0
144,2.7,0.0
145,2.7,0.0
146,2.7,0.0
147,2.7,0.0
148,2.7,0.0
149,2.7,0.0
150,2.7,0.0
151,2.7,0.0
152,3.8000000000000003,0.0
153,3.8000000000000003,0.0
154,3.8000000000000003,0.0
155,3.8000000000000003,0.0
156,3.8000000000000003,0.0
157,3.8000000000000003,0.0
158,3.8000000000000003,0.0
159,3.8000000000000003,0.0
160,3.8000000000000003,0.0
161,3.8000000000000003,0.0
162,3.8000000000000003,0.0
163,3.8000000000000003,0.0
164,3.8000000000000003,0.0
165,3.8000000000000003,0.0
166,3.8000000000000003,0.0
167,3.8000000000000003,0.0
168,3.8000000000000003,0.0
169,3.8000000000000003,0.0
170,3.8000000000000003,0.0
171,3.8000000000000003,0.0
172,3.8000000000000003,0.0
173,3.8000000000000003,0.0
174,3.8000000000000003,0.0
175,3.8000000000000003,0.0
176,3.8000000000000003,0.0
177,3.8000000000000003,0.0
178,3.8000000000000003,0.0
179,3.8000000000000003,0.0
180,3.8000000000000003,0.0
181,3.8000000000000003,0.0
182,3.9000000000000004,0.0
183,3.9000000000000004,0.0
184,3.9000000000000004,0.0
185,3.9000000000000004,0.0
186,3.9000000000000004,0.0
187,3.9000000000000004,0.0
188,3.9000000000000004,0.0
189,3.9000000000000004,0.0
190,3.9000000000000004,0.0
191,3.9000000000000004,0.0
192,3.9000000000000004,0.0
193,3.9000000000000004,0.0
194,3.9000000000000004,0.0
195,3.9000000000000004,0.0
196,3.9000000000000004,0.0
197,3.9000000000000004,0.0
198,3.9000000000000004,0.0
199,3.9000000000000004,0.0
200,3.9000000000000004,0.0
201,3.9000000000000004,0.0
202,3.9000000000000004,0.0
203,3.9000000000000004,0.0
204,3.9000000000000004,0.0
205,3.9000000000000004,0.0
206,3.9000000000000004,0.0
207,3.9000000000000004,0.0
208,3.9000000000000004,0.0
209,3.9000000000000004,0.0
210,3.9000000000000004,0.0
211,3.9000000000000004,0.0
212,4.1000000000000005,0.0
213,4.1000000000000005,0.0
214,4.1000000000000005,0.0
215,4.1000000000000005,0.0
216,4.1000000000000005,0.0
217,4.1000000000000005,0.0
218,4.1000000000000005,0.0
219,4.1000000000000005,0.0
220,4.1000000000000005,0.0
221,4.1000000000000005,0.0
222,4.1000000000000005,0.0
223,4.1000000000000005,0.0
224,4.1000000000000005,0.0
225,4.1000000000000005,0.0
226,4.1000000000000005,0.0
227,4.1000000000000005,0.0
228,4.1000000000000005,0.0
229,4.1000000000000005,0.0
230,4.1000000000000005,0.0
231,4.1000000000000005,0.0
232,4.3,0.0
233,4.3,0.0
234,4.3,0.0
235,4.3,0.0
236,4.3,0.0
237,4.3,0.0
238,4.3,0.0
239,4.3,0.0
240,4.3,0.0
241,4.3,0.0
242,4.3,0.0
243,4.3,0.0
244,4.3,0.0
245,4.3,0.0
246,4.3,0.0
247,4.3,0.0
248,4.7,0.0
249,4.7,0.0
250,4.7,0.0
251,4.7,0.0
252,4.7,0.0
253,4.7,0.0
254,4.7,0.0
255,4.7,0.0
256,4.7,0.0
257,4.7,0.0
258,4.7,0.0
259,4.7,0.0
260,4.7,0.0
261,4.7,0.0
262,4.7,0.0
263,4.7,0.0
264,4.7,0.0
265,4.7,0.0
266,4.7,0.0
267,4.7,0.0
268,4.7,0.0
269,4.7,0.0
270,4.7,0.0
271,4.7,0.0
272,4.7,0.0
273,4.7,0.0
274,4.7,0.0
275,4.7,0.0
276,4.7,0.0
277,4.7,0.0
278,4.7,0.0
279,4.7,0.0
280,4.7,0.0
281,4.7,0.0
282,4.7,0.0
283,4.7,0.0
284,4.7,0.0
285,4.7,0.0
286,4.7,0.0
287,4.7,0.0
288,5.0,0.0
289,5.0,0.0
290,5.0,0.0
291,5.0,0.0
292,5.0,0.0
293,5.0,0.0
294,5.0,0.0
295,5.0,0.0
296,5.0,0.0
297,5.0,0.0
298,5.0,0.0
299,5.0,0.0
300,5.0,0.0
301,5.0,0.0
302,5.0,0.0
303,5.0,0.0
304,5.0,0.0
305,5.0,0.0
306,5.0,0.0
307,5.0,0.0
308,5.0,0.0
309,5.0,0.0
310,5.0,0.0
311,5.0,0.0
312,5.0,0.0
313,5.0,0.0
314,5.5,0.0
315,5.5,0.0
316,5.5,0.0
317,5.5,0.0
318,5.5,0.0
319,5.5,0.0
320,5.5,0.0
321,5.5,0.0
322,5.5,0.0
323,5.5,0.0
324,5.5,0.0
325,5.5,0.0
326,5.5,0.0
327,5.5,0.0
328,5.5,0.0
329,5.5,0.0
330,5.5,0.0
331,5.5,0.0
332,5.5,0.0
333,5.5,0.0
334,5.5,0.0
335,5.5,0.0
336,5.5,0.0
337,5.5,0.0
338,5.5,0.0
339,6.2,0.0
340,6.2,0.0
341,6.2,0.0
342,6.2,0.0
343,6.2,0.0
344,6.2,0.0
345,6.2,0.0
346,6.2,0.0
347,6.2,0.0
348,6.2,0.0
349,6.2,0.0
350,6.2,0.0
351,6.2,0.0
352,6.2,0.0
353,6.2,0.0
354,6.2,0.0
355,6.2,0.0
356,6.2,0.0
357,6.2,0.0
358,6.2,0.0
359,6.2,0.0
360,6.2,0.0
361,6.2,0.0
362,6.2,0.0
363,6.7,0.0
364,6.7,0.0
365,6.7,0.0
366,6.7,0.0
367,6.7,0.0
368,6.7,0.0
369,6.7,0.0
370,6.7,0.0
371,6.7,0.0
372,6.7,0.0
373,9.1,0.0
374,9.1,0.0
375,9.1,0.0
376,9.1,0.0
377,9.1,0.0
378,9.1,0.0
379,9.1,0.0
380,9.1,0.0
381,9.1,0.0
382,9.1,0.0
383,9.1,0.0
384,9.1,0.0
385,9.1,0.0
386,9.1,0.0
387,9.1,0.0
388,9.1,0.0
389,9.1,0.0
390,9.1,0.0
391,9.1,0.0
392,9.1,0.0
393,9.1,0.0
394,9.1,0.0
395,9.1,0.0
396,9.1,0.0
397,9.1,0.0
398,9.1,0.0
399,9.1,0.0
400,9.1,0.0
401,9.1,0.0
402,9.1,0.0
403,9.1,0.0
404,9.1,0.0
405,9.1,0.0
406,9.1,0.0
407,9.1,0.0
408,9.1,0.0
409,9.1,0.0
410,9.1,0.0
411,9.1,0.0
412,9.1,0.0
413,9.1,0.0
414,9.1,0.0
415,9.1,0.0
416,9.1,0.0
417,9.1,0.0
418,9.1,0.0
419,9.1,0.0
420,9.1,0.0
421,9.1,0.0
422,9.1,0.0
423,9.1,0.0
424,9.1,0.0
425,9.1,0.0
426,9.9,0.0
427,9.9,0.0
428,9.9,0.0
429,9.9,0.0
430,9.9,0.0
431,9.9,0.0
432,9.9,0.0
433,9.9,0.0
434,9.9,0.0
435,9.9,0.0
436,9.9,0.0
437,9.9,0.0
438,9.9,0.0
439,9.9,0.0
440,9.9,0.0
441,9.9,0.0
442,9.9,0.0
443,10.3,0.0
444,10.3,0.0
445,10.3,0.0
446,10.3,0.0
447,10.3,0.0
448,10.3,0.0
449,10.3,0.0
450,10.3,0.0
451,10.3,0.0
452,10.3,0.0
453,10.3,0.0
454,10.3,0.0
455,10.3,0.0
456,10.3,0.0
457,10.3,0.0
458,10.3,0.0
459,10.3,0.0
460,10.3,0.0
461,10.3,0.0
462,10.3,0.0
463,10.3,0.0
464,10.3,0.0
465,10.3,0.0
466,10.3,0.0
467,10.3,0.0
468,10.3,0.0
469,10.3,0.0
470,11.5,0.0
471,11.5,0.0
472,11.5,0.0
473,11.5,0.0
474,11.5,0.0
475,11.5,0.0
476,11.5,0.0
477,11.5,0.0
478,11.5,0.0
479,11.5,0.0
480,11.5,0.0
481,11.5,0.0
482,11.5,0.0
483,11.5,0.0
484,11.5,0.0
485,11.5,0.0
486,11.5,0.0
487,11.5,0.0
488,11.5,0.0
489,11.5,0.0
490,11.5,0.0
491,11.5,0.0
492,11.5,0.0
493,11.5,0.0
494,11.5,0.0
495,11.5,0.0
496,11.5,0.0
497,11.5,0.0
498,11.5,0.0
499,11.5,0.0
500,11.5,0.0
501,11.5,0.0
502,11.5,0.0
503,11.5,0.0
504,11.5,0.0
505,11.5,0.0
506,11.5,0.0
507,11.5,0.0
508,11.5,0.0
509,11.5,0.0
510,11.5,0.0
511,11.5,0.0
512,11.5,0.0
513,11.5,0.0
514,11.5,0.0
515,11.5,0.0
516,11.5,0.0
517,11.5,0.0
518,11.5,0.0
519,11.5,0.0
520,11.5,0.0
521,11.5,0.0
522,11.5,0.0
523,11.5,0.0
524,11.5,0.0
525,11.5,0.0
526,11.5,0.0
527,11.600000000000001,0.0
528,11.600000000000001,0.0
529,11.600000000000001,0.0
530,11.600000000000001,0.0
531,11.600000000000001,0.0
532,11.600000000000001,0.0
533,11.600000000000001,0.0
534,11.600000000000001,0.0
535,11.600000000000001,0.0
536,11.600000000000001,0.0
537,11.600000000000001,0.0
538,11.600000000000001,0.0
539,11.600000000000001,0.0
540,11.600000000000001,0.0
541,11.600000000000001,0.0
542,11.600000000000001,0.0
543,11.600000000000001,0.0
544,11.600000000000001,0.0
545,11.600000000000001,0.0
546,11.600000000000001,0.0
547,11.600000000000001,0.0
548,11.600000000000001,0.0
549,11.600000000000001,0.0
550,11.600000000000001,0.0
551,11.600000000000001,0.0
552,11.600000000000001,0.0
553,11.600000000000001,0.0
554,11.600000000000001,0.0
555,11.600000000000001,0.0
556,11.600000000000001,0.0
557,11.600000000000001,0.0
558,11.700000000000001,0.0
559,11.700000000000001,0.0
560,11.700000000000001,0.0
561,11.700000000000001,0.0
562,11.700000000000001,0.0
563,11.700000000000001,0.0
564,11.700000000000001,0.0
565,11.700000000000001,0.0
566,11.700000000000001,0.0
567,11.700000000000001,0.0
568,11.700000000000001,0.0
569,11.700000000000001,0.0
570,11.700000000000001,0.0
571,11.700000000000001,0.0
572,11.700000000000001,0.0
573,11.700000000000001,0.0
574,11.700000000000001,0.0
575,11.700000000000001,0.0
576,11.700000000000001,0.0
577,11.700000000000001,0.0
578,11.700000000000001,0.0
579,11.700000000000001,0.0
580,11.700000000000001,0.0
581,11.700000000000001,0.0
582,11.700000000000001,0.0
583,11.700000000000001,0.0
584,11.700000000000001,0.0
585,11.700000000000001,0.0
586,11.700000000000001,0.0
587,11.700000000000001,0.0
588,11.700000000000001,0.0
589,12.3,0.0
590,12.3,0.0
591,12.3,0.0
592,12.3,0.0
593,12.3,0.0
594,12.3,0.0
595,12.3,0.0
596,12.3,0.0
597,12.3,0.0
598,12.3,0.0
599,12.3,0.0
600,12.3,0.0
601,12.3,0.0
602,12.3,0.0
603,12.3,0.0
604,12.3,0.0
605,12.3,0.0
606,12.3,0.0
607,12.3,0.0
608,12.3,0.0
609,12.3,0.0
610,12.3,0.0
611,12.3,0.0
612,12.3,0.0
613,12.3,0.0
614,12.3,0.0
615,12.3,0.0
616,12.3,0.0
617,12.3,0.0
618,12.3,0.0
619,12.3,0.0
620,12.3,0.0
621,12.3,0.0
622,12.3,0.0
623,12.3,0.0
624,12.3,0.0
625,12.3,0.0
626,12.3,0.0
627,12.3,0.0
628,12.3,0.0
629,12.3,0.0
630,12.3,0.0
631,12.3,0.0
632,12.3,0.0
633,12.3,0.0
634,14.5,0.0
635,14.5,0.0
636,14.5,0.0
637,14.5,0.0
638,14.5,0.0
639,14.5,0.0
640,14.5,0.0
641,14.5,0.0
642,14.5,0.0
643,14.5,0.0
644,14.5,0.0
645,14.5,0.0
646,14.5,0.0
647,14.5,0.0
648,14.5,0.0
649,14.5,0.0
650,14.5,0.0
651,14.5,0.0
652,14.5,0.0
653,14.5,0.0
654,14.5,0.0
655,14.5,0.0
656,14.5,0.0
657,14.5,0.0
658,14.5,0.0
659,14.5,0.0
660,14.5,0.0
661,14.5,0.0
662,14.5,0.0
663,14.5,0.0
664,14.5,0.0
665,14.5,0.0
666,14.5,0.0
667,14.5,0.0
668,14.5,0.0
669,14.5,0.0
670,14.5,0.0
671,14.5,0.0
672,14.5,0.0
673,14.5,0.0
674,14.5,0.0
675,14.5,0.0
676,14.5,0.0
677,14.5,0.0
678,14.5,0.0
679,14.5,0.0
680,14.5,0.0
681,15.100000000000001,0.0
682,15.100000000000001,0.0
683,15.100000000000001,0.0
684,15.100000000000001,0.0
685,15.100000000000001,0.0
686,15.100000000000001,0.0
687,15.100000000000001,0.0
688,15.100000000000001,0.0
689,15.100000000000001,0.0
690,15.100000000000001,0.0
691,15.100000000000001,0.0
692,15.100000000000001,0.0
693,15.100000000000001,0.0
694,15.100000000000001,0.0
695,15.100000000000001,0.0
696,15.100000000000001,0.0
697,15.100000000000001,0.0
698,15.100000000000001,0.0
699,15.100000000000001,0.0
700,15.100000000000001,0.0
701,15.100000000000001,0.0
702,15.100000000000001,0.0
703,15.100000000000001,0.0
704,15.100000000000001,0.0
705,15.100000000000001,0.0
706,15.100000000000001,0.0
707,15.100000000000001,0.0
708,15.100000000000001,0.0
709,15.100000000000001,0.0
710,15.100000000000001,0.0
711,15.100000000000001,0.0
712,15.100000000000001,0.0
713,15.100000000000001,0.0
714,15.100000000000001,0.0
715,15.100000000000001,0.0
716,15.100000000000001,0.0
717,15.100000000000001,0.0
718,15.100000000000001,0.0
719,15.100000000000001,0.0
720,15.100000000000001,0.0
721,15.100000000000001,0.0
722,15.100000000000001,0.0
723,15.100000000000001,0.0
724,15.100000000000001,0.0
725,15.100000000000001,0.0
726,15.100000000000001,0.0
727,15.100000000000001,0.0
728,15.100000000000001,0.0
729,15.100000000000001,0.0
730,15.100000000000001,0.0
731,15.100000000000001,0.0
732,15.100000000000001,0.0
733,15.100000000000001,0.0
734,15.100000000000001,0.0
735,15.100000000000001,0.0
736,15.100000000000001,0.0
737,15.100000000000001,0.0
738,15.100000000000001,0.0
739,15.100000000000001,0.0
740,15.100000000000001,0.0
741,15.100000000000001,0.0
742,15.100000000000001,0.0
743,15.100000000000001,0.0
744,15.100000000000001,0.0
745,15.100000000000001,0.0
746,15.100000000000001,0.0
747,15.100000000000001,0.0
748,15.100000000000001,0.0
749,15.100000000000001,0.0
750,16.1,0.0
751,16.1,0.0
752,16.1,0.0
753,16.1,0.0
754,16.1,0.0
755,16.1,0.0
756,16.1,0.0
757,16.1,0.0
758,16.1,0.0
759,16.1,0.0
760,16.1,0.0
761,16.1,0.0
762,16.1,0.0
763,16.1,0.0
764,16.1,0.0
765,16.1,0.0
766,16.1,0.0
767,16.1,0.0
768,16.1,0.0
769,16.1,0.0
770,16.1,0.0
771,16.1,0.0
772,16.1,0.0
773,16.1,0.0
774,16.1,0.0
775,16.1,0.0
776,16.1,0.0
777,16.1,0.0
778,16.1,0.0
779,16.1,0.0
780,16.1,0.0
781,16.1,0.0
782,16.1,0.0
783,16.1,0.0
784,16.1,0.0
785,16.1,0.0
786,16.1,0.0
787,16.1,0.0
788,16.1,0.0
789,16.1,0.0
790,16.1,0.0
791,16.1,0.0
792,16.1,0.0
793,16.1,0.0
794,16.1,0.0
795,16.5,0.0
796,16.5,0.0
797,16.5,0.0
798,16.5,0.0
799,16.5,0.0
800,16.5,0.0
801,16.5,0.0
802,16.5,0.0
803,16.5,0.0
804,16.5,0.0
805,16.5,0.0
806,16.5,0.0
807,16.5,0.0
808,16.5,0.0
809,16.5,0.0
810,16.5,0.0
811,16.5,0.0
812,16.5,0.0
813,16.5,0.0
814,16.5,0.0
815,16.5,0.0
816,16.5,0.0
817,16.5,0.0
818,16.5,0.0
819,16.5,0.0
820,16.6,0.0
821,16.6,0.0
822,16.6,0.0
823,16.6,0.0
824,16.6,0.0
825,16.6,0.0
826,16.6,0.0
827,16.6,0.0
828,16.6,0.0
829,16.6,0.0
830,16.6,0.0
831,16.6,0.0
832,16.6,0.0
833,16.6,0.0
834,16.6,0.0
835,16.6,0.0
836,16.6,0.0
837,16.6,0.0
838,16.6,0.0
839,16.6,0.0
840,16.6,0.0
841,16.6,0.0
842,16.6,0.0
843,16.6,0.0
844,16.6,0.0
845,16.6,0.0
846,16.6,0.0
847,16.6,0.0
848,16.6,0.0
849,16.6,0.0
850,16.6,0.0
851,16.6,0.0
852,16.6,0.0
853,16.6,0.0
854,16.6,0.0
855,16.6,0.0
856,16.6,0.0
857,16.6,0.0
858,16.6,0.0
859,16.6,0.0
860,16.6,0.0
861,16.6,0.0
862,16.6,0.0
863,16.6,0.0
864,16.6,0.0
865,16.6,0.0
866,16.6,0.0
867,16.6,0.0
868,16.6,0.0
869,16.6,0.0
870,16.6,0.0
871,16.6,0.0
872,16.6,0.0
873,16.6,0.0
874,16.6,0.0
875,16.6,0.0
876,16.6,0.0
877,16.6,0.0
878,16.6,0.0
879,16.6,0.0
880,16.6,0.0
881,16.6,0.0
882,16.6,0.0
883,16.6,0.0
884,16.6,0.0
885,16.6,0.0
886,16.6,0.0
887,16.6,0.0
888,16.6,0.0
889,16.6,0.0
890,16.6,0.0
891,16.6,0.0
892,16.6,0.0
893,16.6,0.0
894,16.6,0.0
895,16.6,0.0
896,16.6,0.0
897,16.6,0.0
898,16.6,0.0
899,16.6,0.0
900,16.6,0.0
901,16.6,0.0
902,16.6,0.0
903,16.6,0.0
904,16.6,0.0
905,16.6,0.0
906,16.6,0.0
907,16.6,0.0
908,16.6,0.0
909,16.6,0.0
910,16.6,0.0
911,16.6,0.0
912,16.6,0.0
913,16.6,0.0
914,16.6,0.0
915,16.6,0.0
916,16.6,0.0
917,16.6,0.0
918,16.6,0.0
919,16.6,0.0
920,16.6,0.0
921,16.6,0.0
922,16.6,0.0
923,18.0,0.0
924,18.0,0.0
925,18.0,0.0
926,18.0,0.0
927,18.0,0.0
928,18.0,0.0
929,18.0,0.0
930,18.0,0.0
931,18.0,0.0
932,18.0,0.0
933,18.0,0.0
934,18.0,0.0
935,18.0,0.0
936,18.0,0.0
937,18.0,0.0
938,18.0,0.0
939,18.0,0.0
940,18.0,0.0
941,18.0,0.0
942,18.0,0.0
943,18.0,0.0
944,18.0,0.0
945,18.0,0.0
946,18.0,0.0
947,18.0,0.0
948,18.0,0.0
949,18.0,0.0
950,18.0,0.0
951,18.0,0.0
952,18.0,0.0
953,18.0,0.0
954,18.0,0.0
955,18.0,0.0
956,18.0,0.0
957,18.0,0.0
958,18.0,0.0
959,18.0,0.0
960,18.0,0.0
961,18.0,0.0
962,18.0,0.0
963,18.0,0.0
964,18.0,0.0
965,18.0,0.0
966,18.0,0.0
967,18.0,0.0
968,18.0,0.0
969,18.0,0.0
970,18.0,0.0
971,18.0,0.0
972,18.0,0.0
973,18.0,0.0
974,18.0,0.0
975,18.0,0.0
976,18.0,0.0
977,18.0,0.0
978,18.3,0.0
979,18.3,0.0
980,18.3,0.0
981,18.3,0.0
982,18.3,0.0
983,18.3,0.0
984,18.3,0.0
985,18.3,0.0
986,18.3,0.049380935806262016
987,18.3,0.07445345001905324
988,18.3,0.07445345001905324
989,18.3,0.07445345001905679
990,18.3,0.14938093580625633
991,18.3,0.14938093580626344
992,18.3,0.14938093580626344
993,18.3,0.17445345001905466
994,18.3,0.2744534500190561
995,18.3,0.2744534500190561
996,18.3,0.33197752473770414
997,18.3,0.34649196956889217
998,18.3,0.34649196956889217
999,18.3,0.3493809358062663
1000,18.3,0.4088889993867326
1001,18.3,0.43197752473770556
1002,18.3,0.43197752473770556
1003,18.3,0.43487809324912874
1004,18.3,0.4359339001872904
1005,18.3,0.4359339001872904
1006,18.3,0.44490245802462525
1007,18.3,0.4464919695688918
1008,18.3,0.4464919695688918
1009,18.3,0.4464919695688918
1010,18.3,0.4493809358062606
1011,18.3,0.5319775247377052
1012,18.3,0.5744534500190568
1013,18.3,0.6218178000983414
1014,18.3,0.6348780932491316
1015,18.3,0.6348780932491316
1016,18.3,0.6348780932491316
1017,18.3,0.6359339001872897
1018,18.3,0.646491969568892
1019,18.3,0.6493809358062634
1020,18.3,0.6770987685014829
1021,18.3,0.7464919695688916
1022,18.3,0.7464919695688916
1023,18.3,0.7493809358062578
1024,18.8,0.7493809358062578
1025,18.8,0.7493809358062578
1026,18.8,0.7493809358062578
1027,18.8,0.7493809358062578
1028,18.8,0.7493809358062578
1029,18.8,0.7493809358062649
1030,18.8,0.7493809358062649
1031,18.8,0.7493809358062649
1032,18.8,0.7493809358062649
1033,18.8,0.7493809358062649
1034,18.8,0.7493809358062649
1035,18.8,0.7493809358062649
1036,18.8,0.7493809358062649
1037,18.8,0.7493809358062649
1038,18.8,0.7493809358062649
1039,18.8,0.7493809358062649
1040,18.8,0.7493809358062649
1041,18.8,0.7744534500190525
1042,18.8,0.8053271012547008
1043,18.8,0.8088889993867348
1044,18.8,0.8319775247377059
1045,18.8,0.8464919695688922
1046,18.8,0.8493809358062592
1047,18.8,0.8656163846209033
1048,18.8,0.9319775247377038
1049,18.8,0.9319775247377056
1050,18.8,0.9493809358062606
1051,18.8,1.049380935806262
1052,18.8,1.049380935806262
1053,18.8,1.0744534500190532
1054,18.8,1.0744534500190532
1055,18.8,1.131977524737703
1056,18.8,1.1319775247377049
1057,18.8,1.1359339001872897
1058,18.8,1.1359339001872897
1059,18.8,1.1493809358062634
1060,18.8,1.1493809358062634
1061,18.8,1.1493809358062634
1062,18.8,1.1493809358062634
1063,18.8,1.2319775247377045
1064,18.8,1.2319775247377045
1065,18.8,1.2319775247377045
1066,18.8,1.2319775247377045
1067,18.8,1.2359339001872875
1068,18.8,1.2493809358062649
1069,18.8,1.2493809358062649
1070,18.8,1.2493809358062649
1071,18.8,1.2493809358062649
1072,18.8,1.2879120879120833
1073,18.8,1.287912087912087
1074,18.8,1.3319775247377024
1075,18.8,1.3464919695688913
1076,18.8,1.4319775247377038
1077,18.8,1.4464919695688918
1078,18.8,1.4603373499301036
1079,18.8,1.4744534500190554
1080,18.8,1.4744534500190554
1081,18.8,1.4744534500190554
1082,18.8,1.4744534500190554
1083,18.8,1.5319775247377052
1084,18.8,1.5348780932491302
1085,18.8,1.5464919695688915
1086,18.8,1.5464919695688915
1087,18.8,1.5464919695688915
1088,18.8,1.5464919695688915
1089,18.8,1.5464919695688915
1090,18.8,1.646491969568892
1091,18.8,1.646491969568892
1092,18.8,1.6493809358062634
1093,18.8,1.6493809358062634
1094,18.8,1.6493809358062634
1095,18.8,1.6493809358062634
1096,18.8,1.6493809358062634
1097,18.8,1.6493809358062634
1098,18.8,1.6493809358062634
1099,18.8,1.6493809358062634
1100,18.8,1.6493809358062634
1101,18.8,1.6493809358062634
1102,18.8,1.6493809358062634
1103,18.8,1.6493809358062634
1104,18.8,1.6493809358062634
1105,18.8,1.6493809358062634
1106,18.8,1.6493809358062634
1107,18.8,1.6493809358062634
1108,18.8,1.6744534500190547
1109,18.8,1.6744534500190547
1110,18.8,1.6744534500190547
1111,18.8,1.7284156266056705
1112,18.8,1.735933900187291
1113,18.8,1.735933900187291
1114,18.8,1.7464919695688916
1115,18.8,1.7744534500190525
1116,18.8,1.7852783717037104
1117,18.8,1.7879120879120833
1118,18.8,1.7879120879120833
1119,18.8,1.8493809358062663
1120,18.8,1.9493809358062606
1121,18.8,1.9493809358062606
1122,19.900000000000002,1.9493809358062606
1123,19.900000000000002,1.9493809358062606
1124,19.900000000000002,1.9493809358062606
1125,19.900000000000002,2.0319775247377034
1126,19.900000000000002,2.0319775247377034
1127,19.900000000000002,2.031977524737705
1128,19.900000000000002,2.031977524737705
1129,19.900000000000002,2.031977524737705
1130,19.900000000000002,2.049380935806262
1131,19.900000000000002,2.049380935806262
1132,19.900000000000002,2.049380935806269
1133,19.900000000000002,2.0744534500190532
1134,19.900000000000002,2.0830313979635235
1135,19.900000000000002,2.116674125271409
1136,19.900000000000002,2.131977524737703
1137,19.900000000000002,2.131977524737703
1138,19.900000000000002,2.131977524737705
1139,19.900000000000002,2.131977524737705
1140,19.900000000000002,2.134878093249128
1141,19.900000000000002,2.1348780932491316
1142,19.900000000000002,2.1348780932491316
1143,19.900000000000002,2.1348780932491316
1144,19.900000000000002,2.1493809358062634
1145,19.900000000000002,2.1493809358062634
1146,19.900000000000002,2.1493809358062634
1147,19.900000000000002,2.1493809358062634
1148,19.900000000000002,2.1493809358062634
1149,19.900000000000002,2.1744534500190547
1150,19.900000000000002,2.1744534500190547
1151,19.900000000000002,2.1744534500190547
1152,19.900000000000002,2.2319775247377045
1153,19.900000000000002,2.2319775247377045
1154,19.900000000000002,2.2359339001872875
1155,19.900000000000002,2.249380935806265
1156,19.900000000000002,2.249380935806265
1157,19.900000000000002,2.3088889993867348
1158,19.900000000000002,2.344902458024624
1159,19.900000000000002,2.346491969568892
1160,19.900000000000002,2.374453450019054
1161,19.900000000000002,2.374453450019054
1162,19.900000000000002,2.374453450019054
1163,19.900000000000002,2.421817800098342
1164,19.900000000000002,2.446491969568892
1165,19.900000000000002,2.446491969568892
1166,19.900000000000002,2.508888999386734
1167,19.900000000000002,2.531977524737705
1168,19.900000000000002,2.549380935806262
1169,19.900000000000002,2.5744534500190532
1170,19.900000000000002,2.6493809358062634
1171,19.900000000000002,2.6493809358062634
1172,19.900000000000002,2.6493809358062634
1173,19.900000000000002,2.6744534500190547
1174,19.900000000000002,2.6879120879120855
1175,19.900000000000002,2.7493809358062578
1176,19.900000000000002,2.7493809358062578
1177,19.900000000000002,2.788967894850245
1178,19.900000000000002,2.831977524737704
1179,19.900000000000002,2.831977524737704
1180,19.900000000000002,2.8603373499301057
1181,19.900000000000002,2.874453450019054
1182,20.0,2.874453450019054
1183,20.0,2.874453450019054
1184,20.0,2.874453450019054
1185,20.0,2.8744534500190575
1186,20.0,2.8744534500190575
1187,20.0,2.8879120879120848
1188,20.0,2.8879120879120848
1189,20.0,2.8879120879120848
1190,20.0,2.8879120879120848
1191,20.0,2.889629224470852
1192,20.0,2.931977524737704
1193,20.0,2.946491969568892
1194,20.0,2.9493809358062606
1195,20.0,2.9493809358062606
1196,20.0,2.9493809358062606
1197,20.0,2.9493809358062606
1198,20.0,2.9493809358062606
1199,20.0,2.9493809358062606
1200,20.0,2.9493809358062606
1201,20.0,2.9493809358062606
1202,20.0,3.0603373499301014
1203,20.0,3.0744534500190532
1204,20.0,3.1088889993867355
1205,20.0,3.1493809358062634
1206,20.0,3.1493809358062634
1207,20.0,3.1493809358062634
1208,20.0,3.1493809358062634
1209,20.0,3.1493809358062634
1210,20.0,3.1493809358062634
1211,20.0,3.1744534500190547
1212,20.0,3.1744534500190547
1213,20.0,3.1744534500190547
1214,20.0,3.1744534500190547
1215,20.0,3.1744534500190547
1216,20.0,3.1744534500190547
1217,20.0,3.2014983508196124
1218,20.0,3.2319775247377045
1219,20.0,3.2348780932491294
1220,20.0,3.249380935806265
1221,20.0,3.2879120879120833
1222,20.0,3.305060248951648
1223,20.200000000000003,3.3348780932491273
1224,20.200000000000003,3.3493809358062663
1225,20.200000000000003,3.3493809358062663
1226,20.200000000000003,3.3493809358062663
1227,20.200000000000003,3.3493809358062663
1228,20.200000000000003,3.3493809358062663
1229,20.200000000000003,3.4053271012546986
1230,20.200000000000003,3.435933900187287
1231,20.200000000000003,3.4359339001872904
1232,20.200000000000003,3.4493809358062606
1233,20.200000000000003,3.4493809358062606
1234,20.200000000000003,3.4493809358062606
1235,20.200000000000003,3.4493809358062606
1236,20.200000000000003,3.4493809358062606
1237,20.200000000000003,3.4493809358062606
1238,20.200000000000003,3.4493809358062677
1239,20.200000000000003,3.4744534500190554
1240,20.200000000000003,3.4744534500190554
1241,20.200000000000003,3.531977524737705
1242,20.200000000000003,3.53487809324913
1243,20.200000000000003,3.53487809324913
1244,20.200000000000003,3.5573052889794923
1245,20.200000000000003,3.5744534500190532
1246,20.200000000000003,3.5744534500190532
1247,20.200000000000003,3.5744534500190532
1248,20.200000000000003,3.5744534500190532
1249,20.200000000000003,3.5744534500190532
1250,20.200000000000003,3.5744534500190532
1251,20.200000000000003,3.574453450019057
1252,20.200000000000003,3.574453450019057
1253,20.200000000000003,3.587912087912084
1254,20.200000000000003,3.587912087912084
1255,20.200000000000003,3.608888999386732
1256,20.200000000000003,3.6319775247377066
1257,20.200000000000003,3.6493809358062634
1258,20.200000000000003,3.6493809358062634
1259,20.200000000000003,3.6493809358062634
1260,20.200000000000003,3.7319775247377045
1261,20.200000000000003,3.7319775247377045
1262,20.200000000000003,3.7319775247377045
1263,20.200000000000003,3.7348780932491294
1264,20.400000000000002,3.7493809358062578
1265,20.400000000000002,3.7493809358062578
1266,20.400000000000002,3.7493809358062578
1267,20.400000000000002,3.7493809358062578
1268,20.400000000000002,3.7493809358062578
1269,20.400000000000002,3.7603373499301043
1270,20.400000000000002,3.774453450019056
1271,20.400000000000002,3.774453450019056
1272,20.400000000000002,3.774453450019056
1273,20.400000000000002,3.774453450019056
1274,20.400000000000002,3.787912087912087
1275,20.400000000000002,3.8493809358062663
1276,20.400000000000002,3.8493809358062663
1277,20.400000000000002,3.8493809358062663
1278,20.400000000000002,3.8879120879120848
1279,20.400000000000002,3.931977524737704
1280,20.400000000000002,3.931977524737704
1281,20.400000000000002,3.931977524737704
1282,20.400000000000002,3.9879120879120826
1283,20.400000000000002,4.0464919695688915
1284,20.400000000000002,4.078282200454144
1285,20.400000000000002,4.174453450019055
1286,20.400000000000002,4.208888999386733
1287,20.400000000000002,4.2348780932491294
1288,20.400000000000002,4.2744534500190525
1289,20.400000000000002,4.331977524737706
1290,20.400000000000002,4.331977524737706
1291,20.400000000000002,4.334878093249131
1292,20.400000000000002,4.349380935806266
1293,20.400000000000002,4.349380935806266
1294,20.400000000000002,4.3744534500190575
1295,20.400000000000002,4.3744534500190575
1296,20.400000000000002,4.431977524737704
1297,20.400000000000002,4.431977524737704
1298,20.400000000000002,4.435933900187287
1299,20.400000000000002,4.435933900187287
1300,20.400000000000002,4.449380935806261
1301,20.400000000000002,4.474453450019055
1302,20.400000000000002,4.474453450019055
1303,20.400000000000002,4.474453450019055
1304,20.400000000000002,4.531977524737705
1305,20.400000000000002,4.531977524737705
1306,20.400000000000002,4.53487809324913
1307,20.400000000000002,4.53487809324913
1308,20.400000000000002,4.595569588782258
1309,20.400000000000002,4.6088889993867355
1310,20.400000000000002,4.646491969568893
1311,20.400000000000002,4.649380935806263
1312,20.400000000000002,4.649380935806263
1313,20.400000000000002,4.649380935806263
1314,20.400000000000002,4.6879120879120855
1315,20.400000000000002,4.708888999386733
1316,20.400000000000002,4.7348780932491294
1317,20.400000000000002,4.749380935806265
1318,20.400000000000002,4.749380935806265
1319,20.400000000000002,4.749380935806265
1320,20.400000000000002,4.750715197321533
1321,20.400000000000002,4.7744534500190525
1322,20.400000000000002,4.774453450019056
1323,20.400000000000002,4.774453450019056
1324,20.400000000000002,4.797936452687583
1325,20.400000000000002,4.831977524737706
1326,20.400000000000002,4.831977524737706
1327,20.400000000000002,4.831977524737706
1328,20.400000000000002,4.834878093249127
1329,20.400000000000002,4.835933900187289
1330,20.400000000000002,4.846491969568892
1331,20.400000000000002,4.849380935806266
1332,20.400000000000002,4.849380935806266
1333,20.400000000000002,4.849380935806266
1334,20.400000000000002,4.849380935806266
1335,20.400000000000002,4.874453450019054
1336,20.400000000000002,4.877098768501482
1337,21.1,4.887912087912085
1338,21.1,4.957305288979491
1339,21.1,4.987912087912083
1340,21.1,5.0464919695688915
1341,21.1,5.074453450019057
1342,21.1,5.074453450019057
1343,21.1,5.087912087912088
1344,21.1,5.128415626605673
1345,21.1,5.131977524737703
1346,21.1,5.146491969568893
1347,21.1,5.149380935806263
1348,21.1,5.149380935806263
1349,21.1,5.149380935806263
1350,21.1,5.149380935806263
1351,21.1,5.159150050552764
1352,21.1,5.174453450019055
1353,21.1,5.174453450019055
1354,21.1,5.174453450019055
1355,21.1,5.174453450019055
1356,21.1,5.2319775247377045
1357,21.1,5.2359339001872875
1358,21.1,5.274453450019056
1359,21.1,5.274453450019056
1360,21.1,5.274453450019056
1361,21.1,5.274453450019056
1362,21.1,5.331977524737706
1363,21.1,5.349380935806266
1364,21.1,5.349380935806266
1365,21.1,5.349380935806266
1366,21.1,5.349380935806266
1367,21.1,5.349380935806266
1368,21.1,5.349380935806266
1369,21.1,5.349380935806266
1370,21.1,5.349380935806266
1371,21.1,5.349380935806266
1372,21.1,5.349380935806266
1373,21.1,5.349380935806266
1374,21.3,5.349380935806266
1375,21.3,5.349380935806266
1376,21.3,5.3744534500190575
1377,21.3,5.3744534500190575
1378,21.3,5.387912087912085
1379,21.3,5.408888999386733
1380,21.3,5.431977524737704
1381,21.3,5.449380935806261
1382,21.3,5.449380935806261
1383,21.3,5.449380935806261
1384,21.3,5.474453450019055
1385,21.3,5.474453450019055
1386,21.3,5.474453450019055
1387,21.3,5.5464919695688915
1388,21.3,5.549380935806262
1389,21.3,5.549380935806262
1390,21.3,5.574453450019053
1391,21.3,5.574453450019053
1392,21.3,5.6088889993867355
1393,21.3,5.631977524737703
1394,21.3,5.631977524737703
1395,21.3,5.631977524737707
1396,21.3,5.631977524737707
1397,21.3,5.63593390018729
1398,21.3,5.660337349930103
1399,21.3,5.674453450019055
1400,21.3,5.7319775247377045
1401,21.3,5.7319775247377045
1402,21.3,5.749380935806258
1403,21.3,5.749380935806258
1404,21.3,5.749380935806265
1405,21.3,5.749380935806265
1406,21.3,5.749380935806265
1407,21.3,5.791729236073117
1408,21.3,5.808888999386735
1409,21.3,5.808888999386735
1410,21.3,5.874453450019054
1411,21.3,5.874453450019054
1412,21.3,5.874453450019054
1413,21.3,5.874453450019054
1414,21.3,5.874453450019054
1415,21.3,5.8744534500190575
1416,21.3,5.8744534500190575
1417,21.3,5.887912087912085
1418,21.3,5.934878093249132
1419,21.3,5.949380935806261
1420,21.3,5.949380935806261
1421,21.3,5.974453450019055
1422,21.3,5.974453450019055
1423,21.3,6.03487809324913
1424,21.3,6.03487809324913
1425,21.3,6.049380935806269
1426,21.3,6.049380935806269
1427,21.3,6.049380935806269
1428,21.3,6.087912087912084
1429,21.3,6.087912087912084
1430,21.3,6.087912087912088
1431,21.3,6.146491969568891
1432,21.3,6.146491969568891
1433,21.3,6.146491969568891
1434,21.3,6.2319775247377045
1435,21.3,6.2319775247377045
1436,21.3,6.2348780932491294
1437,21.3,6.249380935806265
1438,21.3,6.249380935806265
1439,21.3,6.249380935806265
1440,21.3,6.249380935806265
1441,21.3,6.249380935806265
1442,21.3,6.249380935806265
1443,21.3,6.249380935806265
1444,21.3,6.249380935806265
1445,21.3,6.249380935806265
1446,21.3,6.249380935806265
1447,21.3,6.249380935806265
1448,22.0,6.249380935806265
1449,22.0,6.249380935806265
1450,22.0,6.249380935806265
1451,22.0,6.249380935806265
1452,22.0,6.257305288979495
1453,22.0,6.274453450019056
1454,22.0,6.331977524737706
1455,22.0,6.331977524737706
1456,22.0,6.331977524737706
1457,22.0,6.408888999386736
1458,22.0,6.531977524737705
1459,22.0,6.535933900187292
1460,22.0,6.574453450019053
1461,22.0,6.574453450019053
1462,22.0,6.608888999386732
1463,22.0,6.649380935806263
1464,22.0,6.674453450019055
1465,22.0,6.674453450019055
1466,22.0,6.701370725805113
1467,22.0,6.7319775247377045
1468,22.0,6.7319775247377045
1469,22.0,6.774453450019056
1470,22.0,6.774453450019056
1471,22.0,6.774453450019056
1472,22.0,6.787912087912083
1473,22.0,6.835933900187289
1474,22.0,6.8744534500190575
1475,22.0,6.931977524737704
1476,22.0,6.931977524737704
1477,22.0,6.934878093249129
1478,22.0,6.949380935806261
1479,22.0,6.949380935806261
1480,22.0,6.949380935806261
1481,22.0,6.949380935806261
1482,22.0,6.949380935806261
1483,22.0,6.987912087912086
1484,22.0,7.035933900187288
1485,22.0,7.035933900187292
1486,22.0,7.074453450019053
1487,22.0,7.074453450019053
1488,22.0,7.074453450019053
1489,22.0,7.074453450019057
1490,22.0,7.087912087912084
1491,22.0,7.087912087912084
1492,22.0,7.131977524737703
1493,22.0,7.131977524737703
1494,22.0,7.131977524737703
1495,22.0,7.131977524737707
1496,22.0,7.131977524737707
1497,22.0,7.131977524737707
1498,22.0,7.131977524737707
1499,22.0,7.149380935806263
1500,22.0,7.149380935806263
1501,22.0,7.149380935806263
1502,22.0,7.1591500505527605
1503,22.0,7.174453450019055
1504,22.0,7.174453450019055
1505,22.0,7.174453450019055
1506,22.0,7.174453450019055
1507,22.0,7.208888999386737
1508,22.0,7.235933900187291
1509,22.0,7.249380935806258
1510,22.0,7.249380935806258
1511,22.0,7.331977524737706
1512,22.0,7.331977524737706
1513,22.0,7.360337349930106
1514,22.0,7.3744534500190575
1515,22.0,7.449380935806268
1516,22.0,7.449380935806268
1517,22.0,7.531977524737705
1518,22.0,7.53487809324913
1519,22.0,7.546491969568893
1520,22.0,7.546491969568893
1521,22.0,7.549380935806262
1522,22.0,7.549380935806262
1523,22.0,7.549380935806262
1524,22.0,7.549380935806262
1525,22.0,7.549380935806262
1526,22.0,7.549380935806262
1527,22.0,7.574453450019053
1528,22.0,7.649380935806263
1529,22.0,7.649380935806263
1530,22.0,7.649380935806263
1531,24.8,7.649380935806263
1532,24.8,7.674453450019055
1533,24.8,7.674453450019055
1534,24.8,7.691729236073115
1535,24.8,7.774453450019056
1536,24.8,7.774453450019056
1537,24.8,7.834878093249131
1538,24.8,7.849380935806266
1539,24.8,7.849380935806266
1540,24.8,7.857305288979493
1541,24.8,7.931977524737704
1542,24.8,7.93593390018729
1543,24.8,7.946491969568894
1544,24.8,8.049380935806262
1545,24.8,8.049380935806262
1546,24.8,8.04938093580627
1547,24.8,8.04938093580627
1548,24.8,8.04938093580627
1549,24.8,8.249380935806265
1550,24.8,8.249380935806265
1551,24.8,8.274453450019056
1552,24.8,8.320761993160179
1553,24.8,8.37445345001905
1554,24.8,8.37445345001905
1555,24.8,8.387912087912085
1556,24.8,8.387912087912085
1557,24.8,8.434878093249129
1558,24.8,8.474453450019059
1559,24.8,8.508888999386734
1560,24.8,8.531977524737705
1561,24.8,8.53487809324913
1562,24.8,8.53487809324913
1563,24.8,8.54649196956889
1564,24.8,8.608888999386735
1565,24.8,8.620761993160176
1566,24.8,8.631977524737703
1567,24.8,8.631977524737707
1568,24.8,8.631977524737707
1569,24.8,8.631977524737707
1570,24.8,8.631977524737707
1571,24.8,8.631977524737707
1572,24.8,8.634878093249132
1573,24.8,8.731977524737704
1574,24.8,8.731977524737704
1575,24.8,8.731977524737704
1576,24.8,8.731977524737704
1577,24.8,8.731977524737704
1578,24.8,8.731977524737704
1579,24.8,8.73487809324913
1580,24.8,8.749380935806258
1581,24.8,8.749380935806258
1582,24.8,8.749380935806258
1583,24.8,8.749380935806258
1584,24.8,8.774453450019056
1585,24.8,8.774453450019056
1586,24.8,8.774453450019056
1587,24.8,8.774453450019056
1588,24.8,8.974453450019059
1589,24.8,8.974453450019059
1590,24.8,8.974453450019059
1591,24.8,9.03487809324913
1592,24.8,9.03487809324913
1593,24.8,9.03487809324913
1594,24.8,9.074453450019053
1595,24.8,9.074453450019053
1596,24.8,9.146491969568892
1597,24.8,9.146491969568892
1598,24.8,9.146491969568892
1599,24.8,9.146491969568892
1600,24.8,9.146491969568892
1601,24.8,9.160337349930103
1602,24.8,9.160337349930103
1603,24.8,9.174453450019055
1604,24.8,9.174453450019055
1605,24.8,9.174453450019055
1606,24.8,9.174453450019055
1607,24.8,9.174453450019055
1608,24.8,9.174453450019055
1609,24.8,9.231977524737704
1610,24.8,9.231977524737704
1611,24.8,9.246491969568893
1612,24.8,9.246491969568893
1613,24.8,9.249380935806258
1614,24.8,9.249380935806258
1615,24.8,9.249380935806258
1616,24.8,9.249380935806258
1617,24.8,9.274453450019056
1618,24.8,9.274453450019056
1619,24.8,9.278282200454147
1620,24.8,9.288967894850245
1621,24.8,9.331977524737702
1622,24.8,9.331977524737702
1623,24.8,9.331977524737706
1624,24.8,9.331977524737706
1625,24.8,9.346491969568891
1626,24.8,9.37445345001905
1627,24.8,9.408888999386733
1628,24.8,9.431977524737704
1629,24.8,9.431977524737704
1630,24.8,9.431977524737704
1631,24.8,9.431977524737704
1632,24.8,9.431977524737707
1633,24.8,9.434878093249129
1634,24.8,9.44938093580626
1635,24.8,9.44938093580626
1636,24.8,9.44938093580626
1637,24.8,9.44938093580626
1638,24.8,9.44938093580626
1639,24.8,9.44938093580626
1640,24.8,9.44938093580626
1641,24.8,9.459150050552758
1642,24.8,9.460337349930107
1643,24.8,9.474453450019059
1644,24.8,9.474453450019059
1645,24.8,9.528415626605671
1646,24.8,9.531977524737705
1647,25.700000000000003,9.53487809324913
1648,25.700000000000003,9.53487809324913
1649,25.700000000000003,9.574453450019053
1650,25.700000000000003,9.657305288979494
1651,25.700000000000003,9.666540699119881
1652,25.700000000000003,9.687912087912085
1653,25.700000000000003,9.687912087912085
1654,25.700000000000003,9.708888999386733
1655,25.700000000000003,9.72181780009834
1656,25.700000000000003,9.731977524737704
1657,25.700000000000003,9.749380935806265
1658,25.700000000000003,9.749380935806265
1659,25.700000000000003,9.749380935806265
1660,25.700000000000003,9.774453450019056
1661,25.700000000000003,9.774453450019056
1662,25.700000000000003,9.787912087912087
1663,25.700000000000003,9.831977524737702
1664,25.700000000000003,9.831977524737706
1665,25.700000000000003,9.934878093249129
1666,25.700000000000003,9.974453450019059
1667,25.700000000000003,9.974453450019059
1668,25.700000000000003,10.020761993160178
1669,25.700000000000003,10.031977524737705
1670,25.700000000000003,10.04938093580627
1671,25.700000000000003,10.04938093580627
1672,25.700000000000003,10.04938093580627
1673,25.700000000000003,10.074453450019053
1674,25.700000000000003,10.074453450019053
1675,25.700000000000003,10.131977524737707
1676,25.700000000000003,10.131977524737707
1677,25.700000000000003,10.131977524737707
1678,25.700000000000003,10.149380935806263
1679,25.700000000000003,10.149380935806263
1680,25.700000000000003,10.15915005055276
1681,25.700000000000003,10.177098768501484
1682,25.700000000000003,10.231977524737704
1683,25.700000000000003,10.287912087912083
1684,25.700000000000003,10.287912087912083
1685,25.700000000000003,10.3053271012547
1686,25.700000000000003,10.331977524737706
1687,25.700000000000003,10.334878093249127
1688,25.700000000000003,10.34938093580626
1689,25.700000000000003,10.34938093580626
1690,25.700000000000003,10.349380935806266
1691,25.700000000000003,10.349380935806266
1692,25.700000000000003,10.349380935806266
1693,25.700000000000003,10.349380935806266
1694,25.700000000000003,10.349380935806266
1695,25.700000000000003,10.349380935806266
1696,25.700000000000003,10.387912087912088
1697,25.700000000000003,10.408888999386733
1698,25.700000000000003,10.44938093580626
1699,25.700000000000003,10.44938093580626
1700,25.700000000000003,10.44938093580626
1701,25.700000000000003,10.44938093580626
1702,25.700000000000003,10.474453450019059
1703,25.700000000000003,10.487912087912086
1704,25.700000000000003,10.531977524737705
1705,25.700000000000003,10.587912087912088
1706,25.700000000000003,10.588967894850246
1707,25.700000000000003,10.631977524737703
1708,25.700000000000003,10.631977524737703
1709,25.700000000000003,10.631977524737703
1710,25.700000000000003,10.63593390018729
1711,25.700000000000003,10.63593390018729
1712,25.700000000000003,10.674453450019055
1713,25.700000000000003,10.674453450019055
1714,25.700000000000003,10.674453450019055
1715,25.700000000000003,10.678282200454145
1716,25.700000000000003,10.708888999386737
1717,25.700000000000003,10.731977524737704
1718,25.700000000000003,10.731977524737704
1719,25.700000000000003,10.746491969568893
1720,25.700000000000003,10.774453450019056
1721,25.700000000000003,10.808888999386735
1722,25.700000000000003,10.831977524737706
1723,25.700000000000003,10.835933900187293
1724,25.700000000000003,10.846491969568891
1725,25.700000000000003,10.846491969568891
1726,25.700000000000003,10.931977524737707
1727,25.700000000000003,10.931977524737707
1728,25.700000000000003,10.931977524737707
1729,25.700000000000003,10.934878093249129
1730,25.700000000000003,10.946491969568893
1731,25.700000000000003,10.974453450019059
1732,25.700000000000003,10.974453450019059
1733,25.700000000000003,11.031977524737705
1734,25.700000000000003,11.031977524737705
1735,25.700000000000003,11.031977524737705
1736,25.700000000000003,11.031977524737705
1737,25.700000000000003,11.031977524737705
1738,25.700000000000003,11.131977524737707
1739,25.700000000000003,11.149380935806263
1740,25.700000000000003,11.174453450019055
1741,25.700000000000003,11.174453450019055
1742,25.700000000000003,11.234878093249133
1743,25.700000000000003,11.249380935806265
1744,25.700000000000003,11.308888999386731
1745,25.700000000000003,11.308888999386731
1746,25.700000000000003,11.349380935806266
1747,25.700000000000003,11.349380935806266
1748,25.700000000000003,11.362584323670294
1749,25.700000000000003,11.37445345001905
1750,25.700000000000003,11.434878093249132
1751,25.700000000000003,11.457305288979494
1752,25.700000000000003,11.487912087912086
1753,25.700000000000003,11.549380935806262
1754,25.700000000000003,11.549380935806262
1755,25.700000000000003,11.549380935806262
1756,25.700000000000003,11.549380935806262
1757,25.700000000000003,11.549380935806262
1758,25.700000000000003,11.549380935806262
1759,25.700000000000003,11.549380935806262
1760,25.700000000000003,11.54938093580627
1761,25.700000000000003,11.54938093580627
1762,25.700000000000003,11.54938093580627
1763,25.700000000000003,11.608888999386735
1764,26.700000000000003,11.634878093249128
1765,26.700000000000003,11.634878093249128
1766,26.700000000000003,11.687912087912085
1767,26.700000000000003,11.687912087912085
1768,26.700000000000003,11.731977524737704
1769,26.700000000000003,11.731977524737704
1770,26.700000000000003,11.749380935806265
1771,26.700000000000003,11.749380935806265
1772,26.700000000000003,11.749380935806265
1773,26.700000000000003,11.774453450019056
1774,26.700000000000003,11.820761993160179
1775,26.700000000000003,11.83487809324913
1776,26.700000000000003,11.83487809324913
1777,26.700000000000003,11.857305288979493
1778,26.700000000000003,11.87445345001905
1779,26.700000000000003,11.87445345001905
1780,26.700000000000003,11.87445345001905
1781,26.700000000000003,11.87445345001905
1782,26.700000000000003,11.874453450019057
1783,26.700000000000003,11.887912087912088
1784,26.700000000000003,11.887912087912088
1785,26.700000000000003,11.887912087912088
1786,26.700000000000003,11.931977524737704
1787,26.700000000000003,11.931977524737704
1788,26.700000000000003,11.934878093249132
1789,26.700000000000003,11.94938093580626
1790,26.700000000000003,11.94938093580626
1791,26.700000000000003,11.94938093580626
1792,26.700000000000003,11.94938093580626
1793,26.700000000000003,11.94938093580626
1794,26.700000000000003,11.94938093580626
1795,26.700000000000003,11.94938093580626
1796,26.700000000000003,11.949380935806268
1797,26.700000000000003,11.949380935806268
1798,26.700000000000003,11.949380935806268
1799,26.700000000000003,11.949380935806268
1800,26.700000000000003,11.987912087912086
1801,26.700000000000003,12.031977524737705
1802,26.700000000000003,12.074453450019053
1803,26.700000000000003,12.074453450019053
1804,26.700000000000003,12.074453450019053
1805,26.700000000000003,12.13593390018729
1806,26.700000000000003,12.208888999386737
1807,26.700000000000003,12.234878093249133
1808,26.700000000000003,12.24649196956889
1809,26.700000000000003,12.24649196956889
1810,26.700000000000003,12.249380935806265
1811,26.700000000000003,12.249380935806265
1812,26.700000000000003,12.249380935806265
1813,26.700000000000003,12.249380935806265
1814,26.700000000000003,12.249380935806265
1815,26.700000000000003,12.274453450019056
1816,26.700000000000003,12.274453450019056
1817,26.700000000000003,12.274453450019056
1818,26.700000000000003,12.288967894850245
1819,26.700000000000003,12.308888999386735
1820,26.700000000000003,12.335933900187293
1821,26.700000000000003,12.34938093580626
1822,26.700000000000003,12.34938093580626
1823,26.700000000000003,12.349380935806266
1824,26.700000000000003,12.349380935806266
1825,26.700000000000003,12.387912087912085
1826,26.700000000000003,12.408888999386736
1827,26.700000000000003,12.44938093580626
1828,26.700000000000003,12.44938093580626
1829,26.700000000000003,12.44938093580626
1830,26.700000000000003,12.462584323670296
1831,26.700000000000003,12.474453450019059
1832,26.700000000000003,12.574453450019053
1833,26.700000000000003,12.574453450019053
1834,26.700000000000003,12.574453450019053
1835,26.700000000000003,12.574453450019053
1836,26.700000000000003,12.574453450019053
1837,26.700000000000003,12.574453450019053
1838,26.700000000000003,12.57445345001906
1839,26.700000000000003,12.57445345001906
1840,26.700000000000003,12.608888999386735
1841,26.700000000000003,12.631977524737707
1842,26.700000000000003,12.631977524737707
1843,26.700000000000003,12.674453450019055
1844,26.700000000000003,12.73487809324913
1845,26.700000000000003,12.73487809324913
1846,26.700000000000003,12.73487809324913
1847,26.700000000000003,12.734878093249133
1848,26.700000000000003,12.74649196956889
1849,26.700000000000003,12.746491969568893
1850,26.700000000000003,12.749380935806265
1851,26.700000000000003,12.749380935806265
1852,26.700000000000003,12.774453450019056
1853,26.700000000000003,12.774453450019056
1854,26.700000000000003,12.774453450019056
1855,26.700000000000003,12.788967894850245
1856,26.700000000000003,12.831977524737706
1857,26.700000000000003,12.846491969568891
1858,26.700000000000003,12.849380935806266
1859,26.700000000000003,12.849380935806266
1860,26.700000000000003,12.849380935806266
1861,26.700000000000003,12.849380935806266
1862,26.700000000000003,12.849380935806266
1863,26.700000000000003,12.849380935806266
1864,26.700000000000003,12.849380935806266
1865,26.700000000000003,12.849380935806266
1866,26.700000000000003,12.87445345001905
1867,26.700000000000003,12.874453450019057
1868,26.700000000000003,12.874453450019057
1869,26.700000000000003,12.874453450019057
1870,26.700000000000003,12.874453450019057
1871,26.700000000000003,12.889629224470852
1872,26.700000000000003,12.908888999386736
1873,26.700000000000003,12.931977524737704
1874,26.700000000000003,12.931977524737704
1875,26.700000000000003,12.931977524737704
1876,26.700000000000003,12.94938093580626
1877,26.700000000000003,12.94938093580626
1878,26.700000000000003,12.94938093580626
1879,26.700000000000003,12.94938093580626
1880,26.700000000000003,12.949380935806268
1881,26.700000000000003,12.949380935806268
1882,26.700000000000003,12.949380935806268
1883,26.700000000000003,12.988967894850244
1884,26.700000000000003,12.991729236073112
1885,26.700000000000003,13.074453450019053
1886,26.700000000000003,13.074453450019053
1887,26.700000000000003,13.087912087912088
1888,26.700000000000003,13.108888999386735
1889,26.700000000000003,13.134878093249132
1890,26.700000000000003,13.13593390018729
1891,26.700000000000003,13.160337349930103
1892,26.700000000000003,13.174453450019055
1893,26.700000000000003,13.174453450019055
1894,26.700000000000003,13.174453450019055
1895,26.700000000000003,13.174453450019055
1896,26.700000000000003,13.174453450019055
1897,26.700000000000003,13.174453450019055
1898,26.700000000000003,13.220761993160181
1899,26.700000000000003,13.287912087912087
1900,26.700000000000003,13.287912087912087
1901,26.700000000000003,13.321817800098344
1902,26.700000000000003,13.331977524737706
1903,26.700000000000003,13.431977524737704
1904,26.700000000000003,13.434878093249129
1905,26.700000000000003,13.43593390018729
1906,26.700000000000003,13.44938093580626
1907,26.700000000000003,13.44938093580626
1908,26.700000000000003,13.44938093580626
1909,26.700000000000003,13.44938093580626
1910,26.700000000000003,13.44938093580626
1911,26.700000000000003,13.44938093580626
1912,26.700000000000003,13.44938093580626
1913,26.700000000000003,13.44938093580626
1914,26.700000000000003,13.474453450019059
1915,26.700000000000003,13.474453450019059
1916,26.700000000000003,13.474453450019059
1917,26.700000000000003,13.474453450019059
1918,26.700000000000003,13.474453450019059
1919,26.700000000000003,13.508888999386734
1920,26.700000000000003,13.574453450019053
1921,26.700000000000003,13.574453450019053
1922,27.200000000000003,13.574453450019053
1923,27.200000000000003,13.574453450019053
1924,27.200000000000003,13.574453450019053
1925,27.200000000000003,13.587912087912084
1926,27.200000000000003,13.587912087912088
1927,27.200000000000003,13.708888999386733
1928,27.200000000000003,13.708888999386733
1929,27.200000000000003,13.708888999386733
1930,27.200000000000003,13.731977524737704
1931,27.200000000000003,13.765484892181721
1932,27.200000000000003,13.808888999386735
1933,27.200000000000003,13.808888999386735
1934,27.200000000000003,13.808888999386735
1935,27.200000000000003,13.835933900187289
1936,27.200000000000003,13.84938093580626
1937,27.200000000000003,13.84938093580626
1938,27.200000000000003,13.849380935806266
1939,27.200000000000003,13.849380935806266
1940,27.200000000000003,13.849380935806266
1941,27.200000000000003,13.849380935806266
1942,27.200000000000003,13.849380935806266
1943,27.200000000000003,13.849380935806266
1944,27.200000000000003,13.849380935806266
1945,27.200000000000003,13.87445345001905
1946,27.200000000000003,13.887912087912088
1947,27.200000000000003,13.934878093249129
1948,27.200000000000003,13.94938093580626
1949,27.200000000000003,13.94938093580626
1950,27.200000000000003,13.94938093580626
1951,27.200000000000003,13.94938093580626
1952,27.200000000000003,13.94938093580626
1953,27.200000000000003,13.94938093580626
1954,27.200000000000003,13.94938093580626
1955,27.200000000000003,13.94938093580626
1956,27.200000000000003,13.94938093580626
1957,27.200000000000003,13.94938093580626
1958,27.200000000000003,13.94938093580626
1959,27.200000000000003,13.94938093580626
1960,27.200000000000003,13.974453450019052
1961,27.200000000000003,13.974453450019059
1962,27.200000000000003,13.974453450019059
1963,27.200000000000003,13.974453450019059
1964,27.200000000000003,13.974453450019059
1965,27.200000000000003,13.974453450019059
1966,27.200000000000003,13.987912087912086
1967,27.200000000000003,13.988967894850248
1968,27.200000000000003,14.031977524737705
1969,27.200000000000003,14.03487809324913
1970,27.200000000000003,14.03487809324913
1971,27.200000000000003,14.074453450019053
1972,27.200000000000003,14.077098768501486
1973,27.200000000000003,14.149380935806263
1974,27.200000000000003,14.149380935806263
1975,27.200000000000003,14.149380935806263
1976,27.200000000000003,14.149380935806263
1977,27.200000000000003,14.149380935806263
1978,27.200000000000003,14.149380935806263
1979,27.200000000000003,14.149380935806263
1980,27.200000000000003,14.149380935806263
1981,27.200000000000003,14.174453450019055
1982,27.200000000000003,14.231977524737704
1983,27.200000000000003,14.235933900187291
1984,27.200000000000003,14.246491969568893
1985,27.200000000000003,14.274453450019056
1986,27.200000000000003,14.335933900187289
1987,27.200000000000003,14.387912087912088
1988,27.200000000000003,14.387912087912088
1989,27.200000000000003,14.431977524737704
1990,27.200000000000003,14.434878093249129
1991,27.200000000000003,14.446491969568893
1992,27.200000000000003,14.446491969568893
1993,27.200000000000003,14.474453450019059
1994,27.200000000000003,14.474453450019059
1995,27.200000000000003,14.531977524737705
1996,27.200000000000003,14.531977524737705
1997,27.200000000000003,14.531977524737705
1998,27.200000000000003,14.531977524737705
1999,27.200000000000003,14.531977524737705
2000,27.200000000000003,14.53487809324913
2001,27.200000000000003,14.53487809324913
2002,27.200000000000003,14.53487809324913
2003,27.200000000000003,14.560337349930101
2004,27.200000000000003,14.574453450019053
2005,27.200000000000003,14.574453450019053
2006,27.200000000000003,14.687912087912085
2007,27.200000000000003,14.687912087912085
2008,27.200000000000003,14.708888999386737
2009,27.200000000000003,14.735933900187291
2010,27.200000000000003,14.787912087912087
2011,27.200000000000003,14.831977524737706
2012,27.200000000000003,14.834878093249127
2013,27.200000000000003,14.835933900187293
2014,27.200000000000003,14.849380935806266
2015,27.200000000000003,14.849380935806266
2016,27.200000000000003,14.849380935806266
2017,27.200000000000003,14.849380935806266
2018,27.200000000000003,14.849380935806266
2019,27.200000000000003,14.849380935806266
2020,27.200000000000003,14.849380935806266
2021,27.200000000000003,14.849380935806266
2022,27.200000000000003,14.849380935806266
2023,27.200000000000003,14.849380935806266
2024,27.200000000000003,14.857305288979493
2025,27.200000000000003,14.87445345001905
2026,27.200000000000003,14.87445345001905
2027,27.200000000000003,14.874453450019057
2028,27.200000000000003,14.874453450019057
2029,27.200000000000003,14.974453450019059
2030,27.200000000000003,14.974453450019059
2031,27.200000000000003,14.974453450019059
2032,27.200000000000003,14.989629224470853
2033,27.200000000000003,15.03487809324913
2034,27.200000000000003,15.035933900187292
2035,27.200000000000003,15.074453450019053
2036,27.200000000000003,15.108888999386735
2037,27.200000000000003,15.13593390018729
2038,27.200000000000003,15.13593390018729
2039,27.200000000000003,15.174453450019055
2040,27.200000000000003,15.187912087912085
2041,27.200000000000003,15.249380935806258
2042,27.200000000000003,15.277098768501482
2043,27.200000000000003,15.331977524737706
2044,27.200000000000003,15.331977524737706
2045,27.200000000000003,15.335933900187293
2046,27.200000000000003,15.349380935806266
2047,27.200000000000003,15.349380935806266
2048,27.200000000000003,15.349380935806266
2049,27.200000000000003,15.349380935806266
2050,27.200000000000003,15.349380935806266
2051,27.200000000000003,15.349380935806266
2052,27.200000000000003,15.349380935806266
2053,27.200000000000003,15.349380935806266
2054,27.200000000000003,15.37445345001905
2055,27.200000000000003,15.37445345001905
2056,27.200000000000003,15.37445345001905
2057,27.200000000000003,15.37445345001905
2058,27.200000000000003,15.408888999386733
2059,27.200000000000003,15.408888999386733
2060,27.200000000000003,15.431977524737704
2061,27.6,15.431977524737704
2062,27.6,15.431977524737707
2063,27.6,15.508888999386734
2064,27.6,15.535933900187292
2065,27.6,15.578282200454144
2066,27.6,15.631977524737707
2067,27.6,15.631977524737707
2068,27.6,15.631977524737707
2069,27.6,15.631977524737707
2070,27.6,15.634878093249132
2071,27.6,15.634878093249132
2072,27.6,15.674453450019055
2073,27.6,15.674453450019055
2074,27.6,15.735933900187291
2075,27.6,15.746491969568893
2076,27.6,15.749380935806258
2077,27.6,15.749380935806258
2078,27.6,15.749380935806258
2079,27.6,15.749380935806265
2080,27.6,15.749380935806265
2081,27.6,15.749380935806265
2082,27.6,15.749380935806265
2083,27.6,15.749380935806265
2084,27.6,15.808888999386735
2085,27.6,15.808888999386735
2086,27.6,15.834878093249134
2087,27.6,15.834878093249134
2088,27.6,15.846491969568891
2089,27.6,15.846491969568891
2090,27.6,15.846491969568891
2091,27.6,15.84938093580626
2092,27.6,15.84938093580626
2093,27.6,15.928415626605673
2094,27.6,15.931977524737704
2095,27.6,15.931977524737704
2096,27.6,15.935933900187287
2097,27.6,15.974453450019059
2098,27.6,15.974453450019059
2099,27.6,16.008888999386734
2100,27.6,16.008888999386734
2101,27.6,16.03487809324913
2102,27.6,16.049380935806262
2103,27.6,16.049380935806262
2104,27.6,16.049380935806262
2105,27.6,16.049380935806262
2106,27.6,16.049380935806262
2107,27.6,16.074453450019053
2108,27.6,16.13487809324913
2109,27.6,16.231977524737708
2110,27.6,16.231977524737708
2111,27.6,16.274453450019056
2112,27.6,16.331977524737706
2113,27.6,16.331977524737706
2114,27.6,16.331977524737706
2115,27.6,16.334878093249134
2116,27.6,16.334878093249134
2117,27.6,16.335933900187285
2118,27.6,16.3603373499301
2119,27.6,16.37445345001905
2120,27.6,16.37445345001905
2121,27.6,16.37445345001905
2122,27.6,16.37445345001905
2123,27.6,16.47445345001906
2124,27.6,16.508888999386734
2125,27.6,16.54649196956889
2126,27.6,16.566540699119884
2127,27.6,16.57445345001906
2128,27.6,16.631977524737703
2129,27.6,16.631977524737707
2130,27.6,16.631977524737707
2131,27.6,16.649380935806263
2132,27.6,16.649380935806263
2133,27.6,16.66033734993011
2134,27.6,16.674453450019055
2135,27.700000000000003,16.67445345001906
2136,27.700000000000003,16.778282200454147
2137,27.700000000000003,16.831977524737706
2138,27.700000000000003,16.831977524737706
2139,27.700000000000003,16.831977524737706
2140,27.700000000000003,16.834878093249127
2141,27.700000000000003,16.849380935806266
2142,27.700000000000003,16.849380935806266
2143,27.700000000000003,16.94938093580626
2144,27.700000000000003,16.94938093580626
2145,27.700000000000003,16.94938093580626
2146,27.700000000000003,16.94938093580626
2147,27.700000000000003,16.94938093580626
2148,27.700000000000003,16.94938093580626
2149,27.700000000000003,16.94938093580626
2150,27.700000000000003,16.94938093580626
2151,27.700000000000003,16.94938093580626
2152,27.700000000000003,16.94938093580626
2153,27.700000000000003,16.97445345001906
2154,27.700000000000003,16.97445345001906
2155,27.700000000000003,17.008888999386734
2156,27.700000000000003,17.031977524737705
2157,27.700000000000003,17.105327101254705
2158,27.700000000000003,17.13593390018729
2159,27.700000000000003,17.231977524737708
2160,27.700000000000003,17.23593390018729
2161,27.700000000000003,17.274453450019056
2162,27.700000000000003,17.30888899938674
2163,27.700000000000003,17.331977524737706
2164,27.700000000000003,17.334878093249134
2165,27.700000000000003,17.335933900187285
2166,27.700000000000003,17.34938093580626
2167,27.700000000000003,17.34938093580626
2168,27.700000000000003,17.349380935806266
2169,27.700000000000003,17.349380935806266
2170,27.700000000000003,17.349380935806266
2171,27.700000000000003,17.349380935806266
2172,27.700000000000003,17.349380935806266
2173,27.700000000000003,17.349380935806266
2174,27.700000000000003,17.357305288979493
2175,27.700000000000003,17.38791208791208
2176,27.700000000000003,17.391729236073118
2177,27.700000000000003,17.435933900187294
2178,27.700000000000003,17.531977524737705
2179,27.700000000000003,17.574453450019053
2180,27.700000000000003,17.63487809324913
2181,27.700000000000003,17.665484892181727
2182,27.700000000000003,17.687912087912085
2183,27.700000000000003,17.687912087912085
2184,27.700000000000003,17.731977524737704
2185,27.700000000000003,17.731977524737704
2186,27.700000000000003,17.749380935806265
2187,27.700000000000003,17.760337349930104
2188,27.700000000000003,17.774453450019056
2189,27.700000000000003,17.774453450019056
2190,27.700000000000003,17.774453450019056
2191,27.700000000000003,17.774453450019056
2192,27.700000000000003,17.774453450019056
2193,27.700000000000003,17.831977524737706
2194,27.700000000000003,17.834878093249134
2195,27.700000000000003,17.834878093249134
2196,27.700000000000003,17.874453450019057
2197,27.700000000000003,17.874453450019057
2198,27.700000000000003,17.88791208791208
2199,27.700000000000003,17.88791208791208
2200,28.8,17.931977524737707
2201,28.8,17.946491969568893
2202,28.8,18.031977524737705
2203,28.8,18.03487809324913
2204,28.8,18.03487809324913
2205,28.8,18.046491969568894
2206,28.8,18.049380935806262
2207,28.8,18.049380935806262
2208,28.8,18.049380935806262
2209,28.8,18.049380935806262
2210,28.8,18.074453450019053
2211,28.8,18.074453450019053
2212,28.8,18.074453450019053
2213,28.8,18.15915005055276
2214,28.8,18.174453450019055
2215,28.8,18.178282200454145
2216,28.8,18.231977524737704
2217,28.8,18.231977524737708
2218,28.8,18.234878093249133
2219,28.8,18.259150050552762
2220,28.8,18.266540699119886
2221,28.8,18.27445345001905
2222,28.8,18.274453450019056
2223,28.8,18.274453450019056
2224,28.8,18.274453450019056
2225,28.8,18.34912568577727
2226,28.8,18.431977524737704
2227,28.8,18.531977524737705
2228,28.8,18.531977524737705
2229,28.8,18.531977524737705
2230,28.8,18.574453450019053
2231,28.8,18.587912087912084
2232,28.8,18.63593390018729
2233,28.8,18.774453450019056
2234,28.8,18.774453450019056
2235,28.8,18.80888899938674
2236,28.8,18.80888899938674
2237,28.8,18.80888899938674
2238,28.8,18.84649196956889
2239,28.8,18.87445345001905
2240,28.8,18.87445345001905
2241,28.8,18.874453450019057
2242,28.8,18.874453450019057
2243,28.8,18.874453450019057
2244,28.8,18.874453450019057
2245,28.8,18.874453450019057
2246,28.8,18.874453450019057
2247,28.8,18.928415626605673
2248,28.8,18.931977524737704
2249,28.8,18.935933900187294
2250,28.8,18.974453450019052
2251,28.8,18.98791208791209
2252,28.8,19.008888999386734
2253,28.8,19.031977524737705
2254,28.8,19.031977524737705
2255,28.8,19.031977524737705
2256,28.8,19.074453450019053
2257,28.8,19.074453450019053
2258,28.8,19.131977524737707
2259,28.8,19.131977524737707
2260,28.8,19.174453450019055
2261,28.8,19.174453450019055
2262,28.8,19.249380935806265
2263,28.8,19.249380935806265
2264,28.8,19.274453450019056
2265,28.8,19.274453450019056
2266,28.8,19.334878093249134
2267,28.8,19.349380935806266
2268,28.8,19.349380935806266
2269,28.8,19.349380935806266
2270,28.8,19.349380935806266
2271,28.8,19.374453450019057
2272,28.8,19.374453450019057
2273,28.8,19.374453450019057
2274,28.8,19.374453450019057
2275,28.8,19.374453450019057
2276,28.8,19.431977524737704
2277,28.8,19.44938093580626
2278,28.8,19.44938093580626
2279,28.8,19.44938093580626
2280,28.8,19.449380935806268
2281,28.8,19.449380935806268
2282,28.8,19.449380935806268
2283,28.8,19.48791208791209
2284,28.8,19.54938093580627
2285,28.8,19.54938093580627
2286,28.8,19.54938093580627
2287,28.8,19.54938093580627
2288,28.8,19.587912087912084
2289,28.8,19.587912087912084
2290,28.8,19.608888999386735
2291,28.8,19.62181780009834
2292,28.8,19.631977524737707
2293,28.8,19.646491969568892
2294,28.8,19.734878093249126
2295,28.8,19.734878093249133
2296,28.8,19.749380935806265
2297,28.8,19.774453450019056
2298,28.8,19.774453450019056
2299,28.8,19.774453450019056
2300,28.8,19.774453450019056
2301,28.8,19.774453450019056
2302,28.8,19.774453450019056
2303,28.8,19.774453450019056
2304,28.8,19.774453450019056
2305,28.8,19.774453450019056
2306,28.8,19.774453450019056
2307,28.8,19.831977524737706
2308,28.8,19.835933900187285
2309,28.8,19.835933900187293
2310,28.8,19.84938093580626
2311,28.8,19.97445345001906
2312,28.8,19.98791208791209
2313,28.8,20.074453450019053
2314,28.8,20.131977524737707
2315,28.8,20.131977524737707
2316,28.8,20.149380935806263
2317,28.8,20.149380935806263
2318,28.8,20.149380935806263
2319,30.200000000000003,20.174453450019055
2320,30.200000000000003,20.33197752473771
2321,30.200000000000003,20.33197752473771
2322,30.200000000000003,20.334878093249134
2323,30.200000000000003,20.374453450019057
2324,30.200000000000003,20.431977524737704
2325,30.200000000000003,20.446491969568893
2326,30.200000000000003,20.48791208791209
2327,30.200000000000003,20.531977524737705
2328,30.200000000000003,20.53593390018729
2329,30.200000000000003,20.54938093580627
2330,30.200000000000003,20.54938093580627
2331,30.200000000000003,20.54938093580627
2332,30.200000000000003,20.54938093580627
2333,30.200000000000003,20.54938093580627
2334,30.200000000000003,20.54938093580627
2335,30.200000000000003,20.54938093580627
2336,30.200000000000003,20.74649196956889
2337,30.200000000000003,20.774453450019056
2338,30.200000000000003,20.774453450019056
2339,30.200000000000003,20.774453450019056
2340,30.200000000000003,20.774453450019056
2341,30.200000000000003,20.774453450019056
2342,30.200000000000003,20.787912087912087
2343,30.200000000000003,20.80888899938674
2344,30.200000000000003,20.828415626605672
2345,30.200000000000003,20.83197752473771
2346,30.200000000000003,20.834878093249134
2347,30.200000000000003,20.835933900187285
2348,30.200000000000003,20.87445345001905
2349,30.200000000000003,20.87445345001905
2350,30.200000000000003,20.878282200454148
2351,30.200000000000003,20.931977524737704
2352,30.200000000000003,21.008888999386734
2353,30.200000000000003,21.03487809324913
2354,30.200000000000003,21.049380935806262
2355,30.200000000000003,21.074453450019053
2356,30.200000000000003,21.074453450019053
2357,30.200000000000003,21.074453450019053
2358,30.200000000000003,21.074453450019053
2359,30.200000000000003,21.074453450019053
2360,30.200000000000003,21.074453450019053
2361,30.200000000000003,21.074453450019053
2362,30.200000000000003,21.087912087912084
2363,30.200000000000003,21.091868463361667
2364,30.200000000000003,21.174453450019055
2365,30.200000000000003,21.187912087912085
2366,30.200000000000003,21.2319775247377
2367,30.200000000000003,21.249380935806265
2368,30.200000000000003,21.249380935806265
2369,30.200000000000003,21.249380935806265
2370,30.200000000000003,21.274453450019056
2371,30.200000000000003,21.274453450019056
2372,30.200000000000003,21.274453450019056
2373,30.200000000000003,21.274453450019056
2374,30.200000000000003,21.31604760247292
2375,30.200000000000003,21.33197752473771
2376,30.200000000000003,21.33197752473771
2377,30.200000000000003,21.334878093249134
2378,30.200000000000003,21.334878093249134
2379,30.200000000000003,21.334878093249134
2380,30.200000000000003,21.374453450019057
2381,30.200000000000003,21.374453450019057
2382,30.200000000000003,21.38791208791209
2383,30.200000000000003,21.431977524737704
2384,30.200000000000003,21.449380935806268
2385,30.200000000000003,21.449380935806268
2386,30.200000000000003,21.449380935806268
2387,30.200000000000003,21.574453450019053
2388,30.200000000000003,21.574453450019053
2389,30.200000000000003,21.57445345001906
2390,30.200000000000003,21.57445345001906
2391,30.200000000000003,21.57445345001906
2392,30.200000000000003,21.58303139796352
2393,30.200000000000003,21.631977524737707
2394,30.200000000000003,21.63487809324913
2395,30.200000000000003,21.646491969568892
2396,30.200000000000003,21.774453450019056
2397,30.200000000000003,21.774453450019056
2398,30.200000000000003,21.80888899938673
2399,30.200000000000003,21.846491969568895
2400,30.200000000000003,21.87445345001905
2401,30.200000000000003,21.93487809324913
2402,30.200000000000003,21.93487809324913
2403,30.200000000000003,21.94938093580626
2404,30.200000000000003,21.94938093580626
2405,30.200000000000003,21.97445345001906
2406,30.200000000000003,21.97445345001906
2407,30.200000000000003,21.97445345001906
2408,30.200000000000003,21.97445345001906
2409,30.200000000000003,21.987912087912083
2410,30.200000000000003,21.98791208791209
2411,30.200000000000003,22.031977524737705
2412,30.200000000000003,22.049380935806255
2413,30.200000000000003,22.049380935806255
2414,30.200000000000003,22.049380935806255
2415,30.200000000000003,22.049380935806255
2416,30.200000000000003,22.049380935806255
2417,30.200000000000003,22.049380935806255
2418,30.200000000000003,22.049380935806255
2419,30.200000000000003,22.049380935806255
2420,30.200000000000003,22.049380935806255
2421,30.200000000000003,22.234878093249126
2422,30.200000000000003,22.234878093249126
2423,30.200000000000003,22.287912087912087
2424,30.200000000000003,22.349380935806266
2425,30.200000000000003,22.349380935806266
2426,30.200000000000003,22.349380935806266
2427,30.200000000000003,22.349380935806266
2428,30.200000000000003,22.349380935806266
2429,30.200000000000003,22.349380935806266
2430,31.3,22.349380935806266
2431,31.3,22.349380935806266
2432,31.3,22.349380935806266
2433,31.3,22.349380935806266
2434,31.3,22.38791208791208
2435,31.3,22.408888999386733
2436,31.3,22.446491969568893
2437,31.3,22.47445345001906
2438,31.3,22.47828220045415
2439,31.3,22.516047602472923
2440,31.3,22.516047602472923
2441,31.3,22.531977524737705
2442,31.3,22.549380935806255
2443,31.3,22.549380935806255
2444,31.3,22.549380935806255
2445,31.3,22.549380935806255
2446,31.3,22.549380935806255
2447,31.3,22.549380935806255
2448,31.3,22.549380935806255
2449,31.3,22.549380935806255
2450,31.3,22.549380935806255
2451,31.3,22.549380935806255
2452,31.3,22.549380935806255
2453,31.3,22.549380935806255
2454,31.3,22.587912087912084
2455,31.3,22.631977524737707
2456,31.3,22.746491969568893
2457,31.3,22.774453450019056
2458,31.3,22.774453450019056
2459,31.3,22.774453450019056
2460,31.3,22.80888899938674
2461,31.3,22.83197752473771
2462,31.3,22.83197752473771
2463,31.3,22.83197752473771
2464,31.3,22.874453450019057
2465,31.3,22.874453450019057
2466,31.3,22.905327101254702
2467,31.3,22.97445345001906
2468,31.3,22.97445345001906
2469,31.3,22.97445345001906
2470,31.3,22.98791208791209
2471,31.3,23.031977524737705
2472,31.3,23.13487809324913
2473,31.3,23.234878093249126
2474,31.3,23.234878093249126
2475,31.3,23.234878093249126
2476,31.3,23.274453450019056
2477,31.3,23.274453450019056
2478,31.3,23.31604760247292
2479,31.3,23.31604760247292
2480,31.3,23.31604760247292
2481,31.3,23.346491969568895
2482,31.3,23.38791208791208
2483,31.3,23.38791208791208
2484,31.3,23.434878093249136
2485,31.3,23.44938093580626
2486,31.3,23.44938093580626
2487,31.3,23.47445345001906
2488,31.3,23.47445345001906
2489,31.3,23.47445345001906
2490,31.3,23.531977524737705
2491,31.3,23.53487809324913
2492,31.3,23.53487809324913
2493,31.3,23.549380935806255
2494,31.3,23.549380935806255
2495,31.3,23.549380935806255
2496,31.3,23.549380935806255
2497,31.3,23.549380935806255
2498,31.3,23.574453450019053
2499,31.3,23.574453450019053
2500,31.3,23.674453450019055
2501,31.3,23.674453450019055
2502,31.3,23.731977524737708
2503,31.3,23.731977524737708
2504,31.3,23.746491969568893
2505,31.3,23.787912087912087
2506,31.3,23.787912087912087
2507,31.3,23.787912087912087
2508,31.3,23.87445345001905
2509,31.3,23.874453450019057
2510,31.3,23.874453450019057
2511,31.3,23.88791208791209
2512,31.3,23.88791208791209
2513,31.3,23.931977524737704
2514,31.3,24.074453450019053
2515,31.3,24.077098768501486
2516,31.3,24.110339283642446
2517,31.3,24.13487809324913
2518,31.3,24.187912087912085
2519,31.3,24.274453450019056
2520,33.800000000000004,24.274453450019056
2521,33.800000000000004,24.28791208791208
2522,33.800000000000004,24.28791208791208
2523,33.800000000000004,24.33197752473771
2524,33.800000000000004,24.33197752473771
2525,33.800000000000004,24.374453450019057
2526,33.800000000000004,24.374453450019057
2527,33.800000000000004,24.374453450019057
2528,33.800000000000004,24.431977524737704
2529,33.800000000000004,24.43197752473771
2530,33.800000000000004,24.43487809324913
2531,33.800000000000004,24.435933900187294
2532,33.800000000000004,24.50888899938674
2533,33.800000000000004,24.63487809324913
2534,33.800000000000004,24.649380935806263
2535,33.800000000000004,24.649380935806263
2536,33.800000000000004,24.649380935806263
2537,33.800000000000004,24.731977524737708
2538,33.800000000000004,24.84649196956889
2539,33.800000000000004,24.88791208791208
2540,33.800000000000004,24.88791208791209
2541,33.800000000000004,24.888967894850246
2542,33.800000000000004,24.93487809324913
2543,33.800000000000004,24.974453450019052
2544,33.800000000000004,24.97445345001906
2545,33.800000000000004,25.031977524737705
2546,33.800000000000004,25.074453450019053
2547,33.800000000000004,25.074453450019053
2548,33.800000000000004,25.074453450019053
2549,33.800000000000004,25.074453450019053
2550,33.800000000000004,25.108888999386735
2551,33.800000000000004,25.108888999386735
2552,33.800000000000004,25.11680175028591
2553,33.800000000000004,25.274453450019056
2554,33.800000000000004,25.37445345001905
2555,33.800000000000004,25.37445345001905
2556,33.800000000000004,25.38791208791209
2557,33.800000000000004,25.408888999386733
2558,33.800000000000004,25.449125685777272
2559,33.800000000000004,25.505060248951647
2560,33.800000000000004,25.56258432367029
2561,33.800000000000004,25.57445345001906
2562,33.800000000000004,25.57445345001906
2563,33.800000000000004,25.57445345001906
2564,33.800000000000004,25.608888999386735
2565,33.800000000000004,25.631977524737707
2566,33.800000000000004,25.631977524737707
2567,33.800000000000004,25.646491969568892
2568,33.800000000000004,25.674453450019055
2569,33.800000000000004,25.674453450019055
2570,33.800000000000004,25.674453450019055
2571,33.800000000000004,25.708888999386737
2572,33.800000000000004,25.734878093249133
2573,33.800000000000004,25.734878093249133
2574,33.800000000000004,25.774453450019056
2575,33.800000000000004,25.83197752473771
2576,33.800000000000004,25.835933900187293
2577,33.800000000000004,25.846491969568895
2578,33.800000000000004,25.849380935806266
2579,33.800000000000004,25.93487809324913
2580,33.800000000000004,25.97445345001906
2581,33.800000000000004,26.031977524737705
2582,33.800000000000004,26.049380935806255
2583,33.800000000000004,26.049380935806255
2584,33.800000000000004,26.049380935806255
2585,33.800000000000004,26.049380935806255
2586,33.800000000000004,26.049380935806255
2587,33.800000000000004,26.049380935806255
2588,33.800000000000004,26.049380935806255
2589,33.800000000000004,26.07445345001906
2590,33.800000000000004,26.087912087912084
2591,33.800000000000004,26.131977524737707
2592,33.800000000000004,26.146491969568892
2593,33.800000000000004,26.146491969568892
2594,33.800000000000004,26.174453450019055
2595,33.800000000000004,26.174453450019055
2596,33.800000000000004,26.174453450019055
2597,33.800000000000004,26.17445345001906
2598,33.800000000000004,26.17445345001906
2599,33.800000000000004,26.23593390018729
2600,33.800000000000004,26.33197752473771
2601,33.800000000000004,26.374453450019057
2602,33.800000000000004,26.374453450019057
2603,33.800000000000004,26.431977524737704
2604,33.800000000000004,26.44938093580626
2605,33.800000000000004,26.488967894850248
2606,33.800000000000004,26.53593390018729
2607,33.800000000000004,26.54938093580627
2608,33.800000000000004,26.54938093580627
2609,33.800000000000004,26.63487809324913
2610,33.800000000000004,26.649380935806263
2611,33.800000000000004,26.649380935806263
2612,33.800000000000004,26.649380935806263
2613,33.800000000000004,26.649380935806263
2614,33.800000000000004,26.649380935806263
2615,33.800000000000004,26.67445345001906
2616,33.800000000000004,26.708888999386737
2617,33.800000000000004,26.731977524737708
2618,33.800000000000004,26.787912087912087
2619,33.800000000000004,26.835933900187293
2620,37.4,26.87445345001905
2621,37.4,26.87445345001905
2622,37.4,26.931977524737704
2623,37.4,26.931977524737704
2624,37.4,26.93487809324913
2625,37.4,26.935933900187287
2626,37.4,27.031977524737705
2627,37.4,27.12076199316018
2628,37.4,27.17709876850148
2629,37.4,27.2319775247377
2630,37.4,27.587912087912084
2631,37.4,27.646491969568892
2632,37.4,27.716047602472912
2633,37.4,27.716047602472912
2634,37.4,27.716047602472912
2635,37.4,27.716047602472912
2636,37.4,27.73593390018729
2637,37.4,27.778282200454147
2638,37.4,27.83197752473771
2639,37.4,27.874453450019057
2640,37.4,27.874453450019057
2641,37.4,27.908888999386733
2642,37.4,27.931977524737704
2643,37.4,27.931977524737704
2644,37.4,27.94938093580626
2645,37.4,27.94938093580626
2646,37.4,27.94938093580626
2647,37.4,27.94938093580626
2648,37.4,27.94938093580626
2649,37.4,28.031977524737712
2650,37.4,28.105593953557754
2651,37.4,28.131977524737707
2652,37.4,28.131977524737707
2653,37.4,28.131977524737707
2654,37.4,28.13487809324913
2655,37.4,28.149380935806263
2656,37.4,28.149380935806263
2657,37.4,28.17445345001906
2658,37.4,28.17445345001906
2659,37.4,28.17445345001906
2660,37.4,28.17445345001906
2661,37.4,28.22076199316018
2662,37.4,28.234878093249133
2663,37.4,28.274453450019056
2664,37.4,28.274453450019056
2665,37.4,28.33197752473771
2666,37.4,28.431977524737704
2667,37.4,28.431977524737704
2668,37.4,28.4603373499301
2669,37.4,28.474453450019052
2670,37.4,28.47445345001906
2671,37.4,28.47445345001906
2672,37.4,28.48791208791209
2673,37.4,28.48791208791209
2674,37.4,28.531977524737712
2675,37.4,28.574453450019053
2676,37.4,28.574453450019053
2677,37.4,28.574453450019053
2678,37.4,28.587912087912084
2679,37.4,28.63487809324913
2680,37.4,28.787912087912087
2681,37.4,28.835933900187285
2682,37.4,28.849380935806266
2683,37.4,28.849380935806266
2684,37.4,28.849380935806266
2685,37.4,28.849380935806266
2686,37.4,28.88791208791209
2687,37.4,28.88791208791209
2688,37.4,28.94938093580626
2689,37.4,28.94938093580626
2690,37.4,28.94938093580626
2691,37.4,28.94938093580626
2692,37.4,28.94938093580626
2693,37.4,28.94938093580626
2694,37.4,28.94938093580626
2695,37.4,29.031977524737705
2696,37.4,29.131977524737707
2697,37.4,29.131977524737707
2698,37.4,29.149380935806263
2699,37.4,29.149380935806263
2700,37.4,29.149380935806263
2701,37.4,29.149380935806263
2702,37.4,29.149380935806263
2703,37.4,29.191729236073115
2704,37.4,29.2319775247377
2705,37.4,29.274453450019056
2706,37.4,29.30888899938674
2707,37.4,29.30888899938674
2708,37.4,29.374453450019057
2709,37.4,29.374453450019057
2710,37.4,29.43487809324913
2711,37.4,29.47445345001906
2712,37.4,29.47445345001906
2713,37.4,29.477098768501484
2714,37.4,29.48791208791209
2715,37.4,29.587912087912084
2716,37.4,29.608888999386735
2717,37.9,29.674453450019055
2718,37.9,29.674453450019055
2719,37.9,29.674453450019055
2720,37.9,29.687912087912093
2721,37.9,29.731977524737708
2722,37.9,29.731977524737708
2723,37.9,29.80888899938674
2724,37.9,29.88791208791208
2725,37.9,29.88791208791209
2726,37.9,29.88791208791209
2727,37.9,29.928415626605673
2728,37.9,29.928415626605673
2729,37.9,29.931977524737704
2730,37.9,29.935933900187294
2731,37.9,30.031977524737705
2732,37.9,30.04938093580627
2733,37.9,30.04938093580627
2734,37.9,30.04938093580627
2735,37.9,30.04938093580627
2736,37.9,30.04938093580627
2737,37.9,30.04938093580627
2738,37.9,30.04938093580627
2739,37.9,30.04938093580627
2740,37.9,30.04938093580627
2741,37.9,30.04938093580627
2742,37.9,30.04938093580627
2743,37.9,30.04938093580627
2744,37.9,30.074453450019053
2745,37.9,30.074453450019053
2746,37.9,30.074453450019053
2747,37.9,30.07445345001906
2748,37.9,30.09172923607312
2749,37.9,30.116047602472918
2750,37.9,30.116047602472918
2751,37.9,30.1319775247377
2752,37.9,30.216047602472912
2753,37.9,30.216047602472912
2754,37.9,30.216047602472912
2755,37.9,30.216047602472912
2756,37.9,30.346491969568888
2757,37.9,30.374453450019057
2758,37.9,30.374453450019057
2759,37.9,30.374453450019057
2760,37.9,30.38791208791209
2761,37.9,30.43487809324913
2762,37.9,30.474453450019052
2763,37.9,30.47445345001906
2764,37.9,30.47445345001906
2765,37.9,30.47828220045415
2766,37.9,30.54938093580627
2767,37.9,30.54938093580627
2768,37.9,30.54938093580627
2769,37.9,30.559150050552766
2770,37.9,30.574453450019053
2771,37.9,30.574453450019053
2772,37.9,30.631977524737707
2773,37.9,30.646491969568892
2774,37.9,30.708888999386737
2775,37.9,30.708888999386737
2776,37.9,30.7319775247377
2777,37.9,30.7319775247377
2778,37.9,30.731977524737708
2779,37.9,30.734878093249126
2780,37.9,30.787912087912087
2781,37.9,30.831977524737702
2782,37.9,30.916047602472915
2783,37.9,30.916047602472915
2784,37.9,30.916047602472915
2785,37.9,30.916047602472915
2786,37.9,30.916047602472915
2787,37.9,30.916047602472915
2788,37.9,30.916047602472915
2789,37.9,30.931977524737704
2790,37.9,30.97445345001906
2791,37.9,30.97445345001906
2792,37.9,30.97445345001906
2793,37.9,31.074453450019053
2794,37.9,31.083031397963527
2795,37.9,31.087912087912084
2796,37.9,31.108888999386735
2797,37.9,31.287912087912087
2798,37.9,31.408888999386733
2799,37.9,31.44938093580626
2800,37.9,31.44938093580626
2801,37.9,31.44938093580626
2802,37.9,31.44938093580626
2803,37.9,31.44938093580626
2804,37.9,31.44938093580626
2805,37.9,31.44938093580626
2806,37.9,31.44938093580626
2807,37.9,31.54649196956889
2808,37.9,31.574453450019053
2809,37.9,31.574453450019053
2810,37.9,31.574453450019053
2811,37.9,31.574453450019053
2812,37.9,31.631977524737707
2813,37.9,31.631977524737707
2814,37.9,31.687912087912085
2815,37.9,31.74490245802463
2816,37.9,31.86654069911988
2817,37.9,31.920761993160177
2818,37.9,31.931977524737704
2819,37.9,31.931977524737704
2820,37.9,31.93487809324913
2821,37.9,31.93487809324913
2822,37.9,31.97445345001906
2823,37.9,32.07445345001905
2824,37.9,32.07445345001905
2825,37.9,32.13197752473771
2826,37.9,32.18791208791208
2827,37.9,32.23197752473771
2828,37.9,32.23197752473771
2829,37.9,32.27445345001905
2830,37.9,32.27445345001905
2831,37.9,32.531977524737705
2832,37.9,32.531977524737705
2833,43.300000000000004,32.63487809324913
2834,43.300000000000004,32.7319775247377
2835,43.300000000000004,32.77828220045414
2836,43.300000000000004,32.887912087912085
2837,43.300000000000004,33.034878093249134
2838,43.300000000000004,33.108888999386735
2839,43.300000000000004,33.20506024895164
2840,43.300000000000004,33.24938093580626
2841,43.300000000000004,33.24938093580626
2842,43.300000000000004,33.24938093580626
2843,43.300000000000004,33.24938093580626
2844,43.300000000000004,33.24938093580626
2845,43.300000000000004,33.24938093580626
2846,43.300000000000004,33.37445345001905
2847,43.300000000000004,33.38303139796352
2848,43.300000000000004,33.474453450019055
2849,43.300000000000004,33.474453450019055
2850,43.300000000000004,33.508888999386734
2851,43.300000000000004,33.508888999386734
2852,43.300000000000004,33.51667412527141
2853,43.300000000000004,33.63197752473771
2854,43.300000000000004,33.63197752473771
2855,43.300000000000004,33.64938093580626
2856,43.300000000000004,33.71604760247291
2857,43.300000000000004,33.71604760247291
2858,43.300000000000004,33.71604760247291
2859,43.300000000000004,33.71604760247291
2860,43.300000000000004,33.71604760247291
2861,43.300000000000004,33.71604760247291
2862,43.300000000000004,33.71604760247291
2863,43.300000000000004,33.71604760247291
2864,43.300000000000004,33.74938093580627
2865,43.300000000000004,33.74938093580627
2866,43.300000000000004,33.74938093580627
2867,43.300000000000004,33.74938093580627
2868,43.300000000000004,33.74938093580627
2869,43.300000000000004,33.860337349930106
2870,43.300000000000004,33.87445345001906
2871,43.300000000000004,33.87445345001906
2872,43.300000000000004,33.974453450019055
2873,43.300000000000004,33.974453450019055
2874,43.300000000000004,34.1359339001873
2875,43.300000000000004,34.14938093580626
2876,43.300000000000004,34.14938093580626
2877,43.300000000000004,34.24649196956889
2878,43.300000000000004,34.431977524737704
2879,43.300000000000004,34.431977524737704
2880,43.300000000000004,34.460867187111525
2881,43.300000000000004,34.48791208791209
2882,43.300000000000004,34.58791208791209
2883,43.300000000000004,34.73197752473771
2884,43.300000000000004,34.73197752473771
2885,43.300000000000004,34.73487809324914
2886,43.300000000000004,34.746491969568886
2887,43.300000000000004,34.77445345001905
2888,43.300000000000004,34.83197752473771
2889,43.300000000000004,34.974453450019055
2890,43.300000000000004,34.974453450019055
2891,43.300000000000004,35.07445345001905
2892,43.300000000000004,35.07445345001905
2893,43.300000000000004,35.07445345001905
2894,43.300000000000004,35.13197752473771
2895,43.300000000000004,35.21604760247291
2896,43.300000000000004,35.21604760247291
2897,43.300000000000004,35.21604760247291
2898,43.300000000000004,35.21604760247291
2899,43.300000000000004,35.21604760247291
2900,43.300000000000004,35.21604760247291
2901,43.300000000000004,35.21604760247291
2902,43.300000000000004,35.33197752473771
2903,43.300000000000004,35.33487809324913
2904,43.300000000000004,35.387912087912085
2905,43.300000000000004,35.40888899938673
2906,43.300000000000004,35.474453450019055
2907,43.300000000000004,35.48791208791209
2908,43.300000000000004,35.53593390018729
2909,43.300000000000004,35.54938093580627
2910,43.300000000000004,35.54938093580627
2911,43.300000000000004,35.7319775247377
2912,43.300000000000004,35.73197752473771
2913,43.300000000000004,35.73197752473771
2914,43.300000000000004,36.08791208791209
2915,43.300000000000004,36.08791208791209
2916,43.300000000000004,36.13487809324913
2917,43.300000000000004,36.17445345001906
2918,43.300000000000004,36.17445345001906
2919,43.300000000000004,36.22076199316018
2920,43.300000000000004,36.23487809324914
2921,43.300000000000004,36.33487809324913
2922,43.300000000000004,36.33487809324913
2923,43.300000000000004,36.387912087912085
2924,43.300000000000004,36.387912087912085
2925,43.300000000000004,36.48791208791209
2926,43.300000000000004,36.534878093249134
2927,43.300000000000004,36.64649196956889
2928,43.300000000000004,36.931977524737704
2929,43.300000000000004,37.08791208791209
2930,43.300000000000004,37.13197752473771
2931,43.300000000000004,37.20888899938674
2932,43.300000000000004,37.23487809324914
2933,43.300000000000004,37.33487809324913
2934,43.300000000000004,37.37445345001906
2935,43.300000000000004,37.416047602472915
2936,43.300000000000004,37.416047602472915
2937,43.300000000000004,37.416047602472915
2938,43.300000000000004,37.416047602472915
2939,43.300000000000004,37.416047602472915
2940,43.300000000000004,37.416047602472915
2941,43.300000000000004,37.416047602472915
2942,43.300000000000004,37.416047602472915
2943,43.300000000000004,37.416047602472915
2944,43.300000000000004,37.416047602472915
2945,43.300000000000004,37.416047602472915
2946,43.300000000000004,37.416047602472915
2947,43.300000000000004,37.416047602472915
2948,43.300000000000004,37.531977524737705
2949,43.300000000000004,37.531977524737705
2950,43.300000000000004,37.57445345001905
2951,43.300000000000004,37.58791208791209
2952,43.300000000000004,37.67445345001906
2953,43.300000000000004,37.67445345001906
2954,43.300000000000004,37.76548489218173
2955,43.300000000000004,37.86086718711153
2956,43.300000000000004,37.90888899938673
2957,43.300000000000004,37.934878093249125
2958,60.6,37.98791208791208
2959,60.6,37.98791208791209
2960,60.6,37.98791208791209
2961,60.6,38.031977524737705
2962,60.6,38.03593390018729
2963,60.6,38.041120116685704
2964,60.6,38.27445345001905
2965,60.6,38.27445345001905
2966,60.6,38.27445345001905
2967,60.6,38.28791208791209
2968,60.6,38.346491969568895
2969,60.6,38.349380935806266
2970,60.6,38.349380935806266
2971,60.6,38.349380935806266
2972,60.6,38.349380935806266
2973,60.6,38.349380935806266
2974,60.6,38.349380935806266
2975,60.6,38.349380935806266
2976,60.6,38.349380935806266
2977,60.6,38.349380935806266
2978,60.6,38.349380935806266
2979,60.6,38.349380935806266
2980,60.6,38.434878093249125
2981,60.6,38.434878093249125
2982,60.6,38.51604760247292
2983,60.6,38.51604760247292
2984,60.6,38.51604760247292
2985,60.6,38.51604760247292
2986,60.6,38.51604760247292
2987,60.6,38.51604760247292
2988,60.6,38.51604760247292
2989,60.6,38.51604760247292
2990,60.6,38.51604760247292
2991,60.6,38.51604760247292
2992,60.6,38.51604760247292
2993,60.6,38.53593390018729
2994,60.6,38.558395902739775
2995,60.6,38.64938093580626
2996,60.6,38.64938093580626
2997,60.6,38.64938093580626
2998,60.6,38.64938093580626
2999,60.6,38.64938093580626
3000,60.6,38.64938093580626
3001,60.6,38.64938093580626
3002,60.6,38.64938093580626
3003,60.6,38.67445345001906
3004,60.6,38.80888899938674
3005,60.6,38.934878093249125
3006,60.6,38.98791208791209
3007,60.6,38.98791208791209
3008,60.6,38.98791208791209
3009,60.6,39.01604760247292
3010,60.6,39.01604760247292
3011,60.6,39.01604760247292
3012,60.6,39.13487809324913
3013,60.6,39.17445345001906
3014,60.6,39.37445345001906
3015,60.66666666666666,39.431977524737704
3016,60.66666666666666,39.44112011668571
3017,60.66666666666666,39.48791208791209
3018,60.66666666666666,39.48791208791209
3019,60.66666666666666,39.574453450019064
3020,60.66666666666666,39.574453450019064
3021,60.66666666666666,39.574453450019064
3022,60.66666666666666,39.574453450019064
3023,60.66666666666666,39.849380935806266
3024,60.66666666666666,39.849380935806266
3025,60.66666666666666,39.849380935806266
3026,60.66666666666666,39.90888899938673
3027,60.66666666666666,39.916047602472915
3028,60.66666666666666,39.916047602472915
3029,60.66666666666666,39.916047602472915
3030,60.66666666666666,39.916047602472915
3031,60.66666666666666,39.916047602472915
3032,60.66666666666666,39.916047602472915
3033,60.66666666666666,39.916047602472915
3034,60.66666666666666,39.94938093580626
3035,60.66666666666666,39.94938093580626
3036,60.66666666666666,39.94938093580626
3037,60.66666666666666,39.94938093580626
3038,60.66666666666666,39.94938093580626
3039,60.66666666666666,39.94938093580626
3040,60.66666666666666,39.94938093580626
3041,60.66666666666666,39.94938093580626
3042,60.66666666666666,39.94938093580626
3043,60.66666666666666,40.07445345001905
3044,60.66666666666666,40.07445345001905
3045,60.66666666666666,40.07445345001905
3046,60.66666666666666,40.07445345001905
3047,60.66666666666666,40.07445345001905
3048,60.66666666666666,40.174453450019044
3049,60.66666666666666,40.174453450019044
3050,60.66666666666666,40.3319775247377
3051,60.66666666666666,40.33487809324913
3052,60.66666666666666,40.33487809324913
3053,60.66666666666666,40.349380935806266
3054,60.66666666666666,40.349380935806266
3055,60.66666666666666,40.349380935806266
3056,60.66666666666666,40.349380935806266
3057,60.66666666666666,40.349380935806266
3058,60.66666666666666,40.349380935806266
3059,60.66666666666666,40.431977524737704
3060,60.66666666666666,40.474453450019055
3061,60.66666666666666,40.57445345001905
3062,60.66666666666666,40.57445345001905
3063,60.66666666666666,40.61604760247292
3064,60.66666666666666,40.61604760247292
3065,60.66666666666666,40.61604760247292
3066,60.66666666666666,40.61604760247292
3067,60.66666666666666,40.61604760247292
3068,60.66666666666666,40.61604760247292
3069,60.66666666666666,40.61604760247292
3070,60.66666666666666,40.64112011668571
3071,60.66666666666666,40.674453450019044
3072,60.66666666666666,40.674453450019044
3073,60.66666666666666,40.73487809324914
3074,60.66666666666666,40.80888899938674
3075,60.66666666666666,40.83487809324913
3076,60.66666666666666,41.20888899938673
3077,60.66666666666666,41.335933900187285
3078,60.66666666666666,41.444902458024615
3079,60.66666666666666,41.446491969568896
3080,60.66666666666666,41.48791208791208
3081,60.66666666666666,41.57445345001905
3082,60.66666666666666,41.674453450019044
3083,60.66666666666666,41.674453450019044
3084,60.66666666666666,41.73197752473771
3085,60.66666666666666,41.849380935806266
3086,60.66666666666666,41.849380935806266
3087,60.66666666666666,41.849380935806266
3088,60.66666666666666,41.849380935806266
3089,60.66666666666666,41.849380935806266
3090,60.66666666666666,41.849380935806266
3091,60.66666666666666,41.849380935806266
3092,60.66666666666666,41.849380935806266
3093,60.66666666666666,41.934878093249125
3094,60.66666666666666,42.14938093580626
3095,60.66666666666666,42.14938093580626
3096,60.66666666666666,42.14938093580626
3097,60.66666666666666,42.14938093580626
3098,60.66666666666666,42.33487809324913
3099,60.66666666666666,42.431977524737704
3100,60.66666666666666,42.73197752473771
3101,60.66666666666666,42.73487809324914
3102,60.66666666666666,42.74938093580626
3103,60.66666666666666,42.77445345001905
3104,60.66666666666666,42.81604760247292
3105,60.66666666666666,42.83197752473771
3106,60.66666666666666,42.931977524737704
3107,60.66666666666666,42.93197752473771
3108,60.66666666666666,43.349380935806266
3109,60.66666666666666,43.349380935806266
3110,60.66666666666666,43.349380935806266
3111,60.66666666666666,43.349380935806266
3112,60.66666666666666,43.416047602472915
3113,60.66666666666666,43.416047602472915
3114,60.66666666666666,43.416047602472915
3115,60.66666666666666,43.416047602472915
3116,60.66666666666666,43.416047602472915
3117,60.66666666666666,43.416047602472915
3118,60.66666666666666,43.416047602472915
3119,60.66666666666666,43.416047602472915
3120,60.66666666666666,43.416047602472915
3121,60.66666666666666,43.416047602472915
3122,60.66666666666666,43.416047602472915
3123,60.66666666666666,43.416047602472915
3124,60.66666666666666,43.416047602472915
3125,60.66666666666666,43.416047602472915
3126,60.66666666666666,43.416047602472915
3127,60.66666666666666,43.416047602472915
3128,60.66666666666666,43.416047602472915
3129,60.66666666666666,43.416047602472915
3130,60.66666666666666,43.416047602472915
3131,60.66666666666666,43.416047602472915
3132,60.66666666666666,43.416047602472915
3133,60.66666666666666,43.416047602472915
3134,60.66666666666666,43.416047602472915
3135,60.66666666666666,43.45839590273977
3136,60.66666666666666,43.64938093580626
3137,60.66666666666666,43.64938093580626
3138,60.66666666666666,43.687912087912096
3139,60.66666666666666,43.77445345001905
3140,60.66666666666666,43.8319775247377
3141,60.66666666666666,43.849380935806266
3142,60.66666666666666,43.849380935806266
3143,60.66666666666666,43.849380935806266
3144,60.66666666666666,43.849380935806266
3145,60.66666666666666,43.849380935806266
3146,60.66666666666666,43.849380935806266
3147,60.66666666666666,43.849380935806266
3148,60.66666666666666,43.849380935806266
3149,60.66666666666666,43.849380935806266
3150,60.66666666666666,43.931977524737704
3151,60.66666666666666,44.008888999386734
3152,60.66666666666666,44.04938093580627
3153,60.66666666666666,44.04938093580627
3154,60.66666666666666,44.04938093580627
3155,60.66666666666666,44.04938093580627
3156,60.66666666666666,44.04938093580627
3157,60.66666666666666,44.04938093580627
3158,60.66666666666666,44.04938093580627
3159,60.66666666666666,44.174453450019044
3160,60.66666666666666,44.174453450019044
3161,60.66666666666666,44.174453450019044
3162,60.66666666666666,44.174453450019044
3163,60.66666666666666,44.24938093580627
3164,60.66666666666666,44.24938093580627
3165,60.66666666666666,44.24938093580627
3166,60.66666666666666,44.28791208791209
3167,60.66666666666666,44.31604760247292
3168,60.66666666666666,44.31604760247292
3169,60.66666666666666,44.31604760247292
3170,60.66666666666666,44.31604760247292
3171,60.66666666666666,44.31604760247292
3172,60.66666666666666,44.31604760247292
3173,60.66666666666666,44.31604760247292
3174,60.66666666666666,44.31604760247292
3175,60.66666666666666,44.31604760247292
3176,60.66666666666666,44.31604760247292
3177,60.66666666666666,44.31604760247292
3178,60.66666666666666,44.31604760247292
3179,60.66666666666666,44.31604760247292
3180,60.66666666666666,44.31604760247292
3181,60.66666666666666,44.31604760247292
3182,60.66666666666666,44.31604760247292
3183,60.66666666666666,44.31604760247292
3184,60.66666666666666,44.31604760247292
3185,60.66666666666666,44.31604760247292
3186,60.66666666666666,44.31604760247292
3187,60.66666666666666,44.31604760247292
3188,60.66666666666666,44.31604760247292
3189,60.66666666666666,44.31604760247292
3190,60.66666666666666,44.31604760247292
3191,60.66666666666666,44.31604760247292
3192,60.66666666666666,44.31604760247292
3193,60.66666666666666,44.31604760247292
3194,60.66666666666666,44.31604760247292
3195,60.66666666666666,44.31604760247292
3196,60.66666666666666,44.57445345001905
3197,60.66666666666666,44.687912087912096
3198,60.66666666666666,44.77445345001905
3199,60.66666666666666,44.77445345001905
3200,60.66666666666666,44.90154475991578
3201,60.66666666666666,44.94938093580626
3202,60.66666666666666,44.94938093580626
3203,60.66666666666666,44.94938093580626
3204,60.66666666666666,45.11604760247292
3205,60.66666666666666,45.11604760247292
3206,60.66666666666666,45.11604760247292
3207,60.66666666666666,45.24938093580627
3208,60.66666666666666,45.24938093580627
3209,60.66666666666666,45.31604760247292
3210,60.66666666666666,45.31604760247292
3211,60.66666666666666,45.31604760247292
3212,60.66666666666666,45.31604760247292
3213,60.66666666666666,45.31604760247292
3214,60.66666666666666,45.31604760247292
3215,60.66666666666666,45.31604760247292
3216,60.66666666666666,45.31604760247292
3217,60.66666666666666,45.31604760247292
3218,60.66666666666666,45.31604760247292
3219,60.66666666666666,45.31604760247292
3220,60.66666666666666,45.31604760247292
3221,60.66666666666666,45.31604760247292
3222,60.66666666666666,45.31604760247292
3223,60.66666666666666,45.31604760247292
3224,60.66666666666666,45.31604760247292
3225,60.66666666666666,45.31604760247292
3226,60.66666666666666,45.31604760247292
3227,60.66666666666666,45.31604760247292
3228,60.66666666666666,45.31604760247292
3229,60.66666666666666,45.31604760247292
3230,60.66666666666666,45.31604760247292
3231,60.66666666666666,45.31604760247292
3232,60.66666666666666,45.31604760247292
3233,60.66666666666666,45.31604760247292
3234,60.66666666666666,45.31604760247292
3235,60.66666666666666,45.31604760247292
3236,60.66666666666666,45.31604760247292
3237,60.66666666666666,45.31604760247292
3238,60.66666666666666,45.31604760247292
3239,60.66666666666666,45.31604760247292
3240,60.66666666666666,45.31604760247292
3241,60.66666666666666,45.31604760247292
3242,60.66666666666666,45.31604760247292
3243,60.66666666666666,45.31604760247292
3244,60.66666666666666,45.31604760247292
3245,60.66666666666666,45.31604760247292
3246,60.66666666666666,45.31604760247292
3247,60.66666666666666,45.31604760247292
3248,60.66666666666666,45.31604760247292
3249,60.66666666666666,45.31604760247292
3250,60.66666666666666,45.31604760247292
3251,60.66666666666666,45.31604760247292
3252,60.66666666666666,45.31604760247292
3253,60.66666666666666,45.31604760247292
3254,60.66666666666666,45.33197752473771
3255,60.66666666666666,45.7319775247377
3256,60.66666666666666,45.74938093580627
3257,60.66666666666666,45.74938093580627
3258,60.66666666666666,45.74938093580627
3259,60.66666666666666,45.74938093580627
3260,60.66666666666666,45.77445345001905
3261,60.66666666666666,45.81604760247292
3262,60.66666666666666,45.81604760247292
3263,60.66666666666666,45.81604760247292
3264,60.66666666666666,45.81604760247292
3265,60.66666666666666,45.81604760247292
3266,60.66666666666666,45.81604760247292
3267,60.66666666666666,45.81604760247292
3268,60.66666666666666,45.81604760247292
3269,60.66666666666666,45.81604760247292
3270,60.66666666666666,45.81604760247292
3271,60.66666666666666,45.81604760247292
3272,60.66666666666666,45.81604760247292
3273,60.66666666666666,45.81604760247292
3274,60.66666666666666,45.81604760247292
3275,60.66666666666666,45.81604760247292
3276,60.66666666666666,45.81604760247292
3277,60.66666666666666,45.81604760247292
3278,60.66666666666666,45.81604760247292
3279,60.66666666666666,45.81604760247292
3280,60.66666666666666,45.81604760247292
3281,60.66666666666666,45.81604760247292
3282,60.66666666666666,45.81604760247292
3283,60.66666666666666,45.81604760247292
3284,60.66666666666666,45.81604760247292
3285,60.66666666666666,45.81604760247292
3286,60.66666666666666,45.81604760247292
3287,60.66666666666666,45.81604760247292
3288,60.66666666666666,45.81604760247292
3289,60.66666666666666,45.81604760247292
3290,60.66666666666666,45.81604760247292
3291,60.66666666666666,45.81604760247292
3292,60.66666666666666,45.81604760247292
3293,60.66666666666666,45.81604760247292
3294,60.66666666666666,45.81604760247292
3295,60.66666666666666,45.81604760247292
3296,60.66666666666666,45.81604760247292
3297,60.66666666666666,45.81604760247292
3298,60.66666666666666,45.81604760247292
3299,60.66666666666666,45.81604760247292
3300,60.66666666666666,45.81604760247292
3301,60.66666666666666,45.81604760247292
3302,60.66666666666666,45.81604760247292
3303,60.66666666666666,45.81604760247292
3304,60.66666666666666,45.81604760247292
3305,60.66666666666666,45.8411201166857
3306,60.66666666666666,45.8411201166857
3307,60.66666666666666,45.8411201166857
3308,60.66666666666666,45.8411201166857
3309,60.66666666666666,45.85839590273977
3310,60.66666666666666,45.85839590273977
3311,60.66666666666666,45.94938093580626
3312,60.66666666666666,45.94938093580626
3313,60.66666666666666,45.94938093580626
3314,60.66666666666666,46.01604760247292
3315,60.66666666666666,46.01604760247292
3316,60.66666666666666,46.07445345001905
3317,60.66666666666666,46.07445345001905
3318,60.66666666666666,46.18791208791208
3319,60.66666666666666,46.27445345001905
3320,60.66666666666666,46.27445345001905
3321,60.66666666666666,46.48791208791209
3322,60.66666666666666,46.50888899938674
3323,60.66666666666666,46.58791208791209
3324,60.66666666666666,46.6359339001873
3325,60.66666666666666,46.974453450019055
3326,60.66666666666666,46.974453450019055
3327,60.66666666666666,46.974453450019055
3328,60.66666666666666,46.974453450019055
3329,60.66666666666666,47.07445345001905
3330,60.66666666666666,47.07445345001905
3331,60.66666666666666,47.1464919695689
3332,60.66666666666666,47.216047602472926
3333,60.66666666666666,47.216047602472926
3334,60.66666666666666,47.216047602472926
3335,60.66666666666666,47.216047602472926
3336,60.66666666666666,47.387912087912085
3337,60.66666666666666,47.58791208791209
3338,60.66666666666666,47.64938093580626
3339,60.66666666666666,47.64938093580626
3340,60.66666666666666,47.64938093580626
3341,60.66666666666666,47.716047602472926
3342,60.66666666666666,47.716047602472926
3343,60.66666666666666,47.716047602472926
3344,60.66666666666666,48.17445345001906
3345,60.66666666666666,48.17445345001906
3346,60.66666666666666,48.17445345001906
3347,60.66666666666666,48.17445345001906
3348,60.66666666666666,48.22700401659676
3349,60.66666666666666,48.3411201166857
3350,60.66666666666666,48.3411201166857
3351,60.66666666666666,48.434878093249125
3352,60.66666666666666,48.53487809324912
3353,60.66666666666666,48.67445345001906
3354,60.66666666666666,48.67445345001906
3355,60.66666666666666,49.43197752473771
3356,60.66666666666666,49.57445345001905
3357,60.66666666666666,49.63487809324913
3358,60.66666666666666,49.6656163846209
3359,60.66666666666666,49.849380935806266
3360,60.66666666666666,49.89864419140436
3361,60.66666666666666,49.916047602472915
3362,60.66666666666666,49.916047602472915
3363,60.66666666666666,49.916047602472915
3364,60.66666666666666,49.916047602472915
3365,60.66666666666666,49.916047602472915
3366,60.66666666666666,49.916047602472915
3367,60.66666666666666,49.916047602472915
3368,60.66666666666666,49.916047602472915
3369,60.66666666666666,49.916047602472915
3370,60.66666666666666,49.916047602472915
3371,60.66666666666666,49.916047602472915
3372,60.66666666666666,49.916047602472915
3373,60.66666666666666,49.916047602472915
3374,60.66666666666666,49.916047602472915
3375,60.66666666666666,49.916047602472915
3376,60.66666666666666,49.916047602472915
3377,60.66666666666666,49.916047602472915
3378,60.66666666666666,49.916047602472915
3379,60.66666666666666,49.916047602472915
3380,60.66666666666666,49.916047602472915
3381,60.66666666666666,49.916047602472915
3382,60.66666666666666,49.916047602472915
3383,60.66666666666666,49.916047602472915
3384,60.66666666666666,49.916047602472915
3385,60.66666666666666,49.916047602472915
3386,60.66666666666666,49.916047602472915
3387,60.66666666666666,49.916047602472915
3388,60.66666666666666,49.916047602472915
3389,60.66666666666666,49.916047602472915
3390,60.66666666666666,49.916047602472915
3391,60.66666666666666,50.58791208791209
3392,60.66666666666666,50.849380935806266
3393,60.66666666666666,50.849380935806266
3394,60.66666666666666,50.91604760247293
3395,60.66666666666666,51.24938093580626
3396,60.66666666666666,51.298644191404364
3397,60.66666666666666,51.31604760247292
3398,60.66666666666666,51.31604760247292
3399,60.66666666666666,51.31604760247292
3400,60.66666666666666,51.31604760247292
3401,60.66666666666666,51.43197752473771
3402,60.66666666666666,51.44938093580626
3403,60.66666666666666,51.44938093580626
3404,60.66666666666666,51.44938093580626
3405,60.66666666666666,51.44938093580626
3406,60.66666666666666,51.44938093580626
3407,60.66666666666666,51.44938093580626
3408,60.66666666666666,51.44938093580626
3409,60.66666666666666,51.54938093580627
3410,60.66666666666666,51.54938093580627
3411,60.66666666666666,51.54938093580627
3412,60.66666666666666,51.54938093580627
3413,60.66666666666666,51.54938093580627
3414,60.66666666666666,51.54938093580627
3415,60.66666666666666,51.54938093580627
3416,60.66666666666666,51.8411201166857
3417,60.66666666666666,51.8411201166857
3418,60.66666666666666,51.8411201166857
3419,60.66666666666666,51.8411201166857
3420,60.66666666666666,51.85457875457874
3421,60.66666666666666,51.86033734993011
3422,60.66666666666666,51.87445345001906
3423,60.66666666666666,51.92581671721941
3424,60.66666666666666,52.0319775247377
3425,60.66666666666666,52.27445345001905
3426,60.66666666666666,52.27445345001905
3427,60.66666666666666,52.28791208791209
3428,60.66666666666666,52.349380935806266
3429,60.66666666666666,52.349380935806266
3430,60.66666666666666,52.349380935806266
3431,60.66666666666666,52.349380935806266
3432,60.66666666666666,52.41604760247293
3433,60.66666666666666,52.41604760247293
3434,60.66666666666666,52.41604760247293
3435,60.66666666666666,52.41604760247293
3436,60.66666666666666,52.41604760247293
3437,60.66666666666666,52.41604760247293
3438,60.66666666666666,52.41604760247293
3439,60.66666666666666,52.41604760247293
3440,60.66666666666666,52.41604760247293
3441,60.66666666666666,52.41604760247293
3442,60.66666666666666,52.41604760247293
3443,60.66666666666666,52.41604760247293
3444,60.66666666666666,52.41604760247293
3445,60.66666666666666,52.41604760247293
3446,60.66666666666666,52.41604760247293
3447,60.66666666666666,52.41604760247293
3448,60.66666666666666,52.41604760247293
3449,60.66666666666666,52.41604760247293
3450,60.66666666666666,52.41604760247293
3451,60.66666666666666,52.41604760247293
3452,60.66666666666666,52.41604760247293
3453,60.66666666666666,52.41604760247293
3454,60.66666666666666,52.41604760247293
3455,60.66666666666666,52.41604760247293
3456,60.66666666666666,52.41604760247293
3457,60.66666666666666,52.41604760247293
3458,60.66666666666666,52.41604760247293
3459,60.66666666666666,52.41604760247293
3460,60.66666666666666,52.41604760247293
3461,60.66666666666666,52.41604760247293
3462,60.66666666666666,52.41604760247293
3463,60.66666666666666,52.431977524737704
3464,60.66666666666666,52.53215155884837
3465,60.66666666666666,52.6359339001873
3466,60.66666666666666,52.64938093580626
3467,60.66666666666666,52.64938093580626
3468,60.66666666666666,52.64938093580626
3469,60.66666666666666,52.64938093580626
3470,60.66666666666666,52.64938093580626
3471,60.66666666666666,52.64938093580626
3472,60.66666666666666,52.64938093580626
3473,60.66666666666666,52.64938093580626
3474,60.66666666666666,52.64938093580626
3475,60.66666666666666,52.64938093580626
3476,60.66666666666666,52.64938093580626
3477,60.66666666666666,52.64938093580626
3478,60.66666666666666,52.64938093580626
3479,60.66666666666666,52.64938093580626
3480,60.66666666666666,52.64938093580626
3481,60.66666666666666,52.716047602472926
3482,60.66666666666666,52.716047602472926
3483,60.66666666666666,52.716047602472926
3484,60.66666666666666,52.934878093249125
3485,60.66666666666666,52.98791208791209
3486,60.66666666666666,53.2319775247377
3487,60.66666666666666,53.27445345001905
3488,60.66666666666666,53.298644191404364
3489,60.66666666666666,53.3411201166857
3490,60.66666666666666,53.3411201166857
3491,60.66666666666666,53.431977524737704
3492,60.66666666666666,53.5319775247377
3493,60.66666666666666,53.67445345001906
3494,60.66666666666666,54.04938093580627
3495,60.66666666666666,54.04938093580627
3496,60.66666666666666,54.04938093580627
3497,60.66666666666666,54.04938093580627
3498,60.66666666666666,54.04938093580627
3499,60.66666666666666,54.04938093580627
3500,60.66666666666666,54.04938093580627
3501,60.66666666666666,54.04938093580627
3502,60.66666666666666,54.04938093580627
3503,60.66666666666666,54.04938093580627
3504,60.66666666666666,54.04938093580627
3505,60.66666666666666,54.04938093580627
3506,60.66666666666666,54.04938093580627
3507,60.66666666666666,54.04938093580627
3508,60.66666666666666,54.04938093580627
3509,60.66666666666666,54.04938093580627
3510,60.66666666666666,54.04938093580627
3511,60.66666666666666,54.04938093580627
3512,60.66666666666666,54.04938093580627
3513,60.66666666666666,54.04938093580627
3514,60.66666666666666,54.04938093580627
3515,60.66666666666666,54.04938093580627
3516,60.66666666666666,54.04938093580627
3517,60.66666666666666,54.187912087912096
3518,60.66666666666666,54.28791208791209
3519,60.66666666666666,54.63197752473771
3520,60.66666666666666,55.05457875457874
3521,60.66666666666666,55.44938093580626
3522,60.66666666666666,55.44938093580626
3523,60.66666666666666,55.44938093580626
3524,60.66666666666666,55.44938093580626
3525,60.66666666666666,55.44938093580626
3526,60.66666666666666,55.51604760247292
3527,60.66666666666666,55.51604760247292
3528,60.66666666666666,55.51604760247292
3529,60.66666666666666,55.541120116685704
3530,60.66666666666666,55.541120116685704
3531,60.66666666666666,55.541120116685704
3532,60.66666666666666,55.541120116685704
3533,60.66666666666666,55.58791208791209
3534,60.66666666666666,55.83197752473771
3535,60.66666666666666,55.83197752473771
3536,60.66666666666666,55.96654069911989
3537,60.66666666666666,56.07555566605339
3538,60.66666666666666,56.30260056685394
3539,60.66666666666666,56.431977524737704
3540,60.66666666666666,56.44938093580626
3541,60.66666666666666,56.44938093580626
3542,60.66666666666666,56.51604760247292
3543,60.66666666666666,56.51604760247292
3544,60.66666666666666,56.51604760247292
3545,60.66666666666666,56.51604760247292
3546,60.66666666666666,56.51604760247292
3547,60.66666666666666,56.51604760247292
3548,60.66666666666666,56.51604760247292
3549,60.66666666666666,56.51604760247292
3550,60.66666666666666,56.51604760247292
3551,60.66666666666666,56.51604760247292
3552,60.66666666666666,56.51604760247292
3553,60.66666666666666,56.51604760247292
3554,60.66666666666666,56.51604760247292
3555,60.66666666666666,56.51604760247292
3556,60.66666666666666,56.51604760247292
3557,60.66666666666666,56.51604760247292
3558,60.66666666666666,56.51604760247292
3559,60.66666666666666,56.51604760247292
3560,60.66666666666666,56.51604760247292
3561,60.66666666666666,56.51604760247292
3562,60.66666666666666,56.51604760247292
3563,60.66666666666666,56.51604760247292
3564,60.66666666666666,56.51604760247292
3565,60.66666666666666,56.51604760247292
3566,60.66666666666666,56.51604760247292
3567,60.66666666666666,56.51604760247292
3568,60.66666666666666,56.51604760247292
3569,60.66666666666666,56.51604760247292
3570,60.66666666666666,56.51604760247292
3571,60.66666666666666,56.51604760247292
3572,60.66666666666666,56.51604760247292
3573,60.66666666666666,56.51604760247292
3574,60.66666666666666,56.51604760247292
3575,60.66666666666666,56.51604760247292
3576,60.66666666666666,56.51604760247292
3577,60.66666666666666,56.51604760247292
3578,60.66666666666666,56.51604760247292
3579,60.66666666666666,56.51604760247292
3580,60.66666666666666,56.51604760247292
3581,60.66666666666666,56.51604760247292
3582,60.66666666666666,56.558395902739775
3583,60.66666666666666,56.63197752473771
3584,60.66666666666666,56.64112011668571
3585,60.66666666666666,56.64112011668571
3586,60.66666666666666,56.64112011668571
3587,60.66666666666666,56.64112011668571
3588,60.66666666666666,57.049380935806255
3589,60.66666666666666,57.049380935806255
3590,60.66666666666666,57.049380935806255
3591,60.66666666666666,57.049380935806255
3592,60.66666666666666,57.049380935806255
3593,60.66666666666666,57.11604760247292
3594,60.66666666666666,57.11604760247292
3595,60.66666666666666,57.11604760247292
3596,60.66666666666666,57.11604760247292
3597,60.66666666666666,57.11604760247292
3598,60.66666666666666,57.11604760247292
3599,60.66666666666666,57.11604760247292
3600,60.66666666666666,57.11604760247292
3601,60.66666666666666,57.11604760247292
3602,60.66666666666666,57.14112011668571
3603,60.66666666666666,57.14112011668571
3604,60.66666666666666,57.14112011668571
3605,60.66666666666666,57.14112011668571
3606,60.66666666666666,57.14112011668571
3607,60.66666666666666,57.14112011668571
3608,60.66666666666666,57.14112011668571
3609,60.66666666666666,57.44938093580626
3610,60.66666666666666,57.44938093580626
3611,60.66666666666666,57.44938093580626
3612,60.66666666666666,57.51604760247292
3613,60.66666666666666,57.51604760247292
3614,60.66666666666666,57.51604760247292
3615,60.66666666666666,57.51604760247292
3616,60.66666666666666,57.51604760247292
3617,60.66666666666666,57.51604760247292
3618,60.66666666666666,57.51604760247292
3619,60.66666666666666,57.558395902739775
3620,60.66666666666666,57.558395902739775
3621,60.66666666666666,58.041120116685704
3622,60.66666666666666,58.041120116685704
3623,60.66666666666666,58.041120116685704
3624,60.66666666666666,58.041120116685704
3625,60.66666666666666,58.041120116685704
3626,60.66666666666666,58.041120116685704
3627,60.66666666666666,58.07445345001905
3628,60.66666666666666,58.13197752473771
3629,60.66666666666666,58.474453450019055
3630,60.66666666666666,58.474453450019055
3631,60.66666666666666,58.74112011668571
3632,60.66666666666666,58.74112011668571
3633,60.66666666666666,58.74112011668571
3634,60.66666666666666,58.74112011668571
3635,60.66666666666666,58.74112011668571
3636,60.66666666666666,58.74112011668571
3637,60.66666666666666,58.83197752473771
3638,60.66666666666666,58.94938093580626
3639,60.66666666666666,59.01604760247292
3640,60.66666666666666,59.01604760247292
3641,60.66666666666666,59.01604760247292
3642,60.66666666666666,59.01604760247292
3643,60.66666666666666,59.01604760247292
3644,60.66666666666666,59.01604760247292
3645,60.66666666666666,59.01604760247292
3646,60.66666666666666,59.16654069911988
3647,60.66666666666666,59.24938093580626
3648,60.66666666666666,59.24938093580626
3649,60.66666666666666,59.24938093580626
3650,60.66666666666666,59.24938093580626
3651,60.66666666666666,59.24938093580626
3652,60.66666666666666,59.24938093580626
3653,60.66666666666666,59.31604760247292
3654,60.66666666666666,59.31604760247292
3655,60.66666666666666,59.31604760247292
3656,60.66666666666666,59.31604760247292
3657,60.66666666666666,59.31604760247292
3658,60.66666666666666,59.31604760247292
3659,60.66666666666666,59.31604760247292
3660,60.66666666666666,59.31604760247292
3661,60.66666666666666,59.31604760247292
3662,60.66666666666666,59.31604760247292
3663,60.66666666666666,59.31604760247292
3664,60.66666666666666,59.35457875457874
3665,60.66666666666666,59.35457875457874
3666,60.66666666666666,59.974453450019055
3667,60.66666666666666,59.974453450019055
3668,60.66666666666666,60.0319775247377
3669,60.66666666666666,60.27445345001905
3670,60.66666666666666,60.53197752473771
3671,60.66666666666666,60.66666666666666
3672,60.66666666666666,60.66666666666666
3673,60.66666666666666,60.66666666666666
3674,60.66666666666666,60.66666666666666
3675,60.66666666666666,60.66666666666666
3676,60.66666666666666,60.66666666666666
3677,60.66666666666666,60.66666666666666
3678,60.66666666666666,60.66666666666666
3679,60.66666666666666,60.66666666666666
3680,60.66666666666666,60.66666666666666
3681,60.66666666666666,60.66666666666666
3682,60.66666666666666,60.66666666666666
3683,60.66666666666666,60.66666666666666
3684,60.66666666666666,60.66666666666666
3685,60.66666666666666,60.66666666666666
3686,60.66666666666666,60.66666666666666
3687,60.66666666666666,60.66666666666666
3688,60.66666666666666,60.66666666666666
3689,60.66666666666666,60.66666666666666
3690,60.66666666666666,60.66666666666666
3691,60.66666666666666,60.66666666666666
3692,60.66666666666666,60.66666666666666
3693,60.66666666666666,60.66666666666666
3694,60.66666666666666,60.66666666666666
3695,60.66666666666666,60.66666666666666
3696,60.66666666666666,60.66666666666666
3697,60.66666666666666,60.66666666666666
3698,60.66666666666666,60.66666666666666
3699,60.66666666666666,60.66666666666666
3700,60.66666666666666,60.66666666666666
3701,60.66666666666666,60.66666666666666
3702,60.66666666666666,60.66666666666666
3703,60.66666666666666,60.66666666666666
3704,60.66666666666666,60.66666666666666
3705,60.66666666666666,60.66666666666666
3706,60.66666666666666,60.66666666666666
3707,60.66666666666666,60.66666666666666
3708,60.66666666666666,60.66666666666666
3709,60.66666666666666,60.66666666666666
3710,60.66666666666666,60.66666666666666
3711,60.66666666666666,60.66666666666666
3712,60.66666666666666,60.66666666666666
3713,60.66666666666666,60.66666666666666
3714,60.66666666666666,60.66666666666666
3715,60.66666666666666,60.66666666666666
3716,60.66666666666666,60.66666666666666
3717,60.66666666666666,60.66666666666666
3718,60.66666666666666,60.66666666666666
3719,60.66666666666666,60.66666666666666
3720,60.66666666666666,60.66666666666666
3721,60.66666666666666,60.66666666666666
3722,60.66666666666666,60.66666666666666
3723,60.66666666666666,60.66666666666666
3724,60.66666666666666,60.66666666666666
3725,60.66666666666666,60.66666666666666
3726,60.66666666666666,60.66666666666666
3727,60.66666666666666,60.66666666666666
3728,60.66666666666666,60.66666666666666
3729,60.66666666666666,60.66666666666666
3730,60.66666666666666,60.66666666666666
3731,60.66666666666666,60.66666666666666
3732,60.66666666666666,60.66666666666666
3733,60.66666666666666,60.66666666666666
3734,60.66666666666666,60.66666666666666
3735,60.66666666666666,60.66666666666666
3736,60.66666666666666,60.66666666666666
3737,60.66666666666666,60.66666666666666
3738,60.66666666666666,60.66666666666666
3739,60.66666666666666,60.66666666666666
3740,60.66666666666666,60.66666666666666
3741,60.66666666666666,60.66666666666666
3742,60.66666666666666,60.66666666666666
3743,60.66666666666666,60.66666666666666
3744,60.66666666666666,60.66666666666666
3745,60.66666666666666,60.66666666666666
3746,60.66666666666666,60.66666666666666
3747,60.66666666666666,60.66666666666666
3748,60.66666666666666,60.66666666666666
3749,60.66666666666666,60.66666666666666
3750,60.66666666666666,60.66666666666666
3751,60.66666666666666,60.66666666666666
3752,60.66666666666666,60.66666666666666
3753,60.66666666666666,60.66666666666666
3754,60.66666666666666,60.66666666666666
3755,60.66666666666666,60.66666666666666
3756,60.66666666666666,60.66666666666666
3757,60.66666666666666,60.66666666666666
3758,60.66666666666666,60.66666666666666
3759,60.66666666666666,60.66666666666666
3760,60.66666666666666,60.66666666666666
3761,60.66666666666666,60.66666666666666
3762,60.66666666666666,60.66666666666666
3763,60.66666666666666,60.66666666666666
3764,60.66666666666666,60.66666666666666
3765,60.66666666666666,60.66666666666666
3766,60.66666666666666,60.66666666666666
3767,60.66666666666666,60.66666666666666
3768,60.66666666666666,60.66666666666666
3769,60.66666666666666,60.66666666666666
3770,60.66666666666666,60.66666666666666
3771,60.66666666666666,60.66666666666666
3772,60.66666666666666,60.66666666666666
3773,60.66666666666666,60.66666666666666
3774,60.66666666666666,60.66666666666666
3775,60.66666666666666,60.66666666666666
3776,60.66666666666666,60.66666666666666
3777,60.66666666666666,60.66666666666666
3778,60.66666666666666,60.66666666666666
3779,60.66666666666666,60.66666666666666
3780,60.66666666666666,60.66666666666666
3781,60.66666666666666,60.66666666666666
3782,60.66666666666666,60.66666666666666
3783,60.66666666666666,60.66666666666666
3784,60.66666666666666,60.66666666666666
3785,60.66666666666666,60.66666666666666
3786,60.66666666666666,60.66666666666666
3787,60.66666666666666,60.66666666666666
3788,60.66666666666666,60.66666666666666
3789,60.66666666666666,60.66666666666666
3790,60.66666666666666,60.66666666666666
3791,60.66666666666666,60.66666666666666
3792,60.66666666666666,60.66666666666666
3793,60.66666666666666,60.66666666666666
3794,60.66666666666666,60.66666666666666
3795,60.66666666666666,60.66666666666666
3796,60.66666666666666,60.66666666666666
3797,60.66666666666666,60.66666666666666
3798,60.66666666666666,60.66666666666666
3799,60.66666666666666,60.66666666666666
3800,60.66666666666666,60.66666666666666
3801,60.66666666666666,60.66666666666666
3802,60.66666666666666,60.66666666666666
3803,60.66666666666666,60.66666666666666
3804,60.66666666666666,60.66666666666666
3805,60.66666666666666,60.66666666666666
3806,60.66666666666666,60.66666666666666
3807,60.66666666666666,60.66666666666666
3808,60.66666666666666,60.66666666666666
3809,60.66666666666666,60.66666666666666
3810,60.66666666666666,60.66666666666666
3811,60.66666666666666,60.66666666666666
3812,60.66666666666666,60.66666666666666
3813,60.66666666666666,60.66666666666666
3814,60.66666666666666,60.66666666666666
3815,60.66666666666666,60.66666666666666
3816,60.66666666666666,60.66666666666666
3817,60.66666666666666,60.66666666666666
3818,60.66666666666666,60.66666666666666
3819,60.66666666666666,60.66666666666666
3820,60.66666666666666,60.66666666666666
3821,60.66666666666666,60.66666666666666
3822,60.66666666666666,60.66666666666666
3823,60.66666666666666,60.66666666666666
3824,60.66666666666666,60.66666666666666
3825,60.66666666666666,60.66666666666666
3826,60.66666666666666,60.66666666666666
3827,60.66666666666666,60.66666666666666
3828,60.66666666666666,60.66666666666666
3829,60.66666666666666,60.66666666666666
3830,60.66666666666666,60.66666666666666
3831,60.66666666666666,60.66666666666666
3832,60.66666666666666,60.66666666666666
3833,60.66666666666666,60.66666666666666
3834,60.66666666666666,60.66666666666666
3835,60.66666666666666,60.66666666666666
3836,60.66666666666666,60.66666666666666
3837,60.66666666666666,60.66666666666666
3838,60.66666666666666,60.66666666666666
3839,60.66666666666666,60.66666666666666
3840,60.66666666666666,60.66666666666666
3841,60.66666666666666,60.66666666666666
3842,60.66666666666666,60.66666666666666
3843,60.66666666666666,60.66666666666666
3844,60.66666666666666,60.66666666666666
3845,60.66666666666666,60.66666666666666
3846,60.66666666666666,60.66666666666666
3847,60.66666666666666,60.66666666666666
3848,60.66666666666666,60.66666666666666
3849,60.66666666666666,60.66666666666666
3850,60.66666666666666,60.66666666666666
3851,60.66666666666666,60.66666666666666
3852,60.66666666666666,60.66666666666666
3853,60.66666666666666,60.66666666666666
3854,60.66666666666666,60.66666666666666
3855,60.66666666666666,60.66666666666666
3856,60.66666666666666,60.66666666666666
3857,60.66666666666666,60.66666666666666
3858,60.66666666666666,60.66666666666666
3859,60.66666666666666,60.66666666666666
3860,60.66666666666666,60.66666666666666
3861,60.66666666666666,60.66666666666666
3862,60.66666666666666,60.66666666666666
3863,60.66666666666666,60.66666666666666
3864,60.66666666666666,60.66666666666666
3865,60.66666666666666,60.66666666666666
3866,60.66666666666666,60.66666666666666
3867,60.66666666666666,60.66666666666666
3868,60.66666666666666,60.66666666666666
3869,60.66666666666666,60.66666666666666
3870,60.66666666666666,60.66666666666666
3871,60.66666666666666,60.66666666666666
3872,60.66666666666666,60.66666666666666
3873,60.66666666666666,60.66666666666666
3874,60.66666666666666,60.66666666666666
3875,60.66666666666666,60.66666666666666
3876,60.66666666666666,60.66666666666666
3877,60.66666666666666,60.66666666666666
3878,60.66666666666666,60.66666666666666
3879,60.66666666666666,60.66666666666666
3880,60.66666666666666,60.66666666666666
3881,60.66666666666666,60.66666666666666
3882,60.66666666666666,60.66666666666666
3883,60.66666666666666,60.66666666666666
3884,60.66666666666666,60.66666666666666
3885,60.66666666666666,60.66666666666666
3886,60.66666666666666,60.66666666666666
3887,60.66666666666666,60.66666666666666
3888,60.66666666666666,60.66666666666666
3889,60.66666666666666,60.66666666666666
3890,60.66666666666666,60.66666666666666
3891,60.66666666666666,60.66666666666666
3892,60.66666666666666,60.66666666666666
3893,60.66666666666666,60.66666666666666
3894,60.66666666666666,60.66666666666666
3895,60.66666666666666,60.66666666666666
3896,60.66666666666666,60.66666666666666
3897,60.66666666666666,60.66666666666666
3898,60.66666666666666,60.66666666666666
3899,60.66666666666666,60.66666666666666
3900,60.66666666666666,60.66666666666666
3901,60.66666666666666,60.66666666666666
3902,60.66666666666666,60.66666666666666
3903,60.66666666666666,60.66666666666666
3904,60.66666666666666,60.66666666666666
3905,60.66666666666666,60.66666666666666
3906,60.66666666666666,60.66666666666666
3907,60.66666666666666,60.66666666666666
3908,60.66666666666666,60.66666666666666
3909,60.66666666666666,60.66666666666666
3910,60.66666666666666,60.66666666666666
3911,60.66666666666666,60.66666666666666
3912,60.66666666666666,60.66666666666666
3913,60.66666666666666,60.66666666666666
3914,60.66666666666666,60.66666666666666
3915,60.66666666666666,60.66666666666666
3916,60.66666666666666,60.66666666666666
3917,60.66666666666666,60.66666666666666
3918,60.66666666666666,60.66666666666666
3919,60.66666666666666,60.66666666666666
3920,60.66666666666666,60.66666666666666
3921,60.66666666666666,60.66666666666666
3922,60.66666666666666,60.66666666666666
3923,60.66666666666666,60.66666666666666
3924,60.66666666666666,60.66666666666666
3925,60.66666666666666,60.66666666666666
3926,60.66666666666666,60.66666666666666
3927,60.66666666666666,60.66666666666666
3928,60.66666666666666,60.66666666666666
3929,60.66666666666666,60.66666666666666
3930,60.66666666666666,60.66666666666666
3931,60.66666666666666,60.66666666666666
3932,60.66666666666666,60.66666666666666
3933,60.66666666666666,60.66666666666666
3934,60.66666666666666,60.66666666666666
3935,60.66666666666666,60.66666666666666
3936,60.66666666666666,60.66666666666666
3937,60.66666666666666,60.66666666666666
3938,60.66666666666666,60.66666666666666
3939,60.66666666666666,60.66666666666666
3940,60.66666666666666,60.66666666666666
3941,60.66666666666666,60.66666666666666
3942,60.66666666666666,60.66666666666666
3943,60.66666666666666,60.66666666666666
3944,60.66666666666666,60.66666666666666
3945,60.66666666666666,60.66666666666666
3946,60.66666666666666,60.66666666666666
3947,60.66666666666666,60.66666666666666
3948,60.66666666666666,60.66666666666666
3949,60.66666666666666,60.66666666666666
3950,60.66666666666666,60.66666666666666
3951,60.66666666666666,60.66666666666666
3952,60.66666666666666,60.66666666666666
3953,60.66666666666666,60.66666666666666
3954,60.66666666666666,60.66666666666666
3955,60.66666666666666,60.66666666666666
3956,60.66666666666666,60.66666666666666
3957,60.66666666666666,60.66666666666666
3958,60.66666666666666,60.66666666666666
3959,60.66666666666666,60.66666666666666
3960,60.66666666666666,60.66666666666666
3961,60.66666666666666,60.66666666666666
3962,60.66666666666666,60.66666666666666
3963,60.66666666666666,60.66666666666666
3964,60.66666666666666,60.66666666666666
3965,60.66666666666666,60.66666666666666
3966,60.66666666666666,60.66666666666666
3967,60.66666666666666,60.66666666666666
3968,60.66666666666666,60.66666666666666
3969,60.66666666666666,60.66666666666666
3970,60.66666666666666,60.66666666666666
3971,60.66666666666666,60.66666666666666
3972,60.66666666666666,60.66666666666666
3973,60.66666666666666,60.66666666666666
3974,60.66666666666666,60.66666666666666
3975,60.66666666666666,60.66666666666666
3976,60.66666666666666,60.66666666666666
3977,60.66666666666666,60.66666666666666
3978,60.66666666666666,60.66666666666666
3979,60.66666666666666,60.66666666666666
3980,60.66666666666666,60.66666666666666
3981,60.66666666666666,60.66666666666666
3982,60.66666666666666,60.66666666666666
3983,60.66666666666666,60.66666666666666
3984,60.66666666666666,60.66666666666666
3985,60.66666666666666,60.66666666666666
3986,60.66666666666666,60.66666666666666
3987,60.66666666666666,60.66666666666666
3988,60.66666666666666,60.66666666666666
3989,60.66666666666666,60.66666666666666
3990,60.66666666666666,60.66666666666666
3991,60.66666666666666,60.66666666666666
3992,60.66666666666666,60.66666666666666
3993,60.66666666666666,60.66666666666666
3994,60.66666666666666,60.66666666666666
3995,60.66666666666666,60.66666666666666
3996,60.66666666666666,60.66666666666666
3997,60.66666666666666,60.66666666666666
3998,60.66666666666666,60.66666666666666
3999,60.66666666666666,60.66666666666666
4000,60.66666666666666,60.66666666666666
4001,60.66666666666666,60.66666666666666
4002,60.66666666666666,60.66666666666666
4003,60.66666666666666,60.66666666666666
4004,60.66666666666666,60.66666666666666
4005,60.66666666666666,60.66666666666666
4006,60.66666666666666,60.66666666666666
4007,60.66666666666666,60.66666666666666
4008,60.66666666666666,60.66666666666666
4009,60.66666666666666,60.66666666666666
4010,60.66666666666666,60.66666666666666
4011,60.66666666666666,60.66666666666666
4012,60.66666666666666,60.66666666666666
4013,60.66666666666666,60.66666666666666
4014,60.66666666666666,60.66666666666666
4015,60.66666666666666,60.66666666666666
4016,60.66666666666666,60.66666666666666
4017,60.66666666666666,60.66666666666666
4018,60.66666666666666,60.66666666666666
4019,60.66666666666666,60.66666666666666
4020,60.66666666666666,60.66666666666666
4021,60.66666666666666,60.66666666666666
4022,60.66666666666666,60.66666666666666
4023,60.66666666666666,60.66666666666666
4024,60.66666666666666,60.66666666666666
4025,60.66666666666666,60.66666666666666
4026,60.66666666666666,60.66666666666666
4027,60.66666666666666,60.66666666666666
4028,60.66666666666666,60.66666666666666
4029,60.66666666666666,60.66666666666666
4030,60.66666666666666,60.66666666666666
4031,60.66666666666666,60.66666666666666
4032,60.66666666666666,60.66666666666666
4033,60.66666666666666,60.66666666666666
4034,60.66666666666666,60.66666666666666
4035,60.66666666666666,60.66666666666666
4036,60.66666666666666,60.66666666666666
4037,60.66666666666666,60.66666666666666
4038,60.66666666666666,60.66666666666666
4039,60.66666666666666,60.66666666666666
4040,60.66666666666666,60.66666666666666
4041,60.66666666666666,60.66666666666666
4042,60.66666666666666,60.66666666666666
4043,60.66666666666666,60.66666666666666
4044,60.66666666666666,60.66666666666666
4045,60.66666666666666,60.66666666666666
4046,60.66666666666666,60.66666666666666
4047,60.66666666666666,60.66666666666666
4048,60.66666666666666,60.66666666666666
4049,60.66666666666666,60.66666666666666
4050,60.66666666666666,60.66666666666666
4051,60.66666666666666,60.66666666666666
4052,60.66666666666666,60.66666666666666
4053,60.66666666666666,60.66666666666666
4054,60.66666666666666,60.66666666666666
4055,60.66666666666666,60.66666666666666
4056,60.66666666666666,60.66666666666666
4057,60.66666666666666,60.66666666666666
4058,60.66666666666666,60.66666666666666
4059,60.66666666666666,60.66666666666666
4060,60.66666666666666,60.66666666666666
4061,60.66666666666666,60.66666666666666
4062,60.66666666666666,60.66666666666666
4063,60.66666666666666,60.66666666666666
4064,60.66666666666666,60.66666666666666
4065,60.66666666666666,60.66666666666666
4066,60.66666666666666,60.66666666666666
4067,60.66666666666666,60.66666666666666
4068,60.66666666666666,60.66666666666666
4069,60.66666666666666,60.66666666666666
4070,60.66666666666666,60.66666666666666
4071,60.66666666666666,60.66666666666666
4072,60.66666666666666,60.66666666666666
4073,60.66666666666666,60.66666666666666
4074,60.66666666666666,60.66666666666666
4075,60.66666666666666,60.66666666666666
4076,60.66666666666666,60.66666666666666
4077,60.66666666666666,60.66666666666666
4078,60.66666666666666,60.66666666666666
4079,60.66666666666666,60.66666666666666
4080,60.66666666666666,60.66666666666666
4081,60.66666666666666,60.66666666666666
4082,60.66666666666666,60.66666666666666
4083,60.66666666666666,60.66666666666666
4084,60.66666666666666,60.66666666666666
4085,60.66666666666666,60.66666666666666
4086,60.66666666666666,60.66666666666666
4087,60.66666666666666,60.66666666666666
4088,60.66666666666666,60.66666666666666
4089,60.66666666666666,60.66666666666666
4090,60.66666666666666,60.66666666666666
4091,60.66666666666666,60.66666666666666
4092,60.66666666666666,60.66666666666666
4093,60.66666666666666,60.66666666666666
4094,60.66666666666666,60.66666666666666
4095,60.66666666666666,60.66666666666666
4096,60.66666666666666,60.66666666666666
4097,60.66666666666666,60.66666666666666
4098,60.66666666666666,60.66666666666666
4099,60.66666666666666,60.66666666666666
4100,60.66666666666666,60.66666666666666
4101,60.66666666666666,60.66666666666666
4102,60.66666666666666,60.66666666666666
4103,60.66666666666666,60.66666666666666
4104,60.66666666666666,60.66666666666666
4105,60.66666666666666,60.66666666666666
4106,60.66666666666666,60.66666666666666
4107,60.66666666666666,60.66666666666666
4108,60.66666666666666,60.66666666666666
4109,60.66666666666666,60.66666666666666
4110,60.66666666666666,60.66666666666666
4111,60.66666666666666,60.66666666666666
4112,60.66666666666666,60.66666666666666
4113,60.66666666666666,60.66666666666666
4114,60.66666666666666,60.66666666666666
4115,60.66666666666666,60.66666666666666
4116,60.66666666666666,60.66666666666666
4117,60.66666666666666,60.66666666666666
4118,60.66666666666666,60.66666666666666
4119,60.66666666666666,60.66666666666666
4120,60.66666666666666,60.66666666666666
4121,60.66666666666666,60.66666666666666
4122,60.66666666666666,60.66666666666666
4123,60.66666666666666,60.66666666666666
4124,60.66666666666666,60.66666666666666
4125,60.66666666666666,60.66666666666666
4126,60.66666666666666,60.66666666666666
4127,60.66666666666666,60.66666666666666
4128,60.66666666666666,60.66666666666666
4129,60.66666666666666,60.66666666666666
4130,60.66666666666666,60.66666666666666
4131,60.66666666666666,60.66666666666666
4132,60.66666666666666,60.66666666666666
4133,60.66666666666666,60.66666666666666
4134,60.66666666666666,60.66666666666666
4135,60.66666666666666,60.66666666666666
4136,60.66666666666666,60.66666666666666
4137,60.66666666666666,60.66666666666666
4138,60.66666666666666,60.66666666666666
4139,60.66666666666666,60.66666666666666
4140,60.66666666666666,60.66666666666666
4141,60.66666666666666,60.66666666666666
4142,60.66666666666666,60.66666666666666
4143,60.66666666666666,60.66666666666666
4144,60.66666666666666,60.66666666666666
4145,60.66666666666666,60.66666666666666
4146,60.66666666666666,60.66666666666666
4147,60.66666666666666,60.66666666666666
4148,60.66666666666666,60.66666666666666
4149,60.66666666666666,60.66666666666666
4150,60.66666666666666,60.66666666666666
4151,60.66666666666666,60.66666666666666
4152,60.66666666666666,60.66666666666666
4153,60.66666666666666,60.66666666666666
4154,60.66666666666666,60.66666666666666
4155,60.66666666666666,60.66666666666666
4156,60.66666666666666,60.66666666666666
4157,60.66666666666666,60.66666666666666
4158,60.66666666666666,60.66666666666666
4159,60.66666666666666,60.66666666666666
4160,60.66666666666666,60.66666666666666
4161,60.66666666666666,60.66666666666666
4162,60.66666666666666,60.66666666666666
4163,60.66666666666666,60.66666666666666
4164,60.66666666666666,60.66666666666666
4165,60.66666666666666,60.66666666666666
4166,60.66666666666666,60.66666666666666
4167,60.66666666666666,60.66666666666666
4168,60.66666666666666,60.66666666666666
4169,60.66666666666666,60.66666666666666
4170,60.66666666666666,60.66666666666666
4171,60.66666666666666,60.66666666666666
4172,60.66666666666666,60.66666666666666
4173,60.66666666666666,60.66666666666666
4174,60.66666666666666,60.66666666666666
4175,60.66666666666666,60.66666666666666
4176,60.66666666666666,60.66666666666666
4177,60.66666666666666,60.66666666666666
4178,60.66666666666666,60.66666666666666
4179,60.66666666666666,60.66666666666666
4180,60.66666666666666,60.66666666666666
4181,60.66666666666666,60.66666666666666
4182,60.66666666666666,60.66666666666666
4183,60.66666666666666,60.66666666666666
4184,60.66666666666666,60.66666666666666
4185,60.66666666666666,60.66666666666666
4186,60.66666666666666,60.66666666666666
4187,60.66666666666666,60.66666666666666
4188,60.66666666666666,60.66666666666666
4189,60.66666666666666,60.66666666666666
4190,60.66666666666666,60.66666666666666
4191,60.66666666666666,60.66666666666666
4192,60.66666666666666,60.66666666666666
4193,60.66666666666666,60.66666666666666
4194,60.66666666666666,60.66666666666666
4195,60.66666666666666,60.66666666666666
4196,60.66666666666666,60.66666666666666
4197,60.66666666666666,60.66666666666666
4198,60.66666666666666,60.66666666666666
4199,60.66666666666666,60.66666666666666
4200,60.66666666666666,60.66666666666666
4201,60.66666666666666,60.66666666666666
4202,60.66666666666666,60.66666666666666
4203,60.66666666666666,60.66666666666666
4204,60.66666666666666,60.66666666666666
4205,60.66666666666666,60.66666666666666
4206,60.66666666666666,60.66666666666666
4207,60.66666666666666,60.66666666666666
4208,60.66666666666666,60.66666666666666
4209,60.66666666666666,60.66666666666666
4210,60.66666666666666,60.66666666666666
4211,60.66666666666666,60.66666666666666
4212,60.66666666666666,60.66666666666666
4213,60.66666666666666,60.66666666666666
4214,60.66666666666666,60.66666666666666
4215,60.66666666666666,60.66666666666666
4216,60.66666666666666,60.66666666666666
4217,60.66666666666666,60.66666666666666
4218,60.66666666666666,60.66666666666666
4219,60.66666666666666,60.66666666666666
4220,60.66666666666666,60.66666666666666
4221,60.66666666666666,60.66666666666666
4222,60.66666666666666,60.66666666666666
4223,60.66666666666666,60.66666666666666
4224,60.66666666666666,60.66666666666666
4225,60.66666666666666,60.66666666666666
4226,60.66666666666666,60.66666666666666
4227,60.66666666666666,60.66666666666666
4228,60.66666666666666,60.66666666666666
4229,60.66666666666666,60.66666666666666
4230,60.66666666666666,60.66666666666666
4231,60.66666666666666,60.66666666666666
4232,60.66666666666666,60.66666666666666
4233,60.66666666666666,60.66666666666666
4234,60.66666666666666,60.66666666666666
4235,60.66666666666666,60.66666666666666
4236,60.66666666666666,60.66666666666666
4237,60.66666666666666,60.66666666666666
4238,60.66666666666666,60.66666666666666
4239,60.66666666666666,60.66666666666666
4240,60.66666666666666,60.66666666666666
4241,60.66666666666666,60.66666666666666
4242,60.66666666666666,60.66666666666666
4243,60.66666666666666,60.66666666666666
4244,60.66666666666666,60.66666666666666
4245,60.66666666666666,60.66666666666666
4246,60.66666666666666,60.66666666666666
4247,60.66666666666666,60.66666666666666
4248,60.66666666666666,60.66666666666666
4249,60.66666666666666,60.66666666666666
4250,60.66666666666666,60.66666666666666
4251,60.66666666666666,60.66666666666666
4252,60.66666666666666,60.66666666666666
4253,60.66666666666666,60.66666666666666
4254,60.66666666666666,60.66666666666666
4255,60.66666666666666,60.66666666666666
4256,60.66666666666666,60.66666666666666
4257,60.66666666666666,60.66666666666666
4258,60.66666666666666,60.66666666666666
4259,60.66666666666666,60.66666666666666
4260,60.66666666666666,60.66666666666666
4261,60.66666666666666,60.66666666666666
4262,60.66666666666666,60.66666666666666
4263,60.66666666666666,60.66666666666666
4264,60.66666666666666,60.66666666666666
4265,60.66666666666666,60.66666666666666
4266,60.66666666666666,60.66666666666666
4267,60.66666666666666,60.66666666666666
4268,60.66666666666666,60.66666666666666
4269,60.66666666666666,60.66666666666666
4270,60.66666666666666,60.66666666666666
4271,60.66666666666666,60.66666666666666
4272,60.66666666666666,60.66666666666666
4273,60.66666666666666,60.66666666666666
4274,60.66666666666666,60.66666666666666
4275,60.66666666666666,60.66666666666666
4276,60.66666666666666,60.66666666666666
4277,60.66666666666666,60.66666666666666
4278,60.66666666666666,60.66666666666666
4279,60.66666666666666,60.66666666666666
4280,60.66666666666666,60.66666666666666
4281,60.66666666666666,60.66666666666666
4282,60.66666666666666,60.66666666666666
4283,60.66666666666666,60.66666666666666
4284,60.66666666666666,60.66666666666666
4285,60.66666666666666,60.66666666666666
4286,60.66666666666666,60.66666666666666
4287,60.66666666666666,60.66666666666666
4288,60.66666666666666,60.66666666666666
4289,60.66666666666666,60.66666666666666
4290,60.66666666666666,60.66666666666666
4291,60.66666666666666,60.66666666666666
4292,60.66666666666666,60.66666666666666
4293,60.66666666666666,60.66666666666666
4294,60.66666666666666,60.66666666666666
4295,60.66666666666666,60.66666666666666
4296,60.66666666666666,60.66666666666666
4297,60.66666666666666,60.66666666666666
4298,60.66666666666666,60.66666666666666
4299,60.66666666666666,60.66666666666666
4300,60.66666666666666,60.66666666666666
4301,60.66666666666666,60.66666666666666
4302,60.66666666666666,60.66666666666666
4303,60.66666666666666,60.66666666666666
4304,60.66666666666666,60.66666666666666
4305,60.66666666666666,60.66666666666666
4306,60.66666666666666,60.66666666666666
4307,60.66666666666666,60.66666666666666
4308,60.66666666666666,60.66666666666666
4309,60.66666666666666,60.66666666666666
4310,60.66666666666666,60.66666666666666
4311,60.66666666666666,60.66666666666666
4312,60.66666666666666,60.66666666666666
4313,60.66666666666666,60.66666666666666
4314,60.66666666666666,60.66666666666666
4315,60.66666666666666,60.66666666666666
4316,60.66666666666666,60.66666666666666
4317,60.66666666666666,60.66666666666666
4318,60.66666666666666,60.66666666666666
4319,60.66666666666666,60.66666666666666
4320,60.66666666666666,60.66666666666666
4321,60.66666666666666,60.66666666666666
4322,60.66666666666666,60.66666666666666
4323,60.66666666666666,60.66666666666666
4324,60.66666666666666,60.66666666666666
4325,60.66666666666666,60.66666666666666
4326,60.66666666666666,60.66666666666666
4327,60.66666666666666,60.66666666666666
4328,60.66666666666666,60.66666666666666
4329,60.66666666666666,60.66666666666666
4330,60.66666666666666,60.66666666666666
4331,60.66666666666666,60.66666666666666
4332,60.66666666666666,60.66666666666666
4333,60.66666666666666,60.66666666666666
4334,60.66666666666666,60.66666666666666
4335,60.66666666666666,60.66666666666666
4336,60.66666666666666,60.66666666666666
4337,60.66666666666666,60.66666666666666
4338,60.66666666666666,60.66666666666666
4339,60.66666666666666,60.66666666666666
4340,60.66666666666666,60.66666666666666
4341,60.66666666666666,60.66666666666666
4342,60.66666666666666,60.66666666666666
4343,60.66666666666666,60.66666666666666
4344,60.66666666666666,60.66666666666666
4345,60.66666666666666,60.66666666666666
4346,60.66666666666666,60.66666666666666
4347,60.66666666666666,60.66666666666666
4348,60.66666666666666,60.66666666666666
4349,60.66666666666666,60.66666666666666
4350,60.66666666666666,60.66666666666666
4351,60.66666666666666,60.66666666666666
4352,60.66666666666666,60.66666666666666
4353,60.66666666666666,60.66666666666666
4354,60.66666666666666,60.66666666666666
4355,60.66666666666666,60.66666666666666
4356,60.66666666666666,60.66666666666666
4357,60.66666666666666,60.66666666666666
4358,60.66666666666666,60.66666666666666
4359,60.66666666666666,60.66666666666666
4360,60.66666666666666,60.66666666666666
4361,60.66666666666666,60.66666666666666
4362,60.66666666666666,60.66666666666666
4363,60.66666666666666,60.66666666666666
4364,60.66666666666666,60.66666666666666
4365,60.66666666666666,60.66666666666666
4366,60.66666666666666,60.66666666666666
4367,60.66666666666666,60.66666666666666
4368,60.66666666666666,60.66666666666666
4369,60.66666666666666,60.66666666666666
4370,60.66666666666666,60.66666666666666
4371,60.66666666666666,60.66666666666666
4372,60.66666666666666,60.66666666666666
4373,60.66666666666666,60.66666666666666
4374,60.66666666666666,60.66666666666666
4375,60.66666666666666,60.66666666666666
4376,60.66666666666666,60.66666666666666
4377,60.66666666666666,60.66666666666666
4378,60.66666666666666,60.66666666666666
4379,60.66666666666666,60.66666666666666
4380,60.66666666666666,60.66666666666666
4381,60.66666666666666,60.66666666666666
4382,60.66666666666666,60.66666666666666
4383,60.66666666666666,60.66666666666666
4384,60.66666666666666,60.66666666666666
4385,60.66666666666666,60.66666666666666
4386,60.66666666666666,60.66666666666666
4387,60.66666666666666,60.66666666666666
4388,60.66666666666666,60.66666666666666
4389,60.66666666666666,60.66666666666666
4390,60.66666666666666,60.66666666666666
4391,60.66666666666666,60.66666666666666
4392,60.66666666666666,60.66666666666666
4393,60.66666666666666,60.66666666666666
4394,60.66666666666666,60.66666666666666
4395,60.66666666666666,60.66666666666666
4396,60.66666666666666,60.66666666666666
4397,60.66666666666666,60.66666666666666
4398,60.66666666666666,60.66666666666666
4399,60.66666666666666,60.66666666666666
4400,60.66666666666666,60.66666666666666
4401,60.66666666666666,60.66666666666666
4402,60.66666666666666,60.66666666666666
4403,60.66666666666666,60.66666666666666
4404,60.66666666666666,60.66666666666666
4405,60.66666666666666,60.66666666666666
4406,60.66666666666666,60.66666666666666
4407,60.66666666666666,60.66666666666666
4408,60.66666666666666,60.66666666666666
4409,60.66666666666666,60.66666666666666
4410,60.66666666666666,60.66666666666666
4411,60.66666666666666,60.66666666666666
4412,60.66666666666666,60.66666666666666
4413,60.66666666666666,60.66666666666666
4414,60.66666666666666,60.66666666666666
4415,60.66666666666666,60.66666666666666
4416,60.66666666666666,60.66666666666666
4417,60.66666666666666,60.66666666666666
4418,60.66666666666666,60.66666666666666
4419,60.66666666666666,60.66666666666666
4420,60.66666666666666,60.66666666666666
4421,60.66666666666666,60.66666666666666
4422,60.66666666666666,60.66666666666666
4423,60.66666666666666,60.66666666666666
4424,60.66666666666666,60.66666666666666
4425,60.66666666666666,60.66666666666666
4426,60.66666666666666,60.66666666666666
4427,60.66666666666666,60.66666666666666
4428,60.66666666666666,60.66666666666666
4429,60.66666666666666,60.66666666666666
4430,60.66666666666666,60.66666666666666
4431,60.66666666666666,60.66666666666666
4432,60.66666666666666,60.66666666666666
4433,60.66666666666666,60.66666666666666
4434,60.66666666666666,60.66666666666666
4435,60.66666666666666,60.66666666666666
4436,60.66666666666666,60.66666666666666
4437,60.66666666666666,60.66666666666666
4438,60.66666666666666,60.66666666666666
4439,60.66666666666666,60.66666666666666
4440,60.66666666666666,60.66666666666666
4441,60.66666666666666,60.66666666666666
4442,60.66666666666666,60.66666666666666
4443,60.66666666666666,60.66666666666666
4444,60.66666666666666,60.66666666666666
4445,60.66666666666666,60.66666666666666
4446,60.66666666666666,60.66666666666666
4447,60.66666666666666,60.66666666666666
4448,60.66666666666666,60.66666666666666
4449,60.66666666666666,60.66666666666666
4450,60.66666666666666,60.66666666666666
4451,60.66666666666666,60.66666666666666
4452,60.66666666666666,60.66666666666666
4453,60.66666666666666,60.66666666666666
4454,60.66666666666666,60.66666666666666
4455,60.66666666666666,60.66666666666666
4456,60.66666666666666,60.66666666666666
4457,60.66666666666666,60.66666666666666
4458,60.66666666666666,60.66666666666666
4459,60.66666666666666,60.66666666666666
4460,60.66666666666666,60.66666666666666
4461,60.66666666666666,60.66666666666666
4462,60.66666666666666,60.66666666666666
4463,60.66666666666666,60.66666666666666
4464,60.66666666666666,60.66666666666666
4465,60.66666666666666,60.66666666666666
4466,60.66666666666666,60.66666666666666
4467,60.66666666666666,60.66666666666666
4468,60.66666666666666,60.66666666666666
4469,60.66666666666666,60.66666666666666
4470,60.66666666666666,60.66666666666666
4471,60.66666666666666,60.66666666666666
4472,60.66666666666666,60.66666666666666
4473,60.66666666666666,60.66666666666666
4474,60.66666666666666,60.66666666666666
4475,60.66666666666666,60.66666666666666
4476,60.66666666666666,60.66666666666666
4477,60.66666666666666,60.66666666666666
4478,60.66666666666666,60.66666666666666
4479,60.66666666666666,60.66666666666666
4480,60.66666666666666,60.66666666666666
4481,60.66666666666666,60.66666666666666
4482,60.66666666666666,60.66666666666666
4483,60.66666666666666,60.66666666666666
4484,60.66666666666666,60.66666666666666
4485,60.66666666666666,60.66666666666666
4486,60.66666666666666,60.66666666666666
4487,60.66666666666666,60.66666666666666
4488,60.66666666666666,60.66666666666666
4489,60.66666666666666,60.66666666666666
4490,60.66666666666666,60.66666666666666
4491,60.66666666666666,60.66666666666666
4492,60.66666666666666,60.66666666666666
4493,60.66666666666666,60.66666666666666
4494,60.66666666666666,60.66666666666666
4495,60.66666666666666,60.66666666666666
4496,60.66666666666666,60.66666666666666
4497,60.66666666666666,60.66666666666666
4498,60.66666666666666,60.66666666666666
4499,60.66666666666666,60.66666666666666
4500,60.66666666666666,60.66666666666666
4501,60.66666666666666,60.66666666666666
4502,60.66666666666666,60.66666666666666
4503,60.66666666666666,60.66666666666666
4504,60.66666666666666,60.66666666666666
4505,60.66666666666666,60.66666666666666
4506,60.66666666666666,60.66666666666666
4507,60.66666666666666,60.66666666666666
4508,60.66666666666666,60.66666666666666
4509,60.66666666666666,60.66666666666666
4510,60.66666666666666,60.66666666666666
4511,60.66666666666666,60.66666666666666
4512,60.66666666666666,60.66666666666666
4513,60.66666666666666,60.66666666666666
4514,60.66666666666666,60.66666666666666
4515,60.66666666666666,60.66666666666666
4516,60.66666666666666,60.66666666666666
4517,60.66666666666666,60.66666666666666
4518,60.66666666666666,60.66666666666666
4519,60.66666666666666,60.66666666666666
4520,60.66666666666666,60.66666666666666
4521,60.66666666666666,60.66666666666666
4522,60.66666666666666,60.66666666666666
4523,60.66666666666666,60.66666666666666
4524,60.66666666666666,60.66666666666666
4525,60.66666666666666,60.66666666666666
4526,60.66666666666666,60.66666666666666
4527,60.66666666666666,60.66666666666666
4528,60.66666666666666,60.66666666666666
4529,60.66666666666666,60.66666666666666
4530,60.66666666666666,60.66666666666666
4531,60.66666666666666,60.66666666666666
4532,60.66666666666666,60.66666666666666
4533,60.66666666666666,60.66666666666666
4534,60.66666666666666,60.66666666666666
4535,60.66666666666666,60.66666666666666
4536,60.66666666666666,60.66666666666666
4537,60.66666666666666,60.66666666666666
4538,60.66666666666666,60.66666666666666
4539,60.66666666666666,60.66666666666666
4540,60.66666666666666,60.66666666666666
4541,60.66666666666666,60.66666666666666
4542,60.66666666666666,60.66666666666666
4543,60.66666666666666,60.66666666666666
4544,60.66666666666666,60.66666666666666
4545,60.66666666666666,60.66666666666666
4546,60.66666666666666,60.66666666666666
4547,60.66666666666666,60.66666666666666
4548,60.66666666666666,60.66666666666666
4549,60.66666666666666,60.66666666666666
4550,60.66666666666666,60.66666666666666
4551,60.66666666666666,60.66666666666666
4552,60.66666666666666,60.66666666666666
4553,60.66666666666666,60.66666666666666
4554,60.66666666666666,60.66666666666666
4555,60.66666666666666,60.66666666666666
4556,60.66666666666666,60.66666666666666
4557,60.66666666666666,60.66666666666666
4558,60.66666666666666,60.66666666666666
4559,60.66666666666666,60.66666666666666
4560,60.66666666666666,60.66666666666666
4561,60.66666666666666,60.66666666666666
4562,60.66666666666666,60.66666666666666
4563,60.66666666666666,60.66666666666666
4564,60.66666666666666,60.66666666666666
4565,60.66666666666666,60.66666666666666
4566,60.66666666666666,60.66666666666666
4567,60.66666666666666,60.66666666666666
4568,60.66666666666666,60.66666666666666
4569,60.66666666666666,60.66666666666666
4570,60.66666666666666,60.66666666666666
4571,60.66666666666666,60.66666666666666
4572,60.66666666666666,60.66666666666666
4573,60.66666666666666,60.66666666666666
4574,60.66666666666666,60.66666666666666
4575,60.66666666666666,60.66666666666666
4576,60.66666666666666,60.66666666666666
4577,60.66666666666666,60.66666666666666
4578,60.66666666666666,60.66666666666666
4579,60.66666666666666,60.66666666666666
4580,60.66666666666666,60.66666666666666
4581,60.66666666666666,60.66666666666666
4582,60.66666666666666,60.66666666666666
4583,60.66666666666666,60.66666666666666
4584,60.66666666666666,60.66666666666666
4585,60.66666666666666,60.66666666666666
4586,60.66666666666666,60.66666666666666
4587,60.66666666666666,60.66666666666666
4588,60.66666666666666,60.66666666666666
4589,60.66666666666666,60.66666666666666
4590,60.66666666666666,60.66666666666666
4591,60.66666666666666,60.66666666666666
4592,60.66666666666666,60.66666666666666
4593,60.66666666666666,60.66666666666666
4594,60.66666666666666,60.66666666666666
4595,60.66666666666666,60.66666666666666
4596,60.66666666666666,60.66666666666666
4597,60.66666666666666,60.66666666666666
4598,60.66666666666666,60.66666666666666
4599,60.66666666666666,60.66666666666666
4600,60.66666666666666,60.66666666666666
4601,60.66666666666666,60.66666666666666
4602,60.66666666666666,60.66666666666666
4603,60.66666666666666,60.66666666666666
4604,60.66666666666666,60.66666666666666
4605,60.66666666666666,60.66666666666666
4606,60.66666666666666,60.66666666666666
4607,60.66666666666666,60.66666666666666
4608,60.66666666666666,60.66666666666666
4609,60.66666666666666,60.66666666666666
4610,60.66666666666666,60.66666666666666
4611,60.66666666666666,60.66666666666666
4612,60.66666666666666,60.66666666666666
4613,60.66666666666666,60.66666666666666
4614,60.66666666666666,60.66666666666666
4615,60.66666666666666,60.66666666666666
4616,60.66666666666666,60.66666666666666
4617,60.66666666666666,60.66666666666666
4618,60.66666666666666,60.66666666666666
4619,60.66666666666666,60.66666666666666
4620,60.66666666666666,60.66666666666666
4621,60.66666666666666,60.66666666666666
4622,60.66666666666666,60.66666666666666
4623,60.66666666666666,60.66666666666666
4624,60.66666666666666,60.66666666666666
4625,60.66666666666666,60.66666666666666
4626,60.66666666666666,60.66666666666666
4627,60.66666666666666,60.66666666666666
4628,60.66666666666666,60.66666666666666
4629,60.66666666666666,60.66666666666666
4630,60.66666666666666,60.66666666666666
4631,60.66666666666666,60.66666666666666
4632,60.66666666666666,60.66666666666666
4633,60.66666666666666,60.66666666666666
4634,60.66666666666666,60.66666666666666
4635,60.66666666666666,60.66666666666666
4636,60.66666666666666,60.66666666666666
4637,60.66666666666666,60.66666666666666
4638,60.66666666666666,60.66666666666666
4639,60.66666666666666,60.66666666666666
4640,60.66666666666666,60.66666666666666
4641,60.66666666666666,60.66666666666666
4642,60.66666666666666,60.66666666666666
4643,60.66666666666666,60.66666666666666
4644,60.66666666666666,60.66666666666666
4645,60.66666666666666,60.66666666666666
4646,60.66666666666666,60.66666666666666
4647,60.66666666666666,60.66666666666666
4648,60.66666666666666,60.66666666666666
4649,60.66666666666666,60.66666666666666
4650,60.66666666666666,60.66666666666666
4651,60.66666666666666,60.66666666666666
4652,60.66666666666666,60.66666666666666
4653,60.66666666666666,60.66666666666666
4654,60.66666666666666,60.66666666666666
4655,60.66666666666666,60.66666666666666
4656,60.66666666666666,60.66666666666666
4657,60.66666666666666,60.66666666666666
4658,60.66666666666666,60.66666666666666
4659,60.66666666666666,60.66666666666666
4660,60.66666666666666,60.66666666666666
4661,60.66666666666666,60.66666666666666
4662,60.66666666666666,60.66666666666666
4663,60.66666666666666,60.66666666666666
4664,60.66666666666666,60.66666666666666
4665,60.66666666666666,60.66666666666666
4666,60.66666666666666,60.66666666666666
4667,60.66666666666666,60.66666666666666
4668,60.66666666666666,60.66666666666666
4669,60.66666666666666,60.66666666666666
4670,60.66666666666666,60.66666666666666
4671,60.66666666666666,60.66666666666666
4672,60.66666666666666,60.66666666666666
4673,60.66666666666666,60.66666666666666
4674,60.66666666666666,60.66666666666666
4675,60.66666666666666,60.66666666666666
4676,60.66666666666666,60.66666666666666
4677,60.66666666666666,60.66666666666666
4678,60.66666666666666,60.66666666666666
4679,60.66666666666666,60.66666666666666
4680,60.66666666666666,60.66666666666666
4681,60.66666666666666,60.66666666666666
4682,60.66666666666666,60.66666666666666
4683,60.66666666666666,60.66666666666666
4684,60.66666666666666,60.66666666666666
4685,60.66666666666666,60.66666666666666
4686,60.66666666666666,60.66666666666666
4687,60.66666666666666,60.66666666666666
4688,60.66666666666666,60.66666666666666
4689,60.66666666666666,60.66666666666666
4690,60.66666666666666,60.66666666666666
4691,60.66666666666666,60.66666666666666
4692,60.66666666666666,60.66666666666666
4693,60.66666666666666,60.66666666666666
4694,60.66666666666666,60.66666666666666
4695,60.66666666666666,60.66666666666666
4696,60.66666666666666,60.66666666666666
4697,60.66666666666666,60.66666666666666
4698,60.66666666666666,60.66666666666666
4699,60.66666666666666,60.66666666666666
4700,60.66666666666666,60.66666666666666
4701,60.66666666666666,60.66666666666666
4702,60.66666666666666,60.66666666666666
4703,60.66666666666666,60.66666666666666
4704,60.66666666666666,60.66666666666666
4705,60.66666666666666,60.66666666666666
4706,60.66666666666666,60.66666666666666
4707,60.66666666666666,60.66666666666666
4708,60.66666666666666,60.66666666666666
4709,60.66666666666666,60.66666666666666
4710,60.66666666666666,60.66666666666666
4711,60.66666666666666,60.66666666666666
4712,60.66666666666666,60.66666666666666
4713,60.66666666666666,60.66666666666666
4714,60.66666666666666,60.66666666666666
4715,60.66666666666666,60.66666666666666
4716,60.66666666666666,60.66666666666666
4717,60.66666666666666,60.66666666666666
4718,60.66666666666666,60.66666666666666
4719,60.66666666666666,60.66666666666666
4720,60.66666666666666,60.66666666666666
4721,60.66666666666666,60.66666666666666
4722,60.66666666666666,60.66666666666666
4723,60.66666666666666,60.66666666666666
4724,60.66666666666666,60.66666666666666
4725,60.66666666666666,60.66666666666666
4726,60.66666666666666,60.66666666666666
4727,60.66666666666666,60.66666666666666
4728,60.66666666666666,60.66666666666666
4729,60.66666666666666,60.66666666666666
4730,60.66666666666666,60.66666666666666
4731,60.66666666666666,60.66666666666666
4732,60.66666666666666,60.66666666666666
4733,60.66666666666666,60.66666666666666
4734,60.66666666666666,60.66666666666666
4735,60.66666666666666,60.66666666666666
4736,60.66666666666666,60.66666666666666
4737,60.66666666666666,60.66666666666666
4738,60.66666666666666,60.66666666666666
4739,60.66666666666666,60.66666666666666
4740,60.66666666666666,60.66666666666666
4741,60.66666666666666,60.66666666666666
4742,60.66666666666666,60.66666666666666
4743,60.66666666666666,60.66666666666666
4744,60.66666666666666,60.66666666666666
4745,60.66666666666666,60.66666666666666
4746,60.66666666666666,60.66666666666666
4747,60.66666666666666,60.66666666666666
4748,60.66666666666666,60.66666666666666
4749,60.66666666666666,60.66666666666666
4750,60.66666666666666,60.66666666666666
4751,60.66666666666666,60.66666666666666
4752,60.66666666666666,60.66666666666666
4753,60.66666666666666,60.66666666666666
4754,60.66666666666666,60.66666666666666
4755,60.66666666666666,60.66666666666666
4756,60.66666666666666,60.66666666666666
4757,60.66666666666666,60.66666666666666
4758,60.66666666666666,60.66666666666666
4759,60.66666666666666,60.66666666666666
4760,60.66666666666666,60.66666666666666
4761,60.66666666666666,60.66666666666666
4762,60.66666666666666,60.66666666666666
4763,60.66666666666666,60.66666666666666
4764,60.66666666666666,60.66666666666666
4765,60.66666666666666,60.66666666666666
4766,60.66666666666666,60.66666666666666
4767,60.66666666666666,60.66666666666666
4768,60.66666666666666,60.66666666666666
4769,60.66666666666666,60.66666666666666
4770,60.66666666666666,60.66666666666666
4771,60.66666666666666,60.66666666666666
4772,60.66666666666666,60.66666666666666
4773,60.66666666666666,60.66666666666666
4774,60.66666666666666,60.66666666666666
4775,60.66666666666666,60.66666666666666
4776,60.66666666666666,60.66666666666666
4777,60.66666666666666,60.66666666666666
4778,60.66666666666666,60.66666666666666
4779,60.66666666666666,60.66666666666666
4780,60.66666666666666,60.66666666666666
4781,60.66666666666666,60.66666666666666
4782,60.66666666666666,60.66666666666666
4783,60.66666666666666,60.66666666666666
4784,60.66666666666666,60.66666666666666
4785,60.66666666666666,60.66666666666666
4786,60.66666666666666,60.66666666666666
4787,60.66666666666666,60.66666666666666
4788,60.66666666666666,60.66666666666666
4789,60.66666666666666,60.66666666666666
4790,60.66666666666666,60.66666666666666
4791,60.66666666666666,60.66666666666666
4792,60.66666666666666,60.66666666666666
4793,60.66666666666666,60.66666666666666
4794,60.66666666666666,60.66666666666666
4795,60.66666666666666,60.66666666666666
4796,60.66666666666666,60.66666666666666
4797,60.66666666666666,60.66666666666666
4798,60.66666666666666,60.66666666666666
4799,60.66666666666666,60.66666666666666
4800,60.66666666666666,60.66666666666666
4801,60.66666666666666,60.66666666666666
4802,60.66666666666666,60.66666666666666
4803,60.66666666666666,60.66666666666666
4804,60.66666666666666,60.66666666666666
4805,60.66666666666666,60.66666666666666
4806,60.66666666666666,60.66666666666666
4807,60.66666666666666,60.66666666666666
4808,60.66666666666666,60.66666666666666
4809,60.66666666666666,60.66666666666666
4810,60.66666666666666,60.66666666666666
4811,60.66666666666666,60.66666666666666
4812,60.66666666666666,60.66666666666666
4813,60.66666666666666,60.66666666666666
4814,60.66666666666666,60.66666666666666
4815,60.66666666666666,60.66666666666666
4816,60.66666666666666,60.66666666666666
4817,60.66666666666666,60.66666666666666
4818,60.66666666666666,60.66666666666666
4819,60.66666666666666,60.66666666666666
4820,60.66666666666666,60.66666666666666
4821,60.66666666666666,60.66666666666666
4822,60.66666666666666,60.66666666666666
4823,60.66666666666666,60.66666666666666
4824,60.66666666666666,60.66666666666666
4825,60.66666666666666,60.66666666666666
4826,60.66666666666666,60.66666666666666
4827,60.66666666666666,60.66666666666666
4828,60.66666666666666,60.66666666666666
4829,60.66666666666666,60.66666666666666
4830,60.66666666666666,60.66666666666666
4831,60.66666666666666,60.66666666666666
4832,60.66666666666666,60.66666666666666
4833,60.66666666666666,60.66666666666666
4834,60.66666666666666,60.66666666666666
4835,60.66666666666666,60.66666666666666
4836,60.66666666666666,60.66666666666666
4837,60.66666666666666,60.66666666666666
4838,60.66666666666666,60.66666666666666
4839,60.66666666666666,60.66666666666666
4840,60.66666666666666,60.66666666666666
4841,60.66666666666666,60.66666666666666
4842,60.66666666666666,60.66666666666666
4843,60.66666666666666,60.66666666666666
4844,60.66666666666666,60.66666666666666
4845,60.66666666666666,60.66666666666666
4846,60.66666666666666,60.66666666666666
4847,60.66666666666666,60.66666666666666
4848,60.66666666666666,60.66666666666666
4849,60.66666666666666,60.66666666666666
4850,60.66666666666666,60.66666666666666
4851,60.66666666666666,60.66666666666666
4852,60.66666666666666,60.66666666666666
4853,60.66666666666666,60.66666666666666
4854,60.66666666666666,60.66666666666666
4855,60.66666666666666,60.66666666666666
4856,60.66666666666666,60.66666666666666
4857,60.66666666666666,60.66666666666666
4858,60.66666666666666,60.66666666666666
4859,60.66666666666666,60.66666666666666
4860,60.66666666666666,60.66666666666666
4861,60.66666666666666,60.66666666666666
4862,60.66666666666666,60.66666666666666
4863,60.66666666666666,60.66666666666666
4864,60.66666666666666,60.66666666666666
4865,60.66666666666666,60.66666666666666
4866,60.66666666666666,60.66666666666666
4867,60.66666666666666,60.66666666666666
4868,60.66666666666666,60.66666666666666
4869,60.66666666666666,60.66666666666666
4870,60.66666666666666,60.66666666666666
4871,60.66666666666666,60.66666666666666
4872,60.66666666666666,60.66666666666666
4873,60.66666666666666,60.66666666666666
4874,60.66666666666666,60.66666666666666
4875,60.66666666666666,60.66666666666666
4876,60.66666666666666,60.66666666666666
4877,60.66666666666666,60.66666666666666
4878,60.66666666666666,60.66666666666666
4879,60.66666666666666,60.66666666666666
4880,60.66666666666666,60.66666666666666
4881,60.66666666666666,60.66666666666666
4882,60.66666666666666,60.66666666666666
4883,60.66666666666666,60.66666666666666
4884,60.66666666666666,60.66666666666666
4885,60.66666666666666,60.66666666666666
4886,60.66666666666666,60.66666666666666
4887,60.66666666666666,60.66666666666666
4888,60.66666666666666,60.66666666666666
4889,60.66666666666666,60.66666666666666
4890,60.66666666666666,60.66666666666666
4891,60.66666666666666,60.66666666666666
4892,60.66666666666666,60.66666666666666
4893,60.66666666666666,60.66666666666666
4894,60.66666666666666,60.66666666666666
4895,60.66666666666666,60.66666666666666
4896,60.66666666666666,60.66666666666666
4897,60.66666666666666,60.66666666666666
4898,60.66666666666666,60.66666666666666
4899,60.66666666666666,60.66666666666666
4900,60.66666666666666,60.66666666666666
4901,60.66666666666666,60.66666666666666
4902,60.66666666666666,60.66666666666666
4903,60.66666666666666,60.66666666666666
4904,60.66666666666666,60.66666666666666
4905,60.66666666666666,60.66666666666666
4906,60.66666666666666,60.66666666666666
4907,60.66666666666666,60.66666666666666
4908,60.66666666666666,60.66666666666666
4909,60.66666666666666,60.66666666666666
4910,60.66666666666666,60.66666666666666
4911,60.66666666666666,60.66666666666666
4912,60.66666666666666,60.66666666666666
4913,60.66666666666666,60.66666666666666
4914,60.66666666666666,60.66666666666666
4915,60.66666666666666,60.66666666666666
4916,60.66666666666666,60.66666666666666
4917,60.66666666666666,60.66666666666666
4918,60.66666666666666,60.66666666666666
4919,60.66666666666666,60.66666666666666
4920,60.66666666666666,60.66666666666666
4921,60.66666666666666,60.66666666666666
4922,60.66666666666666,60.66666666666666
4923,60.66666666666666,60.66666666666666
4924,60.66666666666666,60.66666666666666
4925,60.66666666666666,60.66666666666666
4926,60.66666666666666,60.66666666666666
4927,60.66666666666666,60.66666666666666
4928,60.66666666666666,60.66666666666666
4929,60.66666666666666,60.66666666666666
4930,60.66666666666666,60.66666666666666
4931,60.66666666666666,60.66666666666666
4932,60.66666666666666,60.66666666666666
4933,60.66666666666666,60.66666666666666
4934,60.66666666666666,60.66666666666666
4935,60.66666666666666,60.66666666666666
4936,60.66666666666666,60.66666666666666
4937,60.66666666666666,60.66666666666666
4938,60.66666666666666,60.66666666666666
4939,60.66666666666666,60.66666666666666
4940,60.66666666666666,60.66666666666666
4941,60.66666666666666,60.66666666666666
4942,60.66666666666666,60.66666666666666
4943,60.66666666666666,60.66666666666666
4944,60.66666666666666,60.66666666666666
4945,60.66666666666666,60.66666666666666
4946,60.66666666666666,60.66666666666666
4947,60.66666666666666,60.66666666666666
4948,60.66666666666666,60.66666666666666
4949,60.66666666666666,60.66666666666666
4950,60.66666666666666,60.66666666666666
4951,60.66666666666666,60.66666666666666
4952,60.66666666666666,60.66666666666666
4953,60.66666666666666,60.66666666666666
4954,60.66666666666666,60.66666666666666
4955,60.66666666666666,60.66666666666666
4956,60.66666666666666,60.66666666666666
4957,60.66666666666666,60.66666666666666
4958,60.66666666666666,60.66666666666666
4959,60.66666666666666,60.66666666666666
4960,60.66666666666666,60.66666666666666
4961,60.66666666666666,60.66666666666666
4962,60.66666666666666,60.66666666666666
4963,60.66666666666666,60.66666666666666
4964,60.66666666666666,60.66666666666666
4965,60.66666666666666,60.66666666666666
4966,60.66666666666666,60.66666666666666
4967,60.66666666666666,60.66666666666666
4968,60.66666666666666,60.66666666666666
4969,60.66666666666666,60.66666666666666
4970,60.66666666666666,60.66666666666666
4971,60.66666666666666,60.66666666666666
4972,60.66666666666666,60.66666666666666
4973,60.66666666666666,60.66666666666666
4974,60.66666666666666,60.66666666666666
4975,60.66666666666666,60.66666666666666
4976,60.66666666666666,60.66666666666666
4977,60.66666666666666,60.66666666666666
4978,60.66666666666666,60.66666666666666
4979,60.66666666666666,60.66666666666666
4980,60.66666666666666,60.66666666666666
4981,60.66666666666666,60.66666666666666
4982,60.66666666666666,60.66666666666666
4983,60.66666666666666,60.66666666666666
4984,60.66666666666666,60.66666666666666
4985,60.66666666666666,60.66666666666666
4986,60.66666666666666,60.66666666666666
4987,60.66666666666666,60.66666666666666
4988,60.66666666666666,60.66666666666666
4989,60.66666666666666,60.66666666666666
4990,60.66666666666666,60.66666666666666
4991,60.66666666666666,60.66666666666666
4992,60.66666666666666,60.66666666666666
4993,60.66666666666666,60.66666666666666
4994,60.66666666666666,60.66666666666666
4995,60.66666666666666,60.66666666666666
4996,60.66666666666666,60.66666666666666
4997,60.66666666666666,60.66666666666666
4998,60.66666666666666,60.66666666666666
4999,60.66666666666666,60.66666666666666
