,hsa_js,add_js
0,0.1,0.0
1,0.30000000000000004,0.0
2,0.30000000000000004,0.0
3,0.30000000000000004,0.0
4,0.30000000000000004,0.0
5,0.30000000000000004,0.0
6,0.30000000000000004,0.0
7,0.30000000000000004,0.0
8,0.30000000000000004,0.0
9,0.30000000000000004,0.0
10,0.30000000000000004,0.0
11,0.30000000000000004,0.0
12,0.4,0.0
13,0.5,0.0
14,0.5,0.0
15,0.5,0.0
16,0.5,0.0
17,0.5,0.0
18,0.5,0.0
19,0.5,0.0
20,0.5,0.0
21,0.5,0.0
22,0.5,0.0
23,0.5,0.0
24,0.5,0.0
25,0.5,0.0
26,0.5,0.0
27,0.5,0.0
28,0.6000000000000001,0.0
29,0.6000000000000001,0.0
30,0.6000000000000001,0.0
31,0.6000000000000001,0.0
32,0.6000000000000001,0.0
33,0.6000000000000001,0.0
34,0.6000000000000001,0.0
35,0.7000000000000001,0.0
36,0.7000000000000001,0.0
37,0.7000000000000001,0.0
38,0.7000000000000001,0.0
39,0.7000000000000001,0.0
40,0.7000000000000001,0.0
41,0.7000000000000001,0.0
42,0.7000000000000001,0.0
43,0.7000000000000001,0.0
44,0.7000000000000001,0.0
45,0.7000000000000001,0.0
46,0.7000000000000001,0.0
47,0.7000000000000001,0.0
48,0.7000000000000001,0.0
49,0.7000000000000001,0.0
50,0.8,0.0
51,0.8,0.0
52,0.8,0.0
53,0.8,0.0
54,0.8,0.0
55,0.8,0.0
56,0.8,0.0
57,0.8,0.0
58,0.8,0.0
59,0.8,0.0
60,0.8,0.0
61,1.0,0.0
62,1.0,0.0
63,1.0,0.0
64,1.0,0.0
65,1.0,0.0
66,1.0,0.0
67,1.0,0.0
68,1.0,0.0
69,1.0,0.0
70,1.0,0.0
71,1.0,0.0
72,1.0,0.0
73,1.0,0.0
74,1.0,0.0
75,1.0,0.0
76,1.3,0.0
77,1.3,0.0
78,1.3,0.0
79,1.3,0.0
80,1.3,0.0
81,1.4000000000000001,0.0
82,1.4000000000000001,0.0
83,1.4000000000000001,0.0
84,1.4000000000000001,0.0
85,1.4000000000000001,0.0
86,1.4000000000000001,0.0
87,1.4000000000000001,0.0
88,1.4000000000000001,0.0
89,1.4000000000000001,0.0
90,1.4000000000000001,0.0
91,1.4000000000000001,0.0
92,1.5,0.0
93,1.5,0.0
94,1.5,0.0
95,1.5,0.0
96,1.5,0.0
97,1.5,0.0
98,1.5,0.0
99,1.5,0.0
100,1.5,0.0
101,1.5,0.0
102,1.5,0.0
103,1.5,0.0
104,1.5,0.0
105,1.5,0.0
106,1.5,0.0
107,1.5,0.0
108,1.5,0.0
109,1.5,0.0
110,1.5,0.0
111,1.5,0.0
112,1.5,0.0
113,1.5,0.0
114,1.5,0.0
115,1.5,0.0
116,1.5,0.0
117,1.5,0.0
118,1.5,0.0
119,1.5,0.0
120,1.5,0.0
121,1.5,0.0
122,1.5,0.0
123,1.6,0.0
124,1.6,0.0
125,1.6,0.0
126,1.6,0.0
127,1.6,0.0
128,1.6,0.0
129,1.6,0.0
130,1.6,0.0
131,1.6,0.0
132,1.6,0.0
133,1.6,0.0
134,1.6,0.0
135,1.6,0.0
136,1.6,0.0
137,1.6,0.0
138,1.7000000000000002,0.0
139,1.7000000000000002,0.0
140,1.7000000000000002,0.0
141,1.7000000000000002,0.0
142,1.7000000000000002,0.0
143,1.7000000000000002,0.0
144,1.7000000000000002,0.0
145,1.7000000000000002,0.0
146,1.7000000000000002,0.0
147,1.7000000000000002,0.0
148,1.7000000000000002,0.0
149,1.7000000000000002,0.0
150,1.7000000000000002,0.0
151,1.8,0.0
152,1.8,0.0
153,1.8,0.0
154,1.8,0.0
155,1.8,0.0
156,1.8,0.0
157,1.8,0.0
158,1.9000000000000001,0.0
159,1.9000000000000001,0.0
160,1.9000000000000001,0.0
161,1.9000000000000001,0.0
162,1.9000000000000001,0.0
163,1.9000000000000001,0.0
164,1.9000000000000001,0.0
165,1.9000000000000001,0.0
166,2.0,0.0
167,2.0,0.0
168,2.0,0.0
169,2.0,0.0
170,2.0,0.0
171,2.0,0.0
172,2.0,0.0
173,2.0,0.0
174,2.0,0.0
175,2.0,0.0
176,2.0,0.0
177,2.0,0.0
178,2.0,0.0
179,2.0,0.0
180,2.0,0.0
181,2.1,0.0
182,2.2,0.0
183,2.2,0.0
184,2.2,0.0
185,2.2,0.0
186,2.2,0.0
187,2.2,0.0
188,2.2,0.0
189,2.2,0.0
190,2.2,0.0
191,2.2,0.0
192,2.2,0.0
193,2.2,0.0
194,2.3000000000000003,0.0
195,2.3000000000000003,0.0
196,2.4000000000000004,0.0
197,2.4000000000000004,0.0
198,2.4000000000000004,0.0
199,2.4000000000000004,0.0
200,2.4000000000000004,0.0
201,2.5,0.0
202,2.5,0.0
203,2.5,0.0
204,2.5,0.0
205,2.6,0.0
206,2.6,0.0
207,2.6,0.0
208,2.6,0.0
209,2.7,0.0
210,2.7,0.0
211,2.7,0.0
212,2.7,0.0
213,2.7,0.0
214,2.7,0.0
215,2.7,0.0
216,2.8000000000000003,0.0
217,2.8000000000000003,0.0
218,2.8000000000000003,0.0
219,2.8000000000000003,0.0
220,2.8000000000000003,0.0
221,2.8000000000000003,0.0
222,2.8000000000000003,0.0
223,2.8000000000000003,0.0
224,2.8000000000000003,0.0
225,2.8000000000000003,0.0
226,2.8000000000000003,0.0
227,2.9000000000000004,0.0
228,2.9000000000000004,0.0
229,2.9000000000000004,0.0
230,2.9000000000000004,0.0
231,2.9000000000000004,0.0
232,2.9000000000000004,0.0
233,2.9000000000000004,0.0
234,2.9000000000000004,0.0
235,2.9000000000000004,0.0
236,2.9000000000000004,0.0
237,2.9000000000000004,0.0
238,2.9000000000000004,0.0
239,2.9000000000000004,0.0
240,2.9000000000000004,0.0
241,2.9000000000000004,0.0
242,2.9000000000000004,0.0
243,2.9000000000000004,0.0
244,2.9000000000000004,0.0
245,2.9000000000000004,0.0
246,2.9000000000000004,0.0
247,2.9000000000000004,0.0
248,2.9000000000000004,0.0
249,2.9000000000000004,0.0
250,3.0,0.0
251,3.0,0.0
252,3.0,0.0
253,3.0,0.0
254,3.0,0.0
255,3.0,0.0
256,3.0,0.0
257,3.0,0.0
258,3.0,0.0
259,3.0,0.0
260,3.0,0.0
261,3.0,0.0
262,3.0,0.0
263,3.0,0.0
264,3.0,0.0
265,3.0,0.0
266,3.1,0.0
267,3.1,0.0
268,3.1,0.0
269,3.1,0.0
270,3.1,0.0
271,3.1,0.0
272,3.1,0.0
273,3.1,0.0
274,3.1,0.0
275,3.1,0.0
276,3.1,0.0
277,3.1,0.0
278,3.1,0.0
279,3.1,0.0
280,3.1,0.0
281,3.1,0.0
282,3.1,0.0
283,3.1,0.0
284,3.1,0.0
285,3.1,0.0
286,3.1,0.0
287,3.1,0.0
288,3.2,0.0
289,3.2,0.0
290,3.2,0.0
291,3.5,0.0
292,3.5,0.0
293,3.5,0.0
294,3.5,0.0
295,3.5,0.0
296,3.6,0.0
297,3.6,0.0
298,3.6,0.0
299,3.7,0.0
300,3.7,0.0
301,3.7,0.0
302,3.7,0.0
303,3.7,0.0
304,3.7,0.0
305,3.7,0.0
306,3.7,0.0
307,3.7,0.0
308,3.7,0.0
309,3.7,0.0
310,3.7,0.0
311,3.7,0.0
312,3.7,0.0
313,3.8000000000000003,0.0
314,3.8000000000000003,0.0
315,3.8000000000000003,0.0
316,3.8000000000000003,0.0
317,3.9000000000000004,0.0
318,3.9000000000000004,0.0
319,3.9000000000000004,0.0
320,3.9000000000000004,0.0
321,3.9000000000000004,0.0
322,4.1000000000000005,0.0
323,4.1000000000000005,0.0
324,4.1000000000000005,0.0
325,4.1000000000000005,0.0
326,4.1000000000000005,0.0
327,4.1000000000000005,0.0
328,4.1000000000000005,0.0
329,4.1000000000000005,0.0
330,4.1000000000000005,0.0
331,4.1000000000000005,0.0
332,4.1000000000000005,0.0
333,4.2,0.0
334,4.2,0.0
335,4.2,0.0
336,4.2,0.0
337,4.2,0.0
338,4.3,0.0
339,4.3,0.0
340,4.3,0.0
341,4.3,0.0
342,4.3,0.0
343,4.3,0.0
344,4.3,0.0
345,4.3,0.0
346,4.3,0.0
347,4.3,0.0
348,4.3,0.0
349,4.3,0.0
350,4.3,0.0
351,4.3,0.0
352,4.3,0.0
353,4.3,0.0
354,4.3,0.0
355,4.3,0.0
356,4.3,0.0
357,4.3,0.0
358,4.5,0.0
359,4.5,0.0
360,4.5,0.0
361,4.5,0.0
362,4.5,0.0
363,4.5,0.0
364,5.0,0.0
365,5.0,0.0
366,5.0,0.0
367,5.0,0.0
368,5.0,0.0
369,5.0,0.0
370,5.0,0.0
371,5.0,0.0
372,5.0,0.0
373,5.0,0.0
374,5.0,0.0
375,5.0,0.0
376,5.0,0.0
377,5.0,0.0
378,5.0,0.0
379,5.0,0.0
380,5.0,0.0
381,5.0,0.0
382,5.0,0.0
383,5.0,0.0
384,5.0,0.0
385,5.0,0.0
386,5.0,0.0
387,5.0,0.0
388,5.0,0.0
389,5.0,0.0
390,5.0,0.0
391,5.0,0.0
392,5.0,0.0
393,5.0,0.0
394,5.0,0.0
395,5.0,0.0
396,5.0,0.0
397,5.0,0.0
398,5.300000000000001,0.0
399,5.300000000000001,0.0
400,5.300000000000001,0.0
401,5.300000000000001,0.0
402,5.300000000000001,0.0
403,5.300000000000001,0.0
404,5.300000000000001,0.0
405,5.300000000000001,0.0
406,5.300000000000001,0.0
407,5.300000000000001,0.0
408,5.300000000000001,0.0
409,5.300000000000001,0.0
410,5.300000000000001,0.0
411,5.300000000000001,0.0
412,5.300000000000001,0.0
413,5.300000000000001,0.0
414,5.4,0.0
415,5.4,0.0
416,5.4,0.0
417,5.4,0.0
418,5.4,0.0
419,5.4,0.0
420,5.4,0.0
421,5.4,0.0
422,5.4,0.0
423,5.4,0.0
424,5.4,0.0
425,5.4,0.0
426,5.4,0.0
427,5.4,0.0
428,5.4,0.0
429,5.4,0.0
430,5.4,0.0
431,5.5,0.0
432,5.5,0.0
433,5.5,0.0
434,5.5,0.0
435,5.5,0.0
436,5.5,0.0
437,5.5,0.0
438,5.5,0.0
439,5.5,0.0
440,5.5,0.0
441,5.7,0.0
442,5.7,0.0
443,5.7,0.0
444,5.7,0.0
445,5.7,0.0
446,5.7,0.0
447,5.7,0.0
448,5.7,0.0
449,5.7,0.0
450,5.7,0.0
451,5.7,0.0
452,5.7,0.0
453,5.7,0.0
454,5.7,0.0
455,5.7,0.0
456,5.7,0.0
457,5.9,0.0
458,5.9,0.0
459,5.9,0.0
460,5.9,0.0
461,5.9,0.0
462,5.9,0.0
463,5.9,0.0
464,5.9,0.0
465,5.9,0.0
466,5.9,0.0
467,5.9,0.0
468,5.9,0.0
469,6.1000000000000005,0.0
470,6.1000000000000005,0.0
471,6.1000000000000005,0.0
472,6.1000000000000005,0.0
473,6.1000000000000005,0.0
474,6.1000000000000005,0.0
475,6.1000000000000005,0.0
476,6.1000000000000005,0.0
477,6.1000000000000005,0.0
478,6.1000000000000005,0.0
479,6.1000000000000005,0.0
480,6.1000000000000005,0.0
481,6.1000000000000005,0.0
482,6.1000000000000005,0.0
483,6.1000000000000005,0.0
484,6.1000000000000005,0.0
485,6.1000000000000005,0.0
486,6.1000000000000005,0.0
487,6.1000000000000005,0.0
488,6.1000000000000005,0.0
489,6.4,0.0
490,6.4,0.0
491,6.4,0.0
492,6.4,0.0
493,6.4,0.0
494,6.4,0.0
495,6.4,0.0
496,6.4,0.0
497,6.4,0.0
498,6.4,0.0
499,6.4,0.0
500,6.6000000000000005,0.0
501,6.6000000000000005,0.0
502,6.6000000000000005,0.0
503,6.6000000000000005,0.0
504,6.6000000000000005,0.0
505,6.6000000000000005,0.0
506,6.6000000000000005,0.0
507,6.6000000000000005,0.0
508,6.6000000000000005,0.0
509,6.6000000000000005,0.0
510,6.7,0.0
511,6.7,0.0
512,6.7,0.0
513,6.7,0.0
514,6.7,0.0
515,6.7,0.0
516,6.7,0.0
517,6.7,0.0
518,6.7,0.0
519,6.7,0.0
520,6.7,0.0
521,6.7,0.0
522,6.7,0.0
523,6.7,0.0
524,6.7,0.0
525,6.7,0.0
526,6.7,0.0
527,7.0,0.0
528,7.0,0.0
529,7.0,0.0
530,7.0,0.0
531,7.0,0.0
532,7.0,0.0
533,7.0,0.0
534,7.0,0.0
535,7.0,0.0
536,7.0,0.0
537,7.0,0.0
538,7.0,0.0
539,7.300000000000001,0.0
540,7.300000000000001,0.0
541,7.300000000000001,0.0
542,7.300000000000001,0.0
543,7.300000000000001,0.0
544,7.300000000000001,0.0
545,7.300000000000001,0.0
546,7.300000000000001,0.0
547,7.300000000000001,0.0
548,7.300000000000001,0.0
549,7.300000000000001,0.0
550,7.300000000000001,0.0
551,7.300000000000001,0.0
552,7.300000000000001,0.0
553,7.300000000000001,0.0
554,7.300000000000001,0.0
555,7.300000000000001,0.0
556,7.300000000000001,0.0
557,7.300000000000001,0.0
558,7.300000000000001,0.0
559,7.300000000000001,0.0
560,7.300000000000001,0.0
561,7.300000000000001,0.0
562,7.5,0.0
563,7.5,0.0
564,7.5,0.0
565,7.5,0.0
566,7.5,0.0
567,7.5,0.0
568,7.5,0.0
569,7.5,0.0
570,7.5,0.0
571,7.5,0.0
572,7.5,0.0
573,7.5,0.0
574,7.5,0.0
575,7.5,0.0
576,7.5,0.0
577,7.5,0.0
578,7.6000000000000005,0.0
579,7.6000000000000005,0.0
580,7.6000000000000005,0.0
581,7.6000000000000005,0.0
582,7.6000000000000005,0.0
583,7.6000000000000005,0.0
584,7.6000000000000005,0.0
585,7.6000000000000005,0.0
586,7.6000000000000005,0.0
587,7.6000000000000005,0.0
588,7.6000000000000005,0.0
589,7.6000000000000005,0.0
590,7.6000000000000005,0.0
591,7.6000000000000005,0.0
592,7.6000000000000005,0.0
593,7.6000000000000005,0.0
594,7.6000000000000005,0.0
595,7.6000000000000005,0.0
596,7.6000000000000005,0.0
597,7.6000000000000005,0.0
598,7.6000000000000005,0.0
599,7.6000000000000005,0.0
600,7.6000000000000005,0.0
601,7.6000000000000005,0.0
602,7.6000000000000005,0.0
603,7.6000000000000005,0.0
604,7.800000000000001,0.0
605,7.800000000000001,0.0
606,7.800000000000001,0.0
607,7.800000000000001,0.0
608,7.800000000000001,0.0
609,7.800000000000001,0.0
610,7.800000000000001,0.0
611,7.800000000000001,0.0
612,7.800000000000001,0.0
613,8.1,0.0
614,8.1,0.0
615,8.1,0.0
616,8.1,0.0
617,8.1,0.0
618,8.1,0.0
619,8.1,0.0
620,8.1,0.0
621,8.1,0.0
622,8.1,0.0
623,8.1,0.0
624,8.1,0.0
625,8.1,0.0
626,8.1,0.0
627,8.1,0.0
628,8.1,0.0
629,8.1,0.0
630,8.1,0.0
631,8.1,0.0
632,8.1,0.0
633,8.1,0.0
634,8.1,0.0
635,8.1,0.0
636,8.1,0.0
637,8.1,0.0
638,8.1,0.0
639,8.1,0.0
640,8.1,0.0
641,8.1,0.0
642,8.1,0.0
643,8.1,0.0
644,8.1,0.0
645,8.1,0.0
646,8.1,0.0
647,8.1,0.0
648,8.1,0.0
649,8.1,0.0
650,8.1,0.0
651,8.1,0.0
652,8.200000000000001,0.0
653,8.200000000000001,0.0
654,8.200000000000001,0.0
655,8.200000000000001,0.0
656,8.200000000000001,0.0
657,8.200000000000001,0.0
658,8.200000000000001,0.0
659,8.200000000000001,0.0
660,8.200000000000001,0.0
661,8.200000000000001,0.0
662,8.200000000000001,0.0
663,8.200000000000001,0.0
664,8.3,0.0
665,8.3,0.0
666,8.3,0.0
667,8.3,0.0
668,8.3,0.0
669,8.3,0.0
670,8.3,0.0
671,8.3,0.0
672,8.3,0.0
673,8.3,0.0
674,8.3,0.0
675,8.3,0.0
676,8.5,0.0
677,8.5,0.0
678,8.5,0.0
679,8.5,0.0
680,8.5,0.0
681,8.5,0.0
682,8.5,0.0
683,8.5,0.0
684,8.5,0.0
685,8.5,0.0
686,8.5,0.0
687,8.5,0.0
688,8.5,0.0
689,8.5,0.0
690,8.5,0.0
691,8.5,0.0
692,8.5,0.0
693,8.5,0.0
694,8.5,0.0
695,8.5,0.0
696,8.5,0.0
697,8.5,0.0
698,8.5,0.0
699,8.5,0.0
700,8.5,0.0
701,8.8,0.0
702,8.8,0.0
703,8.8,0.0
704,8.8,0.0
705,8.8,0.0
706,8.8,0.0
707,8.8,0.0
708,8.8,0.0
709,8.8,0.0
710,8.8,0.0
711,8.8,0.0
712,8.8,0.0
713,8.8,0.0
714,8.8,0.0
715,8.8,0.0
716,8.8,0.0
717,8.8,0.0
718,8.8,0.0
719,8.8,0.0
720,8.8,0.0
721,8.8,0.0
722,8.8,0.0
723,8.9,0.0
724,8.9,0.0
725,8.9,0.0
726,8.9,0.0
727,8.9,0.0
728,8.9,0.0
729,8.9,0.0
730,8.9,0.0
731,8.9,0.0
732,8.9,0.0
733,8.9,0.0
734,8.9,0.0
735,8.9,0.0
736,8.9,0.0
737,8.9,0.0
738,8.9,0.0
739,8.9,0.0
740,9.1,0.0
741,9.1,0.0
742,9.1,0.0
743,9.1,0.0
744,9.1,0.0
745,9.1,0.0
746,9.1,0.0
747,9.1,0.0
748,9.200000000000001,0.0
749,9.200000000000001,0.0
750,9.200000000000001,0.0
751,9.200000000000001,0.0
752,9.5,0.0
753,9.5,0.0
754,9.5,0.0
755,9.5,0.0
756,9.5,0.0
757,9.5,0.0
758,9.5,0.0
759,9.5,0.0
760,9.5,0.0
761,9.5,0.0
762,9.5,0.0
763,9.5,0.0
764,9.5,0.0
765,9.5,0.0
766,9.5,0.0
767,9.5,0.0
768,9.5,0.0
769,9.5,0.0
770,9.5,0.0
771,9.5,0.0
772,9.5,0.0
773,9.5,0.0
774,9.5,0.0
775,9.5,0.0
776,9.5,0.0
777,9.5,0.0
778,9.5,0.0
779,9.5,0.0
780,9.5,0.0
781,9.5,0.0
782,9.600000000000001,0.0
783,9.600000000000001,0.0
784,9.600000000000001,0.0
785,9.600000000000001,0.0
786,9.600000000000001,0.0
787,9.600000000000001,0.0
788,9.600000000000001,0.0
789,9.600000000000001,0.0
790,9.600000000000001,0.0
791,9.600000000000001,0.0
792,9.600000000000001,0.0
793,9.600000000000001,0.0
794,9.600000000000001,0.0
795,9.600000000000001,0.0
796,9.600000000000001,0.0
797,9.600000000000001,0.0
798,9.600000000000001,0.0
799,9.600000000000001,0.0
800,9.600000000000001,0.0
801,9.600000000000001,0.0
802,9.700000000000001,0.0
803,9.700000000000001,0.0
804,9.700000000000001,0.0
805,9.700000000000001,0.0
806,9.700000000000001,0.0
807,9.700000000000001,0.0
808,10.100000000000001,0.0
809,10.100000000000001,0.0
810,10.100000000000001,0.0
811,10.100000000000001,0.0
812,10.100000000000001,0.0
813,10.100000000000001,0.0
814,10.100000000000001,0.0
815,10.3,0.0
816,10.3,0.0
817,10.3,0.0
818,10.3,0.0
819,10.3,0.0
820,10.3,0.0
821,10.3,0.0
822,10.3,0.0
823,10.3,0.0
824,10.3,0.0
825,10.3,0.0
826,10.3,0.0
827,10.3,0.0
828,10.3,0.0
829,10.3,0.0
830,10.3,0.0
831,10.3,0.0
832,10.3,0.0
833,10.3,0.0
834,10.700000000000001,0.0
835,10.700000000000001,0.0
836,10.700000000000001,0.0
837,10.700000000000001,0.0
838,10.700000000000001,0.0
839,10.700000000000001,0.0
840,10.700000000000001,0.0
841,10.700000000000001,0.0
842,10.700000000000001,0.0
843,10.700000000000001,0.0
844,10.700000000000001,0.0
845,10.700000000000001,0.0
846,10.700000000000001,0.0
847,10.700000000000001,0.0
848,11.0,0.0
849,11.0,0.0
850,11.0,0.0
851,11.0,0.0
852,11.0,0.0
853,11.0,0.0
854,11.0,0.0
855,11.0,0.0
856,11.0,0.0
857,11.0,0.0
858,11.0,0.0
859,11.0,0.0
860,11.0,0.0
861,11.0,0.0
862,11.0,0.0
863,11.0,0.0
864,11.0,0.0
865,11.0,0.0
866,11.0,0.0
867,11.0,0.0
868,11.0,0.0
869,11.0,0.0
870,11.0,0.0
871,11.0,0.0
872,11.0,0.0
873,11.0,0.0
874,11.0,0.0
875,11.0,0.0
876,11.0,0.0
877,11.0,0.0
878,11.0,0.0
879,11.0,0.0
880,11.0,0.0
881,11.0,0.0
882,11.0,0.0
883,11.100000000000001,0.0
884,11.100000000000001,0.0
885,11.100000000000001,0.0
886,11.100000000000001,0.0
887,11.100000000000001,0.0
888,11.100000000000001,0.0
889,11.100000000000001,0.0
890,11.100000000000001,0.0
891,11.100000000000001,0.0
892,11.100000000000001,0.0
893,11.100000000000001,0.0
894,11.100000000000001,0.0
895,11.100000000000001,0.0
896,11.100000000000001,0.0
897,11.100000000000001,0.0
898,11.100000000000001,0.0
899,11.100000000000001,0.0
900,11.100000000000001,0.0
901,11.100000000000001,0.0
902,11.100000000000001,0.0
903,11.100000000000001,0.0
904,11.100000000000001,0.0
905,11.100000000000001,0.0
906,11.3,0.0
907,11.3,0.0
908,11.3,0.0
909,11.3,0.0
910,11.3,0.0
911,11.3,0.0
912,11.3,0.0
913,12.0,0.0
914,12.0,0.0
915,12.0,0.0
916,12.0,0.0
917,12.0,0.0
918,12.0,0.0
919,12.0,0.0
920,12.0,0.0
921,12.0,0.0
922,12.0,0.0
923,12.0,0.0
924,12.0,0.0
925,12.200000000000001,0.0
926,12.200000000000001,0.0
927,12.200000000000001,0.0
928,12.200000000000001,0.0
929,12.200000000000001,0.0
930,12.200000000000001,0.0
931,12.200000000000001,0.0
932,12.700000000000001,0.0
933,12.700000000000001,0.0
934,12.700000000000001,0.0
935,12.700000000000001,0.0
936,12.700000000000001,0.0
937,12.700000000000001,0.0
938,12.700000000000001,0.0
939,12.700000000000001,0.0
940,12.700000000000001,0.0
941,12.700000000000001,0.0
942,12.700000000000001,0.0
943,12.700000000000001,0.0
944,12.700000000000001,0.0
945,12.700000000000001,0.0
946,12.700000000000001,0.0
947,12.700000000000001,0.0
948,13.4,0.0
949,13.4,0.0
950,13.4,0.0
951,13.4,0.0
952,13.4,0.0
953,13.4,0.0
954,13.4,0.0
955,13.4,0.0
956,13.4,0.0
957,13.4,0.0
958,13.4,0.0
959,13.4,0.0
960,13.600000000000001,0.0
961,13.600000000000001,0.0
962,13.600000000000001,0.0
963,13.600000000000001,0.0
964,13.600000000000001,0.0
965,13.600000000000001,0.0
966,13.600000000000001,0.0
967,13.600000000000001,0.0
968,13.600000000000001,0.0
969,13.600000000000001,0.0
970,13.600000000000001,0.0
971,13.600000000000001,0.0
972,13.600000000000001,0.0
973,13.600000000000001,0.0
974,13.600000000000001,0.0
975,13.700000000000001,0.0
976,13.700000000000001,0.0
977,13.700000000000001,0.0
978,13.700000000000001,0.0
979,13.700000000000001,0.0
980,13.700000000000001,0.0
981,13.700000000000001,0.0
982,13.700000000000001,0.0
983,13.700000000000001,0.0
984,13.700000000000001,0.0
985,13.700000000000001,0.0
986,13.700000000000001,0.0
987,13.700000000000001,0.0
988,13.700000000000001,0.0
989,13.8,0.0
990,13.8,0.0
991,13.8,0.0
992,13.8,0.0
993,13.8,0.0
994,13.8,0.0
995,13.8,0.0
996,13.8,0.0
997,13.8,0.0
998,13.8,0.0
999,13.8,0.0
1000,13.8,0.0
1001,13.8,0.0
1002,13.8,0.0
1003,13.8,0.0
1004,13.8,0.0
1005,14.3,0.0
1006,14.3,0.0
1007,14.3,0.0
1008,14.3,0.0
1009,14.3,0.0
1010,14.3,0.0
1011,14.3,0.0
1012,14.3,0.0
1013,14.3,0.0
1014,14.3,0.0
1015,14.3,0.0
1016,14.3,0.0
1017,14.3,0.0
1018,14.3,0.0
1019,14.3,0.0
1020,14.5,0.0
1021,14.5,0.0
1022,14.5,0.0
1023,14.5,0.0
1024,14.5,0.0
1025,14.5,0.0
1026,14.5,0.0
1027,14.5,0.0
1028,14.5,0.0
1029,14.5,0.0
1030,14.5,0.0
1031,14.5,0.0
1032,14.5,0.0
1033,14.5,0.0
1034,14.5,0.0
1035,14.5,0.0
1036,14.5,0.0
1037,14.5,0.0
1038,14.5,0.0
1039,14.5,0.0
1040,14.5,0.0
1041,14.5,0.0
1042,14.5,0.0
1043,14.5,0.0
1044,14.700000000000001,0.0
1045,14.700000000000001,0.0
1046,14.700000000000001,0.0
1047,14.700000000000001,0.0
1048,14.700000000000001,0.0
1049,14.700000000000001,0.0
1050,14.700000000000001,0.0
1051,14.700000000000001,0.0
1052,14.700000000000001,0.0
1053,14.700000000000001,0.0
1054,14.700000000000001,0.0
1055,14.700000000000001,0.0
1056,14.700000000000001,0.0
1057,14.700000000000001,0.0
1058,14.700000000000001,0.0
1059,14.700000000000001,0.0
1060,14.700000000000001,0.0
1061,14.700000000000001,0.0
1062,14.700000000000001,0.0
1063,14.700000000000001,0.0
1064,14.700000000000001,0.0
1065,14.700000000000001,0.0
1066,14.8,0.0
1067,14.8,0.0
1068,14.8,0.0
1069,14.8,0.0
1070,14.8,0.0
1071,14.8,0.0
1072,14.8,0.0
1073,14.8,0.0
1074,14.8,0.0
1075,14.8,0.0
1076,14.8,0.0
1077,14.8,0.0
1078,14.8,0.0
1079,14.8,0.0
1080,14.8,0.0
1081,14.8,0.0
1082,14.8,0.0
1083,14.8,0.0
1084,14.8,0.0
1085,14.8,0.0
1086,14.8,0.0
1087,14.8,0.0
1088,15.0,0.0
1089,15.0,0.0
1090,15.0,0.0
1091,15.0,0.0
1092,15.0,0.0
1093,15.0,0.0
1094,15.0,0.0
1095,15.0,0.0
1096,15.0,0.0
1097,15.0,0.0
1098,15.0,0.0
1099,15.0,0.0
1100,15.0,0.0
1101,15.0,0.0
1102,15.0,0.0
1103,15.3,0.0
1104,15.3,0.0
1105,15.3,0.0
1106,15.3,0.0
1107,15.3,0.0
1108,15.3,0.0
1109,15.3,0.0
1110,15.3,0.0
1111,15.3,0.0
1112,15.3,0.0
1113,15.5,0.0
1114,15.5,0.0
1115,15.5,0.0
1116,15.5,0.0
1117,15.5,0.0
1118,15.5,0.0
1119,15.5,0.0
1120,15.5,0.0
1121,15.5,0.0
1122,15.5,0.0
1123,15.5,0.0
1124,15.5,0.0
1125,15.5,0.0
1126,15.5,0.0
1127,15.5,0.0
1128,15.5,0.0
1129,15.5,0.0
1130,16.400000000000002,0.0
1131,16.400000000000002,0.0
1132,16.400000000000002,0.0
1133,16.400000000000002,0.0
1134,16.400000000000002,0.0
1135,16.400000000000002,0.0
1136,16.400000000000002,0.0
1137,16.400000000000002,0.0
1138,16.400000000000002,0.0
1139,16.400000000000002,0.0
1140,16.400000000000002,0.0
1141,17.1,0.0
1142,17.1,0.0
1143,17.1,0.0
1144,17.1,0.0
1145,17.1,0.0
1146,17.1,0.0
1147,17.1,0.0
1148,17.1,0.0
1149,17.2,0.0
1150,17.2,0.0
1151,17.2,0.0
1152,17.2,0.0
1153,17.2,0.0
1154,17.2,0.0
1155,17.2,0.0
1156,17.2,0.0
1157,17.2,0.0
1158,17.2,0.0
1159,17.2,0.0
1160,17.2,0.0
1161,17.2,0.0
1162,17.2,0.0
1163,17.2,0.0
1164,17.7,0.0
1165,17.7,0.0
1166,17.7,0.0
1167,17.7,0.0
1168,17.7,0.0
1169,17.7,0.0
1170,17.7,0.0
1171,17.7,0.0
1172,17.7,0.0
1173,17.7,0.0
1174,17.7,0.0
1175,17.7,0.0
1176,17.7,0.0
1177,17.7,0.0
1178,17.8,0.0
1179,17.8,0.0
1180,17.8,0.0
1181,17.8,0.0
1182,17.8,0.0
1183,17.8,0.0
1184,17.8,0.0
1185,17.8,0.0
1186,17.8,0.0
1187,17.8,0.0
1188,17.8,0.0
1189,17.8,0.0
1190,17.8,0.0
1191,17.8,0.0
1192,17.8,0.0
1193,18.0,0.0
1194,18.0,0.0
1195,18.0,0.0
1196,18.0,0.0
1197,18.0,0.0
1198,18.0,0.0
1199,18.0,0.0
1200,18.0,0.0
1201,18.0,0.0
1202,18.0,0.0
1203,18.0,0.0
1204,18.0,0.0
1205,18.0,0.0
1206,18.0,0.0
1207,18.0,0.0
1208,18.0,0.0
1209,18.0,0.0
1210,18.0,0.0
1211,18.0,0.0
1212,18.0,0.0
1213,18.0,0.0
1214,18.400000000000002,0.0
1215,18.400000000000002,0.0
1216,18.400000000000002,0.0
1217,18.400000000000002,0.0
1218,18.400000000000002,0.0
1219,18.400000000000002,0.0
1220,18.400000000000002,0.0
1221,18.400000000000002,0.0
1222,18.400000000000002,0.0
1223,18.400000000000002,0.0
1224,18.400000000000002,0.0
1225,18.400000000000002,0.0
1226,18.400000000000002,0.0
1227,18.400000000000002,0.0
1228,18.400000000000002,0.0
1229,18.400000000000002,0.0
1230,18.400000000000002,0.0
1231,18.400000000000002,0.0
1232,18.400000000000002,0.0
1233,18.400000000000002,0.0
1234,18.400000000000002,0.0
1235,18.400000000000002,0.0
1236,18.400000000000002,0.0
1237,19.200000000000003,0.03197752473770521
1238,19.200000000000003,0.03487809324913016
1239,19.200000000000003,0.046491969568891456
1240,19.200000000000003,0.049380935806262016
1241,19.200000000000003,0.049380935806262016
1242,19.200000000000003,0.04938093580626912
1243,19.200000000000003,0.07445345001905324
1244,19.200000000000003,0.13197752473770308
1245,19.200000000000003,0.17445345001905466
1246,19.200000000000003,0.18791208791208547
1247,19.200000000000003,0.2319775247377045
1248,19.200000000000003,0.24938093580626486
1249,19.200000000000003,0.2770987685014825
1250,19.400000000000002,0.3088889993867312
1251,19.400000000000002,0.33593390018728897
1252,19.400000000000002,0.3493809358062663
1253,19.400000000000002,0.3493809358062663
1254,19.400000000000002,0.3493809358062663
1255,19.400000000000002,0.3493809358062663
1256,19.400000000000002,0.3493809358062663
1257,19.400000000000002,0.38791208791208476
1258,19.400000000000002,0.4319775247377038
1259,19.400000000000002,0.43197752473770556
1260,19.400000000000002,0.43197752473770556
1261,19.400000000000002,0.5319775247377052
1262,19.400000000000002,0.549380935806262
1263,19.400000000000002,0.5744534500190532
1264,20.0,0.6319775247377031
1265,20.0,0.6319775247377049
1266,20.0,0.6319775247377049
1267,20.0,0.6464919695688911
1268,20.0,0.6493809358062634
1269,20.0,0.6493809358062634
1270,20.0,0.6493809358062634
1271,20.0,0.6744534500190547
1272,20.0,0.7464919695688916
1273,20.0,0.7464919695688916
1274,20.0,0.7464919695688916
1275,20.0,0.7493809358062649
1276,20.0,0.7744534500190525
1277,20.0,0.7744534500190561
1278,20.0,0.7744534500190561
1279,20.1,0.7744534500190561
1280,20.1,0.8088889993867312
1281,20.1,0.8088889993867312
1282,20.1,0.8493809358062663
1283,20.1,0.8493809358062663
1284,20.1,0.8625843236702924
1285,20.1,0.874453450019054
1286,20.1,0.874453450019054
1287,20.1,0.8879120879120883
1288,20.1,0.9088889993867326
1289,20.200000000000003,0.9088889993867326
1290,20.200000000000003,0.9088889993867362
1291,20.200000000000003,0.9493809358062606
1292,20.200000000000003,0.9493809358062606
1293,20.200000000000003,0.9493809358062606
1294,20.200000000000003,0.9493809358062606
1295,20.200000000000003,1.0319775247377034
1296,20.200000000000003,1.0744534500190532
1297,20.200000000000003,1.146491969568892
1298,20.200000000000003,1.2088889993867333
1299,20.200000000000003,1.2348780932491294
1300,20.200000000000003,1.2493809358062578
1301,20.200000000000003,1.3319775247377041
1302,20.400000000000002,1.331977524737706
1303,20.400000000000002,1.331977524737706
1304,20.400000000000002,1.3493809358062663
1305,20.400000000000002,1.4014983508196153
1306,20.400000000000002,1.4319775247377056
1307,20.400000000000002,1.4348780932491287
1308,20.400000000000002,1.4493809358062606
1309,20.400000000000002,1.4744534500190554
1310,20.400000000000002,1.4744534500190554
1311,20.400000000000002,1.5050602489516471
1312,20.400000000000002,1.5464919695688915
1313,20.400000000000002,1.549380935806262
1314,20.400000000000002,1.5603373499301014
1315,20.400000000000002,1.5744534500190532
1316,20.400000000000002,1.587912087912084
1317,20.400000000000002,1.595569588782258
1318,20.400000000000002,1.631977524737703
1319,20.400000000000002,1.6493809358062634
1320,20.400000000000002,1.6493809358062634
1321,20.400000000000002,1.6744534500190547
1322,20.400000000000002,1.6744534500190547
1323,20.400000000000002,1.7348780932491294
1324,20.400000000000002,1.7464919695688916
1325,20.400000000000002,1.7493809358062578
1326,20.400000000000002,1.7493809358062649
1327,20.400000000000002,1.7493809358062649
1328,21.6,1.7493809358062649
1329,21.6,1.7493809358062649
1330,21.6,1.7889678948502414
1331,21.6,1.831977524737706
1332,21.6,1.8493809358062663
1333,21.6,1.874453450019054
1334,21.6,1.874453450019054
1335,21.6,1.9493809358062606
1336,21.6,1.9744534500190554
1337,21.6,1.9889678948502443
1338,21.6,2.03487809324913
1339,21.6,2.0464919695688915
1340,21.6,2.0464919695688915
1341,21.6,2.1493809358062634
1342,21.6,2.2319775247377045
1343,21.6,2.2348780932491294
1344,21.6,2.234878093249133
1345,21.6,2.2464919695688916
1346,21.6,2.2493809358062578
1347,21.6,2.2493809358062578
1348,22.0,2.2493809358062578
1349,22.0,2.249380935806265
1350,22.0,2.249380935806265
1351,22.0,2.249380935806265
1352,22.0,2.2573052889794916
1353,22.0,2.331977524737704
1354,22.0,2.374453450019054
1355,22.0,2.431977524737704
1356,22.0,2.446491969568892
1357,22.0,2.4493809358062606
1358,22.0,2.4493809358062606
1359,22.0,2.4493809358062677
1360,22.0,2.450715197321532
1361,22.0,2.4879120879120826
1362,22.0,2.508888999386734
1363,22.0,2.531977524737705
1364,22.0,2.5464919695688915
1365,22.0,2.549380935806262
1366,22.0,2.5573052889794923
1367,22.0,2.5665406991198836
1368,22.0,2.5744534500190532
1369,22.0,2.574453450019057
1370,22.0,2.587912087912084
1371,22.0,2.6359339001872897
1372,22.0,2.6744534500190547
1373,22.0,2.6744534500190547
1374,22.0,2.6744534500190547
1375,22.0,2.7464919695688916
1376,22.0,2.749380935806265
1377,22.0,2.787912087912087
1378,22.0,2.8088889993867348
1379,22.0,2.831977524737704
1380,22.0,2.831977524737704
1381,22.0,2.835933900187289
1382,22.0,2.8493809358062663
1383,22.0,2.8493809358062663
1384,22.0,2.874453450019054
1385,22.0,2.9348780932491287
1386,22.0,2.946491969568892
1387,22.0,2.9879120879120826
1388,22.0,3.049380935806262
1389,22.0,3.049380935806262
1390,22.0,3.1088889993867355
1391,22.0,3.131977524737705
1392,22.0,3.1359339001872897
1393,22.0,3.1493809358062634
1394,22.0,3.1493809358062634
1395,22.0,3.1493809358062634
1396,22.0,3.1493809358062634
1397,22.0,3.1493809358062634
1398,22.3,3.2319775247377045
1399,22.3,3.2359339001872875
1400,22.3,3.274453450019056
1401,22.3,3.288967894850245
1402,22.3,3.334878093249131
1403,22.3,3.334878093249131
1404,22.3,3.335933900187289
1405,22.3,3.3493809358062663
1406,22.3,3.374453450019054
1407,22.3,3.374453450019054
1408,22.3,3.4348780932491287
1409,22.3,3.446491969568892
1410,22.3,3.4493809358062606
1411,22.3,3.5464919695688915
1412,22.3,3.549380935806262
1413,22.3,3.549380935806262
1414,22.3,3.631977524737703
1415,22.3,3.631977524737705
1416,22.3,3.646491969568891
1417,22.3,3.646491969568891
1418,22.3,3.646491969568893
1419,22.3,3.6493809358062634
1420,22.3,3.7319775247377045
1421,22.3,3.7319775247377045
1422,22.3,3.7348780932491294
1423,22.3,3.749380935806265
1424,22.3,3.7744534500190525
1425,22.3,3.7770987685014825
1426,22.3,3.8088889993867348
1427,22.8,3.8207619931601755
1428,22.8,3.834878093249131
1429,22.8,3.834878093249131
1430,22.8,3.874453450019054
1431,22.8,3.8879120879120848
1432,22.8,3.931977524737704
1433,22.8,3.931977524737704
1434,22.8,3.974453450019052
1435,22.8,3.974453450019052
1436,22.8,3.9744534500190554
1437,22.8,3.9744534500190554
1438,22.8,4.0464919695688915
1439,22.8,4.049380935806262
1440,22.8,4.049380935806262
1441,22.8,4.049380935806262
1442,22.8,4.057305288979492
1443,22.8,4.131977524737707
1444,22.8,4.146491969568891
1445,22.8,4.149380935806263
1446,22.8,4.149380935806263
1447,22.8,4.174453450019055
1448,22.8,4.1879120879120855
1449,22.8,4.2319775247377045
1450,22.8,4.246491969568891
1451,22.8,4.2464919695688925
1452,22.8,4.249380935806258
1453,22.8,4.2744534500190525
1454,22.8,4.274453450019056
1455,22.8,4.274453450019056
1456,22.8,4.274453450019056
1457,22.8,4.288967894850245
1458,22.8,4.331977524737702
1459,22.8,4.331977524737702
1460,22.8,4.334878093249131
1461,22.8,4.349380935806259
1462,22.8,4.349380935806266
1463,22.8,4.374453450019054
1464,22.8,4.388967894850246
1465,22.8,4.434878093249129
1466,22.8,4.449380935806268
1467,22.8,4.474453450019052
1468,22.8,4.474453450019052
1469,22.8,4.487912087912086
1470,22.8,4.508888999386734
1471,22.8,4.531977524737705
1472,22.8,4.535933900187288
1473,22.8,4.549380935806262
1474,23.0,4.549380935806269
1475,23.0,4.574453450019053
1476,23.0,4.574453450019053
1477,23.0,4.574453450019053
1478,23.0,4.631977524737707
1479,23.0,4.649380935806263
1480,23.0,4.735933900187291
1481,23.0,4.746491969568891
1482,23.0,4.746491969568891
1483,23.0,4.749380935806258
1484,23.0,4.749380935806265
1485,23.0,4.774453450019056
1486,23.0,4.774453450019056
1487,23.200000000000003,4.808888999386735
1488,23.200000000000003,4.831977524737702
1489,23.200000000000003,4.831977524737702
1490,23.200000000000003,4.857305288979493
1491,23.200000000000003,4.874453450019054
1492,23.200000000000003,4.934878093249132
1493,23.200000000000003,4.93593390018729
1494,23.200000000000003,4.946491969568892
1495,23.200000000000003,4.949380935806261
1496,23.200000000000003,4.949380935806268
1497,23.200000000000003,4.974453450019055
1498,23.200000000000003,5.031977524737705
1499,23.200000000000003,5.049380935806262
1500,23.200000000000003,5.074453450019053
1501,23.200000000000003,5.074453450019053
1502,23.200000000000003,5.131977524737707
1503,23.200000000000003,5.131977524737707
1504,23.200000000000003,5.146491969568891
1505,23.200000000000003,5.174453450019055
1506,23.6,5.2319775247377045
1507,23.6,5.2319775247377045
1508,23.6,5.234878093249133
1509,23.6,5.234878093249133
1510,23.6,5.2464919695688925
1511,23.6,5.249380935806265
1512,23.6,5.249380935806265
1513,23.6,5.274453450019056
1514,23.6,5.287912087912087
1515,23.6,5.331977524737702
1516,23.6,5.331977524737706
1517,23.6,5.335933900187289
1518,23.6,5.431977524737704
1519,23.6,5.434878093249129
1520,24.1,5.434878093249132
1521,24.1,5.449380935806261
1522,24.1,5.449380935806261
1523,24.1,5.474453450019052
1524,24.1,5.531977524737705
1525,24.1,5.531977524737705
1526,24.1,5.53487809324913
1527,24.1,5.549380935806269
1528,24.1,5.574453450019053
1529,24.1,5.649380935806263
1530,24.1,5.649380935806263
1531,24.1,5.649380935806263
1532,24.1,5.649380935806263
1533,24.1,5.674453450019055
1534,24.1,5.749380935806265
1535,24.1,5.749380935806265
1536,24.1,5.7744534500190525
1537,24.1,5.774453450019056
1538,24.1,5.846491969568892
1539,24.1,5.849380935806259
1540,24.1,5.874453450019054
1541,24.1,5.920761993160177
1542,24.1,5.931977524737704
1543,24.1,5.931977524737704
1544,24.1,5.935933900187287
1545,24.1,5.946491969568892
1546,24.1,6.03487809324913
1547,24.1,6.03487809324913
1548,24.1,6.049380935806262
1549,24.1,6.049380935806262
1550,24.1,6.065484892181722
1551,24.1,6.074453450019053
1552,24.1,6.131977524737703
1553,25.8,6.13593390018729
1554,25.8,6.149380935806263
1555,25.8,6.149380935806263
1556,25.8,6.149380935806263
1557,25.8,6.174453450019055
1558,25.8,6.174453450019055
1559,25.8,6.174453450019055
1560,25.8,6.189629224470853
1561,25.8,6.2319775247377045
1562,25.8,6.308888999386735
1563,25.8,6.346491969568892
1564,25.8,6.449380935806261
1565,25.8,6.449380935806268
1566,25.8,6.528415626605671
1567,25.8,6.5464919695688915
1568,25.8,6.549380935806262
1569,25.8,6.587912087912084
1570,25.8,6.587912087912088
1571,25.8,6.62076199316018
1572,25.8,6.649380935806263
1573,25.8,6.674453450019055
1574,25.8,6.6879120879120855
1575,25.8,6.708888999386733
1576,25.8,6.7319775247377045
1577,25.8,6.7319775247377045
1578,25.8,6.774453450019056
1579,25.8,6.787912087912087
1580,25.8,6.808888999386731
1581,25.8,6.831977524737706
1582,26.200000000000003,6.831977524737706
1583,26.200000000000003,6.846491969568892
1584,26.200000000000003,6.849380935806259
1585,26.200000000000003,6.874453450019054
1586,26.200000000000003,6.949380935806261
1587,26.200000000000003,6.959150050552765
1588,26.200000000000003,7.031977524737705
1589,26.200000000000003,7.035933900187288
1590,26.200000000000003,7.049380935806262
1591,26.200000000000003,7.049380935806269
1592,26.200000000000003,7.131977524737707
1593,26.200000000000003,7.131977524737707
1594,26.200000000000003,7.149380935806263
1595,26.200000000000003,7.149380935806263
1596,26.200000000000003,7.174453450019055
1597,26.200000000000003,7.174453450019055
1598,26.200000000000003,7.174453450019055
1599,26.200000000000003,7.174453450019055
1600,26.200000000000003,7.2319775247377045
1601,26.200000000000003,7.2319775247377045
1602,26.200000000000003,7.231977524737708
1603,26.200000000000003,7.246491969568891
1604,26.200000000000003,7.274453450019056
1605,26.200000000000003,7.331977524737702
1606,26.200000000000003,7.346491969568892
1607,26.200000000000003,7.349380935806259
1608,26.200000000000003,7.349380935806266
1609,26.900000000000002,7.374453450019054
1610,26.900000000000002,7.408888999386733
1611,26.900000000000002,7.431977524737704
1612,26.900000000000002,7.434878093249129
1613,26.900000000000002,7.466540699119882
1614,26.900000000000002,7.487912087912083
1615,26.900000000000002,7.508888999386734
1616,26.900000000000002,7.631977524737707
1617,26.900000000000002,7.634878093249132
1618,26.900000000000002,7.634878093249132
1619,26.900000000000002,7.649380935806263
1620,26.900000000000002,7.7348780932491294
1621,26.900000000000002,7.774453450019056
1622,26.900000000000002,7.787912087912087
1623,26.900000000000002,7.874453450019054
1624,26.900000000000002,7.931977524737704
1625,26.900000000000002,7.931977524737704
1626,26.900000000000002,7.931977524737704
1627,26.900000000000002,7.934878093249129
1628,26.900000000000002,7.934878093249129
1629,26.900000000000002,7.946491969568894
1630,26.900000000000002,7.949380935806261
1631,26.900000000000002,7.949380935806268
1632,26.900000000000002,7.974453450019052
1633,26.900000000000002,7.974453450019055
1634,26.900000000000002,8.03487809324913
1635,26.900000000000002,8.04649196956889
1636,26.900000000000002,8.049380935806262
1637,27.400000000000002,8.074453450019053
1638,27.400000000000002,8.108888999386735
1639,27.400000000000002,8.149380935806263
1640,27.400000000000002,8.249380935806265
1641,27.400000000000002,8.274453450019056
1642,27.400000000000002,8.308888999386731
1643,27.400000000000002,8.421817800098342
1644,27.400000000000002,8.531977524737705
1645,27.400000000000002,8.549380935806262
1646,27.400000000000002,8.54938093580627
1647,27.400000000000002,8.574453450019053
1648,27.400000000000002,8.574453450019053
1649,27.400000000000002,8.587912087912084
1650,27.400000000000002,8.608888999386732
1651,27.400000000000002,8.608888999386735
1652,27.400000000000002,8.631977524737703
1653,27.400000000000002,8.634878093249132
1654,27.400000000000002,8.649380935806263
1655,27.400000000000002,8.649380935806263
1656,27.400000000000002,8.674453450019055
1657,27.400000000000002,8.674453450019055
1658,27.400000000000002,8.677098768501484
1659,27.400000000000002,8.749380935806265
1660,27.400000000000002,8.749380935806265
1661,27.400000000000002,8.762584323670296
1662,27.400000000000002,8.788967894850245
1663,27.400000000000002,8.831977524737702
1664,27.400000000000002,8.849380935806266
1665,27.400000000000002,8.849380935806266
1666,27.400000000000002,8.87445345001905
1667,27.5,8.874453450019057
1668,27.5,8.887912087912085
1669,27.5,8.931977524737704
1670,27.5,8.931977524737707
1671,27.5,8.94938093580626
1672,27.5,8.94938093580626
1673,27.5,8.94938093580626
1674,27.5,8.949380935806268
1675,27.5,8.974453450019059
1676,27.5,8.974453450019059
1677,27.5,9.0053271012547
1678,27.5,9.060337349930101
1679,27.5,9.074453450019053
1680,27.5,9.134878093249128
1681,27.5,9.13593390018729
1682,27.5,9.149380935806263
1683,27.5,9.220761993160181
1684,27.5,9.249380935806258
1685,27.5,9.249380935806265
1686,27.5,9.274453450019056
1687,27.5,9.37445345001905
1688,27.5,9.37445345001905
1689,27.5,9.434878093249129
1690,27.5,9.44938093580626
1691,27.5,9.474453450019052
1692,27.5,9.474453450019059
1693,27.5,9.549380935806262
1694,27.5,9.574453450019053
1695,27.5,9.649380935806263
1696,28.1,9.674453450019055
1697,28.1,9.687912087912085
1698,28.1,9.731977524737708
1699,28.1,9.757305288979492
1700,28.1,9.808888999386731
1701,28.1,9.808888999386735
1702,28.1,9.831977524737702
1703,28.1,9.831977524737706
1704,28.1,9.934878093249129
1705,28.1,9.934878093249129
1706,28.1,9.94938093580626
1707,28.1,9.974453450019052
1708,28.1,9.974453450019052
1709,28.1,9.974453450019059
1710,28.1,10.035933900187288
1711,28.1,10.049380935806262
1712,28.1,10.049380935806262
1713,28.1,10.049380935806262
1714,28.1,10.04938093580627
1715,28.1,10.077098768501482
1716,28.1,10.131977524737703
1717,28.1,10.187912087912085
1718,28.1,10.23487809324913
1719,28.1,10.249380935806265
1720,28.1,10.274453450019056
1721,28.1,10.274453450019056
1722,28.1,10.349380935806266
1723,28.1,10.389629224470852
1724,28.1,10.408888999386733
1725,28.1,10.431977524737704
1726,28.1,10.549380935806262
1727,28.1,10.549380935806262
1728,28.1,10.574453450019053
1729,28.1,10.608888999386735
1730,28.1,10.631977524737703
1731,28.1,10.63593390018729
1732,28.1,10.649380935806263
1733,28.1,10.720761993160178
1734,29.3,10.73487809324913
1735,29.3,10.749380935806258
1736,29.3,10.749380935806258
1737,29.3,10.749380935806265
1738,29.3,10.765484892181721
1739,29.3,10.774453450019056
1740,29.3,10.774453450019056
1741,29.3,10.83487809324913
1742,29.3,10.83487809324913
1743,29.3,10.849380935806266
1744,29.3,10.849380935806266
1745,29.3,10.849380935806266
1746,29.3,10.849380935806266
1747,29.3,10.849380935806266
1748,29.3,10.849380935806266
1749,29.3,10.874453450019057
1750,29.3,10.931977524737704
1751,29.3,10.94938093580626
1752,29.3,10.987912087912083
1753,29.3,11.031977524737705
1754,29.3,11.035933900187288
1755,29.3,11.04649196956889
1756,29.3,11.04649196956889
1757,29.3,11.074453450019053
1758,29.3,11.074453450019053
1759,29.3,11.134878093249132
1760,29.3,11.149380935806263
1761,29.3,11.157305288979494
1762,29.3,11.166540699119881
1763,29.3,11.231977524737704
1764,29.3,11.231977524737704
1765,29.3,11.234878093249133
1766,29.3,11.24649196956889
1767,29.3,11.274453450019056
1768,29.3,11.308888999386735
1769,29.3,11.331977524737706
1770,29.3,11.349380935806266
1771,29.3,11.37445345001905
1772,29.3,11.374453450019057
1773,29.3,11.431977524737704
1774,29.3,11.435933900187287
1775,29.3,11.449380935806268
1776,29.3,11.531977524737705
1777,29.3,11.531977524737705
1778,29.5,11.549380935806262
1779,29.5,11.574453450019053
1780,29.5,11.587912087912088
1781,29.5,11.631977524737707
1782,29.5,11.649380935806263
1783,29.5,11.649380935806263
1784,29.5,11.649380935806263
1785,29.5,11.649380935806263
1786,29.5,11.749380935806265
1787,29.5,11.749380935806265
1788,29.5,11.774453450019049
1789,29.5,11.774453450019056
1790,29.5,11.787912087912087
1791,29.5,11.831977524737706
1792,29.5,11.831977524737706
1793,29.5,11.831977524737706
1794,29.5,11.87445345001905
1795,29.5,11.887912087912085
1796,29.5,11.934878093249129
1797,29.5,11.935933900187287
1798,29.5,11.94938093580626
1799,29.5,11.974453450019052
1800,29.5,11.974453450019059
1801,29.5,12.008888999386734
1802,29.5,12.049380935806262
1803,29.5,12.049380935806262
1804,29.5,12.074453450019053
1805,29.5,12.087912087912084
1806,29.5,12.174453450019055
1807,29.6,12.187912087912085
1808,29.6,12.231977524737704
1809,29.6,12.274453450019056
1810,29.6,12.274453450019056
1811,29.6,12.33487809324913
1812,29.6,12.374453450019057
1813,29.6,12.434878093249129
1814,29.6,12.449380935806268
1815,29.6,12.449380935806268
1816,29.6,12.549380935806255
1817,29.6,12.587912087912084
1818,29.6,12.631977524737707
1819,29.6,12.646491969568892
1820,29.6,12.649380935806263
1821,29.6,12.708888999386733
1822,29.6,12.728415626605674
1823,29.6,12.731977524737704
1824,29.6,12.735933900187291
1825,29.6,12.746491969568893
1826,29.6,12.749380935806258
1827,29.6,12.774453450019056
1828,29.6,12.849380935806266
1829,29.6,12.87445345001905
1830,29.6,12.874453450019057
1831,29.6,12.94938093580626
1832,30.0,12.94938093580626
1833,30.0,12.974453450019059
1834,30.0,13.008888999386734
1835,30.0,13.049380935806262
1836,30.0,13.04938093580627
1837,30.0,13.074453450019053
1838,30.0,13.074453450019053
1839,30.0,13.074453450019053
1840,30.0,13.134878093249132
1841,30.0,13.134878093249132
1842,30.0,13.160337349930103
1843,30.0,13.174453450019055
1844,30.0,13.174453450019055
1845,30.0,13.187912087912085
1846,30.0,13.249380935806258
1847,30.0,13.249380935806265
1848,30.0,13.274453450019056
1849,30.0,13.37445345001905
1850,30.0,13.434878093249129
1851,30.0,13.43593390018729
1852,30.0,13.44938093580626
1853,30.0,13.44938093580626
1854,30.0,13.474453450019052
1855,30.0,13.487912087912086
1856,30.0,13.54938093580627
1857,30.0,13.574453450019053
1858,30.0,13.574453450019053
1859,30.0,13.631977524737707
1860,30.0,13.678282200454145
1861,30.0,13.749380935806258
1862,30.0,13.749380935806265
1863,30.0,13.787912087912083
1864,30.0,13.831977524737702
1865,30.0,13.835933900187293
1866,30.0,13.846491969568891
1867,30.0,13.849380935806266
1868,30.0,13.849380935806266
1869,30.0,13.849380935806266
1870,31.3,13.849380935806266
1871,31.3,13.887912087912085
1872,31.3,13.931977524737704
1873,31.3,13.931977524737707
1874,31.3,14.031977524737705
1875,31.3,14.031977524737705
1876,31.3,14.03487809324913
1877,31.3,14.049380935806262
1878,31.3,14.04938093580627
1879,31.3,14.04938093580627
1880,31.3,14.04938093580627
1881,31.3,14.060337349930101
1882,31.3,14.108888999386735
1883,31.3,14.13593390018729
1884,31.3,14.149380935806263
1885,31.3,14.174453450019062
1886,31.3,14.174453450019062
1887,31.3,14.208888999386733
1888,31.3,14.231977524737704
1889,31.3,14.334878093249127
1890,31.3,14.349380935806266
1891,31.3,14.37445345001905
1892,31.3,14.431977524737704
1893,31.3,14.431977524737704
1894,31.3,14.449380935806268
1895,31.3,14.449380935806268
1896,31.3,14.474453450019052
1897,31.3,14.474453450019059
1898,31.6,14.531977524737705
1899,31.6,14.53487809324913
1900,31.6,14.53487809324913
1901,31.6,14.549380935806262
1902,31.6,14.549380935806262
1903,31.6,14.574453450019053
1904,31.6,14.57445345001906
1905,31.6,14.587912087912084
1906,31.6,14.634878093249132
1907,31.6,14.634878093249132
1908,31.6,14.649380935806263
1909,31.6,14.678282200454145
1910,31.6,14.691729236073115
1911,31.6,14.708888999386733
1912,31.6,14.746491969568893
1913,31.6,14.749380935806265
1914,31.6,14.774453450019056
1915,31.6,14.849380935806266
1916,31.6,14.849380935806266
1917,31.6,14.94938093580626
1918,31.6,15.087912087912084
1919,32.0,15.149380935806263
1920,32.0,15.149380935806263
1921,32.0,15.174453450019055
1922,32.0,15.187912087912085
1923,32.0,15.249380935806265
1924,32.0,15.278282200454147
1925,32.0,15.291729236073117
1926,32.0,15.349380935806266
1927,32.0,15.357305288979493
1928,32.0,15.431977524737707
1929,32.0,15.431977524737707
1930,32.0,15.44938093580626
1931,32.0,15.531977524737705
1932,32.0,15.574453450019053
1933,32.0,15.574453450019053
1934,32.0,15.574453450019053
1935,32.0,15.587912087912084
1936,32.0,15.587912087912084
1937,32.0,15.608888999386735
1938,32.0,15.674453450019055
1939,32.800000000000004,15.674453450019055
1940,32.800000000000004,15.674453450019055
1941,32.800000000000004,15.674453450019055
1942,32.800000000000004,15.674453450019062
1943,32.800000000000004,15.731977524737704
1944,32.800000000000004,15.734878093249133
1945,32.800000000000004,15.749380935806258
1946,32.800000000000004,15.749380935806258
1947,32.800000000000004,15.749380935806258
1948,32.800000000000004,15.774453450019056
1949,32.800000000000004,15.774453450019056
1950,32.800000000000004,15.808888999386735
1951,32.800000000000004,15.831977524737702
1952,32.800000000000004,15.831977524737706
1953,32.800000000000004,15.849380935806266
1954,32.800000000000004,15.849380935806266
1955,32.800000000000004,15.908888999386733
1956,32.800000000000004,15.931977524737707
1957,32.800000000000004,15.946491969568893
1958,32.800000000000004,15.94938093580626
1959,32.800000000000004,15.94938093580626
1960,32.800000000000004,15.94938093580626
1961,32.800000000000004,15.974453450019052
1962,32.800000000000004,15.987912087912083
1963,32.800000000000004,16.03593390018729
1964,32.800000000000004,16.049380935806262
1965,32.800000000000004,16.074453450019053
1966,32.800000000000004,16.13487809324913
1967,32.800000000000004,16.174453450019055
1968,32.800000000000004,16.187912087912085
1969,32.800000000000004,16.234878093249126
1970,32.800000000000004,16.287912087912087
1971,34.1,16.334878093249127
1972,34.1,16.349380935806266
1973,34.1,16.37445345001905
1974,34.1,16.37445345001905
1975,34.1,16.374453450019057
1976,34.1,16.374453450019057
1977,34.1,16.431977524737707
1978,34.1,16.449125685777272
1979,34.1,16.53487809324913
1980,34.1,16.631977524737707
1981,34.1,16.649380935806263
1982,34.1,16.649380935806263
1983,34.1,16.649380935806263
1984,34.1,16.649380935806263
1985,34.1,16.649380935806263
1986,34.1,16.65915005055276
1987,34.1,16.731977524737704
1988,34.1,16.73593390018729
1989,34.1,16.749380935806258
1990,34.1,16.774453450019056
1991,34.1,16.831977524737706
1992,34.4,16.849380935806266
1993,34.4,16.874453450019057
1994,34.4,16.874453450019057
1995,34.4,16.94938093580626
1996,34.4,16.94938093580626
1997,34.4,16.94938093580626
1998,34.4,16.959150050552765
1999,34.4,16.974453450019052
2000,34.4,16.974453450019052
2001,34.4,16.97445345001906
2002,34.4,17.008888999386734
2003,34.4,17.04649196956889
2004,34.4,17.04649196956889
2005,34.4,17.074453450019053
2006,34.4,17.074453450019053
2007,34.4,17.07445345001906
2008,34.4,17.087912087912084
2009,34.4,17.13487809324913
2010,34.4,17.149380935806263
2011,34.4,17.174453450019055
2012,34.4,17.188967894850244
2013,34.4,17.231977524737704
2014,34.4,17.234878093249126
2015,34.800000000000004,17.249380935806258
2016,34.800000000000004,17.249380935806258
2017,34.800000000000004,17.249380935806258
2018,34.800000000000004,17.260337349930104
2019,34.800000000000004,17.331977524737702
2020,34.800000000000004,17.34938093580626
2021,34.800000000000004,17.34938093580626
2022,34.800000000000004,17.349380935806266
2023,34.800000000000004,17.349380935806266
2024,34.800000000000004,17.431977524737704
2025,34.800000000000004,17.435933900187287
2026,34.800000000000004,17.474453450019052
2027,34.800000000000004,17.52181780009834
2028,34.800000000000004,17.531977524737705
2029,34.800000000000004,17.531977524737705
2030,34.800000000000004,17.549380935806262
2031,34.800000000000004,17.54938093580627
2032,34.800000000000004,17.574453450019053
2033,34.800000000000004,17.574453450019053
2034,34.800000000000004,17.628415626605673
2035,35.1,17.649380935806263
2036,35.1,17.649380935806263
2037,35.1,17.65730528897949
2038,35.1,17.674453450019055
2039,35.1,17.7053271012547
2040,35.1,17.731977524737704
2041,35.1,17.731977524737704
2042,35.1,17.760337349930104
2043,35.1,17.774453450019056
2044,35.1,17.831977524737702
2045,35.1,17.849380935806266
2046,35.1,17.877098768501483
2047,35.1,17.87828220045414
2048,35.1,17.949380935806268
2049,35.1,17.949380935806268
2050,35.1,17.974453450019052
2051,35.1,17.98791208791209
2052,35.1,18.008888999386734
2053,35.1,18.031977524737705
2054,35.1,18.031977524737705
2055,35.1,18.049380935806262
2056,35.1,18.049380935806262
2057,35.300000000000004,18.049380935806262
2058,35.300000000000004,18.13487809324913
2059,35.300000000000004,18.149380935806263
2060,35.300000000000004,18.149380935806263
2061,35.300000000000004,18.149380935806263
2062,35.300000000000004,18.187912087912085
2063,35.300000000000004,18.231977524737704
2064,35.300000000000004,18.249380935806265
2065,35.300000000000004,18.262584323670296
2066,35.300000000000004,18.274453450019056
2067,35.300000000000004,18.274453450019056
2068,35.300000000000004,18.349380935806266
2069,36.0,18.37445345001905
2070,36.0,18.431977524737704
2071,36.0,18.431977524737707
2072,36.0,18.435933900187294
2073,36.0,18.474453450019052
2074,36.0,18.487912087912083
2075,36.0,18.48791208791209
2076,36.0,18.508888999386734
2077,36.0,18.531977524737705
2078,36.0,18.53487809324913
2079,36.0,18.53487809324913
2080,36.0,18.54938093580627
2081,36.0,18.54938093580627
2082,36.0,18.574453450019053
2083,36.0,18.574453450019053
2084,36.0,18.634878093249124
2085,36.0,18.649380935806263
2086,36.5,18.70888899938673
2087,36.5,18.731977524737708
2088,36.5,18.749380935806265
2089,36.5,18.774453450019056
2090,36.5,18.774453450019056
2091,36.5,18.774453450019056
2092,36.5,18.774453450019056
2093,36.5,18.874453450019057
2094,36.5,18.94938093580626
2095,36.5,18.94938093580626
2096,36.5,18.98791208791209
2097,36.5,19.03487809324913
2098,36.5,19.049380935806262
2099,36.5,19.04938093580627
2100,36.5,19.128415626605673
2101,36.5,19.146491969568892
2102,36.5,19.174453450019055
2103,36.5,19.174453450019055
2104,36.5,19.17445345001906
2105,36.5,19.231977524737704
2106,36.5,19.3053271012547
2107,36.5,19.34649196956889
2108,36.5,19.349380935806266
2109,37.1,19.37445345001905
2110,37.1,19.374453450019057
2111,37.1,19.446491969568893
2112,37.1,19.47445345001906
2113,37.1,19.47445345001906
2114,37.1,19.47445345001906
2115,37.1,19.47445345001906
2116,37.1,19.531977524737705
2117,37.1,19.54649196956889
2118,37.1,19.549380935806262
2119,37.1,19.57445345001906
2120,37.1,19.587912087912084
2121,37.1,19.67445345001906
2122,37.1,19.749380935806265
2123,37.1,19.774453450019056
2124,37.1,19.831977524737706
2125,37.1,19.834878093249127
2126,37.1,19.90888899938674
2127,37.1,19.931977524737704
2128,37.1,19.931977524737704
2129,37.1,19.94938093580626
2130,37.1,19.949380935806268
2131,37.1,19.97445345001906
2132,37.1,20.008888999386734
2133,37.1,20.031977524737705
2134,37.1,20.03487809324913
2135,37.4,20.04938093580627
2136,37.4,20.04938093580627
2137,37.4,20.074453450019053
2138,37.4,20.07445345001906
2139,37.4,20.087912087912084
2140,37.4,20.131977524737707
2141,37.4,20.131977524737707
2142,37.4,20.149380935806263
2143,37.4,20.149380935806263
2144,37.4,20.149380935806263
2145,37.4,20.149380935806263
2146,37.4,20.149380935806263
2147,37.4,20.174453450019055
2148,37.4,20.231977524737708
2149,37.4,20.274453450019056
2150,37.4,20.331977524737702
2151,37.4,20.349380935806266
2152,37.4,20.37445345001905
2153,37.4,20.37445345001905
2154,37.4,20.374453450019057
2155,38.900000000000006,20.43487809324913
2156,38.900000000000006,20.435933900187287
2157,38.900000000000006,20.435933900187287
2158,38.900000000000006,20.44938093580626
2159,38.900000000000006,20.44938093580626
2160,38.900000000000006,20.44938093580626
2161,38.900000000000006,20.449380935806268
2162,38.900000000000006,20.549380935806262
2163,38.900000000000006,20.608888999386735
2164,38.900000000000006,20.646491969568892
2165,38.900000000000006,20.649380935806263
2166,38.900000000000006,20.749380935806265
2167,38.900000000000006,20.774453450019056
2168,38.900000000000006,20.835933900187285
2169,38.900000000000006,20.849380935806266
2170,38.900000000000006,20.849380935806266
2171,38.900000000000006,20.874453450019057
2172,38.900000000000006,20.88791208791208
2173,38.900000000000006,20.93487809324913
2174,38.900000000000006,20.959150050552758
2175,38.900000000000006,20.97445345001906
2176,38.900000000000006,21.0603373499301
2177,38.900000000000006,21.074453450019053
2178,38.900000000000006,21.07445345001906
2179,39.0,21.087912087912084
2180,39.0,21.108888999386735
2181,39.0,21.149380935806263
2182,39.0,21.174453450019055
2183,39.0,21.249380935806265
2184,39.0,21.274453450019056
2185,39.0,21.349380935806266
2186,39.0,21.349380935806266
2187,39.0,21.44938093580626
2188,39.0,21.574453450019053
2189,39.0,21.574453450019053
2190,39.0,21.574453450019053
2191,39.0,21.674453450019055
2192,39.0,21.67445345001906
2193,39.0,21.7319775247377
2194,39.0,21.831977524737702
2195,39.0,21.83197752473771
2196,39.0,21.83197752473771
2197,39.0,21.874453450019057
2198,39.0,21.88791208791209
2199,39.0,22.03593390018729
2200,39.0,22.04938093580627
2201,39.0,22.04938093580627
2202,39.0,22.174453450019055
2203,39.0,22.2319775247377
2204,39.0,22.249380935806272
2205,39.0,22.274453450019056
2206,39.0,22.274453450019056
2207,39.0,22.291729236073124
2208,39.0,22.37445345001905
2209,39.0,22.374453450019057
2210,39.0,22.474453450019052
2211,39.0,22.47445345001906
2212,39.0,22.549380935806255
2213,39.0,22.54938093580627
2214,39.0,22.54938093580627
2215,39.0,22.631977524737707
2216,40.0,22.646491969568892
2217,40.0,22.649380935806263
2218,40.0,22.7319775247377
2219,40.0,22.849380935806266
2220,40.0,22.874453450019057
2221,40.0,22.874453450019057
2222,40.0,22.874453450019057
2223,40.0,22.931977524737704
2224,40.0,22.935933900187287
2225,40.0,22.94938093580626
2226,40.0,22.94938093580626
2227,40.0,22.94938093580626
2228,40.0,23.07445345001906
2229,40.0,23.108888999386735
2230,40.0,23.110339283642446
2231,40.0,23.17445345001906
2232,40.0,23.246491969568893
2233,40.0,23.249380935806272
2234,40.0,23.331977524737702
2235,40.0,23.334878093249134
2236,40.0,23.374453450019057
2237,40.0,23.374453450019057
2238,40.0,23.377098768501483
2239,40.0,23.449125685777272
2240,40.0,23.44938093580626
2241,40.0,23.44938093580626
2242,40.0,23.474453450019052
2243,40.0,23.47445345001906
2244,40.0,23.54938093580627
2245,40.0,23.54938093580627
2246,40.0,23.649380935806263
2247,40.0,23.649380935806263
2248,40.0,23.649380935806263
2249,40.0,23.649380935806263
2250,40.0,23.7319775247377
2251,40.0,23.7319775247377
2252,41.800000000000004,23.734878093249126
2253,41.800000000000004,23.734878093249133
2254,41.800000000000004,23.73593390018729
2255,41.800000000000004,23.787912087912087
2256,41.800000000000004,23.87445345001905
2257,41.800000000000004,23.94938093580626
2258,41.800000000000004,23.94938093580626
2259,41.800000000000004,23.94938093580626
2260,41.800000000000004,23.97445345001906
2261,41.800000000000004,24.074453450019053
2262,41.800000000000004,24.087912087912084
2263,41.800000000000004,24.131977524737707
2264,41.800000000000004,24.131977524737707
2265,41.800000000000004,24.149380935806263
2266,41.800000000000004,24.149380935806263
2267,41.800000000000004,24.174453450019055
2268,41.800000000000004,24.17445345001906
2269,41.800000000000004,24.274453450019056
2270,41.800000000000004,24.274453450019056
2271,41.800000000000004,24.349380935806266
2272,41.800000000000004,24.349380935806266
2273,41.800000000000004,24.374453450019057
2274,41.800000000000004,24.47445345001906
2275,41.800000000000004,24.48791208791209
2276,41.800000000000004,24.574453450019053
2277,41.800000000000004,24.578282200454144
2278,41.800000000000004,24.631977524737707
2279,41.800000000000004,24.63487809324913
2280,41.800000000000004,24.649380935806263
2281,41.800000000000004,24.7319775247377
2282,41.800000000000004,24.74649196956889
2283,41.800000000000004,24.749380935806272
2284,41.800000000000004,24.805593953557757
2285,41.800000000000004,24.87445345001905
2286,41.800000000000004,24.874453450019057
2287,41.800000000000004,24.88791208791208
2288,41.800000000000004,24.908888999386733
2289,41.800000000000004,24.94938093580626
2290,41.800000000000004,24.94938093580626
2291,41.800000000000004,24.97445345001906
2292,41.800000000000004,24.97445345001906
2293,41.800000000000004,25.008888999386734
2294,41.800000000000004,25.17445345001906
2295,41.800000000000004,25.17445345001906
2296,41.800000000000004,25.2319775247377
2297,41.800000000000004,25.331977524737702
2298,41.800000000000004,25.349380935806266
2299,41.800000000000004,25.37445345001905
2300,41.800000000000004,25.474453450019052
2301,41.800000000000004,25.521817800098347
2302,41.800000000000004,25.534878093249137
2303,41.800000000000004,25.549380935806255
2304,41.800000000000004,25.549380935806255
2305,41.800000000000004,25.549380935806255
2306,42.7,25.649380935806263
2307,42.7,25.649380935806263
2308,42.7,25.731977524737708
2309,42.7,25.734878093249126
2310,42.7,25.749380935806272
2311,42.7,25.774453450019056
2312,42.7,25.908888999386733
2313,42.7,25.97445345001906
2314,42.7,26.04938093580627
2315,42.7,26.131977524737707
2316,42.7,26.131977524737707
2317,42.7,26.131977524737707
2318,42.7,26.131977524737707
2319,42.7,26.174453450019055
2320,42.7,26.187912087912085
2321,42.7,26.23593390018729
2322,42.7,26.334878093249134
2323,42.7,26.349380935806266
2324,42.7,26.349380935806266
2325,42.7,26.349380935806266
2326,42.7,26.349380935806266
2327,42.7,26.38791208791208
2328,42.7,26.431977524737704
2329,42.7,26.43197752473771
2330,42.7,26.44938093580626
2331,42.7,26.44938093580626
2332,42.7,26.48791208791209
2333,42.7,26.574453450019053
2334,42.7,26.574453450019053
2335,42.7,26.587912087912084
2336,42.7,26.646491969568892
2337,42.7,26.67445345001906
2338,42.7,26.70888899938673
2339,42.7,26.749380935806272
2340,42.7,26.749380935806272
2341,42.7,26.749380935806272
2342,42.7,26.749380935806272
2343,42.7,26.749380935806272
2344,42.7,26.774453450019056
2345,42.7,26.787912087912087
2346,42.7,26.849380935806266
2347,42.7,26.94938093580626
2348,42.7,26.94938093580626
2349,42.7,27.020761993160185
2350,42.7,27.03487809324913
2351,42.7,27.074453450019053
2352,42.7,27.074453450019053
2353,42.7,27.087912087912084
2354,42.7,27.131977524737707
2355,42.7,27.149380935806263
2356,42.7,27.149380935806263
2357,42.7,27.149380935806263
2358,42.7,27.16033734993011
2359,42.7,27.174453450019055
2360,42.7,27.249380935806258
2361,42.7,27.274453450019056
2362,42.7,27.37445345001905
2363,42.7,27.44938093580626
2364,42.7,27.44938093580626
2365,42.7,27.44938093580626
2366,42.7,27.488967894850248
2367,42.7,27.508888999386734
2368,42.7,27.508888999386734
2369,42.7,27.54938093580627
2370,42.7,27.54938093580627
2371,42.7,27.574453450019053
2372,42.7,27.57445345001906
2373,42.7,27.631977524737707
2374,42.7,27.646491969568892
2375,42.7,27.649380935806263
2376,42.7,27.7319775247377
2377,42.7,27.734878093249126
2378,42.7,27.774453450019056
2379,42.7,27.774453450019056
2380,45.400000000000006,27.774453450019056
2381,45.400000000000006,27.849380935806266
2382,45.400000000000006,27.93487809324913
2383,45.400000000000006,27.94938093580626
2384,45.400000000000006,28.04938093580627
2385,45.400000000000006,28.074453450019053
2386,45.400000000000006,28.146491969568892
2387,45.400000000000006,28.149380935806263
2388,45.400000000000006,28.174453450019055
2389,45.400000000000006,28.20506024895165
2390,45.400000000000006,28.23593390018729
2391,45.400000000000006,28.30888899938673
2392,45.400000000000006,28.334878093249134
2393,45.400000000000006,28.37445345001905
2394,45.400000000000006,28.37445345001905
2395,45.400000000000006,28.44938093580626
2396,45.400000000000006,28.474453450019052
2397,45.400000000000006,28.549380935806255
2398,45.400000000000006,28.54938093580627
2399,45.400000000000006,28.631977524737707
2400,45.400000000000006,28.649380935806263
2401,45.400000000000006,28.687912087912085
2402,45.400000000000006,28.749380935806272
2403,45.400000000000006,28.749380935806272
2404,45.400000000000006,28.849380935806266
2405,45.400000000000006,28.874453450019057
2406,45.400000000000006,28.874453450019057
2407,45.400000000000006,28.87828220045414
2408,45.400000000000006,28.97445345001906
2409,45.400000000000006,29.03593390018729
2410,45.400000000000006,29.131977524737707
2411,45.400000000000006,29.149380935806263
2412,45.400000000000006,29.149380935806263
2413,45.400000000000006,29.149380935806263
2414,45.400000000000006,29.149380935806263
2415,45.400000000000006,29.174453450019055
2416,45.400000000000006,29.17445345001906
2417,45.400000000000006,29.20888899938673
2418,45.400000000000006,29.249380935806272
2419,45.400000000000006,29.349380935806266
2420,45.400000000000006,29.349380935806266
2421,45.400000000000006,29.349380935806266
2422,45.400000000000006,29.349380935806266
2423,45.400000000000006,29.349380935806266
2424,45.400000000000006,29.37445345001905
2425,45.400000000000006,29.38791208791209
2426,45.400000000000006,29.44938093580626
2427,45.400000000000006,29.491868463361673
2428,45.400000000000006,29.531977524737712
2429,45.400000000000006,29.54938093580627
2430,45.400000000000006,29.54938093580627
2431,45.400000000000006,29.587912087912084
2432,45.400000000000006,29.649380935806263
2433,45.400000000000006,29.674453450019055
2434,45.400000000000006,29.67445345001906
2435,45.400000000000006,29.687912087912085
2436,45.400000000000006,29.734878093249133
2437,45.400000000000006,29.749380935806258
2438,45.400000000000006,29.749380935806272
2439,45.400000000000006,29.749380935806272
2440,45.400000000000006,29.749380935806272
2441,45.400000000000006,29.749380935806272
2442,45.400000000000006,29.774453450019056
2443,45.400000000000006,29.774453450019056
2444,45.400000000000006,29.834878093249134
2445,45.400000000000006,29.931977524737704
2446,45.400000000000006,29.94649196956889
2447,45.400000000000006,29.94938093580626
2448,45.400000000000006,29.94938093580626
2449,45.400000000000006,29.94938093580626
2450,45.400000000000006,29.94938093580626
2451,45.400000000000006,30.03487809324913
2452,45.400000000000006,30.049380935806255
2453,45.400000000000006,30.074453450019053
2454,45.400000000000006,30.149380935806263
2455,45.400000000000006,30.149380935806263
2456,45.400000000000006,30.174453450019055
2457,45.400000000000006,30.234878093249133
2458,45.400000000000006,30.249380935806258
2459,45.400000000000006,30.249380935806272
2460,45.400000000000006,30.287912087912087
2461,45.400000000000006,30.287912087912087
2462,45.400000000000006,30.33197752473771
2463,45.400000000000006,30.37445345001905
2464,45.400000000000006,30.374453450019057
2465,45.400000000000006,30.38791208791209
2466,45.6,30.44938093580626
2467,45.6,30.487912087912083
2468,45.6,30.48791208791209
2469,45.6,30.531977524737705
2470,45.6,30.549380935806255
2471,45.6,30.54938093580627
2472,45.6,30.57445345001906
2473,45.6,30.649380935806263
2474,45.6,30.677098768501487
2475,45.6,30.731977524737708
2476,45.6,30.834878093249134
2477,45.6,30.87445345001905
2478,45.6,30.874453450019057
2479,45.6,30.94938093580626
2480,45.6,30.94938093580626
2481,45.6,30.94938093580626
2482,45.6,30.98791208791209
2483,45.6,31.031977524737705
2484,45.6,31.03593390018729
2485,45.6,31.04938093580627
2486,45.6,31.23593390018729
2487,45.6,31.274453450019056
2488,45.6,31.287912087912087
2489,45.6,31.287912087912087
2490,45.6,31.349380935806266
2491,45.6,31.349380935806266
2492,45.6,31.43487809324913
2493,45.6,31.531977524737705
2494,45.6,31.67445345001906
2495,45.6,31.774453450019056
2496,45.6,31.849380935806266
2497,45.6,31.849380935806266
2498,45.6,31.87445345001905
2499,45.6,31.908888999386733
2500,45.6,31.94938093580626
2501,45.6,31.974453450019052
2502,45.6,32.02841562660568
2503,45.6,32.031977524737705
2504,45.6,32.03197752473771
2505,45.6,32.049380935806255
2506,45.6,32.049380935806255
2507,45.6,32.260337349930104
2508,45.6,32.260337349930104
2509,45.6,32.449380935806275
2510,45.6,32.449380935806275
2511,45.6,32.531977524737705
2512,45.6,32.54938093580627
2513,45.6,32.574453450019064
2514,45.6,32.64938093580626
2515,45.6,32.67828220045415
2516,45.6,32.74938093580627
2517,45.6,32.74938093580627
2518,45.6,32.83197752473771
2519,45.6,32.87828220045415
2520,45.6,32.94938093580626
2521,45.6,32.974453450019055
2522,45.6,32.974453450019055
2523,45.6,33.034878093249134
2524,45.6,33.04938093580627
2525,45.6,33.13487809324913
2526,45.6,33.18791208791208
2527,45.6,33.24938093580627
2528,45.6,33.28791208791209
2529,45.800000000000004,33.349380935806266
2530,45.800000000000004,33.37445345001906
2531,45.800000000000004,33.431977524737704
2532,45.800000000000004,33.434878093249125
2533,45.800000000000004,33.549380935806255
2534,45.800000000000004,33.549380935806255
2535,45.800000000000004,33.549380935806255
2536,45.800000000000004,33.58791208791209
2537,45.800000000000004,33.63197752473771
2538,45.800000000000004,33.64938093580626
2539,45.800000000000004,33.70888899938674
2540,45.800000000000004,33.74938093580627
2541,45.800000000000004,33.74938093580627
2542,45.800000000000004,33.74938093580627
2543,45.800000000000004,33.74938093580627
2544,45.800000000000004,33.77445345001905
2545,45.800000000000004,33.87445345001905
2546,45.800000000000004,33.94938093580626
2547,45.800000000000004,33.94938093580626
2548,45.800000000000004,34.008888999386734
2549,45.800000000000004,34.034878093249134
2550,45.800000000000004,34.08303139796352
2551,45.800000000000004,34.13197752473771
2552,45.800000000000004,34.14938093580626
2553,45.800000000000004,34.14938093580626
2554,45.800000000000004,34.14938093580626
2555,45.800000000000004,34.23197752473771
2556,45.800000000000004,34.24938093580626
2557,45.800000000000004,34.24938093580626
2558,45.800000000000004,34.48791208791209
2559,45.800000000000004,34.531977524737705
2560,45.800000000000004,34.64938093580626
2561,45.800000000000004,34.666540699119885
2562,45.800000000000004,34.67445345001906
2563,45.800000000000004,34.73197752473771
2564,45.800000000000004,34.849380935806266
2565,45.800000000000004,34.974453450019055
2566,45.800000000000004,35.031977524737705
2567,45.800000000000004,35.049380935806255
2568,45.800000000000004,35.049380935806255
2569,45.800000000000004,35.049380935806255
2570,45.800000000000004,35.049380935806255
2571,45.800000000000004,35.049380935806255
2572,45.800000000000004,35.04938093580627
2573,45.800000000000004,35.04938093580627
2574,45.800000000000004,35.07445345001905
2575,45.800000000000004,35.18791208791208
2576,45.800000000000004,35.23197752473771
2577,45.800000000000004,35.23197752473771
2578,45.800000000000004,35.27445345001905
2579,45.800000000000004,35.349380935806266
2580,45.800000000000004,35.349380935806266
2581,45.800000000000004,35.349380935806266
2582,45.800000000000004,35.349380935806266
2583,45.800000000000004,35.349380935806266
2584,45.800000000000004,35.349380935806266
2585,45.800000000000004,35.349380935806266
2586,48.400000000000006,35.349380935806266
2587,48.400000000000006,35.37445345001905
2588,48.400000000000006,35.37445345001905
2589,48.400000000000006,35.37445345001905
2590,48.400000000000006,35.474453450019055
2591,48.400000000000006,35.53593390018729
2592,48.400000000000006,35.54938093580627
2593,48.400000000000006,35.54938093580627
2594,48.400000000000006,35.74938093580627
2595,48.400000000000006,35.83197752473771
2596,48.400000000000006,35.849380935806266
2597,48.400000000000006,35.849380935806266
2598,48.400000000000006,35.849380935806266
2599,48.400000000000006,35.849380935806266
2600,48.400000000000006,35.849380935806266
2601,48.400000000000006,35.93197752473771
2602,48.400000000000006,35.94938093580626
2603,48.400000000000006,35.94938093580626
2604,48.400000000000006,35.94938093580626
2605,48.400000000000006,35.974453450019055
2606,48.400000000000006,36.07445345001905
2607,48.400000000000006,36.17445345001906
2608,48.400000000000006,36.20888899938674
2609,48.400000000000006,36.20888899938674
2610,48.400000000000006,36.24938093580627
2611,48.400000000000006,36.24938093580627
2612,48.400000000000006,36.24938093580627
2613,48.400000000000006,36.24938093580627
2614,48.400000000000006,36.27445345001905
2615,48.400000000000006,36.349380935806266
2616,48.400000000000006,36.349380935806266
2617,48.400000000000006,36.37445345001906
2618,48.400000000000006,36.387912087912085
2619,48.400000000000006,36.431977524737704
2620,48.400000000000006,36.449380935806275
2621,48.400000000000006,36.48791208791209
2622,48.400000000000006,36.574453450019064
2623,48.400000000000006,36.64938093580626
2624,48.400000000000006,36.64938093580626
2625,48.400000000000006,36.73593390018729
2626,48.400000000000006,36.87445345001906
2627,48.400000000000006,36.887912087912085
2628,48.400000000000006,36.94938093580626
2629,48.400000000000006,36.974453450019055
2630,48.400000000000006,37.03197752473771
2631,48.400000000000006,37.04938093580627
2632,48.400000000000006,37.108888999386735
2633,48.400000000000006,37.14938093580628
2634,48.400000000000006,37.17445345001906
2635,48.400000000000006,37.17445345001906
2636,48.400000000000006,37.20888899938674
2637,48.400000000000006,37.24938093580626
2638,48.400000000000006,37.31604760247292
2639,48.400000000000006,37.44938093580626
2640,48.400000000000006,37.44938093580626
2641,48.400000000000006,37.44938093580626
2642,48.400000000000006,37.74938093580626
2643,48.400000000000006,37.74938093580627
2644,48.400000000000006,37.849380935806266
2645,48.400000000000006,37.849380935806266
2646,48.400000000000006,37.849380935806266
2647,48.400000000000006,37.849380935806266
2648,48.400000000000006,37.849380935806266
2649,48.400000000000006,37.849380935806266
2650,48.400000000000006,37.87445345001906
2651,48.400000000000006,37.935933900187294
2652,48.400000000000006,37.94938093580626
2653,48.400000000000006,37.949380935806275
2654,48.400000000000006,37.98791208791209
2655,48.6,38.049380935806255
2656,48.6,38.049380935806255
2657,48.6,38.049380935806255
2658,48.6,38.07445345001905
2659,48.6,38.07445345001905
2660,48.6,38.13487809324913
2661,48.6,38.14938093580626
2662,48.6,38.14938093580626
2663,48.6,38.14938093580628
2664,48.6,38.14938093580628
2665,48.6,38.17445345001906
2666,48.6,38.27445345001905
2667,48.6,38.30888899938674
2668,48.6,38.37445345001906
2669,48.6,38.44938093580626
2670,48.6,38.44938093580626
2671,48.6,38.44938093580626
2672,48.6,38.474453450019055
2673,48.6,38.474453450019055
2674,48.6,38.474453450019055
2675,48.6,38.531977524737705
2676,48.6,38.716047602472926
2677,48.6,38.74938093580627
2678,48.6,38.78791208791209
2679,48.6,38.81604760247292
2680,48.6,38.83487809324913
2681,48.6,38.849380935806266
2682,48.6,38.87445345001905
2683,48.6,38.916047602472915
2684,48.6,38.93197752473771
2685,48.6,38.94938093580626
2686,48.6,39.016801750285914
2687,48.6,39.04938093580627
2688,48.6,39.04938093580627
2689,48.6,39.13487809324913
2690,48.6,39.14938093580628
2691,48.6,39.23197752473771
2692,48.6,39.24938093580626
2693,48.6,39.349380935806266
2694,48.6,39.360337349930106
2695,48.6,39.37445345001906
2696,48.6,39.474453450019055
2697,48.6,39.51604760247292
2698,48.6,39.51667412527141
2699,48.6,39.549380935806255
2700,48.6,39.54938093580627
2701,48.6,39.54938093580627
2702,48.6,39.608888999386735
2703,48.6,39.64938093580626
2704,48.6,39.64938093580626
2705,50.5,39.64938093580628
2706,50.5,39.73197752473771
2707,50.5,39.74938093580626
2708,50.5,39.788967894850245
2709,50.5,39.82076199316018
2710,50.5,39.849380935806266
2711,50.5,39.849380935806266
2712,50.5,39.916047602472915
2713,50.5,39.974453450019055
2714,50.5,40.0464919695689
2715,50.5,40.13487809324913
2716,50.5,40.174453450019044
2717,50.5,40.18791208791208
2718,50.5,40.2319775247377
2719,50.5,40.23197752473771
2720,50.5,40.24938093580627
2721,50.5,40.34649196956889
2722,50.5,40.349380935806266
2723,50.5,40.37445345001906
2724,50.5,40.44938093580626
2725,50.5,40.44938093580626
2726,50.5,40.549380935806255
2727,50.5,40.549380935806255
2728,50.5,40.565484892181715
2729,50.5,40.63197752473771
2730,50.5,40.67445345001906
2731,50.5,40.67445345001906
2732,50.5,40.81604760247292
2733,50.5,40.83197752473771
2734,50.5,41.049380935806255
2735,50.5,41.049380935806255
2736,50.5,41.07445345001905
2737,50.5,41.11604760247292
2738,50.5,41.14938093580626
2739,50.5,41.14938093580626
2740,50.5,41.216047602472926
2741,50.5,41.24938093580627
2742,50.5,41.27445345001905
2743,50.5,41.28791208791209
2744,50.5,41.31604760247292
2745,50.5,41.33197752473771
2746,50.5,41.37445345001905
2747,50.5,41.534878093249134
2748,50.5,41.57445345001905
2749,50.5,41.57445345001905
2750,50.5,41.57445345001905
2751,50.5,41.58791208791209
2752,50.5,41.63197752473771
2753,50.5,41.63487809324913
2754,50.5,41.68303139796352
2755,50.5,41.74938093580626
2756,50.5,41.74938093580626
2757,50.5,41.77445345001905
2758,50.5,41.83197752473771
2759,50.5,41.87445345001905
2760,50.5,41.87445345001905
2761,50.5,41.916047602472915
2762,50.5,41.931977524737704
2763,50.5,41.94938093580626
2764,50.5,42.008888999386734
2765,50.5,42.07445345001905
2766,50.5,42.07445345001905
2767,50.5,42.14938093580626
2768,50.5,42.14938093580626
2769,50.5,42.220761993160174
2770,50.5,42.24938093580626
2771,50.5,42.24938093580627
2772,50.5,42.346491969568895
2773,50.5,42.349380935806266
2774,50.5,42.349380935806266
2775,50.5,42.416047602472915
2776,50.5,42.44938093580626
2777,50.5,42.44938093580626
2778,50.5,42.534878093249134
2779,50.5,42.549380935806255
2780,50.5,42.57445345001905
2781,50.5,42.58791208791209
2782,50.5,42.64938093580628
2783,50.5,42.64938093580628
2784,50.5,42.74938093580627
2785,50.5,42.77445345001905
2786,50.5,42.83197752473771
2787,50.5,42.849380935806266
2788,50.5,42.87445345001906
2789,50.5,42.974453450019055
2790,50.5,42.98791208791209
2791,50.5,43.03197752473771
2792,50.5,43.034878093249134
2793,50.5,43.07445345001905
2794,50.5,43.11604760247292
2795,50.5,43.13197752473771
2796,50.5,43.14938093580626
2797,50.5,43.23197752473771
2798,50.5,43.24938093580627
2799,50.5,43.31604760247292
2800,50.5,43.31604760247292
2801,50.5,43.349380935806266
2802,50.5,43.387912087912085
2803,50.5,43.416047602472915
2804,50.5,43.416047602472915
2805,50.5,43.44938093580626
2806,50.5,43.474453450019055
2807,50.5,43.549380935806255
2808,50.5,43.549380935806255
2809,50.5,43.58791208791209
2810,50.5,43.59172923607311
2811,50.5,43.63197752473771
2812,50.5,43.74938093580627
2813,50.5,43.74938093580627
2814,50.5,43.77445345001905
2815,50.5,43.846491969568895
2816,50.5,43.87445345001906
2817,50.5,43.949380935806275
2818,50.5,44.008888999386734
2819,50.5,44.01604760247292
2820,50.5,44.01604760247292
2821,50.5,44.01604760247292
2822,50.5,44.01604760247292
2823,57.900000000000006,44.11604760247292
2824,57.900000000000006,44.11604760247292
2825,57.900000000000006,44.11604760247292
2826,57.900000000000006,44.14938093580626
2827,57.900000000000006,44.14938093580626
2828,57.900000000000006,44.24938093580627
2829,57.900000000000006,44.27445345001905
2830,57.900000000000006,44.28791208791209
2831,57.900000000000006,44.54938093580627
2832,57.900000000000006,44.57445345001905
2833,57.900000000000006,44.58791208791209
2834,57.900000000000006,44.61604760247292
2835,57.900000000000006,44.61604760247292
2836,57.900000000000006,44.73197752473771
2837,57.900000000000006,44.74649196956889
2838,57.900000000000006,44.828415626605675
2839,57.900000000000006,44.87445345001906
2840,57.900000000000006,44.887912087912085
2841,57.900000000000006,44.916047602472915
2842,57.900000000000006,44.916047602472915
2843,57.900000000000006,44.916047602472915
2844,57.900000000000006,44.94938093580626
2845,57.900000000000006,44.94938093580626
2846,57.900000000000006,44.960867187111525
2847,57.900000000000006,44.974453450019055
2848,57.900000000000006,44.974453450019055
2849,57.900000000000006,44.978282200454146
2850,57.900000000000006,45.034878093249134
2851,57.900000000000006,45.07445345001905
2852,57.900000000000006,45.07445345001905
2853,57.900000000000006,45.14938093580628
2854,57.900000000000006,45.14938093580628
2855,57.900000000000006,45.14938093580628
2856,57.900000000000006,45.14938093580628
2857,57.900000000000006,45.14938093580628
2858,57.900000000000006,45.24938093580626
2859,57.900000000000006,45.27445345001905
2860,57.900000000000006,45.28791208791209
2861,57.900000000000006,45.31604760247292
2862,57.900000000000006,45.31604760247292
2863,57.900000000000006,45.31604760247292
2864,57.900000000000006,45.33197752473771
2865,57.900000000000006,45.41604760247293
2866,57.900000000000006,45.41604760247293
2867,57.900000000000006,45.41604760247293
2868,57.900000000000006,45.549380935806255
2869,57.900000000000006,45.57445345001905
2870,57.900000000000006,45.57445345001905
2871,57.900000000000006,45.64938093580626
2872,57.900000000000006,45.674453450019044
2873,57.900000000000006,45.674453450019044
2874,57.900000000000006,45.83487809324913
2875,57.900000000000006,45.849380935806266
2876,57.900000000000006,45.94938093580626
2877,57.900000000000006,45.974453450019055
2878,57.900000000000006,45.974453450019055
2879,57.900000000000006,45.974453450019055
2880,57.900000000000006,46.17445345001906
2881,57.900000000000006,46.24938093580626
2882,57.900000000000006,46.27445345001905
2883,57.900000000000006,46.27445345001905
2884,57.900000000000006,46.27445345001905
2885,57.900000000000006,46.349380935806266
2886,57.900000000000006,46.349380935806266
2887,57.900000000000006,46.349380935806266
2888,57.900000000000006,46.349380935806266
2889,57.900000000000006,46.37445345001905
2890,57.900000000000006,46.44938093580626
2891,57.900000000000006,46.449380935806275
2892,61.5,46.51604760247292
2893,61.5,46.549380935806255
2894,61.5,46.549380935806255
2895,61.5,46.63197752473771
2896,61.5,46.64938093580626
2897,61.5,46.67445345001906
2898,61.5,46.81604760247292
2899,61.5,46.94938093580626
2900,61.5,47.03487809324912
2901,61.5,47.174453450019044
2902,61.5,47.22076199316019
2903,61.5,47.28791208791209
2904,61.5,47.3879120879121
2905,61.5,47.549380935806255
2906,61.5,47.549380935806255
2907,61.5,47.58791208791209
2908,61.5,47.687912087912096
2909,61.5,47.687912087912096
2910,61.5,47.708888999386744
2911,61.5,47.759150050552755
2912,61.5,47.849380935806266
2913,61.5,48.04938093580627
2914,61.5,48.07445345001905
2915,61.5,48.27445345001905
2916,61.5,48.27445345001905
2917,61.5,48.33197752473771
2918,61.5,48.37445345001906
2919,61.5,48.43197752473771
2920,61.5,48.434878093249125
2921,61.5,48.44938093580626
2922,61.5,48.57445345001905
2923,61.5,48.57445345001905
2924,61.5,48.58791208791209
2925,61.5,48.64938093580628
2926,61.5,48.67445345001906
2927,61.5,48.74938093580626
2928,61.5,48.74938093580626
2929,61.5,48.74938093580626
2930,61.5,48.74938093580626
2931,61.5,48.83487809324913
2932,61.5,48.849380935806266
2933,61.5,48.849380935806266
2934,61.5,48.849380935806266
2935,61.5,48.944902458024615
2936,61.5,48.94938093580626
2937,61.5,48.94938093580626
2938,61.5,48.94938093580626
2939,61.5,48.94938093580626
2940,61.5,48.94938093580626
2941,61.5,49.03197752473771
2942,61.5,49.049380935806255
2943,61.5,49.049380935806255
2944,61.5,49.04938093580627
2945,61.5,49.04938093580627
2946,61.5,49.04938093580627
2947,61.5,49.14938093580626
2948,61.5,49.24938093580627
2949,61.5,49.24938093580627
2950,61.5,49.24938093580627
2951,61.5,49.24938093580627
2952,61.5,49.291729236073124
2953,61.5,49.349380935806266
2954,61.5,49.349380935806266
2955,61.5,49.37445345001905
2956,61.5,49.37445345001905
2957,61.5,49.37445345001906
2958,61.5,49.37445345001906
2959,61.5,49.431977524737704
2960,61.5,49.44938093580626
2961,61.5,49.48791208791209
2962,61.5,49.51604760247292
2963,61.5,49.51604760247292
2964,61.5,49.54938093580627
2965,61.5,49.58791208791209
2966,61.5,49.6359339001873
2967,61.5,49.70888899938673
2968,61.5,49.73593390018729
2969,61.5,49.77445345001905
2970,61.5,49.835933900187285
2971,61.5,50.04938093580627
2972,61.5,50.11604760247292
2973,61.5,50.11604760247292
2974,61.5,50.13197752473771
2975,61.5,50.24938093580627
2976,61.5,50.31604760247292
2977,61.5,50.31604760247292
2978,61.5,50.31604760247292
2979,61.5,50.31604760247292
2980,61.5,50.349380935806266
2981,61.5,50.37445345001906
2982,61.5,50.434878093249125
2983,61.5,50.449380935806275
2984,61.5,50.51604760247292
2985,61.5,50.51604760247292
2986,61.5,50.51604760247292
2987,61.5,50.51604760247292
2988,61.5,50.61604760247292
2989,61.5,50.61604760247292
2990,61.5,50.6464919695689
2991,61.5,50.64938093580626
2992,61.5,50.74938093580626
2993,61.5,50.77445345001905
2994,61.5,50.81604760247292
2995,61.5,50.81604760247292
2996,61.5,50.81604760247292
2997,61.5,50.94938093580626
2998,61.5,50.974453450019055
2999,61.5,51.049380935806255
3000,61.5,51.049380935806255
3001,61.5,51.07445345001905
3002,61.5,51.108888999386735
3003,61.5,51.14938093580626
3004,61.5,51.14938093580626
3005,61.5,51.14938093580626
3006,63.800000000000004,51.24938093580626
3007,63.800000000000004,51.31604760247292
3008,63.800000000000004,51.31604760247292
3009,63.800000000000004,51.31604760247292
3010,63.800000000000004,51.31604760247292
3011,63.800000000000004,51.37445345001906
3012,63.800000000000004,51.474453450019055
3013,63.800000000000004,51.58791208791209
3014,63.800000000000004,51.74938093580627
3015,63.800000000000004,51.74938093580627
3016,63.800000000000004,51.74938093580627
3017,63.800000000000004,51.94938093580626
3018,63.800000000000004,51.94938093580626
3019,63.800000000000004,51.94938093580626
3020,63.800000000000004,51.94938093580626
3021,63.800000000000004,51.94938093580626
3022,63.800000000000004,51.98791208791209
3023,63.800000000000004,52.14938093580626
3024,63.800000000000004,52.14938093580626
3025,63.800000000000004,52.14938093580628
3026,63.800000000000004,52.216047602472926
3027,63.800000000000004,52.216047602472926
3028,63.800000000000004,52.2319775247377
3029,63.800000000000004,52.25839590273978
3030,63.800000000000004,52.349380935806266
3031,63.800000000000004,52.349380935806266
3032,63.800000000000004,52.349380935806266
3033,63.800000000000004,52.37445345001905
3034,63.800000000000004,52.37445345001905
3035,63.800000000000004,52.387912087912085
3036,63.800000000000004,52.44938093580626
3037,63.800000000000004,52.44938093580626
3038,63.800000000000004,52.53487809324912
3039,63.800000000000004,52.534878093249134
3040,63.800000000000004,52.57445345001905
3041,63.800000000000004,52.57445345001905
3042,63.800000000000004,52.59172923607311
3043,63.800000000000004,52.94938093580626
3044,63.800000000000004,53.13197752473771
3045,63.800000000000004,53.23487809324912
3046,63.800000000000004,53.33487809324913
3047,63.800000000000004,53.38303139796352
3048,63.800000000000004,53.431977524737704
3049,63.800000000000004,53.449380935806275
3050,63.800000000000004,53.51604760247292
3051,63.800000000000004,53.51604760247292
3052,63.800000000000004,53.53197752473771
3053,63.800000000000004,53.549380935806255
3054,63.800000000000004,53.931977524737704
3055,63.800000000000004,54.049380935806255
3056,63.800000000000004,54.07445345001905
3057,63.800000000000004,54.13487809324913
3058,63.800000000000004,54.14938093580626
3059,63.800000000000004,54.216047602472926
3060,63.800000000000004,54.24938093580627
3061,63.800000000000004,54.28791208791209
3062,63.800000000000004,54.474453450019055
3063,63.800000000000004,54.474453450019055
3064,63.800000000000004,54.549380935806255
3065,63.800000000000004,54.549380935806255
3066,63.800000000000004,54.549380935806255
3067,63.800000000000004,54.674453450019044
3068,63.800000000000004,54.74938093580627
3069,63.800000000000004,54.78791208791209
3070,63.800000000000004,54.8359339001873
3071,63.800000000000004,54.931977524737704
3072,63.800000000000004,54.934878093249125
3073,63.800000000000004,54.94112011668571
3074,63.800000000000004,54.94938093580626
3075,63.800000000000004,54.94938093580626
3076,63.800000000000004,54.974453450019055
3077,63.800000000000004,55.00888899938673
3078,63.800000000000004,55.00888899938673
3079,63.800000000000004,55.01604760247292
3080,63.800000000000004,55.01604760247292
3081,63.800000000000004,55.049380935806255
3082,63.800000000000004,55.216047602472926
3083,63.800000000000004,55.216047602472926
3084,63.800000000000004,55.24938093580626
3085,63.800000000000004,55.27445345001907
3086,63.800000000000004,55.44112011668571
3087,63.800000000000004,55.44938093580626
3088,64.2,55.44938093580626
3089,64.2,55.53197752473771
3090,64.2,55.74938093580627
3091,64.2,55.74938093580627
3092,64.2,55.849380935806266
3093,64.2,55.866540699119895
3094,64.2,55.87445345001906
3095,64.2,55.931977524737704
3096,64.2,56.00888899938673
3097,64.2,56.01604760247292
3098,64.2,56.01604760247292
3099,64.2,56.01604760247292
3100,64.2,56.04938093580627
3101,64.2,56.14112011668571
3102,64.2,56.16654069911989
3103,64.2,56.27445345001905
3104,64.2,56.3879120879121
3105,64.2,56.549380935806255
3106,64.2,56.549380935806255
3107,64.2,56.58791208791209
3108,64.2,56.63197752473771
3109,64.2,56.63593390018728
3110,64.2,56.67445345001906
3111,64.2,56.77445345001905
3112,64.2,56.77445345001907
3113,64.2,56.77445345001907
3114,64.2,56.849380935806266
3115,64.2,56.849380935806266
3116,64.2,56.90888899938673
3117,64.2,56.94938093580626
3118,64.2,57.049380935806255
3119,64.2,57.06086718711153
3120,64.2,57.07445345001905
3121,64.2,57.07445345001905
3122,64.2,57.13197752473771
3123,64.2,57.41604760247293
3124,64.2,57.41604760247293
3125,64.2,57.41604760247293
3126,64.2,57.48791208791209
3127,64.2,57.57445345001905
3128,64.2,57.63197752473771
3129,64.2,57.67445345001906
3130,64.2,57.67445345001906
3131,64.2,57.68791208791208
3132,64.2,57.77445345001905
3133,64.2,57.77445345001907
3134,64.2,57.81604760247292
3135,64.2,57.81604760247292
3136,64.2,57.81604760247292
3137,64.2,57.81604760247292
3138,64.2,57.849380935806266
3139,64.2,57.849380935806266
3140,64.2,57.8879120879121
3141,64.2,57.934878093249125
3142,64.2,57.974453450019055
3143,64.2,58.059150050552766
3144,68.10000000000001,58.11604760247292
3145,68.10000000000001,58.11604760247292
3146,68.10000000000001,58.231977524737715
3147,68.10000000000001,58.349380935806266
3148,68.10000000000001,58.44938093580626
3149,68.10000000000001,58.44938093580626
3150,68.10000000000001,58.5319775247377
3151,68.10000000000001,58.54938093580627
3152,68.10000000000001,58.57445345001905
3153,68.10000000000001,58.61604760247292
3154,68.10000000000001,58.61604760247292
3155,68.10000000000001,58.61604760247292
3156,68.10000000000001,58.61604760247292
3157,68.10000000000001,58.64938093580626
3158,68.10000000000001,58.73487809324912
3159,68.10000000000001,58.81604760247292
3160,68.10000000000001,58.849380935806266
3161,68.10000000000001,58.87445345001906
3162,68.10000000000001,58.934878093249125
3163,68.10000000000001,58.94112011668571
3164,68.10000000000001,58.94938093580626
3165,68.10000000000001,58.94938093580626
3166,68.10000000000001,58.94938093580626
3167,68.10000000000001,58.94938093580626
3168,68.10000000000001,58.94938093580626
3169,68.10000000000001,59.00888899938674
3170,68.10000000000001,59.24112011668571
3171,68.10000000000001,59.24112011668571
3172,68.10000000000001,59.28791208791209
3173,68.10000000000001,59.28791208791209
3174,68.10000000000001,59.33197752473771
3175,68.10000000000001,59.341120116685715
3176,68.10000000000001,59.37445345001906
3177,68.10000000000001,59.37445345001906
3178,68.10000000000001,59.44938093580626
3179,68.10000000000001,59.44938093580626
3180,68.10000000000001,59.44938093580626
3181,68.10000000000001,59.48791208791209
3182,68.10000000000001,59.627004016596764
3183,68.10000000000001,59.67445345001906
3184,68.10000000000001,59.73487809324914
3185,68.10000000000001,59.849380935806266
3186,68.10000000000001,59.849380935806266
3187,68.10000000000001,59.849380935806266
3188,68.10000000000001,59.91604760247293
3189,68.10000000000001,59.91604760247293
3190,68.10000000000001,59.91604760247293
3191,68.10000000000001,59.91604760247293
3192,68.10000000000001,59.91604760247293
3193,68.10000000000001,59.91604760247293
3194,68.10000000000001,59.91604760247293
3195,68.10000000000001,59.95839590273978
3196,68.10000000000001,60.108888999386735
3197,68.10000000000001,60.24938093580626
3198,68.10000000000001,60.24938093580626
3199,68.10000000000001,60.24938093580626
3200,68.10000000000001,60.37445345001906
3201,68.10000000000001,60.40888899938673
3202,68.10000000000001,60.53593390018729
3203,68.10000000000001,60.64938093580626
3204,68.10000000000001,60.73487809324914
3205,68.10000000000001,60.974453450019055
3206,68.10000000000001,61.049380935806255
3207,68.10000000000001,61.24938093580627
3208,68.10000000000001,61.24938093580627
3209,68.10000000000001,61.24938093580627
3210,68.10000000000001,61.24938093580627
3211,68.10000000000001,61.291729236073124
3212,68.10000000000001,61.33487809324913
3213,68.10000000000001,61.37445345001906
3214,68.10000000000001,61.37445345001906
3215,68.10000000000001,61.37445345001906
3216,68.10000000000001,61.37445345001906
3217,68.10000000000001,61.431977524737704
3218,68.10000000000001,61.43197752473772
3219,68.10000000000001,61.474453450019055
3220,68.10000000000001,61.50888899938674
3221,68.10000000000001,61.541120116685704
3222,68.10000000000001,61.541120116685704
3223,68.10000000000001,61.54938093580627
3224,68.10000000000001,61.61604760247292
3225,68.10000000000001,61.61604760247292
3226,68.10000000000001,61.61604760247292
3227,68.10000000000001,61.61604760247292
3228,68.10000000000001,61.62181780009835
3229,68.10000000000001,61.64938093580628
3230,68.10000000000001,61.64938093580628
3231,68.10000000000001,61.64938093580628
3232,68.10000000000001,61.64938093580628
3233,77.80000000000001,61.674453450019044
3234,77.80000000000001,61.801544759915785
3235,77.80000000000001,61.887912087912085
3236,77.80000000000001,61.90888899938673
3237,77.80000000000001,61.949380935806275
3238,77.80000000000001,62.01604760247292
3239,77.80000000000001,62.01604760247292
3240,77.80000000000001,62.01604760247292
3241,77.80000000000001,62.01604760247292
3242,77.80000000000001,62.01604760247292
3243,77.80000000000001,62.01604760247292
3244,77.80000000000001,62.01604760247292
3245,77.80000000000001,62.08791208791209
3246,77.80000000000001,62.231977524737715
3247,77.80000000000001,62.24112011668571
3248,77.80000000000001,62.24112011668571
3249,77.80000000000001,62.27445345001905
3250,77.80000000000001,62.52581671721942
3251,77.80000000000001,62.58791208791209
3252,77.80000000000001,62.63197752473771
3253,77.80000000000001,62.64938093580628
3254,77.80000000000001,62.67445345001906
3255,77.80000000000001,62.687912087912096
3256,77.80000000000001,62.716047602472926
3257,77.80000000000001,62.716047602472926
3258,77.80000000000001,62.716047602472926
3259,77.80000000000001,62.716047602472926
3260,77.80000000000001,62.716047602472926
3261,77.80000000000001,62.716047602472926
3262,77.80000000000001,62.841120116685715
3263,77.80000000000001,62.98791208791209
3264,77.80000000000001,63.108888999386735
3265,77.80000000000001,63.13487809324914
3266,77.80000000000001,63.24938093580627
3267,77.80000000000001,63.27445345001907
3268,77.80000000000001,63.31604760247292
3269,77.80000000000001,63.31604760247292
3270,77.80000000000001,63.31604760247292
3271,77.80000000000001,63.31604760247292
3272,77.80000000000001,63.31604760247292
3273,77.80000000000001,63.31604760247292
3274,77.80000000000001,63.37445345001905
3275,77.80000000000001,63.37445345001905
3276,77.80000000000001,63.37445345001905
3277,77.80000000000001,63.37445345001905
3278,77.80000000000001,63.44112011668571
3279,77.80000000000001,63.44938093580626
3280,77.80000000000001,63.54112011668572
3281,77.80000000000001,63.67445345001906
3282,77.80000000000001,63.91604760247293
3283,77.80000000000001,63.91604760247293
3284,77.80000000000001,63.91604760247293
3285,77.80000000000001,63.91604760247293
3286,77.80000000000001,63.91604760247293
3287,77.80000000000001,63.91604760247293
3288,77.80000000000001,63.91604760247293
3289,77.80000000000001,63.91604760247293
3290,77.80000000000001,63.91604760247293
3291,77.80000000000001,63.91604760247293
3292,77.80000000000001,63.91604760247293
3293,77.80000000000001,63.91604760247293
3294,77.80000000000001,63.92076199316018
3295,77.80000000000001,63.931977524737704
3296,77.80000000000001,63.974453450019055
3297,77.80000000000001,63.974453450019055
3298,77.80000000000001,63.98791208791209
3299,77.80000000000001,64.07445345001905
3300,77.80000000000001,64.2411201166857
3301,77.80000000000001,64.24938093580626
3302,77.80000000000001,64.37445345001906
3303,77.80000000000001,64.43487809324913
3304,77.80000000000001,64.44938093580626
3305,77.80000000000001,64.44938093580626
3306,77.80000000000001,64.53197752473771
3307,77.80000000000001,64.64938093580626
3308,77.80000000000001,64.64938093580626
3309,77.80000000000001,64.67445345001904
3310,77.80000000000001,64.67445345001904
3311,77.80000000000001,64.84938093580627
3312,77.80000000000001,64.84938093580627
3313,77.80000000000001,64.84938093580627
3314,77.80000000000001,64.84938093580627
3315,77.80000000000001,64.84938093580627
3316,77.80000000000001,64.84938093580627
3317,77.80000000000001,64.95457875457875
3318,77.80000000000001,65.04938093580625
3319,77.80000000000001,65.04938093580625
3320,77.80000000000001,65.04938093580625
3321,77.80000000000001,65.04938093580625
3322,77.80000000000001,65.04938093580625
3323,77.80000000000001,65.04938093580625
3324,77.80000000000001,65.04938093580625
3325,77.80000000000001,65.04938093580627
3326,77.80000000000001,65.04938093580627
3327,77.80000000000001,65.11604760247292
3328,77.80000000000001,65.11604760247292
3329,77.80000000000001,65.11604760247292
3330,77.86666666666666,65.11604760247292
3331,77.86666666666666,65.11604760247292
3332,77.86666666666666,65.11604760247292
3333,77.86666666666666,65.11604760247292
3334,77.86666666666666,65.11604760247292
3335,77.86666666666666,65.11604760247292
3336,77.86666666666666,65.17445345001906
3337,77.86666666666666,65.17445345001906
3338,77.86666666666666,65.24938093580627
3339,77.86666666666666,65.27445345001905
3340,77.86666666666666,65.31604760247292
3341,77.86666666666666,65.31604760247292
3342,77.86666666666666,65.31604760247292
3343,77.86666666666666,65.31604760247292
3344,77.86666666666666,65.34938093580627
3345,77.86666666666666,65.41604760247293
3346,77.86666666666666,65.41604760247293
3347,77.86666666666666,65.41604760247293
3348,77.86666666666666,65.41604760247293
3349,77.86666666666666,65.41604760247293
3350,77.86666666666666,65.41604760247293
3351,77.86666666666666,65.41604760247293
3352,77.86666666666666,65.41604760247293
3353,77.86666666666666,65.41604760247293
3354,77.86666666666666,65.41604760247293
3355,77.86666666666666,65.41604760247293
3356,77.86666666666666,65.6770987685015
3357,77.86666666666666,65.73593390018729
3358,77.86666666666666,66.04938093580627
3359,77.86666666666666,66.04938093580627
3360,77.86666666666666,66.04938093580627
3361,77.86666666666666,66.04938093580627
3362,77.86666666666666,66.04938093580627
3363,77.86666666666666,66.13215155884838
3364,77.86666666666666,66.28791208791209
3365,77.86666666666666,66.28791208791209
3366,77.86666666666666,66.33197752473771
3367,77.86666666666666,66.68791208791208
3368,77.86666666666666,66.70888899938674
3369,77.86666666666666,66.77445345001907
3370,77.86666666666666,66.79864419140436
3371,77.86666666666666,66.87445345001905
3372,77.86666666666666,66.9319775247377
3373,77.86666666666666,66.97445345001906
3374,77.86666666666666,66.97445345001906
3375,77.86666666666666,67.11604760247292
3376,77.86666666666666,67.11604760247292
3377,77.86666666666666,67.11604760247292
3378,77.86666666666666,67.11604760247292
3379,77.86666666666666,67.11604760247292
3380,77.86666666666666,67.14938093580628
3381,77.86666666666666,67.14938093580628
3382,77.86666666666666,67.14938093580628
3383,77.86666666666666,67.17445345001906
3384,77.86666666666666,67.28791208791209
3385,77.86666666666666,67.29864419140436
3386,77.86666666666666,67.31680175028592
3387,77.86666666666666,67.37445345001906
3388,77.86666666666666,67.3879120879121
3389,77.86666666666666,67.41604760247293
3390,77.86666666666666,67.41604760247293
3391,77.86666666666666,67.41604760247293
3392,77.86666666666666,67.41604760247293
3393,77.86666666666666,67.41604760247293
3394,77.86666666666666,67.41604760247293
3395,77.86666666666666,67.41604760247293
3396,77.86666666666666,67.4319775247377
3397,77.86666666666666,67.44938093580626
3398,77.86666666666666,67.44938093580626
3399,77.86666666666666,67.44938093580626
3400,77.86666666666666,67.44938093580626
3401,77.86666666666666,67.47445345001906
3402,77.86666666666666,67.4755556660534
3403,77.86666666666666,67.54938093580627
3404,77.86666666666666,67.54938093580627
3405,77.86666666666666,67.64112011668571
3406,77.86666666666666,67.68791208791208
3407,77.86666666666666,67.74938093580627
3408,77.86666666666666,67.77445345001905
3409,77.86666666666666,67.77445345001907
3410,77.86666666666666,67.81604760247292
3411,77.86666666666666,67.81604760247292
3412,77.86666666666666,67.81604760247292
3413,77.86666666666666,67.81604760247292
3414,77.86666666666666,67.81604760247292
3415,77.86666666666666,67.81604760247292
3416,77.86666666666666,67.84938093580627
3417,77.86666666666666,67.84938093580627
3418,77.86666666666666,67.84938093580627
3419,77.86666666666666,67.84938093580627
3420,77.86666666666666,67.94938093580626
3421,77.86666666666666,67.94938093580626
3422,77.86666666666666,68.04938093580625
3423,77.86666666666666,68.04938093580625
3424,77.86666666666666,68.04938093580625
3425,77.86666666666666,68.04938093580625
3426,77.86666666666666,68.05457875457874
3427,77.86666666666666,68.37445345001906
3428,77.86666666666666,68.37445345001906
3429,77.86666666666666,68.40888899938673
3430,77.86666666666666,68.44112011668571
3431,77.86666666666666,68.44112011668571
3432,77.86666666666666,68.53197752473771
3433,77.86666666666666,68.73197752473772
3434,77.86666666666666,68.7411201166857
3435,77.86666666666666,68.74938093580627
3436,77.86666666666666,68.74938093580627
3437,77.86666666666666,68.74938093580627
3438,77.86666666666666,68.74938093580627
3439,77.86666666666666,68.74938093580627
3440,77.86666666666666,68.84938093580627
3441,77.86666666666666,69.17445345001904
3442,77.86666666666666,69.17445345001904
3443,77.86666666666666,69.17445345001906
3444,77.86666666666666,69.27445345001905
3445,77.86666666666666,69.27445345001905
3446,77.86666666666666,69.43197752473772
3447,77.86666666666666,69.43197752473772
3448,77.86666666666666,69.44112011668571
3449,77.86666666666666,69.44112011668571
3450,77.86666666666666,69.49864419140437
3451,77.86666666666666,69.50260056685394
3452,77.86666666666666,69.53487809324912
3453,77.86666666666666,69.57445345001905
3454,77.86666666666666,69.87445345001906
3455,77.86666666666666,69.87445345001906
3456,77.86666666666666,69.91604760247293
3457,77.86666666666666,69.91604760247293
3458,77.86666666666666,69.91604760247293
3459,77.86666666666666,69.91604760247293
3460,77.86666666666666,69.91604760247293
3461,77.86666666666666,69.91604760247293
3462,77.86666666666666,69.91604760247293
3463,77.86666666666666,69.91604760247293
3464,77.86666666666666,69.91604760247293
3465,77.86666666666666,69.94938093580626
3466,77.86666666666666,69.94938093580626
3467,77.86666666666666,69.94938093580626
3468,77.86666666666666,69.94938093580626
3469,77.86666666666666,70.14938093580628
3470,77.86666666666666,70.21604760247291
3471,77.86666666666666,70.21604760247291
3472,77.86666666666666,70.21604760247291
3473,77.86666666666666,70.21604760247291
3474,77.86666666666666,70.21604760247291
3475,77.86666666666666,70.24938093580627
3476,77.86666666666666,70.25457875457874
3477,77.86666666666666,70.27445345001905
3478,77.86666666666666,70.27445345001907
3479,77.86666666666666,70.27445345001907
3480,77.86666666666666,70.4319775247377
3481,77.86666666666666,70.44490245802461
3482,77.86666666666666,70.47445345001906
3483,77.86666666666666,70.50888899938673
3484,77.86666666666666,70.54938093580628
3485,77.86666666666666,70.61604760247292
3486,77.86666666666666,70.61604760247292
3487,77.86666666666666,70.61604760247292
3488,77.86666666666666,70.61604760247292
3489,77.86666666666666,70.61604760247292
3490,77.86666666666666,70.61604760247292
3491,77.86666666666666,70.61604760247292
3492,77.86666666666666,70.63487809324913
3493,77.86666666666666,70.84938093580627
3494,77.86666666666666,70.91604760247293
3495,77.86666666666666,70.91604760247293
3496,77.86666666666666,70.91604760247293
3497,77.86666666666666,70.91604760247293
3498,77.86666666666666,70.91604760247293
3499,77.86666666666666,70.92076199316017
3500,77.86666666666666,70.95839590273978
3501,77.86666666666666,71.04938093580628
3502,77.86666666666666,71.07445345001905
3503,77.86666666666666,71.07445345001905
3504,77.86666666666666,71.11604760247292
3505,77.86666666666666,71.11604760247292
3506,77.86666666666666,71.11604760247292
3507,77.86666666666666,71.11604760247292
3508,77.86666666666666,71.11604760247292
3509,77.86666666666666,71.11604760247292
3510,77.86666666666666,71.11604760247292
3511,77.86666666666666,71.11604760247292
3512,77.86666666666666,71.13197752473772
3513,77.86666666666666,71.15839590273977
3514,77.86666666666666,71.20888899938673
3515,77.86666666666666,71.2319775247377
3516,77.86666666666666,71.2319775247377
3517,77.86666666666666,71.2359339001873
3518,77.86666666666666,71.25457875457874
3519,77.86666666666666,71.33487809324913
3520,77.86666666666666,71.41604760247293
3521,77.86666666666666,71.43197752473772
3522,77.86666666666666,71.4359339001873
3523,77.86666666666666,71.44938093580626
3524,77.86666666666666,71.44938093580627
3525,77.86666666666666,71.44938093580627
3526,77.86666666666666,71.44938093580627
3527,77.86666666666666,71.44938093580627
3528,77.86666666666666,71.44938093580627
3529,77.86666666666666,71.44938093580627
3530,77.86666666666666,71.44938093580627
3531,77.86666666666666,71.50506024895165
3532,77.86666666666666,71.64112011668571
3533,77.86666666666666,71.64112011668571
3534,77.86666666666666,71.7411201166857
3535,77.86666666666666,71.74938093580627
3536,77.86666666666666,71.81604760247292
3537,77.86666666666666,71.81604760247292
3538,77.86666666666666,71.81604760247292
3539,77.86666666666666,71.84938093580627
3540,77.86666666666666,71.84938093580627
3541,77.86666666666666,71.84938093580627
3542,77.86666666666666,71.84938093580627
3543,77.86666666666666,71.84938093580627
3544,77.86666666666666,72.24938093580627
3545,77.86666666666666,72.24938093580627
3546,77.86666666666666,72.24938093580627
3547,77.86666666666666,72.24938093580627
3548,77.86666666666666,72.31604760247292
3549,77.86666666666666,72.31604760247292
3550,77.86666666666666,72.31604760247292
3551,77.86666666666666,72.31604760247292
3552,77.86666666666666,72.31604760247292
3553,77.86666666666666,72.31604760247292
3554,77.86666666666666,72.31604760247292
3555,77.86666666666666,72.31604760247292
3556,77.86666666666666,72.34112011668572
3557,77.86666666666666,72.34112011668572
3558,77.86666666666666,72.37445345001906
3559,77.86666666666666,72.64938093580626
3560,77.86666666666666,72.64938093580626
3561,77.86666666666666,72.64938093580626
3562,77.86666666666666,72.64938093580626
3563,77.86666666666666,72.64938093580626
3564,77.86666666666666,72.91604760247293
3565,77.86666666666666,72.91604760247293
3566,77.86666666666666,72.91604760247293
3567,77.86666666666666,72.91604760247293
3568,77.86666666666666,72.91604760247293
3569,77.86666666666666,72.91604760247293
3570,77.86666666666666,72.91604760247293
3571,77.86666666666666,72.91604760247293
3572,77.86666666666666,73.01604760247292
3573,77.86666666666666,73.01604760247292
3574,77.86666666666666,73.14112011668571
3575,77.86666666666666,73.14112011668571
3576,77.86666666666666,73.14938093580628
3577,77.86666666666666,73.14938093580628
3578,77.86666666666666,73.21604760247291
3579,77.86666666666666,73.21604760247291
3580,77.86666666666666,73.21604760247291
3581,77.86666666666666,73.21604760247291
3582,77.86666666666666,73.21604760247291
3583,77.86666666666666,73.21604760247291
3584,77.86666666666666,73.21604760247291
3585,77.86666666666666,73.21604760247291
3586,77.86666666666666,73.23197752473772
3587,77.86666666666666,73.23197752473772
3588,77.86666666666666,73.34112011668572
3589,77.86666666666666,73.34112011668572
3590,77.86666666666666,73.34112011668572
3591,77.86666666666666,73.43487809324913
3592,77.86666666666666,73.4879120879121
3593,77.86666666666666,73.51604760247292
3594,77.86666666666666,73.51604760247292
3595,77.86666666666666,73.57445345001905
3596,77.86666666666666,73.73197752473772
3597,77.86666666666666,73.91604760247293
3598,77.86666666666666,73.94112011668571
3599,77.86666666666666,74.03487809324913
3600,77.86666666666666,74.04112011668572
3601,77.86666666666666,74.14112011668571
3602,77.86666666666666,74.14112011668571
3603,77.86666666666666,74.14112011668571
3604,77.86666666666666,74.14938093580626
3605,77.86666666666666,74.54938093580625
3606,77.86666666666666,74.54938093580625
3607,77.86666666666666,74.61604760247292
3608,77.86666666666666,74.64938093580628
3609,77.86666666666666,74.69864419140437
3610,77.86666666666666,74.71604760247293
3611,77.86666666666666,74.71604760247293
3612,77.86666666666666,74.71604760247293
3613,77.86666666666666,74.71604760247293
3614,77.86666666666666,74.71604760247293
3615,77.86666666666666,74.71604760247293
3616,77.86666666666666,74.74938093580627
3617,77.86666666666666,74.81604760247292
3618,77.86666666666666,74.81604760247292
3619,77.86666666666666,74.81604760247292
3620,77.86666666666666,74.81604760247292
3621,77.86666666666666,74.81604760247292
3622,77.86666666666666,74.81604760247292
3623,77.86666666666666,74.81604760247292
3624,77.86666666666666,74.81604760247292
3625,77.86666666666666,74.81604760247292
3626,77.86666666666666,74.81604760247292
3627,77.86666666666666,74.81604760247292
3628,77.86666666666666,74.81604760247292
3629,77.86666666666666,74.81604760247292
3630,77.86666666666666,74.81604760247292
3631,77.86666666666666,74.81604760247292
3632,77.86666666666666,74.81604760247292
3633,77.86666666666666,74.81604760247292
3634,77.86666666666666,74.81604760247292
3635,77.86666666666666,74.81604760247292
3636,77.86666666666666,74.81604760247292
3637,77.86666666666666,74.81604760247292
3638,77.86666666666666,74.81604760247292
3639,77.86666666666666,74.81604760247292
3640,77.86666666666666,74.88791208791208
3641,77.86666666666666,74.97445345001906
3642,77.86666666666666,74.97445345001906
3643,77.86666666666666,74.97445345001906
3644,77.86666666666666,74.97445345001906
3645,77.86666666666666,75.17445345001904
3646,77.86666666666666,75.18791208791208
3647,77.86666666666666,75.25457875457874
3648,77.86666666666666,75.47445345001906
3649,77.86666666666666,75.47445345001906
3650,77.86666666666666,75.51604760247292
3651,77.86666666666666,75.80154475991579
3652,77.86666666666666,75.94112011668571
3653,77.86666666666666,75.94112011668571
3654,77.86666666666666,75.94112011668571
3655,77.86666666666666,76.01604760247292
3656,77.86666666666666,76.01604760247292
3657,77.86666666666666,76.10154475991578
3658,77.86666666666666,76.2411201166857
3659,77.86666666666666,76.2411201166857
3660,77.86666666666666,76.2411201166857
3661,77.86666666666666,76.54938093580627
3662,77.86666666666666,76.54938093580627
3663,77.86666666666666,76.54938093580627
3664,77.86666666666666,76.54938093580627
3665,77.86666666666666,76.67445345001906
3666,77.86666666666666,76.7411201166857
3667,77.86666666666666,76.91604760247293
3668,77.86666666666666,76.91604760247293
3669,77.86666666666666,76.94112011668571
3670,77.86666666666666,76.97445345001906
3671,77.86666666666666,77.34938093580627
3672,77.86666666666666,77.34938093580627
3673,77.86666666666666,77.34938093580627
3674,77.86666666666666,77.34938093580627
3675,77.86666666666666,77.34938093580627
3676,77.86666666666666,77.41604760247293
3677,77.86666666666666,77.41604760247293
3678,77.86666666666666,77.44938093580626
3679,77.86666666666666,77.44938093580626
3680,77.86666666666666,77.44938093580626
3681,77.86666666666666,77.44938093580626
3682,77.86666666666666,77.44938093580626
3683,77.86666666666666,77.54938093580628
3684,77.86666666666666,77.54938093580628
3685,77.86666666666666,77.57445345001905
3686,77.86666666666666,77.61604760247292
3687,77.86666666666666,77.61604760247292
3688,77.86666666666666,77.61604760247292
3689,77.86666666666666,77.61604760247292
3690,77.86666666666666,77.61604760247292
3691,77.86666666666666,77.61604760247292
3692,77.86666666666666,77.61604760247292
3693,77.86666666666666,77.61604760247292
3694,77.86666666666666,77.61604760247292
3695,77.86666666666666,77.61604760247292
3696,77.86666666666666,77.61604760247292
3697,77.86666666666666,77.61604760247292
3698,77.86666666666666,77.61604760247292
3699,77.86666666666666,77.61604760247292
3700,77.86666666666666,77.61604760247292
3701,77.86666666666666,77.71604760247293
3702,77.86666666666666,77.75457875457874
3703,77.86666666666666,77.86666666666666
3704,77.86666666666666,77.86666666666666
3705,77.86666666666666,77.86666666666666
3706,77.86666666666666,77.86666666666666
3707,77.86666666666666,77.86666666666666
3708,77.86666666666666,77.86666666666666
3709,77.86666666666666,77.86666666666666
3710,77.86666666666666,77.86666666666666
3711,77.86666666666666,77.86666666666666
3712,77.86666666666666,77.86666666666666
3713,77.86666666666666,77.86666666666666
3714,77.86666666666666,77.86666666666666
3715,77.86666666666666,77.86666666666666
3716,77.86666666666666,77.86666666666666
3717,77.86666666666666,77.86666666666666
3718,77.86666666666666,77.86666666666666
3719,77.86666666666666,77.86666666666666
3720,77.86666666666666,77.86666666666666
3721,77.86666666666666,77.86666666666666
3722,77.86666666666666,77.86666666666666
3723,77.86666666666666,77.86666666666666
3724,77.86666666666666,77.86666666666666
3725,77.86666666666666,77.86666666666666
3726,77.86666666666666,77.86666666666666
3727,77.86666666666666,77.86666666666666
3728,77.86666666666666,77.86666666666666
3729,77.86666666666666,77.86666666666666
3730,77.86666666666666,77.86666666666666
3731,77.86666666666666,77.86666666666666
3732,77.86666666666666,77.86666666666666
3733,77.86666666666666,77.86666666666666
3734,77.86666666666666,77.86666666666666
3735,77.86666666666666,77.86666666666666
3736,77.86666666666666,77.86666666666666
3737,77.86666666666666,77.86666666666666
3738,77.86666666666666,77.86666666666666
3739,77.86666666666666,77.86666666666666
3740,77.86666666666666,77.86666666666666
3741,77.86666666666666,77.86666666666666
3742,77.86666666666666,77.86666666666666
3743,77.86666666666666,77.86666666666666
3744,77.86666666666666,77.86666666666666
3745,77.86666666666666,77.86666666666666
3746,77.86666666666666,77.86666666666666
3747,77.86666666666666,77.86666666666666
3748,77.86666666666666,77.86666666666666
3749,77.86666666666666,77.86666666666666
3750,77.86666666666666,77.86666666666666
3751,77.86666666666666,77.86666666666666
3752,77.86666666666666,77.86666666666666
3753,77.86666666666666,77.86666666666666
3754,77.86666666666666,77.86666666666666
3755,77.86666666666666,77.86666666666666
3756,77.86666666666666,77.86666666666666
3757,77.86666666666666,77.86666666666666
3758,77.86666666666666,77.86666666666666
3759,77.86666666666666,77.86666666666666
3760,77.86666666666666,77.86666666666666
3761,77.86666666666666,77.86666666666666
3762,77.86666666666666,77.86666666666666
3763,77.86666666666666,77.86666666666666
3764,77.86666666666666,77.86666666666666
3765,77.86666666666666,77.86666666666666
3766,77.86666666666666,77.86666666666666
3767,77.86666666666666,77.86666666666666
3768,77.86666666666666,77.86666666666666
3769,77.86666666666666,77.86666666666666
3770,77.86666666666666,77.86666666666666
3771,77.86666666666666,77.86666666666666
3772,77.86666666666666,77.86666666666666
3773,77.86666666666666,77.86666666666666
3774,77.86666666666666,77.86666666666666
3775,77.86666666666666,77.86666666666666
3776,77.86666666666666,77.86666666666666
3777,77.86666666666666,77.86666666666666
3778,77.86666666666666,77.86666666666666
3779,77.86666666666666,77.86666666666666
3780,77.86666666666666,77.86666666666666
3781,77.86666666666666,77.86666666666666
3782,77.86666666666666,77.86666666666666
3783,77.86666666666666,77.86666666666666
3784,77.86666666666666,77.86666666666666
3785,77.86666666666666,77.86666666666666
3786,77.86666666666666,77.86666666666666
3787,77.86666666666666,77.86666666666666
3788,77.86666666666666,77.86666666666666
3789,77.86666666666666,77.86666666666666
3790,77.86666666666666,77.86666666666666
3791,77.86666666666666,77.86666666666666
3792,77.86666666666666,77.86666666666666
3793,77.86666666666666,77.86666666666666
3794,77.86666666666666,77.86666666666666
3795,77.86666666666666,77.86666666666666
3796,77.86666666666666,77.86666666666666
3797,77.86666666666666,77.86666666666666
3798,77.86666666666666,77.86666666666666
3799,77.86666666666666,77.86666666666666
3800,77.86666666666666,77.86666666666666
3801,77.86666666666666,77.86666666666666
3802,77.86666666666666,77.86666666666666
3803,77.86666666666666,77.86666666666666
3804,77.86666666666666,77.86666666666666
3805,77.86666666666666,77.86666666666666
3806,77.86666666666666,77.86666666666666
3807,77.86666666666666,77.86666666666666
3808,77.86666666666666,77.86666666666666
3809,77.86666666666666,77.86666666666666
3810,77.86666666666666,77.86666666666666
3811,77.86666666666666,77.86666666666666
3812,77.86666666666666,77.86666666666666
3813,77.86666666666666,77.86666666666666
3814,77.86666666666666,77.86666666666666
3815,77.86666666666666,77.86666666666666
3816,77.86666666666666,77.86666666666666
3817,77.86666666666666,77.86666666666666
3818,77.86666666666666,77.86666666666666
3819,77.86666666666666,77.86666666666666
3820,77.86666666666666,77.86666666666666
3821,77.86666666666666,77.86666666666666
3822,77.86666666666666,77.86666666666666
3823,77.86666666666666,77.86666666666666
3824,77.86666666666666,77.86666666666666
3825,77.86666666666666,77.86666666666666
3826,77.86666666666666,77.86666666666666
3827,77.86666666666666,77.86666666666666
3828,77.86666666666666,77.86666666666666
3829,77.86666666666666,77.86666666666666
3830,77.86666666666666,77.86666666666666
3831,77.86666666666666,77.86666666666666
3832,77.86666666666666,77.86666666666666
3833,77.86666666666666,77.86666666666666
3834,77.86666666666666,77.86666666666666
3835,77.86666666666666,77.86666666666666
3836,77.86666666666666,77.86666666666666
3837,77.86666666666666,77.86666666666666
3838,77.86666666666666,77.86666666666666
3839,77.86666666666666,77.86666666666666
3840,77.86666666666666,77.86666666666666
3841,77.86666666666666,77.86666666666666
3842,77.86666666666666,77.86666666666666
3843,77.86666666666666,77.86666666666666
3844,77.86666666666666,77.86666666666666
3845,77.86666666666666,77.86666666666666
3846,77.86666666666666,77.86666666666666
3847,77.86666666666666,77.86666666666666
3848,77.86666666666666,77.86666666666666
3849,77.86666666666666,77.86666666666666
3850,77.86666666666666,77.86666666666666
3851,77.86666666666666,77.86666666666666
3852,77.86666666666666,77.86666666666666
3853,77.86666666666666,77.86666666666666
3854,77.86666666666666,77.86666666666666
3855,77.86666666666666,77.86666666666666
3856,77.86666666666666,77.86666666666666
3857,77.86666666666666,77.86666666666666
3858,77.86666666666666,77.86666666666666
3859,77.86666666666666,77.86666666666666
3860,77.86666666666666,77.86666666666666
3861,77.86666666666666,77.86666666666666
3862,77.86666666666666,77.86666666666666
3863,77.86666666666666,77.86666666666666
3864,77.86666666666666,77.86666666666666
3865,77.86666666666666,77.86666666666666
3866,77.86666666666666,77.86666666666666
3867,77.86666666666666,77.86666666666666
3868,77.86666666666666,77.86666666666666
3869,77.86666666666666,77.86666666666666
3870,77.86666666666666,77.86666666666666
3871,77.86666666666666,77.86666666666666
3872,77.86666666666666,77.86666666666666
3873,77.86666666666666,77.86666666666666
3874,77.86666666666666,77.86666666666666
3875,77.86666666666666,77.86666666666666
3876,77.86666666666666,77.86666666666666
3877,77.86666666666666,77.86666666666666
3878,77.86666666666666,77.86666666666666
3879,77.86666666666666,77.86666666666666
3880,77.86666666666666,77.86666666666666
3881,77.86666666666666,77.86666666666666
3882,77.86666666666666,77.86666666666666
3883,77.86666666666666,77.86666666666666
3884,77.86666666666666,77.86666666666666
3885,77.86666666666666,77.86666666666666
3886,77.86666666666666,77.86666666666666
3887,77.86666666666666,77.86666666666666
3888,77.86666666666666,77.86666666666666
3889,77.86666666666666,77.86666666666666
3890,77.86666666666666,77.86666666666666
3891,77.86666666666666,77.86666666666666
3892,77.86666666666666,77.86666666666666
3893,77.86666666666666,77.86666666666666
3894,77.86666666666666,77.86666666666666
3895,77.86666666666666,77.86666666666666
3896,77.86666666666666,77.86666666666666
3897,77.86666666666666,77.86666666666666
3898,77.86666666666666,77.86666666666666
3899,77.86666666666666,77.86666666666666
3900,77.86666666666666,77.86666666666666
3901,77.86666666666666,77.86666666666666
3902,77.86666666666666,77.86666666666666
3903,77.86666666666666,77.86666666666666
3904,77.86666666666666,77.86666666666666
3905,77.86666666666666,77.86666666666666
3906,77.86666666666666,77.86666666666666
3907,77.86666666666666,77.86666666666666
3908,77.86666666666666,77.86666666666666
3909,77.86666666666666,77.86666666666666
3910,77.86666666666666,77.86666666666666
3911,77.86666666666666,77.86666666666666
3912,77.86666666666666,77.86666666666666
3913,77.86666666666666,77.86666666666666
3914,77.86666666666666,77.86666666666666
3915,77.86666666666666,77.86666666666666
3916,77.86666666666666,77.86666666666666
3917,77.86666666666666,77.86666666666666
3918,77.86666666666666,77.86666666666666
3919,77.86666666666666,77.86666666666666
3920,77.86666666666666,77.86666666666666
3921,77.86666666666666,77.86666666666666
3922,77.86666666666666,77.86666666666666
3923,77.86666666666666,77.86666666666666
3924,77.86666666666666,77.86666666666666
3925,77.86666666666666,77.86666666666666
3926,77.86666666666666,77.86666666666666
3927,77.86666666666666,77.86666666666666
3928,77.86666666666666,77.86666666666666
3929,77.86666666666666,77.86666666666666
3930,77.86666666666666,77.86666666666666
3931,77.86666666666666,77.86666666666666
3932,77.86666666666666,77.86666666666666
3933,77.86666666666666,77.86666666666666
3934,77.86666666666666,77.86666666666666
3935,77.86666666666666,77.86666666666666
3936,77.86666666666666,77.86666666666666
3937,77.86666666666666,77.86666666666666
3938,77.86666666666666,77.86666666666666
3939,77.86666666666666,77.86666666666666
3940,77.86666666666666,77.86666666666666
3941,77.86666666666666,77.86666666666666
3942,77.86666666666666,77.86666666666666
3943,77.86666666666666,77.86666666666666
3944,77.86666666666666,77.86666666666666
3945,77.86666666666666,77.86666666666666
3946,77.86666666666666,77.86666666666666
3947,77.86666666666666,77.86666666666666
3948,77.86666666666666,77.86666666666666
3949,77.86666666666666,77.86666666666666
3950,77.86666666666666,77.86666666666666
3951,77.86666666666666,77.86666666666666
3952,77.86666666666666,77.86666666666666
3953,77.86666666666666,77.86666666666666
3954,77.86666666666666,77.86666666666666
3955,77.86666666666666,77.86666666666666
3956,77.86666666666666,77.86666666666666
3957,77.86666666666666,77.86666666666666
3958,77.86666666666666,77.86666666666666
3959,77.86666666666666,77.86666666666666
3960,77.86666666666666,77.86666666666666
3961,77.86666666666666,77.86666666666666
3962,77.86666666666666,77.86666666666666
3963,77.86666666666666,77.86666666666666
3964,77.86666666666666,77.86666666666666
3965,77.86666666666666,77.86666666666666
3966,77.86666666666666,77.86666666666666
3967,77.86666666666666,77.86666666666666
3968,77.86666666666666,77.86666666666666
3969,77.86666666666666,77.86666666666666
3970,77.86666666666666,77.86666666666666
3971,77.86666666666666,77.86666666666666
3972,77.86666666666666,77.86666666666666
3973,77.86666666666666,77.86666666666666
3974,77.86666666666666,77.86666666666666
3975,77.86666666666666,77.86666666666666
3976,77.86666666666666,77.86666666666666
3977,77.86666666666666,77.86666666666666
3978,77.86666666666666,77.86666666666666
3979,77.86666666666666,77.86666666666666
3980,77.86666666666666,77.86666666666666
3981,77.86666666666666,77.86666666666666
3982,77.86666666666666,77.86666666666666
3983,77.86666666666666,77.86666666666666
3984,77.86666666666666,77.86666666666666
3985,77.86666666666666,77.86666666666666
3986,77.86666666666666,77.86666666666666
3987,77.86666666666666,77.86666666666666
3988,77.86666666666666,77.86666666666666
3989,77.86666666666666,77.86666666666666
3990,77.86666666666666,77.86666666666666
3991,77.86666666666666,77.86666666666666
3992,77.86666666666666,77.86666666666666
3993,77.86666666666666,77.86666666666666
3994,77.86666666666666,77.86666666666666
3995,77.86666666666666,77.86666666666666
3996,77.86666666666666,77.86666666666666
3997,77.86666666666666,77.86666666666666
3998,77.86666666666666,77.86666666666666
3999,77.86666666666666,77.86666666666666
4000,77.86666666666666,77.86666666666666
4001,77.86666666666666,77.86666666666666
4002,77.86666666666666,77.86666666666666
4003,77.86666666666666,77.86666666666666
4004,77.86666666666666,77.86666666666666
4005,77.86666666666666,77.86666666666666
4006,77.86666666666666,77.86666666666666
4007,77.86666666666666,77.86666666666666
4008,77.86666666666666,77.86666666666666
4009,77.86666666666666,77.86666666666666
4010,77.86666666666666,77.86666666666666
4011,77.86666666666666,77.86666666666666
4012,77.86666666666666,77.86666666666666
4013,77.86666666666666,77.86666666666666
4014,77.86666666666666,77.86666666666666
4015,77.86666666666666,77.86666666666666
4016,77.86666666666666,77.86666666666666
4017,77.86666666666666,77.86666666666666
4018,77.86666666666666,77.86666666666666
4019,77.86666666666666,77.86666666666666
4020,77.86666666666666,77.86666666666666
4021,77.86666666666666,77.86666666666666
4022,77.86666666666666,77.86666666666666
4023,77.86666666666666,77.86666666666666
4024,77.86666666666666,77.86666666666666
4025,77.86666666666666,77.86666666666666
4026,77.86666666666666,77.86666666666666
4027,77.86666666666666,77.86666666666666
4028,77.86666666666666,77.86666666666666
4029,77.86666666666666,77.86666666666666
4030,77.86666666666666,77.86666666666666
4031,77.86666666666666,77.86666666666666
4032,77.86666666666666,77.86666666666666
4033,77.86666666666666,77.86666666666666
4034,77.86666666666666,77.86666666666666
4035,77.86666666666666,77.86666666666666
4036,77.86666666666666,77.86666666666666
4037,77.86666666666666,77.86666666666666
4038,77.86666666666666,77.86666666666666
4039,77.86666666666666,77.86666666666666
4040,77.86666666666666,77.86666666666666
4041,77.86666666666666,77.86666666666666
4042,77.86666666666666,77.86666666666666
4043,77.86666666666666,77.86666666666666
4044,77.86666666666666,77.86666666666666
4045,77.86666666666666,77.86666666666666
4046,77.86666666666666,77.86666666666666
4047,77.86666666666666,77.86666666666666
4048,77.86666666666666,77.86666666666666
4049,77.86666666666666,77.86666666666666
4050,77.86666666666666,77.86666666666666
4051,77.86666666666666,77.86666666666666
4052,77.86666666666666,77.86666666666666
4053,77.86666666666666,77.86666666666666
4054,77.86666666666666,77.86666666666666
4055,77.86666666666666,77.86666666666666
4056,77.86666666666666,77.86666666666666
4057,77.86666666666666,77.86666666666666
4058,77.86666666666666,77.86666666666666
4059,77.86666666666666,77.86666666666666
4060,77.86666666666666,77.86666666666666
4061,77.86666666666666,77.86666666666666
4062,77.86666666666666,77.86666666666666
4063,77.86666666666666,77.86666666666666
4064,77.86666666666666,77.86666666666666
4065,77.86666666666666,77.86666666666666
4066,77.86666666666666,77.86666666666666
4067,77.86666666666666,77.86666666666666
4068,77.86666666666666,77.86666666666666
4069,77.86666666666666,77.86666666666666
4070,77.86666666666666,77.86666666666666
4071,77.86666666666666,77.86666666666666
4072,77.86666666666666,77.86666666666666
4073,77.86666666666666,77.86666666666666
4074,77.86666666666666,77.86666666666666
4075,77.86666666666666,77.86666666666666
4076,77.86666666666666,77.86666666666666
4077,77.86666666666666,77.86666666666666
4078,77.86666666666666,77.86666666666666
4079,77.86666666666666,77.86666666666666
4080,77.86666666666666,77.86666666666666
4081,77.86666666666666,77.86666666666666
4082,77.86666666666666,77.86666666666666
4083,77.86666666666666,77.86666666666666
4084,77.86666666666666,77.86666666666666
4085,77.86666666666666,77.86666666666666
4086,77.86666666666666,77.86666666666666
4087,77.86666666666666,77.86666666666666
4088,77.86666666666666,77.86666666666666
4089,77.86666666666666,77.86666666666666
4090,77.86666666666666,77.86666666666666
4091,77.86666666666666,77.86666666666666
4092,77.86666666666666,77.86666666666666
4093,77.86666666666666,77.86666666666666
4094,77.86666666666666,77.86666666666666
4095,77.86666666666666,77.86666666666666
4096,77.86666666666666,77.86666666666666
4097,77.86666666666666,77.86666666666666
4098,77.86666666666666,77.86666666666666
4099,77.86666666666666,77.86666666666666
4100,77.86666666666666,77.86666666666666
4101,77.86666666666666,77.86666666666666
4102,77.86666666666666,77.86666666666666
4103,77.86666666666666,77.86666666666666
4104,77.86666666666666,77.86666666666666
4105,77.86666666666666,77.86666666666666
4106,77.86666666666666,77.86666666666666
4107,77.86666666666666,77.86666666666666
4108,77.86666666666666,77.86666666666666
4109,77.86666666666666,77.86666666666666
4110,77.86666666666666,77.86666666666666
4111,77.86666666666666,77.86666666666666
4112,77.86666666666666,77.86666666666666
4113,77.86666666666666,77.86666666666666
4114,77.86666666666666,77.86666666666666
4115,77.86666666666666,77.86666666666666
4116,77.86666666666666,77.86666666666666
4117,77.86666666666666,77.86666666666666
4118,77.86666666666666,77.86666666666666
4119,77.86666666666666,77.86666666666666
4120,77.86666666666666,77.86666666666666
4121,77.86666666666666,77.86666666666666
4122,77.86666666666666,77.86666666666666
4123,77.86666666666666,77.86666666666666
4124,77.86666666666666,77.86666666666666
4125,77.86666666666666,77.86666666666666
4126,77.86666666666666,77.86666666666666
4127,77.86666666666666,77.86666666666666
4128,77.86666666666666,77.86666666666666
4129,77.86666666666666,77.86666666666666
4130,77.86666666666666,77.86666666666666
4131,77.86666666666666,77.86666666666666
4132,77.86666666666666,77.86666666666666
4133,77.86666666666666,77.86666666666666
4134,77.86666666666666,77.86666666666666
4135,77.86666666666666,77.86666666666666
4136,77.86666666666666,77.86666666666666
4137,77.86666666666666,77.86666666666666
4138,77.86666666666666,77.86666666666666
4139,77.86666666666666,77.86666666666666
4140,77.86666666666666,77.86666666666666
4141,77.86666666666666,77.86666666666666
4142,77.86666666666666,77.86666666666666
4143,77.86666666666666,77.86666666666666
4144,77.86666666666666,77.86666666666666
4145,77.86666666666666,77.86666666666666
4146,77.86666666666666,77.86666666666666
4147,77.86666666666666,77.86666666666666
4148,77.86666666666666,77.86666666666666
4149,77.86666666666666,77.86666666666666
4150,77.86666666666666,77.86666666666666
4151,77.86666666666666,77.86666666666666
4152,77.86666666666666,77.86666666666666
4153,77.86666666666666,77.86666666666666
4154,77.86666666666666,77.86666666666666
4155,77.86666666666666,77.86666666666666
4156,77.86666666666666,77.86666666666666
4157,77.86666666666666,77.86666666666666
4158,77.86666666666666,77.86666666666666
4159,77.86666666666666,77.86666666666666
4160,77.86666666666666,77.86666666666666
4161,77.86666666666666,77.86666666666666
4162,77.86666666666666,77.86666666666666
4163,77.86666666666666,77.86666666666666
4164,77.86666666666666,77.86666666666666
4165,77.86666666666666,77.86666666666666
4166,77.86666666666666,77.86666666666666
4167,77.86666666666666,77.86666666666666
4168,77.86666666666666,77.86666666666666
4169,77.86666666666666,77.86666666666666
4170,77.86666666666666,77.86666666666666
4171,77.86666666666666,77.86666666666666
4172,77.86666666666666,77.86666666666666
4173,77.86666666666666,77.86666666666666
4174,77.86666666666666,77.86666666666666
4175,77.86666666666666,77.86666666666666
4176,77.86666666666666,77.86666666666666
4177,77.86666666666666,77.86666666666666
4178,77.86666666666666,77.86666666666666
4179,77.86666666666666,77.86666666666666
4180,77.86666666666666,77.86666666666666
4181,77.86666666666666,77.86666666666666
4182,77.86666666666666,77.86666666666666
4183,77.86666666666666,77.86666666666666
4184,77.86666666666666,77.86666666666666
4185,77.86666666666666,77.86666666666666
4186,77.86666666666666,77.86666666666666
4187,77.86666666666666,77.86666666666666
4188,77.86666666666666,77.86666666666666
4189,77.86666666666666,77.86666666666666
4190,77.86666666666666,77.86666666666666
4191,77.86666666666666,77.86666666666666
4192,77.86666666666666,77.86666666666666
4193,77.86666666666666,77.86666666666666
4194,77.86666666666666,77.86666666666666
4195,77.86666666666666,77.86666666666666
4196,77.86666666666666,77.86666666666666
4197,77.86666666666666,77.86666666666666
4198,77.86666666666666,77.86666666666666
4199,77.86666666666666,77.86666666666666
4200,77.86666666666666,77.86666666666666
4201,77.86666666666666,77.86666666666666
4202,77.86666666666666,77.86666666666666
4203,77.86666666666666,77.86666666666666
4204,77.86666666666666,77.86666666666666
4205,77.86666666666666,77.86666666666666
4206,77.86666666666666,77.86666666666666
4207,77.86666666666666,77.86666666666666
4208,77.86666666666666,77.86666666666666
4209,77.86666666666666,77.86666666666666
4210,77.86666666666666,77.86666666666666
4211,77.86666666666666,77.86666666666666
4212,77.86666666666666,77.86666666666666
4213,77.86666666666666,77.86666666666666
4214,77.86666666666666,77.86666666666666
4215,77.86666666666666,77.86666666666666
4216,77.86666666666666,77.86666666666666
4217,77.86666666666666,77.86666666666666
4218,77.86666666666666,77.86666666666666
4219,77.86666666666666,77.86666666666666
4220,77.86666666666666,77.86666666666666
4221,77.86666666666666,77.86666666666666
4222,77.86666666666666,77.86666666666666
4223,77.86666666666666,77.86666666666666
4224,77.86666666666666,77.86666666666666
4225,77.86666666666666,77.86666666666666
4226,77.86666666666666,77.86666666666666
4227,77.86666666666666,77.86666666666666
4228,77.86666666666666,77.86666666666666
4229,77.86666666666666,77.86666666666666
4230,77.86666666666666,77.86666666666666
4231,77.86666666666666,77.86666666666666
4232,77.86666666666666,77.86666666666666
4233,77.86666666666666,77.86666666666666
4234,77.86666666666666,77.86666666666666
4235,77.86666666666666,77.86666666666666
4236,77.86666666666666,77.86666666666666
4237,77.86666666666666,77.86666666666666
4238,77.86666666666666,77.86666666666666
4239,77.86666666666666,77.86666666666666
4240,77.86666666666666,77.86666666666666
4241,77.86666666666666,77.86666666666666
4242,77.86666666666666,77.86666666666666
4243,77.86666666666666,77.86666666666666
4244,77.86666666666666,77.86666666666666
4245,77.86666666666666,77.86666666666666
4246,77.86666666666666,77.86666666666666
4247,77.86666666666666,77.86666666666666
4248,77.86666666666666,77.86666666666666
4249,77.86666666666666,77.86666666666666
4250,77.86666666666666,77.86666666666666
4251,77.86666666666666,77.86666666666666
4252,77.86666666666666,77.86666666666666
4253,77.86666666666666,77.86666666666666
4254,77.86666666666666,77.86666666666666
4255,77.86666666666666,77.86666666666666
4256,77.86666666666666,77.86666666666666
4257,77.86666666666666,77.86666666666666
4258,77.86666666666666,77.86666666666666
4259,77.86666666666666,77.86666666666666
4260,77.86666666666666,77.86666666666666
4261,77.86666666666666,77.86666666666666
4262,77.86666666666666,77.86666666666666
4263,77.86666666666666,77.86666666666666
4264,77.86666666666666,77.86666666666666
4265,77.86666666666666,77.86666666666666
4266,77.86666666666666,77.86666666666666
4267,77.86666666666666,77.86666666666666
4268,77.86666666666666,77.86666666666666
4269,77.86666666666666,77.86666666666666
4270,77.86666666666666,77.86666666666666
4271,77.86666666666666,77.86666666666666
4272,77.86666666666666,77.86666666666666
4273,77.86666666666666,77.86666666666666
4274,77.86666666666666,77.86666666666666
4275,77.86666666666666,77.86666666666666
4276,77.86666666666666,77.86666666666666
4277,77.86666666666666,77.86666666666666
4278,77.86666666666666,77.86666666666666
4279,77.86666666666666,77.86666666666666
4280,77.86666666666666,77.86666666666666
4281,77.86666666666666,77.86666666666666
4282,77.86666666666666,77.86666666666666
4283,77.86666666666666,77.86666666666666
4284,77.86666666666666,77.86666666666666
4285,77.86666666666666,77.86666666666666
4286,77.86666666666666,77.86666666666666
4287,77.86666666666666,77.86666666666666
4288,77.86666666666666,77.86666666666666
4289,77.86666666666666,77.86666666666666
4290,77.86666666666666,77.86666666666666
4291,77.86666666666666,77.86666666666666
4292,77.86666666666666,77.86666666666666
4293,77.86666666666666,77.86666666666666
4294,77.86666666666666,77.86666666666666
4295,77.86666666666666,77.86666666666666
4296,77.86666666666666,77.86666666666666
4297,77.86666666666666,77.86666666666666
4298,77.86666666666666,77.86666666666666
4299,77.86666666666666,77.86666666666666
4300,77.86666666666666,77.86666666666666
4301,77.86666666666666,77.86666666666666
4302,77.86666666666666,77.86666666666666
4303,77.86666666666666,77.86666666666666
4304,77.86666666666666,77.86666666666666
4305,77.86666666666666,77.86666666666666
4306,77.86666666666666,77.86666666666666
4307,77.86666666666666,77.86666666666666
4308,77.86666666666666,77.86666666666666
4309,77.86666666666666,77.86666666666666
4310,77.86666666666666,77.86666666666666
4311,77.86666666666666,77.86666666666666
4312,77.86666666666666,77.86666666666666
4313,77.86666666666666,77.86666666666666
4314,77.86666666666666,77.86666666666666
4315,77.86666666666666,77.86666666666666
4316,77.86666666666666,77.86666666666666
4317,77.86666666666666,77.86666666666666
4318,77.86666666666666,77.86666666666666
4319,77.86666666666666,77.86666666666666
4320,77.86666666666666,77.86666666666666
4321,77.86666666666666,77.86666666666666
4322,77.86666666666666,77.86666666666666
4323,77.86666666666666,77.86666666666666
4324,77.86666666666666,77.86666666666666
4325,77.86666666666666,77.86666666666666
4326,77.86666666666666,77.86666666666666
4327,77.86666666666666,77.86666666666666
4328,77.86666666666666,77.86666666666666
4329,77.86666666666666,77.86666666666666
4330,77.86666666666666,77.86666666666666
4331,77.86666666666666,77.86666666666666
4332,77.86666666666666,77.86666666666666
4333,77.86666666666666,77.86666666666666
4334,77.86666666666666,77.86666666666666
4335,77.86666666666666,77.86666666666666
4336,77.86666666666666,77.86666666666666
4337,77.86666666666666,77.86666666666666
4338,77.86666666666666,77.86666666666666
4339,77.86666666666666,77.86666666666666
4340,77.86666666666666,77.86666666666666
4341,77.86666666666666,77.86666666666666
4342,77.86666666666666,77.86666666666666
4343,77.86666666666666,77.86666666666666
4344,77.86666666666666,77.86666666666666
4345,77.86666666666666,77.86666666666666
4346,77.86666666666666,77.86666666666666
4347,77.86666666666666,77.86666666666666
4348,77.86666666666666,77.86666666666666
4349,77.86666666666666,77.86666666666666
4350,77.86666666666666,77.86666666666666
4351,77.86666666666666,77.86666666666666
4352,77.86666666666666,77.86666666666666
4353,77.86666666666666,77.86666666666666
4354,77.86666666666666,77.86666666666666
4355,77.86666666666666,77.86666666666666
4356,77.86666666666666,77.86666666666666
4357,77.86666666666666,77.86666666666666
4358,77.86666666666666,77.86666666666666
4359,77.86666666666666,77.86666666666666
4360,77.86666666666666,77.86666666666666
4361,77.86666666666666,77.86666666666666
4362,77.86666666666666,77.86666666666666
4363,77.86666666666666,77.86666666666666
4364,77.86666666666666,77.86666666666666
4365,77.86666666666666,77.86666666666666
4366,77.86666666666666,77.86666666666666
4367,77.86666666666666,77.86666666666666
4368,77.86666666666666,77.86666666666666
4369,77.86666666666666,77.86666666666666
4370,77.86666666666666,77.86666666666666
4371,77.86666666666666,77.86666666666666
4372,77.86666666666666,77.86666666666666
4373,77.86666666666666,77.86666666666666
4374,77.86666666666666,77.86666666666666
4375,77.86666666666666,77.86666666666666
4376,77.86666666666666,77.86666666666666
4377,77.86666666666666,77.86666666666666
4378,77.86666666666666,77.86666666666666
4379,77.86666666666666,77.86666666666666
4380,77.86666666666666,77.86666666666666
4381,77.86666666666666,77.86666666666666
4382,77.86666666666666,77.86666666666666
4383,77.86666666666666,77.86666666666666
4384,77.86666666666666,77.86666666666666
4385,77.86666666666666,77.86666666666666
4386,77.86666666666666,77.86666666666666
4387,77.86666666666666,77.86666666666666
4388,77.86666666666666,77.86666666666666
4389,77.86666666666666,77.86666666666666
4390,77.86666666666666,77.86666666666666
4391,77.86666666666666,77.86666666666666
4392,77.86666666666666,77.86666666666666
4393,77.86666666666666,77.86666666666666
4394,77.86666666666666,77.86666666666666
4395,77.86666666666666,77.86666666666666
4396,77.86666666666666,77.86666666666666
4397,77.86666666666666,77.86666666666666
4398,77.86666666666666,77.86666666666666
4399,77.86666666666666,77.86666666666666
4400,77.86666666666666,77.86666666666666
4401,77.86666666666666,77.86666666666666
4402,77.86666666666666,77.86666666666666
4403,77.86666666666666,77.86666666666666
4404,77.86666666666666,77.86666666666666
4405,77.86666666666666,77.86666666666666
4406,77.86666666666666,77.86666666666666
4407,77.86666666666666,77.86666666666666
4408,77.86666666666666,77.86666666666666
4409,77.86666666666666,77.86666666666666
4410,77.86666666666666,77.86666666666666
4411,77.86666666666666,77.86666666666666
4412,77.86666666666666,77.86666666666666
4413,77.86666666666666,77.86666666666666
4414,77.86666666666666,77.86666666666666
4415,77.86666666666666,77.86666666666666
4416,77.86666666666666,77.86666666666666
4417,77.86666666666666,77.86666666666666
4418,77.86666666666666,77.86666666666666
4419,77.86666666666666,77.86666666666666
4420,77.86666666666666,77.86666666666666
4421,77.86666666666666,77.86666666666666
4422,77.86666666666666,77.86666666666666
4423,77.86666666666666,77.86666666666666
4424,77.86666666666666,77.86666666666666
4425,77.86666666666666,77.86666666666666
4426,77.86666666666666,77.86666666666666
4427,77.86666666666666,77.86666666666666
4428,77.86666666666666,77.86666666666666
4429,77.86666666666666,77.86666666666666
4430,77.86666666666666,77.86666666666666
4431,77.86666666666666,77.86666666666666
4432,77.86666666666666,77.86666666666666
4433,77.86666666666666,77.86666666666666
4434,77.86666666666666,77.86666666666666
4435,77.86666666666666,77.86666666666666
4436,77.86666666666666,77.86666666666666
4437,77.86666666666666,77.86666666666666
4438,77.86666666666666,77.86666666666666
4439,77.86666666666666,77.86666666666666
4440,77.86666666666666,77.86666666666666
4441,77.86666666666666,77.86666666666666
4442,77.86666666666666,77.86666666666666
4443,77.86666666666666,77.86666666666666
4444,77.86666666666666,77.86666666666666
4445,77.86666666666666,77.86666666666666
4446,77.86666666666666,77.86666666666666
4447,77.86666666666666,77.86666666666666
4448,77.86666666666666,77.86666666666666
4449,77.86666666666666,77.86666666666666
4450,77.86666666666666,77.86666666666666
4451,77.86666666666666,77.86666666666666
4452,77.86666666666666,77.86666666666666
4453,77.86666666666666,77.86666666666666
4454,77.86666666666666,77.86666666666666
4455,77.86666666666666,77.86666666666666
4456,77.86666666666666,77.86666666666666
4457,77.86666666666666,77.86666666666666
4458,77.86666666666666,77.86666666666666
4459,77.86666666666666,77.86666666666666
4460,77.86666666666666,77.86666666666666
4461,77.86666666666666,77.86666666666666
4462,77.86666666666666,77.86666666666666
4463,77.86666666666666,77.86666666666666
4464,77.86666666666666,77.86666666666666
4465,77.86666666666666,77.86666666666666
4466,77.86666666666666,77.86666666666666
4467,77.86666666666666,77.86666666666666
4468,77.86666666666666,77.86666666666666
4469,77.86666666666666,77.86666666666666
4470,77.86666666666666,77.86666666666666
4471,77.86666666666666,77.86666666666666
4472,77.86666666666666,77.86666666666666
4473,77.86666666666666,77.86666666666666
4474,77.86666666666666,77.86666666666666
4475,77.86666666666666,77.86666666666666
4476,77.86666666666666,77.86666666666666
4477,77.86666666666666,77.86666666666666
4478,77.86666666666666,77.86666666666666
4479,77.86666666666666,77.86666666666666
4480,77.86666666666666,77.86666666666666
4481,77.86666666666666,77.86666666666666
4482,77.86666666666666,77.86666666666666
4483,77.86666666666666,77.86666666666666
4484,77.86666666666666,77.86666666666666
4485,77.86666666666666,77.86666666666666
4486,77.86666666666666,77.86666666666666
4487,77.86666666666666,77.86666666666666
4488,77.86666666666666,77.86666666666666
4489,77.86666666666666,77.86666666666666
4490,77.86666666666666,77.86666666666666
4491,77.86666666666666,77.86666666666666
4492,77.86666666666666,77.86666666666666
4493,77.86666666666666,77.86666666666666
4494,77.86666666666666,77.86666666666666
4495,77.86666666666666,77.86666666666666
4496,77.86666666666666,77.86666666666666
4497,77.86666666666666,77.86666666666666
4498,77.86666666666666,77.86666666666666
4499,77.86666666666666,77.86666666666666
4500,77.86666666666666,77.86666666666666
4501,77.86666666666666,77.86666666666666
4502,77.86666666666666,77.86666666666666
4503,77.86666666666666,77.86666666666666
4504,77.86666666666666,77.86666666666666
4505,77.86666666666666,77.86666666666666
4506,77.86666666666666,77.86666666666666
4507,77.86666666666666,77.86666666666666
4508,77.86666666666666,77.86666666666666
4509,77.86666666666666,77.86666666666666
4510,77.86666666666666,77.86666666666666
4511,77.86666666666666,77.86666666666666
4512,77.86666666666666,77.86666666666666
4513,77.86666666666666,77.86666666666666
4514,77.86666666666666,77.86666666666666
4515,77.86666666666666,77.86666666666666
4516,77.86666666666666,77.86666666666666
4517,77.86666666666666,77.86666666666666
4518,77.86666666666666,77.86666666666666
4519,77.86666666666666,77.86666666666666
4520,77.86666666666666,77.86666666666666
4521,77.86666666666666,77.86666666666666
4522,77.86666666666666,77.86666666666666
4523,77.86666666666666,77.86666666666666
4524,77.86666666666666,77.86666666666666
4525,77.86666666666666,77.86666666666666
4526,77.86666666666666,77.86666666666666
4527,77.86666666666666,77.86666666666666
4528,77.86666666666666,77.86666666666666
4529,77.86666666666666,77.86666666666666
4530,77.86666666666666,77.86666666666666
4531,77.86666666666666,77.86666666666666
4532,77.86666666666666,77.86666666666666
4533,77.86666666666666,77.86666666666666
4534,77.86666666666666,77.86666666666666
4535,77.86666666666666,77.86666666666666
4536,77.86666666666666,77.86666666666666
4537,77.86666666666666,77.86666666666666
4538,77.86666666666666,77.86666666666666
4539,77.86666666666666,77.86666666666666
4540,77.86666666666666,77.86666666666666
4541,77.86666666666666,77.86666666666666
4542,77.86666666666666,77.86666666666666
4543,77.86666666666666,77.86666666666666
4544,77.86666666666666,77.86666666666666
4545,77.86666666666666,77.86666666666666
4546,77.86666666666666,77.86666666666666
4547,77.86666666666666,77.86666666666666
4548,77.86666666666666,77.86666666666666
4549,77.86666666666666,77.86666666666666
4550,77.86666666666666,77.86666666666666
4551,77.86666666666666,77.86666666666666
4552,77.86666666666666,77.86666666666666
4553,77.86666666666666,77.86666666666666
4554,77.86666666666666,77.86666666666666
4555,77.86666666666666,77.86666666666666
4556,77.86666666666666,77.86666666666666
4557,77.86666666666666,77.86666666666666
4558,77.86666666666666,77.86666666666666
4559,77.86666666666666,77.86666666666666
4560,77.86666666666666,77.86666666666666
4561,77.86666666666666,77.86666666666666
4562,77.86666666666666,77.86666666666666
4563,77.86666666666666,77.86666666666666
4564,77.86666666666666,77.86666666666666
4565,77.86666666666666,77.86666666666666
4566,77.86666666666666,77.86666666666666
4567,77.86666666666666,77.86666666666666
4568,77.86666666666666,77.86666666666666
4569,77.86666666666666,77.86666666666666
4570,77.86666666666666,77.86666666666666
4571,77.86666666666666,77.86666666666666
4572,77.86666666666666,77.86666666666666
4573,77.86666666666666,77.86666666666666
4574,77.86666666666666,77.86666666666666
4575,77.86666666666666,77.86666666666666
4576,77.86666666666666,77.86666666666666
4577,77.86666666666666,77.86666666666666
4578,77.86666666666666,77.86666666666666
4579,77.86666666666666,77.86666666666666
4580,77.86666666666666,77.86666666666666
4581,77.86666666666666,77.86666666666666
4582,77.86666666666666,77.86666666666666
4583,77.86666666666666,77.86666666666666
4584,77.86666666666666,77.86666666666666
4585,77.86666666666666,77.86666666666666
4586,77.86666666666666,77.86666666666666
4587,77.86666666666666,77.86666666666666
4588,77.86666666666666,77.86666666666666
4589,77.86666666666666,77.86666666666666
4590,77.86666666666666,77.86666666666666
4591,77.86666666666666,77.86666666666666
4592,77.86666666666666,77.86666666666666
4593,77.86666666666666,77.86666666666666
4594,77.86666666666666,77.86666666666666
4595,77.86666666666666,77.86666666666666
4596,77.86666666666666,77.86666666666666
4597,77.86666666666666,77.86666666666666
4598,77.86666666666666,77.86666666666666
4599,77.86666666666666,77.86666666666666
4600,77.86666666666666,77.86666666666666
4601,77.86666666666666,77.86666666666666
4602,77.86666666666666,77.86666666666666
4603,77.86666666666666,77.86666666666666
4604,77.86666666666666,77.86666666666666
4605,77.86666666666666,77.86666666666666
4606,77.86666666666666,77.86666666666666
4607,77.86666666666666,77.86666666666666
4608,77.86666666666666,77.86666666666666
4609,77.86666666666666,77.86666666666666
4610,77.86666666666666,77.86666666666666
4611,77.86666666666666,77.86666666666666
4612,77.86666666666666,77.86666666666666
4613,77.86666666666666,77.86666666666666
4614,77.86666666666666,77.86666666666666
4615,77.86666666666666,77.86666666666666
4616,77.86666666666666,77.86666666666666
4617,77.86666666666666,77.86666666666666
4618,77.86666666666666,77.86666666666666
4619,77.86666666666666,77.86666666666666
4620,77.86666666666666,77.86666666666666
4621,77.86666666666666,77.86666666666666
4622,77.86666666666666,77.86666666666666
4623,77.86666666666666,77.86666666666666
4624,77.86666666666666,77.86666666666666
4625,77.86666666666666,77.86666666666666
4626,77.86666666666666,77.86666666666666
4627,77.86666666666666,77.86666666666666
4628,77.86666666666666,77.86666666666666
4629,77.86666666666666,77.86666666666666
4630,77.86666666666666,77.86666666666666
4631,77.86666666666666,77.86666666666666
4632,77.86666666666666,77.86666666666666
4633,77.86666666666666,77.86666666666666
4634,77.86666666666666,77.86666666666666
4635,77.86666666666666,77.86666666666666
4636,77.86666666666666,77.86666666666666
4637,77.86666666666666,77.86666666666666
4638,77.86666666666666,77.86666666666666
4639,77.86666666666666,77.86666666666666
4640,77.86666666666666,77.86666666666666
4641,77.86666666666666,77.86666666666666
4642,77.86666666666666,77.86666666666666
4643,77.86666666666666,77.86666666666666
4644,77.86666666666666,77.86666666666666
4645,77.86666666666666,77.86666666666666
4646,77.86666666666666,77.86666666666666
4647,77.86666666666666,77.86666666666666
4648,77.86666666666666,77.86666666666666
4649,77.86666666666666,77.86666666666666
4650,77.86666666666666,77.86666666666666
4651,77.86666666666666,77.86666666666666
4652,77.86666666666666,77.86666666666666
4653,77.86666666666666,77.86666666666666
4654,77.86666666666666,77.86666666666666
4655,77.86666666666666,77.86666666666666
4656,77.86666666666666,77.86666666666666
4657,77.86666666666666,77.86666666666666
4658,77.86666666666666,77.86666666666666
4659,77.86666666666666,77.86666666666666
4660,77.86666666666666,77.86666666666666
4661,77.86666666666666,77.86666666666666
4662,77.86666666666666,77.86666666666666
4663,77.86666666666666,77.86666666666666
4664,77.86666666666666,77.86666666666666
4665,77.86666666666666,77.86666666666666
4666,77.86666666666666,77.86666666666666
4667,77.86666666666666,77.86666666666666
4668,77.86666666666666,77.86666666666666
4669,77.86666666666666,77.86666666666666
4670,77.86666666666666,77.86666666666666
4671,77.86666666666666,77.86666666666666
4672,77.86666666666666,77.86666666666666
4673,77.86666666666666,77.86666666666666
4674,77.86666666666666,77.86666666666666
4675,77.86666666666666,77.86666666666666
4676,77.86666666666666,77.86666666666666
4677,77.86666666666666,77.86666666666666
4678,77.86666666666666,77.86666666666666
4679,77.86666666666666,77.86666666666666
4680,77.86666666666666,77.86666666666666
4681,77.86666666666666,77.86666666666666
4682,77.86666666666666,77.86666666666666
4683,77.86666666666666,77.86666666666666
4684,77.86666666666666,77.86666666666666
4685,77.86666666666666,77.86666666666666
4686,77.86666666666666,77.86666666666666
4687,77.86666666666666,77.86666666666666
4688,77.86666666666666,77.86666666666666
4689,77.86666666666666,77.86666666666666
4690,77.86666666666666,77.86666666666666
4691,77.86666666666666,77.86666666666666
4692,77.86666666666666,77.86666666666666
4693,77.86666666666666,77.86666666666666
4694,77.86666666666666,77.86666666666666
4695,77.86666666666666,77.86666666666666
4696,77.86666666666666,77.86666666666666
4697,77.86666666666666,77.86666666666666
4698,77.86666666666666,77.86666666666666
4699,77.86666666666666,77.86666666666666
4700,77.86666666666666,77.86666666666666
4701,77.86666666666666,77.86666666666666
4702,77.86666666666666,77.86666666666666
4703,77.86666666666666,77.86666666666666
4704,77.86666666666666,77.86666666666666
4705,77.86666666666666,77.86666666666666
4706,77.86666666666666,77.86666666666666
4707,77.86666666666666,77.86666666666666
4708,77.86666666666666,77.86666666666666
4709,77.86666666666666,77.86666666666666
4710,77.86666666666666,77.86666666666666
4711,77.86666666666666,77.86666666666666
4712,77.86666666666666,77.86666666666666
4713,77.86666666666666,77.86666666666666
4714,77.86666666666666,77.86666666666666
4715,77.86666666666666,77.86666666666666
4716,77.86666666666666,77.86666666666666
4717,77.86666666666666,77.86666666666666
4718,77.86666666666666,77.86666666666666
4719,77.86666666666666,77.86666666666666
4720,77.86666666666666,77.86666666666666
4721,77.86666666666666,77.86666666666666
4722,77.86666666666666,77.86666666666666
4723,77.86666666666666,77.86666666666666
4724,77.86666666666666,77.86666666666666
4725,77.86666666666666,77.86666666666666
4726,77.86666666666666,77.86666666666666
4727,77.86666666666666,77.86666666666666
4728,77.86666666666666,77.86666666666666
4729,77.86666666666666,77.86666666666666
4730,77.86666666666666,77.86666666666666
4731,77.86666666666666,77.86666666666666
4732,77.86666666666666,77.86666666666666
4733,77.86666666666666,77.86666666666666
4734,77.86666666666666,77.86666666666666
4735,77.86666666666666,77.86666666666666
4736,77.86666666666666,77.86666666666666
4737,77.86666666666666,77.86666666666666
4738,77.86666666666666,77.86666666666666
4739,77.86666666666666,77.86666666666666
4740,77.86666666666666,77.86666666666666
4741,77.86666666666666,77.86666666666666
4742,77.86666666666666,77.86666666666666
4743,77.86666666666666,77.86666666666666
4744,77.86666666666666,77.86666666666666
4745,77.86666666666666,77.86666666666666
4746,77.86666666666666,77.86666666666666
4747,77.86666666666666,77.86666666666666
4748,77.86666666666666,77.86666666666666
4749,77.86666666666666,77.86666666666666
4750,77.86666666666666,77.86666666666666
4751,77.86666666666666,77.86666666666666
4752,77.86666666666666,77.86666666666666
4753,77.86666666666666,77.86666666666666
4754,77.86666666666666,77.86666666666666
4755,77.86666666666666,77.86666666666666
4756,77.86666666666666,77.86666666666666
4757,77.86666666666666,77.86666666666666
4758,77.86666666666666,77.86666666666666
4759,77.86666666666666,77.86666666666666
4760,77.86666666666666,77.86666666666666
4761,77.86666666666666,77.86666666666666
4762,77.86666666666666,77.86666666666666
4763,77.86666666666666,77.86666666666666
4764,77.86666666666666,77.86666666666666
4765,77.86666666666666,77.86666666666666
4766,77.86666666666666,77.86666666666666
4767,77.86666666666666,77.86666666666666
4768,77.86666666666666,77.86666666666666
4769,77.86666666666666,77.86666666666666
4770,77.86666666666666,77.86666666666666
4771,77.86666666666666,77.86666666666666
4772,77.86666666666666,77.86666666666666
4773,77.86666666666666,77.86666666666666
4774,77.86666666666666,77.86666666666666
4775,77.86666666666666,77.86666666666666
4776,77.86666666666666,77.86666666666666
4777,77.86666666666666,77.86666666666666
4778,77.86666666666666,77.86666666666666
4779,77.86666666666666,77.86666666666666
4780,77.86666666666666,77.86666666666666
4781,77.86666666666666,77.86666666666666
4782,77.86666666666666,77.86666666666666
4783,77.86666666666666,77.86666666666666
4784,77.86666666666666,77.86666666666666
4785,77.86666666666666,77.86666666666666
4786,77.86666666666666,77.86666666666666
4787,77.86666666666666,77.86666666666666
4788,77.86666666666666,77.86666666666666
4789,77.86666666666666,77.86666666666666
4790,77.86666666666666,77.86666666666666
4791,77.86666666666666,77.86666666666666
4792,77.86666666666666,77.86666666666666
4793,77.86666666666666,77.86666666666666
4794,77.86666666666666,77.86666666666666
4795,77.86666666666666,77.86666666666666
4796,77.86666666666666,77.86666666666666
4797,77.86666666666666,77.86666666666666
4798,77.86666666666666,77.86666666666666
4799,77.86666666666666,77.86666666666666
4800,77.86666666666666,77.86666666666666
4801,77.86666666666666,77.86666666666666
4802,77.86666666666666,77.86666666666666
4803,77.86666666666666,77.86666666666666
4804,77.86666666666666,77.86666666666666
4805,77.86666666666666,77.86666666666666
4806,77.86666666666666,77.86666666666666
4807,77.86666666666666,77.86666666666666
4808,77.86666666666666,77.86666666666666
4809,77.86666666666666,77.86666666666666
4810,77.86666666666666,77.86666666666666
4811,77.86666666666666,77.86666666666666
4812,77.86666666666666,77.86666666666666
4813,77.86666666666666,77.86666666666666
4814,77.86666666666666,77.86666666666666
4815,77.86666666666666,77.86666666666666
4816,77.86666666666666,77.86666666666666
4817,77.86666666666666,77.86666666666666
4818,77.86666666666666,77.86666666666666
4819,77.86666666666666,77.86666666666666
4820,77.86666666666666,77.86666666666666
4821,77.86666666666666,77.86666666666666
4822,77.86666666666666,77.86666666666666
4823,77.86666666666666,77.86666666666666
4824,77.86666666666666,77.86666666666666
4825,77.86666666666666,77.86666666666666
4826,77.86666666666666,77.86666666666666
4827,77.86666666666666,77.86666666666666
4828,77.86666666666666,77.86666666666666
4829,77.86666666666666,77.86666666666666
4830,77.86666666666666,77.86666666666666
4831,77.86666666666666,77.86666666666666
4832,77.86666666666666,77.86666666666666
4833,77.86666666666666,77.86666666666666
4834,77.86666666666666,77.86666666666666
4835,77.86666666666666,77.86666666666666
4836,77.86666666666666,77.86666666666666
4837,77.86666666666666,77.86666666666666
4838,77.86666666666666,77.86666666666666
4839,77.86666666666666,77.86666666666666
4840,77.86666666666666,77.86666666666666
4841,77.86666666666666,77.86666666666666
4842,77.86666666666666,77.86666666666666
4843,77.86666666666666,77.86666666666666
4844,77.86666666666666,77.86666666666666
4845,77.86666666666666,77.86666666666666
4846,77.86666666666666,77.86666666666666
4847,77.86666666666666,77.86666666666666
4848,77.86666666666666,77.86666666666666
4849,77.86666666666666,77.86666666666666
4850,77.86666666666666,77.86666666666666
4851,77.86666666666666,77.86666666666666
4852,77.86666666666666,77.86666666666666
4853,77.86666666666666,77.86666666666666
4854,77.86666666666666,77.86666666666666
4855,77.86666666666666,77.86666666666666
4856,77.86666666666666,77.86666666666666
4857,77.86666666666666,77.86666666666666
4858,77.86666666666666,77.86666666666666
4859,77.86666666666666,77.86666666666666
4860,77.86666666666666,77.86666666666666
4861,77.86666666666666,77.86666666666666
4862,77.86666666666666,77.86666666666666
4863,77.86666666666666,77.86666666666666
4864,77.86666666666666,77.86666666666666
4865,77.86666666666666,77.86666666666666
4866,77.86666666666666,77.86666666666666
4867,77.86666666666666,77.86666666666666
4868,77.86666666666666,77.86666666666666
4869,77.86666666666666,77.86666666666666
4870,77.86666666666666,77.86666666666666
4871,77.86666666666666,77.86666666666666
4872,77.86666666666666,77.86666666666666
4873,77.86666666666666,77.86666666666666
4874,77.86666666666666,77.86666666666666
4875,77.86666666666666,77.86666666666666
4876,77.86666666666666,77.86666666666666
4877,77.86666666666666,77.86666666666666
4878,77.86666666666666,77.86666666666666
4879,77.86666666666666,77.86666666666666
4880,77.86666666666666,77.86666666666666
4881,77.86666666666666,77.86666666666666
4882,77.86666666666666,77.86666666666666
4883,77.86666666666666,77.86666666666666
4884,77.86666666666666,77.86666666666666
4885,77.86666666666666,77.86666666666666
4886,77.86666666666666,77.86666666666666
4887,77.86666666666666,77.86666666666666
4888,77.86666666666666,77.86666666666666
4889,77.86666666666666,77.86666666666666
4890,77.86666666666666,77.86666666666666
4891,77.86666666666666,77.86666666666666
4892,77.86666666666666,77.86666666666666
4893,77.86666666666666,77.86666666666666
4894,77.86666666666666,77.86666666666666
4895,77.86666666666666,77.86666666666666
4896,77.86666666666666,77.86666666666666
4897,77.86666666666666,77.86666666666666
4898,77.86666666666666,77.86666666666666
4899,77.86666666666666,77.86666666666666
4900,77.86666666666666,77.86666666666666
4901,77.86666666666666,77.86666666666666
4902,77.86666666666666,77.86666666666666
4903,77.86666666666666,77.86666666666666
4904,77.86666666666666,77.86666666666666
4905,77.86666666666666,77.86666666666666
4906,77.86666666666666,77.86666666666666
4907,77.86666666666666,77.86666666666666
4908,77.86666666666666,77.86666666666666
4909,77.86666666666666,77.86666666666666
4910,77.86666666666666,77.86666666666666
4911,77.86666666666666,77.86666666666666
4912,77.86666666666666,77.86666666666666
4913,77.86666666666666,77.86666666666666
4914,77.86666666666666,77.86666666666666
4915,77.86666666666666,77.86666666666666
4916,77.86666666666666,77.86666666666666
4917,77.86666666666666,77.86666666666666
4918,77.86666666666666,77.86666666666666
4919,77.86666666666666,77.86666666666666
4920,77.86666666666666,77.86666666666666
4921,77.86666666666666,77.86666666666666
4922,77.86666666666666,77.86666666666666
4923,77.86666666666666,77.86666666666666
4924,77.86666666666666,77.86666666666666
4925,77.86666666666666,77.86666666666666
4926,77.86666666666666,77.86666666666666
4927,77.86666666666666,77.86666666666666
4928,77.86666666666666,77.86666666666666
4929,77.86666666666666,77.86666666666666
4930,77.86666666666666,77.86666666666666
4931,77.86666666666666,77.86666666666666
4932,77.86666666666666,77.86666666666666
4933,77.86666666666666,77.86666666666666
4934,77.86666666666666,77.86666666666666
4935,77.86666666666666,77.86666666666666
4936,77.86666666666666,77.86666666666666
4937,77.86666666666666,77.86666666666666
4938,77.86666666666666,77.86666666666666
4939,77.86666666666666,77.86666666666666
4940,77.86666666666666,77.86666666666666
4941,77.86666666666666,77.86666666666666
4942,77.86666666666666,77.86666666666666
4943,77.86666666666666,77.86666666666666
4944,77.86666666666666,77.86666666666666
4945,77.86666666666666,77.86666666666666
4946,77.86666666666666,77.86666666666666
4947,77.86666666666666,77.86666666666666
4948,77.86666666666666,77.86666666666666
4949,77.86666666666666,77.86666666666666
4950,77.86666666666666,77.86666666666666
4951,77.86666666666666,77.86666666666666
4952,77.86666666666666,77.86666666666666
4953,77.86666666666666,77.86666666666666
4954,77.86666666666666,77.86666666666666
4955,77.86666666666666,77.86666666666666
4956,77.86666666666666,77.86666666666666
4957,77.86666666666666,77.86666666666666
4958,77.86666666666666,77.86666666666666
4959,77.86666666666666,77.86666666666666
4960,77.86666666666666,77.86666666666666
4961,77.86666666666666,77.86666666666666
4962,77.86666666666666,77.86666666666666
4963,77.86666666666666,77.86666666666666
4964,77.86666666666666,77.86666666666666
4965,77.86666666666666,77.86666666666666
4966,77.86666666666666,77.86666666666666
4967,77.86666666666666,77.86666666666666
4968,77.86666666666666,77.86666666666666
4969,77.86666666666666,77.86666666666666
4970,77.86666666666666,77.86666666666666
4971,77.86666666666666,77.86666666666666
4972,77.86666666666666,77.86666666666666
4973,77.86666666666666,77.86666666666666
4974,77.86666666666666,77.86666666666666
4975,77.86666666666666,77.86666666666666
4976,77.86666666666666,77.86666666666666
4977,77.86666666666666,77.86666666666666
4978,77.86666666666666,77.86666666666666
4979,77.86666666666666,77.86666666666666
4980,77.86666666666666,77.86666666666666
4981,77.86666666666666,77.86666666666666
4982,77.86666666666666,77.86666666666666
4983,77.86666666666666,77.86666666666666
4984,77.86666666666666,77.86666666666666
4985,77.86666666666666,77.86666666666666
4986,77.86666666666666,77.86666666666666
4987,77.86666666666666,77.86666666666666
4988,77.86666666666666,77.86666666666666
4989,77.86666666666666,77.86666666666666
4990,77.86666666666666,77.86666666666666
4991,77.86666666666666,77.86666666666666
4992,77.86666666666666,77.86666666666666
4993,77.86666666666666,77.86666666666666
4994,77.86666666666666,77.86666666666666
4995,77.86666666666666,77.86666666666666
4996,77.86666666666666,77.86666666666666
4997,77.86666666666666,77.86666666666666
4998,77.86666666666666,77.86666666666666
4999,77.86666666666666,77.86666666666666
