,hsa_js,add_js
0,0.9,0.0
1,0.9,0.0
2,0.9,0.0
3,0.9,0.0
4,0.9,0.0
5,0.9,0.0
6,0.9,0.0
7,0.9,0.0
8,0.9,0.0
9,0.9,0.0
10,0.9,0.0
11,0.9,0.0
12,0.9,0.0
13,0.9,0.0
14,0.9,0.0
15,0.9,0.0
16,1.8,0.0
17,1.8,0.0
18,1.8,0.0
19,1.8,0.0
20,1.8,0.0
21,1.8,0.0
22,1.8,0.0
23,1.8,0.0
24,1.8,0.0
25,1.8,0.0
26,1.8,0.0
27,1.8,0.0
28,1.8,0.0
29,1.8,0.0
30,1.8,0.0
31,2.0,0.0
32,2.0,0.0
33,2.0,0.0
34,2.0,0.0
35,2.0,0.0
36,2.0,0.0
37,2.0,0.0
38,2.0,0.0
39,2.0,0.0
40,2.0,0.0
41,2.1,0.0
42,2.1,0.0
43,2.1,0.0
44,2.1,0.0
45,2.1,0.0
46,2.1,0.0
47,2.1,0.0
48,2.1,0.0
49,2.1,0.0
50,2.1,0.0
51,2.1,0.0
52,2.1,0.0
53,2.1,0.0
54,2.1,0.0
55,2.1,0.0
56,2.1,0.0
57,2.1,0.0
58,2.1,0.0
59,2.1,0.0
60,2.1,0.0
61,2.1,0.0
62,2.1,0.0
63,2.1,0.0
64,2.1,0.0
65,2.1,0.0
66,2.1,0.0
67,2.1,0.0
68,2.1,0.0
69,2.1,0.0
70,2.1,0.0
71,2.1,0.0
72,2.1,0.0
73,2.1,0.0
74,2.1,0.0
75,2.1,0.0
76,2.1,0.0
77,2.1,0.0
78,2.1,0.0
79,2.1,0.0
80,2.1,0.0
81,2.1,0.0
82,2.1,0.0
83,2.1,0.0
84,2.1,0.0
85,2.1,0.0
86,2.1,0.0
87,2.1,0.0
88,2.1,0.0
89,2.1,0.0
90,2.1,0.0
91,2.1,0.0
92,2.1,0.0
93,2.2,0.0
94,2.2,0.0
95,2.2,0.0
96,2.2,0.0
97,2.2,0.0
98,2.2,0.0
99,2.2,0.0
100,2.2,0.0
101,2.2,0.0
102,2.2,0.0
103,2.2,0.0
104,2.2,0.0
105,2.2,0.0
106,2.2,0.0
107,2.2,0.0
108,2.2,0.0
109,2.2,0.0
110,2.2,0.0
111,2.2,0.0
112,2.2,0.0
113,2.2,0.0
114,2.2,0.0
115,2.2,0.0
116,2.2,0.0
117,2.2,0.0
118,2.2,0.0
119,2.2,0.0
120,2.2,0.0
121,2.2,0.0
122,2.2,0.0
123,2.2,0.0
124,2.2,0.0
125,2.2,0.0
126,2.2,0.0
127,2.2,0.0
128,2.2,0.0
129,2.2,0.0
130,2.2,0.0
131,2.2,0.0
132,2.2,0.0
133,2.2,0.0
134,2.2,0.0
135,2.2,0.0
136,2.2,0.0
137,2.2,0.0
138,2.2,0.0
139,2.2,0.0
140,2.2,0.0
141,2.2,0.0
142,2.2,0.0
143,2.2,0.0
144,2.2,0.0
145,2.2,0.0
146,2.6,0.0
147,2.6,0.0
148,2.6,0.0
149,2.6,0.0
150,2.6,0.0
151,2.6,0.0
152,2.6,0.0
153,2.6,0.0
154,2.6,0.0
155,2.6,0.0
156,2.6,0.0
157,2.6,0.0
158,2.6,0.0
159,2.6,0.0
160,2.6,0.0
161,2.6,0.0
162,2.6,0.0
163,2.6,0.0
164,2.6,0.0
165,2.6,0.0
166,2.6,0.0
167,2.6,0.0
168,2.6,0.0
169,2.6,0.0
170,2.6,0.0
171,2.6,0.0
172,2.6,0.0
173,2.6,0.0
174,2.6,0.0
175,2.6,0.0
176,2.6,0.0
177,2.6,0.0
178,2.6,0.0
179,2.6,0.0
180,2.6,0.0
181,2.6,0.0
182,2.6,0.0
183,2.6,0.0
184,2.6,0.0
185,2.6,0.0
186,2.6,0.0
187,2.6,0.0
188,2.6,0.0
189,2.6,0.0
190,2.7,0.0
191,2.7,0.0
192,2.7,0.0
193,2.7,0.0
194,2.7,0.0
195,2.7,0.0
196,2.7,0.0
197,2.7,0.0
198,2.7,0.0
199,2.7,0.0
200,2.7,0.0
201,2.7,0.0
202,2.7,0.0
203,2.7,0.0
204,2.7,0.0
205,2.7,0.0
206,2.7,0.0
207,4.1000000000000005,0.0
208,4.1000000000000005,0.0
209,4.1000000000000005,0.0
210,4.1000000000000005,0.0
211,4.1000000000000005,0.0
212,4.1000000000000005,0.0
213,4.1000000000000005,0.0
214,4.1000000000000005,0.0
215,4.1000000000000005,0.0
216,4.1000000000000005,0.0
217,4.1000000000000005,0.0
218,4.1000000000000005,0.0
219,4.1000000000000005,0.0
220,4.1000000000000005,0.0
221,4.1000000000000005,0.0
222,4.1000000000000005,0.0
223,4.1000000000000005,0.0
224,4.1000000000000005,0.0
225,4.1000000000000005,0.0
226,4.1000000000000005,0.0
227,4.3,0.0
228,4.3,0.0
229,4.3,0.0
230,4.3,0.0
231,4.3,0.0
232,4.3,0.0
233,4.3,0.0
234,4.3,0.0
235,4.3,0.0
236,4.3,0.0
237,4.3,0.0
238,4.3,0.0
239,4.3,0.0
240,4.3,0.0
241,4.3,0.0
242,4.3,0.0
243,4.7,0.0
244,4.7,0.0
245,4.7,0.0
246,4.7,0.0
247,4.7,0.0
248,4.7,0.0
249,4.7,0.0
250,4.7,0.0
251,4.7,0.0
252,4.7,0.0
253,4.7,0.0
254,4.7,0.0
255,4.7,0.0
256,4.7,0.0
257,4.7,0.0
258,4.7,0.0
259,4.7,0.0
260,4.7,0.0
261,4.7,0.0
262,4.7,0.0
263,4.7,0.0
264,4.7,0.0
265,4.7,0.0
266,4.7,0.0
267,4.7,0.0
268,4.7,0.0
269,4.7,0.0
270,4.7,0.0
271,4.7,0.0
272,4.7,0.0
273,4.7,0.0
274,4.7,0.0
275,4.7,0.0
276,4.7,0.0
277,4.7,0.0
278,4.7,0.0
279,4.7,0.0
280,4.7,0.0
281,4.7,0.0
282,4.7,0.0
283,4.7,0.0
284,4.7,0.0
285,4.7,0.0
286,4.7,0.0
287,4.7,0.0
288,4.7,0.0
289,4.7,0.0
290,4.7,0.0
291,4.7,0.0
292,4.7,0.0
293,4.7,0.0
294,4.7,0.0
295,4.7,0.0
296,4.7,0.0
297,4.7,0.0
298,4.7,0.0
299,4.7,0.0
300,4.7,0.0
301,4.7,0.0
302,4.7,0.0
303,4.7,0.0
304,4.7,0.0
305,4.7,0.0
306,4.7,0.0
307,4.7,0.0
308,4.7,0.0
309,4.7,0.0
310,4.7,0.0
311,4.7,0.0
312,4.7,0.0
313,4.7,0.0
314,4.7,0.0
315,4.7,0.0
316,4.7,0.0
317,4.7,0.0
318,4.7,0.0
319,4.7,0.0
320,4.7,0.0
321,4.7,0.0
322,4.7,0.0
323,4.7,0.0
324,4.7,0.0
325,5.0,0.0
326,5.0,0.0
327,5.0,0.0
328,5.0,0.0
329,5.0,0.0
330,5.0,0.0
331,5.0,0.0
332,5.0,0.0
333,5.0,0.0
334,5.0,0.0
335,5.0,0.0
336,5.0,0.0
337,5.0,0.0
338,5.0,0.0
339,5.0,0.0
340,5.0,0.0
341,5.0,0.0
342,5.0,0.0
343,5.0,0.0
344,5.0,0.0
345,5.0,0.0
346,5.0,0.0
347,5.0,0.0
348,5.0,0.0
349,5.0,0.0
350,5.0,0.0
351,5.0,0.0
352,5.0,0.0
353,5.0,0.0
354,5.0,0.0
355,5.0,0.0
356,6.2,0.0
357,6.2,0.0
358,6.2,0.0
359,6.2,0.0
360,6.2,0.0
361,6.2,0.0
362,6.2,0.0
363,6.2,0.0
364,6.2,0.0
365,6.2,0.0
366,6.2,0.0
367,6.2,0.0
368,6.2,0.0
369,6.2,0.0
370,6.2,0.0
371,6.2,0.0
372,6.2,0.0
373,6.2,0.0
374,6.2,0.0
375,6.2,0.0
376,6.2,0.0
377,6.2,0.0
378,6.2,0.0
379,6.2,0.0
380,6.2,0.0
381,6.2,0.0
382,6.2,0.0
383,6.4,0.0
384,6.4,0.0
385,6.4,0.0
386,6.4,0.0
387,6.4,0.0
388,6.4,0.0
389,6.4,0.0
390,6.4,0.0
391,6.4,0.0
392,6.4,0.0
393,6.4,0.0
394,6.4,0.0
395,6.4,0.0
396,6.4,0.0
397,6.4,0.0
398,6.4,0.0
399,6.4,0.0
400,6.4,0.0
401,6.4,0.0
402,6.4,0.0
403,6.4,0.0
404,6.4,0.0
405,6.4,0.0
406,6.4,0.0
407,6.4,0.0
408,6.4,0.0
409,6.4,0.0
410,6.4,0.0
411,6.4,0.0
412,6.4,0.0
413,6.4,0.0
414,6.4,0.0
415,6.4,0.0
416,6.4,0.0
417,6.4,0.0
418,6.4,0.0
419,6.4,0.0
420,6.4,0.0
421,6.4,0.0
422,6.4,0.0
423,6.4,0.0
424,6.4,0.0
425,6.4,0.0
426,6.4,0.0
427,6.4,0.0
428,6.4,0.0
429,6.4,0.0
430,6.4,0.0
431,6.4,0.0
432,6.4,0.0
433,6.4,0.0
434,6.4,0.0
435,6.4,0.0
436,6.4,0.0
437,6.4,0.0
438,6.4,0.0
439,6.4,0.0
440,6.4,0.0
441,6.4,0.0
442,6.4,0.0
443,6.4,0.0
444,6.4,0.0
445,6.4,0.0
446,6.4,0.0
447,6.4,0.0
448,6.4,0.0
449,6.4,0.0
450,6.4,0.0
451,6.4,0.0
452,6.4,0.0
453,6.4,0.0
454,6.4,0.0
455,6.4,0.0
456,6.4,0.0
457,6.4,0.0
458,6.4,0.0
459,6.4,0.0
460,6.4,0.0
461,6.4,0.0
462,6.4,0.0
463,6.4,0.0
464,6.4,0.0
465,6.4,0.0
466,6.4,0.0
467,6.4,0.0
468,6.4,0.0
469,6.4,0.0
470,6.4,0.0
471,6.4,0.0
472,6.4,0.0
473,6.4,0.0
474,6.4,0.0
475,6.4,0.0
476,6.4,0.0
477,6.4,0.0
478,6.4,0.0
479,6.4,0.0
480,6.4,0.0
481,6.4,0.0
482,6.4,0.0
483,6.4,0.0
484,6.4,0.0
485,6.7,0.0
486,6.7,0.0
487,6.7,0.0
488,6.7,0.0
489,6.7,0.0
490,6.7,0.0
491,6.7,0.0
492,6.7,0.0
493,6.7,0.0
494,6.7,0.0
495,6.7,0.0
496,6.7,0.0
497,6.7,0.0
498,6.7,0.0
499,6.7,0.0
500,6.7,0.0
501,6.7,0.0
502,6.7,0.0
503,7.300000000000001,0.0
504,7.300000000000001,0.0
505,7.300000000000001,0.0
506,7.300000000000001,0.0
507,7.300000000000001,0.0
508,7.300000000000001,0.0
509,7.300000000000001,0.0
510,7.300000000000001,0.0
511,7.300000000000001,0.0
512,7.300000000000001,0.0
513,7.300000000000001,0.0
514,7.300000000000001,0.0
515,7.300000000000001,0.0
516,7.300000000000001,0.0
517,7.300000000000001,0.0
518,7.300000000000001,0.0
519,7.300000000000001,0.0
520,7.300000000000001,0.0
521,7.300000000000001,0.0
522,7.300000000000001,0.0
523,7.300000000000001,0.0
524,7.300000000000001,0.0
525,7.300000000000001,0.0
526,7.300000000000001,0.0
527,7.300000000000001,0.0
528,7.300000000000001,0.0
529,7.300000000000001,0.0
530,7.300000000000001,0.0
531,7.300000000000001,0.0
532,7.300000000000001,0.0
533,7.300000000000001,0.0
534,7.300000000000001,0.0
535,7.300000000000001,0.0
536,7.300000000000001,0.0
537,7.300000000000001,0.0
538,7.300000000000001,0.0
539,7.300000000000001,0.0
540,7.300000000000001,0.0
541,7.300000000000001,0.0
542,7.300000000000001,0.0
543,7.300000000000001,0.0
544,7.300000000000001,0.0
545,7.300000000000001,0.0
546,7.300000000000001,0.0
547,7.300000000000001,0.0
548,7.300000000000001,0.0
549,7.300000000000001,0.0
550,7.300000000000001,0.0
551,7.300000000000001,0.0
552,7.300000000000001,0.0
553,7.300000000000001,0.0
554,7.300000000000001,0.0
555,7.300000000000001,0.0
556,7.300000000000001,0.0
557,7.300000000000001,0.0
558,7.300000000000001,0.0
559,7.300000000000001,0.0
560,7.300000000000001,0.0
561,7.300000000000001,0.0
562,7.300000000000001,0.0
563,7.300000000000001,0.0
564,7.300000000000001,0.0
565,7.300000000000001,0.0
566,7.300000000000001,0.0
567,7.300000000000001,0.0
568,7.300000000000001,0.0
569,7.300000000000001,0.0
570,7.300000000000001,0.0
571,7.300000000000001,0.0
572,7.300000000000001,0.0
573,7.300000000000001,0.0
574,7.300000000000001,0.0
575,7.300000000000001,0.0
576,7.300000000000001,0.0
577,7.300000000000001,0.0
578,7.300000000000001,0.0
579,7.300000000000001,0.0
580,7.300000000000001,0.0
581,7.300000000000001,0.0
582,7.300000000000001,0.0
583,7.300000000000001,0.0
584,7.300000000000001,0.0
585,7.300000000000001,0.0
586,7.300000000000001,0.0
587,7.300000000000001,0.0
588,7.300000000000001,0.0
589,7.300000000000001,0.0
590,7.300000000000001,0.0
591,7.300000000000001,0.0
592,7.300000000000001,0.0
593,7.300000000000001,0.0
594,7.300000000000001,0.0
595,7.300000000000001,0.0
596,7.300000000000001,0.0
597,7.300000000000001,0.0
598,7.300000000000001,0.0
599,7.300000000000001,0.0
600,7.300000000000001,0.0
601,7.300000000000001,0.0
602,7.300000000000001,0.0
603,7.300000000000001,0.0
604,7.300000000000001,0.0
605,7.300000000000001,0.0
606,7.300000000000001,0.0
607,7.300000000000001,0.0
608,9.4,0.0
609,9.4,0.0
610,9.4,0.0
611,9.4,0.0
612,9.4,0.0
613,9.4,0.0
614,9.4,0.0
615,9.4,0.0
616,9.4,0.0
617,9.4,0.0
618,9.4,0.0
619,9.4,0.0
620,9.4,0.0
621,9.4,0.0
622,9.4,0.0
623,9.4,0.0
624,9.4,0.0
625,9.4,0.0
626,9.4,0.0
627,9.4,0.0
628,9.4,0.0
629,9.4,0.0
630,9.4,0.0
631,9.4,0.0
632,9.4,0.0
633,9.4,0.0
634,9.4,0.0
635,9.4,0.0
636,9.4,0.0
637,9.4,0.0
638,9.4,0.0
639,9.4,0.0
640,9.4,0.0
641,9.4,0.0
642,9.4,0.0
643,9.4,0.0
644,9.4,0.0
645,9.4,0.0
646,9.4,0.0
647,9.4,0.0
648,9.4,0.0
649,9.4,0.0
650,9.4,0.0
651,9.4,0.0
652,9.4,0.0
653,9.4,0.0
654,9.4,0.0
655,9.4,0.0
656,9.4,0.0
657,9.4,0.0
658,9.4,0.0
659,9.4,0.0
660,9.4,0.0
661,9.4,0.0
662,9.4,0.0
663,9.4,0.0
664,9.4,0.0
665,9.4,0.0
666,9.4,0.0
667,9.4,0.0
668,9.4,0.0
669,9.4,0.0
670,9.4,0.0
671,9.4,0.0
672,9.9,0.0
673,9.9,0.0
674,9.9,0.0
675,9.9,0.0
676,9.9,0.0
677,9.9,0.0
678,9.9,0.0
679,9.9,0.0
680,9.9,0.0
681,9.9,0.0
682,9.9,0.0
683,9.9,0.0
684,9.9,0.0
685,9.9,0.0
686,9.9,0.0
687,9.9,0.0
688,9.9,0.0
689,9.9,0.0
690,9.9,0.0
691,9.9,0.0
692,9.9,0.0
693,9.9,0.0
694,9.9,0.0
695,9.9,0.0
696,9.9,0.0
697,9.9,0.0
698,9.9,0.0
699,9.9,0.0
700,9.9,0.0
701,9.9,0.0
702,9.9,0.0
703,9.9,0.0
704,9.9,0.0
705,9.9,0.0
706,9.9,0.0
707,9.9,0.0
708,9.9,0.0
709,9.9,0.0
710,9.9,0.0
711,9.9,0.0
712,9.9,0.0
713,9.9,0.0
714,9.9,0.0
715,9.9,0.0
716,9.9,0.0
717,9.9,0.0
718,9.9,0.0
719,9.9,0.0
720,9.9,0.0
721,9.9,0.0
722,9.9,0.0
723,9.9,0.0
724,9.9,0.0
725,9.9,0.0
726,9.9,0.0
727,9.9,0.0
728,9.9,0.0
729,9.9,0.0
730,9.9,0.0
731,9.9,0.0
732,9.9,0.0
733,9.9,0.0
734,9.9,0.0
735,9.9,0.0
736,9.9,0.0
737,9.9,0.0
738,9.9,0.0
739,9.9,0.0
740,9.9,0.0
741,9.9,0.0
742,9.9,0.0
743,9.9,0.0
744,9.9,0.0
745,9.9,0.0
746,9.9,0.0
747,9.9,0.0
748,9.9,0.0
749,9.9,0.0
750,9.9,0.0
751,9.9,0.0
752,9.9,0.0
753,9.9,0.0
754,9.9,0.0
755,9.9,0.0
756,9.9,0.0
757,9.9,0.0
758,9.9,0.0
759,9.9,0.0
760,9.9,0.0
761,9.9,0.0
762,9.9,0.0
763,9.9,0.0
764,9.9,0.0
765,9.9,0.0
766,9.9,0.0
767,9.9,0.0
768,9.9,0.0
769,9.9,0.0
770,9.9,0.0
771,9.9,0.0
772,10.3,0.0
773,10.3,0.0
774,10.3,0.0
775,10.3,0.0
776,10.3,0.0
777,10.3,0.0
778,10.3,0.0
779,10.3,0.0
780,10.3,0.0
781,10.3,0.0
782,10.3,0.0
783,10.3,0.0
784,10.3,0.0
785,10.3,0.0
786,10.3,0.0
787,10.3,0.0
788,10.3,0.0
789,10.3,0.0
790,10.3,0.0
791,10.3,0.0
792,10.3,0.0
793,10.3,0.0
794,10.3,0.0
795,10.3,0.0
796,10.3,0.0
797,10.3,0.0
798,10.3,0.0
799,10.3,0.0
800,10.3,0.0
801,10.3,0.0
802,10.3,0.0
803,10.3,0.0
804,10.3,0.0
805,10.3,0.0
806,10.3,0.0
807,10.3,0.0
808,10.3,0.0
809,10.3,0.0
810,10.3,0.0
811,10.3,0.0
812,10.3,0.0
813,10.3,0.0
814,10.3,0.0
815,10.3,0.0
816,11.700000000000001,0.0
817,11.700000000000001,0.0
818,11.700000000000001,0.0
819,11.700000000000001,0.0
820,11.700000000000001,0.0
821,11.700000000000001,0.0
822,11.700000000000001,0.0
823,11.700000000000001,0.0
824,11.700000000000001,0.0
825,11.700000000000001,0.0
826,11.700000000000001,0.0
827,11.700000000000001,0.0
828,11.700000000000001,0.0
829,11.700000000000001,0.0
830,11.700000000000001,0.0
831,11.700000000000001,0.0
832,11.700000000000001,0.0
833,11.700000000000001,0.0
834,11.700000000000001,0.0
835,11.700000000000001,0.0
836,11.700000000000001,0.0
837,11.700000000000001,0.0
838,11.700000000000001,0.0
839,11.700000000000001,0.0
840,11.700000000000001,0.0
841,11.700000000000001,0.0
842,11.700000000000001,0.0
843,11.700000000000001,0.0
844,11.700000000000001,0.0
845,11.700000000000001,0.0
846,11.700000000000001,0.0
847,11.700000000000001,0.0
848,11.700000000000001,0.0
849,11.700000000000001,0.0
850,11.700000000000001,0.0
851,11.700000000000001,0.0
852,11.700000000000001,0.0
853,11.700000000000001,0.0
854,11.700000000000001,0.0
855,11.700000000000001,0.0
856,11.700000000000001,0.0
857,11.700000000000001,0.0
858,11.700000000000001,0.0
859,11.700000000000001,0.0
860,11.700000000000001,0.0
861,12.0,0.0
862,12.0,0.0
863,12.0,0.0
864,12.0,0.0
865,12.0,0.0
866,12.0,0.0
867,12.0,0.0
868,12.0,0.0
869,12.0,0.0
870,12.0,0.0
871,12.0,0.0
872,12.0,0.0
873,12.0,0.0
874,12.0,0.0
875,12.0,0.0
876,12.0,0.0
877,12.0,0.0
878,12.0,0.0
879,12.0,0.0
880,12.0,0.0
881,12.0,0.0
882,12.0,0.0
883,12.0,0.0
884,12.0,0.0
885,12.0,0.0
886,12.0,0.0
887,12.0,0.0
888,12.0,0.0
889,12.0,0.0
890,12.0,0.0
891,12.0,0.0
892,12.0,0.0
893,12.0,0.0
894,12.0,0.0
895,12.0,0.0
896,12.0,0.0
897,12.0,0.0
898,12.0,0.0
899,12.0,0.0
900,12.0,0.0
901,12.0,0.0
902,12.0,0.0
903,12.0,0.0
904,12.0,0.0
905,12.0,0.0
906,12.0,0.0
907,12.0,0.0
908,12.0,0.0
909,12.0,0.0
910,12.0,0.0
911,12.0,0.0
912,12.0,0.0
913,12.0,0.0
914,12.0,0.0
915,12.0,0.0
916,12.0,0.0
917,12.0,0.0
918,12.0,0.0
919,12.0,0.0
920,12.0,0.0
921,12.0,0.0
922,12.0,0.0
923,12.0,0.0
924,12.0,0.0
925,12.0,0.0
926,12.0,0.0
927,12.0,0.0
928,12.0,0.0
929,12.0,0.0
930,12.0,0.0
931,12.0,0.0
932,12.0,0.0
933,12.0,0.0
934,12.0,0.0
935,12.0,0.0
936,12.0,0.0
937,12.0,0.0
938,12.0,0.0
939,12.0,0.0
940,12.0,0.0
941,12.0,0.0
942,12.0,0.0
943,12.0,0.0
944,12.0,0.0
945,12.0,0.0
946,12.0,0.0
947,12.0,0.0
948,12.0,0.0
949,12.0,0.0
950,12.0,0.0
951,12.0,0.0
952,12.0,0.0
953,12.0,0.0
954,12.0,0.0
955,12.0,0.0
956,12.0,0.0
957,12.0,0.0
958,12.0,0.0
959,12.0,0.0
960,12.0,0.0
961,12.0,0.0
962,12.0,0.0
963,12.0,0.0
964,12.0,0.0
965,12.0,0.0
966,12.0,0.0
967,12.0,0.0
968,12.0,0.0
969,12.0,0.0
970,12.0,0.0
971,12.0,0.0
972,12.0,0.0
973,12.0,0.0
974,12.0,0.0
975,12.0,0.0
976,12.0,0.0
977,12.0,0.0
978,12.0,0.0
979,12.0,0.0
980,14.5,0.0
981,14.5,0.0
982,14.5,0.0
983,14.5,0.0
984,14.5,0.0
985,14.5,0.0
986,14.5,0.0
987,14.5,0.0
988,14.5,0.0
989,14.5,0.0
990,14.5,0.0
991,14.5,0.0
992,14.5,0.0
993,14.5,0.0
994,14.5,0.0
995,14.5,0.0
996,14.5,0.0
997,14.5,0.0
998,14.5,0.0
999,14.5,0.0
1000,14.5,0.0
1001,14.5,0.0
1002,14.5,0.0
1003,14.5,0.0
1004,14.5,0.0
1005,14.5,0.0
1006,14.5,0.0
1007,14.5,0.0
1008,14.5,0.0
1009,14.5,0.0
1010,14.5,0.0
1011,14.5,0.0
1012,14.5,0.0
1013,14.5,0.0
1014,14.5,0.0
1015,14.5,0.0
1016,14.5,0.0
1017,14.5,0.0
1018,14.5,0.0
1019,14.5,0.0
1020,14.5,0.0
1021,14.5,0.0
1022,14.5,0.0
1023,14.5,0.0
1024,14.5,0.0
1025,14.5,0.0
1026,14.5,0.0
1027,14.5,0.0
1028,14.5,0.0
1029,14.5,0.0
1030,14.5,0.0
1031,14.5,0.0
1032,14.5,0.0
1033,14.5,0.0
1034,14.5,0.0
1035,14.5,0.0
1036,14.5,0.0
1037,14.5,0.0
1038,14.5,0.0
1039,14.5,0.0
1040,14.5,0.0
1041,14.5,0.0
1042,14.5,0.0
1043,14.5,0.0
1044,14.5,0.0
1045,14.5,0.0
1046,14.5,0.0
1047,14.5,0.0
1048,14.5,0.0
1049,14.5,0.0
1050,14.5,0.0
1051,14.5,0.0
1052,14.5,0.0
1053,14.5,0.0
1054,14.5,0.0
1055,14.5,0.0
1056,14.5,0.0
1057,16.1,0.0
1058,16.1,0.0
1059,16.1,0.0
1060,16.1,0.0
1061,16.1,0.0
1062,16.1,0.0
1063,16.1,0.0
1064,16.1,0.0
1065,16.1,0.0
1066,16.1,0.0
1067,16.1,0.0
1068,16.1,0.0
1069,16.1,0.0
1070,16.1,0.0
1071,16.1,0.0
1072,16.1,0.0
1073,16.1,0.0
1074,16.1,0.0
1075,16.1,0.0
1076,16.1,0.0
1077,16.1,0.0
1078,16.1,0.0
1079,16.1,0.0
1080,16.1,0.0
1081,16.1,0.0
1082,16.1,0.0
1083,16.1,0.0
1084,16.1,0.0
1085,16.1,0.0
1086,16.1,0.0
1087,16.1,0.0
1088,16.1,0.0
1089,16.1,0.0
1090,16.1,0.0
1091,16.1,0.0
1092,16.1,0.0
1093,16.1,0.0
1094,16.1,0.0
1095,16.1,0.0
1096,16.1,0.0
1097,16.1,0.0
1098,16.1,0.0
1099,16.1,0.0
1100,16.1,0.0
1101,16.1,0.0
1102,16.1,0.0
1103,16.1,0.0
1104,16.1,0.0
1105,16.1,0.0
1106,16.1,0.0
1107,16.1,0.0
1108,16.1,0.0
1109,16.1,0.0
1110,16.1,0.0
1111,16.1,0.0
1112,16.1,0.0
1113,16.1,0.0
1114,16.1,0.0
1115,16.1,0.0
1116,16.1,0.0
1117,16.1,0.0
1118,16.1,0.0
1119,16.1,0.0
1120,16.1,0.0
1121,16.1,0.0
1122,16.1,0.0
1123,16.1,0.0
1124,16.1,0.0
1125,16.1,0.0
1126,16.1,0.0
1127,16.1,0.0
1128,16.1,0.0
1129,16.1,0.0
1130,16.1,0.0
1131,16.2,0.0
1132,16.2,0.0
1133,16.2,0.0
1134,16.2,0.0
1135,16.2,0.0
1136,16.2,0.0
1137,16.2,0.0
1138,16.2,0.0
1139,16.2,0.0
1140,16.2,0.0
1141,16.2,0.0
1142,16.2,0.0
1143,16.2,0.0
1144,16.2,0.0
1145,16.2,0.0
1146,16.2,0.0
1147,16.2,0.0
1148,16.2,0.0
1149,16.2,0.0
1150,16.2,0.0
1151,16.2,0.0
1152,16.2,0.0
1153,16.2,0.0
1154,16.2,0.0
1155,16.2,0.0
1156,16.2,0.0
1157,16.2,0.0
1158,16.2,0.0
1159,16.2,0.0
1160,16.2,0.0
1161,16.2,0.0
1162,16.2,0.0
1163,16.2,0.0
1164,16.2,0.0
1165,16.2,0.0
1166,16.2,0.0
1167,16.2,0.0
1168,16.2,0.0
1169,16.2,0.0
1170,16.2,0.0
1171,16.2,0.0
1172,16.2,0.0
1173,16.2,0.0
1174,16.2,0.0
1175,16.2,0.0
1176,16.2,0.0
1177,16.2,0.0
1178,16.2,0.0
1179,16.2,0.0
1180,16.2,0.0
1181,16.2,0.0
1182,16.2,0.0
1183,16.2,0.0
1184,16.2,0.0
1185,16.2,0.0
1186,16.2,0.0
1187,16.2,0.0
1188,16.2,0.0
1189,16.2,0.0
1190,16.2,0.0
1191,16.2,0.0
1192,16.2,0.0
1193,16.2,0.0
1194,16.2,0.0
1195,16.2,0.0
1196,16.2,0.0
1197,16.2,0.0
1198,16.2,0.0
1199,16.2,0.0
1200,16.2,0.0
1201,16.2,0.0
1202,16.2,0.0
1203,16.2,0.0
1204,16.2,0.0
1205,16.2,0.0
1206,16.2,0.0
1207,16.2,0.0
1208,16.2,0.0
1209,16.2,0.0
1210,16.2,0.0
1211,16.2,0.0
1212,16.2,0.0
1213,16.2,0.0
1214,16.2,0.0
1215,16.2,0.0
1216,16.2,0.0
1217,16.2,0.0
1218,16.2,0.0
1219,16.2,0.0
1220,16.2,0.0
1221,16.2,0.0
1222,16.2,0.0
1223,16.2,0.0
1224,16.2,0.0
1225,16.2,0.0
1226,16.2,0.0
1227,16.2,0.0
1228,16.2,0.0
1229,16.2,0.0
1230,16.2,0.0
1231,16.2,0.0
1232,16.2,0.0
1233,16.2,0.0
1234,16.2,0.0
1235,16.2,0.0
1236,16.2,0.0
1237,16.2,0.0
1238,16.2,0.0
1239,16.2,0.0
1240,16.2,0.0
1241,16.2,0.0
1242,16.2,0.0
1243,16.2,0.0
1244,16.2,0.0
1245,16.2,0.0
1246,16.2,0.0
1247,16.2,0.0
1248,16.2,0.0
1249,16.2,0.0
1250,16.2,0.0
1251,16.2,0.0
1252,16.2,0.0
1253,16.2,0.0
1254,16.2,0.0
1255,16.2,0.0
1256,16.2,0.0
1257,16.2,0.0
1258,16.2,0.0
1259,16.2,0.0
1260,16.5,0.0
1261,16.5,0.0
1262,16.5,0.0
1263,16.5,0.0
1264,16.5,0.0
1265,16.5,0.0
1266,16.5,0.0
1267,16.5,0.0
1268,16.5,0.0
1269,16.5,0.0
1270,16.5,0.0
1271,16.5,0.0
1272,16.5,0.0
1273,16.5,0.0
1274,16.5,0.0
1275,16.5,0.0
1276,16.5,0.0
1277,16.5,0.0
1278,16.5,0.0
1279,16.5,0.0
1280,16.5,0.0
1281,16.5,0.0
1282,16.5,0.0
1283,16.5,0.0
1284,16.5,0.0
1285,16.5,0.0
1286,16.5,0.0
1287,16.5,0.0
1288,16.5,0.0
1289,16.5,0.0
1290,16.5,0.0
1291,16.5,0.0
1292,16.5,0.0
1293,16.5,0.0
1294,16.5,0.0
1295,16.5,0.0
1296,16.5,0.0
1297,16.5,0.0
1298,16.5,0.0
1299,16.5,0.0
1300,16.5,0.0
1301,16.5,0.0
1302,16.5,0.0
1303,16.5,0.0
1304,16.5,0.0
1305,16.5,0.0
1306,16.5,0.0
1307,16.5,0.0
1308,16.5,0.0
1309,16.5,0.0
1310,16.5,0.0
1311,16.5,0.0
1312,16.5,0.0
1313,16.5,0.0
1314,16.5,0.0
1315,16.5,0.0
1316,16.5,0.0
1317,16.5,0.0
1318,16.5,0.0
1319,16.5,0.0
1320,17.8,0.0
1321,17.8,0.0
1322,17.8,0.0
1323,17.8,0.0
1324,17.8,0.0
1325,17.8,0.0
1326,17.8,0.0
1327,17.8,0.0
1328,17.8,0.0
1329,17.8,0.0
1330,17.8,0.0
1331,17.8,0.0
1332,17.8,0.0
1333,17.8,0.0
1334,17.8,0.0
1335,17.8,0.0
1336,17.8,0.0
1337,17.8,0.0
1338,17.8,0.0
1339,17.8,0.0
1340,17.8,0.0
1341,17.8,0.0
1342,17.8,0.0
1343,17.8,0.0
1344,17.8,0.0
1345,17.8,0.0
1346,17.8,0.0
1347,17.8,0.0
1348,17.8,0.0
1349,17.8,0.0
1350,17.8,0.0
1351,17.8,0.0
1352,17.8,0.0
1353,17.8,0.0
1354,17.8,0.0
1355,17.8,0.0
1356,17.8,0.0
1357,17.8,0.0
1358,17.8,0.0
1359,17.8,0.0
1360,17.8,0.0
1361,17.8,0.0
1362,17.8,0.0
1363,17.8,0.0
1364,17.8,0.0
1365,17.8,0.0
1366,17.8,0.0
1367,17.8,0.0
1368,17.8,0.0
1369,17.8,0.0
1370,17.8,0.0
1371,17.8,0.0
1372,17.8,0.0
1373,17.8,0.0
1374,17.8,0.0
1375,17.8,0.0
1376,17.8,0.0
1377,17.8,0.0
1378,17.8,0.0
1379,17.8,0.0
1380,17.8,0.0
1381,17.8,0.0
1382,17.8,0.0
1383,17.8,0.0
1384,17.8,0.0
1385,17.8,0.0
1386,17.8,0.0
1387,17.8,0.0
1388,17.8,0.0
1389,17.8,0.0
1390,17.8,0.0
1391,17.8,0.0
1392,17.8,0.0
1393,17.8,0.0
1394,17.8,0.0
1395,17.8,0.0
1396,17.8,0.0
1397,17.8,0.0
1398,17.8,0.0
1399,17.8,0.0
1400,17.8,0.0
1401,17.8,0.0
1402,17.8,0.0
1403,17.8,0.0
1404,17.8,0.0
1405,17.8,0.0
1406,17.8,0.0
1407,17.8,0.0
1408,17.8,0.0
1409,17.8,0.0
1410,17.8,0.0
1411,17.8,0.0
1412,17.8,0.0
1413,17.8,0.0
1414,17.8,0.0
1415,17.8,0.0
1416,17.8,0.0
1417,17.8,0.0
1418,17.8,0.0
1419,17.8,0.0
1420,17.8,0.0
1421,17.8,0.0
1422,17.8,0.0
1423,17.8,0.0
1424,17.8,0.0
1425,17.8,0.0
1426,17.8,0.0
1427,17.8,0.0
1428,17.8,0.0
1429,17.8,0.0
1430,17.8,0.0
1431,17.8,0.0
1432,17.8,0.0
1433,17.8,0.0
1434,17.8,0.0
1435,17.8,0.0
1436,17.8,0.0
1437,17.8,0.0
1438,17.8,0.0
1439,17.8,0.0
1440,17.8,0.0
1441,17.8,0.0
1442,17.8,0.0
1443,17.8,0.0
1444,17.8,0.0
1445,17.8,0.0
1446,17.8,0.0
1447,18.0,0.0
1448,18.0,0.0
1449,18.0,0.0
1450,18.0,0.0
1451,18.0,0.0
1452,18.0,0.0
1453,18.0,0.0
1454,18.0,0.0
1455,18.0,0.0
1456,18.0,0.0
1457,18.0,0.0
1458,18.0,0.0
1459,18.0,0.0
1460,18.0,0.0
1461,18.0,0.0
1462,18.0,0.0
1463,18.0,0.0
1464,18.0,0.0
1465,18.0,0.0
1466,18.0,0.0
1467,18.0,0.0
1468,18.0,0.0
1469,18.0,0.0
1470,18.0,0.0
1471,18.0,0.0
1472,18.0,0.0
1473,18.0,0.0
1474,18.0,0.0
1475,18.0,0.0
1476,18.0,0.0
1477,18.0,0.0
1478,18.0,0.0
1479,18.0,0.0
1480,18.0,0.0
1481,18.0,0.0
1482,18.0,0.0
1483,18.0,0.0
1484,18.0,0.0
1485,18.0,0.0
1486,18.0,0.0
1487,18.0,0.0
1488,18.0,0.0
1489,18.0,0.0
1490,18.0,0.0
1491,18.0,0.0
1492,18.0,0.0
1493,18.0,0.0
1494,18.0,0.0
1495,18.0,0.0
1496,18.0,0.0
1497,18.0,0.0
1498,18.0,0.0
1499,18.0,0.0
1500,18.0,0.0
1501,18.0,0.0
1502,18.0,0.0
1503,18.0,0.0
1504,18.0,0.0
1505,18.0,0.0
1506,18.0,0.0
1507,18.0,0.0
1508,18.0,0.0
1509,18.0,0.0
1510,18.0,0.0
1511,18.0,0.0
1512,18.0,0.0
1513,18.0,0.0
1514,18.0,0.0
1515,18.0,0.0
1516,18.0,0.0
1517,18.0,0.0
1518,18.0,0.0
1519,18.0,0.0
1520,18.0,0.0
1521,18.0,0.0
1522,18.0,0.0
1523,18.0,0.0
1524,18.0,0.0
1525,18.0,0.0
1526,18.0,0.0
1527,18.0,0.0
1528,18.0,0.0
1529,18.0,0.0
1530,18.0,0.0
1531,18.0,0.0
1532,18.0,0.0
1533,18.0,0.0
1534,18.0,0.0
1535,18.0,0.0
1536,18.0,0.0
1537,18.0,0.0
1538,18.0,0.0
1539,18.0,0.0
1540,18.0,0.0
1541,18.0,0.0
1542,18.0,0.0
1543,18.0,0.0
1544,18.0,0.0
1545,18.0,0.0
1546,18.0,0.0
1547,18.0,0.0
1548,18.0,0.0
1549,18.3,0.0
1550,18.3,0.0
1551,18.3,0.0
1552,18.3,0.0
1553,18.3,0.0
1554,18.3,0.0
1555,18.3,0.0
1556,18.3,0.0
1557,18.3,0.0
1558,18.3,0.0
1559,18.3,0.0
1560,18.3,0.0
1561,18.3,0.0
1562,18.3,0.0
1563,18.3,0.0
1564,18.3,0.0
1565,18.3,0.0
1566,18.3,0.0
1567,18.3,0.0
1568,18.3,0.0
1569,18.3,0.0
1570,18.3,0.0
1571,18.3,0.0
1572,18.3,0.0
1573,18.3,0.0
1574,18.3,0.0
1575,18.3,0.0
1576,18.3,0.0
1577,18.3,0.0
1578,18.3,0.0
1579,18.3,0.0
1580,18.3,0.0
1581,18.3,0.0
1582,18.3,0.0
1583,18.3,0.0
1584,18.3,0.0
1585,18.3,0.0
1586,18.3,0.0
1587,18.3,0.0
1588,18.3,0.0
1589,18.3,0.0
1590,18.3,0.0
1591,18.3,0.0
1592,18.3,0.0
1593,18.3,0.0
1594,18.3,0.0
1595,18.3,0.0
1596,18.3,0.0
1597,18.3,0.020761993160174796
1598,18.3,0.03197752473770521
1599,18.3,0.049380935806262016
1600,18.3,0.07445345001905679
1601,18.3,0.14938093580626344
1602,18.3,0.14938093580626344
1603,18.3,0.14938093580626344
1604,18.3,0.14938093580626344
1605,18.3,0.14938093580626344
1606,18.3,0.14938093580626344
1607,18.3,0.18527837170371075
1608,18.3,0.20888899938673333
1609,18.3,0.2319775247377045
1610,18.3,0.2319775247377045
1611,18.3,0.4319775247377038
1612,18.3,0.4319775247377038
1613,18.3,0.4319775247377038
1614,18.3,0.4319775247377038
1615,18.3,0.4319775247377038
1616,18.3,0.4319775247377038
1617,18.3,0.43197752473770556
1618,18.3,0.4359339001872904
1619,18.3,0.4359339001872904
1620,18.3,0.4744534500190518
1621,18.3,0.4744534500190518
1622,18.3,0.4770987685014827
1623,18.3,0.5319775247377052
1624,18.3,0.5319775247377052
1625,18.3,0.5319775247377052
1626,18.3,0.5319775247377052
1627,18.3,0.5591500505527591
1628,18.3,0.5744534500190532
1629,18.3,0.5744534500190568
1630,18.3,0.5744534500190568
1631,18.3,0.6088889993867355
1632,18.3,0.646491969568892
1633,18.3,0.6879120879120855
1634,18.3,0.7359339001872875
1635,18.3,0.7744534500190561
1636,18.3,0.7744534500190561
1637,18.3,0.7744534500190561
1638,18.3,0.7744534500190561
1639,18.3,0.7744534500190561
1640,18.3,0.7744534500190561
1641,18.3,0.7744534500190561
1642,18.3,0.7744534500190561
1643,19.700000000000003,0.8319775247377041
1644,19.700000000000003,0.8319775247377041
1645,19.700000000000003,0.8319775247377041
1646,19.700000000000003,1.0319775247377052
1647,19.700000000000003,1.0319775247377052
1648,19.700000000000003,1.049380935806262
1649,19.700000000000003,1.049380935806262
1650,19.700000000000003,1.049380935806262
1651,19.700000000000003,1.049380935806262
1652,19.700000000000003,1.049380935806262
1653,19.700000000000003,1.049380935806262
1654,19.700000000000003,1.049380935806262
1655,19.700000000000003,1.049380935806262
1656,19.700000000000003,1.049380935806262
1657,19.700000000000003,1.049380935806262
1658,19.700000000000003,1.049380935806262
1659,19.700000000000003,1.0573052889794923
1660,19.700000000000003,1.087912087912084
1661,19.700000000000003,1.1218178000983379
1662,19.700000000000003,1.1284156266056709
1663,19.700000000000003,1.134878093249128
1664,19.700000000000003,1.134878093249128
1665,19.700000000000003,1.134878093249128
1666,19.700000000000003,1.3464919695688922
1667,19.700000000000003,1.3603373499301021
1668,19.700000000000003,1.374453450019054
1669,19.700000000000003,1.4319775247377038
1670,19.700000000000003,1.4319775247377038
1671,19.700000000000003,1.4319775247377038
1672,19.700000000000003,1.4319775247377038
1673,19.700000000000003,1.4319775247377038
1674,19.700000000000003,1.4744534500190554
1675,19.700000000000003,1.4744534500190554
1676,19.700000000000003,1.5464919695688915
1677,19.700000000000003,1.5744534500190532
1678,19.700000000000003,1.5744534500190532
1679,19.700000000000003,1.6207619931601762
1680,19.700000000000003,1.634878093249128
1681,19.700000000000003,1.634878093249128
1682,19.700000000000003,1.634878093249128
1683,19.700000000000003,1.6603373499301028
1684,19.700000000000003,1.6744534500190547
1685,19.700000000000003,1.6744534500190547
1686,19.700000000000003,1.6744534500190547
1687,19.700000000000003,1.7319775247377045
1688,19.700000000000003,1.7319775247377045
1689,19.700000000000003,1.7464919695688916
1690,19.700000000000003,1.7464919695688916
1691,19.700000000000003,1.7464919695688916
1692,19.700000000000003,1.7493809358062578
1693,19.700000000000003,1.7493809358062578
1694,19.700000000000003,1.7493809358062578
1695,19.700000000000003,1.8493809358062663
1696,19.700000000000003,1.8493809358062663
1697,19.700000000000003,1.8493809358062663
1698,19.700000000000003,1.8493809358062663
1699,19.700000000000003,1.8879120879120848
1700,19.700000000000003,1.8879120879120848
1701,19.700000000000003,1.9319775247377038
1702,19.700000000000003,1.9319775247377038
1703,19.700000000000003,1.9319775247377038
1704,19.700000000000003,1.9744534500190518
1705,19.700000000000003,1.9744534500190518
1706,19.700000000000003,1.9744534500190518
1707,19.700000000000003,1.9744534500190518
1708,19.700000000000003,1.9744534500190554
1709,19.700000000000003,1.9744534500190554
1710,19.700000000000003,1.9744534500190554
1711,19.700000000000003,1.9744534500190554
1712,19.700000000000003,1.9889678948502443
1713,19.700000000000003,2.008888999386734
1714,19.700000000000003,2.008888999386734
1715,19.700000000000003,2.0359339001872883
1716,19.700000000000003,2.0464919695688915
1717,19.700000000000003,2.131977524737703
1718,19.700000000000003,2.131977524737703
1719,19.700000000000003,2.134878093249128
1720,19.700000000000003,2.1359339001872897
1721,19.700000000000003,2.1359339001872897
1722,19.700000000000003,2.146491969568891
1723,19.700000000000003,2.1744534500190547
1724,19.700000000000003,2.2348780932491294
1725,19.700000000000003,2.2879120879120833
1726,19.700000000000003,2.346491969568892
1727,19.700000000000003,2.346491969568892
1728,19.700000000000003,2.346491969568892
1729,19.700000000000003,2.446491969568892
1730,19.700000000000003,2.474453450019052
1731,19.700000000000003,2.4744534500190554
1732,19.700000000000003,2.4744534500190554
1733,19.700000000000003,2.5319775247377034
1734,19.700000000000003,2.5319775247377034
1735,19.700000000000003,2.5319775247377034
1736,19.700000000000003,2.531977524737705
1737,19.700000000000003,2.53487809324913
1738,19.700000000000003,2.5744534500190532
1739,19.700000000000003,2.5744534500190532
1740,19.700000000000003,2.5744534500190532
1741,19.700000000000003,2.5744534500190532
1742,19.700000000000003,2.5744534500190532
1743,19.700000000000003,2.5744534500190532
1744,19.700000000000003,2.5744534500190532
1745,19.700000000000003,2.587912087912084
1746,19.700000000000003,2.587912087912084
1747,19.700000000000003,2.608888999386732
1748,19.700000000000003,2.631977524737703
1749,19.700000000000003,2.631977524737703
1750,19.700000000000003,2.631977524737703
1751,19.700000000000003,2.631977524737703
1752,19.700000000000003,2.6493809358062634
1753,19.700000000000003,2.6493809358062634
1754,19.700000000000003,2.6493809358062634
1755,19.700000000000003,2.6493809358062634
1756,19.700000000000003,2.6493809358062634
1757,19.700000000000003,2.6493809358062634
1758,19.700000000000003,2.6493809358062634
1759,19.700000000000003,2.6493809358062634
1760,19.700000000000003,2.6744534500190547
1761,19.700000000000003,2.6744534500190547
1762,19.700000000000003,2.6744534500190547
1763,19.700000000000003,2.6744534500190547
1764,19.700000000000003,2.7088889993867333
1765,19.700000000000003,2.7359339001872875
1766,19.700000000000003,2.7359339001872875
1767,19.700000000000003,2.7359339001872875
1768,19.700000000000003,2.778282200454143
1769,19.700000000000003,2.831977524737704
1770,19.700000000000003,2.831977524737704
1771,19.700000000000003,2.874453450019054
1772,19.700000000000003,2.874453450019054
1773,19.700000000000003,2.8889678948502464
1774,19.700000000000003,2.9088889993867326
1775,19.700000000000003,2.9493809358062606
1776,19.700000000000003,2.9493809358062606
1777,19.700000000000003,2.9493809358062606
1778,19.700000000000003,2.9493809358062606
1779,19.700000000000003,2.9493809358062606
1780,19.700000000000003,2.9493809358062606
1781,19.700000000000003,2.9493809358062606
1782,19.700000000000003,2.9493809358062606
1783,19.700000000000003,2.9493809358062606
1784,19.700000000000003,2.9493809358062606
1785,19.700000000000003,3.0359339001872883
1786,19.700000000000003,3.049380935806262
1787,19.700000000000003,3.049380935806262
1788,19.700000000000003,3.049380935806262
1789,19.700000000000003,3.134878093249128
1790,19.700000000000003,3.1744534500190547
1791,19.700000000000003,3.1744534500190547
1792,19.700000000000003,3.1879120879120855
1793,19.700000000000003,3.2088889993867333
1794,19.700000000000003,3.2207619931601776
1795,19.700000000000003,3.2348780932491294
1796,19.700000000000003,3.2348780932491294
1797,19.700000000000003,3.2348780932491294
1798,19.700000000000003,3.2464919695688925
1799,19.700000000000003,3.278282200454143
1800,19.700000000000003,3.2879120879120833
1801,19.700000000000003,3.334878093249131
1802,19.700000000000003,3.3493809358062663
1803,19.700000000000003,3.3493809358062663
1804,19.700000000000003,3.3493809358062663
1805,19.700000000000003,3.374453450019054
1806,19.700000000000003,3.374453450019054
1807,19.700000000000003,3.374453450019054
1808,19.700000000000003,3.4053271012546986
1809,19.700000000000003,3.446491969568892
1810,19.700000000000003,3.446491969568892
1811,19.700000000000003,3.446491969568892
1812,19.700000000000003,3.4493809358062606
1813,19.700000000000003,3.4493809358062606
1814,19.700000000000003,3.4493809358062606
1815,19.700000000000003,3.474453450019052
1816,19.700000000000003,3.474453450019052
1817,19.700000000000003,3.474453450019052
1818,19.700000000000003,3.531977524737705
1819,19.700000000000003,3.531977524737705
1820,19.700000000000003,3.5744534500190532
1821,19.700000000000003,3.5879120879120876
1822,19.700000000000003,3.5889678948502457
1823,19.700000000000003,3.6088889993867355
1824,19.700000000000003,3.7088889993867333
1825,19.700000000000003,3.7088889993867333
1826,19.700000000000003,3.7348780932491294
1827,19.700000000000003,3.7348780932491294
1828,20.0,3.774453450019056
1829,20.0,3.774453450019056
1830,20.0,3.79186846336167
1831,20.0,3.846491969568892
1832,20.0,3.8493809358062663
1833,20.0,3.8493809358062663
1834,20.0,3.8493809358062663
1835,20.0,3.8493809358062663
1836,20.0,3.8493809358062663
1837,20.0,3.8493809358062663
1838,20.0,3.8493809358062663
1839,20.0,3.8493809358062663
1840,20.0,3.8493809358062663
1841,20.0,3.8879120879120848
1842,20.0,3.9573052889794944
1843,20.0,3.974453450019052
1844,20.0,3.974453450019052
1845,20.0,3.974453450019052
1846,20.0,3.974453450019052
1847,20.0,3.974453450019052
1848,20.0,3.974453450019052
1849,20.0,3.974453450019052
1850,20.0,3.974453450019052
1851,20.0,3.974453450019052
1852,20.0,3.9879120879120826
1853,20.0,3.987912087912086
1854,20.0,3.9896292244708533
1855,20.0,4.031977524737705
1856,20.0,4.031977524737705
1857,20.0,4.031977524737705
1858,20.0,4.0464919695688915
1859,20.0,4.0464919695688915
1860,20.0,4.0464919695688915
1861,20.0,4.0464919695688915
1862,20.0,4.0464919695688915
1863,20.0,4.0464919695688915
1864,20.0,4.062584323670293
1865,20.0,4.134878093249128
1866,20.0,4.146491969568893
1867,20.0,4.174453450019055
1868,20.0,4.174453450019055
1869,20.0,4.174453450019055
1870,20.0,4.174453450019055
1871,20.0,4.174453450019055
1872,20.0,4.174453450019055
1873,20.0,4.174453450019055
1874,20.0,4.174453450019055
1875,20.0,4.2319775247377045
1876,20.0,4.2319775247377045
1877,20.0,4.2319775247377045
1878,20.0,4.2319775247377045
1879,20.0,4.2319775247377045
1880,20.0,4.2319775247377045
1881,20.0,4.235933900187291
1882,20.0,4.250715197321533
1883,20.0,4.274453450019056
1884,20.0,4.274453450019056
1885,20.0,4.274453450019056
1886,20.0,4.274453450019056
1887,20.0,4.308888999386735
1888,20.0,4.331977524737706
1889,20.0,4.331977524737706
1890,20.0,4.346491969568892
1891,20.0,4.349380935806266
1892,20.0,4.349380935806266
1893,20.0,4.349380935806266
1894,20.0,4.349380935806266
1895,20.0,4.349380935806266
1896,20.0,4.349380935806266
1897,20.0,4.349380935806266
1898,20.0,4.357305288979493
1899,20.0,4.391729236073118
1900,20.0,4.474453450019055
1901,20.0,4.474453450019055
1902,20.0,4.474453450019055
1903,20.200000000000003,4.487912087912083
1904,20.200000000000003,4.487912087912083
1905,20.200000000000003,4.487912087912086
1906,20.200000000000003,4.5053271012547
1907,20.200000000000003,4.531977524737705
1908,20.200000000000003,4.531977524737705
1909,20.200000000000003,4.531977524737705
1910,20.200000000000003,4.53487809324913
1911,20.200000000000003,4.549380935806262
1912,20.200000000000003,4.549380935806262
1913,20.200000000000003,4.549380935806262
1914,20.200000000000003,4.549380935806262
1915,20.200000000000003,4.549380935806262
1916,20.200000000000003,4.549380935806262
1917,20.200000000000003,4.549380935806262
1918,20.200000000000003,4.574453450019053
1919,20.200000000000003,4.587912087912084
1920,20.200000000000003,4.587912087912084
1921,20.200000000000003,4.587912087912084
1922,20.200000000000003,4.595569588782258
1923,20.200000000000003,4.631977524737703
1924,20.200000000000003,4.631977524737703
1925,20.200000000000003,4.631977524737707
1926,20.200000000000003,4.631977524737707
1927,20.200000000000003,4.63593390018729
1928,20.200000000000003,4.6879120879120855
1929,20.200000000000003,4.7348780932491294
1930,20.200000000000003,4.746491969568891
1931,20.200000000000003,4.749380935806258
1932,20.200000000000003,4.749380935806258
1933,20.200000000000003,4.8207619931601755
1934,20.200000000000003,4.849380935806266
1935,20.200000000000003,4.849380935806266
1936,20.200000000000003,4.849380935806266
1937,20.200000000000003,4.849380935806266
1938,20.200000000000003,4.878282200454144
1939,20.200000000000003,4.931977524737704
1940,20.200000000000003,4.946491969568892
1941,20.200000000000003,5.0464919695688915
1942,20.200000000000003,5.087912087912084
1943,20.200000000000003,5.087912087912088
1944,20.200000000000003,5.131977524737707
1945,20.200000000000003,5.131977524737707
1946,20.200000000000003,5.13593390018729
1947,20.200000000000003,5.16548489218172
1948,20.200000000000003,5.2348780932491294
1949,20.200000000000003,5.234878093249133
1950,20.200000000000003,5.234878093249133
1951,20.200000000000003,5.2359339001872875
1952,20.200000000000003,5.2359339001872875
1953,20.200000000000003,5.249380935806258
1954,20.200000000000003,5.249380935806258
1955,20.200000000000003,5.249380935806258
1956,20.200000000000003,5.249380935806265
1957,20.200000000000003,5.249380935806265
1958,20.200000000000003,5.249380935806265
1959,20.200000000000003,5.249380935806265
1960,20.200000000000003,5.249380935806265
1961,20.200000000000003,5.334878093249127
1962,20.200000000000003,5.349380935806266
1963,20.200000000000003,5.349380935806266
1964,20.200000000000003,5.349380935806266
1965,20.200000000000003,5.349380935806266
1966,20.200000000000003,5.349380935806266
1967,20.200000000000003,5.349380935806266
1968,20.200000000000003,5.349380935806266
1969,20.200000000000003,5.387912087912085
1970,20.200000000000003,5.408888999386736
1971,20.200000000000003,5.408888999386736
1972,20.200000000000003,5.449380935806261
1973,20.200000000000003,5.449380935806261
1974,20.200000000000003,5.449380935806261
1975,20.200000000000003,5.449380935806261
1976,20.200000000000003,5.449380935806261
1977,20.200000000000003,5.449380935806261
1978,20.200000000000003,5.449380935806261
1979,20.400000000000002,5.449380935806261
1980,20.400000000000002,5.449380935806261
1981,20.400000000000002,5.449380935806261
1982,20.400000000000002,5.474453450019052
1983,20.400000000000002,5.487912087912086
1984,20.400000000000002,5.531977524737705
1985,20.400000000000002,5.5464919695688915
1986,20.400000000000002,5.574453450019053
1987,20.400000000000002,5.574453450019053
1988,20.400000000000002,5.574453450019053
1989,20.400000000000002,5.6088889993867355
1990,20.400000000000002,5.660337349930103
1991,20.400000000000002,5.674453450019055
1992,20.400000000000002,5.674453450019055
1993,20.400000000000002,5.674453450019055
1994,20.400000000000002,5.674453450019055
1995,20.400000000000002,5.708888999386733
1996,20.400000000000002,5.746491969568891
1997,20.400000000000002,5.834878093249127
1998,20.400000000000002,5.834878093249127
1999,20.400000000000002,5.834878093249127
2000,20.400000000000002,5.849380935806266
2001,20.400000000000002,5.849380935806266
2002,20.400000000000002,5.849380935806266
2003,20.400000000000002,5.849380935806266
2004,20.400000000000002,5.849380935806266
2005,20.400000000000002,5.849380935806266
2006,20.400000000000002,5.931977524737704
2007,20.400000000000002,5.934878093249132
2008,20.400000000000002,5.934878093249132
2009,20.400000000000002,5.949380935806261
2010,20.400000000000002,5.949380935806261
2011,20.400000000000002,5.949380935806261
2012,20.400000000000002,5.949380935806261
2013,20.400000000000002,5.949380935806261
2014,20.400000000000002,5.949380935806261
2015,20.400000000000002,5.949380935806261
2016,20.400000000000002,5.949380935806261
2017,20.400000000000002,5.949380935806261
2018,20.400000000000002,5.949380935806261
2019,20.400000000000002,5.949380935806261
2020,20.400000000000002,5.949380935806261
2021,20.400000000000002,5.949380935806261
2022,20.400000000000002,5.949380935806261
2023,20.400000000000002,5.949380935806261
2024,20.400000000000002,5.949380935806261
2025,20.400000000000002,5.949380935806261
2026,20.400000000000002,5.959150050552765
2027,20.400000000000002,5.974453450019052
2028,20.400000000000002,5.974453450019052
2029,20.400000000000002,6.031977524737705
2030,20.400000000000002,6.049380935806269
2031,20.400000000000002,6.049380935806269
2032,20.400000000000002,6.049380935806269
2033,20.400000000000002,6.049380935806269
2034,20.400000000000002,6.049380935806269
2035,20.400000000000002,6.049380935806269
2036,20.400000000000002,6.049380935806269
2037,20.400000000000002,6.049380935806269
2038,20.400000000000002,6.049380935806269
2039,20.400000000000002,6.074453450019053
2040,20.400000000000002,6.074453450019053
2041,20.400000000000002,6.074453450019053
2042,20.400000000000002,6.074453450019053
2043,20.400000000000002,6.074453450019057
2044,20.400000000000002,6.074453450019057
2045,20.400000000000002,6.074453450019057
2046,20.400000000000002,6.087912087912084
2047,20.400000000000002,6.087912087912088
2048,20.400000000000002,6.131977524737703
2049,20.400000000000002,6.131977524737703
2050,20.400000000000002,6.131977524737707
2051,20.400000000000002,6.131977524737707
2052,20.400000000000002,6.13593390018729
2053,20.400000000000002,6.149380935806263
2054,20.400000000000002,6.149380935806263
2055,20.400000000000002,6.208888999386733
2056,20.400000000000002,6.2319775247377045
2057,20.400000000000002,6.2319775247377045
2058,20.400000000000002,6.2348780932491294
2059,20.400000000000002,6.2348780932491294
2060,20.400000000000002,6.249380935806265
2061,20.400000000000002,6.249380935806265
2062,20.400000000000002,6.249380935806265
2063,20.400000000000002,6.249380935806265
2064,20.400000000000002,6.249380935806265
2065,20.400000000000002,6.249380935806265
2066,20.400000000000002,6.249380935806265
2067,20.400000000000002,6.249380935806265
2068,20.400000000000002,6.308888999386735
2069,20.400000000000002,6.308888999386735
2070,20.400000000000002,6.321817800098344
2071,20.400000000000002,6.334878093249131
2072,20.400000000000002,6.335933900187289
2073,20.400000000000002,6.374453450019054
2074,20.400000000000002,6.374453450019054
2075,20.400000000000002,6.374453450019054
2076,20.400000000000002,6.3744534500190575
2077,20.400000000000002,6.3744534500190575
2078,20.400000000000002,6.43593390018729
2079,20.400000000000002,6.43593390018729
2080,20.400000000000002,6.446491969568892
2081,20.400000000000002,6.446491969568894
2082,20.400000000000002,6.449380935806261
2083,20.400000000000002,6.449380935806261
2084,20.400000000000002,6.449380935806261
2085,20.400000000000002,6.449380935806261
2086,20.400000000000002,6.449380935806261
2087,20.400000000000002,6.449380935806261
2088,20.400000000000002,6.449380935806261
2089,20.400000000000002,6.449380935806261
2090,20.400000000000002,6.449380935806261
2091,20.400000000000002,6.449380935806261
2092,20.400000000000002,6.449380935806261
2093,20.400000000000002,6.449380935806261
2094,20.400000000000002,6.449380935806261
2095,20.400000000000002,6.449380935806261
2096,20.400000000000002,6.449380935806261
2097,20.400000000000002,6.449380935806261
2098,20.400000000000002,6.449380935806261
2099,20.400000000000002,6.449380935806261
2100,20.400000000000002,6.449380935806261
2101,20.400000000000002,6.487912087912083
2102,20.400000000000002,6.531977524737705
2103,20.400000000000002,6.531977524737705
2104,20.400000000000002,6.549380935806262
2105,20.400000000000002,6.549380935806262
2106,20.400000000000002,6.549380935806262
2107,20.400000000000002,6.549380935806262
2108,20.400000000000002,6.549380935806262
2109,20.400000000000002,6.549380935806262
2110,20.400000000000002,6.549380935806262
2111,20.400000000000002,6.549380935806262
2112,20.400000000000002,6.589629224470851
2113,20.400000000000002,6.608888999386732
2114,20.400000000000002,6.631977524737703
2115,20.400000000000002,6.631977524737703
2116,20.400000000000002,6.631977524737703
2117,20.400000000000002,6.631977524737703
2118,20.400000000000002,6.634878093249132
2119,20.400000000000002,6.646491969568893
2120,20.400000000000002,6.646491969568893
2121,20.400000000000002,6.7319775247377045
2122,20.400000000000002,6.7319775247377045
2123,20.400000000000002,6.7348780932491294
2124,20.400000000000002,6.7348780932491294
2125,20.400000000000002,6.749380935806265
2126,20.400000000000002,6.749380935806265
2127,20.400000000000002,6.749380935806265
2128,20.400000000000002,6.7744534500190525
2129,20.400000000000002,6.7744534500190525
2130,20.400000000000002,6.7744534500190525
2131,20.400000000000002,6.7744534500190525
2132,20.400000000000002,6.787912087912083
2133,20.400000000000002,6.787912087912087
2134,20.400000000000002,6.787912087912087
2135,20.400000000000002,6.787912087912087
2136,20.400000000000002,6.831977524737702
2137,20.400000000000002,6.831977524737702
2138,20.400000000000002,6.834878093249127
2139,20.400000000000002,6.835933900187289
2140,20.6,6.835933900187289
2141,20.6,6.877098768501482
2142,20.6,6.908888999386733
2143,20.6,6.934878093249129
2144,20.6,6.934878093249129
2145,20.6,6.962584323670292
2146,20.6,6.974453450019055
2147,20.6,6.974453450019055
2148,20.6,6.978282200454142
2149,20.6,6.988967894850248
2150,20.6,7.035933900187288
2151,20.6,7.074453450019053
2152,20.6,7.074453450019053
2153,20.6,7.131977524737703
2154,20.6,7.131977524737703
2155,20.6,7.149380935806263
2156,20.6,7.149380935806263
2157,20.6,7.149380935806263
2158,20.6,7.149380935806263
2159,20.6,7.149380935806263
2160,20.6,7.149380935806263
2161,20.6,7.149380935806263
2162,20.6,7.149380935806263
2163,20.6,7.149380935806263
2164,20.6,7.149380935806263
2165,20.6,7.149380935806263
2166,20.6,7.2319775247377045
2167,20.6,7.266540699119883
2168,20.6,7.274453450019056
2169,20.6,7.308888999386735
2170,20.6,7.308888999386735
2171,20.6,7.349380935806259
2172,20.6,7.349380935806259
2173,20.6,7.349380935806259
2174,20.6,7.349380935806259
2175,20.6,7.349380935806259
2176,20.6,7.349380935806259
2177,20.6,7.349380935806259
2178,20.6,7.349380935806266
2179,20.6,7.349380935806266
2180,20.6,7.349380935806266
2181,20.6,7.349380935806266
2182,20.6,7.349380935806266
2183,20.6,7.349380935806266
2184,20.6,7.349380935806266
2185,20.6,7.349380935806266
2186,20.6,7.349380935806266
2187,20.6,7.349380935806266
2188,20.6,7.349380935806266
2189,20.6,7.349380935806266
2190,20.6,7.349380935806266
2191,20.6,7.349380935806266
2192,20.6,7.349380935806266
2193,20.6,7.349380935806266
2194,20.6,7.349380935806266
2195,20.6,7.349380935806266
2196,20.6,7.387912087912085
2197,20.6,7.391729236073118
2198,20.6,7.434878093249129
2199,20.6,7.474453450019059
2200,20.6,7.474453450019059
2201,20.6,7.474453450019059
2202,20.6,7.477098768501484
2203,20.6,7.531977524737705
2204,20.6,7.5464919695688915
2205,20.6,7.546491969568893
2206,20.6,7.557305288979492
2207,20.6,7.588967894850242
2208,20.6,7.6088889993867355
2209,20.6,7.6088889993867355
2210,20.6,7.631977524737707
2211,20.6,7.634878093249128
2212,20.6,7.634878093249132
2213,20.6,7.634878093249132
2214,20.6,7.634878093249132
2215,20.6,7.634878093249132
2216,20.6,7.646491969568893
2217,20.6,7.649380935806263
2218,20.6,7.649380935806263
2219,20.6,7.649380935806263
2220,20.6,7.649380935806263
2221,20.6,7.649380935806263
2222,20.6,7.649380935806263
2223,20.6,7.649380935806263
2224,20.6,7.649380935806263
2225,20.6,7.649380935806263
2226,20.6,7.649380935806263
2227,20.6,7.6879120879120855
2228,20.6,7.708888999386737
2229,20.6,7.7319775247377045
2230,20.6,7.7319775247377045
2231,20.6,7.834878093249131
2232,20.6,7.8359339001872925
2233,20.6,7.8359339001872925
2234,20.6,7.849380935806266
2235,20.6,7.849380935806266
2236,20.6,7.849380935806266
2237,20.6,7.849380935806266
2238,20.6,7.849380935806266
2239,20.6,7.849380935806266
2240,20.6,7.849380935806266
2241,20.6,7.849380935806266
2242,20.6,7.849380935806266
2243,20.6,7.849380935806266
2244,20.6,7.849380935806266
2245,20.6,7.849380935806266
2246,20.6,7.849380935806266
2247,20.6,7.849380935806266
2248,20.6,7.888967894850246
2249,20.6,7.908888999386733
2250,20.6,7.908888999386733
2251,21.1,7.935933900187287
2252,21.1,7.935933900187287
2253,21.1,7.987912087912083
2254,21.1,8.028415626605671
2255,21.1,8.074453450019053
2256,21.1,8.131977524737703
2257,21.1,8.131977524737703
2258,21.1,8.174453450019055
2259,21.1,8.174453450019055
2260,21.1,8.174453450019055
2261,21.1,8.174453450019055
2262,21.1,8.174453450019055
2263,21.1,8.20506024895165
2264,21.1,8.2053271012547
2265,21.1,8.231977524737704
2266,21.1,8.231977524737704
2267,21.1,8.260337349930104
2268,21.1,8.274453450019056
2269,21.1,8.274453450019056
2270,21.1,8.331977524737706
2271,21.1,8.331977524737706
2272,21.1,8.37445345001905
2273,21.1,8.37445345001905
2274,21.1,8.37445345001905
2275,21.1,8.374453450019057
2276,21.1,8.431977524737704
2277,21.1,8.431977524737704
2278,21.1,8.431977524737704
2279,21.1,8.431977524737704
2280,21.1,8.431977524737704
2281,21.1,8.431977524737704
2282,21.1,8.434878093249129
2283,21.1,8.435933900187287
2284,21.1,8.474453450019059
2285,21.1,8.474453450019059
2286,21.1,8.474453450019059
2287,21.1,8.474453450019059
2288,21.1,8.474453450019059
2289,21.1,8.487912087912083
2290,21.1,8.487912087912083
2291,21.1,8.53487809324913
2292,21.1,8.54649196956889
2293,21.1,8.54649196956889
2294,21.1,8.54938093580627
2295,21.1,8.54938093580627
2296,21.1,8.54938093580627
2297,21.1,8.54938093580627
2298,21.1,8.54938093580627
2299,21.1,8.54938093580627
2300,21.1,8.54938093580627
2301,21.1,8.54938093580627
2302,21.1,8.587912087912084
2303,21.1,8.587912087912084
2304,21.1,8.608888999386732
2305,21.1,8.608888999386735
2306,21.1,8.608888999386735
2307,21.1,8.608888999386735
2308,21.1,8.608888999386735
2309,21.1,8.608888999386735
2310,21.1,8.687912087912085
2311,21.1,8.687912087912085
2312,21.1,8.687912087912085
2313,21.1,8.721817800098343
2314,21.1,8.731977524737704
2315,21.1,8.731977524737704
2316,21.1,8.731977524737704
2317,21.1,8.73487809324913
2318,21.1,8.749380935806265
2319,21.1,8.749380935806265
2320,21.1,8.749380935806265
2321,21.1,8.749380935806265
2322,21.1,8.749380935806265
2323,21.1,8.749380935806265
2324,21.1,8.749380935806265
2325,21.1,8.749380935806265
2326,21.1,8.749380935806265
2327,21.1,8.749380935806265
2328,21.1,8.749380935806265
2329,21.1,8.757305288979492
2330,21.1,8.760337349930104
2331,21.1,8.765484892181721
2332,21.1,8.774453450019056
2333,21.1,8.774453450019056
2334,21.1,8.774453450019056
2335,21.1,8.974453450019052
2336,21.1,9.031977524737705
2337,21.1,9.03487809324913
2338,21.1,9.03487809324913
2339,21.1,9.131977524737703
2340,21.1,9.208888999386733
2341,21.1,9.274453450019056
2342,21.1,9.334878093249127
2343,21.1,9.335933900187289
2344,27.6,9.349380935806266
2345,27.6,9.349380935806266
2346,27.6,9.349380935806266
2347,27.6,9.349380935806266
2348,27.6,9.349380935806266
2349,27.6,9.434878093249129
2350,27.6,9.434878093249129
2351,27.6,9.434878093249129
2352,27.6,9.449125685777272
2353,27.6,9.474453450019059
2354,27.6,9.531977524737705
2355,27.6,9.54938093580627
2356,27.6,9.54938093580627
2357,27.6,9.54938093580627
2358,27.6,9.54938093580627
2359,27.6,9.54938093580627
2360,27.6,9.54938093580627
2361,27.6,9.54938093580627
2362,27.6,9.54938093580627
2363,27.6,9.54938093580627
2364,27.6,9.54938093580627
2365,27.6,9.54938093580627
2366,27.6,9.54938093580627
2367,27.6,9.54938093580627
2368,27.6,9.574453450019053
2369,27.6,9.587912087912084
2370,27.6,9.587912087912084
2371,27.6,9.631977524737707
2372,27.6,9.631977524737707
2373,27.6,9.63593390018729
2374,27.6,9.63593390018729
2375,27.6,9.646491969568892
2376,27.6,9.666540699119881
2377,27.6,9.674453450019055
2378,27.6,9.708888999386733
2379,27.6,9.731977524737704
2380,27.6,9.731977524737704
2381,27.6,9.757305288979492
2382,27.6,9.787912087912087
2383,27.6,9.787912087912087
2384,27.6,9.808888999386735
2385,27.6,9.831977524737702
2386,27.6,9.831977524737706
2387,27.6,9.908888999386733
2388,27.6,9.908888999386733
2389,27.6,9.946491969568893
2390,27.6,9.974453450019059
2391,27.6,9.974453450019059
2392,27.6,9.974453450019059
2393,27.6,9.974453450019059
2394,27.6,10.031977524737705
2395,27.6,10.031977524737705
2396,27.6,10.03487809324913
2397,27.6,10.074453450019053
2398,27.6,10.074453450019053
2399,27.6,10.074453450019053
2400,27.6,10.074453450019053
2401,27.6,10.074453450019053
2402,27.6,10.131977524737703
2403,27.6,10.13593390018729
2404,27.6,10.174453450019055
2405,27.6,10.174453450019055
2406,27.6,10.174453450019055
2407,27.6,10.174453450019055
2408,27.6,10.174453450019055
2409,27.6,10.187912087912085
2410,27.6,10.187912087912085
2411,27.6,10.231977524737708
2412,27.6,10.260337349930104
2413,27.6,10.274453450019056
2414,27.6,10.274453450019056
2415,27.6,10.274453450019056
2416,27.6,10.274453450019056
2417,27.6,10.274453450019056
2418,27.6,10.274453450019056
2419,27.6,10.308888999386731
2420,27.6,10.308888999386731
2421,27.6,10.331977524737702
2422,27.6,10.331977524737706
2423,27.6,10.331977524737706
2424,27.6,10.331977524737706
2425,27.6,10.331977524737706
2426,27.6,10.36654069911988
2427,27.6,10.37445345001905
2428,27.6,10.37445345001905
2429,27.6,10.408888999386733
2430,27.6,10.408888999386733
2431,27.6,10.431977524737704
2432,27.6,10.434878093249132
2433,27.6,10.434878093249132
2434,27.6,10.44938093580626
2435,27.6,10.44938093580626
2436,27.6,10.44938093580626
2437,27.6,10.44938093580626
2438,27.6,10.44938093580626
2439,27.6,10.44938093580626
2440,27.6,10.44938093580626
2441,27.700000000000003,10.44938093580626
2442,27.700000000000003,10.44938093580626
2443,27.700000000000003,10.528415626605671
2444,27.700000000000003,10.535933900187288
2445,27.700000000000003,10.535933900187288
2446,27.700000000000003,10.574453450019053
2447,27.700000000000003,10.574453450019053
2448,27.700000000000003,10.574453450019053
2449,27.700000000000003,10.574453450019053
2450,27.700000000000003,10.574453450019053
2451,27.700000000000003,10.587912087912084
2452,27.700000000000003,10.631977524737703
2453,27.700000000000003,10.634878093249132
2454,27.700000000000003,10.634878093249132
2455,27.700000000000003,10.731977524737704
2456,27.700000000000003,10.831977524737702
2457,27.700000000000003,10.831977524737702
2458,27.700000000000003,10.831977524737702
2459,27.700000000000003,10.834878093249127
2460,27.700000000000003,10.834878093249127
2461,27.700000000000003,10.874453450019057
2462,27.700000000000003,10.874453450019057
2463,27.700000000000003,10.931977524737707
2464,27.700000000000003,10.974453450019059
2465,27.700000000000003,10.974453450019059
2466,27.700000000000003,10.974453450019059
2467,27.700000000000003,10.974453450019059
2468,27.700000000000003,10.974453450019059
2469,27.700000000000003,10.974453450019059
2470,27.700000000000003,10.974453450019059
2471,27.700000000000003,10.974453450019059
2472,27.700000000000003,11.031977524737705
2473,27.700000000000003,11.074453450019053
2474,27.700000000000003,11.131977524737707
2475,27.700000000000003,11.146491969568892
2476,27.700000000000003,11.160337349930103
2477,27.700000000000003,11.160337349930103
2478,27.700000000000003,11.174453450019055
2479,27.700000000000003,11.174453450019055
2480,27.700000000000003,11.260337349930104
2481,27.700000000000003,11.274453450019056
2482,27.700000000000003,11.274453450019056
2483,27.700000000000003,11.331977524737706
2484,27.700000000000003,11.331977524737706
2485,27.700000000000003,11.331977524737706
2486,27.700000000000003,11.374453450019057
2487,27.700000000000003,11.374453450019057
2488,27.700000000000003,11.408888999386733
2489,27.700000000000003,11.435933900187287
2490,27.700000000000003,11.435933900187287
2491,27.700000000000003,11.446491969568893
2492,27.700000000000003,11.549380935806255
2493,27.700000000000003,11.549380935806255
2494,27.700000000000003,11.549380935806255
2495,27.700000000000003,11.549380935806255
2496,27.700000000000003,11.574453450019053
2497,27.700000000000003,11.631977524737707
2498,27.700000000000003,11.646491969568892
2499,27.700000000000003,11.646491969568892
2500,27.700000000000003,11.687912087912085
2501,27.700000000000003,11.74649196956889
2502,27.700000000000003,11.74649196956889
2503,27.700000000000003,11.774453450019056
2504,27.700000000000003,11.831977524737702
2505,27.700000000000003,11.831977524737702
2506,27.700000000000003,11.87445345001905
2507,27.700000000000003,11.87445345001905
2508,27.700000000000003,11.87445345001905
2509,27.700000000000003,11.87445345001905
2510,27.700000000000003,11.87445345001905
2511,27.700000000000003,11.87445345001905
2512,27.700000000000003,11.87445345001905
2513,27.700000000000003,11.87445345001905
2514,27.700000000000003,11.87445345001905
2515,27.700000000000003,11.87445345001905
2516,27.700000000000003,11.87445345001905
2517,27.700000000000003,11.87445345001905
2518,27.700000000000003,11.874453450019057
2519,27.700000000000003,11.874453450019057
2520,27.700000000000003,11.874453450019057
2521,27.700000000000003,11.874453450019057
2522,27.700000000000003,11.874453450019057
2523,27.700000000000003,11.874453450019057
2524,27.700000000000003,11.874453450019057
2525,27.700000000000003,11.874453450019057
2526,27.700000000000003,11.931977524737704
2527,27.700000000000003,12.087912087912084
2528,27.700000000000003,12.087912087912084
2529,27.700000000000003,12.108888999386735
2530,28.6,12.146491969568888
2531,28.6,12.174453450019055
2532,28.6,12.174453450019055
2533,28.6,12.174453450019055
2534,28.6,12.174453450019055
2535,28.6,12.174453450019055
2536,28.6,12.274453450019056
2537,28.6,12.274453450019056
2538,28.6,12.274453450019056
2539,28.6,12.274453450019056
2540,28.6,12.274453450019056
2541,28.6,12.274453450019056
2542,28.6,12.331977524737702
2543,28.6,12.346491969568891
2544,28.6,12.359150050552763
2545,28.6,12.387912087912085
2546,28.6,12.408888999386733
2547,28.6,12.431977524737704
2548,28.6,12.434878093249129
2549,28.6,12.474453450019059
2550,28.6,12.474453450019059
2551,28.6,12.474453450019059
2552,28.6,12.53487809324913
2553,28.6,12.53487809324913
2554,28.6,12.574453450019053
2555,28.6,12.574453450019053
2556,28.6,12.574453450019053
2557,28.6,12.631977524737707
2558,28.6,12.631977524737707
2559,28.6,12.631977524737707
2560,28.6,12.631977524737707
2561,28.6,12.674453450019055
2562,28.6,12.674453450019055
2563,28.6,12.734878093249133
2564,28.6,12.774453450019056
2565,28.6,12.787912087912083
2566,28.6,12.831977524737706
2567,28.6,12.83487809324913
2568,28.6,12.934878093249129
2569,28.6,12.934878093249129
2570,28.6,12.934878093249129
2571,28.6,12.974453450019059
2572,28.6,12.974453450019059
2573,28.6,12.974453450019059
2574,28.6,13.04649196956889
2575,28.6,13.087912087912084
2576,28.6,13.087912087912084
2577,28.6,13.149380935806263
2578,28.6,13.149380935806263
2579,28.6,13.149380935806263
2580,28.6,13.149380935806263
2581,28.6,13.149380935806263
2582,28.6,13.149380935806263
2583,28.6,13.149380935806263
2584,28.6,13.149380935806263
2585,28.6,13.149380935806263
2586,28.6,13.174453450019055
2587,28.6,13.174453450019055
2588,28.6,13.231977524737704
2589,28.6,13.23487809324913
2590,28.6,13.287912087912087
2591,28.6,13.331977524737706
2592,28.6,13.37445345001905
2593,28.6,13.531977524737705
2594,28.6,13.531977524737705
2595,28.6,13.531977524737705
2596,28.6,13.531977524737705
2597,28.6,13.531977524737705
2598,28.6,13.574453450019053
2599,28.6,13.574453450019053
2600,28.6,13.574453450019053
2601,28.6,13.574453450019053
2602,28.6,13.574453450019053
2603,28.6,13.577098768501482
2604,28.6,13.634878093249128
2605,28.6,13.674453450019055
2606,28.6,13.678282200454145
2607,28.6,13.731977524737704
2608,28.6,13.731977524737704
2609,28.6,13.731977524737704
2610,28.6,13.731977524737704
2611,28.6,13.774453450019056
2612,28.6,13.774453450019056
2613,28.6,13.774453450019056
2614,28.6,13.774453450019056
2615,28.6,13.774453450019056
2616,28.6,13.831977524737706
2617,28.6,13.835933900187289
2618,28.6,13.846491969568891
2619,28.6,13.846491969568891
2620,28.6,13.87445345001905
2621,28.6,13.87445345001905
2622,28.6,13.87445345001905
2623,28.6,13.87445345001905
2624,28.6,13.93593390018729
2625,28.6,14.031977524737705
2626,28.6,14.04649196956889
2627,28.6,14.074453450019053
2628,28.6,14.074453450019053
2629,28.6,14.074453450019053
2630,28.6,14.074453450019053
2631,28.6,14.074453450019053
2632,28.6,14.074453450019053
2633,28.6,14.074453450019053
2634,28.6,14.078282200454144
2635,28.6,14.087912087912084
2636,28.6,14.149380935806263
2637,28.6,14.149380935806263
2638,28.6,14.149380935806263
2639,28.6,14.149380935806263
2640,28.6,14.149380935806263
2641,28.6,14.208888999386737
2642,28.6,14.208888999386737
2643,28.6,14.249380935806265
2644,28.6,14.249380935806265
2645,28.6,14.249380935806265
2646,28.6,14.249380935806265
2647,28.6,14.331977524737702
2648,28.6,14.331977524737702
2649,28.6,14.331977524737706
2650,28.6,14.334878093249134
2651,28.6,14.335933900187293
2652,28.6,14.387912087912081
2653,28.6,14.387912087912088
2654,28.6,14.387912087912088
2655,28.6,14.387912087912088
2656,28.6,14.431977524737704
2657,28.6,14.431977524737704
2658,28.6,14.474453450019059
2659,28.6,14.474453450019059
2660,28.6,14.474453450019059
2661,28.6,14.474453450019059
2662,28.6,14.5053271012547
2663,28.6,14.531977524737705
2664,28.6,14.560337349930101
2665,28.6,14.574453450019053
2666,28.8,14.574453450019053
2667,28.8,14.674453450019055
2668,28.8,14.735933900187288
2669,28.8,14.774453450019056
2670,28.8,14.774453450019056
2671,28.8,14.774453450019056
2672,28.8,14.774453450019056
2673,28.8,14.774453450019056
2674,28.8,14.774453450019056
2675,28.8,14.774453450019056
2676,28.8,14.787912087912087
2677,28.8,14.846491969568891
2678,28.8,14.974453450019059
2679,28.8,14.974453450019059
2680,28.8,14.974453450019059
2681,28.8,14.974453450019059
2682,28.8,14.974453450019059
2683,28.8,14.987912087912083
2684,28.8,15.031977524737705
2685,28.8,15.03487809324913
2686,28.8,15.049380935806262
2687,28.8,15.049380935806262
2688,28.8,15.049380935806262
2689,28.8,15.049380935806262
2690,28.8,15.049380935806262
2691,28.8,15.049380935806262
2692,28.8,15.049380935806262
2693,28.8,15.049380935806262
2694,28.8,15.049380935806262
2695,28.8,15.049380935806262
2696,28.8,15.049380935806262
2697,28.8,15.049380935806262
2698,28.8,15.049380935806262
2699,28.8,15.065484892181725
2700,28.8,15.078282200454144
2701,28.8,15.231977524737704
2702,28.8,15.234878093249126
2703,28.8,15.234878093249126
2704,28.8,15.234878093249126
2705,28.8,15.234878093249133
2706,28.8,15.308888999386738
2707,28.8,15.331977524737702
2708,28.8,15.334878093249134
2709,28.8,15.335933900187289
2710,28.8,15.349380935806266
2711,28.8,15.349380935806266
2712,28.8,15.349380935806266
2713,28.8,15.349380935806266
2714,28.8,15.349380935806266
2715,28.8,15.349380935806266
2716,28.8,15.349380935806266
2717,28.8,15.431977524737704
2718,28.8,15.431977524737707
2719,28.8,15.446491969568893
2720,28.8,15.631977524737707
2721,28.8,15.631977524737707
2722,28.8,15.631977524737707
2723,28.8,15.634878093249132
2724,28.8,15.674453450019055
2725,28.8,15.674453450019055
2726,28.8,15.674453450019055
2727,28.8,15.72841562660567
2728,28.8,15.749380935806258
2729,28.8,15.749380935806258
2730,28.8,15.749380935806258
2731,28.8,15.749380935806258
2732,28.8,15.749380935806258
2733,28.8,15.749380935806258
2734,28.8,15.749380935806258
2735,28.8,15.749380935806258
2736,28.8,15.749380935806258
2737,28.8,15.749380935806258
2738,28.8,15.749380935806258
2739,28.8,15.749380935806258
2740,28.8,15.749380935806258
2741,28.8,15.774453450019056
2742,28.8,15.774453450019056
2743,28.8,15.774453450019056
2744,28.8,15.79172923607311
2745,28.8,15.816801750285912
2746,28.8,15.831977524737702
2747,28.8,15.846491969568891
2748,28.8,15.846491969568891
2749,28.8,15.94938093580626
2750,28.8,15.94938093580626
2751,28.8,15.94938093580626
2752,28.8,15.94938093580626
2753,28.8,15.94938093580626
2754,28.8,15.94938093580626
2755,28.8,15.94938093580626
2756,28.8,15.94938093580626
2757,28.8,15.94938093580626
2758,28.8,15.974453450019059
2759,28.8,15.974453450019059
2760,28.8,15.98791208791209
2761,28.8,15.98791208791209
2762,28.8,15.98791208791209
2763,28.8,16.008888999386734
2764,28.8,16.031977524737705
2765,28.8,16.031977524737705
2766,28.8,16.03487809324913
2767,28.8,16.087912087912084
2768,28.8,16.108888999386735
2769,28.8,16.108888999386735
2770,28.8,16.131977524737707
2771,28.8,16.174453450019055
2772,28.8,16.174453450019055
2773,28.8,16.174453450019055
2774,28.8,16.174453450019055
2775,28.8,16.174453450019055
2776,28.8,16.187912087912085
2777,28.8,16.262584323670293
2778,28.8,16.287912087912087
2779,28.8,16.287912087912087
2780,28.8,16.287912087912087
2781,28.8,16.287912087912087
2782,28.8,16.31033928364245
2783,28.8,16.331977524737706
2784,28.8,16.374453450019057
2785,28.8,16.435933900187294
2786,28.8,16.47445345001906
2787,28.8,16.47445345001906
2788,28.8,16.47828220045415
2789,28.8,16.577098768501486
2790,28.8,16.587912087912084
2791,28.8,16.608888999386735
2792,28.8,16.674453450019055
2793,28.8,16.67445345001906
2794,28.8,16.746491969568893
2795,28.8,16.749380935806265
2796,28.8,16.749380935806265
2797,28.8,16.749380935806265
2798,28.8,16.749380935806265
2799,28.8,16.749380935806265
2800,28.8,16.749380935806265
2801,28.8,16.749380935806265
2802,28.8,16.749380935806265
2803,28.8,16.749380935806265
2804,28.8,16.749380935806265
2805,28.8,16.749380935806265
2806,28.8,16.749380935806265
2807,28.8,16.87445345001905
2808,28.8,16.87445345001905
2809,28.8,16.87445345001905
2810,28.8,16.87445345001905
2811,28.8,16.874453450019057
2812,28.8,16.874453450019057
2813,28.8,16.874453450019057
2814,28.8,16.88791208791209
2815,28.8,16.920761993160177
2816,28.8,16.946491969568893
2817,28.8,16.94938093580626
2818,28.8,16.94938093580626
2819,28.8,16.94938093580626
2820,28.8,16.94938093580626
2821,28.8,16.94938093580626
2822,28.8,16.94938093580626
2823,28.8,16.94938093580626
2824,28.8,16.94938093580626
2825,28.8,16.94938093580626
2826,28.8,16.94938093580626
2827,28.8,16.94938093580626
2828,28.8,17.04938093580627
2829,28.8,17.04938093580627
2830,28.8,17.04938093580627
2831,28.8,17.04938093580627
2832,28.8,17.04938093580627
2833,28.8,17.04938093580627
2834,28.8,17.04938093580627
2835,28.8,17.04938093580627
2836,28.8,17.04938093580627
2837,30.200000000000003,17.04938093580627
2838,30.200000000000003,17.04938093580627
2839,30.200000000000003,17.04938093580627
2840,30.200000000000003,17.04938093580627
2841,30.200000000000003,17.04938093580627
2842,30.200000000000003,17.13487809324913
2843,30.200000000000003,17.18303139796352
2844,30.200000000000003,17.374453450019057
2845,30.200000000000003,17.43487809324913
2846,30.200000000000003,17.43487809324913
2847,30.200000000000003,17.446491969568893
2848,30.200000000000003,17.531977524737705
2849,30.200000000000003,17.549125685777266
2850,30.200000000000003,17.574453450019053
2851,30.200000000000003,17.774453450019056
2852,30.200000000000003,17.774453450019056
2853,30.200000000000003,17.774453450019056
2854,30.200000000000003,17.80888899938674
2855,30.200000000000003,17.88791208791209
2856,30.200000000000003,17.931977524737704
2857,30.200000000000003,17.931977524737704
2858,30.200000000000003,17.931977524737704
2859,30.200000000000003,17.935933900187294
2860,30.200000000000003,18.031977524737705
2861,30.200000000000003,18.031977524737705
2862,30.200000000000003,18.031977524737705
2863,30.200000000000003,18.03487809324913
2864,30.200000000000003,18.13487809324913
2865,30.200000000000003,18.149380935806263
2866,30.200000000000003,18.149380935806263
2867,30.200000000000003,18.149380935806263
2868,30.200000000000003,18.149380935806263
2869,30.200000000000003,18.149380935806263
2870,30.200000000000003,18.149380935806263
2871,30.200000000000003,18.149380935806263
2872,30.200000000000003,18.149380935806263
2873,30.200000000000003,18.149380935806263
2874,30.200000000000003,18.149380935806263
2875,30.200000000000003,18.149380935806263
2876,30.200000000000003,18.149380935806263
2877,30.200000000000003,18.149380935806263
2878,30.200000000000003,18.149380935806263
2879,30.200000000000003,18.149380935806263
2880,30.200000000000003,18.149380935806263
2881,30.200000000000003,18.149380935806263
2882,30.200000000000003,18.149380935806263
2883,30.200000000000003,18.149380935806263
2884,30.200000000000003,18.149380935806263
2885,30.200000000000003,18.174453450019055
2886,30.200000000000003,18.174453450019055
2887,30.200000000000003,18.187912087912085
2888,30.200000000000003,18.231977524737708
2889,30.200000000000003,18.259150050552762
2890,30.200000000000003,18.274453450019056
2891,30.200000000000003,18.274453450019056
2892,30.200000000000003,18.335933900187285
2893,30.200000000000003,18.431977524737704
2894,30.200000000000003,18.431977524737704
2895,30.200000000000003,18.43487809324913
2896,30.200000000000003,18.531977524737705
2897,30.200000000000003,18.587912087912084
2898,30.200000000000003,18.605593953557754
2899,30.200000000000003,18.631977524737703
2900,30.200000000000003,18.734878093249133
2901,30.200000000000003,18.734878093249133
2902,30.200000000000003,18.787912087912087
2903,30.200000000000003,18.80888899938674
2904,30.200000000000003,18.831977524737706
2905,30.200000000000003,18.94649196956889
2906,30.200000000000003,18.94649196956889
2907,30.200000000000003,18.98791208791209
2908,30.200000000000003,18.988967894850248
2909,30.200000000000003,19.03487809324913
2910,30.200000000000003,19.108888999386735
2911,30.200000000000003,19.13487809324913
2912,30.200000000000003,19.13487809324913
2913,30.200000000000003,19.174453450019055
2914,30.200000000000003,19.174453450019055
2915,30.200000000000003,19.23593390018729
2916,30.200000000000003,19.334878093249134
2917,30.200000000000003,19.34938093580626
2918,30.200000000000003,19.54938093580627
2919,30.200000000000003,19.54938093580627
2920,30.200000000000003,19.54938093580627
2921,30.200000000000003,19.54938093580627
2922,30.200000000000003,19.54938093580627
2923,30.200000000000003,19.54938093580627
2924,30.200000000000003,19.54938093580627
2925,30.200000000000003,19.54938093580627
2926,30.200000000000003,19.54938093580627
2927,30.200000000000003,19.54938093580627
2928,30.200000000000003,19.54938093580627
2929,30.200000000000003,19.54938093580627
2930,30.200000000000003,19.54938093580627
2931,30.200000000000003,19.54938093580627
2932,30.200000000000003,19.54938093580627
2933,30.200000000000003,19.54938093580627
2934,30.200000000000003,19.54938093580627
2935,30.200000000000003,19.54938093580627
2936,30.200000000000003,19.54938093580627
2937,30.200000000000003,19.54938093580627
2938,30.200000000000003,19.54938093580627
2939,30.200000000000003,19.54938093580627
2940,30.200000000000003,19.54938093580627
2941,30.200000000000003,19.54938093580627
2942,30.200000000000003,19.54938093580627
2943,30.200000000000003,19.54938093580627
2944,30.200000000000003,19.54938093580627
2945,30.200000000000003,19.54938093580627
2946,30.200000000000003,19.54938093580627
2947,30.200000000000003,19.54938093580627
2948,30.200000000000003,19.587912087912084
2949,30.200000000000003,19.587912087912084
2950,30.200000000000003,19.63487809324913
2951,30.200000000000003,19.687912087912085
2952,30.200000000000003,19.746491969568893
2953,30.200000000000003,19.787912087912087
2954,30.200000000000003,19.788967894850245
2955,30.200000000000003,19.834878093249134
2956,30.200000000000003,19.835933900187293
2957,30.200000000000003,19.87445345001905
2958,30.200000000000003,19.87445345001905
2959,30.200000000000003,19.87445345001905
2960,30.200000000000003,19.87445345001905
2961,30.200000000000003,19.87445345001905
2962,30.200000000000003,19.87445345001905
2963,30.200000000000003,19.87828220045414
2964,30.200000000000003,19.920761993160177
2965,30.200000000000003,19.97445345001906
2966,30.200000000000003,19.97445345001906
2967,30.200000000000003,19.97445345001906
2968,30.200000000000003,20.008888999386734
2969,30.200000000000003,20.031977524737705
2970,30.200000000000003,20.03487809324913
2971,30.200000000000003,20.087912087912084
2972,30.200000000000003,20.131977524737707
2973,30.200000000000003,20.2319775247377
2974,30.200000000000003,20.2319775247377
2975,30.200000000000003,20.2319775247377
2976,30.200000000000003,20.2319775247377
2977,30.200000000000003,20.231977524737708
2978,30.200000000000003,20.23593390018729
2979,30.200000000000003,20.30888899938674
2980,30.200000000000003,20.33197752473771
2981,30.200000000000003,20.33197752473771
2982,30.200000000000003,20.420761993160177
2983,30.200000000000003,20.43487809324913
2984,30.200000000000003,20.43487809324913
2985,30.200000000000003,20.508888999386734
2986,30.200000000000003,20.508888999386734
2987,30.200000000000003,20.53487809324913
2988,30.200000000000003,20.631977524737707
2989,30.200000000000003,20.646491969568892
2990,30.200000000000003,20.649380935806263
2991,30.200000000000003,20.687912087912085
2992,30.200000000000003,20.71604760247292
2993,30.200000000000003,20.734878093249126
2994,30.200000000000003,20.749380935806265
2995,30.200000000000003,20.774453450019056
2996,30.200000000000003,20.774453450019056
2997,30.200000000000003,20.774453450019056
2998,30.200000000000003,20.787912087912087
2999,31.400000000000002,20.787912087912087
3000,31.400000000000002,20.81604760247292
3001,31.400000000000002,20.831977524737702
3002,31.400000000000002,20.98791208791209
3003,31.400000000000002,20.98791208791209
3004,31.400000000000002,20.98791208791209
3005,31.400000000000002,20.98791208791209
3006,31.400000000000002,20.98791208791209
3007,31.400000000000002,20.98791208791209
3008,31.400000000000002,21.074453450019053
3009,31.400000000000002,21.074453450019053
3010,31.400000000000002,21.074453450019053
3011,31.400000000000002,21.074453450019053
3012,31.400000000000002,21.074453450019053
3013,31.400000000000002,21.174453450019055
3014,31.400000000000002,21.174453450019055
3015,31.400000000000002,21.20888899938673
3016,31.400000000000002,21.33197752473771
3017,31.400000000000002,21.334878093249134
3018,31.400000000000002,21.334878093249134
3019,31.400000000000002,21.335933900187285
3020,31.400000000000002,21.408888999386733
3021,31.400000000000002,21.431977524737704
3022,31.400000000000002,21.43487809324913
3023,31.400000000000002,21.44649196956889
3024,31.400000000000002,21.466540699119882
3025,31.400000000000002,21.47445345001906
3026,31.400000000000002,21.47445345001906
3027,31.400000000000002,21.47445345001906
3028,31.400000000000002,21.531977524737705
3029,31.400000000000002,21.53593390018729
3030,31.400000000000002,21.574453450019053
3031,31.400000000000002,21.578282200454144
3032,31.400000000000002,21.687912087912085
3033,31.400000000000002,21.70888899938673
3034,31.400000000000002,21.787912087912087
3035,31.400000000000002,21.787912087912087
3036,31.400000000000002,21.787912087912087
3037,31.400000000000002,21.83197752473771
3038,31.400000000000002,21.83197752473771
3039,31.400000000000002,21.931977524737704
3040,31.400000000000002,21.931977524737704
3041,31.400000000000002,21.97445345001906
3042,31.400000000000002,21.97445345001906
3043,31.400000000000002,22.031977524737705
3044,31.400000000000002,22.108888999386735
3045,31.400000000000002,22.108888999386735
3046,31.400000000000002,22.131977524737707
3047,31.400000000000002,22.131977524737707
3048,31.400000000000002,22.131977524737707
3049,31.400000000000002,22.131977524737707
3050,31.400000000000002,22.131977524737707
3051,31.400000000000002,22.177098768501484
3052,31.400000000000002,22.27709876850148
3053,31.400000000000002,22.428415626605673
3054,31.400000000000002,22.431977524737704
3055,31.400000000000002,22.47445345001906
3056,31.400000000000002,22.47445345001906
3057,31.400000000000002,22.47445345001906
3058,31.400000000000002,22.54649196956889
3059,31.400000000000002,22.62076199316018
3060,31.400000000000002,22.63487809324913
3061,31.400000000000002,22.674453450019055
3062,31.400000000000002,22.674453450019055
3063,31.400000000000002,22.674453450019055
3064,31.400000000000002,22.674453450019055
3065,31.400000000000002,22.674453450019055
3066,31.400000000000002,22.674453450019055
3067,31.400000000000002,22.746491969568893
3068,31.400000000000002,22.778282200454147
3069,31.400000000000002,22.83197752473771
3070,31.400000000000002,22.83197752473771
3071,31.400000000000002,22.87445345001905
3072,31.400000000000002,22.88791208791208
3073,31.400000000000002,22.88791208791208
3074,31.400000000000002,22.931977524737704
3075,31.400000000000002,22.94649196956889
3076,31.400000000000002,22.97445345001906
3077,31.400000000000002,23.031977524737705
3078,31.400000000000002,23.03487809324913
3079,31.400000000000002,23.131977524737707
3080,31.400000000000002,23.31604760247292
3081,31.400000000000002,23.31604760247292
3082,31.400000000000002,23.31604760247292
3083,31.400000000000002,23.31604760247292
3084,31.400000000000002,23.31604760247292
3085,31.400000000000002,23.31604760247292
3086,31.400000000000002,23.37445345001905
3087,31.400000000000002,23.37445345001905
3088,31.400000000000002,23.374453450019057
3089,31.400000000000002,23.374453450019057
3090,31.400000000000002,23.38791208791209
3091,31.400000000000002,23.431977524737704
3092,31.400000000000002,23.466540699119882
3093,31.400000000000002,23.47445345001906
3094,31.400000000000002,23.47445345001906
3095,31.400000000000002,23.47445345001906
3096,31.400000000000002,23.47445345001906
3097,31.400000000000002,23.508888999386734
3098,31.400000000000002,23.508888999386734
3099,31.400000000000002,23.508888999386734
3100,31.400000000000002,23.53487809324913
3101,31.400000000000002,23.559150050552766
3102,31.400000000000002,23.574453450019053
3103,31.400000000000002,23.574453450019053
3104,31.400000000000002,23.583031397963527
3105,31.400000000000002,23.587912087912084
3106,31.400000000000002,23.608888999386735
3107,31.400000000000002,23.7319775247377
3108,31.400000000000002,23.734878093249126
3109,31.400000000000002,23.787912087912087
3110,31.400000000000002,23.94938093580626
3111,31.400000000000002,23.94938093580626
3112,31.400000000000002,23.94938093580626
3113,31.400000000000002,23.94938093580626
3114,31.400000000000002,23.94938093580626
3115,31.400000000000002,23.94938093580626
3116,31.400000000000002,23.94938093580626
3117,31.400000000000002,23.94938093580626
3118,31.400000000000002,23.94938093580626
3119,31.400000000000002,23.94938093580626
3120,31.400000000000002,23.94938093580626
3121,31.400000000000002,23.94938093580626
3122,31.400000000000002,23.97445345001906
3123,31.400000000000002,24.031977524737705
3124,31.400000000000002,24.031977524737705
3125,31.400000000000002,24.074453450019053
3126,31.400000000000002,24.074453450019053
3127,31.400000000000002,24.074453450019053
3128,31.400000000000002,24.074453450019053
3129,31.400000000000002,24.131977524737707
3130,31.400000000000002,24.131977524737707
3131,31.400000000000002,24.13593390018729
3132,31.400000000000002,24.17445345001906
3133,31.400000000000002,24.17445345001906
3134,31.400000000000002,24.17445345001906
3135,31.400000000000002,24.17445345001906
3136,31.400000000000002,24.17445345001906
3137,31.400000000000002,24.187912087912085
3138,31.400000000000002,24.274453450019056
3139,31.400000000000002,24.274453450019056
3140,31.400000000000002,24.274453450019056
3141,31.400000000000002,24.374453450019057
3142,31.400000000000002,24.374453450019057
3143,31.400000000000002,24.431977524737704
3144,31.400000000000002,24.574453450019053
3145,31.400000000000002,24.574453450019053
3146,31.400000000000002,24.574453450019053
3147,31.400000000000002,24.63487809324913
3148,31.400000000000002,24.674453450019055
3149,31.400000000000002,24.70888899938673
3150,31.400000000000002,24.74490245802463
3151,31.400000000000002,24.828415626605672
3152,31.400000000000002,24.83197752473771
3153,31.400000000000002,24.874453450019057
3154,31.400000000000002,24.874453450019057
3155,31.400000000000002,24.874453450019057
3156,31.400000000000002,24.874453450019057
3157,31.400000000000002,24.874453450019057
3158,31.400000000000002,24.931977524737704
3159,31.400000000000002,25.016047602472923
3160,31.400000000000002,25.016047602472923
3161,31.400000000000002,25.016047602472923
3162,31.400000000000002,25.016047602472923
3163,31.400000000000002,25.016047602472923
3164,31.400000000000002,25.016047602472923
3165,31.400000000000002,25.016047602472923
3166,31.400000000000002,25.016047602472923
3167,31.400000000000002,25.031977524737705
3168,31.400000000000002,25.031977524737705
3169,31.400000000000002,25.187912087912085
3170,31.400000000000002,25.274453450019056
3171,31.400000000000002,25.274453450019056
3172,31.400000000000002,25.274453450019056
3173,31.400000000000002,25.305060248951644
3174,31.400000000000002,25.474453450019052
3175,31.400000000000002,25.47445345001906
3176,31.400000000000002,25.47445345001906
3177,31.400000000000002,25.47445345001906
3178,31.400000000000002,25.47445345001906
3179,31.400000000000002,25.47445345001906
3180,31.400000000000002,25.531977524737705
3181,31.400000000000002,25.531977524737705
3182,31.400000000000002,25.531977524737705
3183,31.400000000000002,25.7319775247377
3184,31.400000000000002,25.7319775247377
3185,31.400000000000002,25.746491969568893
3186,31.400000000000002,25.774453450019056
3187,31.400000000000002,25.774453450019056
3188,31.400000000000002,25.774453450019056
3189,31.400000000000002,25.774453450019056
3190,31.400000000000002,25.774453450019056
3191,31.400000000000002,25.774453450019056
3192,31.400000000000002,25.774453450019056
3193,31.400000000000002,25.774453450019056
3194,31.400000000000002,25.81680175028591
3195,31.400000000000002,25.849380935806266
3196,31.400000000000002,25.86086718711153
3197,31.400000000000002,25.916047602472915
3198,31.400000000000002,25.916047602472915
3199,31.400000000000002,25.916047602472915
3200,31.400000000000002,25.916047602472915
3201,31.400000000000002,25.916047602472915
3202,31.400000000000002,25.916047602472915
3203,31.400000000000002,25.916047602472915
3204,31.400000000000002,25.916047602472915
3205,31.400000000000002,25.916047602472915
3206,31.400000000000002,25.916047602472915
3207,31.400000000000002,25.916047602472915
3208,31.400000000000002,25.916047602472915
3209,31.400000000000002,25.916047602472915
3210,31.400000000000002,25.916047602472915
3211,31.400000000000002,25.916047602472915
3212,31.400000000000002,25.916047602472915
3213,31.400000000000002,25.916047602472915
3214,31.400000000000002,25.916047602472915
3215,31.400000000000002,25.931977524737704
3216,31.400000000000002,25.97445345001906
3217,31.400000000000002,25.97445345001906
3218,31.400000000000002,26.016674125271408
3219,31.400000000000002,26.031977524737705
3220,31.400000000000002,26.108888999386735
3221,31.400000000000002,26.13593390018729
3222,31.400000000000002,26.23593390018729
3223,31.400000000000002,26.531977524737705
3224,31.400000000000002,26.631977524737707
3225,31.400000000000002,26.67445345001906
3226,31.400000000000002,26.67445345001906
3227,31.400000000000002,26.67445345001906
3228,31.400000000000002,26.67445345001906
3229,31.400000000000002,26.67445345001906
3230,31.400000000000002,26.67445345001906
3231,31.400000000000002,26.734878093249126
3232,31.400000000000002,26.749380935806258
3233,31.400000000000002,26.749380935806258
3234,31.400000000000002,26.749380935806258
3235,31.400000000000002,26.749380935806258
3236,31.400000000000002,26.749380935806258
3237,31.400000000000002,26.749380935806258
3238,31.400000000000002,26.749380935806258
3239,31.400000000000002,26.749380935806258
3240,31.400000000000002,26.749380935806258
3241,31.400000000000002,26.749380935806258
3242,31.400000000000002,26.787912087912087
3243,31.400000000000002,26.83197752473771
3244,31.400000000000002,26.83197752473771
3245,37.4,26.834878093249134
3246,37.4,26.874453450019057
3247,37.4,26.874453450019057
3248,37.4,26.874453450019057
3249,37.4,26.874453450019057
3250,37.4,26.874453450019057
3251,37.4,26.966540699119882
3252,37.4,27.087912087912084
3253,37.4,27.47445345001906
3254,37.4,27.47445345001906
3255,37.4,27.48791208791209
3256,37.4,27.48791208791209
3257,37.4,27.531977524737705
3258,37.4,27.531977524737705
3259,37.4,27.587912087912084
3260,37.4,27.587912087912084
3261,37.4,27.631977524737707
3262,37.4,27.67445345001906
3263,37.4,27.67445345001906
3264,37.4,27.67445345001906
3265,37.4,27.67445345001906
3266,37.4,27.93487809324913
3267,37.4,28.016047602472923
3268,37.4,28.016047602472923
3269,37.4,28.016047602472923
3270,37.4,28.016047602472923
3271,37.4,28.016047602472923
3272,37.4,28.031977524737705
3273,37.4,28.320761993160183
3274,37.4,28.33197752473771
3275,37.4,28.334878093249134
3276,37.4,28.383031397963524
3277,37.4,28.43487809324913
3278,37.4,28.43487809324913
3279,37.4,28.43487809324913
3280,37.4,28.48791208791209
3281,37.4,28.516047602472923
3282,37.4,28.516047602472923
3283,37.4,28.516047602472923
3284,37.4,28.516047602472923
3285,37.4,28.516047602472923
3286,37.4,28.516047602472923
3287,37.4,28.516047602472923
3288,37.4,28.516047602472923
3289,37.4,28.516047602472923
3290,37.4,28.516047602472923
3291,37.4,28.516047602472923
3292,37.4,28.516047602472923
3293,37.4,28.516047602472923
3294,37.4,28.516047602472923
3295,37.4,28.516047602472923
3296,37.4,28.516047602472923
3297,37.4,28.516047602472923
3298,37.4,28.531977524737712
3299,37.4,28.574453450019053
3300,37.4,28.574453450019053
3301,37.4,28.687912087912085
3302,37.4,28.687912087912085
3303,37.4,28.687912087912085
3304,37.4,28.7319775247377
3305,37.4,28.7319775247377
3306,37.4,28.731977524737708
3307,37.4,28.731977524737708
3308,37.4,28.731977524737708
3309,37.4,28.88791208791208
3310,37.4,28.98791208791209
3311,37.4,29.146491969568892
3312,37.4,29.231977524737708
3313,37.4,29.30888899938674
3314,37.4,29.334878093249134
3315,37.4,29.38791208791209
3316,37.4,29.53487809324913
3317,37.4,29.587912087912084
3318,37.4,29.674453450019048
3319,37.4,29.674453450019048
3320,37.4,29.674453450019048
3321,37.4,29.674453450019048
3322,37.4,29.734878093249126
3323,37.4,29.80888899938674
3324,37.4,29.960867187111525
3325,37.4,30.031977524737705
3326,37.4,30.087912087912084
3327,37.4,30.087912087912084
3328,37.4,30.087912087912084
3329,37.4,30.087912087912084
3330,37.4,30.234878093249133
3331,37.4,30.43487809324913
3332,37.4,30.549380935806255
3333,37.4,30.549380935806255
3334,37.4,30.549380935806255
3335,37.4,30.577098768501486
3336,37.4,30.587912087912084
3337,37.4,30.616047602472918
3338,37.4,30.616047602472918
3339,37.4,30.616047602472918
3340,37.4,30.616047602472918
3341,37.4,30.616047602472918
3342,37.4,30.616047602472918
3343,37.4,30.616047602472918
3344,37.4,30.616047602472918
3345,37.4,30.616047602472918
3346,37.4,30.616047602472918
3347,37.4,30.616047602472918
3348,37.4,30.616047602472918
3349,37.4,30.616047602472918
3350,37.4,30.616047602472918
3351,37.4,30.616047602472918
3352,37.4,30.616047602472918
3353,37.4,30.63593390018729
3354,37.4,30.65839590273977
3355,37.4,30.687912087912085
3356,37.4,30.687912087912085
3357,37.4,30.70888899938673
3358,37.4,30.80888899938674
3359,37.4,30.834878093249134
3360,37.4,30.835933900187285
3361,37.4,30.846491969568895
3362,37.4,30.921817800098346
3363,37.4,31.13487809324913
3364,37.4,31.20888899938673
3365,37.4,31.234878093249133
3366,37.4,31.274453450019056
3367,37.4,31.274453450019056
3368,37.4,31.287912087912087
3369,37.4,31.30888899938674
3370,37.4,31.335933900187285
3371,37.4,31.408888999386733
3372,37.4,31.43487809324913
3373,37.4,31.43487809324913
3374,37.4,31.7319775247377
3375,37.4,31.7319775247377
3376,37.4,31.80888899938674
3377,37.4,31.908888999386733
3378,37.4,31.98791208791209
3379,37.4,31.98791208791209
3380,37.4,31.98791208791209
3381,37.4,31.98791208791209
3382,37.4,32.16561638462091
3383,37.4,32.27445345001905
3384,37.4,32.27445345001905
3385,37.4,32.27445345001905
3386,37.4,32.27445345001905
3387,37.4,32.27445345001905
3388,37.4,32.33487809324913
3389,58.73333333333333,32.37445345001906
3390,58.73333333333333,32.40888899938673
3391,58.73333333333333,32.54649196956889
3392,58.73333333333333,32.63197752473771
3393,58.73333333333333,32.63197752473771
3394,58.73333333333333,32.83487809324913
3395,58.73333333333333,32.83487809324913
3396,58.73333333333333,32.887912087912085
3397,58.73333333333333,33.108888999386735
3398,58.73333333333333,33.108888999386735
3399,58.73333333333333,33.17445345001906
3400,58.73333333333333,33.17445345001906
3401,58.73333333333333,33.17445345001906
3402,58.73333333333333,33.23593390018729
3403,58.73333333333333,33.474453450019055
3404,58.73333333333333,33.474453450019055
3405,58.73333333333333,33.474453450019055
3406,58.73333333333333,33.474453450019055
3407,58.73333333333333,33.474453450019055
3408,58.73333333333333,33.48791208791209
3409,58.73333333333333,33.687912087912096
3410,58.73333333333333,33.73593390018729
3411,58.73333333333333,33.74649196956889
3412,58.73333333333333,33.83197752473771
3413,58.73333333333333,33.87445345001905
3414,58.73333333333333,33.87445345001905
3415,58.73333333333333,34.33197752473771
3416,58.73333333333333,34.44490245802463
3417,58.73333333333333,34.531977524737705
3418,58.73333333333333,34.74938093580626
3419,58.73333333333333,34.74938093580626
3420,58.73333333333333,34.74938093580626
3421,58.73333333333333,34.74938093580626
3422,58.73333333333333,34.81604760247292
3423,58.73333333333333,34.81604760247292
3424,58.73333333333333,34.81604760247292
3425,58.73333333333333,34.81604760247292
3426,58.73333333333333,34.81604760247292
3427,58.73333333333333,34.81604760247292
3428,58.73333333333333,34.81604760247292
3429,58.73333333333333,34.81604760247292
3430,58.73333333333333,34.81604760247292
3431,58.73333333333333,34.81604760247292
3432,58.73333333333333,34.81604760247292
3433,58.73333333333333,34.81604760247292
3434,58.73333333333333,34.81604760247292
3435,58.73333333333333,34.81604760247292
3436,58.73333333333333,34.81604760247292
3437,58.73333333333333,34.81604760247292
3438,58.73333333333333,34.81604760247292
3439,58.73333333333333,34.81604760247292
3440,58.73333333333333,34.81604760247292
3441,58.73333333333333,34.81604760247292
3442,58.73333333333333,34.81604760247292
3443,58.73333333333333,34.81604760247292
3444,58.73333333333333,34.81604760247292
3445,58.73333333333333,34.81604760247292
3446,58.73333333333333,34.81604760247292
3447,58.73333333333333,34.81604760247292
3448,58.73333333333333,34.81604760247292
3449,58.73333333333333,34.81604760247292
3450,58.73333333333333,34.81604760247292
3451,58.73333333333333,34.81604760247292
3452,58.73333333333333,34.85839590273977
3453,58.73333333333333,34.87445345001906
3454,58.73333333333333,34.87445345001906
3455,58.73333333333333,35.07445345001905
3456,58.73333333333333,35.07445345001905
3457,58.73333333333333,35.07445345001905
3458,58.73333333333333,35.07445345001905
3459,58.73333333333333,35.17445345001906
3460,58.73333333333333,35.17445345001906
3461,58.73333333333333,35.17445345001906
3462,58.73333333333333,35.23197752473771
3463,58.73333333333333,35.33197752473771
3464,58.73333333333333,35.431977524737704
3465,58.73333333333333,35.68791208791208
3466,58.73333333333333,35.68791208791208
3467,58.73333333333333,36.03197752473771
3468,58.73333333333333,36.13197752473771
3469,58.73333333333333,36.23197752473771
3470,58.73333333333333,36.27445345001905
3471,58.73333333333333,36.27445345001905
3472,58.73333333333333,36.27445345001905
3473,58.73333333333333,36.27445345001905
3474,58.73333333333333,36.349380935806266
3475,58.73333333333333,36.349380935806266
3476,58.73333333333333,36.349380935806266
3477,58.73333333333333,36.349380935806266
3478,58.73333333333333,36.416047602472915
3479,58.73333333333333,36.416047602472915
3480,58.73333333333333,36.416047602472915
3481,58.73333333333333,36.416047602472915
3482,58.73333333333333,36.416047602472915
3483,58.73333333333333,36.416047602472915
3484,58.73333333333333,36.416047602472915
3485,58.73333333333333,36.416047602472915
3486,58.73333333333333,36.416047602472915
3487,58.73333333333333,36.416047602472915
3488,58.73333333333333,36.416047602472915
3489,58.73333333333333,36.416047602472915
3490,58.73333333333333,36.416047602472915
3491,58.73333333333333,36.416047602472915
3492,58.73333333333333,36.416047602472915
3493,58.73333333333333,36.416047602472915
3494,58.73333333333333,36.416047602472915
3495,58.73333333333333,36.416047602472915
3496,58.73333333333333,36.416047602472915
3497,58.73333333333333,36.416047602472915
3498,58.73333333333333,36.416047602472915
3499,58.73333333333333,36.416047602472915
3500,58.73333333333333,36.416047602472915
3501,58.73333333333333,36.416047602472915
3502,58.73333333333333,36.416047602472915
3503,58.73333333333333,36.416047602472915
3504,58.73333333333333,36.416047602472915
3505,58.73333333333333,36.416047602472915
3506,58.73333333333333,36.416047602472915
3507,58.73333333333333,36.416047602472915
3508,58.73333333333333,36.416047602472915
3509,58.73333333333333,36.416047602472915
3510,58.73333333333333,36.416047602472915
3511,58.73333333333333,36.416047602472915
3512,58.73333333333333,36.416047602472915
3513,58.73333333333333,36.416047602472915
3514,58.73333333333333,36.416047602472915
3515,58.73333333333333,36.416047602472915
3516,58.73333333333333,36.416047602472915
3517,58.73333333333333,36.416047602472915
3518,58.73333333333333,36.416047602472915
3519,58.73333333333333,36.416047602472915
3520,58.73333333333333,36.416047602472915
3521,58.73333333333333,36.416047602472915
3522,58.73333333333333,36.431977524737704
3523,58.73333333333333,36.44490245802463
3524,58.73333333333333,36.73197752473771
3525,58.73333333333333,37.13197752473771
3526,58.73333333333333,37.3319775247377
3527,58.73333333333333,37.33197752473771
3528,58.73333333333333,37.63197752473771
3529,58.73333333333333,37.67445345001906
3530,58.73333333333333,37.67445345001906
3531,58.73333333333333,37.67445345001906
3532,58.73333333333333,37.67445345001906
3533,58.73333333333333,37.67445345001906
3534,58.73333333333333,37.67445345001906
3535,58.73333333333333,37.83197752473771
3536,58.73333333333333,38.24938093580627
3537,58.73333333333333,38.24938093580627
3538,58.73333333333333,38.24938093580627
3539,58.73333333333333,38.24938093580627
3540,58.73333333333333,38.24938093580627
3541,58.73333333333333,38.28791208791209
3542,58.73333333333333,38.31604760247292
3543,58.73333333333333,38.31604760247292
3544,58.73333333333333,38.31604760247292
3545,58.73333333333333,38.31604760247292
3546,58.73333333333333,38.31604760247292
3547,58.73333333333333,38.31604760247292
3548,58.73333333333333,38.31604760247292
3549,58.73333333333333,38.31604760247292
3550,58.73333333333333,38.31604760247292
3551,58.73333333333333,38.31604760247292
3552,58.73333333333333,38.31604760247292
3553,58.73333333333333,38.31604760247292
3554,58.73333333333333,38.31604760247292
3555,58.73333333333333,38.31604760247292
3556,58.73333333333333,38.31604760247292
3557,58.73333333333333,38.31604760247292
3558,58.73333333333333,38.31604760247292
3559,58.73333333333333,38.31604760247292
3560,58.73333333333333,38.31604760247292
3561,58.73333333333333,38.31604760247292
3562,58.73333333333333,38.31604760247292
3563,58.73333333333333,38.31604760247292
3564,58.73333333333333,38.31604760247292
3565,58.73333333333333,38.31604760247292
3566,58.73333333333333,38.31604760247292
3567,58.73333333333333,38.31604760247292
3568,58.73333333333333,38.31604760247292
3569,58.73333333333333,38.31604760247292
3570,58.73333333333333,38.31604760247292
3571,58.73333333333333,38.31604760247292
3572,58.73333333333333,38.31604760247292
3573,58.73333333333333,38.31604760247292
3574,58.73333333333333,38.31604760247292
3575,58.73333333333333,38.31604760247292
3576,58.73333333333333,38.31604760247292
3577,58.73333333333333,38.31604760247292
3578,58.73333333333333,38.31604760247292
3579,58.73333333333333,38.31604760247292
3580,58.73333333333333,38.31604760247292
3581,58.73333333333333,38.31604760247292
3582,58.73333333333333,38.31604760247292
3583,58.73333333333333,38.31604760247292
3584,58.73333333333333,38.31604760247292
3585,58.73333333333333,38.31604760247292
3586,58.73333333333333,38.31604760247292
3587,58.73333333333333,38.31604760247292
3588,58.73333333333333,38.31604760247292
3589,58.73333333333333,38.31604760247292
3590,58.73333333333333,38.31604760247292
3591,58.73333333333333,38.31604760247292
3592,58.73333333333333,38.31604760247292
3593,58.73333333333333,38.31604760247292
3594,58.73333333333333,38.31604760247292
3595,58.73333333333333,38.31604760247292
3596,58.73333333333333,38.31604760247292
3597,58.73333333333333,38.31604760247292
3598,58.73333333333333,38.31604760247292
3599,58.73333333333333,38.31604760247292
3600,58.73333333333333,38.31604760247292
3601,58.73333333333333,38.31604760247292
3602,58.73333333333333,38.31604760247292
3603,58.73333333333333,38.31604760247292
3604,58.73333333333333,38.31604760247292
3605,58.73333333333333,38.31604760247292
3606,58.73333333333333,38.31604760247292
3607,58.73333333333333,38.31604760247292
3608,58.73333333333333,38.31604760247292
3609,58.73333333333333,38.31604760247292
3610,58.73333333333333,38.31604760247292
3611,58.73333333333333,38.35839590273977
3612,58.73333333333333,38.35839590273977
3613,58.73333333333333,38.387912087912085
3614,58.73333333333333,38.841120116685715
3615,58.73333333333333,38.87445345001906
3616,58.73333333333333,38.87445345001906
3617,58.73333333333333,38.94112011668571
3618,58.73333333333333,38.94112011668571
3619,58.73333333333333,38.94938093580626
3620,58.73333333333333,38.94938093580626
3621,58.73333333333333,38.94938093580626
3622,58.73333333333333,38.94938093580626
3623,58.73333333333333,38.94938093580626
3624,58.73333333333333,38.94938093580626
3625,58.73333333333333,39.01604760247292
3626,58.73333333333333,39.01604760247292
3627,58.73333333333333,39.01604760247292
3628,58.73333333333333,39.01604760247292
3629,58.73333333333333,39.01604760247292
3630,58.73333333333333,39.01604760247292
3631,58.73333333333333,39.01604760247292
3632,58.73333333333333,39.01604760247292
3633,58.73333333333333,39.01604760247292
3634,58.73333333333333,39.01604760247292
3635,58.73333333333333,39.01604760247292
3636,58.73333333333333,39.01604760247292
3637,58.73333333333333,39.01604760247292
3638,58.73333333333333,39.01604760247292
3639,58.73333333333333,39.01604760247292
3640,58.73333333333333,39.01604760247292
3641,58.73333333333333,39.01604760247292
3642,58.73333333333333,39.01604760247292
3643,58.73333333333333,39.01604760247292
3644,58.73333333333333,39.01604760247292
3645,58.73333333333333,39.01604760247292
3646,58.73333333333333,39.01604760247292
3647,58.73333333333333,39.01604760247292
3648,58.73333333333333,39.01604760247292
3649,58.73333333333333,39.01604760247292
3650,58.73333333333333,39.01604760247292
3651,58.73333333333333,39.01604760247292
3652,58.73333333333333,39.01604760247292
3653,58.73333333333333,39.01604760247292
3654,58.73333333333333,39.01604760247292
3655,58.73333333333333,39.01604760247292
3656,58.73333333333333,39.01604760247292
3657,58.73333333333333,39.01604760247292
3658,58.73333333333333,39.01604760247292
3659,58.73333333333333,39.01604760247292
3660,58.73333333333333,39.01604760247292
3661,58.73333333333333,39.01604760247292
3662,58.73333333333333,39.01604760247292
3663,58.73333333333333,39.01604760247292
3664,58.73333333333333,39.01604760247292
3665,58.73333333333333,39.01604760247292
3666,58.73333333333333,39.01604760247292
3667,58.73333333333333,39.01604760247292
3668,58.73333333333333,39.01604760247292
3669,58.73333333333333,39.01604760247292
3670,58.73333333333333,39.01604760247292
3671,58.73333333333333,39.01604760247292
3672,58.73333333333333,39.01604760247292
3673,58.73333333333333,39.01604760247292
3674,58.73333333333333,39.01604760247292
3675,58.73333333333333,39.01604760247292
3676,58.73333333333333,39.01604760247292
3677,58.73333333333333,39.01604760247292
3678,58.73333333333333,39.01604760247292
3679,58.73333333333333,39.01604760247292
3680,58.73333333333333,39.01604760247292
3681,58.73333333333333,39.01604760247292
3682,58.73333333333333,39.01604760247292
3683,58.73333333333333,39.01604760247292
3684,58.73333333333333,39.01604760247292
3685,58.73333333333333,39.01604760247292
3686,58.73333333333333,39.01604760247292
3687,58.73333333333333,39.01604760247292
3688,58.73333333333333,39.01604760247292
3689,58.73333333333333,39.01604760247292
3690,58.73333333333333,39.01604760247292
3691,58.73333333333333,39.01604760247292
3692,58.73333333333333,39.01604760247292
3693,58.73333333333333,39.01604760247292
3694,58.73333333333333,39.01604760247292
3695,58.73333333333333,39.01604760247292
3696,58.73333333333333,39.01604760247292
3697,58.73333333333333,39.01604760247292
3698,58.73333333333333,39.01604760247292
3699,58.73333333333333,39.01604760247292
3700,58.73333333333333,39.01604760247292
3701,58.73333333333333,39.01604760247292
3702,58.73333333333333,39.01604760247292
3703,58.73333333333333,39.14938093580626
3704,58.73333333333333,39.14938093580626
3705,58.73333333333333,39.14938093580626
3706,58.73333333333333,39.14938093580626
3707,58.73333333333333,39.18791208791208
3708,58.73333333333333,39.21604760247291
3709,58.73333333333333,39.21604760247291
3710,58.73333333333333,39.21604760247291
3711,58.73333333333333,39.21604760247291
3712,58.73333333333333,39.21604760247291
3713,58.73333333333333,39.21604760247291
3714,58.73333333333333,39.21604760247291
3715,58.73333333333333,39.21604760247291
3716,58.73333333333333,39.21604760247291
3717,58.73333333333333,39.21604760247291
3718,58.73333333333333,39.21604760247291
3719,58.73333333333333,39.21604760247291
3720,58.73333333333333,39.21604760247291
3721,58.73333333333333,39.21604760247291
3722,58.73333333333333,39.21604760247291
3723,58.73333333333333,39.21604760247291
3724,58.73333333333333,39.21604760247291
3725,58.73333333333333,39.21604760247291
3726,58.73333333333333,39.21604760247291
3727,58.73333333333333,39.21604760247291
3728,58.73333333333333,39.21604760247291
3729,58.73333333333333,39.21604760247291
3730,58.73333333333333,39.21604760247291
3731,58.73333333333333,39.21604760247291
3732,58.73333333333333,39.21604760247291
3733,58.73333333333333,39.21604760247291
3734,58.73333333333333,39.21604760247291
3735,58.73333333333333,39.21604760247291
3736,58.73333333333333,39.21604760247291
3737,58.73333333333333,39.21604760247291
3738,58.73333333333333,39.21604760247291
3739,58.73333333333333,39.21604760247291
3740,58.73333333333333,39.21604760247291
3741,58.73333333333333,39.21604760247291
3742,58.73333333333333,39.21604760247291
3743,58.73333333333333,39.21604760247291
3744,58.73333333333333,39.21604760247291
3745,58.73333333333333,39.21604760247291
3746,58.73333333333333,39.21604760247291
3747,58.73333333333333,39.21604760247291
3748,58.73333333333333,39.21604760247291
3749,58.73333333333333,39.21604760247291
3750,58.73333333333333,39.21604760247291
3751,58.73333333333333,39.21604760247291
3752,58.73333333333333,39.21604760247291
3753,58.73333333333333,39.21604760247291
3754,58.73333333333333,39.21604760247291
3755,58.73333333333333,39.21604760247291
3756,58.73333333333333,39.21604760247291
3757,58.73333333333333,39.21604760247291
3758,58.73333333333333,39.21604760247291
3759,58.73333333333333,39.21604760247291
3760,58.73333333333333,39.21604760247291
3761,58.73333333333333,39.21604760247291
3762,58.73333333333333,39.21604760247291
3763,58.73333333333333,39.21604760247291
3764,58.73333333333333,39.21604760247291
3765,58.73333333333333,39.21604760247291
3766,58.73333333333333,39.21604760247291
3767,58.73333333333333,39.21604760247291
3768,58.73333333333333,39.21604760247291
3769,58.73333333333333,39.258395902739764
3770,58.73333333333333,39.48791208791209
3771,58.73333333333333,40.32076199316018
3772,58.73333333333333,40.934878093249125
3773,58.73333333333333,41.435933900187294
3774,58.73333333333333,41.44112011668571
3775,58.73333333333333,41.73487809324914
3776,58.73333333333333,41.86654069911988
3777,58.73333333333333,42.07445345001905
3778,58.73333333333333,42.07445345001905
3779,58.73333333333333,42.07445345001905
3780,58.73333333333333,42.07445345001905
3781,58.73333333333333,42.07445345001905
3782,58.73333333333333,42.07445345001905
3783,58.73333333333333,42.28791208791209
3784,58.73333333333333,42.90888899938673
3785,58.73333333333333,43.00532710125471
3786,58.73333333333333,43.07445345001905
3787,58.73333333333333,43.127004016596764
3788,58.73333333333333,43.14112011668571
3789,58.73333333333333,43.14112011668571
3790,58.73333333333333,43.14112011668571
3791,58.73333333333333,43.14112011668571
3792,58.73333333333333,43.14112011668571
3793,58.73333333333333,43.687912087912096
3794,58.73333333333333,43.687912087912096
3795,58.73333333333333,43.687912087912096
3796,58.73333333333333,43.857305288979504
3797,58.73333333333333,44.041120116685704
3798,58.73333333333333,44.041120116685704
3799,58.73333333333333,44.041120116685704
3800,58.73333333333333,44.041120116685704
3801,58.73333333333333,44.125816717219415
3802,58.73333333333333,44.23197752473771
3803,58.73333333333333,44.534878093249134
3804,58.73333333333333,44.534878093249134
3805,58.73333333333333,44.87445345001905
3806,58.73333333333333,44.887912087912085
3807,58.73333333333333,45.031977524737705
3808,58.73333333333333,45.216047602472926
3809,58.73333333333333,45.70154475991579
3810,58.73333333333333,45.7319775247377
3811,58.73333333333333,46.07445345001905
3812,58.73333333333333,46.14112011668571
3813,58.73333333333333,46.14112011668571
3814,58.73333333333333,46.14112011668571
3815,58.73333333333333,46.64112011668571
3816,58.73333333333333,46.64112011668571
3817,58.73333333333333,46.64112011668571
3818,58.73333333333333,47.14938093580626
3819,58.73333333333333,47.14938093580626
3820,58.73333333333333,47.14938093580626
3821,58.73333333333333,47.14938093580626
3822,58.73333333333333,47.14938093580626
3823,58.73333333333333,47.14938093580626
3824,58.73333333333333,47.14938093580626
3825,58.73333333333333,47.191729236073115
3826,58.73333333333333,47.21604760247291
3827,58.73333333333333,47.21604760247291
3828,58.73333333333333,47.21604760247291
3829,58.73333333333333,47.21604760247291
3830,58.73333333333333,47.21604760247291
3831,58.73333333333333,47.21604760247291
3832,58.73333333333333,47.21604760247291
3833,58.73333333333333,47.21604760247291
3834,58.73333333333333,47.21604760247291
3835,58.73333333333333,47.21604760247291
3836,58.73333333333333,47.21604760247291
3837,58.73333333333333,47.21604760247291
3838,58.73333333333333,47.21604760247291
3839,58.73333333333333,47.21604760247291
3840,58.73333333333333,47.21604760247291
3841,58.73333333333333,47.21604760247291
3842,58.73333333333333,47.21604760247291
3843,58.73333333333333,47.21604760247291
3844,58.73333333333333,47.21604760247291
3845,58.73333333333333,47.21604760247291
3846,58.73333333333333,47.21604760247291
3847,58.73333333333333,47.21604760247291
3848,58.73333333333333,47.21604760247291
3849,58.73333333333333,47.21604760247291
3850,58.73333333333333,47.21604760247291
3851,58.73333333333333,47.21604760247291
3852,58.73333333333333,47.21604760247291
3853,58.73333333333333,47.21604760247291
3854,58.73333333333333,47.21604760247291
3855,58.73333333333333,47.21604760247291
3856,58.73333333333333,47.21604760247291
3857,58.73333333333333,47.21604760247291
3858,58.73333333333333,47.21604760247291
3859,58.73333333333333,47.21604760247291
3860,58.73333333333333,47.21604760247291
3861,58.73333333333333,47.21604760247291
3862,58.73333333333333,47.21604760247291
3863,58.73333333333333,47.21604760247291
3864,58.73333333333333,47.21604760247291
3865,58.73333333333333,47.21604760247291
3866,58.73333333333333,47.21604760247291
3867,58.73333333333333,47.21604760247291
3868,58.73333333333333,47.21604760247291
3869,58.73333333333333,47.21604760247291
3870,58.73333333333333,47.21604760247291
3871,58.73333333333333,47.21604760247291
3872,58.73333333333333,47.21604760247291
3873,58.73333333333333,47.21604760247291
3874,58.73333333333333,47.21604760247291
3875,58.73333333333333,47.21604760247291
3876,58.73333333333333,47.21604760247291
3877,58.73333333333333,47.21604760247291
3878,58.73333333333333,47.21604760247291
3879,58.73333333333333,47.21604760247291
3880,58.73333333333333,47.21604760247291
3881,58.73333333333333,47.21604760247291
3882,58.73333333333333,47.21604760247291
3883,58.73333333333333,47.21604760247291
3884,58.73333333333333,47.21604760247291
3885,58.73333333333333,47.21604760247291
3886,58.73333333333333,47.21604760247291
3887,58.73333333333333,47.21604760247291
3888,58.73333333333333,47.21604760247291
3889,58.73333333333333,47.21604760247291
3890,58.73333333333333,47.21604760247291
3891,58.73333333333333,47.21604760247291
3892,58.73333333333333,47.21604760247291
3893,58.73333333333333,47.21604760247291
3894,58.73333333333333,47.21604760247291
3895,58.73333333333333,47.21604760247291
3896,58.73333333333333,47.21604760247291
3897,58.73333333333333,47.21604760247291
3898,58.73333333333333,47.21604760247291
3899,58.73333333333333,47.21604760247291
3900,58.73333333333333,47.21604760247291
3901,58.73333333333333,47.21604760247291
3902,58.73333333333333,47.21604760247291
3903,58.73333333333333,47.21604760247291
3904,58.73333333333333,47.21604760247291
3905,58.73333333333333,47.21604760247291
3906,58.73333333333333,47.258395902739764
3907,58.73333333333333,47.258395902739764
3908,58.73333333333333,47.258395902739764
3909,58.73333333333333,47.258395902739764
3910,58.73333333333333,47.387912087912085
3911,58.73333333333333,47.44938093580626
3912,58.73333333333333,47.44938093580626
3913,58.73333333333333,47.44938093580626
3914,58.73333333333333,47.45457875457875
3915,58.73333333333333,47.716047602472926
3916,58.73333333333333,47.716047602472926
3917,58.73333333333333,48.13197752473771
3918,58.73333333333333,48.13197752473771
3919,58.73333333333333,48.349380935806266
3920,58.73333333333333,48.349380935806266
3921,58.73333333333333,48.74112011668571
3922,58.73333333333333,48.74112011668571
3923,58.73333333333333,48.74112011668571
3924,58.73333333333333,48.74112011668571
3925,58.73333333333333,48.74112011668571
3926,58.73333333333333,48.74112011668571
3927,58.73333333333333,48.74112011668571
3928,58.73333333333333,48.74112011668571
3929,58.73333333333333,48.74112011668571
3930,58.73333333333333,48.74112011668571
3931,58.73333333333333,48.74112011668571
3932,58.73333333333333,48.74112011668571
3933,58.73333333333333,48.74112011668571
3934,58.73333333333333,48.74112011668571
3935,58.73333333333333,48.74112011668571
3936,58.73333333333333,48.74112011668571
3937,58.73333333333333,48.74112011668571
3938,58.73333333333333,49.08791208791209
3939,58.73333333333333,49.54938093580627
3940,58.73333333333333,49.54938093580627
3941,58.73333333333333,49.54938093580627
3942,58.73333333333333,49.61604760247293
3943,58.73333333333333,49.83215155884838
3944,58.73333333333333,49.90888899938673
3945,58.73333333333333,49.94938093580626
3946,58.73333333333333,49.94938093580626
3947,58.73333333333333,49.94938093580626
3948,58.73333333333333,49.94938093580626
3949,58.73333333333333,49.94938093580626
3950,58.73333333333333,49.94938093580626
3951,58.73333333333333,49.94938093580626
3952,58.73333333333333,49.94938093580626
3953,58.73333333333333,49.94938093580626
3954,58.73333333333333,49.94938093580626
3955,58.73333333333333,49.94938093580626
3956,58.73333333333333,50.01604760247292
3957,58.73333333333333,50.01604760247292
3958,58.73333333333333,50.01604760247292
3959,58.73333333333333,50.01604760247292
3960,58.73333333333333,50.01604760247292
3961,58.73333333333333,50.01604760247292
3962,58.73333333333333,50.01604760247292
3963,58.73333333333333,50.01604760247292
3964,58.73333333333333,50.01604760247292
3965,58.73333333333333,50.01604760247292
3966,58.73333333333333,50.01604760247292
3967,58.73333333333333,50.01604760247292
3968,58.73333333333333,50.01604760247292
3969,58.73333333333333,50.01604760247292
3970,58.73333333333333,50.01604760247292
3971,58.73333333333333,50.01604760247292
3972,58.73333333333333,50.01604760247292
3973,58.73333333333333,50.01604760247292
3974,58.73333333333333,50.01604760247292
3975,58.73333333333333,50.01604760247292
3976,58.73333333333333,50.01604760247292
3977,58.73333333333333,50.01604760247292
3978,58.73333333333333,50.01604760247292
3979,58.73333333333333,50.01604760247292
3980,58.73333333333333,50.01604760247292
3981,58.73333333333333,50.01604760247292
3982,58.73333333333333,50.01604760247292
3983,58.73333333333333,50.01604760247292
3984,58.73333333333333,50.01604760247292
3985,58.73333333333333,50.01604760247292
3986,58.73333333333333,50.01604760247292
3987,58.73333333333333,50.01604760247292
3988,58.73333333333333,50.01604760247292
3989,58.73333333333333,50.01604760247292
3990,58.73333333333333,50.01604760247292
3991,58.73333333333333,50.01604760247292
3992,58.73333333333333,50.01604760247292
3993,58.73333333333333,50.01604760247292
3994,58.73333333333333,50.01604760247292
3995,58.73333333333333,50.01604760247292
3996,58.73333333333333,50.01604760247292
3997,58.73333333333333,50.01604760247292
3998,58.73333333333333,50.01604760247292
3999,58.73333333333333,50.01604760247292
4000,58.73333333333333,50.01604760247292
4001,58.73333333333333,50.01604760247292
4002,58.73333333333333,50.01604760247292
4003,58.73333333333333,50.01604760247292
4004,58.73333333333333,50.01604760247292
4005,58.73333333333333,50.01604760247292
4006,58.73333333333333,50.01604760247292
4007,58.73333333333333,50.01604760247292
4008,58.73333333333333,50.01604760247292
4009,58.73333333333333,50.01604760247292
4010,58.73333333333333,50.01604760247292
4011,58.73333333333333,50.01604760247292
4012,58.73333333333333,50.01604760247292
4013,58.73333333333333,50.01604760247292
4014,58.73333333333333,50.01604760247292
4015,58.73333333333333,50.01604760247292
4016,58.73333333333333,50.01604760247292
4017,58.73333333333333,50.01604760247292
4018,58.73333333333333,50.01604760247292
4019,58.73333333333333,50.01604760247292
4020,58.73333333333333,50.01604760247292
4021,58.73333333333333,50.01604760247292
4022,58.73333333333333,50.01604760247292
4023,58.73333333333333,50.01604760247292
4024,58.73333333333333,50.01604760247292
4025,58.73333333333333,50.01604760247292
4026,58.73333333333333,50.01604760247292
4027,58.73333333333333,50.01604760247292
4028,58.73333333333333,50.01604760247292
4029,58.73333333333333,50.01604760247292
4030,58.73333333333333,50.01604760247292
4031,58.73333333333333,50.01604760247292
4032,58.73333333333333,50.01604760247292
4033,58.73333333333333,50.01604760247292
4034,58.73333333333333,50.01604760247292
4035,58.73333333333333,50.01604760247292
4036,58.73333333333333,50.01604760247292
4037,58.73333333333333,50.01604760247292
4038,58.73333333333333,50.01604760247292
4039,58.73333333333333,50.01604760247292
4040,58.73333333333333,50.01604760247292
4041,58.73333333333333,50.01604760247292
4042,58.73333333333333,50.01604760247292
4043,58.73333333333333,50.01604760247292
4044,58.73333333333333,50.01604760247292
4045,58.73333333333333,50.01604760247292
4046,58.73333333333333,50.01604760247292
4047,58.73333333333333,50.01604760247292
4048,58.73333333333333,50.01604760247292
4049,58.73333333333333,50.01604760247292
4050,58.73333333333333,50.01604760247292
4051,58.73333333333333,50.01604760247292
4052,58.73333333333333,50.01604760247292
4053,58.73333333333333,50.01604760247292
4054,58.73333333333333,50.01604760247292
4055,58.73333333333333,50.01604760247292
4056,58.73333333333333,50.01604760247292
4057,58.73333333333333,50.01604760247292
4058,58.73333333333333,50.01604760247292
4059,58.73333333333333,50.01604760247292
4060,58.73333333333333,50.01604760247292
4061,58.73333333333333,50.01604760247292
4062,58.73333333333333,50.01604760247292
4063,58.73333333333333,50.01604760247292
4064,58.73333333333333,50.01604760247292
4065,58.73333333333333,50.01604760247292
4066,58.73333333333333,50.01604760247292
4067,58.73333333333333,50.01604760247292
4068,58.73333333333333,50.01604760247292
4069,58.73333333333333,50.01604760247292
4070,58.73333333333333,50.01604760247292
4071,58.73333333333333,50.01604760247292
4072,58.73333333333333,50.01604760247292
4073,58.73333333333333,50.01604760247292
4074,58.73333333333333,50.01604760247292
4075,58.73333333333333,50.01604760247292
4076,58.73333333333333,50.01604760247292
4077,58.73333333333333,50.01604760247292
4078,58.73333333333333,50.01604760247292
4079,58.73333333333333,50.01604760247292
4080,58.73333333333333,50.01604760247292
4081,58.73333333333333,50.01604760247292
4082,58.73333333333333,50.01604760247292
4083,58.73333333333333,50.01604760247292
4084,58.73333333333333,50.01604760247292
4085,58.73333333333333,50.01604760247292
4086,58.73333333333333,50.01604760247292
4087,58.73333333333333,50.01604760247292
4088,58.73333333333333,50.01604760247292
4089,58.73333333333333,50.01604760247292
4090,58.73333333333333,50.01604760247292
4091,58.73333333333333,50.01604760247292
4092,58.73333333333333,50.01604760247292
4093,58.73333333333333,50.01604760247292
4094,58.73333333333333,50.01604760247292
4095,58.73333333333333,50.01604760247292
4096,58.73333333333333,50.01604760247292
4097,58.73333333333333,50.01604760247292
4098,58.73333333333333,50.01604760247292
4099,58.73333333333333,50.01604760247292
4100,58.73333333333333,50.01604760247292
4101,58.73333333333333,50.01604760247292
4102,58.73333333333333,50.01604760247292
4103,58.73333333333333,50.01604760247292
4104,58.73333333333333,50.01604760247292
4105,58.73333333333333,50.01604760247292
4106,58.73333333333333,50.01604760247292
4107,58.73333333333333,50.01604760247292
4108,58.73333333333333,50.01604760247292
4109,58.73333333333333,50.01604760247292
4110,58.73333333333333,50.01604760247292
4111,58.73333333333333,50.01604760247292
4112,58.73333333333333,50.01604760247292
4113,58.73333333333333,50.01604760247292
4114,58.73333333333333,50.01604760247292
4115,58.73333333333333,50.01604760247292
4116,58.73333333333333,50.01604760247292
4117,58.73333333333333,50.01604760247292
4118,58.73333333333333,50.01604760247292
4119,58.73333333333333,50.01604760247292
4120,58.73333333333333,50.01604760247292
4121,58.73333333333333,50.01604760247292
4122,58.73333333333333,50.01604760247292
4123,58.73333333333333,50.01604760247292
4124,58.73333333333333,50.01604760247292
4125,58.73333333333333,50.01604760247292
4126,58.73333333333333,50.01604760247292
4127,58.73333333333333,50.01604760247292
4128,58.73333333333333,50.01604760247292
4129,58.73333333333333,50.01604760247292
4130,58.73333333333333,50.01604760247292
4131,58.73333333333333,50.01604760247292
4132,58.73333333333333,50.04938093580627
4133,58.73333333333333,50.04938093580627
4134,58.73333333333333,50.05457875457874
4135,58.73333333333333,50.058395902739775
4136,58.73333333333333,50.058395902739775
4137,58.73333333333333,50.058395902739775
4138,58.73333333333333,50.058395902739775
4139,58.73333333333333,50.11604760247293
4140,58.73333333333333,50.69864419140436
4141,58.73333333333333,50.69864419140436
4142,58.73333333333333,50.73197752473771
4143,58.73333333333333,50.975555666053395
4144,58.73333333333333,51.10260056685395
4145,58.73333333333333,51.73487809324912
4146,58.73333333333333,51.73487809324912
4147,58.73333333333333,52.12845043342778
4148,58.73333333333333,52.15457875457875
4149,58.73333333333333,52.15457875457875
4150,58.73333333333333,52.65457875457875
4151,58.73333333333333,52.94112011668571
4152,58.73333333333333,52.94112011668571
4153,58.73333333333333,52.94112011668571
4154,58.73333333333333,52.94112011668571
4155,58.73333333333333,52.94112011668571
4156,58.73333333333333,52.94112011668571
4157,58.73333333333333,52.94112011668571
4158,58.73333333333333,52.94112011668571
4159,58.73333333333333,52.94112011668571
4160,58.73333333333333,52.94112011668571
4161,58.73333333333333,52.94112011668571
4162,58.73333333333333,52.94112011668571
4163,58.73333333333333,52.94112011668571
4164,58.73333333333333,52.94112011668571
4165,58.73333333333333,53.2319775247377
4166,58.73333333333333,53.24938093580627
4167,58.73333333333333,53.298644191404364
4168,58.73333333333333,53.50154475991579
4169,58.73333333333333,53.50154475991579
4170,58.73333333333333,53.64938093580626
4171,58.73333333333333,53.716047602472926
4172,58.73333333333333,53.716047602472926
4173,58.73333333333333,53.716047602472926
4174,58.73333333333333,54.541120116685704
4175,58.73333333333333,54.541120116685704
4176,58.73333333333333,54.541120116685704
4177,58.73333333333333,54.541120116685704
4178,58.73333333333333,54.541120116685704
4179,58.73333333333333,54.541120116685704
4180,58.73333333333333,54.541120116685704
4181,58.73333333333333,54.541120116685704
4182,58.73333333333333,54.541120116685704
4183,58.73333333333333,54.541120116685704
4184,58.73333333333333,54.754578754578745
4185,58.73333333333333,54.931977524737704
4186,58.73333333333333,55.04938093580627
4187,58.73333333333333,55.04938093580627
4188,58.73333333333333,55.04938093580627
4189,58.73333333333333,55.60154475991578
4190,58.73333333333333,55.60154475991578
4191,58.73333333333333,55.89864419140436
4192,58.73333333333333,56.008227669766114
4193,58.73333333333333,56.2717269156183
4194,58.73333333333333,56.42700401659676
4195,58.73333333333333,56.42700401659676
4196,58.73333333333333,56.44112011668571
4197,58.73333333333333,56.44112011668571
4198,58.73333333333333,56.44112011668571
4199,58.73333333333333,56.44112011668571
4200,58.73333333333333,56.44112011668571
4201,58.73333333333333,56.44112011668571
4202,58.73333333333333,56.44112011668571
4203,58.73333333333333,56.44112011668571
4204,58.73333333333333,56.44112011668571
4205,58.73333333333333,56.44112011668571
4206,58.73333333333333,56.44112011668571
4207,58.73333333333333,56.44112011668571
4208,58.73333333333333,56.44112011668571
4209,58.73333333333333,56.44112011668571
4210,58.73333333333333,56.44112011668571
4211,58.73333333333333,56.44112011668571
4212,58.73333333333333,56.44112011668571
4213,58.73333333333333,56.44112011668571
4214,58.73333333333333,56.44112011668571
4215,58.73333333333333,56.44112011668571
4216,58.73333333333333,56.50888899938673
4217,58.73333333333333,56.702600566853945
4218,58.73333333333333,56.702600566853945
4219,58.73333333333333,57.07445345001905
4220,58.73333333333333,57.07445345001905
4221,58.73333333333333,57.07445345001905
4222,58.73333333333333,57.14112011668571
4223,58.73333333333333,57.14112011668571
4224,58.73333333333333,57.14112011668571
4225,58.73333333333333,57.14112011668571
4226,58.73333333333333,57.14112011668571
4227,58.73333333333333,57.14112011668571
4228,58.73333333333333,57.14112011668571
4229,58.73333333333333,57.14112011668571
4230,58.73333333333333,57.14112011668571
4231,58.73333333333333,57.14112011668571
4232,58.73333333333333,57.14112011668571
4233,58.73333333333333,57.14112011668571
4234,58.73333333333333,57.14112011668571
4235,58.73333333333333,57.14112011668571
4236,58.73333333333333,57.14112011668571
4237,58.73333333333333,57.14112011668571
4238,58.73333333333333,57.14112011668571
4239,58.73333333333333,57.14112011668571
4240,58.73333333333333,57.14112011668571
4241,58.73333333333333,57.27445345001905
4242,58.73333333333333,57.3411201166857
4243,58.73333333333333,57.3411201166857
4244,58.73333333333333,57.3411201166857
4245,58.73333333333333,57.3411201166857
4246,58.73333333333333,57.3411201166857
4247,58.73333333333333,57.3411201166857
4248,58.73333333333333,57.3411201166857
4249,58.73333333333333,57.3411201166857
4250,58.73333333333333,57.3411201166857
4251,58.73333333333333,57.3411201166857
4252,58.73333333333333,57.3411201166857
4253,58.73333333333333,57.3411201166857
4254,58.73333333333333,57.3411201166857
4255,58.73333333333333,57.3411201166857
4256,58.73333333333333,57.3411201166857
4257,58.73333333333333,57.849380935806266
4258,58.73333333333333,57.849380935806266
4259,58.73333333333333,57.91604760247293
4260,58.73333333333333,58.431977524737704
4261,58.73333333333333,58.43228305128756
4262,58.73333333333333,58.73333333333333
4263,58.73333333333333,58.73333333333333
4264,58.73333333333333,58.73333333333333
4265,58.73333333333333,58.73333333333333
4266,58.73333333333333,58.73333333333333
4267,58.73333333333333,58.73333333333333
4268,58.73333333333333,58.73333333333333
4269,58.73333333333333,58.73333333333333
4270,58.73333333333333,58.73333333333333
4271,58.73333333333333,58.73333333333333
4272,58.73333333333333,58.73333333333333
4273,58.73333333333333,58.73333333333333
4274,58.73333333333333,58.73333333333333
4275,58.73333333333333,58.73333333333333
4276,58.73333333333333,58.73333333333333
4277,58.73333333333333,58.73333333333333
4278,58.73333333333333,58.73333333333333
4279,58.73333333333333,58.73333333333333
4280,58.73333333333333,58.73333333333333
4281,58.73333333333333,58.73333333333333
4282,58.73333333333333,58.73333333333333
4283,58.73333333333333,58.73333333333333
4284,58.73333333333333,58.73333333333333
4285,58.73333333333333,58.73333333333333
4286,58.73333333333333,58.73333333333333
4287,58.73333333333333,58.73333333333333
4288,58.73333333333333,58.73333333333333
4289,58.73333333333333,58.73333333333333
4290,58.73333333333333,58.73333333333333
4291,58.73333333333333,58.73333333333333
4292,58.73333333333333,58.73333333333333
4293,58.73333333333333,58.73333333333333
4294,58.73333333333333,58.73333333333333
4295,58.73333333333333,58.73333333333333
4296,58.73333333333333,58.73333333333333
4297,58.73333333333333,58.73333333333333
4298,58.73333333333333,58.73333333333333
4299,58.73333333333333,58.73333333333333
4300,58.73333333333333,58.73333333333333
4301,58.73333333333333,58.73333333333333
4302,58.73333333333333,58.73333333333333
4303,58.73333333333333,58.73333333333333
4304,58.73333333333333,58.73333333333333
4305,58.73333333333333,58.73333333333333
4306,58.73333333333333,58.73333333333333
4307,58.73333333333333,58.73333333333333
4308,58.73333333333333,58.73333333333333
4309,58.73333333333333,58.73333333333333
4310,58.73333333333333,58.73333333333333
4311,58.73333333333333,58.73333333333333
4312,58.73333333333333,58.73333333333333
4313,58.73333333333333,58.73333333333333
4314,58.73333333333333,58.73333333333333
4315,58.73333333333333,58.73333333333333
4316,58.73333333333333,58.73333333333333
4317,58.73333333333333,58.73333333333333
4318,58.73333333333333,58.73333333333333
4319,58.73333333333333,58.73333333333333
4320,58.73333333333333,58.73333333333333
4321,58.73333333333333,58.73333333333333
4322,58.73333333333333,58.73333333333333
4323,58.73333333333333,58.73333333333333
4324,58.73333333333333,58.73333333333333
4325,58.73333333333333,58.73333333333333
4326,58.73333333333333,58.73333333333333
4327,58.73333333333333,58.73333333333333
4328,58.73333333333333,58.73333333333333
4329,58.73333333333333,58.73333333333333
4330,58.73333333333333,58.73333333333333
4331,58.73333333333333,58.73333333333333
4332,58.73333333333333,58.73333333333333
4333,58.73333333333333,58.73333333333333
4334,58.73333333333333,58.73333333333333
4335,58.73333333333333,58.73333333333333
4336,58.73333333333333,58.73333333333333
4337,58.73333333333333,58.73333333333333
4338,58.73333333333333,58.73333333333333
4339,58.73333333333333,58.73333333333333
4340,58.73333333333333,58.73333333333333
4341,58.73333333333333,58.73333333333333
4342,58.73333333333333,58.73333333333333
4343,58.73333333333333,58.73333333333333
4344,58.73333333333333,58.73333333333333
4345,58.73333333333333,58.73333333333333
4346,58.73333333333333,58.73333333333333
4347,58.73333333333333,58.73333333333333
4348,58.73333333333333,58.73333333333333
4349,58.73333333333333,58.73333333333333
4350,58.73333333333333,58.73333333333333
4351,58.73333333333333,58.73333333333333
4352,58.73333333333333,58.73333333333333
4353,58.73333333333333,58.73333333333333
4354,58.73333333333333,58.73333333333333
4355,58.73333333333333,58.73333333333333
4356,58.73333333333333,58.73333333333333
4357,58.73333333333333,58.73333333333333
4358,58.73333333333333,58.73333333333333
4359,58.73333333333333,58.73333333333333
4360,58.73333333333333,58.73333333333333
4361,58.73333333333333,58.73333333333333
4362,58.73333333333333,58.73333333333333
4363,58.73333333333333,58.73333333333333
4364,58.73333333333333,58.73333333333333
4365,58.73333333333333,58.73333333333333
4366,58.73333333333333,58.73333333333333
4367,58.73333333333333,58.73333333333333
4368,58.73333333333333,58.73333333333333
4369,58.73333333333333,58.73333333333333
4370,58.73333333333333,58.73333333333333
4371,58.73333333333333,58.73333333333333
4372,58.73333333333333,58.73333333333333
4373,58.73333333333333,58.73333333333333
4374,58.73333333333333,58.73333333333333
4375,58.73333333333333,58.73333333333333
4376,58.73333333333333,58.73333333333333
4377,58.73333333333333,58.73333333333333
4378,58.73333333333333,58.73333333333333
4379,58.73333333333333,58.73333333333333
4380,58.73333333333333,58.73333333333333
4381,58.73333333333333,58.73333333333333
4382,58.73333333333333,58.73333333333333
4383,58.73333333333333,58.73333333333333
4384,58.73333333333333,58.73333333333333
4385,58.73333333333333,58.73333333333333
4386,58.73333333333333,58.73333333333333
4387,58.73333333333333,58.73333333333333
4388,58.73333333333333,58.73333333333333
4389,58.73333333333333,58.73333333333333
4390,58.73333333333333,58.73333333333333
4391,58.73333333333333,58.73333333333333
4392,58.73333333333333,58.73333333333333
4393,58.73333333333333,58.73333333333333
4394,58.73333333333333,58.73333333333333
4395,58.73333333333333,58.73333333333333
4396,58.73333333333333,58.73333333333333
4397,58.73333333333333,58.73333333333333
4398,58.73333333333333,58.73333333333333
4399,58.73333333333333,58.73333333333333
4400,58.73333333333333,58.73333333333333
4401,58.73333333333333,58.73333333333333
4402,58.73333333333333,58.73333333333333
4403,58.73333333333333,58.73333333333333
4404,58.73333333333333,58.73333333333333
4405,58.73333333333333,58.73333333333333
4406,58.73333333333333,58.73333333333333
4407,58.73333333333333,58.73333333333333
4408,58.73333333333333,58.73333333333333
4409,58.73333333333333,58.73333333333333
4410,58.73333333333333,58.73333333333333
4411,58.73333333333333,58.73333333333333
4412,58.73333333333333,58.73333333333333
4413,58.73333333333333,58.73333333333333
4414,58.73333333333333,58.73333333333333
4415,58.73333333333333,58.73333333333333
4416,58.73333333333333,58.73333333333333
4417,58.73333333333333,58.73333333333333
4418,58.73333333333333,58.73333333333333
4419,58.73333333333333,58.73333333333333
4420,58.73333333333333,58.73333333333333
4421,58.73333333333333,58.73333333333333
4422,58.73333333333333,58.73333333333333
4423,58.73333333333333,58.73333333333333
4424,58.73333333333333,58.73333333333333
4425,58.73333333333333,58.73333333333333
4426,58.73333333333333,58.73333333333333
4427,58.73333333333333,58.73333333333333
4428,58.73333333333333,58.73333333333333
4429,58.73333333333333,58.73333333333333
4430,58.73333333333333,58.73333333333333
4431,58.73333333333333,58.73333333333333
4432,58.73333333333333,58.73333333333333
4433,58.73333333333333,58.73333333333333
4434,58.73333333333333,58.73333333333333
4435,58.73333333333333,58.73333333333333
4436,58.73333333333333,58.73333333333333
4437,58.73333333333333,58.73333333333333
4438,58.73333333333333,58.73333333333333
4439,58.73333333333333,58.73333333333333
4440,58.73333333333333,58.73333333333333
4441,58.73333333333333,58.73333333333333
4442,58.73333333333333,58.73333333333333
4443,58.73333333333333,58.73333333333333
4444,58.73333333333333,58.73333333333333
4445,58.73333333333333,58.73333333333333
4446,58.73333333333333,58.73333333333333
4447,58.73333333333333,58.73333333333333
4448,58.73333333333333,58.73333333333333
4449,58.73333333333333,58.73333333333333
4450,58.73333333333333,58.73333333333333
4451,58.73333333333333,58.73333333333333
4452,58.73333333333333,58.73333333333333
4453,58.73333333333333,58.73333333333333
4454,58.73333333333333,58.73333333333333
4455,58.73333333333333,58.73333333333333
4456,58.73333333333333,58.73333333333333
4457,58.73333333333333,58.73333333333333
4458,58.73333333333333,58.73333333333333
4459,58.73333333333333,58.73333333333333
4460,58.73333333333333,58.73333333333333
4461,58.73333333333333,58.73333333333333
4462,58.73333333333333,58.73333333333333
4463,58.73333333333333,58.73333333333333
4464,58.73333333333333,58.73333333333333
4465,58.73333333333333,58.73333333333333
4466,58.73333333333333,58.73333333333333
4467,58.73333333333333,58.73333333333333
4468,58.73333333333333,58.73333333333333
4469,58.73333333333333,58.73333333333333
4470,58.73333333333333,58.73333333333333
4471,58.73333333333333,58.73333333333333
4472,58.73333333333333,58.73333333333333
4473,58.73333333333333,58.73333333333333
4474,58.73333333333333,58.73333333333333
4475,58.73333333333333,58.73333333333333
4476,58.73333333333333,58.73333333333333
4477,58.73333333333333,58.73333333333333
4478,58.73333333333333,58.73333333333333
4479,58.73333333333333,58.73333333333333
4480,58.73333333333333,58.73333333333333
4481,58.73333333333333,58.73333333333333
4482,58.73333333333333,58.73333333333333
4483,58.73333333333333,58.73333333333333
4484,58.73333333333333,58.73333333333333
4485,58.73333333333333,58.73333333333333
4486,58.73333333333333,58.73333333333333
4487,58.73333333333333,58.73333333333333
4488,58.73333333333333,58.73333333333333
4489,58.73333333333333,58.73333333333333
4490,58.73333333333333,58.73333333333333
4491,58.73333333333333,58.73333333333333
4492,58.73333333333333,58.73333333333333
4493,58.73333333333333,58.73333333333333
4494,58.73333333333333,58.73333333333333
4495,58.73333333333333,58.73333333333333
4496,58.73333333333333,58.73333333333333
4497,58.73333333333333,58.73333333333333
4498,58.73333333333333,58.73333333333333
4499,58.73333333333333,58.73333333333333
4500,58.73333333333333,58.73333333333333
4501,58.73333333333333,58.73333333333333
4502,58.73333333333333,58.73333333333333
4503,58.73333333333333,58.73333333333333
4504,58.73333333333333,58.73333333333333
4505,58.73333333333333,58.73333333333333
4506,58.73333333333333,58.73333333333333
4507,58.73333333333333,58.73333333333333
4508,58.73333333333333,58.73333333333333
4509,58.73333333333333,58.73333333333333
4510,58.73333333333333,58.73333333333333
4511,58.73333333333333,58.73333333333333
4512,58.73333333333333,58.73333333333333
4513,58.73333333333333,58.73333333333333
4514,58.73333333333333,58.73333333333333
4515,58.73333333333333,58.73333333333333
4516,58.73333333333333,58.73333333333333
4517,58.73333333333333,58.73333333333333
4518,58.73333333333333,58.73333333333333
4519,58.73333333333333,58.73333333333333
4520,58.73333333333333,58.73333333333333
4521,58.73333333333333,58.73333333333333
4522,58.73333333333333,58.73333333333333
4523,58.73333333333333,58.73333333333333
4524,58.73333333333333,58.73333333333333
4525,58.73333333333333,58.73333333333333
4526,58.73333333333333,58.73333333333333
4527,58.73333333333333,58.73333333333333
4528,58.73333333333333,58.73333333333333
4529,58.73333333333333,58.73333333333333
4530,58.73333333333333,58.73333333333333
4531,58.73333333333333,58.73333333333333
4532,58.73333333333333,58.73333333333333
4533,58.73333333333333,58.73333333333333
4534,58.73333333333333,58.73333333333333
4535,58.73333333333333,58.73333333333333
4536,58.73333333333333,58.73333333333333
4537,58.73333333333333,58.73333333333333
4538,58.73333333333333,58.73333333333333
4539,58.73333333333333,58.73333333333333
4540,58.73333333333333,58.73333333333333
4541,58.73333333333333,58.73333333333333
4542,58.73333333333333,58.73333333333333
4543,58.73333333333333,58.73333333333333
4544,58.73333333333333,58.73333333333333
4545,58.73333333333333,58.73333333333333
4546,58.73333333333333,58.73333333333333
4547,58.73333333333333,58.73333333333333
4548,58.73333333333333,58.73333333333333
4549,58.73333333333333,58.73333333333333
4550,58.73333333333333,58.73333333333333
4551,58.73333333333333,58.73333333333333
4552,58.73333333333333,58.73333333333333
4553,58.73333333333333,58.73333333333333
4554,58.73333333333333,58.73333333333333
4555,58.73333333333333,58.73333333333333
4556,58.73333333333333,58.73333333333333
4557,58.73333333333333,58.73333333333333
4558,58.73333333333333,58.73333333333333
4559,58.73333333333333,58.73333333333333
4560,58.73333333333333,58.73333333333333
4561,58.73333333333333,58.73333333333333
4562,58.73333333333333,58.73333333333333
4563,58.73333333333333,58.73333333333333
4564,58.73333333333333,58.73333333333333
4565,58.73333333333333,58.73333333333333
4566,58.73333333333333,58.73333333333333
4567,58.73333333333333,58.73333333333333
4568,58.73333333333333,58.73333333333333
4569,58.73333333333333,58.73333333333333
4570,58.73333333333333,58.73333333333333
4571,58.73333333333333,58.73333333333333
4572,58.73333333333333,58.73333333333333
4573,58.73333333333333,58.73333333333333
4574,58.73333333333333,58.73333333333333
4575,58.73333333333333,58.73333333333333
4576,58.73333333333333,58.73333333333333
4577,58.73333333333333,58.73333333333333
4578,58.73333333333333,58.73333333333333
4579,58.73333333333333,58.73333333333333
4580,58.73333333333333,58.73333333333333
4581,58.73333333333333,58.73333333333333
4582,58.73333333333333,58.73333333333333
4583,58.73333333333333,58.73333333333333
4584,58.73333333333333,58.73333333333333
4585,58.73333333333333,58.73333333333333
4586,58.73333333333333,58.73333333333333
4587,58.73333333333333,58.73333333333333
4588,58.73333333333333,58.73333333333333
4589,58.73333333333333,58.73333333333333
4590,58.73333333333333,58.73333333333333
4591,58.73333333333333,58.73333333333333
4592,58.73333333333333,58.73333333333333
4593,58.73333333333333,58.73333333333333
4594,58.73333333333333,58.73333333333333
4595,58.73333333333333,58.73333333333333
4596,58.73333333333333,58.73333333333333
4597,58.73333333333333,58.73333333333333
4598,58.73333333333333,58.73333333333333
4599,58.73333333333333,58.73333333333333
4600,58.73333333333333,58.73333333333333
4601,58.73333333333333,58.73333333333333
4602,58.73333333333333,58.73333333333333
4603,58.73333333333333,58.73333333333333
4604,58.73333333333333,58.73333333333333
4605,58.73333333333333,58.73333333333333
4606,58.73333333333333,58.73333333333333
4607,58.73333333333333,58.73333333333333
4608,58.73333333333333,58.73333333333333
4609,58.73333333333333,58.73333333333333
4610,58.73333333333333,58.73333333333333
4611,58.73333333333333,58.73333333333333
4612,58.73333333333333,58.73333333333333
4613,58.73333333333333,58.73333333333333
4614,58.73333333333333,58.73333333333333
4615,58.73333333333333,58.73333333333333
4616,58.73333333333333,58.73333333333333
4617,58.73333333333333,58.73333333333333
4618,58.73333333333333,58.73333333333333
4619,58.73333333333333,58.73333333333333
4620,58.73333333333333,58.73333333333333
4621,58.73333333333333,58.73333333333333
4622,58.73333333333333,58.73333333333333
4623,58.73333333333333,58.73333333333333
4624,58.73333333333333,58.73333333333333
4625,58.73333333333333,58.73333333333333
4626,58.73333333333333,58.73333333333333
4627,58.73333333333333,58.73333333333333
4628,58.73333333333333,58.73333333333333
4629,58.73333333333333,58.73333333333333
4630,58.73333333333333,58.73333333333333
4631,58.73333333333333,58.73333333333333
4632,58.73333333333333,58.73333333333333
4633,58.73333333333333,58.73333333333333
4634,58.73333333333333,58.73333333333333
4635,58.73333333333333,58.73333333333333
4636,58.73333333333333,58.73333333333333
4637,58.73333333333333,58.73333333333333
4638,58.73333333333333,58.73333333333333
4639,58.73333333333333,58.73333333333333
4640,58.73333333333333,58.73333333333333
4641,58.73333333333333,58.73333333333333
4642,58.73333333333333,58.73333333333333
4643,58.73333333333333,58.73333333333333
4644,58.73333333333333,58.73333333333333
4645,58.73333333333333,58.73333333333333
4646,58.73333333333333,58.73333333333333
4647,58.73333333333333,58.73333333333333
4648,58.73333333333333,58.73333333333333
4649,58.73333333333333,58.73333333333333
4650,58.73333333333333,58.73333333333333
4651,58.73333333333333,58.73333333333333
4652,58.73333333333333,58.73333333333333
4653,58.73333333333333,58.73333333333333
4654,58.73333333333333,58.73333333333333
4655,58.73333333333333,58.73333333333333
4656,58.73333333333333,58.73333333333333
4657,58.73333333333333,58.73333333333333
4658,58.73333333333333,58.73333333333333
4659,58.73333333333333,58.73333333333333
4660,58.73333333333333,58.73333333333333
4661,58.73333333333333,58.73333333333333
4662,58.73333333333333,58.73333333333333
4663,58.73333333333333,58.73333333333333
4664,58.73333333333333,58.73333333333333
4665,58.73333333333333,58.73333333333333
4666,58.73333333333333,58.73333333333333
4667,58.73333333333333,58.73333333333333
4668,58.73333333333333,58.73333333333333
4669,58.73333333333333,58.73333333333333
4670,58.73333333333333,58.73333333333333
4671,58.73333333333333,58.73333333333333
4672,58.73333333333333,58.73333333333333
4673,58.73333333333333,58.73333333333333
4674,58.73333333333333,58.73333333333333
4675,58.73333333333333,58.73333333333333
4676,58.73333333333333,58.73333333333333
4677,58.73333333333333,58.73333333333333
4678,58.73333333333333,58.73333333333333
4679,58.73333333333333,58.73333333333333
4680,58.73333333333333,58.73333333333333
4681,58.73333333333333,58.73333333333333
4682,58.73333333333333,58.73333333333333
4683,58.73333333333333,58.73333333333333
4684,58.73333333333333,58.73333333333333
4685,58.73333333333333,58.73333333333333
4686,58.73333333333333,58.73333333333333
4687,58.73333333333333,58.73333333333333
4688,58.73333333333333,58.73333333333333
4689,58.73333333333333,58.73333333333333
4690,58.73333333333333,58.73333333333333
4691,58.73333333333333,58.73333333333333
4692,58.73333333333333,58.73333333333333
4693,58.73333333333333,58.73333333333333
4694,58.73333333333333,58.73333333333333
4695,58.73333333333333,58.73333333333333
4696,58.73333333333333,58.73333333333333
4697,58.73333333333333,58.73333333333333
4698,58.73333333333333,58.73333333333333
4699,58.73333333333333,58.73333333333333
4700,58.73333333333333,58.73333333333333
4701,58.73333333333333,58.73333333333333
4702,58.73333333333333,58.73333333333333
4703,58.73333333333333,58.73333333333333
4704,58.73333333333333,58.73333333333333
4705,58.73333333333333,58.73333333333333
4706,58.73333333333333,58.73333333333333
4707,58.73333333333333,58.73333333333333
4708,58.73333333333333,58.73333333333333
4709,58.73333333333333,58.73333333333333
4710,58.73333333333333,58.73333333333333
4711,58.73333333333333,58.73333333333333
4712,58.73333333333333,58.73333333333333
4713,58.73333333333333,58.73333333333333
4714,58.73333333333333,58.73333333333333
4715,58.73333333333333,58.73333333333333
4716,58.73333333333333,58.73333333333333
4717,58.73333333333333,58.73333333333333
4718,58.73333333333333,58.73333333333333
4719,58.73333333333333,58.73333333333333
4720,58.73333333333333,58.73333333333333
4721,58.73333333333333,58.73333333333333
4722,58.73333333333333,58.73333333333333
4723,58.73333333333333,58.73333333333333
4724,58.73333333333333,58.73333333333333
4725,58.73333333333333,58.73333333333333
4726,58.73333333333333,58.73333333333333
4727,58.73333333333333,58.73333333333333
4728,58.73333333333333,58.73333333333333
4729,58.73333333333333,58.73333333333333
4730,58.73333333333333,58.73333333333333
4731,58.73333333333333,58.73333333333333
4732,58.73333333333333,58.73333333333333
4733,58.73333333333333,58.73333333333333
4734,58.73333333333333,58.73333333333333
4735,58.73333333333333,58.73333333333333
4736,58.73333333333333,58.73333333333333
4737,58.73333333333333,58.73333333333333
4738,58.73333333333333,58.73333333333333
4739,58.73333333333333,58.73333333333333
4740,58.73333333333333,58.73333333333333
4741,58.73333333333333,58.73333333333333
4742,58.73333333333333,58.73333333333333
4743,58.73333333333333,58.73333333333333
4744,58.73333333333333,58.73333333333333
4745,58.73333333333333,58.73333333333333
4746,58.73333333333333,58.73333333333333
4747,58.73333333333333,58.73333333333333
4748,58.73333333333333,58.73333333333333
4749,58.73333333333333,58.73333333333333
4750,58.73333333333333,58.73333333333333
4751,58.73333333333333,58.73333333333333
4752,58.73333333333333,58.73333333333333
4753,58.73333333333333,58.73333333333333
4754,58.73333333333333,58.73333333333333
4755,58.73333333333333,58.73333333333333
4756,58.73333333333333,58.73333333333333
4757,58.73333333333333,58.73333333333333
4758,58.73333333333333,58.73333333333333
4759,58.73333333333333,58.73333333333333
4760,58.73333333333333,58.73333333333333
4761,58.73333333333333,58.73333333333333
4762,58.73333333333333,58.73333333333333
4763,58.73333333333333,58.73333333333333
4764,58.73333333333333,58.73333333333333
4765,58.73333333333333,58.73333333333333
4766,58.73333333333333,58.73333333333333
4767,58.73333333333333,58.73333333333333
4768,58.73333333333333,58.73333333333333
4769,58.73333333333333,58.73333333333333
4770,58.73333333333333,58.73333333333333
4771,58.73333333333333,58.73333333333333
4772,58.73333333333333,58.73333333333333
4773,58.73333333333333,58.73333333333333
4774,58.73333333333333,58.73333333333333
4775,58.73333333333333,58.73333333333333
4776,58.73333333333333,58.73333333333333
4777,58.73333333333333,58.73333333333333
4778,58.73333333333333,58.73333333333333
4779,58.73333333333333,58.73333333333333
4780,58.73333333333333,58.73333333333333
4781,58.73333333333333,58.73333333333333
4782,58.73333333333333,58.73333333333333
4783,58.73333333333333,58.73333333333333
4784,58.73333333333333,58.73333333333333
4785,58.73333333333333,58.73333333333333
4786,58.73333333333333,58.73333333333333
4787,58.73333333333333,58.73333333333333
4788,58.73333333333333,58.73333333333333
4789,58.73333333333333,58.73333333333333
4790,58.73333333333333,58.73333333333333
4791,58.73333333333333,58.73333333333333
4792,58.73333333333333,58.73333333333333
4793,58.73333333333333,58.73333333333333
4794,58.73333333333333,58.73333333333333
4795,58.73333333333333,58.73333333333333
4796,58.73333333333333,58.73333333333333
4797,58.73333333333333,58.73333333333333
4798,58.73333333333333,58.73333333333333
4799,58.73333333333333,58.73333333333333
4800,58.73333333333333,58.73333333333333
4801,58.73333333333333,58.73333333333333
4802,58.73333333333333,58.73333333333333
4803,58.73333333333333,58.73333333333333
4804,58.73333333333333,58.73333333333333
4805,58.73333333333333,58.73333333333333
4806,58.73333333333333,58.73333333333333
4807,58.73333333333333,58.73333333333333
4808,58.73333333333333,58.73333333333333
4809,58.73333333333333,58.73333333333333
4810,58.73333333333333,58.73333333333333
4811,58.73333333333333,58.73333333333333
4812,58.73333333333333,58.73333333333333
4813,58.73333333333333,58.73333333333333
4814,58.73333333333333,58.73333333333333
4815,58.73333333333333,58.73333333333333
4816,58.73333333333333,58.73333333333333
4817,58.73333333333333,58.73333333333333
4818,58.73333333333333,58.73333333333333
4819,58.73333333333333,58.73333333333333
4820,58.73333333333333,58.73333333333333
4821,58.73333333333333,58.73333333333333
4822,58.73333333333333,58.73333333333333
4823,58.73333333333333,58.73333333333333
4824,58.73333333333333,58.73333333333333
4825,58.73333333333333,58.73333333333333
4826,58.73333333333333,58.73333333333333
4827,58.73333333333333,58.73333333333333
4828,58.73333333333333,58.73333333333333
4829,58.73333333333333,58.73333333333333
4830,58.73333333333333,58.73333333333333
4831,58.73333333333333,58.73333333333333
4832,58.73333333333333,58.73333333333333
4833,58.73333333333333,58.73333333333333
4834,58.73333333333333,58.73333333333333
4835,58.73333333333333,58.73333333333333
4836,58.73333333333333,58.73333333333333
4837,58.73333333333333,58.73333333333333
4838,58.73333333333333,58.73333333333333
4839,58.73333333333333,58.73333333333333
4840,58.73333333333333,58.73333333333333
4841,58.73333333333333,58.73333333333333
4842,58.73333333333333,58.73333333333333
4843,58.73333333333333,58.73333333333333
4844,58.73333333333333,58.73333333333333
4845,58.73333333333333,58.73333333333333
4846,58.73333333333333,58.73333333333333
4847,58.73333333333333,58.73333333333333
4848,58.73333333333333,58.73333333333333
4849,58.73333333333333,58.73333333333333
4850,58.73333333333333,58.73333333333333
4851,58.73333333333333,58.73333333333333
4852,58.73333333333333,58.73333333333333
4853,58.73333333333333,58.73333333333333
4854,58.73333333333333,58.73333333333333
4855,58.73333333333333,58.73333333333333
4856,58.73333333333333,58.73333333333333
4857,58.73333333333333,58.73333333333333
4858,58.73333333333333,58.73333333333333
4859,58.73333333333333,58.73333333333333
4860,58.73333333333333,58.73333333333333
4861,58.73333333333333,58.73333333333333
4862,58.73333333333333,58.73333333333333
4863,58.73333333333333,58.73333333333333
4864,58.73333333333333,58.73333333333333
4865,58.73333333333333,58.73333333333333
4866,58.73333333333333,58.73333333333333
4867,58.73333333333333,58.73333333333333
4868,58.73333333333333,58.73333333333333
4869,58.73333333333333,58.73333333333333
4870,58.73333333333333,58.73333333333333
4871,58.73333333333333,58.73333333333333
4872,58.73333333333333,58.73333333333333
4873,58.73333333333333,58.73333333333333
4874,58.73333333333333,58.73333333333333
4875,58.73333333333333,58.73333333333333
4876,58.73333333333333,58.73333333333333
4877,58.73333333333333,58.73333333333333
4878,58.73333333333333,58.73333333333333
4879,58.73333333333333,58.73333333333333
4880,58.73333333333333,58.73333333333333
4881,58.73333333333333,58.73333333333333
4882,58.73333333333333,58.73333333333333
4883,58.73333333333333,58.73333333333333
4884,58.73333333333333,58.73333333333333
4885,58.73333333333333,58.73333333333333
4886,58.73333333333333,58.73333333333333
4887,58.73333333333333,58.73333333333333
4888,58.73333333333333,58.73333333333333
4889,58.73333333333333,58.73333333333333
4890,58.73333333333333,58.73333333333333
4891,58.73333333333333,58.73333333333333
4892,58.73333333333333,58.73333333333333
4893,58.73333333333333,58.73333333333333
4894,58.73333333333333,58.73333333333333
4895,58.73333333333333,58.73333333333333
4896,58.73333333333333,58.73333333333333
4897,58.73333333333333,58.73333333333333
4898,58.73333333333333,58.73333333333333
4899,58.73333333333333,58.73333333333333
4900,58.73333333333333,58.73333333333333
4901,58.73333333333333,58.73333333333333
4902,58.73333333333333,58.73333333333333
4903,58.73333333333333,58.73333333333333
4904,58.73333333333333,58.73333333333333
4905,58.73333333333333,58.73333333333333
4906,58.73333333333333,58.73333333333333
4907,58.73333333333333,58.73333333333333
4908,58.73333333333333,58.73333333333333
4909,58.73333333333333,58.73333333333333
4910,58.73333333333333,58.73333333333333
4911,58.73333333333333,58.73333333333333
4912,58.73333333333333,58.73333333333333
4913,58.73333333333333,58.73333333333333
4914,58.73333333333333,58.73333333333333
4915,58.73333333333333,58.73333333333333
4916,58.73333333333333,58.73333333333333
4917,58.73333333333333,58.73333333333333
4918,58.73333333333333,58.73333333333333
4919,58.73333333333333,58.73333333333333
4920,58.73333333333333,58.73333333333333
4921,58.73333333333333,58.73333333333333
4922,58.73333333333333,58.73333333333333
4923,58.73333333333333,58.73333333333333
4924,58.73333333333333,58.73333333333333
4925,58.73333333333333,58.73333333333333
4926,58.73333333333333,58.73333333333333
4927,58.73333333333333,58.73333333333333
4928,58.73333333333333,58.73333333333333
4929,58.73333333333333,58.73333333333333
4930,58.73333333333333,58.73333333333333
4931,58.73333333333333,58.73333333333333
4932,58.73333333333333,58.73333333333333
4933,58.73333333333333,58.73333333333333
4934,58.73333333333333,58.73333333333333
4935,58.73333333333333,58.73333333333333
4936,58.73333333333333,58.73333333333333
4937,58.73333333333333,58.73333333333333
4938,58.73333333333333,58.73333333333333
4939,58.73333333333333,58.73333333333333
4940,58.73333333333333,58.73333333333333
4941,58.73333333333333,58.73333333333333
4942,58.73333333333333,58.73333333333333
4943,58.73333333333333,58.73333333333333
4944,58.73333333333333,58.73333333333333
4945,58.73333333333333,58.73333333333333
4946,58.73333333333333,58.73333333333333
4947,58.73333333333333,58.73333333333333
4948,58.73333333333333,58.73333333333333
4949,58.73333333333333,58.73333333333333
4950,58.73333333333333,58.73333333333333
4951,58.73333333333333,58.73333333333333
4952,58.73333333333333,58.73333333333333
4953,58.73333333333333,58.73333333333333
4954,58.73333333333333,58.73333333333333
4955,58.73333333333333,58.73333333333333
4956,58.73333333333333,58.73333333333333
4957,58.73333333333333,58.73333333333333
4958,58.73333333333333,58.73333333333333
4959,58.73333333333333,58.73333333333333
4960,58.73333333333333,58.73333333333333
4961,58.73333333333333,58.73333333333333
4962,58.73333333333333,58.73333333333333
4963,58.73333333333333,58.73333333333333
4964,58.73333333333333,58.73333333333333
4965,58.73333333333333,58.73333333333333
4966,58.73333333333333,58.73333333333333
4967,58.73333333333333,58.73333333333333
4968,58.73333333333333,58.73333333333333
4969,58.73333333333333,58.73333333333333
4970,58.73333333333333,58.73333333333333
4971,58.73333333333333,58.73333333333333
4972,58.73333333333333,58.73333333333333
4973,58.73333333333333,58.73333333333333
4974,58.73333333333333,58.73333333333333
4975,58.73333333333333,58.73333333333333
4976,58.73333333333333,58.73333333333333
4977,58.73333333333333,58.73333333333333
4978,58.73333333333333,58.73333333333333
4979,58.73333333333333,58.73333333333333
4980,58.73333333333333,58.73333333333333
4981,58.73333333333333,58.73333333333333
4982,58.73333333333333,58.73333333333333
4983,58.73333333333333,58.73333333333333
4984,58.73333333333333,58.73333333333333
4985,58.73333333333333,58.73333333333333
4986,58.73333333333333,58.73333333333333
4987,58.73333333333333,58.73333333333333
4988,58.73333333333333,58.73333333333333
4989,58.73333333333333,58.73333333333333
4990,58.73333333333333,58.73333333333333
4991,58.73333333333333,58.73333333333333
4992,58.73333333333333,58.73333333333333
4993,58.73333333333333,58.73333333333333
4994,58.73333333333333,58.73333333333333
4995,58.73333333333333,58.73333333333333
4996,58.73333333333333,58.73333333333333
4997,58.73333333333333,58.73333333333333
4998,58.73333333333333,58.73333333333333
4999,58.73333333333333,58.73333333333333
