,hsa_js,add_js
0,0.8,0.0
1,0.8,0.0
2,0.8,0.0
3,0.8,0.0
4,0.8,0.0
5,0.8,0.0
6,0.8,0.0
7,0.8,0.0
8,0.8,0.0
9,0.8,0.0
10,0.8,0.0
11,0.8,0.0
12,0.8,0.0
13,0.8,0.0
14,0.8,0.0
15,0.8,0.0
16,0.8,0.0
17,0.8,0.0
18,0.8,0.0
19,0.8,0.0
20,0.8,0.0
21,1.0,0.0
22,1.0,0.0
23,1.1,0.0
24,1.1,0.0
25,1.1,0.0
26,1.1,0.0
27,1.1,0.0
28,1.1,0.0
29,1.1,0.0
30,1.1,0.0
31,1.1,0.0
32,1.1,0.0
33,1.1,0.0
34,1.1,0.0
35,1.1,0.0
36,1.1,0.0
37,1.1,0.0
38,1.1,0.0
39,1.1,0.0
40,1.1,0.0
41,1.1,0.0
42,1.1,0.0
43,1.1,0.0
44,1.1,0.0
45,1.1,0.0
46,1.1,0.0
47,1.1,0.0
48,1.1,0.0
49,1.1,0.0
50,1.1,0.0
51,1.1,0.0
52,1.1,0.0
53,1.1,0.0
54,1.1,0.0
55,1.1,0.0
56,1.1,0.0
57,1.1,0.0
58,1.1,0.0
59,1.1,0.0
60,1.1,0.0
61,1.1,0.0
62,1.1,0.0
63,1.1,0.0
64,1.3,0.0
65,1.3,0.0
66,1.4000000000000001,0.0
67,1.4000000000000001,0.0
68,1.4000000000000001,0.0
69,1.4000000000000001,0.0
70,1.4000000000000001,0.0
71,1.4000000000000001,0.0
72,1.4000000000000001,0.0
73,1.4000000000000001,0.0
74,1.4000000000000001,0.0
75,1.4000000000000001,0.0
76,1.4000000000000001,0.0
77,1.4000000000000001,0.0
78,1.4000000000000001,0.0
79,1.4000000000000001,0.0
80,1.4000000000000001,0.0
81,1.4000000000000001,0.0
82,1.4000000000000001,0.0
83,1.4000000000000001,0.0
84,1.4000000000000001,0.0
85,1.4000000000000001,0.0
86,1.4000000000000001,0.0
87,1.4000000000000001,0.0
88,1.4000000000000001,0.0
89,1.4000000000000001,0.0
90,1.4000000000000001,0.0
91,1.4000000000000001,0.0
92,1.4000000000000001,0.0
93,1.4000000000000001,0.0
94,1.4000000000000001,0.0
95,1.4000000000000001,0.0
96,1.4000000000000001,0.0
97,1.4000000000000001,0.0
98,1.4000000000000001,0.0
99,1.4000000000000001,0.0
100,1.4000000000000001,0.0
101,1.4000000000000001,0.0
102,1.4000000000000001,0.0
103,1.4000000000000001,0.0
104,1.4000000000000001,0.0
105,1.4000000000000001,0.0
106,1.4000000000000001,0.0
107,1.4000000000000001,0.0
108,1.4000000000000001,0.0
109,1.4000000000000001,0.0
110,1.4000000000000001,0.0
111,1.4000000000000001,0.0
112,1.4000000000000001,0.0
113,1.4000000000000001,0.0
114,1.5,0.0
115,1.5,0.0
116,1.5,0.0
117,1.5,0.0
118,1.5,0.0
119,1.5,0.0
120,1.5,0.0
121,1.5,0.0
122,1.5,0.0
123,1.5,0.0
124,1.5,0.0
125,1.5,0.0
126,1.5,0.0
127,1.5,0.0
128,1.5,0.0
129,1.5,0.0
130,1.5,0.0
131,1.5,0.0
132,1.5,0.0
133,1.5,0.0
134,1.5,0.0
135,1.5,0.0
136,1.5,0.0
137,1.5,0.0
138,1.5,0.0
139,1.5,0.0
140,1.5,0.0
141,1.5,0.0
142,1.5,0.0
143,1.5,0.0
144,1.5,0.0
145,1.5,0.0
146,1.5,0.0
147,1.5,0.0
148,1.5,0.0
149,1.5,0.0
150,1.5,0.0
151,1.5,0.0
152,1.5,0.0
153,1.7000000000000002,0.0
154,1.7000000000000002,0.0
155,1.7000000000000002,0.0
156,1.7000000000000002,0.0
157,1.7000000000000002,0.0
158,1.7000000000000002,0.0
159,1.7000000000000002,0.0
160,1.7000000000000002,0.0
161,1.7000000000000002,0.0
162,1.8,0.0
163,1.8,0.0
164,1.8,0.0
165,1.8,0.0
166,1.8,0.0
167,1.9000000000000001,0.0
168,1.9000000000000001,0.0
169,1.9000000000000001,0.0
170,1.9000000000000001,0.0
171,1.9000000000000001,0.0
172,1.9000000000000001,0.0
173,1.9000000000000001,0.0
174,1.9000000000000001,0.0
175,1.9000000000000001,0.0
176,1.9000000000000001,0.0
177,1.9000000000000001,0.0
178,1.9000000000000001,0.0
179,2.0,0.0
180,2.0,0.0
181,2.0,0.0
182,2.1,0.0
183,2.1,0.0
184,2.2,0.0
185,2.3000000000000003,0.0
186,2.3000000000000003,0.0
187,2.3000000000000003,0.0
188,2.4000000000000004,0.0
189,2.4000000000000004,0.0
190,2.5,0.0
191,2.5,0.0
192,2.5,0.0
193,2.5,0.0
194,2.5,0.0
195,2.5,0.0
196,2.5,0.0
197,2.5,0.0
198,2.5,0.0
199,2.5,0.0
200,2.5,0.0
201,2.5,0.0
202,2.5,0.0
203,2.5,0.0
204,2.5,0.0
205,2.5,0.0
206,2.5,0.0
207,2.5,0.0
208,2.5,0.0
209,2.5,0.0
210,2.5,0.0
211,2.5,0.0
212,2.5,0.0
213,2.5,0.0
214,2.5,0.0
215,2.5,0.0
216,2.5,0.0
217,2.5,0.0
218,2.5,0.0
219,2.5,0.0
220,2.5,0.0
221,2.5,0.0
222,2.5,0.0
223,2.5,0.0
224,2.5,0.0
225,2.5,0.0
226,2.5,0.0
227,2.5,0.0
228,2.5,0.0
229,2.5,0.0
230,2.5,0.0
231,2.5,0.0
232,2.5,0.0
233,2.5,0.0
234,2.5,0.0
235,2.5,0.0
236,2.5,0.0
237,2.5,0.0
238,2.6,0.0
239,2.6,0.0
240,2.6,0.0
241,2.6,0.0
242,2.6,0.0
243,2.6,0.0
244,2.6,0.0
245,2.6,0.0
246,2.6,0.0
247,2.6,0.0
248,2.6,0.0
249,2.6,0.0
250,2.6,0.0
251,2.6,0.0
252,2.6,0.0
253,2.6,0.0
254,2.6,0.0
255,2.6,0.0
256,2.6,0.0
257,2.6,0.0
258,2.6,0.0
259,2.6,0.0
260,2.6,0.0
261,2.6,0.0
262,2.6,0.0
263,2.6,0.0
264,2.6,0.0
265,2.6,0.0
266,2.6,0.0
267,2.6,0.0
268,2.6,0.0
269,2.6,0.0
270,2.6,0.0
271,2.6,0.0
272,2.6,0.0
273,2.6,0.0
274,2.6,0.0
275,2.6,0.0
276,2.6,0.0
277,2.6,0.0
278,2.6,0.0
279,2.6,0.0
280,2.6,0.0
281,2.6,0.0
282,2.6,0.0
283,2.6,0.0
284,2.6,0.0
285,2.6,0.0
286,2.6,0.0
287,2.7,0.0
288,2.7,0.0
289,2.7,0.0
290,2.7,0.0
291,2.7,0.0
292,2.7,0.0
293,2.7,0.0
294,2.9000000000000004,0.0
295,2.9000000000000004,0.0
296,2.9000000000000004,0.0
297,2.9000000000000004,0.0
298,2.9000000000000004,0.0
299,2.9000000000000004,0.0
300,2.9000000000000004,0.0
301,2.9000000000000004,0.0
302,2.9000000000000004,0.0
303,2.9000000000000004,0.0
304,2.9000000000000004,0.0
305,2.9000000000000004,0.0
306,3.1,0.0
307,3.1,0.0
308,3.1,0.0
309,3.1,0.0
310,3.1,0.0
311,3.1,0.0
312,3.1,0.0
313,3.1,0.0
314,3.2,0.0
315,3.2,0.0
316,3.2,0.0
317,3.2,0.0
318,3.2,0.0
319,3.2,0.0
320,3.2,0.0
321,3.2,0.0
322,3.2,0.0
323,3.5,0.0
324,3.5,0.0
325,3.5,0.0
326,3.5,0.0
327,3.5,0.0
328,3.5,0.0
329,3.5,0.0
330,3.6,0.0
331,3.6,0.0
332,3.6,0.0
333,3.6,0.0
334,3.6,0.0
335,3.6,0.0
336,3.6,0.0
337,3.8000000000000003,0.0
338,3.8000000000000003,0.0
339,3.8000000000000003,0.0
340,3.8000000000000003,0.0
341,3.8000000000000003,0.0
342,3.8000000000000003,0.0
343,3.8000000000000003,0.0
344,3.8000000000000003,0.0
345,3.8000000000000003,0.0
346,3.8000000000000003,0.0
347,3.8000000000000003,0.0
348,3.8000000000000003,0.0
349,3.8000000000000003,0.0
350,3.8000000000000003,0.0
351,3.8000000000000003,0.0
352,3.8000000000000003,0.0
353,3.8000000000000003,0.0
354,3.8000000000000003,0.0
355,3.8000000000000003,0.0
356,3.8000000000000003,0.0
357,3.8000000000000003,0.0
358,3.8000000000000003,0.0
359,3.8000000000000003,0.0
360,3.8000000000000003,0.0
361,3.8000000000000003,0.0
362,3.8000000000000003,0.0
363,3.8000000000000003,0.0
364,3.8000000000000003,0.0
365,3.8000000000000003,0.0
366,3.8000000000000003,0.0
367,3.8000000000000003,0.0
368,3.8000000000000003,0.0
369,3.8000000000000003,0.0
370,3.8000000000000003,0.0
371,3.8000000000000003,0.0
372,3.8000000000000003,0.0
373,3.8000000000000003,0.0
374,3.8000000000000003,0.0
375,3.8000000000000003,0.0
376,3.8000000000000003,0.0
377,3.8000000000000003,0.0
378,3.8000000000000003,0.0
379,3.8000000000000003,0.0
380,3.8000000000000003,0.0
381,3.8000000000000003,0.0
382,3.8000000000000003,0.0
383,3.8000000000000003,0.0
384,3.8000000000000003,0.0
385,3.8000000000000003,0.0
386,3.8000000000000003,0.0
387,3.8000000000000003,0.0
388,3.8000000000000003,0.0
389,3.8000000000000003,0.0
390,3.8000000000000003,0.0
391,3.8000000000000003,0.0
392,3.8000000000000003,0.0
393,3.8000000000000003,0.0
394,3.8000000000000003,0.0
395,3.8000000000000003,0.0
396,3.8000000000000003,0.0
397,3.8000000000000003,0.0
398,3.8000000000000003,0.0
399,3.8000000000000003,0.0
400,3.8000000000000003,0.0
401,3.8000000000000003,0.0
402,3.8000000000000003,0.0
403,3.8000000000000003,0.0
404,3.8000000000000003,0.0
405,3.8000000000000003,0.0
406,3.8000000000000003,0.0
407,3.8000000000000003,0.0
408,3.8000000000000003,0.0
409,3.8000000000000003,0.0
410,3.8000000000000003,0.0
411,3.8000000000000003,0.0
412,3.8000000000000003,0.0
413,3.8000000000000003,0.0
414,3.8000000000000003,0.0
415,3.8000000000000003,0.0
416,3.8000000000000003,0.0
417,3.8000000000000003,0.0
418,3.8000000000000003,0.0
419,3.9000000000000004,0.0
420,3.9000000000000004,0.0
421,3.9000000000000004,0.0
422,3.9000000000000004,0.0
423,3.9000000000000004,0.0
424,3.9000000000000004,0.0
425,3.9000000000000004,0.0
426,4.5,0.0
427,4.5,0.0
428,4.5,0.0
429,4.5,0.0
430,4.5,0.0
431,4.5,0.0
432,4.5,0.0
433,4.7,0.0
434,4.7,0.0
435,4.7,0.0
436,4.7,0.0
437,4.7,0.0
438,4.7,0.0
439,4.7,0.0
440,4.7,0.0
441,4.7,0.0
442,4.7,0.0
443,4.7,0.0
444,4.7,0.0
445,4.7,0.0
446,4.7,0.0
447,4.7,0.0
448,4.7,0.0
449,4.7,0.0
450,4.7,0.0
451,4.7,0.0
452,4.7,0.0
453,4.7,0.0
454,4.7,0.0
455,4.7,0.0
456,4.7,0.0
457,4.7,0.0
458,4.7,0.0
459,4.7,0.0
460,4.7,0.0
461,4.7,0.0
462,4.7,0.0
463,4.7,0.0
464,4.7,0.0
465,4.7,0.0
466,4.7,0.0
467,4.7,0.0
468,4.7,0.0
469,4.7,0.0
470,4.7,0.0
471,4.7,0.0
472,4.7,0.0
473,4.7,0.0
474,4.7,0.0
475,4.7,0.0
476,4.7,0.0
477,4.7,0.0
478,4.7,0.0
479,4.7,0.0
480,4.7,0.0
481,4.7,0.0
482,4.7,0.0
483,4.7,0.0
484,4.7,0.0
485,4.7,0.0
486,4.7,0.0
487,4.7,0.0
488,4.7,0.0
489,4.7,0.0
490,4.7,0.0
491,4.7,0.0
492,4.7,0.0
493,4.7,0.0
494,4.7,0.0
495,4.7,0.0
496,4.7,0.0
497,4.7,0.0
498,4.7,0.0
499,4.7,0.0
500,4.7,0.0
501,4.800000000000001,0.0
502,4.800000000000001,0.0
503,4.800000000000001,0.0
504,4.800000000000001,0.0
505,4.800000000000001,0.0
506,4.800000000000001,0.0
507,4.800000000000001,0.0
508,4.800000000000001,0.0
509,4.800000000000001,0.0
510,4.800000000000001,0.0
511,4.800000000000001,0.0
512,4.800000000000001,0.0
513,4.800000000000001,0.0
514,4.800000000000001,0.0
515,4.800000000000001,0.0
516,4.800000000000001,0.0
517,4.800000000000001,0.0
518,4.800000000000001,0.0
519,4.800000000000001,0.0
520,4.800000000000001,0.0
521,4.800000000000001,0.0
522,4.800000000000001,0.0
523,4.800000000000001,0.0
524,4.800000000000001,0.0
525,4.800000000000001,0.0
526,4.800000000000001,0.0
527,4.800000000000001,0.0
528,5.0,0.0
529,5.0,0.0
530,5.0,0.0
531,5.0,0.0
532,5.0,0.0
533,5.0,0.0
534,5.0,0.0
535,5.0,0.0
536,5.0,0.0
537,5.0,0.0
538,5.0,0.0
539,5.0,0.0
540,5.0,0.0
541,5.0,0.0
542,5.0,0.0
543,5.0,0.0
544,5.0,0.0
545,5.0,0.0
546,5.0,0.0
547,5.0,0.0
548,5.0,0.0
549,5.0,0.0
550,5.0,0.0
551,5.4,0.0
552,5.4,0.0
553,5.4,0.0
554,5.4,0.0
555,5.4,0.0
556,5.4,0.0
557,5.4,0.0
558,5.4,0.0
559,5.4,0.0
560,5.4,0.0
561,5.4,0.0
562,5.4,0.0
563,5.4,0.0
564,5.7,0.0
565,5.7,0.0
566,5.7,0.0
567,5.7,0.0
568,5.7,0.0
569,5.7,0.0
570,5.7,0.0
571,5.7,0.0
572,5.7,0.0
573,5.7,0.0
574,5.7,0.0
575,5.7,0.0
576,5.7,0.0
577,5.7,0.0
578,5.7,0.0
579,5.7,0.0
580,5.7,0.0
581,5.7,0.0
582,5.7,0.0
583,5.7,0.0
584,5.7,0.0
585,5.7,0.0
586,5.7,0.0
587,5.7,0.0
588,5.7,0.0
589,5.7,0.0
590,5.7,0.0
591,5.7,0.0
592,5.7,0.0
593,5.7,0.0
594,5.7,0.0
595,5.7,0.0
596,5.7,0.0
597,5.7,0.0
598,5.7,0.0
599,5.7,0.0
600,5.7,0.0
601,5.7,0.0
602,5.7,0.0
603,5.7,0.0
604,5.7,0.0
605,5.7,0.0
606,5.9,0.0
607,5.9,0.0
608,5.9,0.0
609,5.9,0.0
610,5.9,0.0
611,5.9,0.0
612,5.9,0.0
613,5.9,0.0
614,5.9,0.0
615,5.9,0.0
616,5.9,0.0
617,5.9,0.0
618,5.9,0.0
619,5.9,0.0
620,6.1000000000000005,0.0
621,6.1000000000000005,0.0
622,6.1000000000000005,0.0
623,6.1000000000000005,0.0
624,6.1000000000000005,0.0
625,6.1000000000000005,0.0
626,6.4,0.0
627,6.4,0.0
628,6.4,0.0
629,6.4,0.0
630,6.4,0.0
631,6.4,0.0
632,6.4,0.0
633,6.4,0.0
634,6.4,0.0
635,6.4,0.0
636,6.4,0.0
637,6.4,0.0
638,6.4,0.0
639,6.4,0.0
640,6.4,0.0
641,6.4,0.0
642,6.4,0.0
643,6.4,0.0
644,6.7,0.0
645,6.7,0.0
646,6.7,0.0
647,6.7,0.0
648,6.7,0.0
649,6.7,0.0
650,6.7,0.0
651,6.7,0.0
652,6.7,0.0
653,6.7,0.0
654,6.7,0.0
655,6.7,0.0
656,6.7,0.0
657,6.800000000000001,0.0
658,6.800000000000001,0.0
659,6.800000000000001,0.0
660,6.800000000000001,0.0
661,6.800000000000001,0.0
662,6.800000000000001,0.0
663,6.800000000000001,0.0
664,6.800000000000001,0.0
665,6.800000000000001,0.0
666,6.800000000000001,0.0
667,6.800000000000001,0.0
668,6.800000000000001,0.0
669,6.800000000000001,0.0
670,6.800000000000001,0.0
671,6.800000000000001,0.0
672,6.800000000000001,0.0
673,6.800000000000001,0.0
674,6.800000000000001,0.0
675,6.800000000000001,0.0
676,6.800000000000001,0.0
677,6.800000000000001,0.0
678,6.800000000000001,0.0
679,6.800000000000001,0.0
680,6.800000000000001,0.0
681,6.800000000000001,0.0
682,6.800000000000001,0.0
683,6.800000000000001,0.0
684,6.800000000000001,0.0
685,6.800000000000001,0.0
686,6.800000000000001,0.0
687,6.800000000000001,0.0
688,6.800000000000001,0.0
689,6.800000000000001,0.0
690,6.800000000000001,0.0
691,6.800000000000001,0.0
692,6.800000000000001,0.0
693,6.800000000000001,0.0
694,6.800000000000001,0.0
695,7.1000000000000005,0.0
696,7.1000000000000005,0.0
697,7.1000000000000005,0.0
698,7.1000000000000005,0.0
699,7.1000000000000005,0.0
700,7.1000000000000005,0.0
701,7.1000000000000005,0.0
702,7.1000000000000005,0.0
703,7.1000000000000005,0.0
704,7.1000000000000005,0.0
705,7.1000000000000005,0.0
706,7.1000000000000005,0.0
707,7.1000000000000005,0.0
708,7.1000000000000005,0.0
709,7.1000000000000005,0.0
710,7.1000000000000005,0.0
711,7.1000000000000005,0.0
712,7.1000000000000005,0.0
713,7.1000000000000005,0.0
714,7.1000000000000005,0.0
715,7.1000000000000005,0.0
716,7.1000000000000005,0.0
717,7.1000000000000005,0.0
718,7.1000000000000005,0.0
719,7.1000000000000005,0.0
720,7.1000000000000005,0.0
721,7.1000000000000005,0.0
722,7.1000000000000005,0.0
723,7.1000000000000005,0.0
724,7.1000000000000005,0.0
725,7.1000000000000005,0.0
726,7.1000000000000005,0.0
727,7.1000000000000005,0.0
728,7.1000000000000005,0.0
729,7.1000000000000005,0.0
730,7.1000000000000005,0.0
731,7.1000000000000005,0.0
732,7.1000000000000005,0.0
733,7.1000000000000005,0.0
734,7.1000000000000005,0.0
735,7.1000000000000005,0.0
736,7.1000000000000005,0.0
737,7.1000000000000005,0.0
738,7.1000000000000005,0.0
739,7.1000000000000005,0.0
740,7.1000000000000005,0.0
741,7.1000000000000005,0.0
742,7.300000000000001,0.0
743,7.300000000000001,0.0
744,7.300000000000001,0.0
745,7.300000000000001,0.0
746,7.300000000000001,0.0
747,7.300000000000001,0.0
748,7.300000000000001,0.0
749,7.300000000000001,0.0
750,7.300000000000001,0.0
751,7.300000000000001,0.0
752,7.300000000000001,0.0
753,7.300000000000001,0.0
754,7.300000000000001,0.0
755,7.300000000000001,0.0
756,7.6000000000000005,0.0
757,7.6000000000000005,0.0
758,7.6000000000000005,0.0
759,7.6000000000000005,0.0
760,7.6000000000000005,0.0
761,7.6000000000000005,0.0
762,7.6000000000000005,0.0
763,7.6000000000000005,0.0
764,7.6000000000000005,0.0
765,7.6000000000000005,0.0
766,7.6000000000000005,0.0
767,7.6000000000000005,0.0
768,7.6000000000000005,0.0
769,7.6000000000000005,0.0
770,7.6000000000000005,0.0
771,7.6000000000000005,0.0
772,7.6000000000000005,0.0
773,7.6000000000000005,0.0
774,7.6000000000000005,0.0
775,7.6000000000000005,0.0
776,7.6000000000000005,0.0
777,7.6000000000000005,0.0
778,7.6000000000000005,0.0
779,7.6000000000000005,0.0
780,7.6000000000000005,0.0
781,7.6000000000000005,0.0
782,7.6000000000000005,0.0
783,7.6000000000000005,0.0
784,7.6000000000000005,0.0
785,7.6000000000000005,0.0
786,7.6000000000000005,0.0
787,7.6000000000000005,0.0
788,7.6000000000000005,0.0
789,7.6000000000000005,0.0
790,7.6000000000000005,0.0
791,7.6000000000000005,0.0
792,7.6000000000000005,0.0
793,7.6000000000000005,0.0
794,7.6000000000000005,0.0
795,7.6000000000000005,0.0
796,7.6000000000000005,0.0
797,7.6000000000000005,0.0
798,7.6000000000000005,0.0
799,7.800000000000001,0.0
800,7.800000000000001,0.0
801,7.800000000000001,0.0
802,7.800000000000001,0.0
803,7.800000000000001,0.0
804,7.800000000000001,0.0
805,7.800000000000001,0.0
806,7.800000000000001,0.0
807,7.800000000000001,0.0
808,7.800000000000001,0.0
809,7.800000000000001,0.0
810,7.800000000000001,0.0
811,7.800000000000001,0.0
812,7.800000000000001,0.0
813,7.800000000000001,0.0
814,7.800000000000001,0.0
815,7.800000000000001,0.0
816,7.800000000000001,0.0
817,7.800000000000001,0.0
818,7.800000000000001,0.0
819,7.800000000000001,0.0
820,7.800000000000001,0.0
821,7.800000000000001,0.0
822,7.800000000000001,0.0
823,7.800000000000001,0.0
824,7.800000000000001,0.0
825,7.800000000000001,0.0
826,7.800000000000001,0.0
827,7.800000000000001,0.0
828,7.800000000000001,0.0
829,7.800000000000001,0.0
830,7.800000000000001,0.0
831,7.800000000000001,0.0
832,7.800000000000001,0.0
833,7.800000000000001,0.0
834,7.800000000000001,0.0
835,7.800000000000001,0.0
836,7.800000000000001,0.0
837,7.800000000000001,0.0
838,7.800000000000001,0.0
839,7.800000000000001,0.0
840,7.800000000000001,0.0
841,7.800000000000001,0.0
842,7.800000000000001,0.0
843,7.800000000000001,0.0
844,7.800000000000001,0.0
845,7.800000000000001,0.0
846,7.800000000000001,0.0
847,7.800000000000001,0.0
848,7.800000000000001,0.0
849,7.800000000000001,0.0
850,8.1,0.0
851,8.1,0.0
852,8.1,0.0
853,8.1,0.0
854,8.1,0.0
855,8.1,0.0
856,8.1,0.0
857,8.1,0.0
858,8.1,0.0
859,8.1,0.0
860,8.1,0.0
861,8.1,0.0
862,8.1,0.0
863,8.1,0.0
864,8.1,0.0
865,8.1,0.0
866,8.1,0.0
867,8.1,0.0
868,8.1,0.0
869,8.1,0.0
870,8.1,0.0
871,8.1,0.0
872,8.1,0.0
873,8.1,0.0
874,8.1,0.0
875,8.1,0.0
876,8.1,0.0
877,8.1,0.0
878,8.1,0.0
879,8.1,0.0
880,8.1,0.0
881,8.1,0.0
882,8.1,0.0
883,8.1,0.0
884,8.1,0.0
885,8.1,0.0
886,8.1,0.0
887,8.1,0.0
888,8.1,0.0
889,8.1,0.0
890,8.1,0.0
891,8.1,0.0
892,8.1,0.0
893,8.1,0.0
894,8.1,0.0
895,8.1,0.0
896,8.1,0.0
897,8.1,0.0
898,8.1,0.0
899,8.5,0.0
900,8.5,0.0
901,8.5,0.0
902,8.5,0.0
903,8.5,0.0
904,8.5,0.0
905,8.5,0.0
906,8.5,0.0
907,8.5,0.0
908,8.5,0.0
909,8.5,0.0
910,8.5,0.0
911,8.5,0.0
912,8.8,0.0
913,8.8,0.0
914,8.8,0.0
915,8.8,0.0
916,8.8,0.0
917,8.8,0.0
918,8.8,0.0
919,8.8,0.0
920,8.8,0.0
921,8.8,0.0
922,8.8,0.0
923,8.8,0.0
924,8.8,0.0
925,8.8,0.0
926,8.9,0.0
927,8.9,0.0
928,8.9,0.0
929,8.9,0.0
930,8.9,0.0
931,8.9,0.0
932,8.9,0.0
933,8.9,0.0
934,8.9,0.0
935,9.200000000000001,0.0
936,9.200000000000001,0.0
937,9.200000000000001,0.0
938,9.200000000000001,0.0
939,9.200000000000001,0.0
940,9.200000000000001,0.0
941,9.5,0.0
942,9.5,0.0
943,9.5,0.0
944,9.5,0.0
945,9.5,0.0
946,9.5,0.0
947,9.5,0.0
948,9.5,0.0
949,9.700000000000001,0.0
950,9.700000000000001,0.0
951,9.700000000000001,0.0
952,9.700000000000001,0.0
953,9.700000000000001,0.0
954,9.700000000000001,0.0
955,9.700000000000001,0.0
956,9.700000000000001,0.0
957,9.700000000000001,0.0
958,9.9,0.0
959,9.9,0.0
960,9.9,0.0
961,9.9,0.0
962,9.9,0.0
963,9.9,0.0
964,9.9,0.0
965,9.9,0.0
966,9.9,0.0
967,9.9,0.0
968,9.9,0.0
969,9.9,0.0
970,9.9,0.0
971,9.9,0.0
972,9.9,0.0
973,9.9,0.0
974,9.9,0.0
975,9.9,0.0
976,9.9,0.0
977,9.9,0.0
978,9.9,0.0
979,9.9,0.0
980,9.9,0.0
981,9.9,0.0
982,9.9,0.0
983,9.9,0.0
984,9.9,0.0
985,9.9,0.0
986,9.9,0.0
987,9.9,0.0
988,9.9,0.0
989,9.9,0.0
990,9.9,0.0
991,9.9,0.0
992,9.9,0.0
993,9.9,0.0
994,9.9,0.0
995,10.100000000000001,0.0
996,10.100000000000001,0.0
997,10.100000000000001,0.0
998,10.100000000000001,0.0
999,10.3,0.0
1000,10.3,0.0
1001,10.3,0.0
1002,10.3,0.0
1003,10.3,0.0
1004,10.3,0.0
1005,10.3,0.0
1006,10.3,0.0
1007,10.3,0.0
1008,10.3,0.0
1009,10.3,0.0
1010,10.3,0.0
1011,10.3,0.0
1012,10.3,0.0
1013,10.3,0.0
1014,10.3,0.0
1015,10.3,0.0
1016,10.3,0.0
1017,10.3,0.0
1018,10.3,0.0
1019,10.3,0.0
1020,10.3,0.0
1021,10.3,0.0
1022,10.3,0.0
1023,10.3,0.0
1024,10.3,0.0
1025,10.3,0.0
1026,10.3,0.0
1027,10.3,0.0
1028,10.3,0.0
1029,10.3,0.0
1030,10.3,0.0
1031,10.3,0.0
1032,10.3,0.0
1033,10.3,0.0
1034,10.3,0.0
1035,10.3,0.0
1036,10.3,0.0
1037,10.3,0.0
1038,10.3,0.0
1039,10.3,0.0
1040,10.3,0.0
1041,10.3,0.0
1042,10.5,0.0
1043,10.5,0.0
1044,10.5,0.0
1045,10.5,0.0
1046,10.5,0.0
1047,10.5,0.0
1048,10.5,0.0
1049,10.5,0.0
1050,10.5,0.0
1051,10.5,0.0
1052,10.5,0.0
1053,10.5,0.0
1054,10.5,0.0
1055,10.5,0.0
1056,10.5,0.0
1057,10.5,0.0
1058,10.5,0.0
1059,10.5,0.0
1060,10.5,0.0
1061,10.5,0.0
1062,10.5,0.0
1063,10.5,0.0
1064,10.5,0.0
1065,10.5,0.0
1066,10.5,0.0
1067,10.5,0.0
1068,10.5,0.0
1069,10.5,0.0
1070,10.5,0.0
1071,10.5,0.0
1072,10.5,0.0
1073,10.5,0.0
1074,10.5,0.0
1075,10.5,0.0
1076,11.0,0.0
1077,11.0,0.0
1078,11.0,0.0
1079,11.0,0.0
1080,11.0,0.0
1081,11.0,0.0
1082,11.0,0.0
1083,11.0,0.0
1084,11.0,0.0
1085,11.0,0.0
1086,11.0,0.0
1087,11.0,0.0
1088,11.0,0.0
1089,11.0,0.0
1090,11.0,0.0
1091,11.0,0.0
1092,11.0,0.0
1093,11.0,0.0
1094,11.0,0.0
1095,11.0,0.0
1096,11.100000000000001,0.0
1097,11.100000000000001,0.0
1098,11.100000000000001,0.0
1099,11.100000000000001,0.0
1100,11.100000000000001,0.0
1101,11.100000000000001,0.0
1102,11.100000000000001,0.0
1103,11.100000000000001,0.0
1104,11.100000000000001,0.0
1105,11.100000000000001,0.0
1106,11.100000000000001,0.0
1107,11.100000000000001,0.0
1108,11.100000000000001,0.0
1109,11.100000000000001,0.0
1110,11.100000000000001,0.0
1111,11.100000000000001,0.0
1112,11.100000000000001,0.0
1113,11.100000000000001,0.0
1114,11.100000000000001,0.0
1115,11.100000000000001,0.0
1116,11.100000000000001,0.0
1117,11.100000000000001,0.0
1118,12.0,0.0
1119,12.0,0.0
1120,12.0,0.0
1121,12.0,0.0
1122,12.0,0.0
1123,12.0,0.0
1124,12.0,0.0
1125,12.0,0.0
1126,12.0,0.0
1127,12.0,0.0
1128,12.0,0.0
1129,12.0,0.0
1130,12.0,0.0
1131,12.0,0.0
1132,12.0,0.0
1133,12.0,0.0
1134,12.0,0.0
1135,12.0,0.0
1136,12.0,0.0
1137,12.0,0.0
1138,12.0,0.0
1139,12.0,0.0
1140,12.0,0.0
1141,12.0,0.0
1142,12.0,0.0
1143,12.0,0.0
1144,12.0,0.0
1145,12.0,0.0
1146,12.0,0.0
1147,12.0,0.0
1148,12.0,0.0
1149,12.0,0.0
1150,12.0,0.0
1151,12.0,0.0
1152,12.0,0.0
1153,12.0,0.0
1154,12.0,0.0
1155,12.0,0.0
1156,12.0,0.0
1157,12.0,0.0
1158,12.0,0.0
1159,12.0,0.0
1160,12.0,0.0
1161,12.0,0.0
1162,12.0,0.0
1163,12.0,0.0
1164,12.0,0.0
1165,12.0,0.0
1166,12.0,0.0
1167,12.0,0.0
1168,12.200000000000001,0.0
1169,12.200000000000001,0.0
1170,12.200000000000001,0.0
1171,12.200000000000001,0.0
1172,12.200000000000001,0.0
1173,12.200000000000001,0.0
1174,12.200000000000001,0.0
1175,12.200000000000001,0.0
1176,12.200000000000001,0.0
1177,12.200000000000001,0.0
1178,12.200000000000001,0.0
1179,12.200000000000001,0.0
1180,12.200000000000001,0.0
1181,12.200000000000001,0.0
1182,12.200000000000001,0.0
1183,12.200000000000001,0.0
1184,12.200000000000001,0.0
1185,12.200000000000001,0.0
1186,12.200000000000001,0.0
1187,12.200000000000001,0.0
1188,12.200000000000001,0.0
1189,12.200000000000001,0.0
1190,12.200000000000001,0.0
1191,12.200000000000001,0.0
1192,12.200000000000001,0.0
1193,12.200000000000001,0.0
1194,12.200000000000001,0.0
1195,12.200000000000001,0.0
1196,12.200000000000001,0.0
1197,12.200000000000001,0.0
1198,12.200000000000001,0.0
1199,12.200000000000001,0.0
1200,12.200000000000001,0.0
1201,12.200000000000001,0.0
1202,12.200000000000001,0.0
1203,12.200000000000001,0.0
1204,12.200000000000001,0.0
1205,12.200000000000001,0.0
1206,12.200000000000001,0.0
1207,12.200000000000001,0.0
1208,12.200000000000001,0.0
1209,12.200000000000001,0.0
1210,12.200000000000001,0.0
1211,12.200000000000001,0.0
1212,12.200000000000001,0.0
1213,12.200000000000001,0.0
1214,12.200000000000001,0.0
1215,12.200000000000001,0.0
1216,12.200000000000001,0.0
1217,12.200000000000001,0.0
1218,12.200000000000001,0.0
1219,12.200000000000001,0.0
1220,12.700000000000001,0.0
1221,12.700000000000001,0.0
1222,12.700000000000001,0.0
1223,12.700000000000001,0.0
1224,12.700000000000001,0.0
1225,12.700000000000001,0.0
1226,12.700000000000001,0.0
1227,12.700000000000001,0.0
1228,12.700000000000001,0.0
1229,12.700000000000001,0.0
1230,12.700000000000001,0.0
1231,12.700000000000001,0.0
1232,12.700000000000001,0.0
1233,13.100000000000001,0.0
1234,13.100000000000001,0.0
1235,13.100000000000001,0.0
1236,13.100000000000001,0.0
1237,13.100000000000001,0.0
1238,13.100000000000001,0.0
1239,13.100000000000001,0.0
1240,13.100000000000001,0.0
1241,13.100000000000001,0.0
1242,13.100000000000001,0.0
1243,13.100000000000001,0.0
1244,13.100000000000001,0.0
1245,13.100000000000001,0.0
1246,13.100000000000001,0.0
1247,13.100000000000001,0.0
1248,13.100000000000001,0.0
1249,13.100000000000001,0.0
1250,13.100000000000001,0.0
1251,13.100000000000001,0.0
1252,13.100000000000001,0.0
1253,13.100000000000001,0.0
1254,13.100000000000001,0.0
1255,13.100000000000001,0.0
1256,13.100000000000001,0.0
1257,13.100000000000001,0.0
1258,13.100000000000001,0.0
1259,13.100000000000001,0.0
1260,13.100000000000001,0.0
1261,13.100000000000001,0.0
1262,13.100000000000001,0.0
1263,13.100000000000001,0.0
1264,13.100000000000001,0.0
1265,13.100000000000001,0.0
1266,13.100000000000001,0.0
1267,13.100000000000001,0.0
1268,13.100000000000001,0.0
1269,13.100000000000001,0.0
1270,13.100000000000001,0.0
1271,13.100000000000001,0.0
1272,13.100000000000001,0.0
1273,13.100000000000001,0.0
1274,13.100000000000001,0.0
1275,13.100000000000001,0.0
1276,13.100000000000001,0.0
1277,13.100000000000001,0.0
1278,13.100000000000001,0.0
1279,13.100000000000001,0.0
1280,13.100000000000001,0.0
1281,13.4,0.0
1282,13.4,0.0
1283,13.4,0.0
1284,13.4,0.0
1285,13.4,0.0
1286,13.4,0.0
1287,13.4,0.0
1288,13.4,0.0
1289,13.4,0.0
1290,13.4,0.0
1291,13.4,0.0
1292,13.4,0.0
1293,13.4,0.0
1294,13.4,0.0
1295,13.4,0.0
1296,13.4,0.0
1297,13.4,0.0
1298,13.600000000000001,0.0
1299,13.600000000000001,0.0
1300,13.600000000000001,0.0
1301,13.600000000000001,0.0
1302,13.600000000000001,0.0
1303,13.600000000000001,0.0
1304,13.600000000000001,0.0
1305,13.600000000000001,0.0
1306,13.600000000000001,0.0
1307,13.600000000000001,0.0
1308,13.600000000000001,0.0
1309,13.600000000000001,0.0
1310,13.600000000000001,0.0
1311,13.600000000000001,0.0
1312,13.600000000000001,0.0
1313,13.600000000000001,0.0
1314,13.600000000000001,0.0
1315,13.600000000000001,0.0
1316,13.600000000000001,0.0
1317,13.600000000000001,0.0
1318,13.600000000000001,0.0
1319,13.600000000000001,0.0
1320,13.600000000000001,0.0
1321,13.600000000000001,0.0
1322,13.600000000000001,0.0
1323,13.600000000000001,0.0
1324,13.600000000000001,0.0
1325,13.600000000000001,0.0
1326,13.600000000000001,0.0
1327,13.600000000000001,0.0
1328,13.600000000000001,0.0
1329,13.600000000000001,0.0
1330,13.600000000000001,0.0
1331,13.600000000000001,0.0
1332,13.600000000000001,0.0
1333,13.600000000000001,0.0
1334,13.600000000000001,0.0
1335,13.600000000000001,0.0
1336,13.600000000000001,0.0
1337,13.600000000000001,0.0
1338,13.600000000000001,0.0
1339,13.600000000000001,0.0
1340,13.600000000000001,0.0
1341,13.600000000000001,0.0
1342,13.600000000000001,0.0
1343,13.600000000000001,0.0
1344,13.600000000000001,0.0
1345,13.600000000000001,0.0
1346,13.600000000000001,0.0
1347,13.600000000000001,0.0
1348,13.600000000000001,0.0
1349,13.600000000000001,0.0
1350,13.600000000000001,0.0
1351,13.600000000000001,0.0
1352,13.600000000000001,0.0
1353,13.600000000000001,0.0
1354,13.600000000000001,0.0
1355,13.600000000000001,0.0
1356,13.600000000000001,0.0
1357,13.600000000000001,0.0
1358,13.600000000000001,0.0
1359,13.600000000000001,0.0
1360,13.600000000000001,0.0
1361,13.600000000000001,0.0
1362,13.600000000000001,0.0
1363,13.600000000000001,0.0
1364,13.600000000000001,0.0
1365,13.600000000000001,0.0
1366,13.600000000000001,0.0
1367,13.600000000000001,0.0
1368,13.600000000000001,0.0
1369,13.600000000000001,0.0
1370,13.600000000000001,0.0
1371,13.600000000000001,0.0
1372,13.600000000000001,0.0
1373,13.600000000000001,0.0
1374,13.600000000000001,0.0
1375,13.600000000000001,0.0
1376,13.600000000000001,0.0
1377,13.600000000000001,0.0
1378,13.600000000000001,0.0
1379,13.8,0.0
1380,13.8,0.0
1381,13.8,0.0
1382,13.8,0.0
1383,13.8,0.0
1384,13.8,0.0
1385,13.8,0.0
1386,13.8,0.0
1387,13.8,0.0
1388,13.8,0.0
1389,13.8,0.0
1390,13.8,0.0
1391,13.8,0.0
1392,13.8,0.0
1393,13.8,0.0
1394,13.8,0.0
1395,13.8,0.0
1396,13.8,0.0
1397,13.8,0.0
1398,13.8,0.0
1399,13.8,0.0
1400,13.8,0.0
1401,13.8,0.0
1402,13.8,0.0
1403,13.8,0.0
1404,13.8,0.0
1405,13.8,0.0
1406,13.8,0.0
1407,13.8,0.0
1408,14.100000000000001,0.0
1409,14.100000000000001,0.0
1410,14.100000000000001,0.0
1411,14.100000000000001,0.0
1412,14.100000000000001,0.0
1413,14.100000000000001,0.0
1414,14.100000000000001,0.0
1415,14.100000000000001,0.0
1416,14.100000000000001,0.0
1417,14.100000000000001,0.0
1418,14.100000000000001,0.0
1419,14.100000000000001,0.0
1420,14.100000000000001,0.0
1421,14.100000000000001,0.0
1422,14.100000000000001,0.0
1423,14.100000000000001,0.0
1424,14.100000000000001,0.0
1425,14.100000000000001,0.0
1426,14.100000000000001,0.0
1427,14.100000000000001,0.0
1428,14.100000000000001,0.0
1429,14.100000000000001,0.0
1430,14.100000000000001,0.0
1431,14.100000000000001,0.0
1432,14.100000000000001,0.0
1433,14.100000000000001,0.0
1434,14.100000000000001,0.0
1435,14.100000000000001,0.0
1436,14.100000000000001,0.0
1437,14.100000000000001,0.0
1438,14.100000000000001,0.0
1439,14.100000000000001,0.0
1440,14.100000000000001,0.0
1441,14.100000000000001,0.0
1442,14.100000000000001,0.0
1443,14.100000000000001,0.0
1444,14.100000000000001,0.0
1445,14.100000000000001,0.0
1446,14.100000000000001,0.0
1447,14.100000000000001,0.0
1448,14.100000000000001,0.0
1449,14.100000000000001,0.0
1450,14.100000000000001,0.0
1451,14.100000000000001,0.0
1452,14.100000000000001,0.0
1453,14.100000000000001,0.0
1454,14.100000000000001,0.0
1455,14.100000000000001,0.0
1456,14.100000000000001,0.0
1457,14.100000000000001,0.0
1458,14.100000000000001,0.0
1459,14.100000000000001,0.0
1460,14.100000000000001,0.0
1461,14.100000000000001,0.0
1462,14.100000000000001,0.0
1463,14.100000000000001,0.0
1464,14.100000000000001,0.0
1465,14.100000000000001,0.0
1466,14.100000000000001,0.0
1467,14.100000000000001,0.0
1468,14.100000000000001,0.0
1469,14.100000000000001,0.0
1470,14.100000000000001,0.0
1471,14.100000000000001,0.0
1472,14.100000000000001,0.0
1473,15.200000000000001,0.0
1474,15.200000000000001,0.0
1475,15.200000000000001,0.0
1476,15.200000000000001,0.0
1477,15.200000000000001,0.0
1478,15.200000000000001,0.0
1479,15.200000000000001,0.0
1480,15.200000000000001,0.0
1481,15.200000000000001,0.0
1482,15.200000000000001,0.0
1483,15.200000000000001,0.0
1484,15.200000000000001,0.0
1485,15.200000000000001,0.0
1486,15.200000000000001,0.0
1487,15.200000000000001,0.0
1488,15.200000000000001,0.0
1489,15.200000000000001,0.0
1490,15.200000000000001,0.0
1491,15.200000000000001,0.0
1492,15.200000000000001,0.0
1493,15.200000000000001,0.0
1494,15.200000000000001,0.0
1495,15.200000000000001,0.0
1496,15.200000000000001,0.0
1497,15.200000000000001,0.0
1498,15.200000000000001,0.0
1499,15.200000000000001,0.0
1500,15.200000000000001,0.0
1501,15.200000000000001,0.0
1502,15.200000000000001,0.0
1503,15.200000000000001,0.0
1504,15.200000000000001,0.0
1505,15.200000000000001,0.0
1506,15.200000000000001,0.0
1507,15.200000000000001,0.0
1508,15.200000000000001,0.0
1509,15.200000000000001,0.0
1510,15.200000000000001,0.0
1511,15.200000000000001,0.0
1512,15.200000000000001,0.0
1513,15.200000000000001,0.0
1514,15.200000000000001,0.0
1515,15.200000000000001,0.0
1516,15.5,0.0
1517,15.5,0.0
1518,15.5,0.0
1519,15.5,0.0
1520,15.5,0.0
1521,15.5,0.0
1522,15.5,0.0
1523,15.5,0.0
1524,15.5,0.0
1525,15.5,0.0
1526,15.5,0.0
1527,16.5,0.0
1528,16.5,0.0
1529,16.5,0.0
1530,16.5,0.0
1531,16.5,0.0
1532,16.5,0.0
1533,16.5,0.0
1534,16.5,0.0
1535,16.5,0.0
1536,16.5,0.0
1537,16.5,0.0
1538,16.5,0.0
1539,16.5,0.0
1540,16.5,0.0
1541,16.5,0.0
1542,16.5,0.0
1543,16.5,0.0
1544,16.5,0.0
1545,16.5,0.0
1546,16.5,0.0
1547,16.5,0.0
1548,16.5,0.0
1549,16.5,0.0
1550,16.5,0.0
1551,16.5,0.008888999386734042
1552,16.5,0.008888999386734042
1553,16.5,0.03197752473770343
1554,16.5,0.07445345001905324
1555,16.5,0.10888899938673191
1556,16.5,0.12076199316017622
1557,16.5,0.13197752473770308
1558,16.5,0.146491969568892
1559,16.5,0.146491969568892
1560,16.5,0.14938093580626344
1561,16.5,0.14938093580626344
1562,16.5,0.17445345001905466
1563,16.5,0.17445345001905466
1564,16.5,0.17445345001905466
1565,16.5,0.17445345001905466
1566,16.5,0.18896789485024357
1567,16.5,0.2319775247377045
1568,16.5,0.2359339001872911
1569,16.5,0.24649196956889163
1570,16.5,0.24649196956889163
1571,16.5,0.2625843236702927
1572,16.5,0.28791208791208334
1573,16.5,0.288967894850245
1574,17.1,0.28962922447085226
1575,17.1,0.33197752473770414
1576,17.1,0.33487809324913087
1577,17.1,0.34649196956889217
1578,17.1,0.34649196956889217
1579,17.1,0.36654069911988074
1580,17.1,0.37445345001905395
1581,17.1,0.38791208791208476
1582,17.1,0.4088889993867326
1583,17.1,0.4319775247377038
1584,17.1,0.4319775247377038
1585,17.1,0.43197752473770556
1586,17.1,0.43487809324912874
1587,17.1,0.43487809324912874
1588,17.1,0.47445345001905537
1589,17.1,0.47445345001905537
1590,17.1,0.5348780932491302
1591,17.1,0.5464919695688915
1592,17.1,0.6088889993867355
1593,17.1,0.6319775247377031
1594,17.1,0.634878093249128
1595,17.1,0.6493809358062634
1596,17.1,0.6744534500190547
1597,17.1,0.6955695887822582
1598,17.1,0.7319775247377045
1599,17.1,0.7319775247377045
1600,17.1,0.7744534500190561
1601,17.1,0.8088889993867312
1602,17.1,0.8088889993867312
1603,17.1,0.8319775247377041
1604,17.1,0.8493809358062663
1605,17.1,0.9348780932491287
1606,17.1,0.9359339001872904
1607,17.1,0.962584323670292
1608,17.1,0.9744534500190554
1609,17.1,1.049380935806262
1610,17.1,1.049380935806262
1611,17.1,1.049380935806262
1612,17.1,1.0493809358062691
1613,17.1,1.0744534500190532
1614,17.1,1.0744534500190532
1615,17.1,1.087912087912084
1616,17.1,1.1088889993867355
1617,17.1,1.1319775247377049
1618,17.1,1.1319775247377049
1619,17.1,1.1319775247377049
1620,17.1,1.1348780932491316
1621,17.1,1.1493809358062634
1622,17.1,1.1493809358062634
1623,17.1,1.1493809358062634
1624,17.1,1.1573052889794937
1625,17.1,1.1654848921817198
1626,17.1,1.1744534500190547
1627,17.1,1.2348780932491294
1628,17.1,1.2493809358062649
1629,17.1,1.274453450019056
1630,17.1,1.274453450019056
1631,17.1,1.2879120879120833
1632,17.1,1.287912087912087
1633,17.1,1.3348780932491273
1634,17.1,1.3879120879120848
1635,17.1,1.4319775247377038
1636,17.1,1.4319775247377038
1637,17.1,1.4319775247377056
1638,17.1,1.4319775247377056
1639,17.1,1.4348780932491287
1640,17.1,1.4359339001872904
1641,17.1,1.4464919695688918
1642,17.1,1.4464919695688918
1643,17.1,1.4744534500190554
1644,17.2,1.4744534500190554
1645,17.2,1.4879120879120826
1646,17.2,1.508888999386734
1647,17.2,1.5319775247377052
1648,17.2,1.5348780932491302
1649,17.2,1.5348780932491302
1650,17.2,1.549380935806262
1651,17.2,1.549380935806262
1652,17.2,1.549380935806262
1653,17.2,1.565484892181722
1654,17.2,1.5744534500190532
1655,17.2,1.587912087912084
1656,17.2,1.6088889993867355
1657,17.2,1.6319775247377049
1658,17.2,1.6348780932491316
1659,17.2,1.646491969568892
1660,17.2,1.646491969568892
1661,17.2,1.646491969568892
1662,17.2,1.6603373499301028
1663,17.2,1.6744534500190547
1664,17.2,1.7464919695688925
1665,17.2,1.7493809358062578
1666,17.2,1.7493809358062578
1667,17.2,1.774453450019056
1668,17.2,1.831977524737706
1669,20.1,1.8348780932491309
1670,20.1,1.8493809358062663
1671,20.1,1.8744534500190575
1672,20.1,1.8879120879120848
1673,20.1,1.9319775247377056
1674,20.1,1.9464919695688918
1675,20.1,1.9493809358062606
1676,20.1,1.9665406991198822
1677,20.1,2.031977524737705
1678,20.1,2.031977524737705
1679,20.1,2.03487809324913
1680,20.1,2.0464919695688915
1681,20.1,2.0464919695688915
1682,20.1,2.049380935806262
1683,20.1,2.0744534500190532
1684,20.1,2.131977524737703
1685,20.1,2.131977524737705
1686,20.1,2.131977524737705
1687,20.1,2.1359339001872897
1688,20.1,2.1359339001872897
1689,20.1,2.1359339001872897
1690,20.1,2.2088889993867333
1691,20.1,2.2319775247377045
1692,20.1,2.2319775247377045
1693,20.1,2.308888999386731
1694,20.1,2.335933900187289
1695,20.1,2.3493809358062663
1696,20.1,2.3782822004541444
1697,20.1,2.4591500505527613
1698,20.1,2.487912087912086
1699,20.1,2.508888999386734
1700,20.1,2.508888999386734
1701,20.1,2.508888999386734
1702,20.1,2.531977524737705
1703,20.1,2.6348780932491316
1704,20.1,2.646491969568892
1705,20.1,2.6507151973215324
1706,20.1,2.6744534500190547
1707,20.1,2.677098768501483
1708,20.1,2.7319775247377045
1709,20.1,2.7348780932491294
1710,20.1,2.7348780932491294
1711,20.1,2.7464919695688925
1712,20.1,2.7493809358062578
1713,20.1,2.7744534500190525
1714,20.1,2.7896292244708523
1715,20.1,2.831977524737704
1716,20.1,2.9319775247377056
1717,20.1,2.9879120879120826
1718,20.1,3.031977524737705
1719,20.1,3.031977524737705
1720,20.1,3.0359339001872883
1721,20.1,3.074453450019057
1722,20.400000000000002,3.087912087912084
1723,20.400000000000002,3.108888999386732
1724,20.400000000000002,3.131977524737703
1725,20.400000000000002,3.131977524737705
1726,20.400000000000002,3.1359339001872897
1727,20.400000000000002,3.1493809358062634
1728,20.400000000000002,3.2319775247377045
1729,20.400000000000002,3.2348780932491294
1730,20.400000000000002,3.2464919695688907
1731,20.400000000000002,3.2464919695688907
1732,20.400000000000002,3.249380935806265
1733,20.400000000000002,3.308888999386731
1734,20.400000000000002,3.331977524737706
1735,20.400000000000002,3.331977524737706
1736,20.400000000000002,3.346491969568892
1737,20.400000000000002,3.3744534500190575
1738,20.400000000000002,3.377098768501482
1739,20.400000000000002,3.4088889993867326
1740,20.400000000000002,3.4348780932491287
1741,20.400000000000002,3.4744534500190554
1742,20.400000000000002,3.487912087912086
1743,20.400000000000002,3.531977524737705
1744,20.400000000000002,3.531977524737705
1745,20.400000000000002,3.53487809324913
1746,20.400000000000002,3.53487809324913
1747,20.400000000000002,3.5359339001872883
1748,20.400000000000002,3.5744534500190532
1749,20.400000000000002,3.5744534500190532
1750,20.400000000000002,3.5744534500190532
1751,20.400000000000002,3.5744534500190532
1752,20.400000000000002,3.5744534500190532
1753,20.400000000000002,3.608888999386732
1754,20.400000000000002,3.6348780932491316
1755,20.400000000000002,3.6493809358062634
1756,20.400000000000002,3.6744534500190547
1757,20.400000000000002,3.7319775247377045
1758,20.400000000000002,3.7319775247377045
1759,20.400000000000002,3.7319775247377045
1760,21.1,3.7464919695688925
1761,21.1,3.774453450019056
1762,21.1,3.774453450019056
1763,21.1,3.831977524737706
1764,21.1,3.8493809358062663
1765,21.1,3.8879120879120848
1766,21.1,3.931977524737704
1767,21.1,3.931977524737704
1768,21.1,3.931977524737704
1769,21.1,3.931977524737704
1770,21.1,3.931977524737704
1771,21.1,3.974453450019052
1772,21.1,3.974453450019052
1773,21.1,3.9744534500190554
1774,21.1,3.9744534500190554
1775,21.1,3.987912087912086
1776,21.1,3.987912087912086
1777,21.1,3.987912087912086
1778,21.1,4.074453450019053
1779,21.1,4.128415626605671
1780,21.1,4.146491969568893
1781,21.1,4.235933900187291
1782,21.1,4.246491969568891
1783,21.1,4.2464919695688925
1784,21.1,4.2744534500190525
1785,21.1,4.2744534500190525
1786,21.1,4.349380935806266
1787,21.1,4.349380935806266
1788,21.1,4.359150050552763
1789,21.1,4.408888999386733
1790,21.1,4.43593390018729
1791,21.1,4.574453450019057
1792,21.1,4.578282200454144
1793,21.1,4.631977524737703
1794,21.1,4.63593390018729
1795,21.1,4.6879120879120855
1796,21.1,4.7348780932491294
1797,21.1,4.7464919695688925
1798,21.1,4.749380935806265
1799,21.1,4.774453450019056
1800,21.1,4.787912087912087
1801,21.1,4.808888999386735
1802,21.1,4.831977524737706
1803,21.1,4.834878093249127
1804,21.1,4.834878093249127
1805,21.1,4.849380935806266
1806,21.1,4.849380935806266
1807,21.1,4.874453450019054
1808,21.200000000000003,4.887912087912085
1809,21.200000000000003,5.031977524737705
1810,21.200000000000003,5.03487809324913
1811,21.200000000000003,5.049380935806262
1812,21.200000000000003,5.049380935806262
1813,21.200000000000003,5.049380935806262
1814,21.200000000000003,5.049380935806262
1815,21.200000000000003,5.049380935806262
1816,21.200000000000003,5.049380935806262
1817,21.200000000000003,5.049380935806269
1818,21.200000000000003,5.049380935806269
1819,21.200000000000003,5.060337349930105
1820,21.200000000000003,5.074453450019057
1821,21.200000000000003,5.131977524737703
1822,21.200000000000003,5.131977524737703
1823,21.200000000000003,5.131977524737707
1824,21.200000000000003,5.134878093249132
1825,21.200000000000003,5.134878093249132
1826,21.200000000000003,5.174453450019055
1827,21.200000000000003,5.2319775247377045
1828,21.200000000000003,5.249380935806265
1829,21.200000000000003,5.2744534500190525
1830,21.200000000000003,5.2744534500190525
1831,21.200000000000003,5.274453450019056
1832,21.200000000000003,5.274453450019056
1833,21.200000000000003,5.331977524737706
1834,21.200000000000003,5.349380935806266
1835,21.200000000000003,5.387912087912088
1836,21.200000000000003,5.449380935806261
1837,21.200000000000003,5.531977524737705
1838,21.200000000000003,5.587912087912084
1839,21.200000000000003,5.631977524737707
1840,21.200000000000003,5.646491969568893
1841,21.200000000000003,5.6665406991198815
1842,21.200000000000003,5.674453450019055
1843,21.200000000000003,5.6879120879120855
1844,21.200000000000003,5.6879120879120855
1845,21.200000000000003,5.7319775247377045
1846,21.200000000000003,5.749380935806258
1847,21.200000000000003,5.757305288979492
1848,21.200000000000003,5.774453450019056
1849,21.200000000000003,5.808888999386735
1850,21.200000000000003,5.808888999386735
1851,21.200000000000003,5.831977524737706
1852,21.200000000000003,5.834878093249131
1853,21.200000000000003,5.846491969568892
1854,21.200000000000003,5.874453450019054
1855,22.0,5.8744534500190575
1856,22.0,5.887912087912088
1857,22.0,5.934878093249129
1858,22.0,5.934878093249132
1859,22.0,5.93593390018729
1860,22.0,5.949380935806268
1861,22.0,5.974453450019052
1862,22.0,5.974453450019052
1863,22.0,5.974453450019052
1864,22.0,5.974453450019055
1865,22.0,6.031977524737705
1866,22.0,6.031977524737705
1867,22.0,6.146491969568893
1868,22.0,6.178282200454145
1869,22.0,6.249380935806258
1870,22.0,6.274453450019056
1871,22.0,6.287912087912083
1872,22.0,6.331977524737702
1873,22.0,6.331977524737706
1874,22.0,6.331977524737706
1875,22.0,6.334878093249127
1876,22.0,6.346491969568892
1877,22.0,6.346491969568892
1878,22.0,6.374453450019054
1879,22.0,6.374453450019054
1880,22.0,6.374453450019054
1881,22.0,6.374453450019054
1882,22.0,6.3744534500190575
1883,22.0,6.431977524737704
1884,22.0,6.446491969568892
1885,22.0,6.449380935806261
1886,22.0,6.449380935806261
1887,22.0,6.474453450019055
1888,22.0,6.508888999386734
1889,22.0,6.531977524737705
1890,22.0,6.531977524737705
1891,22.0,6.531977524737705
1892,22.0,6.631977524737703
1893,22.0,6.649380935806263
1894,22.0,6.649380935806263
1895,22.0,6.674453450019055
1896,22.0,6.7319775247377045
1897,22.0,6.749380935806258
1898,22.0,6.774453450019056
1899,22.0,6.808888999386731
1900,22.8,6.846491969568892
1901,22.8,6.887912087912085
1902,22.8,7.03487809324913
1903,22.8,7.0464919695688915
1904,22.8,7.149380935806263
1905,22.8,7.174453450019055
1906,22.8,7.174453450019055
1907,22.8,7.1879120879120855
1908,22.8,7.2319775247377045
1909,22.8,7.274453450019056
1910,22.8,7.274453450019056
1911,22.8,7.308888999386735
1912,22.8,7.331977524737702
1913,22.8,7.334878093249131
1914,22.8,7.349380935806259
1915,22.8,7.349380935806259
1916,22.8,7.349380935806266
1917,22.8,7.374453450019054
1918,22.8,7.387912087912085
1919,22.8,7.408888999386733
1920,22.8,7.431977524737704
1921,22.8,7.431977524737704
1922,22.8,7.449380935806261
1923,22.8,7.449380935806261
1924,22.8,7.449380935806261
1925,22.8,7.5053271012547
1926,22.8,7.53487809324913
1927,22.8,7.574453450019057
1928,23.200000000000003,7.646491969568891
1929,23.200000000000003,7.7319775247377045
1930,23.200000000000003,7.7464919695688925
1931,23.200000000000003,7.749380935806265
1932,23.200000000000003,7.808888999386735
1933,23.200000000000003,7.828415626605672
1934,23.200000000000003,7.849380935806266
1935,23.200000000000003,7.849380935806266
1936,23.200000000000003,7.887912087912085
1937,23.200000000000003,7.887912087912085
1938,23.200000000000003,7.887912087912088
1939,23.200000000000003,7.949380935806261
1940,23.200000000000003,7.974453450019052
1941,23.200000000000003,8.049380935806262
1942,23.200000000000003,8.049380935806262
1943,23.200000000000003,8.04938093580627
1944,23.200000000000003,8.04938093580627
1945,23.200000000000003,8.087912087912084
1946,23.200000000000003,8.087912087912084
1947,23.200000000000003,8.131977524737707
1948,23.200000000000003,8.131977524737707
1949,23.200000000000003,8.131977524737707
1950,23.200000000000003,8.146491969568892
1951,23.6,8.149380935806263
1952,23.6,8.174453450019055
1953,23.6,8.174453450019055
1954,23.6,8.231977524737704
1955,23.6,8.246491969568893
1956,23.6,8.249380935806258
1957,23.6,8.249380935806258
1958,23.6,8.249380935806265
1959,23.6,8.249380935806265
1960,23.6,8.249380935806265
1961,23.6,8.274453450019056
1962,23.6,8.331977524737706
1963,23.6,8.346491969568891
1964,23.6,8.387912087912088
1965,23.6,8.431977524737704
1966,23.6,8.431977524737704
1967,23.6,8.44938093580626
1968,23.6,8.44938093580626
1969,23.6,8.474453450019059
1970,23.6,8.531977524737705
1971,23.6,8.646491969568892
1972,23.6,8.646491969568892
1973,23.6,8.674453450019055
1974,26.0,8.674453450019055
1975,26.0,8.74649196956889
1976,26.0,8.831977524737706
1977,26.0,8.908888999386733
1978,26.0,8.934878093249129
1979,26.0,8.934878093249129
1980,26.0,8.94938093580626
1981,26.0,9.031977524737705
1982,26.0,9.03487809324913
1983,26.0,9.049380935806262
1984,26.0,9.049380935806262
1985,26.0,9.049380935806262
1986,26.0,9.049380935806262
1987,26.0,9.04938093580627
1988,26.0,9.04938093580627
1989,26.0,9.131977524737707
1990,26.0,9.134878093249132
1991,26.0,9.13593390018729
1992,26.0,9.149380935806263
1993,26.0,9.149380935806263
1994,26.0,9.174453450019055
1995,26.0,9.277098768501485
1996,26.0,9.331977524737706
1997,26.0,9.387912087912088
1998,26.0,9.431977524737704
1999,26.0,9.431977524737707
2000,26.0,9.43593390018729
2001,26.0,9.44938093580626
2002,26.0,9.44938093580626
2003,26.0,9.44938093580626
2004,26.0,9.449380935806268
2005,26.0,9.474453450019059
2006,26.0,9.531977524737705
2007,26.0,9.54938093580627
2008,26.0,9.578282200454144
2009,26.0,9.587912087912084
2010,26.0,9.662584323670295
2011,26.0,9.749125685777273
2012,26.0,9.820761993160179
2013,26.0,9.831977524737706
2014,26.0,9.835933900187289
2015,26.0,9.84938093580626
2016,26.0,9.84938093580626
2017,26.700000000000003,9.849380935806266
2018,26.700000000000003,9.849380935806266
2019,26.700000000000003,9.860337349930099
2020,26.700000000000003,9.87445345001905
2021,26.700000000000003,9.887912087912085
2022,26.700000000000003,9.949380935806268
2023,26.700000000000003,9.974453450019059
2024,26.700000000000003,9.974453450019059
2025,26.700000000000003,9.987912087912086
2026,26.700000000000003,10.03487809324913
2027,26.700000000000003,10.074453450019053
2028,26.700000000000003,10.074453450019053
2029,26.700000000000003,10.074453450019053
2030,26.700000000000003,10.121817800098341
2031,26.700000000000003,10.149380935806263
2032,26.700000000000003,10.231977524737708
2033,26.700000000000003,10.23487809324913
2034,26.700000000000003,10.246491969568893
2035,26.700000000000003,10.274453450019056
2036,26.700000000000003,10.274453450019056
2037,26.700000000000003,10.331977524737706
2038,26.700000000000003,10.346491969568891
2039,26.700000000000003,10.37445345001905
2040,26.700000000000003,10.374453450019057
2041,26.700000000000003,10.431977524737704
2042,26.700000000000003,10.431977524737704
2043,26.700000000000003,10.434878093249132
2044,26.700000000000003,10.449380935806268
2045,26.700000000000003,10.531977524737705
2046,26.700000000000003,10.54649196956889
2047,26.700000000000003,10.549380935806262
2048,26.700000000000003,10.574453450019053
2049,26.700000000000003,10.631977524737707
2050,26.700000000000003,10.634878093249128
2051,26.700000000000003,10.688967894850244
2052,26.700000000000003,10.735933900187288
2053,26.700000000000003,10.774453450019056
2054,26.700000000000003,10.831977524737706
2055,26.700000000000003,10.831977524737706
2056,26.700000000000003,10.83487809324913
2057,26.700000000000003,10.849380935806266
2058,26.700000000000003,10.849380935806266
2059,26.700000000000003,10.849380935806266
2060,26.700000000000003,10.849380935806266
2061,26.700000000000003,10.849380935806266
2062,26.700000000000003,10.87445345001905
2063,26.700000000000003,10.887912087912088
2064,26.700000000000003,10.94938093580626
2065,26.700000000000003,10.94938093580626
2066,26.700000000000003,10.94938093580626
2067,26.700000000000003,10.94938093580626
2068,26.700000000000003,10.949380935806268
2069,26.700000000000003,10.974453450019052
2070,26.700000000000003,10.987912087912083
2071,26.700000000000003,11.028415626605671
2072,26.700000000000003,11.035933900187288
2073,26.700000000000003,11.074453450019053
2074,26.700000000000003,11.108888999386735
2075,26.700000000000003,11.134878093249132
2076,26.700000000000003,11.146491969568892
2077,27.400000000000002,11.149380935806263
2078,27.400000000000002,11.157305288979494
2079,27.400000000000002,11.308888999386735
2080,27.400000000000002,11.310339283642442
2081,27.400000000000002,11.34912568577727
2082,27.400000000000002,11.349380935806266
2083,27.400000000000002,11.349380935806266
2084,27.400000000000002,11.349380935806266
2085,27.400000000000002,11.431977524737704
2086,27.400000000000002,11.434878093249132
2087,27.400000000000002,11.43593390018729
2088,27.400000000000002,11.43593390018729
2089,27.400000000000002,11.449380935806268
2090,27.400000000000002,11.474453450019059
2091,27.400000000000002,11.487912087912083
2092,27.400000000000002,11.531977524737705
2093,27.400000000000002,11.549380935806262
2094,27.400000000000002,11.574453450019053
2095,27.400000000000002,11.631977524737707
2096,27.400000000000002,11.646491969568892
2097,27.400000000000002,11.674453450019055
2098,27.400000000000002,11.674453450019055
2099,27.400000000000002,11.731977524737704
2100,27.400000000000002,11.73487809324913
2101,27.400000000000002,11.749380935806258
2102,27.400000000000002,11.749380935806265
2103,27.400000000000002,11.749380935806265
2104,27.400000000000002,11.774453450019056
2105,27.400000000000002,11.778282200454147
2106,27.400000000000002,11.849380935806266
2107,27.400000000000002,11.931977524737704
2108,27.400000000000002,11.974453450019059
2109,27.400000000000002,11.974453450019059
2110,27.400000000000002,11.974453450019059
2111,27.400000000000002,11.978282200454146
2112,27.400000000000002,12.049380935806262
2113,27.400000000000002,12.049380935806262
2114,27.400000000000002,12.04938093580627
2115,27.400000000000002,12.04938093580627
2116,27.400000000000002,12.04938093580627
2117,27.400000000000002,12.04938093580627
2118,27.400000000000002,12.04938093580627
2119,27.400000000000002,12.134878093249132
2120,27.400000000000002,12.174453450019055
2121,27.400000000000002,12.187912087912085
2122,27.400000000000002,12.231977524737704
2123,27.400000000000002,12.235933900187291
2124,30.0,12.249380935806258
2125,30.0,12.249380935806258
2126,30.0,12.316801750285912
2127,30.0,12.331977524737706
2128,30.0,12.37445345001905
2129,30.0,12.383031397963524
2130,30.0,12.408888999386736
2131,30.0,12.408888999386736
2132,30.0,12.449380935806268
2133,30.0,12.508888999386734
2134,30.0,12.531977524737705
2135,30.0,12.531977524737705
2136,30.0,12.53487809324913
2137,30.0,12.549380935806262
2138,30.0,12.631977524737707
2139,30.0,12.63593390018729
2140,30.0,12.649380935806263
2141,30.0,12.649380935806263
2142,30.0,12.708888999386737
2143,30.0,12.731977524737704
2144,30.0,12.749380935806265
2145,30.0,12.83487809324913
2146,30.0,12.849380935806266
2147,30.0,12.87445345001905
2148,30.0,12.874453450019057
2149,30.0,12.931977524737707
2150,30.0,12.94938093580626
2151,30.0,12.974453450019059
2152,30.0,12.974453450019059
2153,30.0,13.0053271012547
2154,30.0,13.031977524737705
2155,30.0,13.031977524737705
2156,30.0,13.04938093580627
2157,30.0,13.04938093580627
2158,30.0,13.074453450019053
2159,30.0,13.131977524737707
2160,30.0,13.149380935806263
2161,30.0,13.149380935806263
2162,30.0,13.205593953557756
2163,30.0,13.23487809324913
2164,30.0,13.249380935806258
2165,30.0,13.249380935806265
2166,30.0,13.274453450019056
2167,30.0,13.274453450019056
2168,30.0,13.274453450019056
2169,30.0,13.34938093580626
2170,30.0,13.446491969568893
2171,30.0,13.531977524737705
2172,30.0,13.634878093249132
2173,32.800000000000004,13.649380935806263
2174,32.800000000000004,13.649380935806263
2175,32.800000000000004,13.649380935806263
2176,32.800000000000004,13.674453450019062
2177,32.800000000000004,13.731977524737704
2178,32.800000000000004,13.749380935806265
2179,32.800000000000004,13.749380935806265
2180,32.800000000000004,13.774453450019056
2181,32.800000000000004,13.834878093249127
2182,32.800000000000004,13.849380935806266
2183,32.800000000000004,13.87445345001905
2184,32.800000000000004,13.874453450019057
2185,32.800000000000004,13.874453450019057
2186,32.800000000000004,13.931977524737704
2187,32.800000000000004,13.94938093580626
2188,32.800000000000004,13.94938093580626
2189,32.800000000000004,13.94938093580626
2190,32.800000000000004,13.949380935806268
2191,32.800000000000004,13.977098768501484
2192,32.800000000000004,14.04938093580627
2193,32.800000000000004,14.149380935806263
2194,32.800000000000004,14.149380935806263
2195,32.800000000000004,14.149380935806263
2196,32.800000000000004,14.149380935806263
2197,32.800000000000004,14.249380935806265
2198,32.800000000000004,14.44938093580626
2199,32.800000000000004,14.44938093580626
2200,32.800000000000004,14.44938093580626
2201,32.800000000000004,14.449380935806268
2202,32.800000000000004,14.449380935806268
2203,40.0,14.474453450019059
2204,40.0,14.477098768501484
2205,40.0,14.549380935806262
2206,40.0,14.608888999386735
2207,40.0,14.649380935806263
2208,40.0,14.649380935806263
2209,40.0,14.687912087912085
2210,40.0,14.731977524737704
2211,40.0,14.731977524737708
2212,40.0,14.746491969568893
2213,40.0,14.749380935806258
2214,40.0,14.749380935806258
2215,40.0,14.749380935806265
2216,40.0,14.749380935806265
2217,40.0,14.774453450019056
2218,40.0,14.774453450019056
2219,40.0,14.787912087912087
2220,40.0,14.931977524737704
2221,40.0,15.049380935806262
2222,40.0,15.108888999386735
2223,40.0,15.174453450019055
2224,40.0,15.208888999386737
2225,40.0,15.231977524737708
2226,40.0,15.249380935806258
2227,40.0,15.249380935806258
2228,40.0,15.249380935806265
2229,40.0,15.331977524737706
2230,40.0,15.331977524737706
2231,40.0,15.349380935806266
2232,40.0,15.349380935806266
2233,40.0,15.408888999386733
2234,40.0,15.431977524737704
2235,40.0,15.44938093580626
2236,40.0,15.549380935806262
2237,40.0,15.54938093580627
2238,40.0,15.54938093580627
2239,40.0,15.608888999386735
2240,40.0,15.631977524737703
2241,40.0,15.674453450019055
2242,40.0,15.674453450019055
2243,40.0,15.674453450019062
2244,40.0,15.674453450019062
2245,40.0,15.849380935806266
2246,40.0,15.849380935806266
2247,40.0,15.849380935806266
2248,40.0,15.949380935806268
2249,40.0,15.949380935806268
2250,42.7,15.974453450019059
2251,42.7,16.03487809324913
2252,42.7,16.04938093580627
2253,42.7,16.174453450019055
2254,42.7,16.231977524737704
2255,42.7,16.246491969568893
2256,42.7,16.44938093580626
2257,42.7,16.449380935806268
2258,42.7,16.449380935806268
2259,42.7,16.460337349930107
2260,42.7,16.47445345001906
2261,42.7,16.508888999386734
2262,42.7,16.574453450019053
2263,42.7,16.574453450019053
2264,42.7,16.574453450019053
2265,42.7,16.587912087912084
2266,42.7,16.731977524737708
2267,42.7,16.749380935806265
2268,42.7,16.787912087912087
2269,42.7,16.834878093249134
2270,42.7,16.849380935806266
2271,42.7,16.849380935806266
2272,42.7,16.931977524737704
2273,42.7,16.94649196956889
2274,42.7,16.949380935806268
2275,42.7,16.949380935806268
2276,42.7,16.949380935806268
2277,42.7,16.97445345001906
2278,42.7,17.074453450019053
2279,42.7,17.074453450019053
2280,42.7,17.074453450019053
2281,42.7,17.131977524737703
2282,42.7,17.131977524737707
2283,42.7,17.13593390018729
2284,42.7,17.149380935806263
2285,42.7,17.149380935806263
2286,42.7,17.149380935806263
2287,42.7,17.149380935806263
2288,42.7,17.231977524737704
2289,42.7,17.231977524737708
2290,42.7,17.287912087912087
2291,42.7,17.349380935806266
2292,42.7,17.349380935806266
2293,42.7,17.449380935806268
2294,42.7,17.449380935806268
2295,42.7,17.449380935806268
2296,42.7,17.449380935806268
2297,42.7,17.449380935806268
2298,42.7,17.449380935806268
2299,42.7,17.531977524737705
2300,42.7,17.531977524737705
2301,42.7,17.574453450019053
2302,42.7,17.574453450019053
2303,42.7,17.608888999386735
2304,42.7,17.666540699119878
2305,42.7,17.67445345001906
2306,42.7,17.70888899938673
2307,42.7,17.72076199316018
2308,42.7,17.734878093249126
2309,42.7,17.749380935806265
2310,42.7,17.749380935806265
2311,42.7,17.749380935806265
2312,42.7,17.749380935806265
2313,42.7,17.84938093580626
2314,42.7,18.049380935806262
2315,42.7,18.049380935806262
2316,42.7,18.049380935806262
2317,42.7,18.049380935806262
2318,42.7,18.049380935806262
2319,42.7,18.074453450019053
2320,42.7,18.078282200454144
2321,42.7,18.108888999386735
2322,42.7,18.13487809324913
2323,42.7,18.174453450019055
2324,42.7,18.231977524737704
2325,42.7,18.249380935806258
2326,42.7,18.274453450019056
2327,42.7,18.34938093580626
2328,45.400000000000006,18.48791208791209
2329,45.400000000000006,18.54649196956889
2330,45.400000000000006,18.54938093580627
2331,45.400000000000006,18.59172923607312
2332,45.400000000000006,18.62076199316018
2333,45.400000000000006,18.687912087912085
2334,45.400000000000006,18.708888999386737
2335,45.400000000000006,18.731977524737704
2336,45.400000000000006,18.774453450019056
2337,45.400000000000006,18.787912087912087
2338,45.400000000000006,18.831977524737706
2339,45.400000000000006,18.949380935806268
2340,45.400000000000006,18.949380935806268
2341,45.400000000000006,19.04938093580627
2342,45.400000000000006,19.04938093580627
2343,45.400000000000006,19.060867187111526
2344,45.400000000000006,19.131977524737707
2345,45.400000000000006,19.13487809324913
2346,45.400000000000006,19.174453450019055
2347,45.400000000000006,19.174453450019055
2348,45.400000000000006,19.17445345001906
2349,45.400000000000006,19.246491969568893
2350,45.400000000000006,19.274453450019056
2351,45.400000000000006,19.274453450019056
2352,45.400000000000006,19.38791208791209
2353,45.400000000000006,19.631977524737703
2354,45.400000000000006,19.631977524737707
2355,45.400000000000006,19.749380935806265
2356,45.400000000000006,19.749380935806265
2357,45.400000000000006,19.774453450019056
2358,45.400000000000006,19.774453450019056
2359,45.400000000000006,19.849380935806266
2360,45.400000000000006,19.849380935806266
2361,45.400000000000006,19.849380935806266
2362,45.400000000000006,19.87445345001905
2363,45.400000000000006,20.03487809324913
2364,45.400000000000006,20.149380935806263
2365,45.400000000000006,20.149380935806263
2366,45.400000000000006,20.160337349930103
2367,45.400000000000006,20.174453450019055
2368,45.400000000000006,20.2319775247377
2369,45.400000000000006,20.249380935806265
2370,45.400000000000006,20.331977524737702
2371,45.400000000000006,20.33197752473771
2372,45.400000000000006,20.44938093580626
2373,45.400000000000006,20.449380935806268
2374,45.400000000000006,20.649380935806263
2375,45.400000000000006,20.749380935806265
2376,45.400000000000006,20.749380935806265
2377,45.400000000000006,20.774453450019056
2378,45.400000000000006,20.849380935806266
2379,45.400000000000006,20.849380935806266
2380,45.400000000000006,21.07445345001906
2381,45.400000000000006,21.07445345001906
2382,45.400000000000006,21.208888999386737
2383,45.400000000000006,21.334878093249134
2384,45.400000000000006,21.549380935806262
2385,45.400000000000006,21.549380935806262
2386,45.400000000000006,21.649380935806263
2387,45.400000000000006,21.749380935806265
2388,45.400000000000006,21.749380935806265
2389,45.400000000000006,21.749380935806265
2390,45.400000000000006,21.849380935806266
2391,45.400000000000006,21.849380935806266
2392,45.400000000000006,21.849380935806266
2393,45.400000000000006,21.88791208791208
2394,45.400000000000006,22.031977524737705
2395,45.400000000000006,22.049380935806255
2396,45.400000000000006,22.049380935806255
2397,45.400000000000006,22.187912087912085
2398,45.400000000000006,22.208888999386737
2399,45.400000000000006,22.249380935806272
2400,45.400000000000006,22.334878093249134
2401,45.400000000000006,22.346491969568895
2402,45.400000000000006,22.431977524737704
2403,45.400000000000006,22.549380935806255
2404,45.400000000000006,22.549380935806255
2405,45.400000000000006,22.549380935806255
2406,45.400000000000006,22.54938093580627
2407,45.400000000000006,22.574453450019053
2408,45.400000000000006,22.631977524737707
2409,45.400000000000006,22.65915005055276
2410,45.800000000000004,22.734878093249126
2411,45.800000000000004,22.749380935806272
2412,45.800000000000004,22.83197752473771
2413,45.800000000000004,22.874453450019057
2414,45.800000000000004,22.94938093580626
2415,45.800000000000004,22.97445345001906
2416,45.800000000000004,23.131977524737707
2417,45.800000000000004,23.174453450019055
2418,45.800000000000004,23.17445345001906
2419,45.800000000000004,23.234878093249133
2420,45.800000000000004,23.249380935806258
2421,45.800000000000004,23.249380935806258
2422,45.800000000000004,23.249380935806258
2423,45.800000000000004,23.249380935806272
2424,45.800000000000004,23.274453450019056
2425,45.800000000000004,23.44938093580626
2426,45.800000000000004,23.44938093580626
2427,45.800000000000004,23.44938093580626
2428,45.800000000000004,23.44938093580626
2429,45.800000000000004,23.54938093580627
2430,45.800000000000004,23.54938093580627
2431,45.800000000000004,23.54938093580627
2432,45.800000000000004,23.587912087912084
2433,45.800000000000004,23.587912087912084
2434,45.800000000000004,23.63593390018729
2435,45.800000000000004,23.646491969568892
2436,45.800000000000004,23.649380935806263
2437,45.800000000000004,23.849380935806266
2438,45.800000000000004,23.849380935806266
2439,45.800000000000004,23.849380935806266
2440,45.800000000000004,23.849380935806266
2441,45.800000000000004,23.946491969568893
2442,45.800000000000004,23.97445345001906
2443,45.800000000000004,24.074453450019053
2444,45.800000000000004,24.074453450019053
2445,45.800000000000004,24.07445345001906
2446,45.800000000000004,24.131977524737707
2447,45.800000000000004,24.149380935806263
2448,45.800000000000004,24.187912087912085
2449,45.800000000000004,24.249380935806258
2450,45.800000000000004,24.349380935806266
2451,45.800000000000004,24.44938093580626
2452,45.800000000000004,24.44938093580626
2453,45.800000000000004,24.47445345001906
2454,45.800000000000004,24.47445345001906
2455,45.800000000000004,24.54938093580627
2456,45.800000000000004,24.54938093580627
2457,45.800000000000004,24.54938093580627
2458,46.5,24.54938093580627
2459,46.5,24.749380935806272
2460,46.5,24.749380935806272
2461,46.5,24.774453450019056
2462,46.5,24.849380935806266
2463,46.5,24.849380935806266
2464,46.5,24.849380935806266
2465,46.5,24.931977524737704
2466,46.5,24.94938093580626
2467,46.5,24.94938093580626
2468,46.5,24.959150050552758
2469,46.5,24.974453450019052
2470,46.5,25.04938093580627
2471,46.5,25.04938093580627
2472,46.5,25.04938093580627
2473,46.5,25.13593390018729
2474,46.5,25.149380935806263
2475,46.5,25.149380935806263
2476,46.5,25.274453450019056
2477,46.5,25.274453450019056
2478,46.5,25.274453450019056
2479,46.5,25.274453450019056
2480,46.5,25.287912087912087
2481,46.5,25.287912087912087
2482,46.5,25.374453450019057
2483,46.5,25.388967894850246
2484,46.5,25.549380935806255
2485,46.5,25.574453450019053
2486,46.5,25.63487809324913
2487,46.5,25.674453450019055
2488,46.5,25.749380935806272
2489,46.5,25.749380935806272
2490,46.5,25.874453450019057
2491,46.5,25.874453450019057
2492,46.5,25.97445345001906
2493,46.5,25.97445345001906
2494,46.5,26.174453450019055
2495,46.5,26.17445345001906
2496,46.5,26.17445345001906
2497,46.5,26.249380935806272
2498,46.5,26.25915005055277
2499,46.5,26.274453450019056
2500,46.5,26.374453450019057
2501,46.5,26.374453450019057
2502,46.5,26.377098768501483
2503,46.5,26.44938093580626
2504,46.5,26.53487809324913
2505,46.5,26.544902458024627
2506,46.5,26.549380935806255
2507,46.5,26.5603373499301
2508,46.5,26.574453450019053
2509,46.5,26.57445345001906
2510,46.5,26.57445345001906
2511,46.5,26.649380935806263
2512,46.5,26.649380935806263
2513,46.5,26.649380935806263
2514,46.5,26.649380935806263
2515,46.5,26.649380935806263
2516,46.5,26.749380935806258
2517,46.5,26.749380935806272
2518,46.5,26.749380935806272
2519,46.5,26.749380935806272
2520,46.5,26.749380935806272
2521,46.5,26.749380935806272
2522,46.5,26.749380935806272
2523,46.5,26.874453450019057
2524,46.5,27.07445345001906
2525,46.5,27.149380935806263
2526,46.5,27.149380935806263
2527,46.5,27.17445345001906
2528,46.5,27.249380935806258
2529,46.5,27.249380935806258
2530,46.5,27.249380935806258
2531,46.5,27.249380935806258
2532,46.5,27.249380935806258
2533,46.5,27.249380935806258
2534,46.5,27.249380935806258
2535,46.5,27.287912087912087
2536,46.5,27.349380935806266
2537,46.5,27.349380935806266
2538,46.5,27.349380935806266
2539,46.5,27.44938093580626
2540,46.5,27.549380935806255
2541,46.5,27.549380935806255
2542,46.5,27.549380935806255
2543,46.5,27.57445345001906
2544,46.5,27.649380935806263
2545,46.5,27.649380935806263
2546,46.5,27.649380935806263
2547,46.5,27.67445345001906
2548,46.5,27.734878093249133
2549,46.5,27.835933900187285
2550,46.5,27.835933900187293
2551,46.5,27.94938093580626
2552,46.5,27.94938093580626
2553,46.5,27.974453450019052
2554,46.5,28.049380935806255
2555,46.5,28.049380935806255
2556,46.5,28.07445345001906
2557,46.5,28.149380935806263
2558,46.5,28.234878093249133
2559,46.5,28.274453450019056
2560,46.5,28.274453450019056
2561,46.5,28.349380935806266
2562,46.5,28.349380935806266
2563,46.5,28.349380935806266
2564,46.5,28.349380935806266
2565,46.5,28.349380935806266
2566,46.5,28.349380935806266
2567,46.5,28.44938093580626
2568,46.5,28.44938093580626
2569,46.5,28.48791208791209
2570,46.5,28.549380935806255
2571,46.5,28.57445345001906
2572,46.5,28.57445345001906
2573,46.5,28.674453450019055
2574,46.5,28.67445345001906
2575,46.5,28.749380935806258
2576,46.5,28.749380935806258
2577,46.5,28.974453450019052
2578,46.5,29.04938093580627
2579,46.5,29.149380935806263
2580,46.5,29.274453450019056
2581,46.5,29.274453450019056
2582,46.5,29.349380935806266
2583,46.5,29.349380935806266
2584,46.5,29.349380935806266
2585,46.5,29.349380935806266
2586,46.5,29.47445345001906
2587,46.5,29.549380935806255
2588,46.5,29.549380935806255
2589,46.5,29.549380935806255
2590,48.400000000000006,29.549380935806255
2591,48.400000000000006,29.57445345001906
2592,48.400000000000006,29.649380935806263
2593,48.400000000000006,29.67445345001906
2594,48.400000000000006,29.749380935806258
2595,48.400000000000006,29.749380935806258
2596,48.400000000000006,29.749380935806258
2597,48.400000000000006,29.749380935806258
2598,48.400000000000006,29.749380935806272
2599,48.400000000000006,29.749380935806272
2600,48.400000000000006,29.88791208791208
2601,48.400000000000006,29.94938093580626
2602,48.400000000000006,29.94938093580626
2603,48.400000000000006,29.94938093580626
2604,48.400000000000006,30.031977524737705
2605,48.400000000000006,30.04938093580627
2606,48.400000000000006,30.04938093580627
2607,48.400000000000006,30.04938093580627
2608,48.400000000000006,30.04938093580627
2609,48.400000000000006,30.04938093580627
2610,48.400000000000006,30.04938093580627
2611,48.400000000000006,30.149380935806263
2612,48.400000000000006,30.174453450019055
2613,48.400000000000006,30.17445345001906
2614,48.400000000000006,30.249380935806258
2615,48.400000000000006,30.249380935806258
2616,48.400000000000006,30.37445345001905
2617,48.400000000000006,30.48791208791209
2618,48.400000000000006,30.48791208791209
2619,48.400000000000006,30.48791208791209
2620,48.400000000000006,30.61667412527141
2621,48.400000000000006,30.674453450019055
2622,48.400000000000006,30.70888899938673
2623,48.400000000000006,30.749380935806272
2624,48.400000000000006,30.749380935806272
2625,48.400000000000006,30.774453450019056
2626,48.400000000000006,30.835933900187293
2627,48.400000000000006,30.88791208791209
2628,48.400000000000006,30.93487809324913
2629,48.400000000000006,30.934878093249136
2630,48.400000000000006,30.94938093580626
2631,48.400000000000006,30.97445345001906
2632,48.400000000000006,31.149380935806263
2633,48.400000000000006,31.17445345001906
2634,48.400000000000006,31.17445345001906
2635,48.400000000000006,31.17445345001906
2636,48.400000000000006,31.231977524737708
2637,48.400000000000006,31.274453450019056
2638,48.400000000000006,31.274453450019056
2639,48.400000000000006,31.374453450019057
2640,48.400000000000006,31.374453450019057
2641,48.400000000000006,31.374453450019057
2642,48.400000000000006,31.421817800098346
2643,48.400000000000006,31.44938093580626
2644,48.400000000000006,31.44938093580626
2645,48.400000000000006,31.491729236073112
2646,48.400000000000006,31.528415626605675
2647,48.400000000000006,31.54938093580627
2648,48.400000000000006,31.649380935806263
2649,48.400000000000006,31.649380935806263
2650,48.400000000000006,31.649380935806263
2651,48.400000000000006,31.649380935806263
2652,48.400000000000006,31.649380935806263
2653,48.400000000000006,31.734878093249126
2654,48.400000000000006,31.774453450019056
2655,48.400000000000006,31.774453450019056
2656,48.400000000000006,31.774453450019056
2657,48.400000000000006,31.83197752473771
2658,48.400000000000006,31.849380935806266
2659,48.400000000000006,31.849380935806266
2660,48.400000000000006,31.849380935806266
2661,48.400000000000006,31.849380935806266
2662,48.400000000000006,31.849380935806266
2663,48.400000000000006,31.849380935806266
2664,48.400000000000006,31.849380935806266
2665,48.400000000000006,31.87828220045414
2666,48.400000000000006,31.94938093580626
2667,48.400000000000006,31.94938093580626
2668,48.400000000000006,31.94938093580626
2669,48.400000000000006,31.94938093580626
2670,48.400000000000006,31.97445345001906
2671,48.400000000000006,31.987912087912083
2672,48.400000000000006,31.98791208791209
2673,48.400000000000006,32.07828220045414
2674,48.400000000000006,32.105060248951645
2675,48.400000000000006,32.187912087912096
2676,48.400000000000006,32.349380935806266
2677,48.400000000000006,32.37445345001906
2678,48.400000000000006,32.37445345001906
2679,48.400000000000006,32.387912087912085
2680,48.400000000000006,32.549380935806255
2681,48.400000000000006,32.549380935806255
2682,48.400000000000006,32.549380935806255
2683,48.400000000000006,32.57445345001905
2684,48.400000000000006,32.58791208791209
2685,48.400000000000006,32.58791208791209
2686,48.400000000000006,32.63197752473771
2687,48.400000000000006,32.67445345001906
2688,48.400000000000006,32.7319775247377
2689,48.400000000000006,32.84938093580625
2690,48.400000000000006,32.84938093580625
2691,48.400000000000006,32.87445345001905
2692,48.400000000000006,32.87445345001906
2693,48.400000000000006,32.87445345001906
2694,48.400000000000006,32.974453450019055
2695,48.400000000000006,33.049380935806255
2696,48.400000000000006,33.049380935806255
2697,48.400000000000006,33.049380935806255
2698,48.400000000000006,33.20888899938674
2699,48.400000000000006,33.220761993160174
2700,48.400000000000006,33.23487809324914
2701,48.400000000000006,33.23593390018729
2702,48.400000000000006,33.24938093580627
2703,48.400000000000006,33.24938093580627
2704,48.400000000000006,33.24938093580627
2705,48.400000000000006,33.24938093580627
2706,48.400000000000006,33.30888899938673
2707,48.400000000000006,33.391868463361675
2708,48.400000000000006,33.44938093580626
2709,48.400000000000006,33.549380935806255
2710,48.400000000000006,33.549380935806255
2711,48.400000000000006,33.58303139796352
2712,48.400000000000006,33.73487809324914
2713,48.400000000000006,33.73593390018729
2714,48.400000000000006,33.74938093580627
2715,48.400000000000006,33.74938093580627
2716,48.400000000000006,34.08791208791209
2717,48.400000000000006,34.08896789485025
2718,48.400000000000006,34.20888899938674
2719,48.400000000000006,34.20888899938674
2720,48.400000000000006,34.23593390018729
2721,48.400000000000006,34.28791208791209
2722,48.400000000000006,34.28791208791209
2723,48.400000000000006,34.37445345001905
2724,48.400000000000006,34.44938093580626
2725,48.400000000000006,34.44938093580626
2726,48.400000000000006,34.44938093580626
2727,48.400000000000006,34.44938093580626
2728,48.400000000000006,34.44938093580626
2729,48.400000000000006,34.50506024895165
2730,48.400000000000006,34.574453450019064
2731,48.400000000000006,34.574453450019064
2732,48.400000000000006,34.574453450019064
2733,48.400000000000006,34.574453450019064
2734,48.400000000000006,34.64938093580626
2735,48.400000000000006,34.64938093580626
2736,48.400000000000006,34.64938093580626
2737,48.400000000000006,34.64938093580626
2738,48.400000000000006,34.64938093580626
2739,48.400000000000006,34.70888899938674
2740,48.400000000000006,34.74938093580626
2741,48.400000000000006,34.77445345001905
2742,48.400000000000006,34.77445345001905
2743,48.400000000000006,34.83197752473771
2744,48.400000000000006,34.849380935806266
2745,48.400000000000006,34.87445345001906
2746,48.400000000000006,34.93487809324914
2747,48.400000000000006,34.94938093580626
2748,48.400000000000006,34.94938093580626
2749,48.400000000000006,35.04938093580627
2750,48.400000000000006,35.14938093580626
2751,48.400000000000006,35.14938093580626
2752,48.400000000000006,35.14938093580626
2753,48.400000000000006,35.23197752473771
2754,48.400000000000006,35.283031397963526
2755,48.400000000000006,35.40888899938673
2756,48.400000000000006,35.43487809324914
2757,48.400000000000006,35.48791208791209
2758,48.400000000000006,35.7319775247377
2759,48.400000000000006,35.887912087912085
2760,48.400000000000006,35.93197752473771
2761,48.400000000000006,35.94938093580626
2762,48.400000000000006,35.974453450019055
2763,48.400000000000006,35.974453450019055
2764,48.400000000000006,36.034878093249134
2765,48.400000000000006,36.13197752473771
2766,50.5,36.17445345001906
2767,50.5,36.23197752473771
2768,50.5,36.24938093580626
2769,50.5,36.349380935806266
2770,50.5,36.349380935806266
2771,50.5,36.349380935806266
2772,50.5,36.349380935806266
2773,50.5,36.349380935806266
2774,50.5,36.37445345001905
2775,50.5,36.37445345001905
2776,50.5,36.387912087912085
2777,50.5,36.549380935806255
2778,50.5,36.549380935806255
2779,50.5,36.67445345001906
2780,50.5,36.67445345001906
2781,50.5,36.67445345001906
2782,50.5,36.67445345001906
2783,50.5,36.78791208791209
2784,50.5,36.8603373499301
2785,50.5,36.90888899938674
2786,50.5,36.916047602472915
2787,50.5,37.035933900187295
2788,50.5,37.17445345001906
2789,50.5,37.17445345001906
2790,50.5,37.17445345001906
2791,50.5,37.17445345001906
2792,50.5,37.216047602472926
2793,50.5,37.216047602472926
2794,50.5,37.22841562660567
2795,50.5,37.23197752473771
2796,50.5,37.23487809324912
2797,50.5,37.23487809324914
2798,50.5,37.24938093580626
2799,50.5,37.24938093580626
2800,50.5,37.24938093580627
2801,50.5,37.29172923607311
2802,50.5,37.30888899938674
2803,50.5,37.30888899938674
2804,50.5,37.30888899938674
2805,50.5,37.44938093580626
2806,50.5,37.44938093580626
2807,50.5,37.63197752473771
2808,50.5,37.63197752473771
2809,50.5,37.73487809324914
2810,50.5,37.87445345001906
2811,50.5,37.887912087912085
2812,50.5,37.94938093580626
2813,50.5,37.94938093580626
2814,50.5,37.949380935806275
2815,50.5,38.03197752473771
2816,50.5,38.13197752473771
2817,50.5,38.1359339001873
2818,50.5,38.31604760247292
2819,50.5,38.349380935806266
2820,50.5,38.349380935806266
2821,50.5,38.37445345001906
2822,50.5,38.37445345001906
2823,50.5,38.37445345001906
2824,50.5,38.416047602472915
2825,50.5,38.416047602472915
2826,50.5,38.43197752473771
2827,50.5,38.44938093580626
2828,50.5,38.44938093580626
2829,50.5,38.57445345001905
2830,50.5,38.64938093580626
2831,50.5,38.73197752473771
2832,50.5,38.73487809324914
2833,50.5,38.849380935806266
2834,50.5,38.849380935806266
2835,50.5,38.849380935806266
2836,50.5,38.849380935806266
2837,50.5,38.849380935806266
2838,50.5,38.849380935806266
2839,50.5,38.887912087912085
2840,50.5,38.916047602472915
2841,50.5,38.934878093249125
2842,50.5,39.00888899938674
2843,50.5,39.049380935806255
2844,51.333333333333336,39.049380935806255
2845,51.333333333333336,39.049380935806255
2846,51.333333333333336,39.049380935806255
2847,51.333333333333336,39.049380935806255
2848,51.333333333333336,39.049380935806255
2849,51.333333333333336,39.13197752473771
2850,51.333333333333336,39.1359339001873
2851,51.333333333333336,39.14938093580628
2852,51.333333333333336,39.14938093580628
2853,51.333333333333336,39.14938093580628
2854,51.333333333333336,39.14938093580628
2855,51.333333333333336,39.349380935806266
2856,51.333333333333336,39.51604760247292
2857,51.333333333333336,39.549380935806255
2858,51.333333333333336,39.549380935806255
2859,51.333333333333336,39.549380935806255
2860,51.333333333333336,39.54938093580627
2861,51.333333333333336,39.54938093580627
2862,51.333333333333336,39.608888999386735
2863,51.333333333333336,39.61604760247292
2864,51.333333333333336,39.61604760247292
2865,51.333333333333336,39.61604760247292
2866,51.333333333333336,39.61604760247292
2867,51.333333333333336,39.61604760247292
2868,51.333333333333336,39.61604760247292
2869,51.333333333333336,39.61604760247292
2870,51.333333333333336,39.61604760247292
2871,51.333333333333336,39.67445345001906
2872,51.333333333333336,39.73487809324914
2873,51.333333333333336,39.73593390018729
2874,51.333333333333336,39.8319775247377
2875,51.333333333333336,39.87445345001906
2876,51.333333333333336,39.974453450019055
2877,51.333333333333336,39.98791208791209
2878,51.333333333333336,40.174453450019044
2879,51.333333333333336,40.174453450019044
2880,51.333333333333336,40.43197752473771
2881,51.333333333333336,40.449380935806275
2882,51.333333333333336,40.51604760247292
2883,51.333333333333336,40.51604760247292
2884,51.333333333333336,40.51604760247292
2885,51.333333333333336,40.51604760247292
2886,51.333333333333336,40.51604760247292
2887,51.333333333333336,40.51604760247292
2888,51.333333333333336,40.549380935806255
2889,51.333333333333336,40.549380935806255
2890,51.333333333333336,40.549380935806255
2891,51.333333333333336,40.549380935806255
2892,51.333333333333336,40.549380935806255
2893,51.333333333333336,40.549380935806255
2894,51.333333333333336,40.549380935806255
2895,51.333333333333336,40.61604760247292
2896,51.333333333333336,40.61604760247292
2897,51.333333333333336,40.64938093580626
2898,51.333333333333336,40.64938093580626
2899,51.333333333333336,40.67445345001906
2900,51.333333333333336,40.74938093580626
2901,51.333333333333336,40.74938093580626
2902,51.333333333333336,40.74938093580626
2903,51.333333333333336,40.78791208791209
2904,51.333333333333336,40.83197752473771
2905,51.333333333333336,40.83197752473771
2906,51.333333333333336,40.87445345001906
2907,51.333333333333336,40.87445345001906
2908,51.333333333333336,40.98791208791209
2909,51.333333333333336,41.031977524737705
2910,51.333333333333336,41.24938093580627
2911,51.333333333333336,41.31604760247292
2912,51.333333333333336,41.449380935806275
2913,51.333333333333336,41.48791208791209
2914,51.333333333333336,41.51604760247292
2915,51.333333333333336,41.51604760247292
2916,51.333333333333336,41.51604760247292
2917,51.333333333333336,41.51604760247292
2918,51.333333333333336,41.57445345001905
2919,51.333333333333336,41.64938093580626
2920,51.333333333333336,41.67445345001906
2921,51.333333333333336,41.67445345001906
2922,51.333333333333336,41.716047602472926
2923,51.333333333333336,41.760337349930104
2924,51.333333333333336,41.935933900187294
2925,51.333333333333336,42.00888899938674
2926,51.333333333333336,42.07445345001905
2927,51.333333333333336,42.18791208791208
2928,51.333333333333336,42.216047602472926
2929,51.333333333333336,42.27445345001905
2930,51.333333333333336,42.349380935806266
2931,51.333333333333336,42.416047602472915
2932,51.333333333333336,42.43487809324914
2933,51.333333333333336,42.44938093580626
2934,51.333333333333336,42.44938093580626
2935,51.333333333333336,42.474453450019055
2936,51.333333333333336,42.48791208791209
2937,51.333333333333336,42.54938093580627
2938,51.333333333333336,42.57445345001905
2939,51.333333333333336,42.61604760247292
2940,51.333333333333336,42.61604760247292
2941,51.333333333333336,42.61604760247292
2942,51.333333333333336,42.61604760247292
2943,51.333333333333336,42.63197752473771
2944,51.333333333333336,42.716047602472926
2945,51.333333333333336,42.73197752473771
2946,51.333333333333336,42.849380935806266
2947,51.333333333333336,42.849380935806266
2948,51.333333333333336,42.87445345001906
2949,51.333333333333336,42.916047602472915
2950,51.333333333333336,42.916047602472915
2951,51.333333333333336,42.916047602472915
2952,51.333333333333336,42.916047602472915
2953,51.333333333333336,42.916047602472915
2954,51.333333333333336,42.916047602472915
2955,51.333333333333336,42.916047602472915
2956,51.333333333333336,42.974453450019055
2957,51.333333333333336,43.13197752473771
2958,51.333333333333336,43.13197752473771
2959,51.333333333333336,43.24938093580627
2960,51.333333333333336,43.24938093580627
2961,51.333333333333336,43.24938093580627
2962,51.333333333333336,43.24938093580627
2963,51.333333333333336,43.24938093580627
2964,51.333333333333336,43.27445345001905
2965,51.333333333333336,43.27445345001905
2966,51.333333333333336,43.349380935806266
2967,51.333333333333336,43.40888899938674
2968,51.333333333333336,43.416047602472915
2969,51.333333333333336,43.416047602472915
2970,51.333333333333336,43.416047602472915
2971,51.333333333333336,43.416047602472915
2972,51.333333333333336,43.416047602472915
2973,51.333333333333336,43.416047602472915
2974,51.333333333333336,43.61604760247292
2975,51.333333333333336,43.61604760247292
2976,51.333333333333336,43.61604760247292
2977,51.333333333333336,43.61604760247292
2978,51.333333333333336,43.61604760247292
2979,51.333333333333336,43.849380935806266
2980,51.333333333333336,43.916047602472915
2981,51.333333333333336,43.916047602472915
2982,51.333333333333336,43.916047602472915
2983,51.333333333333336,43.916047602472915
2984,51.333333333333336,43.916047602472915
2985,51.333333333333336,43.95839590273977
2986,51.333333333333336,44.07445345001905
2987,51.333333333333336,44.23197752473771
2988,51.333333333333336,44.23197752473771
2989,51.333333333333336,44.37445345001905
2990,51.333333333333336,44.37445345001905
2991,51.333333333333336,44.37445345001906
2992,51.333333333333336,44.43197752473771
2993,51.333333333333336,44.44938093580626
2994,51.333333333333336,44.44938093580626
2995,51.333333333333336,44.44938093580626
2996,51.333333333333336,44.44938093580626
2997,51.333333333333336,44.44938093580626
2998,51.333333333333336,44.57445345001905
2999,51.333333333333336,44.73197752473771
3000,51.333333333333336,44.73487809324914
3001,51.333333333333336,44.77445345001905
3002,51.333333333333336,44.77445345001905
3003,51.333333333333336,44.77445345001905
3004,51.333333333333336,44.81604760247292
3005,51.333333333333336,44.849380935806266
3006,51.333333333333336,44.849380935806266
3007,51.333333333333336,44.849380935806266
3008,51.333333333333336,45.07445345001905
3009,51.333333333333336,45.174453450019044
3010,51.333333333333336,45.37445345001905
3011,51.333333333333336,45.37445345001905
3012,51.333333333333336,45.44938093580626
3013,51.333333333333336,45.44938093580626
3014,51.333333333333336,45.44938093580626
3015,51.333333333333336,45.44938093580626
3016,51.333333333333336,45.474453450019055
3017,51.333333333333336,45.531977524737705
3018,51.333333333333336,45.54649196956889
3019,51.333333333333336,45.57445345001905
3020,51.333333333333336,45.64938093580626
3021,51.333333333333336,45.64938093580628
3022,51.333333333333336,45.66086718711153
3023,51.333333333333336,45.716047602472926
3024,51.333333333333336,45.716047602472926
3025,51.333333333333336,45.716047602472926
3026,51.333333333333336,45.716047602472926
3027,51.333333333333336,45.716047602472926
3028,51.333333333333336,45.887912087912085
3029,51.333333333333336,46.01604760247292
3030,51.333333333333336,46.04938093580627
3031,51.333333333333336,46.04938093580627
3032,51.333333333333336,46.11604760247292
3033,51.333333333333336,46.11604760247292
3034,51.333333333333336,46.11604760247292
3035,51.333333333333336,46.11604760247292
3036,51.333333333333336,46.11604760247292
3037,51.333333333333336,46.11604760247292
3038,51.333333333333336,46.11604760247292
3039,51.333333333333336,46.11604760247292
3040,51.333333333333336,46.11604760247292
3041,51.333333333333336,46.14938093580626
3042,51.333333333333336,46.14938093580626
3043,51.333333333333336,46.14938093580626
3044,51.333333333333336,46.14938093580626
3045,51.333333333333336,46.14938093580626
3046,51.333333333333336,46.14938093580626
3047,51.333333333333336,46.191729236073115
3048,51.333333333333336,46.24938093580627
3049,51.333333333333336,46.24938093580627
3050,51.333333333333336,46.31604760247292
3051,51.333333333333336,46.31604760247292
3052,51.333333333333336,46.31604760247292
3053,51.333333333333336,46.31604760247292
3054,51.333333333333336,46.31604760247292
3055,51.333333333333336,46.349380935806266
3056,51.333333333333336,46.349380935806266
3057,51.333333333333336,46.349380935806266
3058,51.333333333333336,46.474453450019055
3059,51.333333333333336,46.54938093580627
3060,51.333333333333336,46.61604760247292
3061,51.333333333333336,46.61604760247292
3062,51.333333333333336,46.64649196956889
3063,51.333333333333336,46.67445345001906
3064,51.333333333333336,46.68791208791208
3065,51.333333333333336,46.687912087912096
3066,51.333333333333336,46.73197752473771
3067,51.333333333333336,46.87445345001905
3068,51.333333333333336,47.04649196956889
3069,51.333333333333336,47.08791208791209
3070,51.333333333333336,47.14938093580626
3071,51.333333333333336,47.14938093580626
3072,51.333333333333336,47.14938093580626
3073,51.333333333333336,47.14938093580626
3074,51.333333333333336,47.14938093580626
3075,51.333333333333336,47.24938093580626
3076,51.333333333333336,47.24938093580626
3077,51.333333333333336,47.24938093580626
3078,51.333333333333336,47.24938093580627
3079,51.333333333333336,47.27445345001905
3080,51.333333333333336,47.349380935806266
3081,51.333333333333336,47.349380935806266
3082,51.333333333333336,47.3879120879121
3083,51.333333333333336,47.41604760247293
3084,51.333333333333336,47.43197752473771
3085,51.333333333333336,47.46033734993011
3086,51.333333333333336,47.474453450019055
3087,51.333333333333336,47.687912087912096
3088,51.333333333333336,47.81604760247292
3089,51.333333333333336,47.81604760247292
3090,51.333333333333336,47.81604760247292
3091,51.333333333333336,47.81604760247292
3092,51.333333333333336,47.81604760247292
3093,51.333333333333336,47.81604760247292
3094,51.333333333333336,47.81604760247292
3095,51.333333333333336,47.81604760247292
3096,51.333333333333336,47.81604760247292
3097,51.333333333333336,47.81604760247292
3098,51.333333333333336,47.81604760247292
3099,51.333333333333336,47.81604760247292
3100,51.333333333333336,47.81604760247292
3101,51.333333333333336,47.81604760247292
3102,51.333333333333336,47.87445345001906
3103,51.333333333333336,47.87445345001906
3104,51.333333333333336,47.87445345001906
3105,51.333333333333336,47.87445345001906
3106,51.333333333333336,47.87445345001906
3107,51.333333333333336,47.949380935806275
3108,51.333333333333336,48.01604760247292
3109,51.333333333333336,48.01604760247292
3110,51.333333333333336,48.01604760247292
3111,51.333333333333336,48.01604760247292
3112,51.333333333333336,48.01604760247292
3113,51.333333333333336,48.049380935806255
3114,51.333333333333336,48.049380935806255
3115,51.333333333333336,48.049380935806255
3116,51.333333333333336,48.07445345001905
3117,51.333333333333336,48.07445345001905
3118,51.333333333333336,48.17445345001906
3119,51.333333333333336,48.17445345001906
3120,51.333333333333336,48.28791208791209
3121,51.333333333333336,48.28791208791209
3122,51.333333333333336,48.31604760247292
3123,51.333333333333336,48.365484892181726
3124,51.333333333333336,48.37445345001905
3125,51.333333333333336,48.44938093580626
3126,51.333333333333336,48.44938093580626
3127,51.333333333333336,48.44938093580626
3128,51.333333333333336,48.44938093580626
3129,51.333333333333336,48.57445345001905
3130,51.333333333333336,48.58791208791209
3131,51.333333333333336,48.64938093580626
3132,51.333333333333336,48.64938093580626
3133,51.333333333333336,48.64938093580626
3134,51.333333333333336,48.64938093580626
3135,51.333333333333336,48.849380935806266
3136,51.333333333333336,48.849380935806266
3137,51.333333333333336,48.849380935806266
3138,51.333333333333336,48.849380935806266
3139,51.333333333333336,48.849380935806266
3140,51.333333333333336,48.849380935806266
3141,51.333333333333336,48.87445345001906
3142,51.333333333333336,48.91604760247293
3143,51.333333333333336,48.91604760247293
3144,51.333333333333336,48.91604760247293
3145,51.333333333333336,48.91604760247293
3146,51.333333333333336,48.91604760247293
3147,51.333333333333336,48.91604760247293
3148,51.333333333333336,48.91604760247293
3149,51.333333333333336,48.91604760247293
3150,51.333333333333336,48.91604760247293
3151,51.333333333333336,48.91604760247293
3152,51.333333333333336,48.91604760247293
3153,51.333333333333336,48.94490245802463
3154,51.333333333333336,48.949380935806275
3155,51.333333333333336,48.95839590273978
3156,51.333333333333336,48.95839590273978
3157,51.333333333333336,49.04938093580627
3158,51.333333333333336,49.04938093580627
3159,51.333333333333336,49.04938093580627
3160,51.333333333333336,49.04938093580627
3161,51.333333333333336,49.04938093580627
3162,51.333333333333336,49.08791208791209
3163,51.333333333333336,49.08791208791209
3164,51.333333333333336,49.349380935806266
3165,51.333333333333336,49.349380935806266
3166,51.333333333333336,49.41604760247293
3167,51.333333333333336,49.41604760247293
3168,51.333333333333336,49.41604760247293
3169,51.333333333333336,49.41604760247293
3170,51.333333333333336,49.41604760247293
3171,51.333333333333336,49.41604760247293
3172,51.333333333333336,49.41604760247293
3173,51.333333333333336,49.41604760247293
3174,51.333333333333336,49.41604760247293
3175,51.333333333333336,49.47445345001904
3176,51.333333333333336,49.608888999386735
3177,51.333333333333336,49.67445345001906
3178,51.333333333333336,49.716047602472926
3179,51.333333333333336,49.716047602472926
3180,51.333333333333336,49.849380935806266
3181,51.333333333333336,49.849380935806266
3182,51.333333333333336,49.849380935806266
3183,51.333333333333336,49.849380935806266
3184,51.333333333333336,49.849380935806266
3185,51.333333333333336,49.849380935806266
3186,51.333333333333336,49.849380935806266
3187,51.333333333333336,49.849380935806266
3188,51.333333333333336,49.849380935806266
3189,51.333333333333336,49.91604760247293
3190,51.333333333333336,49.91604760247293
3191,51.333333333333336,49.91604760247293
3192,51.333333333333336,49.91604760247293
3193,51.333333333333336,49.91604760247293
3194,51.333333333333336,49.91604760247293
3195,51.333333333333336,49.91604760247293
3196,51.333333333333336,49.91604760247293
3197,51.333333333333336,49.91604760247293
3198,51.333333333333336,49.91604760247293
3199,51.333333333333336,49.91604760247293
3200,51.333333333333336,49.91604760247293
3201,51.333333333333336,49.91604760247293
3202,51.333333333333336,49.91604760247293
3203,51.333333333333336,49.974453450019055
3204,51.333333333333336,50.04938093580627
3205,51.333333333333336,50.11604760247292
3206,51.333333333333336,50.24938093580627
3207,51.333333333333336,50.24938093580627
3208,51.333333333333336,50.37445345001906
3209,51.333333333333336,50.3879120879121
3210,51.333333333333336,50.43197752473771
3211,51.333333333333336,50.474453450019055
3212,51.333333333333336,50.53487809324912
3213,51.333333333333336,50.58791208791209
3214,51.333333333333336,50.608888999386735
3215,51.333333333333336,50.674453450019044
3216,51.333333333333336,50.73197752473771
3217,51.333333333333336,50.80888899938674
3218,51.333333333333336,50.83487809324912
3219,51.333333333333336,50.949380935806275
3220,51.333333333333336,50.949380935806275
3221,51.333333333333336,51.01604760247292
3222,51.333333333333336,51.01604760247292
3223,51.333333333333336,51.01604760247292
3224,51.333333333333336,51.01604760247292
3225,51.333333333333336,51.01604760247292
3226,51.333333333333336,51.01604760247292
3227,51.333333333333336,51.01604760247292
3228,51.333333333333336,51.01604760247292
3229,51.333333333333336,51.01604760247292
3230,51.333333333333336,51.01604760247292
3231,51.333333333333336,51.174453450019044
3232,51.333333333333336,51.174453450019044
3233,51.333333333333336,51.24938093580627
3234,51.333333333333336,51.24938093580627
3235,51.333333333333336,51.24938093580627
3236,51.333333333333336,51.24938093580627
3237,51.333333333333336,51.24938093580627
3238,51.333333333333336,51.333333333333336
3239,51.333333333333336,51.333333333333336
3240,51.333333333333336,51.333333333333336
3241,51.333333333333336,51.333333333333336
3242,51.333333333333336,51.333333333333336
3243,51.333333333333336,51.333333333333336
3244,51.333333333333336,51.333333333333336
3245,51.333333333333336,51.333333333333336
3246,51.333333333333336,51.333333333333336
3247,51.333333333333336,51.333333333333336
3248,51.333333333333336,51.333333333333336
3249,51.333333333333336,51.333333333333336
3250,51.333333333333336,51.333333333333336
3251,51.333333333333336,51.333333333333336
3252,51.333333333333336,51.333333333333336
3253,51.333333333333336,51.333333333333336
3254,51.333333333333336,51.333333333333336
3255,51.333333333333336,51.333333333333336
3256,51.333333333333336,51.333333333333336
3257,51.333333333333336,51.333333333333336
3258,51.333333333333336,51.333333333333336
3259,51.333333333333336,51.333333333333336
3260,51.333333333333336,51.333333333333336
3261,51.333333333333336,51.333333333333336
3262,51.333333333333336,51.333333333333336
3263,51.333333333333336,51.333333333333336
3264,51.333333333333336,51.333333333333336
3265,51.333333333333336,51.333333333333336
3266,51.333333333333336,51.333333333333336
3267,51.333333333333336,51.333333333333336
3268,51.333333333333336,51.333333333333336
3269,51.333333333333336,51.333333333333336
3270,51.333333333333336,51.333333333333336
3271,51.333333333333336,51.333333333333336
3272,51.333333333333336,51.333333333333336
3273,51.333333333333336,51.333333333333336
3274,51.333333333333336,51.333333333333336
3275,51.333333333333336,51.333333333333336
3276,51.333333333333336,51.333333333333336
3277,51.333333333333336,51.333333333333336
3278,51.333333333333336,51.333333333333336
3279,51.333333333333336,51.333333333333336
3280,51.333333333333336,51.333333333333336
3281,51.333333333333336,51.333333333333336
3282,51.333333333333336,51.333333333333336
3283,51.333333333333336,51.333333333333336
3284,51.333333333333336,51.333333333333336
3285,51.333333333333336,51.333333333333336
3286,51.333333333333336,51.333333333333336
3287,51.333333333333336,51.333333333333336
3288,51.333333333333336,51.333333333333336
3289,51.333333333333336,51.333333333333336
3290,51.333333333333336,51.333333333333336
3291,51.333333333333336,51.333333333333336
3292,51.333333333333336,51.333333333333336
3293,51.333333333333336,51.333333333333336
3294,51.333333333333336,51.333333333333336
3295,51.333333333333336,51.333333333333336
3296,51.333333333333336,51.333333333333336
3297,51.333333333333336,51.333333333333336
3298,51.333333333333336,51.333333333333336
3299,51.333333333333336,51.333333333333336
3300,51.333333333333336,51.333333333333336
3301,51.333333333333336,51.333333333333336
3302,51.333333333333336,51.333333333333336
3303,51.333333333333336,51.333333333333336
3304,51.333333333333336,51.333333333333336
3305,51.333333333333336,51.333333333333336
3306,51.333333333333336,51.333333333333336
3307,51.333333333333336,51.333333333333336
3308,51.333333333333336,51.333333333333336
3309,51.333333333333336,51.333333333333336
3310,51.333333333333336,51.333333333333336
3311,51.333333333333336,51.333333333333336
3312,51.333333333333336,51.333333333333336
3313,51.333333333333336,51.333333333333336
3314,51.333333333333336,51.333333333333336
3315,51.333333333333336,51.333333333333336
3316,51.333333333333336,51.333333333333336
3317,51.333333333333336,51.333333333333336
3318,51.333333333333336,51.333333333333336
3319,51.333333333333336,51.333333333333336
3320,51.333333333333336,51.333333333333336
3321,51.333333333333336,51.333333333333336
3322,51.333333333333336,51.333333333333336
3323,51.333333333333336,51.333333333333336
3324,51.333333333333336,51.333333333333336
3325,51.333333333333336,51.333333333333336
3326,51.333333333333336,51.333333333333336
3327,51.333333333333336,51.333333333333336
3328,51.333333333333336,51.333333333333336
3329,51.333333333333336,51.333333333333336
3330,51.333333333333336,51.333333333333336
3331,51.333333333333336,51.333333333333336
3332,51.333333333333336,51.333333333333336
3333,51.333333333333336,51.333333333333336
3334,51.333333333333336,51.333333333333336
3335,51.333333333333336,51.333333333333336
3336,51.333333333333336,51.333333333333336
3337,51.333333333333336,51.333333333333336
3338,51.333333333333336,51.333333333333336
3339,51.333333333333336,51.333333333333336
3340,51.333333333333336,51.333333333333336
3341,51.333333333333336,51.333333333333336
3342,51.333333333333336,51.333333333333336
3343,51.333333333333336,51.333333333333336
3344,51.333333333333336,51.333333333333336
3345,51.333333333333336,51.333333333333336
3346,51.333333333333336,51.333333333333336
3347,51.333333333333336,51.333333333333336
3348,51.333333333333336,51.333333333333336
3349,51.333333333333336,51.333333333333336
3350,51.333333333333336,51.333333333333336
3351,51.333333333333336,51.333333333333336
3352,51.333333333333336,51.333333333333336
3353,51.333333333333336,51.333333333333336
3354,51.333333333333336,51.333333333333336
3355,51.333333333333336,51.333333333333336
3356,51.333333333333336,51.333333333333336
3357,51.333333333333336,51.333333333333336
3358,51.333333333333336,51.333333333333336
3359,51.333333333333336,51.333333333333336
3360,51.333333333333336,51.333333333333336
3361,51.333333333333336,51.333333333333336
3362,51.333333333333336,51.333333333333336
3363,51.333333333333336,51.333333333333336
3364,51.333333333333336,51.333333333333336
3365,51.333333333333336,51.333333333333336
3366,51.333333333333336,51.333333333333336
3367,51.333333333333336,51.333333333333336
3368,51.333333333333336,51.333333333333336
3369,51.333333333333336,51.333333333333336
3370,51.333333333333336,51.333333333333336
3371,51.333333333333336,51.333333333333336
3372,51.333333333333336,51.333333333333336
3373,51.333333333333336,51.333333333333336
3374,51.333333333333336,51.333333333333336
3375,51.333333333333336,51.333333333333336
3376,51.333333333333336,51.333333333333336
3377,51.333333333333336,51.333333333333336
3378,51.333333333333336,51.333333333333336
3379,51.333333333333336,51.333333333333336
3380,51.333333333333336,51.333333333333336
3381,51.333333333333336,51.333333333333336
3382,51.333333333333336,51.333333333333336
3383,51.333333333333336,51.333333333333336
3384,51.333333333333336,51.333333333333336
3385,51.333333333333336,51.333333333333336
3386,51.333333333333336,51.333333333333336
3387,51.333333333333336,51.333333333333336
3388,51.333333333333336,51.333333333333336
3389,51.333333333333336,51.333333333333336
3390,51.333333333333336,51.333333333333336
3391,51.333333333333336,51.333333333333336
3392,51.333333333333336,51.333333333333336
3393,51.333333333333336,51.333333333333336
3394,51.333333333333336,51.333333333333336
3395,51.333333333333336,51.333333333333336
3396,51.333333333333336,51.333333333333336
3397,51.333333333333336,51.333333333333336
3398,51.333333333333336,51.333333333333336
3399,51.333333333333336,51.333333333333336
3400,51.333333333333336,51.333333333333336
3401,51.333333333333336,51.333333333333336
3402,51.333333333333336,51.333333333333336
3403,51.333333333333336,51.333333333333336
3404,51.333333333333336,51.333333333333336
3405,51.333333333333336,51.333333333333336
3406,51.333333333333336,51.333333333333336
3407,51.333333333333336,51.333333333333336
3408,51.333333333333336,51.333333333333336
3409,51.333333333333336,51.333333333333336
3410,51.333333333333336,51.333333333333336
3411,51.333333333333336,51.333333333333336
3412,51.333333333333336,51.333333333333336
3413,51.333333333333336,51.333333333333336
3414,51.333333333333336,51.333333333333336
3415,51.333333333333336,51.333333333333336
3416,51.333333333333336,51.333333333333336
3417,51.333333333333336,51.333333333333336
3418,51.333333333333336,51.333333333333336
3419,51.333333333333336,51.333333333333336
3420,51.333333333333336,51.333333333333336
3421,51.333333333333336,51.333333333333336
3422,51.333333333333336,51.333333333333336
3423,51.333333333333336,51.333333333333336
3424,51.333333333333336,51.333333333333336
3425,51.333333333333336,51.333333333333336
3426,51.333333333333336,51.333333333333336
3427,51.333333333333336,51.333333333333336
3428,51.333333333333336,51.333333333333336
3429,51.333333333333336,51.333333333333336
3430,51.333333333333336,51.333333333333336
3431,51.333333333333336,51.333333333333336
3432,51.333333333333336,51.333333333333336
3433,51.333333333333336,51.333333333333336
3434,51.333333333333336,51.333333333333336
3435,51.333333333333336,51.333333333333336
3436,51.333333333333336,51.333333333333336
3437,51.333333333333336,51.333333333333336
3438,51.333333333333336,51.333333333333336
3439,51.333333333333336,51.333333333333336
3440,51.333333333333336,51.333333333333336
3441,51.333333333333336,51.333333333333336
3442,51.333333333333336,51.333333333333336
3443,51.333333333333336,51.333333333333336
3444,51.333333333333336,51.333333333333336
3445,51.333333333333336,51.333333333333336
3446,51.333333333333336,51.333333333333336
3447,51.333333333333336,51.333333333333336
3448,51.333333333333336,51.333333333333336
3449,51.333333333333336,51.333333333333336
3450,51.333333333333336,51.333333333333336
3451,51.333333333333336,51.333333333333336
3452,51.333333333333336,51.333333333333336
3453,51.333333333333336,51.333333333333336
3454,51.333333333333336,51.333333333333336
3455,51.333333333333336,51.333333333333336
3456,51.333333333333336,51.333333333333336
3457,51.333333333333336,51.333333333333336
3458,51.333333333333336,51.333333333333336
3459,51.333333333333336,51.333333333333336
3460,51.333333333333336,51.333333333333336
3461,51.333333333333336,51.333333333333336
3462,51.333333333333336,51.333333333333336
3463,51.333333333333336,51.333333333333336
3464,51.333333333333336,51.333333333333336
3465,51.333333333333336,51.333333333333336
3466,51.333333333333336,51.333333333333336
3467,51.333333333333336,51.333333333333336
3468,51.333333333333336,51.333333333333336
3469,51.333333333333336,51.333333333333336
3470,51.333333333333336,51.333333333333336
3471,51.333333333333336,51.333333333333336
3472,51.333333333333336,51.333333333333336
3473,51.333333333333336,51.333333333333336
3474,51.333333333333336,51.333333333333336
3475,51.333333333333336,51.333333333333336
3476,51.333333333333336,51.333333333333336
3477,51.333333333333336,51.333333333333336
3478,51.333333333333336,51.333333333333336
3479,51.333333333333336,51.333333333333336
3480,51.333333333333336,51.333333333333336
3481,51.333333333333336,51.333333333333336
3482,51.333333333333336,51.333333333333336
3483,51.333333333333336,51.333333333333336
3484,51.333333333333336,51.333333333333336
3485,51.333333333333336,51.333333333333336
3486,51.333333333333336,51.333333333333336
3487,51.333333333333336,51.333333333333336
3488,51.333333333333336,51.333333333333336
3489,51.333333333333336,51.333333333333336
3490,51.333333333333336,51.333333333333336
3491,51.333333333333336,51.333333333333336
3492,51.333333333333336,51.333333333333336
3493,51.333333333333336,51.333333333333336
3494,51.333333333333336,51.333333333333336
3495,51.333333333333336,51.333333333333336
3496,51.333333333333336,51.333333333333336
3497,51.333333333333336,51.333333333333336
3498,51.333333333333336,51.333333333333336
3499,51.333333333333336,51.333333333333336
3500,51.333333333333336,51.333333333333336
3501,51.333333333333336,51.333333333333336
3502,51.333333333333336,51.333333333333336
3503,51.333333333333336,51.333333333333336
3504,51.333333333333336,51.333333333333336
3505,51.333333333333336,51.333333333333336
3506,51.333333333333336,51.333333333333336
3507,51.333333333333336,51.333333333333336
3508,51.333333333333336,51.333333333333336
3509,51.333333333333336,51.333333333333336
3510,51.333333333333336,51.333333333333336
3511,51.333333333333336,51.333333333333336
3512,51.333333333333336,51.333333333333336
3513,51.333333333333336,51.333333333333336
3514,51.333333333333336,51.333333333333336
3515,51.333333333333336,51.333333333333336
3516,51.333333333333336,51.333333333333336
3517,51.333333333333336,51.333333333333336
3518,51.333333333333336,51.333333333333336
3519,51.333333333333336,51.333333333333336
3520,51.333333333333336,51.333333333333336
3521,51.333333333333336,51.333333333333336
3522,51.333333333333336,51.333333333333336
3523,51.333333333333336,51.333333333333336
3524,51.333333333333336,51.333333333333336
3525,51.333333333333336,51.333333333333336
3526,51.333333333333336,51.333333333333336
3527,51.333333333333336,51.333333333333336
3528,51.333333333333336,51.333333333333336
3529,51.333333333333336,51.333333333333336
3530,51.333333333333336,51.333333333333336
3531,51.333333333333336,51.333333333333336
3532,51.333333333333336,51.333333333333336
3533,51.333333333333336,51.333333333333336
3534,51.333333333333336,51.333333333333336
3535,51.333333333333336,51.333333333333336
3536,51.333333333333336,51.333333333333336
3537,51.333333333333336,51.333333333333336
3538,51.333333333333336,51.333333333333336
3539,51.333333333333336,51.333333333333336
3540,51.333333333333336,51.333333333333336
3541,51.333333333333336,51.333333333333336
3542,51.333333333333336,51.333333333333336
3543,51.333333333333336,51.333333333333336
3544,51.333333333333336,51.333333333333336
3545,51.333333333333336,51.333333333333336
3546,51.333333333333336,51.333333333333336
3547,51.333333333333336,51.333333333333336
3548,51.333333333333336,51.333333333333336
3549,51.333333333333336,51.333333333333336
3550,51.333333333333336,51.333333333333336
3551,51.333333333333336,51.333333333333336
3552,51.333333333333336,51.333333333333336
3553,51.333333333333336,51.333333333333336
3554,51.333333333333336,51.333333333333336
3555,51.333333333333336,51.333333333333336
3556,51.333333333333336,51.333333333333336
3557,51.333333333333336,51.333333333333336
3558,51.333333333333336,51.333333333333336
3559,51.333333333333336,51.333333333333336
3560,51.333333333333336,51.333333333333336
3561,51.333333333333336,51.333333333333336
3562,51.333333333333336,51.333333333333336
3563,51.333333333333336,51.333333333333336
3564,51.333333333333336,51.333333333333336
3565,51.333333333333336,51.333333333333336
3566,51.333333333333336,51.333333333333336
3567,51.333333333333336,51.333333333333336
3568,51.333333333333336,51.333333333333336
3569,51.333333333333336,51.333333333333336
3570,51.333333333333336,51.333333333333336
3571,51.333333333333336,51.333333333333336
3572,51.333333333333336,51.333333333333336
3573,51.333333333333336,51.333333333333336
3574,51.333333333333336,51.333333333333336
3575,51.333333333333336,51.333333333333336
3576,51.333333333333336,51.333333333333336
3577,51.333333333333336,51.333333333333336
3578,51.333333333333336,51.333333333333336
3579,51.333333333333336,51.333333333333336
3580,51.333333333333336,51.333333333333336
3581,51.333333333333336,51.333333333333336
3582,51.333333333333336,51.333333333333336
3583,51.333333333333336,51.333333333333336
3584,51.333333333333336,51.333333333333336
3585,51.333333333333336,51.333333333333336
3586,51.333333333333336,51.333333333333336
3587,51.333333333333336,51.333333333333336
3588,51.333333333333336,51.333333333333336
3589,51.333333333333336,51.333333333333336
3590,51.333333333333336,51.333333333333336
3591,51.333333333333336,51.333333333333336
3592,51.333333333333336,51.333333333333336
3593,51.333333333333336,51.333333333333336
3594,51.333333333333336,51.333333333333336
3595,51.333333333333336,51.333333333333336
3596,51.333333333333336,51.333333333333336
3597,51.333333333333336,51.333333333333336
3598,51.333333333333336,51.333333333333336
3599,51.333333333333336,51.333333333333336
3600,51.333333333333336,51.333333333333336
3601,51.333333333333336,51.333333333333336
3602,51.333333333333336,51.333333333333336
3603,51.333333333333336,51.333333333333336
3604,51.333333333333336,51.333333333333336
3605,51.333333333333336,51.333333333333336
3606,51.333333333333336,51.333333333333336
3607,51.333333333333336,51.333333333333336
3608,51.333333333333336,51.333333333333336
3609,51.333333333333336,51.333333333333336
3610,51.333333333333336,51.333333333333336
3611,51.333333333333336,51.333333333333336
3612,51.333333333333336,51.333333333333336
3613,51.333333333333336,51.333333333333336
3614,51.333333333333336,51.333333333333336
3615,51.333333333333336,51.333333333333336
3616,51.333333333333336,51.333333333333336
3617,51.333333333333336,51.333333333333336
3618,51.333333333333336,51.333333333333336
3619,51.333333333333336,51.333333333333336
3620,51.333333333333336,51.333333333333336
3621,51.333333333333336,51.333333333333336
3622,51.333333333333336,51.333333333333336
3623,51.333333333333336,51.333333333333336
3624,51.333333333333336,51.333333333333336
3625,51.333333333333336,51.333333333333336
3626,51.333333333333336,51.333333333333336
3627,51.333333333333336,51.333333333333336
3628,51.333333333333336,51.333333333333336
3629,51.333333333333336,51.333333333333336
3630,51.333333333333336,51.333333333333336
3631,51.333333333333336,51.333333333333336
3632,51.333333333333336,51.333333333333336
3633,51.333333333333336,51.333333333333336
3634,51.333333333333336,51.333333333333336
3635,51.333333333333336,51.333333333333336
3636,51.333333333333336,51.333333333333336
3637,51.333333333333336,51.333333333333336
3638,51.333333333333336,51.333333333333336
3639,51.333333333333336,51.333333333333336
3640,51.333333333333336,51.333333333333336
3641,51.333333333333336,51.333333333333336
3642,51.333333333333336,51.333333333333336
3643,51.333333333333336,51.333333333333336
3644,51.333333333333336,51.333333333333336
3645,51.333333333333336,51.333333333333336
3646,51.333333333333336,51.333333333333336
3647,51.333333333333336,51.333333333333336
3648,51.333333333333336,51.333333333333336
3649,51.333333333333336,51.333333333333336
3650,51.333333333333336,51.333333333333336
3651,51.333333333333336,51.333333333333336
3652,51.333333333333336,51.333333333333336
3653,51.333333333333336,51.333333333333336
3654,51.333333333333336,51.333333333333336
3655,51.333333333333336,51.333333333333336
3656,51.333333333333336,51.333333333333336
3657,51.333333333333336,51.333333333333336
3658,51.333333333333336,51.333333333333336
3659,51.333333333333336,51.333333333333336
3660,51.333333333333336,51.333333333333336
3661,51.333333333333336,51.333333333333336
3662,51.333333333333336,51.333333333333336
3663,51.333333333333336,51.333333333333336
3664,51.333333333333336,51.333333333333336
3665,51.333333333333336,51.333333333333336
3666,51.333333333333336,51.333333333333336
3667,51.333333333333336,51.333333333333336
3668,51.333333333333336,51.333333333333336
3669,51.333333333333336,51.333333333333336
3670,51.333333333333336,51.333333333333336
3671,51.333333333333336,51.333333333333336
3672,51.333333333333336,51.333333333333336
3673,51.333333333333336,51.333333333333336
3674,51.333333333333336,51.333333333333336
3675,51.333333333333336,51.333333333333336
3676,51.333333333333336,51.333333333333336
3677,51.333333333333336,51.333333333333336
3678,51.333333333333336,51.333333333333336
3679,51.333333333333336,51.333333333333336
3680,51.333333333333336,51.333333333333336
3681,51.333333333333336,51.333333333333336
3682,51.333333333333336,51.333333333333336
3683,51.333333333333336,51.333333333333336
3684,51.333333333333336,51.333333333333336
3685,51.333333333333336,51.333333333333336
3686,51.333333333333336,51.333333333333336
3687,51.333333333333336,51.333333333333336
3688,51.333333333333336,51.333333333333336
3689,51.333333333333336,51.333333333333336
3690,51.333333333333336,51.333333333333336
3691,51.333333333333336,51.333333333333336
3692,51.333333333333336,51.333333333333336
3693,51.333333333333336,51.333333333333336
3694,51.333333333333336,51.333333333333336
3695,51.333333333333336,51.333333333333336
3696,51.333333333333336,51.333333333333336
3697,51.333333333333336,51.333333333333336
3698,51.333333333333336,51.333333333333336
3699,51.333333333333336,51.333333333333336
3700,51.333333333333336,51.333333333333336
3701,51.333333333333336,51.333333333333336
3702,51.333333333333336,51.333333333333336
3703,51.333333333333336,51.333333333333336
3704,51.333333333333336,51.333333333333336
3705,51.333333333333336,51.333333333333336
3706,51.333333333333336,51.333333333333336
3707,51.333333333333336,51.333333333333336
3708,51.333333333333336,51.333333333333336
3709,51.333333333333336,51.333333333333336
3710,51.333333333333336,51.333333333333336
3711,51.333333333333336,51.333333333333336
3712,51.333333333333336,51.333333333333336
3713,51.333333333333336,51.333333333333336
3714,51.333333333333336,51.333333333333336
3715,51.333333333333336,51.333333333333336
3716,51.333333333333336,51.333333333333336
3717,51.333333333333336,51.333333333333336
3718,51.333333333333336,51.333333333333336
3719,51.333333333333336,51.333333333333336
3720,51.333333333333336,51.333333333333336
3721,51.333333333333336,51.333333333333336
3722,51.333333333333336,51.333333333333336
3723,51.333333333333336,51.333333333333336
3724,51.333333333333336,51.333333333333336
3725,51.333333333333336,51.333333333333336
3726,51.333333333333336,51.333333333333336
3727,51.333333333333336,51.333333333333336
3728,51.333333333333336,51.333333333333336
3729,51.333333333333336,51.333333333333336
3730,51.333333333333336,51.333333333333336
3731,51.333333333333336,51.333333333333336
3732,51.333333333333336,51.333333333333336
3733,51.333333333333336,51.333333333333336
3734,51.333333333333336,51.333333333333336
3735,51.333333333333336,51.333333333333336
3736,51.333333333333336,51.333333333333336
3737,51.333333333333336,51.333333333333336
3738,51.333333333333336,51.333333333333336
3739,51.333333333333336,51.333333333333336
3740,51.333333333333336,51.333333333333336
3741,51.333333333333336,51.333333333333336
3742,51.333333333333336,51.333333333333336
3743,51.333333333333336,51.333333333333336
3744,51.333333333333336,51.333333333333336
3745,51.333333333333336,51.333333333333336
3746,51.333333333333336,51.333333333333336
3747,51.333333333333336,51.333333333333336
3748,51.333333333333336,51.333333333333336
3749,51.333333333333336,51.333333333333336
3750,51.333333333333336,51.333333333333336
3751,51.333333333333336,51.333333333333336
3752,51.333333333333336,51.333333333333336
3753,51.333333333333336,51.333333333333336
3754,51.333333333333336,51.333333333333336
3755,51.333333333333336,51.333333333333336
3756,51.333333333333336,51.333333333333336
3757,51.333333333333336,51.333333333333336
3758,51.333333333333336,51.333333333333336
3759,51.333333333333336,51.333333333333336
3760,51.333333333333336,51.333333333333336
3761,51.333333333333336,51.333333333333336
3762,51.333333333333336,51.333333333333336
3763,51.333333333333336,51.333333333333336
3764,51.333333333333336,51.333333333333336
3765,51.333333333333336,51.333333333333336
3766,51.333333333333336,51.333333333333336
3767,51.333333333333336,51.333333333333336
3768,51.333333333333336,51.333333333333336
3769,51.333333333333336,51.333333333333336
3770,51.333333333333336,51.333333333333336
3771,51.333333333333336,51.333333333333336
3772,51.333333333333336,51.333333333333336
3773,51.333333333333336,51.333333333333336
3774,51.333333333333336,51.333333333333336
3775,51.333333333333336,51.333333333333336
3776,51.333333333333336,51.333333333333336
3777,51.333333333333336,51.333333333333336
3778,51.333333333333336,51.333333333333336
3779,51.333333333333336,51.333333333333336
3780,51.333333333333336,51.333333333333336
3781,51.333333333333336,51.333333333333336
3782,51.333333333333336,51.333333333333336
3783,51.333333333333336,51.333333333333336
3784,51.333333333333336,51.333333333333336
3785,51.333333333333336,51.333333333333336
3786,51.333333333333336,51.333333333333336
3787,51.333333333333336,51.333333333333336
3788,51.333333333333336,51.333333333333336
3789,51.333333333333336,51.333333333333336
3790,51.333333333333336,51.333333333333336
3791,51.333333333333336,51.333333333333336
3792,51.333333333333336,51.333333333333336
3793,51.333333333333336,51.333333333333336
3794,51.333333333333336,51.333333333333336
3795,51.333333333333336,51.333333333333336
3796,51.333333333333336,51.333333333333336
3797,51.333333333333336,51.333333333333336
3798,51.333333333333336,51.333333333333336
3799,51.333333333333336,51.333333333333336
3800,51.333333333333336,51.333333333333336
3801,51.333333333333336,51.333333333333336
3802,51.333333333333336,51.333333333333336
3803,51.333333333333336,51.333333333333336
3804,51.333333333333336,51.333333333333336
3805,51.333333333333336,51.333333333333336
3806,51.333333333333336,51.333333333333336
3807,51.333333333333336,51.333333333333336
3808,51.333333333333336,51.333333333333336
3809,51.333333333333336,51.333333333333336
3810,51.333333333333336,51.333333333333336
3811,51.333333333333336,51.333333333333336
3812,51.333333333333336,51.333333333333336
3813,51.333333333333336,51.333333333333336
3814,51.333333333333336,51.333333333333336
3815,51.333333333333336,51.333333333333336
3816,51.333333333333336,51.333333333333336
3817,51.333333333333336,51.333333333333336
3818,51.333333333333336,51.333333333333336
3819,51.333333333333336,51.333333333333336
3820,51.333333333333336,51.333333333333336
3821,51.333333333333336,51.333333333333336
3822,51.333333333333336,51.333333333333336
3823,51.333333333333336,51.333333333333336
3824,51.333333333333336,51.333333333333336
3825,51.333333333333336,51.333333333333336
3826,51.333333333333336,51.333333333333336
3827,51.333333333333336,51.333333333333336
3828,51.333333333333336,51.333333333333336
3829,51.333333333333336,51.333333333333336
3830,51.333333333333336,51.333333333333336
3831,51.333333333333336,51.333333333333336
3832,51.333333333333336,51.333333333333336
3833,51.333333333333336,51.333333333333336
3834,51.333333333333336,51.333333333333336
3835,51.333333333333336,51.333333333333336
3836,51.333333333333336,51.333333333333336
3837,51.333333333333336,51.333333333333336
3838,51.333333333333336,51.333333333333336
3839,51.333333333333336,51.333333333333336
3840,51.333333333333336,51.333333333333336
3841,51.333333333333336,51.333333333333336
3842,51.333333333333336,51.333333333333336
3843,51.333333333333336,51.333333333333336
3844,51.333333333333336,51.333333333333336
3845,51.333333333333336,51.333333333333336
3846,51.333333333333336,51.333333333333336
3847,51.333333333333336,51.333333333333336
3848,51.333333333333336,51.333333333333336
3849,51.333333333333336,51.333333333333336
3850,51.333333333333336,51.333333333333336
3851,51.333333333333336,51.333333333333336
3852,51.333333333333336,51.333333333333336
3853,51.333333333333336,51.333333333333336
3854,51.333333333333336,51.333333333333336
3855,51.333333333333336,51.333333333333336
3856,51.333333333333336,51.333333333333336
3857,51.333333333333336,51.333333333333336
3858,51.333333333333336,51.333333333333336
3859,51.333333333333336,51.333333333333336
3860,51.333333333333336,51.333333333333336
3861,51.333333333333336,51.333333333333336
3862,51.333333333333336,51.333333333333336
3863,51.333333333333336,51.333333333333336
3864,51.333333333333336,51.333333333333336
3865,51.333333333333336,51.333333333333336
3866,51.333333333333336,51.333333333333336
3867,51.333333333333336,51.333333333333336
3868,51.333333333333336,51.333333333333336
3869,51.333333333333336,51.333333333333336
3870,51.333333333333336,51.333333333333336
3871,51.333333333333336,51.333333333333336
3872,51.333333333333336,51.333333333333336
3873,51.333333333333336,51.333333333333336
3874,51.333333333333336,51.333333333333336
3875,51.333333333333336,51.333333333333336
3876,51.333333333333336,51.333333333333336
3877,51.333333333333336,51.333333333333336
3878,51.333333333333336,51.333333333333336
3879,51.333333333333336,51.333333333333336
3880,51.333333333333336,51.333333333333336
3881,51.333333333333336,51.333333333333336
3882,51.333333333333336,51.333333333333336
3883,51.333333333333336,51.333333333333336
3884,51.333333333333336,51.333333333333336
3885,51.333333333333336,51.333333333333336
3886,51.333333333333336,51.333333333333336
3887,51.333333333333336,51.333333333333336
3888,51.333333333333336,51.333333333333336
3889,51.333333333333336,51.333333333333336
3890,51.333333333333336,51.333333333333336
3891,51.333333333333336,51.333333333333336
3892,51.333333333333336,51.333333333333336
3893,51.333333333333336,51.333333333333336
3894,51.333333333333336,51.333333333333336
3895,51.333333333333336,51.333333333333336
3896,51.333333333333336,51.333333333333336
3897,51.333333333333336,51.333333333333336
3898,51.333333333333336,51.333333333333336
3899,51.333333333333336,51.333333333333336
3900,51.333333333333336,51.333333333333336
3901,51.333333333333336,51.333333333333336
3902,51.333333333333336,51.333333333333336
3903,51.333333333333336,51.333333333333336
3904,51.333333333333336,51.333333333333336
3905,51.333333333333336,51.333333333333336
3906,51.333333333333336,51.333333333333336
3907,51.333333333333336,51.333333333333336
3908,51.333333333333336,51.333333333333336
3909,51.333333333333336,51.333333333333336
3910,51.333333333333336,51.333333333333336
3911,51.333333333333336,51.333333333333336
3912,51.333333333333336,51.333333333333336
3913,51.333333333333336,51.333333333333336
3914,51.333333333333336,51.333333333333336
3915,51.333333333333336,51.333333333333336
3916,51.333333333333336,51.333333333333336
3917,51.333333333333336,51.333333333333336
3918,51.333333333333336,51.333333333333336
3919,51.333333333333336,51.333333333333336
3920,51.333333333333336,51.333333333333336
3921,51.333333333333336,51.333333333333336
3922,51.333333333333336,51.333333333333336
3923,51.333333333333336,51.333333333333336
3924,51.333333333333336,51.333333333333336
3925,51.333333333333336,51.333333333333336
3926,51.333333333333336,51.333333333333336
3927,51.333333333333336,51.333333333333336
3928,51.333333333333336,51.333333333333336
3929,51.333333333333336,51.333333333333336
3930,51.333333333333336,51.333333333333336
3931,51.333333333333336,51.333333333333336
3932,51.333333333333336,51.333333333333336
3933,51.333333333333336,51.333333333333336
3934,51.333333333333336,51.333333333333336
3935,51.333333333333336,51.333333333333336
3936,51.333333333333336,51.333333333333336
3937,51.333333333333336,51.333333333333336
3938,51.333333333333336,51.333333333333336
3939,51.333333333333336,51.333333333333336
3940,51.333333333333336,51.333333333333336
3941,51.333333333333336,51.333333333333336
3942,51.333333333333336,51.333333333333336
3943,51.333333333333336,51.333333333333336
3944,51.333333333333336,51.333333333333336
3945,51.333333333333336,51.333333333333336
3946,51.333333333333336,51.333333333333336
3947,51.333333333333336,51.333333333333336
3948,51.333333333333336,51.333333333333336
3949,51.333333333333336,51.333333333333336
3950,51.333333333333336,51.333333333333336
3951,51.333333333333336,51.333333333333336
3952,51.333333333333336,51.333333333333336
3953,51.333333333333336,51.333333333333336
3954,51.333333333333336,51.333333333333336
3955,51.333333333333336,51.333333333333336
3956,51.333333333333336,51.333333333333336
3957,51.333333333333336,51.333333333333336
3958,51.333333333333336,51.333333333333336
3959,51.333333333333336,51.333333333333336
3960,51.333333333333336,51.333333333333336
3961,51.333333333333336,51.333333333333336
3962,51.333333333333336,51.333333333333336
3963,51.333333333333336,51.333333333333336
3964,51.333333333333336,51.333333333333336
3965,51.333333333333336,51.333333333333336
3966,51.333333333333336,51.333333333333336
3967,51.333333333333336,51.333333333333336
3968,51.333333333333336,51.333333333333336
3969,51.333333333333336,51.333333333333336
3970,51.333333333333336,51.333333333333336
3971,51.333333333333336,51.333333333333336
3972,51.333333333333336,51.333333333333336
3973,51.333333333333336,51.333333333333336
3974,51.333333333333336,51.333333333333336
3975,51.333333333333336,51.333333333333336
3976,51.333333333333336,51.333333333333336
3977,51.333333333333336,51.333333333333336
3978,51.333333333333336,51.333333333333336
3979,51.333333333333336,51.333333333333336
3980,51.333333333333336,51.333333333333336
3981,51.333333333333336,51.333333333333336
3982,51.333333333333336,51.333333333333336
3983,51.333333333333336,51.333333333333336
3984,51.333333333333336,51.333333333333336
3985,51.333333333333336,51.333333333333336
3986,51.333333333333336,51.333333333333336
3987,51.333333333333336,51.333333333333336
3988,51.333333333333336,51.333333333333336
3989,51.333333333333336,51.333333333333336
3990,51.333333333333336,51.333333333333336
3991,51.333333333333336,51.333333333333336
3992,51.333333333333336,51.333333333333336
3993,51.333333333333336,51.333333333333336
3994,51.333333333333336,51.333333333333336
3995,51.333333333333336,51.333333333333336
3996,51.333333333333336,51.333333333333336
3997,51.333333333333336,51.333333333333336
3998,51.333333333333336,51.333333333333336
3999,51.333333333333336,51.333333333333336
4000,51.333333333333336,51.333333333333336
4001,51.333333333333336,51.333333333333336
4002,51.333333333333336,51.333333333333336
4003,51.333333333333336,51.333333333333336
4004,51.333333333333336,51.333333333333336
4005,51.333333333333336,51.333333333333336
4006,51.333333333333336,51.333333333333336
4007,51.333333333333336,51.333333333333336
4008,51.333333333333336,51.333333333333336
4009,51.333333333333336,51.333333333333336
4010,51.333333333333336,51.333333333333336
4011,51.333333333333336,51.333333333333336
4012,51.333333333333336,51.333333333333336
4013,51.333333333333336,51.333333333333336
4014,51.333333333333336,51.333333333333336
4015,51.333333333333336,51.333333333333336
4016,51.333333333333336,51.333333333333336
4017,51.333333333333336,51.333333333333336
4018,51.333333333333336,51.333333333333336
4019,51.333333333333336,51.333333333333336
4020,51.333333333333336,51.333333333333336
4021,51.333333333333336,51.333333333333336
4022,51.333333333333336,51.333333333333336
4023,51.333333333333336,51.333333333333336
4024,51.333333333333336,51.333333333333336
4025,51.333333333333336,51.333333333333336
4026,51.333333333333336,51.333333333333336
4027,51.333333333333336,51.333333333333336
4028,51.333333333333336,51.333333333333336
4029,51.333333333333336,51.333333333333336
4030,51.333333333333336,51.333333333333336
4031,51.333333333333336,51.333333333333336
4032,51.333333333333336,51.333333333333336
4033,51.333333333333336,51.333333333333336
4034,51.333333333333336,51.333333333333336
4035,51.333333333333336,51.333333333333336
4036,51.333333333333336,51.333333333333336
4037,51.333333333333336,51.333333333333336
4038,51.333333333333336,51.333333333333336
4039,51.333333333333336,51.333333333333336
4040,51.333333333333336,51.333333333333336
4041,51.333333333333336,51.333333333333336
4042,51.333333333333336,51.333333333333336
4043,51.333333333333336,51.333333333333336
4044,51.333333333333336,51.333333333333336
4045,51.333333333333336,51.333333333333336
4046,51.333333333333336,51.333333333333336
4047,51.333333333333336,51.333333333333336
4048,51.333333333333336,51.333333333333336
4049,51.333333333333336,51.333333333333336
4050,51.333333333333336,51.333333333333336
4051,51.333333333333336,51.333333333333336
4052,51.333333333333336,51.333333333333336
4053,51.333333333333336,51.333333333333336
4054,51.333333333333336,51.333333333333336
4055,51.333333333333336,51.333333333333336
4056,51.333333333333336,51.333333333333336
4057,51.333333333333336,51.333333333333336
4058,51.333333333333336,51.333333333333336
4059,51.333333333333336,51.333333333333336
4060,51.333333333333336,51.333333333333336
4061,51.333333333333336,51.333333333333336
4062,51.333333333333336,51.333333333333336
4063,51.333333333333336,51.333333333333336
4064,51.333333333333336,51.333333333333336
4065,51.333333333333336,51.333333333333336
4066,51.333333333333336,51.333333333333336
4067,51.333333333333336,51.333333333333336
4068,51.333333333333336,51.333333333333336
4069,51.333333333333336,51.333333333333336
4070,51.333333333333336,51.333333333333336
4071,51.333333333333336,51.333333333333336
4072,51.333333333333336,51.333333333333336
4073,51.333333333333336,51.333333333333336
4074,51.333333333333336,51.333333333333336
4075,51.333333333333336,51.333333333333336
4076,51.333333333333336,51.333333333333336
4077,51.333333333333336,51.333333333333336
4078,51.333333333333336,51.333333333333336
4079,51.333333333333336,51.333333333333336
4080,51.333333333333336,51.333333333333336
4081,51.333333333333336,51.333333333333336
4082,51.333333333333336,51.333333333333336
4083,51.333333333333336,51.333333333333336
4084,51.333333333333336,51.333333333333336
4085,51.333333333333336,51.333333333333336
4086,51.333333333333336,51.333333333333336
4087,51.333333333333336,51.333333333333336
4088,51.333333333333336,51.333333333333336
4089,51.333333333333336,51.333333333333336
4090,51.333333333333336,51.333333333333336
4091,51.333333333333336,51.333333333333336
4092,51.333333333333336,51.333333333333336
4093,51.333333333333336,51.333333333333336
4094,51.333333333333336,51.333333333333336
4095,51.333333333333336,51.333333333333336
4096,51.333333333333336,51.333333333333336
4097,51.333333333333336,51.333333333333336
4098,51.333333333333336,51.333333333333336
4099,51.333333333333336,51.333333333333336
4100,51.333333333333336,51.333333333333336
4101,51.333333333333336,51.333333333333336
4102,51.333333333333336,51.333333333333336
4103,51.333333333333336,51.333333333333336
4104,51.333333333333336,51.333333333333336
4105,51.333333333333336,51.333333333333336
4106,51.333333333333336,51.333333333333336
4107,51.333333333333336,51.333333333333336
4108,51.333333333333336,51.333333333333336
4109,51.333333333333336,51.333333333333336
4110,51.333333333333336,51.333333333333336
4111,51.333333333333336,51.333333333333336
4112,51.333333333333336,51.333333333333336
4113,51.333333333333336,51.333333333333336
4114,51.333333333333336,51.333333333333336
4115,51.333333333333336,51.333333333333336
4116,51.333333333333336,51.333333333333336
4117,51.333333333333336,51.333333333333336
4118,51.333333333333336,51.333333333333336
4119,51.333333333333336,51.333333333333336
4120,51.333333333333336,51.333333333333336
4121,51.333333333333336,51.333333333333336
4122,51.333333333333336,51.333333333333336
4123,51.333333333333336,51.333333333333336
4124,51.333333333333336,51.333333333333336
4125,51.333333333333336,51.333333333333336
4126,51.333333333333336,51.333333333333336
4127,51.333333333333336,51.333333333333336
4128,51.333333333333336,51.333333333333336
4129,51.333333333333336,51.333333333333336
4130,51.333333333333336,51.333333333333336
4131,51.333333333333336,51.333333333333336
4132,51.333333333333336,51.333333333333336
4133,51.333333333333336,51.333333333333336
4134,51.333333333333336,51.333333333333336
4135,51.333333333333336,51.333333333333336
4136,51.333333333333336,51.333333333333336
4137,51.333333333333336,51.333333333333336
4138,51.333333333333336,51.333333333333336
4139,51.333333333333336,51.333333333333336
4140,51.333333333333336,51.333333333333336
4141,51.333333333333336,51.333333333333336
4142,51.333333333333336,51.333333333333336
4143,51.333333333333336,51.333333333333336
4144,51.333333333333336,51.333333333333336
4145,51.333333333333336,51.333333333333336
4146,51.333333333333336,51.333333333333336
4147,51.333333333333336,51.333333333333336
4148,51.333333333333336,51.333333333333336
4149,51.333333333333336,51.333333333333336
4150,51.333333333333336,51.333333333333336
4151,51.333333333333336,51.333333333333336
4152,51.333333333333336,51.333333333333336
4153,51.333333333333336,51.333333333333336
4154,51.333333333333336,51.333333333333336
4155,51.333333333333336,51.333333333333336
4156,51.333333333333336,51.333333333333336
4157,51.333333333333336,51.333333333333336
4158,51.333333333333336,51.333333333333336
4159,51.333333333333336,51.333333333333336
4160,51.333333333333336,51.333333333333336
4161,51.333333333333336,51.333333333333336
4162,51.333333333333336,51.333333333333336
4163,51.333333333333336,51.333333333333336
4164,51.333333333333336,51.333333333333336
4165,51.333333333333336,51.333333333333336
4166,51.333333333333336,51.333333333333336
4167,51.333333333333336,51.333333333333336
4168,51.333333333333336,51.333333333333336
4169,51.333333333333336,51.333333333333336
4170,51.333333333333336,51.333333333333336
4171,51.333333333333336,51.333333333333336
4172,51.333333333333336,51.333333333333336
4173,51.333333333333336,51.333333333333336
4174,51.333333333333336,51.333333333333336
4175,51.333333333333336,51.333333333333336
4176,51.333333333333336,51.333333333333336
4177,51.333333333333336,51.333333333333336
4178,51.333333333333336,51.333333333333336
4179,51.333333333333336,51.333333333333336
4180,51.333333333333336,51.333333333333336
4181,51.333333333333336,51.333333333333336
4182,51.333333333333336,51.333333333333336
4183,51.333333333333336,51.333333333333336
4184,51.333333333333336,51.333333333333336
4185,51.333333333333336,51.333333333333336
4186,51.333333333333336,51.333333333333336
4187,51.333333333333336,51.333333333333336
4188,51.333333333333336,51.333333333333336
4189,51.333333333333336,51.333333333333336
4190,51.333333333333336,51.333333333333336
4191,51.333333333333336,51.333333333333336
4192,51.333333333333336,51.333333333333336
4193,51.333333333333336,51.333333333333336
4194,51.333333333333336,51.333333333333336
4195,51.333333333333336,51.333333333333336
4196,51.333333333333336,51.333333333333336
4197,51.333333333333336,51.333333333333336
4198,51.333333333333336,51.333333333333336
4199,51.333333333333336,51.333333333333336
4200,51.333333333333336,51.333333333333336
4201,51.333333333333336,51.333333333333336
4202,51.333333333333336,51.333333333333336
4203,51.333333333333336,51.333333333333336
4204,51.333333333333336,51.333333333333336
4205,51.333333333333336,51.333333333333336
4206,51.333333333333336,51.333333333333336
4207,51.333333333333336,51.333333333333336
4208,51.333333333333336,51.333333333333336
4209,51.333333333333336,51.333333333333336
4210,51.333333333333336,51.333333333333336
4211,51.333333333333336,51.333333333333336
4212,51.333333333333336,51.333333333333336
4213,51.333333333333336,51.333333333333336
4214,51.333333333333336,51.333333333333336
4215,51.333333333333336,51.333333333333336
4216,51.333333333333336,51.333333333333336
4217,51.333333333333336,51.333333333333336
4218,51.333333333333336,51.333333333333336
4219,51.333333333333336,51.333333333333336
4220,51.333333333333336,51.333333333333336
4221,51.333333333333336,51.333333333333336
4222,51.333333333333336,51.333333333333336
4223,51.333333333333336,51.333333333333336
4224,51.333333333333336,51.333333333333336
4225,51.333333333333336,51.333333333333336
4226,51.333333333333336,51.333333333333336
4227,51.333333333333336,51.333333333333336
4228,51.333333333333336,51.333333333333336
4229,51.333333333333336,51.333333333333336
4230,51.333333333333336,51.333333333333336
4231,51.333333333333336,51.333333333333336
4232,51.333333333333336,51.333333333333336
4233,51.333333333333336,51.333333333333336
4234,51.333333333333336,51.333333333333336
4235,51.333333333333336,51.333333333333336
4236,51.333333333333336,51.333333333333336
4237,51.333333333333336,51.333333333333336
4238,51.333333333333336,51.333333333333336
4239,51.333333333333336,51.333333333333336
4240,51.333333333333336,51.333333333333336
4241,51.333333333333336,51.333333333333336
4242,51.333333333333336,51.333333333333336
4243,51.333333333333336,51.333333333333336
4244,51.333333333333336,51.333333333333336
4245,51.333333333333336,51.333333333333336
4246,51.333333333333336,51.333333333333336
4247,51.333333333333336,51.333333333333336
4248,51.333333333333336,51.333333333333336
4249,51.333333333333336,51.333333333333336
4250,51.333333333333336,51.333333333333336
4251,51.333333333333336,51.333333333333336
4252,51.333333333333336,51.333333333333336
4253,51.333333333333336,51.333333333333336
4254,51.333333333333336,51.333333333333336
4255,51.333333333333336,51.333333333333336
4256,51.333333333333336,51.333333333333336
4257,51.333333333333336,51.333333333333336
4258,51.333333333333336,51.333333333333336
4259,51.333333333333336,51.333333333333336
4260,51.333333333333336,51.333333333333336
4261,51.333333333333336,51.333333333333336
4262,51.333333333333336,51.333333333333336
4263,51.333333333333336,51.333333333333336
4264,51.333333333333336,51.333333333333336
4265,51.333333333333336,51.333333333333336
4266,51.333333333333336,51.333333333333336
4267,51.333333333333336,51.333333333333336
4268,51.333333333333336,51.333333333333336
4269,51.333333333333336,51.333333333333336
4270,51.333333333333336,51.333333333333336
4271,51.333333333333336,51.333333333333336
4272,51.333333333333336,51.333333333333336
4273,51.333333333333336,51.333333333333336
4274,51.333333333333336,51.333333333333336
4275,51.333333333333336,51.333333333333336
4276,51.333333333333336,51.333333333333336
4277,51.333333333333336,51.333333333333336
4278,51.333333333333336,51.333333333333336
4279,51.333333333333336,51.333333333333336
4280,51.333333333333336,51.333333333333336
4281,51.333333333333336,51.333333333333336
4282,51.333333333333336,51.333333333333336
4283,51.333333333333336,51.333333333333336
4284,51.333333333333336,51.333333333333336
4285,51.333333333333336,51.333333333333336
4286,51.333333333333336,51.333333333333336
4287,51.333333333333336,51.333333333333336
4288,51.333333333333336,51.333333333333336
4289,51.333333333333336,51.333333333333336
4290,51.333333333333336,51.333333333333336
4291,51.333333333333336,51.333333333333336
4292,51.333333333333336,51.333333333333336
4293,51.333333333333336,51.333333333333336
4294,51.333333333333336,51.333333333333336
4295,51.333333333333336,51.333333333333336
4296,51.333333333333336,51.333333333333336
4297,51.333333333333336,51.333333333333336
4298,51.333333333333336,51.333333333333336
4299,51.333333333333336,51.333333333333336
4300,51.333333333333336,51.333333333333336
4301,51.333333333333336,51.333333333333336
4302,51.333333333333336,51.333333333333336
4303,51.333333333333336,51.333333333333336
4304,51.333333333333336,51.333333333333336
4305,51.333333333333336,51.333333333333336
4306,51.333333333333336,51.333333333333336
4307,51.333333333333336,51.333333333333336
4308,51.333333333333336,51.333333333333336
4309,51.333333333333336,51.333333333333336
4310,51.333333333333336,51.333333333333336
4311,51.333333333333336,51.333333333333336
4312,51.333333333333336,51.333333333333336
4313,51.333333333333336,51.333333333333336
4314,51.333333333333336,51.333333333333336
4315,51.333333333333336,51.333333333333336
4316,51.333333333333336,51.333333333333336
4317,51.333333333333336,51.333333333333336
4318,51.333333333333336,51.333333333333336
4319,51.333333333333336,51.333333333333336
4320,51.333333333333336,51.333333333333336
4321,51.333333333333336,51.333333333333336
4322,51.333333333333336,51.333333333333336
4323,51.333333333333336,51.333333333333336
4324,51.333333333333336,51.333333333333336
4325,51.333333333333336,51.333333333333336
4326,51.333333333333336,51.333333333333336
4327,51.333333333333336,51.333333333333336
4328,51.333333333333336,51.333333333333336
4329,51.333333333333336,51.333333333333336
4330,51.333333333333336,51.333333333333336
4331,51.333333333333336,51.333333333333336
4332,51.333333333333336,51.333333333333336
4333,51.333333333333336,51.333333333333336
4334,51.333333333333336,51.333333333333336
4335,51.333333333333336,51.333333333333336
4336,51.333333333333336,51.333333333333336
4337,51.333333333333336,51.333333333333336
4338,51.333333333333336,51.333333333333336
4339,51.333333333333336,51.333333333333336
4340,51.333333333333336,51.333333333333336
4341,51.333333333333336,51.333333333333336
4342,51.333333333333336,51.333333333333336
4343,51.333333333333336,51.333333333333336
4344,51.333333333333336,51.333333333333336
4345,51.333333333333336,51.333333333333336
4346,51.333333333333336,51.333333333333336
4347,51.333333333333336,51.333333333333336
4348,51.333333333333336,51.333333333333336
4349,51.333333333333336,51.333333333333336
4350,51.333333333333336,51.333333333333336
4351,51.333333333333336,51.333333333333336
4352,51.333333333333336,51.333333333333336
4353,51.333333333333336,51.333333333333336
4354,51.333333333333336,51.333333333333336
4355,51.333333333333336,51.333333333333336
4356,51.333333333333336,51.333333333333336
4357,51.333333333333336,51.333333333333336
4358,51.333333333333336,51.333333333333336
4359,51.333333333333336,51.333333333333336
4360,51.333333333333336,51.333333333333336
4361,51.333333333333336,51.333333333333336
4362,51.333333333333336,51.333333333333336
4363,51.333333333333336,51.333333333333336
4364,51.333333333333336,51.333333333333336
4365,51.333333333333336,51.333333333333336
4366,51.333333333333336,51.333333333333336
4367,51.333333333333336,51.333333333333336
4368,51.333333333333336,51.333333333333336
4369,51.333333333333336,51.333333333333336
4370,51.333333333333336,51.333333333333336
4371,51.333333333333336,51.333333333333336
4372,51.333333333333336,51.333333333333336
4373,51.333333333333336,51.333333333333336
4374,51.333333333333336,51.333333333333336
4375,51.333333333333336,51.333333333333336
4376,51.333333333333336,51.333333333333336
4377,51.333333333333336,51.333333333333336
4378,51.333333333333336,51.333333333333336
4379,51.333333333333336,51.333333333333336
4380,51.333333333333336,51.333333333333336
4381,51.333333333333336,51.333333333333336
4382,51.333333333333336,51.333333333333336
4383,51.333333333333336,51.333333333333336
4384,51.333333333333336,51.333333333333336
4385,51.333333333333336,51.333333333333336
4386,51.333333333333336,51.333333333333336
4387,51.333333333333336,51.333333333333336
4388,51.333333333333336,51.333333333333336
4389,51.333333333333336,51.333333333333336
4390,51.333333333333336,51.333333333333336
4391,51.333333333333336,51.333333333333336
4392,51.333333333333336,51.333333333333336
4393,51.333333333333336,51.333333333333336
4394,51.333333333333336,51.333333333333336
4395,51.333333333333336,51.333333333333336
4396,51.333333333333336,51.333333333333336
4397,51.333333333333336,51.333333333333336
4398,51.333333333333336,51.333333333333336
4399,51.333333333333336,51.333333333333336
4400,51.333333333333336,51.333333333333336
4401,51.333333333333336,51.333333333333336
4402,51.333333333333336,51.333333333333336
4403,51.333333333333336,51.333333333333336
4404,51.333333333333336,51.333333333333336
4405,51.333333333333336,51.333333333333336
4406,51.333333333333336,51.333333333333336
4407,51.333333333333336,51.333333333333336
4408,51.333333333333336,51.333333333333336
4409,51.333333333333336,51.333333333333336
4410,51.333333333333336,51.333333333333336
4411,51.333333333333336,51.333333333333336
4412,51.333333333333336,51.333333333333336
4413,51.333333333333336,51.333333333333336
4414,51.333333333333336,51.333333333333336
4415,51.333333333333336,51.333333333333336
4416,51.333333333333336,51.333333333333336
4417,51.333333333333336,51.333333333333336
4418,51.333333333333336,51.333333333333336
4419,51.333333333333336,51.333333333333336
4420,51.333333333333336,51.333333333333336
4421,51.333333333333336,51.333333333333336
4422,51.333333333333336,51.333333333333336
4423,51.333333333333336,51.333333333333336
4424,51.333333333333336,51.333333333333336
4425,51.333333333333336,51.333333333333336
4426,51.333333333333336,51.333333333333336
4427,51.333333333333336,51.333333333333336
4428,51.333333333333336,51.333333333333336
4429,51.333333333333336,51.333333333333336
4430,51.333333333333336,51.333333333333336
4431,51.333333333333336,51.333333333333336
4432,51.333333333333336,51.333333333333336
4433,51.333333333333336,51.333333333333336
4434,51.333333333333336,51.333333333333336
4435,51.333333333333336,51.333333333333336
4436,51.333333333333336,51.333333333333336
4437,51.333333333333336,51.333333333333336
4438,51.333333333333336,51.333333333333336
4439,51.333333333333336,51.333333333333336
4440,51.333333333333336,51.333333333333336
4441,51.333333333333336,51.333333333333336
4442,51.333333333333336,51.333333333333336
4443,51.333333333333336,51.333333333333336
4444,51.333333333333336,51.333333333333336
4445,51.333333333333336,51.333333333333336
4446,51.333333333333336,51.333333333333336
4447,51.333333333333336,51.333333333333336
4448,51.333333333333336,51.333333333333336
4449,51.333333333333336,51.333333333333336
4450,51.333333333333336,51.333333333333336
4451,51.333333333333336,51.333333333333336
4452,51.333333333333336,51.333333333333336
4453,51.333333333333336,51.333333333333336
4454,51.333333333333336,51.333333333333336
4455,51.333333333333336,51.333333333333336
4456,51.333333333333336,51.333333333333336
4457,51.333333333333336,51.333333333333336
4458,51.333333333333336,51.333333333333336
4459,51.333333333333336,51.333333333333336
4460,51.333333333333336,51.333333333333336
4461,51.333333333333336,51.333333333333336
4462,51.333333333333336,51.333333333333336
4463,51.333333333333336,51.333333333333336
4464,51.333333333333336,51.333333333333336
4465,51.333333333333336,51.333333333333336
4466,51.333333333333336,51.333333333333336
4467,51.333333333333336,51.333333333333336
4468,51.333333333333336,51.333333333333336
4469,51.333333333333336,51.333333333333336
4470,51.333333333333336,51.333333333333336
4471,51.333333333333336,51.333333333333336
4472,51.333333333333336,51.333333333333336
4473,51.333333333333336,51.333333333333336
4474,51.333333333333336,51.333333333333336
4475,51.333333333333336,51.333333333333336
4476,51.333333333333336,51.333333333333336
4477,51.333333333333336,51.333333333333336
4478,51.333333333333336,51.333333333333336
4479,51.333333333333336,51.333333333333336
4480,51.333333333333336,51.333333333333336
4481,51.333333333333336,51.333333333333336
4482,51.333333333333336,51.333333333333336
4483,51.333333333333336,51.333333333333336
4484,51.333333333333336,51.333333333333336
4485,51.333333333333336,51.333333333333336
4486,51.333333333333336,51.333333333333336
4487,51.333333333333336,51.333333333333336
4488,51.333333333333336,51.333333333333336
4489,51.333333333333336,51.333333333333336
4490,51.333333333333336,51.333333333333336
4491,51.333333333333336,51.333333333333336
4492,51.333333333333336,51.333333333333336
4493,51.333333333333336,51.333333333333336
4494,51.333333333333336,51.333333333333336
4495,51.333333333333336,51.333333333333336
4496,51.333333333333336,51.333333333333336
4497,51.333333333333336,51.333333333333336
4498,51.333333333333336,51.333333333333336
4499,51.333333333333336,51.333333333333336
4500,51.333333333333336,51.333333333333336
4501,51.333333333333336,51.333333333333336
4502,51.333333333333336,51.333333333333336
4503,51.333333333333336,51.333333333333336
4504,51.333333333333336,51.333333333333336
4505,51.333333333333336,51.333333333333336
4506,51.333333333333336,51.333333333333336
4507,51.333333333333336,51.333333333333336
4508,51.333333333333336,51.333333333333336
4509,51.333333333333336,51.333333333333336
4510,51.333333333333336,51.333333333333336
4511,51.333333333333336,51.333333333333336
4512,51.333333333333336,51.333333333333336
4513,51.333333333333336,51.333333333333336
4514,51.333333333333336,51.333333333333336
4515,51.333333333333336,51.333333333333336
4516,51.333333333333336,51.333333333333336
4517,51.333333333333336,51.333333333333336
4518,51.333333333333336,51.333333333333336
4519,51.333333333333336,51.333333333333336
4520,51.333333333333336,51.333333333333336
4521,51.333333333333336,51.333333333333336
4522,51.333333333333336,51.333333333333336
4523,51.333333333333336,51.333333333333336
4524,51.333333333333336,51.333333333333336
4525,51.333333333333336,51.333333333333336
4526,51.333333333333336,51.333333333333336
4527,51.333333333333336,51.333333333333336
4528,51.333333333333336,51.333333333333336
4529,51.333333333333336,51.333333333333336
4530,51.333333333333336,51.333333333333336
4531,51.333333333333336,51.333333333333336
4532,51.333333333333336,51.333333333333336
4533,51.333333333333336,51.333333333333336
4534,51.333333333333336,51.333333333333336
4535,51.333333333333336,51.333333333333336
4536,51.333333333333336,51.333333333333336
4537,51.333333333333336,51.333333333333336
4538,51.333333333333336,51.333333333333336
4539,51.333333333333336,51.333333333333336
4540,51.333333333333336,51.333333333333336
4541,51.333333333333336,51.333333333333336
4542,51.333333333333336,51.333333333333336
4543,51.333333333333336,51.333333333333336
4544,51.333333333333336,51.333333333333336
4545,51.333333333333336,51.333333333333336
4546,51.333333333333336,51.333333333333336
4547,51.333333333333336,51.333333333333336
4548,51.333333333333336,51.333333333333336
4549,51.333333333333336,51.333333333333336
4550,51.333333333333336,51.333333333333336
4551,51.333333333333336,51.333333333333336
4552,51.333333333333336,51.333333333333336
4553,51.333333333333336,51.333333333333336
4554,51.333333333333336,51.333333333333336
4555,51.333333333333336,51.333333333333336
4556,51.333333333333336,51.333333333333336
4557,51.333333333333336,51.333333333333336
4558,51.333333333333336,51.333333333333336
4559,51.333333333333336,51.333333333333336
4560,51.333333333333336,51.333333333333336
4561,51.333333333333336,51.333333333333336
4562,51.333333333333336,51.333333333333336
4563,51.333333333333336,51.333333333333336
4564,51.333333333333336,51.333333333333336
4565,51.333333333333336,51.333333333333336
4566,51.333333333333336,51.333333333333336
4567,51.333333333333336,51.333333333333336
4568,51.333333333333336,51.333333333333336
4569,51.333333333333336,51.333333333333336
4570,51.333333333333336,51.333333333333336
4571,51.333333333333336,51.333333333333336
4572,51.333333333333336,51.333333333333336
4573,51.333333333333336,51.333333333333336
4574,51.333333333333336,51.333333333333336
4575,51.333333333333336,51.333333333333336
4576,51.333333333333336,51.333333333333336
4577,51.333333333333336,51.333333333333336
4578,51.333333333333336,51.333333333333336
4579,51.333333333333336,51.333333333333336
4580,51.333333333333336,51.333333333333336
4581,51.333333333333336,51.333333333333336
4582,51.333333333333336,51.333333333333336
4583,51.333333333333336,51.333333333333336
4584,51.333333333333336,51.333333333333336
4585,51.333333333333336,51.333333333333336
4586,51.333333333333336,51.333333333333336
4587,51.333333333333336,51.333333333333336
4588,51.333333333333336,51.333333333333336
4589,51.333333333333336,51.333333333333336
4590,51.333333333333336,51.333333333333336
4591,51.333333333333336,51.333333333333336
4592,51.333333333333336,51.333333333333336
4593,51.333333333333336,51.333333333333336
4594,51.333333333333336,51.333333333333336
4595,51.333333333333336,51.333333333333336
4596,51.333333333333336,51.333333333333336
4597,51.333333333333336,51.333333333333336
4598,51.333333333333336,51.333333333333336
4599,51.333333333333336,51.333333333333336
4600,51.333333333333336,51.333333333333336
4601,51.333333333333336,51.333333333333336
4602,51.333333333333336,51.333333333333336
4603,51.333333333333336,51.333333333333336
4604,51.333333333333336,51.333333333333336
4605,51.333333333333336,51.333333333333336
4606,51.333333333333336,51.333333333333336
4607,51.333333333333336,51.333333333333336
4608,51.333333333333336,51.333333333333336
4609,51.333333333333336,51.333333333333336
4610,51.333333333333336,51.333333333333336
4611,51.333333333333336,51.333333333333336
4612,51.333333333333336,51.333333333333336
4613,51.333333333333336,51.333333333333336
4614,51.333333333333336,51.333333333333336
4615,51.333333333333336,51.333333333333336
4616,51.333333333333336,51.333333333333336
4617,51.333333333333336,51.333333333333336
4618,51.333333333333336,51.333333333333336
4619,51.333333333333336,51.333333333333336
4620,51.333333333333336,51.333333333333336
4621,51.333333333333336,51.333333333333336
4622,51.333333333333336,51.333333333333336
4623,51.333333333333336,51.333333333333336
4624,51.333333333333336,51.333333333333336
4625,51.333333333333336,51.333333333333336
4626,51.333333333333336,51.333333333333336
4627,51.333333333333336,51.333333333333336
4628,51.333333333333336,51.333333333333336
4629,51.333333333333336,51.333333333333336
4630,51.333333333333336,51.333333333333336
4631,51.333333333333336,51.333333333333336
4632,51.333333333333336,51.333333333333336
4633,51.333333333333336,51.333333333333336
4634,51.333333333333336,51.333333333333336
4635,51.333333333333336,51.333333333333336
4636,51.333333333333336,51.333333333333336
4637,51.333333333333336,51.333333333333336
4638,51.333333333333336,51.333333333333336
4639,51.333333333333336,51.333333333333336
4640,51.333333333333336,51.333333333333336
4641,51.333333333333336,51.333333333333336
4642,51.333333333333336,51.333333333333336
4643,51.333333333333336,51.333333333333336
4644,51.333333333333336,51.333333333333336
4645,51.333333333333336,51.333333333333336
4646,51.333333333333336,51.333333333333336
4647,51.333333333333336,51.333333333333336
4648,51.333333333333336,51.333333333333336
4649,51.333333333333336,51.333333333333336
4650,51.333333333333336,51.333333333333336
4651,51.333333333333336,51.333333333333336
4652,51.333333333333336,51.333333333333336
4653,51.333333333333336,51.333333333333336
4654,51.333333333333336,51.333333333333336
4655,51.333333333333336,51.333333333333336
4656,51.333333333333336,51.333333333333336
4657,51.333333333333336,51.333333333333336
4658,51.333333333333336,51.333333333333336
4659,51.333333333333336,51.333333333333336
4660,51.333333333333336,51.333333333333336
4661,51.333333333333336,51.333333333333336
4662,51.333333333333336,51.333333333333336
4663,51.333333333333336,51.333333333333336
4664,51.333333333333336,51.333333333333336
4665,51.333333333333336,51.333333333333336
4666,51.333333333333336,51.333333333333336
4667,51.333333333333336,51.333333333333336
4668,51.333333333333336,51.333333333333336
4669,51.333333333333336,51.333333333333336
4670,51.333333333333336,51.333333333333336
4671,51.333333333333336,51.333333333333336
4672,51.333333333333336,51.333333333333336
4673,51.333333333333336,51.333333333333336
4674,51.333333333333336,51.333333333333336
4675,51.333333333333336,51.333333333333336
4676,51.333333333333336,51.333333333333336
4677,51.333333333333336,51.333333333333336
4678,51.333333333333336,51.333333333333336
4679,51.333333333333336,51.333333333333336
4680,51.333333333333336,51.333333333333336
4681,51.333333333333336,51.333333333333336
4682,51.333333333333336,51.333333333333336
4683,51.333333333333336,51.333333333333336
4684,51.333333333333336,51.333333333333336
4685,51.333333333333336,51.333333333333336
4686,51.333333333333336,51.333333333333336
4687,51.333333333333336,51.333333333333336
4688,51.333333333333336,51.333333333333336
4689,51.333333333333336,51.333333333333336
4690,51.333333333333336,51.333333333333336
4691,51.333333333333336,51.333333333333336
4692,51.333333333333336,51.333333333333336
4693,51.333333333333336,51.333333333333336
4694,51.333333333333336,51.333333333333336
4695,51.333333333333336,51.333333333333336
4696,51.333333333333336,51.333333333333336
4697,51.333333333333336,51.333333333333336
4698,51.333333333333336,51.333333333333336
4699,51.333333333333336,51.333333333333336
4700,51.333333333333336,51.333333333333336
4701,51.333333333333336,51.333333333333336
4702,51.333333333333336,51.333333333333336
4703,51.333333333333336,51.333333333333336
4704,51.333333333333336,51.333333333333336
4705,51.333333333333336,51.333333333333336
4706,51.333333333333336,51.333333333333336
4707,51.333333333333336,51.333333333333336
4708,51.333333333333336,51.333333333333336
4709,51.333333333333336,51.333333333333336
4710,51.333333333333336,51.333333333333336
4711,51.333333333333336,51.333333333333336
4712,51.333333333333336,51.333333333333336
4713,51.333333333333336,51.333333333333336
4714,51.333333333333336,51.333333333333336
4715,51.333333333333336,51.333333333333336
4716,51.333333333333336,51.333333333333336
4717,51.333333333333336,51.333333333333336
4718,51.333333333333336,51.333333333333336
4719,51.333333333333336,51.333333333333336
4720,51.333333333333336,51.333333333333336
4721,51.333333333333336,51.333333333333336
4722,51.333333333333336,51.333333333333336
4723,51.333333333333336,51.333333333333336
4724,51.333333333333336,51.333333333333336
4725,51.333333333333336,51.333333333333336
4726,51.333333333333336,51.333333333333336
4727,51.333333333333336,51.333333333333336
4728,51.333333333333336,51.333333333333336
4729,51.333333333333336,51.333333333333336
4730,51.333333333333336,51.333333333333336
4731,51.333333333333336,51.333333333333336
4732,51.333333333333336,51.333333333333336
4733,51.333333333333336,51.333333333333336
4734,51.333333333333336,51.333333333333336
4735,51.333333333333336,51.333333333333336
4736,51.333333333333336,51.333333333333336
4737,51.333333333333336,51.333333333333336
4738,51.333333333333336,51.333333333333336
4739,51.333333333333336,51.333333333333336
4740,51.333333333333336,51.333333333333336
4741,51.333333333333336,51.333333333333336
4742,51.333333333333336,51.333333333333336
4743,51.333333333333336,51.333333333333336
4744,51.333333333333336,51.333333333333336
4745,51.333333333333336,51.333333333333336
4746,51.333333333333336,51.333333333333336
4747,51.333333333333336,51.333333333333336
4748,51.333333333333336,51.333333333333336
4749,51.333333333333336,51.333333333333336
4750,51.333333333333336,51.333333333333336
4751,51.333333333333336,51.333333333333336
4752,51.333333333333336,51.333333333333336
4753,51.333333333333336,51.333333333333336
4754,51.333333333333336,51.333333333333336
4755,51.333333333333336,51.333333333333336
4756,51.333333333333336,51.333333333333336
4757,51.333333333333336,51.333333333333336
4758,51.333333333333336,51.333333333333336
4759,51.333333333333336,51.333333333333336
4760,51.333333333333336,51.333333333333336
4761,51.333333333333336,51.333333333333336
4762,51.333333333333336,51.333333333333336
4763,51.333333333333336,51.333333333333336
4764,51.333333333333336,51.333333333333336
4765,51.333333333333336,51.333333333333336
4766,51.333333333333336,51.333333333333336
4767,51.333333333333336,51.333333333333336
4768,51.333333333333336,51.333333333333336
4769,51.333333333333336,51.333333333333336
4770,51.333333333333336,51.333333333333336
4771,51.333333333333336,51.333333333333336
4772,51.333333333333336,51.333333333333336
4773,51.333333333333336,51.333333333333336
4774,51.333333333333336,51.333333333333336
4775,51.333333333333336,51.333333333333336
4776,51.333333333333336,51.333333333333336
4777,51.333333333333336,51.333333333333336
4778,51.333333333333336,51.333333333333336
4779,51.333333333333336,51.333333333333336
4780,51.333333333333336,51.333333333333336
4781,51.333333333333336,51.333333333333336
4782,51.333333333333336,51.333333333333336
4783,51.333333333333336,51.333333333333336
4784,51.333333333333336,51.333333333333336
4785,51.333333333333336,51.333333333333336
4786,51.333333333333336,51.333333333333336
4787,51.333333333333336,51.333333333333336
4788,51.333333333333336,51.333333333333336
4789,51.333333333333336,51.333333333333336
4790,51.333333333333336,51.333333333333336
4791,51.333333333333336,51.333333333333336
4792,51.333333333333336,51.333333333333336
4793,51.333333333333336,51.333333333333336
4794,51.333333333333336,51.333333333333336
4795,51.333333333333336,51.333333333333336
4796,51.333333333333336,51.333333333333336
4797,51.333333333333336,51.333333333333336
4798,51.333333333333336,51.333333333333336
4799,51.333333333333336,51.333333333333336
4800,51.333333333333336,51.333333333333336
4801,51.333333333333336,51.333333333333336
4802,51.333333333333336,51.333333333333336
4803,51.333333333333336,51.333333333333336
4804,51.333333333333336,51.333333333333336
4805,51.333333333333336,51.333333333333336
4806,51.333333333333336,51.333333333333336
4807,51.333333333333336,51.333333333333336
4808,51.333333333333336,51.333333333333336
4809,51.333333333333336,51.333333333333336
4810,51.333333333333336,51.333333333333336
4811,51.333333333333336,51.333333333333336
4812,51.333333333333336,51.333333333333336
4813,51.333333333333336,51.333333333333336
4814,51.333333333333336,51.333333333333336
4815,51.333333333333336,51.333333333333336
4816,51.333333333333336,51.333333333333336
4817,51.333333333333336,51.333333333333336
4818,51.333333333333336,51.333333333333336
4819,51.333333333333336,51.333333333333336
4820,51.333333333333336,51.333333333333336
4821,51.333333333333336,51.333333333333336
4822,51.333333333333336,51.333333333333336
4823,51.333333333333336,51.333333333333336
4824,51.333333333333336,51.333333333333336
4825,51.333333333333336,51.333333333333336
4826,51.333333333333336,51.333333333333336
4827,51.333333333333336,51.333333333333336
4828,51.333333333333336,51.333333333333336
4829,51.333333333333336,51.333333333333336
4830,51.333333333333336,51.333333333333336
4831,51.333333333333336,51.333333333333336
4832,51.333333333333336,51.333333333333336
4833,51.333333333333336,51.333333333333336
4834,51.333333333333336,51.333333333333336
4835,51.333333333333336,51.333333333333336
4836,51.333333333333336,51.333333333333336
4837,51.333333333333336,51.333333333333336
4838,51.333333333333336,51.333333333333336
4839,51.333333333333336,51.333333333333336
4840,51.333333333333336,51.333333333333336
4841,51.333333333333336,51.333333333333336
4842,51.333333333333336,51.333333333333336
4843,51.333333333333336,51.333333333333336
4844,51.333333333333336,51.333333333333336
4845,51.333333333333336,51.333333333333336
4846,51.333333333333336,51.333333333333336
4847,51.333333333333336,51.333333333333336
4848,51.333333333333336,51.333333333333336
4849,51.333333333333336,51.333333333333336
4850,51.333333333333336,51.333333333333336
4851,51.333333333333336,51.333333333333336
4852,51.333333333333336,51.333333333333336
4853,51.333333333333336,51.333333333333336
4854,51.333333333333336,51.333333333333336
4855,51.333333333333336,51.333333333333336
4856,51.333333333333336,51.333333333333336
4857,51.333333333333336,51.333333333333336
4858,51.333333333333336,51.333333333333336
4859,51.333333333333336,51.333333333333336
4860,51.333333333333336,51.333333333333336
4861,51.333333333333336,51.333333333333336
4862,51.333333333333336,51.333333333333336
4863,51.333333333333336,51.333333333333336
4864,51.333333333333336,51.333333333333336
4865,51.333333333333336,51.333333333333336
4866,51.333333333333336,51.333333333333336
4867,51.333333333333336,51.333333333333336
4868,51.333333333333336,51.333333333333336
4869,51.333333333333336,51.333333333333336
4870,51.333333333333336,51.333333333333336
4871,51.333333333333336,51.333333333333336
4872,51.333333333333336,51.333333333333336
4873,51.333333333333336,51.333333333333336
4874,51.333333333333336,51.333333333333336
4875,51.333333333333336,51.333333333333336
4876,51.333333333333336,51.333333333333336
4877,51.333333333333336,51.333333333333336
4878,51.333333333333336,51.333333333333336
4879,51.333333333333336,51.333333333333336
4880,51.333333333333336,51.333333333333336
4881,51.333333333333336,51.333333333333336
4882,51.333333333333336,51.333333333333336
4883,51.333333333333336,51.333333333333336
4884,51.333333333333336,51.333333333333336
4885,51.333333333333336,51.333333333333336
4886,51.333333333333336,51.333333333333336
4887,51.333333333333336,51.333333333333336
4888,51.333333333333336,51.333333333333336
4889,51.333333333333336,51.333333333333336
4890,51.333333333333336,51.333333333333336
4891,51.333333333333336,51.333333333333336
4892,51.333333333333336,51.333333333333336
4893,51.333333333333336,51.333333333333336
4894,51.333333333333336,51.333333333333336
4895,51.333333333333336,51.333333333333336
4896,51.333333333333336,51.333333333333336
4897,51.333333333333336,51.333333333333336
4898,51.333333333333336,51.333333333333336
4899,51.333333333333336,51.333333333333336
4900,51.333333333333336,51.333333333333336
4901,51.333333333333336,51.333333333333336
4902,51.333333333333336,51.333333333333336
4903,51.333333333333336,51.333333333333336
4904,51.333333333333336,51.333333333333336
4905,51.333333333333336,51.333333333333336
4906,51.333333333333336,51.333333333333336
4907,51.333333333333336,51.333333333333336
4908,51.333333333333336,51.333333333333336
4909,51.333333333333336,51.333333333333336
4910,51.333333333333336,51.333333333333336
4911,51.333333333333336,51.333333333333336
4912,51.333333333333336,51.333333333333336
4913,51.333333333333336,51.333333333333336
4914,51.333333333333336,51.333333333333336
4915,51.333333333333336,51.333333333333336
4916,51.333333333333336,51.333333333333336
4917,51.333333333333336,51.333333333333336
4918,51.333333333333336,51.333333333333336
4919,51.333333333333336,51.333333333333336
4920,51.333333333333336,51.333333333333336
4921,51.333333333333336,51.333333333333336
4922,51.333333333333336,51.333333333333336
4923,51.333333333333336,51.333333333333336
4924,51.333333333333336,51.333333333333336
4925,51.333333333333336,51.333333333333336
4926,51.333333333333336,51.333333333333336
4927,51.333333333333336,51.333333333333336
4928,51.333333333333336,51.333333333333336
4929,51.333333333333336,51.333333333333336
4930,51.333333333333336,51.333333333333336
4931,51.333333333333336,51.333333333333336
4932,51.333333333333336,51.333333333333336
4933,51.333333333333336,51.333333333333336
4934,51.333333333333336,51.333333333333336
4935,51.333333333333336,51.333333333333336
4936,51.333333333333336,51.333333333333336
4937,51.333333333333336,51.333333333333336
4938,51.333333333333336,51.333333333333336
4939,51.333333333333336,51.333333333333336
4940,51.333333333333336,51.333333333333336
4941,51.333333333333336,51.333333333333336
4942,51.333333333333336,51.333333333333336
4943,51.333333333333336,51.333333333333336
4944,51.333333333333336,51.333333333333336
4945,51.333333333333336,51.333333333333336
4946,51.333333333333336,51.333333333333336
4947,51.333333333333336,51.333333333333336
4948,51.333333333333336,51.333333333333336
4949,51.333333333333336,51.333333333333336
4950,51.333333333333336,51.333333333333336
4951,51.333333333333336,51.333333333333336
4952,51.333333333333336,51.333333333333336
4953,51.333333333333336,51.333333333333336
4954,51.333333333333336,51.333333333333336
4955,51.333333333333336,51.333333333333336
4956,51.333333333333336,51.333333333333336
4957,51.333333333333336,51.333333333333336
4958,51.333333333333336,51.333333333333336
4959,51.333333333333336,51.333333333333336
4960,51.333333333333336,51.333333333333336
4961,51.333333333333336,51.333333333333336
4962,51.333333333333336,51.333333333333336
4963,51.333333333333336,51.333333333333336
4964,51.333333333333336,51.333333333333336
4965,51.333333333333336,51.333333333333336
4966,51.333333333333336,51.333333333333336
4967,51.333333333333336,51.333333333333336
4968,51.333333333333336,51.333333333333336
4969,51.333333333333336,51.333333333333336
4970,51.333333333333336,51.333333333333336
4971,51.333333333333336,51.333333333333336
4972,51.333333333333336,51.333333333333336
4973,51.333333333333336,51.333333333333336
4974,51.333333333333336,51.333333333333336
4975,51.333333333333336,51.333333333333336
4976,51.333333333333336,51.333333333333336
4977,51.333333333333336,51.333333333333336
4978,51.333333333333336,51.333333333333336
4979,51.333333333333336,51.333333333333336
4980,51.333333333333336,51.333333333333336
4981,51.333333333333336,51.333333333333336
4982,51.333333333333336,51.333333333333336
4983,51.333333333333336,51.333333333333336
4984,51.333333333333336,51.333333333333336
4985,51.333333333333336,51.333333333333336
4986,51.333333333333336,51.333333333333336
4987,51.333333333333336,51.333333333333336
4988,51.333333333333336,51.333333333333336
4989,51.333333333333336,51.333333333333336
4990,51.333333333333336,51.333333333333336
4991,51.333333333333336,51.333333333333336
4992,51.333333333333336,51.333333333333336
4993,51.333333333333336,51.333333333333336
4994,51.333333333333336,51.333333333333336
4995,51.333333333333336,51.333333333333336
4996,51.333333333333336,51.333333333333336
4997,51.333333333333336,51.333333333333336
4998,51.333333333333336,51.333333333333336
4999,51.333333333333336,51.333333333333336
