,hsa_js,add_js
0,3.1,0.0
1,3.1,0.0
2,3.1,0.0
3,3.1,0.0
4,3.1,0.0
5,3.1,0.0
6,3.1,0.0
7,3.1,0.0
8,3.1,0.0
9,3.1,0.0
10,3.1,0.0
11,3.1,0.0
12,3.1,0.0
13,3.1,0.0
14,3.1,0.0
15,3.1,0.0
16,3.1,0.0
17,3.1,0.0
18,3.1,0.0
19,3.1,0.0
20,3.1,0.0
21,3.1,0.0
22,3.1,0.0
23,3.1,0.0
24,3.1,0.0
25,3.1,0.0
26,3.1,0.0
27,3.1,0.0
28,3.1,0.0
29,3.1,0.0
30,3.1,0.0
31,3.1,0.0
32,3.1,0.0
33,3.1,0.0
34,3.1,0.0
35,3.1,0.0
36,3.1,0.0
37,3.1,0.0
38,3.1,0.0
39,3.1,0.0
40,3.1,0.0
41,3.1,0.0
42,3.1,0.0
43,3.1,0.0
44,3.1,0.0
45,3.1,0.0
46,3.1,0.0
47,3.1,0.0
48,3.1,0.0
49,3.1,0.0
50,3.1,0.0
51,3.1,0.0
52,3.1,0.0
53,3.1,0.0
54,3.1,0.0
55,3.1,0.0
56,3.1,0.0
57,3.1,0.0
58,3.1,0.0
59,3.1,0.0
60,3.1,0.0
61,3.1,0.0
62,3.1,0.0
63,3.1,0.0
64,3.1,0.0
65,3.1,0.0
66,3.1,0.0
67,3.1,0.0
68,3.1,0.0
69,3.1,0.0
70,3.1,0.0
71,3.1,0.0
72,3.1,0.0
73,3.1,0.0
74,3.1,0.0
75,3.1,0.0
76,3.1,0.0
77,3.1,0.0
78,3.1,0.0
79,3.1,0.0
80,3.1,0.0
81,3.1,0.0
82,3.1,0.0
83,3.1,0.0
84,3.1,0.0
85,3.1,0.0
86,3.1,0.0
87,3.1,0.0
88,3.1,0.0
89,3.1,0.0
90,3.1,0.0
91,3.1,0.0
92,3.1,0.0
93,3.1,0.0
94,3.1,0.0
95,3.1,0.0
96,3.1,0.0
97,3.1,0.0
98,3.1,0.0
99,3.1,0.0
100,3.1,0.0
101,3.1,0.0
102,3.1,0.0
103,3.1,0.0
104,3.1,0.0
105,3.1,0.0
106,3.1,0.0
107,3.1,0.0
108,3.1,0.0
109,3.1,0.0
110,3.1,0.0
111,3.1,0.0
112,3.6,0.0
113,3.6,0.0
114,3.6,0.0
115,3.6,0.0
116,3.6,0.0
117,3.6,0.0
118,3.6,0.0
119,3.6,0.0
120,3.6,0.0
121,3.6,0.0
122,3.6,0.0
123,3.6,0.0
124,3.6,0.0
125,3.6,0.0
126,3.6,0.0
127,3.6,0.0
128,3.6,0.0
129,3.6,0.0
130,3.6,0.0
131,3.6,0.0
132,3.6,0.0
133,3.6,0.0
134,3.6,0.0
135,3.6,0.0
136,3.6,0.0
137,3.6,0.0
138,3.6,0.0
139,3.6,0.0
140,3.6,0.0
141,3.6,0.0
142,3.6,0.0
143,3.6,0.0
144,3.6,0.0
145,3.6,0.0
146,3.6,0.0
147,3.6,0.0
148,3.6,0.0
149,3.6,0.0
150,3.6,0.0
151,3.6,0.0
152,3.6,0.0
153,3.6,0.0
154,3.6,0.0
155,3.6,0.0
156,3.6,0.0
157,3.6,0.0
158,3.6,0.0
159,3.6,0.0
160,3.6,0.0
161,3.6,0.0
162,3.6,0.0
163,3.6,0.0
164,3.6,0.0
165,3.6,0.0
166,3.6,0.0
167,3.6,0.0
168,3.6,0.0
169,3.6,0.0
170,3.6,0.0
171,3.6,0.0
172,3.6,0.0
173,3.6,0.0
174,3.6,0.0
175,3.6,0.0
176,3.6,0.0
177,3.6,0.0
178,3.6,0.0
179,3.6,0.0
180,3.6,0.0
181,3.6,0.0
182,3.6,0.0
183,3.6,0.0
184,3.6,0.0
185,3.6,0.0
186,3.6,0.0
187,3.6,0.0
188,3.6,0.0
189,3.6,0.0
190,3.6,0.0
191,3.6,0.0
192,3.6,0.0
193,3.6,0.0
194,3.6,0.0
195,3.6,0.0
196,3.6,0.0
197,3.6,0.0
198,3.6,0.0
199,3.6,0.0
200,3.6,0.0
201,3.6,0.0
202,3.6,0.0
203,3.6,0.0
204,3.6,0.0
205,3.6,0.0
206,3.6,0.0
207,3.6,0.0
208,3.6,0.0
209,3.6,0.0
210,3.6,0.0
211,3.6,0.0
212,3.6,0.0
213,3.6,0.0
214,3.6,0.0
215,3.6,0.0
216,3.6,0.0
217,3.6,0.0
218,3.6,0.0
219,3.6,0.0
220,3.6,0.0
221,4.1000000000000005,0.0
222,4.1000000000000005,0.0
223,4.1000000000000005,0.0
224,4.1000000000000005,0.0
225,4.1000000000000005,0.0
226,4.1000000000000005,0.0
227,4.1000000000000005,0.0
228,4.1000000000000005,0.0
229,4.1000000000000005,0.0
230,4.1000000000000005,0.0
231,4.1000000000000005,0.0
232,4.1000000000000005,0.0
233,4.1000000000000005,0.0
234,4.3,0.0
235,4.3,0.0
236,4.3,0.0
237,4.3,0.0
238,4.3,0.0
239,4.3,0.0
240,4.3,0.0
241,4.3,0.0
242,4.3,0.0
243,4.3,0.0
244,4.3,0.0
245,4.3,0.0
246,4.3,0.0
247,4.3,0.0
248,4.3,0.0
249,4.3,0.0
250,4.3,0.0
251,4.3,0.0
252,4.3,0.0
253,4.3,0.0
254,4.3,0.0
255,4.3,0.0
256,4.3,0.0
257,4.3,0.0
258,4.3,0.0
259,4.3,0.0
260,4.3,0.0
261,4.3,0.0
262,4.3,0.0
263,4.3,0.0
264,4.3,0.0
265,4.3,0.0
266,4.3,0.0
267,4.3,0.0
268,4.3,0.0
269,4.3,0.0
270,4.3,0.0
271,4.3,0.0
272,4.3,0.0
273,4.3,0.0
274,4.3,0.0
275,4.3,0.0
276,4.3,0.0
277,4.3,0.0
278,4.3,0.0
279,4.3,0.0
280,4.3,0.0
281,4.3,0.0
282,4.3,0.0
283,4.3,0.0
284,4.3,0.0
285,4.3,0.0
286,4.3,0.0
287,4.3,0.0
288,4.3,0.0
289,4.3,0.0
290,4.3,0.0
291,4.3,0.0
292,4.3,0.0
293,4.3,0.0
294,4.3,0.0
295,4.3,0.0
296,4.3,0.0
297,4.3,0.0
298,4.3,0.0
299,4.3,0.0
300,4.3,0.0
301,4.3,0.0
302,4.3,0.0
303,4.3,0.0
304,4.3,0.0
305,4.3,0.0
306,4.3,0.0
307,4.3,0.0
308,4.3,0.0
309,4.3,0.0
310,4.3,0.0
311,4.3,0.0
312,4.3,0.0
313,4.5,0.0
314,4.5,0.0
315,4.5,0.0
316,4.5,0.0
317,4.5,0.0
318,4.5,0.0
319,4.5,0.0
320,4.5,0.0
321,4.5,0.0
322,4.5,0.0
323,4.5,0.0
324,4.5,0.0
325,4.5,0.0
326,4.5,0.0
327,4.5,0.0
328,4.5,0.0
329,4.5,0.0
330,4.5,0.0
331,4.5,0.0
332,4.5,0.0
333,4.5,0.0
334,4.5,0.0
335,4.5,0.0
336,4.5,0.0
337,4.5,0.0
338,4.5,0.0
339,4.5,0.0
340,4.5,0.0
341,4.5,0.0
342,4.5,0.0
343,4.5,0.0
344,4.5,0.0
345,4.5,0.0
346,4.5,0.0
347,4.5,0.0
348,4.5,0.0
349,4.5,0.0
350,4.5,0.0
351,4.5,0.0
352,4.5,0.0
353,4.5,0.0
354,4.5,0.0
355,4.5,0.0
356,4.5,0.0
357,4.5,0.0
358,4.5,0.0
359,4.5,0.0
360,4.5,0.0
361,4.5,0.0
362,4.5,0.0
363,4.5,0.0
364,4.5,0.0
365,4.5,0.0
366,4.5,0.0
367,4.5,0.0
368,4.5,0.0
369,4.5,0.0
370,4.5,0.0
371,4.5,0.0
372,4.5,0.0
373,4.5,0.0
374,4.5,0.0
375,4.5,0.0
376,4.5,0.0
377,4.5,0.0
378,4.5,0.0
379,4.5,0.0
380,4.5,0.0
381,4.5,0.0
382,4.5,0.0
383,4.5,0.0
384,4.5,0.0
385,4.5,0.0
386,4.5,0.0
387,4.5,0.0
388,4.5,0.0
389,4.5,0.0
390,4.5,0.0
391,4.5,0.0
392,4.5,0.0
393,4.5,0.0
394,4.5,0.0
395,4.5,0.0
396,4.5,0.0
397,5.0,0.0
398,5.0,0.0
399,5.0,0.0
400,5.0,0.0
401,5.0,0.0
402,5.0,0.0
403,5.0,0.0
404,5.0,0.0
405,5.0,0.0
406,5.0,0.0
407,5.0,0.0
408,5.0,0.0
409,5.0,0.0
410,5.0,0.0
411,5.0,0.0
412,5.0,0.0
413,5.0,0.0
414,5.0,0.0
415,5.0,0.0
416,5.0,0.0
417,5.0,0.0
418,5.0,0.0
419,5.0,0.0
420,5.0,0.0
421,5.0,0.0
422,5.0,0.0
423,5.0,0.0
424,5.0,0.0
425,5.0,0.0
426,5.0,0.0
427,5.0,0.0
428,5.0,0.0
429,5.0,0.0
430,5.0,0.0
431,5.0,0.0
432,5.0,0.0
433,5.0,0.0
434,5.0,0.0
435,5.0,0.0
436,5.0,0.0
437,5.7,0.0
438,5.7,0.0
439,5.7,0.0
440,5.7,0.0
441,5.7,0.0
442,5.7,0.0
443,5.7,0.0
444,5.7,0.0
445,5.7,0.0
446,5.7,0.0
447,5.7,0.0
448,5.7,0.0
449,5.7,0.0
450,5.7,0.0
451,5.7,0.0
452,5.7,0.0
453,5.7,0.0
454,5.7,0.0
455,5.7,0.0
456,5.7,0.0
457,5.7,0.0
458,5.7,0.0
459,5.7,0.0
460,5.7,0.0
461,5.7,0.0
462,5.7,0.0
463,5.7,0.0
464,5.7,0.0
465,5.7,0.0
466,5.7,0.0
467,5.7,0.0
468,5.7,0.0
469,5.7,0.0
470,5.7,0.0
471,5.7,0.0
472,5.7,0.0
473,5.7,0.0
474,5.7,0.0
475,5.7,0.0
476,5.7,0.0
477,5.7,0.0
478,5.7,0.0
479,5.7,0.0
480,5.7,0.0
481,5.7,0.0
482,5.7,0.0
483,5.7,0.0
484,5.7,0.0
485,5.7,0.0
486,5.7,0.0
487,5.7,0.0
488,5.7,0.0
489,5.7,0.0
490,5.7,0.0
491,5.7,0.0
492,5.7,0.0
493,5.7,0.0
494,5.7,0.0
495,5.7,0.0
496,5.7,0.0
497,5.7,0.0
498,5.7,0.0
499,5.7,0.0
500,5.7,0.0
501,5.7,0.0
502,5.7,0.0
503,5.7,0.0
504,5.7,0.0
505,5.7,0.0
506,5.7,0.0
507,5.7,0.0
508,5.7,0.0
509,5.7,0.0
510,5.7,0.0
511,5.7,0.0
512,5.7,0.0
513,5.7,0.0
514,5.7,0.0
515,5.7,0.0
516,6.2,0.0
517,6.2,0.0
518,6.2,0.0
519,6.2,0.0
520,6.2,0.0
521,6.2,0.0
522,6.2,0.0
523,6.2,0.0
524,6.2,0.0
525,6.2,0.0
526,6.2,0.0
527,6.2,0.0
528,6.2,0.0
529,6.2,0.0
530,6.2,0.0
531,6.2,0.0
532,6.2,0.0
533,6.2,0.0
534,6.2,0.0
535,6.2,0.0
536,6.2,0.0
537,6.2,0.0
538,6.2,0.0
539,6.2,0.0
540,6.2,0.0
541,6.2,0.0
542,6.2,0.0
543,6.2,0.0
544,6.2,0.0
545,6.2,0.0
546,6.2,0.0
547,6.2,0.0
548,6.2,0.0
549,6.2,0.0
550,6.2,0.0
551,6.2,0.0
552,6.2,0.0
553,6.2,0.0
554,6.2,0.0
555,6.2,0.0
556,6.2,0.0
557,6.2,0.0
558,6.2,0.0
559,6.2,0.0
560,6.2,0.0
561,6.2,0.0
562,6.2,0.0
563,6.2,0.0
564,6.2,0.0
565,6.2,0.0
566,6.2,0.0
567,6.2,0.0
568,6.2,0.0
569,6.2,0.0
570,6.7,0.0
571,6.7,0.0
572,6.7,0.0
573,6.7,0.0
574,6.7,0.0
575,6.7,0.0
576,6.7,0.0
577,6.7,0.0
578,6.7,0.0
579,6.7,0.0
580,6.7,0.0
581,6.7,0.0
582,6.7,0.0
583,6.7,0.0
584,6.7,0.0
585,6.7,0.0
586,6.7,0.0
587,6.7,0.0
588,6.7,0.0
589,6.7,0.0
590,6.7,0.0
591,6.7,0.0
592,6.7,0.0
593,6.7,0.0
594,6.7,0.0
595,6.7,0.0
596,6.7,0.0
597,6.7,0.0
598,6.7,0.0
599,6.7,0.0
600,7.800000000000001,0.0
601,7.800000000000001,0.0
602,7.800000000000001,0.0
603,7.800000000000001,0.0
604,7.800000000000001,0.0
605,7.800000000000001,0.0
606,7.800000000000001,0.0
607,7.800000000000001,0.0
608,7.800000000000001,0.0
609,7.800000000000001,0.0
610,7.800000000000001,0.0
611,7.800000000000001,0.0
612,7.800000000000001,0.0
613,7.800000000000001,0.0
614,7.800000000000001,0.0
615,7.800000000000001,0.0
616,7.800000000000001,0.0
617,7.800000000000001,0.0
618,7.800000000000001,0.0
619,7.800000000000001,0.0
620,7.800000000000001,0.0
621,7.800000000000001,0.0
622,7.800000000000001,0.0
623,7.800000000000001,0.0
624,7.800000000000001,0.0
625,7.800000000000001,0.0
626,7.800000000000001,0.0
627,7.800000000000001,0.0
628,7.800000000000001,0.0
629,7.800000000000001,0.0
630,7.800000000000001,0.0
631,7.800000000000001,0.0
632,7.800000000000001,0.0
633,7.800000000000001,0.0
634,7.800000000000001,0.0
635,7.800000000000001,0.0
636,7.800000000000001,0.0
637,7.800000000000001,0.0
638,7.800000000000001,0.0
639,7.800000000000001,0.0
640,7.800000000000001,0.0
641,7.800000000000001,0.0
642,7.800000000000001,0.0
643,7.800000000000001,0.0
644,7.800000000000001,0.0
645,7.800000000000001,0.0
646,7.800000000000001,0.0
647,7.800000000000001,0.0
648,7.800000000000001,0.0
649,7.800000000000001,0.0
650,9.9,0.0
651,9.9,0.0
652,9.9,0.0
653,9.9,0.0
654,9.9,0.0
655,9.9,0.0
656,9.9,0.0
657,9.9,0.0
658,9.9,0.0
659,9.9,0.0
660,9.9,0.0
661,9.9,0.0
662,9.9,0.0
663,9.9,0.0
664,9.9,0.0
665,9.9,0.0
666,9.9,0.0
667,9.9,0.0
668,9.9,0.0
669,9.9,0.0
670,9.9,0.0
671,9.9,0.0
672,9.9,0.0
673,9.9,0.0
674,9.9,0.0
675,9.9,0.0
676,9.9,0.0
677,9.9,0.0
678,9.9,0.0
679,9.9,0.0
680,9.9,0.0
681,9.9,0.0
682,9.9,0.0
683,9.9,0.0
684,9.9,0.0
685,9.9,0.0
686,9.9,0.0
687,9.9,0.0
688,9.9,0.0
689,9.9,0.0
690,9.9,0.0
691,9.9,0.0
692,9.9,0.0
693,9.9,0.0
694,9.9,0.0
695,9.9,0.0
696,9.9,0.0
697,9.9,0.0
698,9.9,0.0
699,9.9,0.0
700,9.9,0.0
701,9.9,0.0
702,9.9,0.0
703,9.9,0.0
704,9.9,0.0
705,9.9,0.0
706,9.9,0.0
707,9.9,0.0
708,9.9,0.0
709,9.9,0.0
710,9.9,0.0
711,9.9,0.0
712,9.9,0.0
713,9.9,0.0
714,9.9,0.0
715,9.9,0.0
716,9.9,0.0
717,9.9,0.0
718,9.9,0.0
719,9.9,0.0
720,9.9,0.0
721,9.9,0.0
722,9.9,0.0
723,9.9,0.0
724,9.9,0.0
725,9.9,0.0
726,9.9,0.0
727,9.9,0.0
728,9.9,0.0
729,9.9,0.0
730,9.9,0.0
731,9.9,0.0
732,9.9,0.0
733,9.9,0.0
734,9.9,0.0
735,9.9,0.0
736,9.9,0.0
737,9.9,0.0
738,9.9,0.0
739,9.9,0.0
740,9.9,0.0
741,9.9,0.0
742,9.9,0.0
743,9.9,0.0
744,9.9,0.0
745,9.9,0.0
746,9.9,0.0
747,9.9,0.0
748,9.9,0.0
749,9.9,0.0
750,9.9,0.0
751,9.9,0.0
752,9.9,0.0
753,9.9,0.0
754,9.9,0.0
755,9.9,0.0
756,9.9,0.0
757,9.9,0.0
758,9.9,0.0
759,9.9,0.0
760,9.9,0.0
761,9.9,0.0
762,9.9,0.0
763,9.9,0.0
764,9.9,0.0
765,9.9,0.0
766,9.9,0.0
767,9.9,0.0
768,9.9,0.0
769,9.9,0.0
770,9.9,0.0
771,9.9,0.0
772,9.9,0.0
773,9.9,0.0
774,9.9,0.0
775,9.9,0.0
776,9.9,0.0
777,9.9,0.0
778,9.9,0.0
779,9.9,0.0
780,9.9,0.0
781,9.9,0.0
782,9.9,0.0
783,9.9,0.0
784,9.9,0.0
785,9.9,0.0
786,9.9,0.0
787,9.9,0.0
788,9.9,0.0
789,9.9,0.0
790,10.3,0.0
791,10.3,0.0
792,10.3,0.0
793,10.3,0.0
794,10.3,0.0
795,10.3,0.0
796,10.3,0.0
797,10.3,0.0
798,10.3,0.0
799,10.3,0.0
800,10.3,0.0
801,10.3,0.0
802,10.3,0.0
803,10.3,0.0
804,10.3,0.0
805,10.3,0.0
806,10.3,0.0
807,10.3,0.0
808,10.3,0.0
809,10.3,0.0
810,10.3,0.0
811,10.3,0.0
812,10.3,0.0
813,10.3,0.0
814,10.3,0.0
815,10.3,0.0
816,10.3,0.0
817,10.3,0.0
818,10.3,0.0
819,10.3,0.0
820,10.3,0.0
821,10.3,0.0
822,10.3,0.0
823,10.3,0.0
824,10.3,0.0
825,10.3,0.0
826,10.3,0.0
827,10.3,0.0
828,10.3,0.0
829,10.3,0.0
830,10.3,0.0
831,10.3,0.0
832,10.3,0.0
833,10.3,0.0
834,10.3,0.0
835,10.3,0.0
836,10.600000000000001,0.0
837,10.600000000000001,0.0
838,10.600000000000001,0.0
839,10.600000000000001,0.0
840,10.600000000000001,0.0
841,10.600000000000001,0.0
842,10.600000000000001,0.0
843,10.600000000000001,0.0
844,10.600000000000001,0.0
845,10.600000000000001,0.0
846,10.600000000000001,0.0
847,10.600000000000001,0.0
848,10.600000000000001,0.0
849,10.600000000000001,0.0
850,10.600000000000001,0.0
851,10.600000000000001,0.0
852,10.600000000000001,0.0
853,10.600000000000001,0.0
854,10.600000000000001,0.0
855,10.600000000000001,0.0
856,10.600000000000001,0.0
857,10.600000000000001,0.0
858,10.600000000000001,0.0
859,10.600000000000001,0.0
860,10.600000000000001,0.0
861,10.600000000000001,0.0
862,10.600000000000001,0.0
863,10.600000000000001,0.0
864,10.600000000000001,0.0
865,10.600000000000001,0.0
866,10.600000000000001,0.0
867,10.600000000000001,0.0
868,10.600000000000001,0.0
869,10.600000000000001,0.0
870,10.600000000000001,0.0
871,10.600000000000001,0.0
872,10.600000000000001,0.0
873,10.600000000000001,0.0
874,10.600000000000001,0.0
875,10.600000000000001,0.0
876,10.600000000000001,0.0
877,10.600000000000001,0.0
878,10.600000000000001,0.0
879,10.600000000000001,0.0
880,10.600000000000001,0.0
881,10.600000000000001,0.0
882,10.600000000000001,0.0
883,10.600000000000001,0.0
884,10.600000000000001,0.0
885,10.600000000000001,0.0
886,10.600000000000001,0.0
887,10.600000000000001,0.0
888,10.600000000000001,0.0
889,10.600000000000001,0.0
890,10.600000000000001,0.0
891,10.600000000000001,0.0
892,10.600000000000001,0.0
893,10.600000000000001,0.0
894,10.600000000000001,0.0
895,10.600000000000001,0.0
896,10.600000000000001,0.0
897,10.600000000000001,0.0
898,10.600000000000001,0.0
899,10.600000000000001,0.0
900,10.600000000000001,0.0
901,10.600000000000001,0.0
902,10.600000000000001,0.0
903,10.600000000000001,0.0
904,10.600000000000001,0.0
905,10.600000000000001,0.0
906,10.600000000000001,0.0
907,10.600000000000001,0.0
908,10.600000000000001,0.0
909,10.600000000000001,0.0
910,10.600000000000001,0.0
911,10.600000000000001,0.0
912,10.600000000000001,0.0
913,10.600000000000001,0.0
914,10.600000000000001,0.0
915,10.600000000000001,0.0
916,10.600000000000001,0.0
917,10.600000000000001,0.0
918,10.600000000000001,0.0
919,10.600000000000001,0.0
920,10.600000000000001,0.0
921,10.600000000000001,0.0
922,10.600000000000001,0.0
923,10.600000000000001,0.0
924,10.600000000000001,0.0
925,10.600000000000001,0.0
926,11.700000000000001,0.0
927,11.700000000000001,0.0
928,11.700000000000001,0.0
929,11.700000000000001,0.0
930,11.700000000000001,0.0
931,11.700000000000001,0.0
932,11.700000000000001,0.0
933,11.700000000000001,0.0
934,11.700000000000001,0.0
935,11.700000000000001,0.0
936,11.700000000000001,0.0
937,11.700000000000001,0.0
938,11.700000000000001,0.0
939,11.700000000000001,0.0
940,11.700000000000001,0.0
941,11.700000000000001,0.0
942,11.700000000000001,0.0
943,11.700000000000001,0.0
944,11.700000000000001,0.0
945,11.700000000000001,0.0
946,11.700000000000001,0.0
947,11.700000000000001,0.0
948,11.700000000000001,0.0
949,11.700000000000001,0.0
950,11.700000000000001,0.0
951,11.700000000000001,0.0
952,11.700000000000001,0.0
953,11.700000000000001,0.0
954,11.700000000000001,0.0
955,11.700000000000001,0.0
956,11.700000000000001,0.0
957,11.700000000000001,0.0
958,11.700000000000001,0.0
959,11.700000000000001,0.0
960,11.700000000000001,0.0
961,11.700000000000001,0.0
962,11.700000000000001,0.0
963,11.700000000000001,0.0
964,11.700000000000001,0.0
965,11.700000000000001,0.0
966,11.700000000000001,0.0
967,11.700000000000001,0.0
968,11.700000000000001,0.0
969,11.700000000000001,0.0
970,11.700000000000001,0.0
971,11.700000000000001,0.0
972,11.700000000000001,0.0
973,11.700000000000001,0.0
974,11.700000000000001,0.0
975,11.700000000000001,0.0
976,12.0,0.0
977,12.0,0.0
978,12.0,0.0
979,12.0,0.0
980,12.0,0.0
981,12.0,0.0
982,12.0,0.0
983,12.0,0.0
984,12.0,0.0
985,12.0,0.0
986,12.0,0.0
987,12.0,0.0
988,12.0,0.0
989,12.0,0.0
990,12.0,0.0
991,12.0,0.0
992,12.0,0.0
993,12.0,0.0
994,12.0,0.0
995,12.0,0.0
996,12.0,0.0
997,12.0,0.0
998,12.0,0.0
999,12.0,0.0
1000,12.0,0.0
1001,12.0,0.0
1002,12.0,0.0
1003,12.0,0.0
1004,12.0,0.0
1005,12.0,0.0
1006,12.0,0.0
1007,12.0,0.0
1008,12.0,0.0
1009,12.0,0.0
1010,12.0,0.0
1011,12.0,0.0
1012,12.0,0.0
1013,12.0,0.0
1014,12.0,0.0
1015,12.0,0.0
1016,12.0,0.0
1017,12.0,0.0
1018,12.0,0.0
1019,12.0,0.0
1020,12.0,0.0
1021,12.0,0.0
1022,12.0,0.0
1023,12.0,0.0
1024,12.0,0.0
1025,12.0,0.0
1026,12.0,0.0
1027,12.0,0.0
1028,12.0,0.0
1029,12.0,0.0
1030,12.0,0.0
1031,12.0,0.0
1032,12.0,0.0
1033,12.0,0.0
1034,12.0,0.0
1035,12.0,0.0
1036,12.0,0.0
1037,12.0,0.0
1038,12.0,0.0
1039,12.0,0.0
1040,12.0,0.0
1041,12.0,0.0
1042,12.5,0.0
1043,12.5,0.0
1044,12.5,0.0
1045,12.5,0.0
1046,12.5,0.0
1047,12.5,0.0
1048,12.5,0.0
1049,12.5,0.0
1050,12.5,0.0
1051,12.5,0.0
1052,12.5,0.0
1053,12.5,0.0
1054,12.5,0.0
1055,12.5,0.0
1056,12.5,0.0
1057,12.5,0.0
1058,12.5,0.0
1059,12.5,0.0
1060,12.5,0.0
1061,12.5,0.0
1062,12.5,0.0
1063,12.5,0.0
1064,12.5,0.0
1065,12.5,0.0
1066,12.5,0.0
1067,12.5,0.0
1068,12.5,0.0
1069,12.5,0.0
1070,12.5,0.0
1071,12.5,0.0
1072,12.5,0.0
1073,12.5,0.0
1074,12.5,0.0
1075,12.5,0.0
1076,12.5,0.0
1077,12.5,0.0
1078,12.5,0.0
1079,12.5,0.0
1080,12.5,0.0
1081,12.5,0.0
1082,12.5,0.0
1083,12.5,0.0
1084,12.5,0.0
1085,12.5,0.0
1086,12.5,0.0
1087,12.5,0.0
1088,12.5,0.0
1089,12.5,0.0
1090,12.5,0.0
1091,12.5,0.0
1092,12.5,0.0
1093,12.5,0.0
1094,12.5,0.0
1095,12.5,0.0
1096,12.5,0.0
1097,12.5,0.0
1098,12.5,0.0
1099,12.5,0.0
1100,14.0,0.0
1101,14.0,0.0
1102,14.0,0.0
1103,14.0,0.0
1104,14.0,0.0
1105,14.0,0.0
1106,14.0,0.0
1107,14.0,0.0
1108,14.0,0.0
1109,14.0,0.0
1110,14.0,0.0
1111,14.0,0.0
1112,14.0,0.0
1113,14.0,0.0
1114,14.0,0.0
1115,14.0,0.0
1116,14.0,0.0
1117,14.0,0.0
1118,14.0,0.0
1119,14.0,0.0
1120,14.0,0.0
1121,14.0,0.0
1122,14.0,0.0
1123,14.0,0.0
1124,14.0,0.0
1125,14.0,0.0
1126,14.0,0.0
1127,14.0,0.0
1128,14.0,0.0
1129,14.0,0.0
1130,14.0,0.0
1131,14.0,0.0
1132,14.0,0.0
1133,14.0,0.0
1134,14.0,0.0
1135,14.0,0.0
1136,14.0,0.0
1137,14.0,0.0
1138,14.0,0.0
1139,14.0,0.0
1140,14.0,0.0
1141,14.0,0.0
1142,14.0,0.0
1143,14.0,0.0
1144,14.0,0.0
1145,14.0,0.0
1146,14.0,0.0
1147,14.0,0.0
1148,14.0,0.0
1149,14.0,0.0
1150,14.0,0.0
1151,14.0,0.0
1152,14.5,0.0
1153,14.5,0.0
1154,14.5,0.0
1155,14.5,0.0
1156,14.5,0.0
1157,14.5,0.0
1158,14.5,0.0
1159,14.5,0.0
1160,14.5,0.0
1161,14.5,0.0
1162,14.5,0.0
1163,14.5,0.0
1164,14.5,0.0
1165,14.5,0.0
1166,14.5,0.0
1167,14.5,0.0
1168,14.5,0.0
1169,14.5,0.0
1170,14.5,0.0
1171,14.5,0.0
1172,14.5,0.0
1173,14.5,0.0
1174,14.5,0.0
1175,14.5,0.0
1176,14.5,0.0
1177,14.5,0.0
1178,14.5,0.0
1179,14.5,0.0
1180,14.5,0.0
1181,14.5,0.0
1182,14.5,0.0
1183,14.5,0.0
1184,14.5,0.0
1185,14.5,0.0
1186,14.5,0.0
1187,14.5,0.0
1188,14.5,0.0
1189,14.5,0.0
1190,14.5,0.0
1191,14.5,0.0
1192,14.5,0.0
1193,14.5,0.0
1194,14.5,0.0
1195,14.5,0.0
1196,14.5,0.0
1197,14.5,0.0
1198,14.5,0.0
1199,14.5,0.0
1200,14.5,0.0
1201,14.5,0.0
1202,14.5,0.0
1203,14.5,0.0
1204,14.5,0.0
1205,14.5,0.0
1206,14.5,0.0
1207,14.5,0.0
1208,14.5,0.0
1209,14.5,0.0
1210,14.5,0.0
1211,14.5,0.0
1212,14.5,0.0
1213,14.5,0.0
1214,14.5,0.0
1215,14.5,0.0
1216,14.5,0.0
1217,14.5,0.0
1218,14.5,0.0
1219,14.5,0.0
1220,14.5,0.0
1221,14.5,0.0
1222,14.5,0.0
1223,14.5,0.0
1224,14.5,0.0
1225,14.5,0.0
1226,14.5,0.0
1227,14.5,0.0
1228,14.5,0.0
1229,14.5,0.0
1230,14.5,0.0
1231,14.5,0.0
1232,14.5,0.0
1233,14.5,0.0
1234,14.5,0.0
1235,14.5,0.0
1236,14.5,0.0
1237,14.5,0.0
1238,14.5,0.0
1239,14.5,0.0
1240,14.5,0.0
1241,14.5,0.0
1242,14.5,0.0
1243,14.5,0.0
1244,14.5,0.0
1245,14.5,0.0
1246,14.5,0.0
1247,14.5,0.0
1248,14.5,0.0
1249,14.5,0.0
1250,14.5,0.0
1251,16.1,0.0
1252,16.1,0.0
1253,16.1,0.0
1254,16.1,0.0
1255,16.1,0.0
1256,16.1,0.0
1257,16.1,0.0
1258,16.1,0.0
1259,16.1,0.0
1260,16.1,0.0
1261,16.1,0.0
1262,16.1,0.0
1263,16.1,0.0
1264,16.1,0.0
1265,16.1,0.0
1266,16.1,0.0
1267,16.1,0.0
1268,16.1,0.0
1269,16.1,0.0
1270,16.1,0.0
1271,16.1,0.0
1272,16.1,0.0
1273,16.1,0.0
1274,16.1,0.0
1275,16.1,0.0
1276,16.1,0.0
1277,16.1,0.0
1278,16.1,0.0
1279,16.1,0.0
1280,16.1,0.0
1281,16.1,0.0
1282,16.1,0.0
1283,16.1,0.0
1284,16.1,0.0
1285,16.1,0.0
1286,16.1,0.0
1287,16.1,0.0
1288,16.1,0.0
1289,16.1,0.0
1290,16.1,0.0
1291,16.1,0.0
1292,16.1,0.0
1293,16.1,0.0
1294,16.1,0.0
1295,16.1,0.0
1296,16.1,0.0
1297,16.1,0.0
1298,16.1,0.0
1299,16.1,0.0
1300,16.1,0.0
1301,16.1,0.0
1302,16.1,0.0
1303,16.1,0.0
1304,16.1,0.0
1305,16.1,0.0
1306,16.1,0.0
1307,16.1,0.0
1308,16.1,0.0
1309,16.1,0.0
1310,16.1,0.0
1311,16.1,0.0
1312,16.1,0.0
1313,16.1,0.0
1314,16.1,0.0
1315,16.1,0.0
1316,16.1,0.0
1317,16.1,0.0
1318,16.1,0.0
1319,16.1,0.0
1320,16.1,0.0
1321,16.1,0.0
1322,16.1,0.0
1323,16.1,0.0
1324,16.1,0.0
1325,16.1,0.0
1326,16.1,0.0
1327,16.1,0.0
1328,16.1,0.0
1329,16.1,0.0
1330,16.1,0.0
1331,16.1,0.0
1332,16.1,0.0
1333,16.1,0.0
1334,16.1,0.0
1335,16.1,0.0
1336,16.1,0.0
1337,16.1,0.0
1338,16.1,0.0
1339,16.1,0.0
1340,16.1,0.0
1341,16.1,0.0
1342,16.1,0.0
1343,16.1,0.0
1344,16.1,0.0
1345,16.1,0.0
1346,16.1,0.0
1347,16.1,0.0
1348,16.1,0.0
1349,16.1,0.0
1350,16.1,0.0
1351,16.1,0.0
1352,16.1,0.0
1353,16.1,0.0
1354,16.5,0.0
1355,16.5,0.0
1356,16.5,0.0
1357,16.5,0.0
1358,16.5,0.0
1359,16.5,0.0
1360,16.5,0.0
1361,16.5,0.0
1362,16.5,0.0
1363,16.5,0.0
1364,16.5,0.0
1365,16.5,0.0
1366,16.5,0.0
1367,16.5,0.0
1368,16.5,0.0
1369,16.5,0.0
1370,16.5,0.0
1371,16.5,0.0
1372,16.5,0.0
1373,16.5,0.0
1374,16.5,0.0
1375,16.5,0.0
1376,16.5,0.0
1377,16.5,0.0
1378,16.5,0.0
1379,16.5,0.0
1380,16.5,0.0
1381,16.5,0.0
1382,16.5,0.0
1383,16.5,0.0
1384,16.5,0.0
1385,16.5,0.0
1386,16.5,0.0
1387,16.5,0.0
1388,16.5,0.0
1389,16.5,0.0
1390,16.5,0.0
1391,16.5,0.0
1392,16.5,0.0
1393,16.5,0.0
1394,16.5,0.0
1395,16.5,0.0
1396,16.5,0.0
1397,16.5,0.0
1398,16.5,0.0
1399,16.5,0.0
1400,16.5,0.0
1401,16.5,0.0
1402,16.5,0.0
1403,16.5,0.0
1404,16.5,0.0
1405,16.5,0.0
1406,16.5,0.0
1407,16.5,0.0
1408,16.5,0.0
1409,16.5,0.0
1410,16.5,0.0
1411,16.5,0.0
1412,16.5,0.0
1413,16.5,0.0
1414,16.5,0.0
1415,16.5,0.0
1416,16.5,0.0
1417,16.5,0.0
1418,16.5,0.0
1419,16.5,0.0
1420,16.5,0.0
1421,16.5,0.0
1422,16.5,0.0
1423,16.5,0.0
1424,16.5,0.0
1425,18.0,0.0
1426,18.0,0.0
1427,18.0,0.0
1428,18.0,0.0
1429,18.0,0.0
1430,18.0,0.0
1431,18.0,0.0
1432,18.0,0.0
1433,18.0,0.0
1434,18.0,0.0
1435,18.0,0.0
1436,18.0,0.0
1437,18.0,0.0
1438,18.0,0.0
1439,18.0,0.0
1440,18.0,0.0
1441,18.0,0.0
1442,18.0,0.0
1443,18.0,0.0
1444,18.0,0.0
1445,18.0,0.0
1446,18.0,0.0
1447,18.0,0.0
1448,18.0,0.0
1449,18.0,0.0
1450,18.0,0.0
1451,18.0,0.0
1452,18.0,0.0
1453,18.0,0.0
1454,18.0,0.0
1455,18.0,0.0
1456,18.0,0.0
1457,18.0,0.0
1458,18.0,0.0
1459,18.0,0.0
1460,18.0,0.0
1461,18.0,0.0
1462,18.0,0.0
1463,18.0,0.0
1464,18.0,0.0
1465,18.0,0.0
1466,18.0,0.0
1467,18.0,0.0
1468,18.0,0.0
1469,18.0,0.0
1470,18.0,0.0
1471,18.0,0.0
1472,18.0,0.0
1473,18.0,0.0
1474,18.0,0.0
1475,18.0,0.0
1476,18.0,0.0
1477,18.0,0.0
1478,18.0,0.0
1479,18.0,0.0
1480,18.0,0.0
1481,18.0,0.0
1482,18.0,0.0
1483,18.0,0.0
1484,18.0,0.0
1485,18.0,0.0
1486,18.0,0.0
1487,18.0,0.0
1488,18.0,0.0
1489,18.0,0.0
1490,18.0,0.0
1491,18.0,0.0
1492,18.0,0.0
1493,18.0,0.0
1494,18.0,0.0
1495,18.0,0.0
1496,18.0,0.0
1497,18.0,0.0
1498,18.0,0.0
1499,18.0,0.0
1500,18.0,0.0
1501,18.0,0.0
1502,18.0,0.0
1503,18.0,0.0
1504,18.0,0.0
1505,18.0,0.0
1506,18.0,0.0
1507,18.0,0.0
1508,18.0,0.0
1509,18.0,0.0
1510,18.0,0.0
1511,18.0,0.0
1512,18.3,0.0
1513,18.3,0.0
1514,18.3,0.0
1515,18.3,0.0
1516,18.3,0.0
1517,18.3,0.0
1518,18.3,0.0
1519,18.3,0.0
1520,18.3,0.0
1521,18.3,0.0
1522,18.3,0.0
1523,18.3,0.0
1524,18.3,0.0
1525,18.3,0.0
1526,18.3,0.0
1527,18.3,0.0
1528,18.3,0.0
1529,18.3,0.0
1530,18.3,0.0
1531,18.3,0.0
1532,18.3,0.0
1533,18.3,0.0
1534,18.3,0.0
1535,18.3,0.0
1536,18.3,0.0
1537,18.3,0.0
1538,18.3,0.0
1539,18.3,0.0
1540,18.3,0.0
1541,18.3,0.0
1542,18.3,0.0
1543,18.3,0.0
1544,18.3,0.0
1545,18.3,0.0
1546,18.3,0.0
1547,18.3,0.0
1548,18.3,0.0
1549,18.3,0.0
1550,18.3,0.0
1551,18.3,0.0
1552,18.3,0.0
1553,18.3,0.0
1554,18.3,0.0
1555,18.3,0.0
1556,18.3,0.0
1557,18.3,0.0
1558,18.3,0.0
1559,18.3,0.0
1560,18.3,0.0
1561,18.3,0.0
1562,18.3,0.0
1563,18.3,0.0
1564,18.3,0.0
1565,18.3,0.0
1566,18.3,0.0
1567,18.3,0.0
1568,18.3,0.0
1569,18.3,0.0
1570,18.3,0.0
1571,18.3,0.0
1572,18.3,0.0
1573,18.3,0.0
1574,18.3,0.0
1575,18.3,0.0
1576,18.3,0.0
1577,18.3,0.0
1578,18.3,0.0
1579,18.3,0.0
1580,18.3,0.0
1581,18.3,0.0
1582,18.3,0.0
1583,18.3,0.0
1584,18.3,0.0
1585,18.3,0.0
1586,18.3,0.0
1587,18.3,0.0
1588,18.3,0.0
1589,18.3,0.0
1590,18.3,0.0
1591,18.3,0.0
1592,18.3,0.0
1593,18.3,0.0
1594,18.3,0.0
1595,18.3,0.0
1596,18.3,0.0
1597,18.3,0.0
1598,18.3,0.0
1599,18.3,0.0
1600,18.3,0.0
1601,18.3,0.0
1602,18.3,0.0
1603,19.1,0.0
1604,19.1,0.0
1605,19.1,0.0
1606,19.1,0.0
1607,19.1,0.0
1608,19.1,0.0
1609,19.1,0.0
1610,19.1,0.0
1611,19.1,0.0
1612,19.1,0.0
1613,19.1,0.0
1614,19.1,0.0
1615,19.1,0.0
1616,19.1,0.0
1617,19.1,0.0
1618,19.1,0.0
1619,19.1,0.0
1620,19.1,0.0
1621,19.1,0.0
1622,19.1,0.0
1623,19.1,0.0
1624,19.1,0.0
1625,19.1,0.0
1626,19.1,0.0
1627,19.1,0.0
1628,19.1,0.0
1629,19.1,0.0
1630,19.1,0.0
1631,19.1,0.008888999386734042
1632,19.1,0.03197752473770521
1633,19.1,0.07445345001905324
1634,19.1,0.07445345001905324
1635,19.1,0.13593390018728968
1636,19.1,0.1464919695688911
1637,19.1,0.1464919695688911
1638,19.1,0.1464919695688911
1639,19.1,0.1464919695688911
1640,19.1,0.14938093580626344
1641,19.1,0.14938093580626344
1642,19.1,0.14938093580626344
1643,19.1,0.14938093580626344
1644,19.1,0.14938093580626344
1645,19.1,0.17445345001905466
1646,19.1,0.23487809324912945
1647,19.1,0.24649196956889163
1648,19.1,0.24649196956889163
1649,19.1,0.2744534500190561
1650,19.1,0.2744534500190561
1651,19.1,0.2744534500190561
1652,19.1,0.2744534500190561
1653,19.1,0.2852783717037104
1654,19.1,0.3319775247377059
1655,19.1,0.33487809324913087
1656,19.1,0.37445345001905395
1657,19.1,0.37445345001905395
1658,19.1,0.37445345001905395
1659,19.1,0.37445345001905395
1660,19.1,0.38791208791208476
1661,19.1,0.4319775247377038
1662,19.1,0.4319775247377038
1663,19.1,0.4319775247377038
1664,19.1,0.4464919695688918
1665,19.1,0.4464919695688918
1666,19.1,0.4464919695688918
1667,19.1,0.4464919695688918
1668,19.1,0.4464919695688918
1669,19.1,0.4464919695688918
1670,19.1,0.4744534500190518
1671,19.1,0.4744534500190518
1672,19.1,0.4770987685014818
1673,19.1,0.508888999386734
1674,19.1,0.5319775247377052
1675,19.1,0.5319775247377052
1676,19.1,0.5319775247377052
1677,19.1,0.5744534500190568
1678,19.1,0.5744534500190568
1679,19.1,0.5889678948502457
1680,19.1,0.6088889993867319
1681,19.1,0.6359339001872897
1682,19.1,0.6359339001872897
1683,19.1,0.6464919695688911
1684,19.1,0.6464919695688911
1685,19.1,0.6464919695688911
1686,19.1,0.6493809358062634
1687,19.1,0.6493809358062634
1688,19.1,0.6493809358062634
1689,19.1,0.6493809358062634
1690,19.1,0.6493809358062634
1691,19.1,0.6744534500190547
1692,19.1,0.6889678948502436
1693,19.1,0.7088889993867333
1694,19.1,0.7088889993867333
1695,19.1,0.7319775247377045
1696,19.1,0.7319775247377045
1697,19.1,0.7319775247377045
1698,19.1,0.7319775247377045
1699,19.1,0.7464919695688916
1700,19.1,0.7464919695688916
1701,19.1,0.7464919695688916
1702,19.1,0.7493809358062578
1703,19.1,0.7493809358062578
1704,19.1,0.7493809358062578
1705,19.1,0.7493809358062578
1706,19.1,0.7493809358062578
1707,19.1,0.7493809358062578
1708,19.1,0.7744534500190561
1709,19.1,0.7744534500190561
1710,19.1,0.7744534500190561
1711,19.1,0.7744534500190561
1712,19.1,0.7744534500190561
1713,19.1,0.7744534500190561
1714,19.1,0.7879120879120833
1715,19.1,0.8464919695688922
1716,19.1,0.874453450019054
1717,19.1,0.874453450019054
1718,19.1,0.8879120879120848
1719,19.1,0.9319775247377038
1720,19.1,0.9319775247377038
1721,19.1,0.9852783717037097
1722,19.1,1.0348780932491302
1723,19.1,1.0348780932491302
1724,19.1,1.049380935806262
1725,19.1,1.049380935806262
1726,19.1,1.049380935806262
1727,19.1,1.0625843236702934
1728,19.1,1.087912087912084
1729,19.1,1.087912087912084
1730,19.1,1.1319775247377049
1731,19.1,1.1319775247377049
1732,19.1,1.1319775247377049
1733,19.1,1.1319775247377049
1734,19.1,1.134878093249128
1735,19.1,1.146491969568891
1736,19.1,1.1665406991198815
1737,19.1,1.1744534500190547
1738,19.1,1.1744534500190547
1739,19.1,1.2319775247377045
1740,19.1,1.2464919695688916
1741,19.1,1.2464919695688916
1742,19.1,1.2464919695688916
1743,19.1,1.2493809358062578
1744,19.1,1.2493809358062578
1745,19.1,1.2493809358062578
1746,19.1,1.2493809358062578
1747,19.1,1.2493809358062578
1748,19.1,1.2493809358062578
1749,19.1,1.2573052889794916
1750,19.1,1.3319775247377041
1751,19.1,1.3464919695688913
1752,19.1,1.3464919695688913
1753,19.1,1.3464919695688913
1754,19.1,1.3464919695688913
1755,19.1,1.3464919695688913
1756,19.1,1.3464919695688913
1757,19.1,1.3464919695688922
1758,19.1,1.3464919695688922
1759,19.1,1.374453450019054
1760,19.1,1.374453450019054
1761,19.1,1.374453450019054
1762,19.1,1.374453450019054
1763,19.1,1.4319775247377038
1764,19.1,1.5464919695688915
1765,19.1,1.5464919695688915
1766,19.1,1.5464919695688915
1767,19.1,1.5464919695688915
1768,19.1,1.549380935806262
1769,19.1,1.5744534500190532
1770,19.1,1.5744534500190532
1771,19.1,1.587912087912084
1772,19.1,1.6088889993867355
1773,19.700000000000003,1.634878093249128
1774,19.700000000000003,1.646491969568892
1775,19.700000000000003,1.6744534500190547
1776,19.700000000000003,1.6879120879120855
1777,19.700000000000003,1.7319775247377045
1778,19.700000000000003,1.7319775247377045
1779,19.700000000000003,1.7348780932491294
1780,19.700000000000003,1.774453450019056
1781,19.700000000000003,1.774453450019056
1782,19.700000000000003,1.774453450019056
1783,19.700000000000003,1.8319775247377041
1784,19.700000000000003,1.8319775247377041
1785,19.700000000000003,1.8319775247377041
1786,19.700000000000003,1.874453450019054
1787,19.700000000000003,1.9319775247377038
1788,19.700000000000003,1.9319775247377038
1789,19.700000000000003,1.9464919695688918
1790,19.700000000000003,1.9464919695688918
1791,19.700000000000003,1.9744534500190554
1792,19.700000000000003,1.9744534500190554
1793,19.700000000000003,1.9744534500190554
1794,19.700000000000003,1.9744534500190554
1795,19.700000000000003,1.9744534500190554
1796,19.700000000000003,2.008888999386734
1797,19.700000000000003,2.008888999386734
1798,19.700000000000003,2.008888999386734
1799,19.700000000000003,2.008888999386734
1800,19.700000000000003,2.0744534500190532
1801,19.700000000000003,2.0744534500190532
1802,19.700000000000003,2.0770987685014832
1803,19.700000000000003,2.108888999386732
1804,19.700000000000003,2.131977524737703
1805,19.700000000000003,2.131977524737703
1806,19.700000000000003,2.131977524737703
1807,19.700000000000003,2.134878093249128
1808,19.700000000000003,2.1359339001872897
1809,19.700000000000003,2.146491969568891
1810,19.700000000000003,2.1493809358062634
1811,19.700000000000003,2.1493809358062634
1812,19.700000000000003,2.1493809358062634
1813,19.700000000000003,2.1493809358062634
1814,19.700000000000003,2.1493809358062634
1815,19.700000000000003,2.1493809358062634
1816,19.700000000000003,2.1493809358062634
1817,19.700000000000003,2.1493809358062634
1818,19.700000000000003,2.1493809358062634
1819,19.700000000000003,2.1744534500190547
1820,19.700000000000003,2.2088889993867333
1821,19.700000000000003,2.2088889993867333
1822,19.700000000000003,2.2464919695688916
1823,19.700000000000003,2.2464919695688916
1824,19.700000000000003,2.2464919695688925
1825,19.700000000000003,2.331977524737704
1826,19.700000000000003,2.331977524737704
1827,19.700000000000003,2.331977524737704
1828,19.700000000000003,2.431977524737704
1829,19.700000000000003,2.431977524737704
1830,19.700000000000003,2.431977524737704
1831,19.700000000000003,2.474453450019052
1832,19.700000000000003,2.474453450019052
1833,19.700000000000003,2.474453450019052
1834,19.700000000000003,2.474453450019052
1835,19.700000000000003,2.474453450019052
1836,19.700000000000003,2.4744534500190554
1837,19.700000000000003,2.487912087912086
1838,19.700000000000003,2.5319775247377034
1839,19.700000000000003,2.531977524737705
1840,19.700000000000003,2.5464919695688915
1841,19.700000000000003,2.5744534500190532
1842,19.700000000000003,2.631977524737703
1843,19.700000000000003,2.6348780932491316
1844,19.700000000000003,2.6879120879120855
1845,19.700000000000003,2.7088889993867333
1846,19.700000000000003,2.7319775247377045
1847,19.700000000000003,2.7319775247377045
1848,19.700000000000003,2.7359339001872875
1849,19.700000000000003,2.7464919695688925
1850,19.700000000000003,2.7464919695688925
1851,19.700000000000003,2.7464919695688925
1852,19.700000000000003,2.7464919695688925
1853,19.700000000000003,2.7744534500190525
1854,19.700000000000003,2.7744534500190525
1855,19.700000000000003,2.7744534500190525
1856,19.700000000000003,2.774453450019056
1857,19.700000000000003,2.774453450019056
1858,19.700000000000003,2.774453450019056
1859,19.700000000000003,2.774453450019056
1860,19.700000000000003,2.774453450019056
1861,19.700000000000003,2.774453450019056
1862,19.700000000000003,2.835933900187289
1863,19.700000000000003,2.857305288979493
1864,19.700000000000003,2.874453450019054
1865,19.700000000000003,2.9088889993867326
1866,19.700000000000003,2.9088889993867326
1867,19.700000000000003,2.946491969568892
1868,19.700000000000003,3.0744534500190532
1869,19.700000000000003,3.0744534500190532
1870,19.700000000000003,3.0744534500190532
1871,19.700000000000003,3.108888999386732
1872,19.700000000000003,3.120761993160176
1873,19.700000000000003,3.134878093249128
1874,19.700000000000003,3.134878093249128
1875,19.700000000000003,3.134878093249128
1876,19.700000000000003,3.134878093249128
1877,19.700000000000003,3.146491969568891
1878,19.700000000000003,3.146491969568891
1879,19.700000000000003,3.146491969568891
1880,19.700000000000003,3.1493809358062634
1881,19.700000000000003,3.1493809358062634
1882,19.700000000000003,3.1744534500190547
1883,19.700000000000003,3.1744534500190547
1884,19.700000000000003,3.1879120879120855
1885,19.700000000000003,3.2319775247377045
1886,19.700000000000003,3.2319775247377045
1887,19.700000000000003,3.2493809358062578
1888,19.700000000000003,3.2493809358062578
1889,19.700000000000003,3.2493809358062578
1890,19.700000000000003,3.2744534500190525
1891,19.700000000000003,3.288967894850245
1892,19.700000000000003,3.334878093249131
1893,19.700000000000003,3.334878093249131
1894,19.700000000000003,3.346491969568892
1895,19.700000000000003,3.374453450019054
1896,19.700000000000003,3.3889678948502464
1897,19.700000000000003,3.4348780932491287
1898,19.700000000000003,3.446491969568892
1899,19.700000000000003,3.4493809358062606
1900,19.700000000000003,3.531977524737705
1901,19.700000000000003,3.531977524737705
1902,19.700000000000003,3.531977524737705
1903,19.700000000000003,3.53487809324913
1904,19.700000000000003,3.646491969568891
1905,19.700000000000003,3.646491969568891
1906,19.700000000000003,3.6654848921817234
1907,19.700000000000003,3.7088889993867333
1908,19.700000000000003,3.7319775247377045
1909,19.700000000000003,3.735933900187291
1910,19.700000000000003,3.749380935806265
1911,19.700000000000003,3.749380935806265
1912,19.700000000000003,3.749380935806265
1913,19.700000000000003,3.795569588782258
1914,19.700000000000003,3.8879120879120848
1915,19.700000000000003,3.8879120879120848
1916,19.700000000000003,3.8879120879120848
1917,19.700000000000003,3.931977524737704
1918,19.700000000000003,3.931977524737704
1919,19.700000000000003,3.931977524737704
1920,19.700000000000003,3.931977524737704
1921,19.700000000000003,3.931977524737704
1922,19.700000000000003,3.9348780932491287
1923,19.700000000000003,3.9348780932491287
1924,19.700000000000003,3.974453450019052
1925,19.700000000000003,3.974453450019052
1926,19.700000000000003,3.974453450019052
1927,19.700000000000003,3.974453450019052
1928,19.700000000000003,3.9744534500190554
1929,19.700000000000003,3.9744534500190554
1930,19.700000000000003,3.9879120879120826
1931,19.700000000000003,4.008888999386734
1932,19.700000000000003,4.020761993160178
1933,19.700000000000003,4.031977524737705
1934,19.700000000000003,4.031977524737705
1935,19.700000000000003,4.131977524737707
1936,19.700000000000003,4.131977524737707
1937,19.700000000000003,4.131977524737707
1938,19.700000000000003,4.149380935806263
1939,19.700000000000003,4.149380935806263
1940,19.700000000000003,4.160337349930103
1941,19.700000000000003,4.174453450019055
1942,19.700000000000003,4.174453450019055
1943,19.700000000000003,4.2359339001872875
1944,19.700000000000003,4.2359339001872875
1945,19.700000000000003,4.274453450019056
1946,19.700000000000003,4.274453450019056
1947,19.700000000000003,4.274453450019056
1948,19.700000000000003,4.274453450019056
1949,19.700000000000003,4.274453450019056
1950,19.700000000000003,4.287912087912083
1951,19.700000000000003,4.346491969568892
1952,19.700000000000003,4.349380935806266
1953,19.700000000000003,4.349380935806266
1954,19.700000000000003,4.349380935806266
1955,19.700000000000003,4.349380935806266
1956,19.700000000000003,4.349380935806266
1957,20.0,4.349380935806266
1958,20.0,4.349380935806266
1959,20.0,4.387912087912085
1960,20.0,4.387912087912085
1961,20.0,4.387912087912085
1962,20.0,4.387912087912088
1963,20.0,4.387912087912088
1964,20.0,4.434878093249132
1965,20.0,4.531977524737705
1966,20.0,4.531977524737705
1967,20.0,4.531977524737705
1968,20.0,4.53487809324913
1969,20.0,4.535933900187288
1970,20.0,4.535933900187288
1971,20.0,4.5464919695688915
1972,20.0,4.5464919695688915
1973,20.0,4.557305288979492
1974,20.0,4.574453450019053
1975,20.0,4.574453450019053
1976,20.0,4.574453450019053
1977,20.0,4.649380935806263
1978,20.0,4.649380935806263
1979,20.0,4.649380935806263
1980,20.0,4.649380935806263
1981,20.0,4.649380935806263
1982,20.0,4.649380935806263
1983,20.0,4.649380935806263
1984,20.0,4.649380935806263
1985,20.0,4.649380935806263
1986,20.0,4.649380935806263
1987,20.0,4.649380935806263
1988,20.0,4.649380935806263
1989,20.0,4.674453450019055
1990,20.0,4.674453450019055
1991,20.0,4.674453450019055
1992,20.0,4.674453450019055
1993,20.0,4.674453450019055
1994,20.0,4.677098768501483
1995,20.0,4.7319775247377045
1996,20.0,4.7319775247377045
1997,20.0,4.7348780932491294
1998,20.0,4.7348780932491294
1999,20.0,4.7348780932491294
2000,20.0,4.7359339001872875
2001,20.0,4.749380935806265
2002,20.0,4.749380935806265
2003,20.0,4.749380935806265
2004,20.0,4.749380935806265
2005,20.0,4.749380935806265
2006,20.0,4.749380935806265
2007,20.0,4.749380935806265
2008,20.0,4.749380935806265
2009,20.0,4.749380935806265
2010,20.0,4.749380935806265
2011,20.0,4.808888999386735
2012,20.0,4.834878093249127
2013,20.0,4.834878093249131
2014,20.0,4.846491969568892
2015,20.0,4.846491969568892
2016,20.0,4.887912087912085
2017,20.0,4.887912087912085
2018,20.0,4.93593390018729
2019,20.0,4.974453450019055
2020,20.0,4.974453450019055
2021,20.0,4.974453450019055
2022,20.0,5.050715197321532
2023,20.0,5.074453450019053
2024,20.0,5.074453450019053
2025,20.0,5.074453450019053
2026,20.0,5.121817800098341
2027,20.0,5.134878093249128
2028,20.0,5.13593390018729
2029,20.0,5.1879120879120855
2030,20.0,5.205327101254699
2031,20.0,5.220761993160178
2032,20.0,5.234878093249133
2033,20.0,5.249380935806258
2034,20.0,5.249380935806258
2035,20.0,5.249380935806258
2036,20.0,5.249380935806258
2037,20.0,5.249380935806258
2038,20.0,5.249380935806258
2039,20.200000000000003,5.249380935806265
2040,20.200000000000003,5.249380935806265
2041,20.200000000000003,5.249380935806265
2042,20.200000000000003,5.249380935806265
2043,20.200000000000003,5.249380935806265
2044,20.200000000000003,5.249380935806265
2045,20.200000000000003,5.249380935806265
2046,20.200000000000003,5.249380935806265
2047,20.200000000000003,5.249380935806265
2048,20.200000000000003,5.289629224470854
2049,20.200000000000003,5.331977524737706
2050,20.200000000000003,5.331977524737706
2051,20.200000000000003,5.331977524737706
2052,20.200000000000003,5.334878093249131
2053,20.200000000000003,5.349380935806266
2054,20.200000000000003,5.349380935806266
2055,20.200000000000003,5.349380935806266
2056,20.200000000000003,5.349380935806266
2057,20.200000000000003,5.349380935806266
2058,20.200000000000003,5.387912087912088
2059,20.200000000000003,5.420761993160177
2060,20.200000000000003,5.431977524737704
2061,20.200000000000003,5.431977524737704
2062,20.200000000000003,5.434878093249129
2063,20.200000000000003,5.457305288979494
2064,20.200000000000003,5.460337349930104
2065,20.200000000000003,5.474453450019055
2066,20.200000000000003,5.474453450019055
2067,20.200000000000003,5.474453450019055
2068,20.200000000000003,5.478282200454146
2069,20.200000000000003,5.487912087912086
2070,20.200000000000003,5.487912087912086
2071,20.200000000000003,5.487912087912086
2072,20.200000000000003,5.531977524737705
2073,20.200000000000003,5.5464919695688915
2074,20.200000000000003,5.566540699119884
2075,20.200000000000003,5.6088889993867355
2076,20.200000000000003,5.631977524737707
2077,20.200000000000003,5.63593390018729
2078,20.200000000000003,5.649380935806263
2079,20.200000000000003,5.649380935806263
2080,20.200000000000003,5.649380935806263
2081,20.200000000000003,5.649380935806263
2082,20.200000000000003,5.649380935806263
2083,20.200000000000003,5.735933900187291
2084,20.200000000000003,5.735933900187291
2085,20.200000000000003,5.746491969568891
2086,20.200000000000003,5.808888999386735
2087,20.200000000000003,5.828415626605672
2088,20.200000000000003,5.846491969568892
2089,20.200000000000003,5.849380935806266
2090,20.200000000000003,5.849380935806266
2091,20.200000000000003,5.849380935806266
2092,20.200000000000003,5.849380935806266
2093,20.200000000000003,5.849380935806266
2094,20.200000000000003,5.849380935806266
2095,20.200000000000003,5.849380935806266
2096,20.200000000000003,5.849380935806266
2097,20.200000000000003,5.849380935806266
2098,20.200000000000003,5.849380935806266
2099,20.200000000000003,5.849380935806266
2100,20.200000000000003,5.849380935806266
2101,20.200000000000003,5.849380935806266
2102,20.200000000000003,5.849380935806266
2103,20.200000000000003,5.935933900187287
2104,20.200000000000003,5.949380935806261
2105,20.200000000000003,5.949380935806261
2106,20.200000000000003,5.949380935806261
2107,20.200000000000003,5.949380935806261
2108,20.200000000000003,5.949380935806261
2109,20.200000000000003,5.949380935806261
2110,20.200000000000003,5.949380935806261
2111,20.200000000000003,5.949380935806261
2112,20.200000000000003,5.949380935806261
2113,20.200000000000003,5.949380935806261
2114,20.200000000000003,5.949380935806261
2115,20.200000000000003,5.974453450019052
2116,20.200000000000003,5.974453450019052
2117,20.5,5.987912087912086
2118,20.5,6.031977524737705
2119,20.5,6.031977524737705
2120,20.5,6.031977524737705
2121,20.5,6.031977524737705
2122,20.5,6.031977524737705
2123,20.5,6.049380935806262
2124,20.5,6.049380935806262
2125,20.5,6.049380935806262
2126,20.5,6.049380935806262
2127,20.5,6.049380935806262
2128,20.5,6.049380935806262
2129,20.5,6.049380935806262
2130,20.5,6.049380935806262
2131,20.5,6.049380935806262
2132,20.5,6.049380935806262
2133,20.5,6.074453450019057
2134,20.5,6.074453450019057
2135,20.5,6.074453450019057
2136,20.5,6.087912087912084
2137,20.5,6.087912087912088
2138,20.5,6.131977524737703
2139,20.5,6.149380935806263
2140,20.5,6.149380935806263
2141,20.5,6.149380935806263
2142,20.5,6.149380935806263
2143,20.5,6.149380935806263
2144,20.5,6.149380935806263
2145,20.5,6.149380935806263
2146,20.5,6.174453450019055
2147,20.5,6.174453450019055
2148,20.5,6.174453450019055
2149,20.5,6.174453450019055
2150,20.5,6.174453450019055
2151,20.5,6.208888999386737
2152,20.5,6.246491969568891
2153,20.5,6.246491969568891
2154,20.5,6.334878093249131
2155,20.5,6.374453450019054
2156,20.5,6.374453450019054
2157,20.5,6.374453450019054
2158,20.5,6.374453450019054
2159,20.5,6.378282200454148
2160,20.5,6.378282200454148
2161,20.5,6.43593390018729
2162,20.5,6.449380935806261
2163,20.5,6.449380935806261
2164,20.5,6.449380935806261
2165,20.5,6.449380935806261
2166,20.5,6.449380935806261
2167,20.5,6.449380935806261
2168,20.5,6.449380935806261
2169,20.5,6.449380935806261
2170,20.5,6.449380935806261
2171,20.5,6.449380935806261
2172,20.5,6.449380935806261
2173,20.5,6.449380935806261
2174,20.5,6.449380935806261
2175,20.5,6.449380935806261
2176,20.5,6.449380935806261
2177,20.5,6.449380935806261
2178,20.5,6.449380935806261
2179,20.5,6.449380935806261
2180,20.5,6.449380935806261
2181,20.5,6.449380935806261
2182,20.5,6.449380935806261
2183,20.5,6.449380935806261
2184,20.5,6.4654848921817205
2185,20.5,6.53487809324913
2186,20.5,6.546491969568893
2187,20.5,6.574453450019053
2188,20.5,6.574453450019053
2189,20.5,6.574453450019053
2190,20.5,6.574453450019053
2191,20.5,6.587912087912088
2192,20.5,6.634878093249128
2193,20.5,6.634878093249132
2194,20.5,6.674453450019055
2195,20.5,6.674453450019055
2196,20.5,6.7319775247377045
2197,20.5,6.734878093249133
2198,20.5,6.762584323670293
2199,20.5,6.787912087912087
2200,20.5,6.787912087912087
2201,20.5,6.820761993160179
2202,20.5,6.834878093249127
2203,20.5,6.834878093249127
2204,20.5,6.834878093249131
2205,20.5,6.834878093249131
2206,20.5,6.835933900187289
2207,20.5,6.874453450019054
2208,20.5,6.874453450019054
2209,20.5,6.874453450019054
2210,20.5,6.874453450019054
2211,20.5,6.874453450019054
2212,20.5,6.874453450019054
2213,20.5,6.874453450019054
2214,20.5,6.874453450019054
2215,20.5,6.8744534500190575
2216,20.5,6.8744534500190575
2217,20.5,6.8744534500190575
2218,20.5,6.8744534500190575
2219,20.5,6.931977524737704
2220,20.5,6.931977524737704
2221,20.5,6.931977524737704
2222,20.5,6.931977524737704
2223,20.5,6.931977524737704
2224,20.5,6.931977524737704
2225,20.5,6.957305288979494
2226,20.5,7.074453450019053
2227,20.5,7.074453450019053
2228,20.5,7.074453450019053
2229,20.5,7.108888999386732
2230,20.5,7.1088889993867355
2231,20.5,7.1088889993867355
2232,20.5,7.131977524737703
2233,20.5,7.131977524737707
2234,20.5,7.131977524737707
2235,20.5,7.131977524737707
2236,20.5,7.134878093249132
2237,20.5,7.2348780932491294
2238,20.5,7.2348780932491294
2239,20.5,7.2359339001872875
2240,20.5,7.249380935806258
2241,20.5,7.249380935806258
2242,20.5,7.249380935806258
2243,20.5,7.249380935806258
2244,20.5,7.249380935806258
2245,20.5,7.249380935806258
2246,20.5,7.249380935806258
2247,20.5,7.249380935806258
2248,20.5,7.249380935806258
2249,20.5,7.249380935806258
2250,20.5,7.249380935806258
2251,20.5,7.249380935806265
2252,20.5,7.249380935806265
2253,20.5,7.249380935806265
2254,20.5,7.249380935806265
2255,20.5,7.249380935806265
2256,20.5,7.249380935806265
2257,20.5,7.249380935806265
2258,20.5,7.249380935806265
2259,20.5,7.249380935806265
2260,20.5,7.249380935806265
2261,20.5,7.249380935806265
2262,20.5,7.249380935806265
2263,20.5,7.249380935806265
2264,20.5,7.249380935806265
2265,20.5,7.249380935806265
2266,20.5,7.249380935806265
2267,20.5,7.249380935806265
2268,20.5,7.249380935806265
2269,20.5,7.249380935806265
2270,21.1,7.274453450019056
2271,21.1,7.274453450019056
2272,21.1,7.274453450019056
2273,21.1,7.29172923607311
2274,21.1,7.3103392836424455
2275,21.1,7.334878093249127
2276,21.1,7.334878093249127
2277,21.1,7.334878093249127
2278,21.1,7.349380935806259
2279,21.1,7.349380935806259
2280,21.1,7.349380935806259
2281,21.1,7.360337349930106
2282,21.1,7.446491969568894
2283,21.1,7.474453450019059
2284,21.1,7.474453450019059
2285,21.1,7.483031397963526
2286,21.1,7.508888999386734
2287,21.1,7.508888999386734
2288,21.1,7.531977524737705
2289,21.1,7.5464919695688915
2290,21.1,7.574453450019053
2291,21.1,7.631977524737707
2292,21.1,7.634878093249132
2293,21.1,7.634878093249132
2294,21.1,7.646491969568893
2295,21.1,7.646491969568893
2296,21.1,7.646491969568893
2297,21.1,7.649380935806263
2298,21.1,7.649380935806263
2299,21.1,7.649380935806263
2300,21.1,7.649380935806263
2301,21.1,7.649380935806263
2302,21.1,7.708888999386737
2303,21.1,7.7319775247377045
2304,21.1,7.7319775247377045
2305,21.1,7.7359339001872875
2306,21.1,7.774453450019056
2307,21.1,7.774453450019056
2308,21.1,7.774453450019056
2309,21.1,7.788967894850245
2310,21.1,7.849380935806259
2311,21.1,7.849380935806266
2312,21.1,7.849380935806266
2313,21.1,7.849380935806266
2314,21.1,7.849380935806266
2315,21.1,7.849380935806266
2316,21.1,7.849380935806266
2317,21.1,7.849380935806266
2318,21.1,7.849380935806266
2319,21.1,7.849380935806266
2320,21.1,7.849380935806266
2321,21.1,7.849380935806266
2322,21.1,7.849380935806266
2323,21.1,7.849380935806266
2324,21.1,7.849380935806266
2325,21.1,7.849380935806266
2326,21.1,7.849380935806266
2327,21.1,7.849380935806266
2328,21.1,7.849380935806266
2329,21.1,7.849380935806266
2330,21.1,7.849380935806266
2331,21.1,7.849380935806266
2332,21.1,7.849380935806266
2333,21.1,7.849380935806266
2334,21.1,7.888967894850246
2335,21.1,7.891729236073118
2336,21.1,7.908888999386733
2337,21.1,7.908888999386733
2338,21.1,7.931977524737704
2339,21.1,7.931977524737704
2340,21.1,7.93593390018729
2341,21.1,7.946491969568892
2342,21.1,7.974453450019055
2343,21.1,7.974453450019055
2344,21.1,8.031977524737705
2345,21.1,8.035933900187288
2346,21.1,8.035933900187292
2347,21.1,8.074453450019053
2348,21.1,8.074453450019053
2349,21.1,8.074453450019053
2350,21.1,8.074453450019053
2351,21.1,8.074453450019053
2352,21.1,8.074453450019053
2353,21.1,8.074453450019053
2354,21.1,8.087912087912084
2355,21.1,8.089629224470851
2356,21.1,8.108888999386735
2357,21.1,8.108888999386735
2358,21.1,8.131977524737703
2359,25.3,8.131977524737703
2360,25.3,8.131977524737707
2361,25.3,8.131977524737707
2362,25.3,8.15915005055276
2363,25.3,8.160337349930103
2364,25.3,8.187912087912085
2365,25.3,8.187912087912085
2366,25.3,8.23487809324913
2367,25.3,8.246491969568893
2368,25.3,8.246491969568893
2369,25.3,8.274453450019056
2370,25.3,8.274453450019056
2371,25.3,8.274453450019056
2372,25.3,8.274453450019056
2373,25.3,8.274453450019056
2374,25.3,8.274453450019056
2375,25.3,8.274453450019056
2376,25.3,8.308888999386731
2377,25.3,8.331977524737706
2378,25.3,8.331977524737706
2379,25.3,8.37445345001905
2380,25.3,8.37445345001905
2381,25.3,8.435933900187287
2382,25.3,8.474453450019052
2383,25.3,8.474453450019052
2384,25.3,8.474453450019052
2385,25.3,8.508888999386734
2386,25.3,8.531977524737705
2387,25.3,8.535933900187288
2388,25.3,8.535933900187292
2389,25.3,8.574453450019053
2390,25.3,8.574453450019053
2391,25.3,8.574453450019053
2392,25.3,8.587912087912084
2393,25.3,8.634878093249128
2394,25.3,8.649380935806263
2395,25.3,8.649380935806263
2396,25.3,8.649380935806263
2397,25.3,8.649380935806263
2398,25.3,8.649380935806263
2399,25.3,8.649380935806263
2400,25.3,8.649380935806263
2401,25.3,8.649380935806263
2402,25.3,8.649380935806263
2403,25.3,8.649380935806263
2404,25.3,8.649380935806263
2405,25.3,8.649380935806263
2406,25.3,8.649380935806263
2407,25.3,8.65730528897949
2408,25.3,8.721817800098343
2409,25.3,8.731977524737704
2410,25.3,8.73487809324913
2411,25.3,8.73487809324913
2412,25.3,8.749380935806265
2413,25.3,8.749380935806265
2414,25.3,8.749380935806265
2415,25.3,8.749380935806265
2416,25.3,8.749380935806265
2417,25.3,8.774453450019056
2418,25.3,8.787912087912083
2419,25.3,8.787912087912087
2420,25.3,8.787912087912087
2421,25.3,8.831977524737706
2422,25.3,8.831977524737706
2423,25.3,8.83487809324913
2424,25.3,8.931977524737704
2425,25.3,8.966540699119882
2426,25.3,9.008888999386734
2427,25.3,9.031977524737705
2428,25.3,9.031977524737705
2429,25.3,9.087912087912084
2430,25.3,9.174453450019055
2431,25.3,9.174453450019055
2432,25.3,9.174453450019055
2433,25.3,9.174453450019055
2434,25.3,9.174453450019055
2435,25.3,9.174453450019055
2436,25.3,9.183031397963521
2437,25.3,9.187912087912085
2438,25.3,9.308888999386735
2439,25.3,9.331977524737706
2440,25.3,9.34938093580626
2441,25.3,9.34938093580626
2442,27.6,9.34938093580626
2443,27.6,9.37445345001905
2444,27.6,9.37445345001905
2445,27.6,9.374453450019057
2446,27.6,9.374453450019057
2447,27.6,9.374453450019057
2448,27.6,9.374453450019057
2449,27.6,9.374453450019057
2450,27.6,9.408888999386733
2451,27.6,9.431977524737707
2452,27.6,9.446491969568893
2453,27.6,9.474453450019059
2454,27.6,9.477098768501481
2455,27.6,9.477098768501484
2456,27.6,9.508888999386734
2457,27.6,9.531977524737705
2458,27.6,9.535933900187288
2459,27.6,9.54912568577727
2460,27.6,9.608888999386735
2461,27.6,9.620761993160176
2462,27.6,9.631977524737707
2463,27.6,9.631977524737707
2464,27.6,9.634878093249128
2465,27.6,9.63593390018729
2466,27.6,9.646491969568892
2467,27.6,9.660337349930103
2468,27.6,9.674453450019055
2469,27.6,9.674453450019055
2470,27.6,9.731977524737704
2471,27.6,9.731977524737704
2472,27.6,9.731977524737704
2473,27.6,9.731977524737704
2474,27.6,9.831977524737706
2475,27.6,9.831977524737706
2476,27.6,9.846491969568891
2477,27.6,9.874453450019057
2478,27.6,9.878282200454144
2479,27.6,9.905327101254699
2480,27.6,9.908888999386733
2481,27.6,9.908888999386733
2482,27.6,9.934878093249129
2483,27.6,9.934878093249129
2484,27.6,9.93593390018729
2485,27.6,9.987912087912083
2486,27.6,9.987912087912086
2487,27.6,10.03487809324913
2488,27.6,10.074453450019053
2489,27.6,10.074453450019053
2490,27.6,10.074453450019053
2491,27.6,10.087912087912084
2492,27.6,10.128415626605673
2493,27.6,10.187912087912085
2494,27.6,10.187912087912085
2495,27.6,10.231977524737704
2496,27.6,10.231977524737704
2497,27.6,10.231977524737704
2498,27.6,10.231977524737704
2499,27.6,10.231977524737708
2500,27.6,10.231977524737708
2501,27.6,10.274453450019056
2502,27.6,10.274453450019056
2503,27.6,10.274453450019056
2504,27.6,10.274453450019056
2505,27.6,10.274453450019056
2506,27.6,10.308888999386735
2507,27.6,10.308888999386735
2508,27.6,10.331977524737706
2509,27.6,10.408888999386733
2510,27.6,10.431977524737704
2511,27.6,10.431977524737704
2512,27.6,10.431977524737704
2513,27.6,10.431977524737704
2514,27.6,10.431977524737704
2515,27.6,10.435933900187287
2516,27.6,10.531977524737705
2517,27.6,10.531977524737705
2518,27.6,10.531977524737705
2519,27.6,10.574453450019053
2520,27.6,10.574453450019053
2521,27.6,10.574453450019053
2522,27.6,10.574453450019053
2523,27.6,10.574453450019053
2524,27.6,10.574453450019053
2525,27.6,10.731977524737704
2526,27.6,10.73487809324913
2527,27.6,10.735933900187291
2528,27.6,10.735933900187291
2529,27.6,10.774453450019056
2530,27.6,10.774453450019056
2531,27.6,10.774453450019056
2532,27.6,10.834878093249127
2533,27.6,10.834878093249127
2534,27.6,10.834878093249127
2535,27.6,10.849380935806266
2536,27.6,10.849380935806266
2537,27.6,10.849380935806266
2538,27.6,10.905060248951646
2539,27.6,10.94938093580626
2540,27.6,10.94938093580626
2541,27.700000000000003,10.94938093580626
2542,27.700000000000003,10.94938093580626
2543,27.700000000000003,10.94938093580626
2544,27.700000000000003,10.94938093580626
2545,27.700000000000003,10.94938093580626
2546,27.700000000000003,10.987912087912086
2547,27.700000000000003,10.987912087912086
2548,27.700000000000003,11.031977524737705
2549,27.700000000000003,11.074453450019053
2550,27.700000000000003,11.074453450019053
2551,27.700000000000003,11.078282200454144
2552,27.700000000000003,11.087912087912084
2553,27.700000000000003,11.108888999386732
2554,27.700000000000003,11.108888999386732
2555,27.700000000000003,11.108888999386732
2556,27.700000000000003,11.131977524737707
2557,27.700000000000003,11.134878093249132
2558,27.700000000000003,11.146491969568892
2559,27.700000000000003,11.274453450019056
2560,27.700000000000003,11.331977524737706
2561,27.700000000000003,11.434878093249129
2562,27.700000000000003,11.460337349930107
2563,27.700000000000003,11.474453450019059
2564,27.700000000000003,11.474453450019059
2565,27.700000000000003,11.487912087912086
2566,27.700000000000003,11.487912087912086
2567,27.700000000000003,11.487912087912086
2568,27.700000000000003,11.53487809324913
2569,27.700000000000003,11.53487809324913
2570,27.700000000000003,11.574453450019053
2571,27.700000000000003,11.574453450019053
2572,27.700000000000003,11.574453450019053
2573,27.700000000000003,11.628415626605673
2574,27.700000000000003,11.631977524737703
2575,27.700000000000003,11.631977524737703
2576,27.700000000000003,11.631977524737707
2577,27.700000000000003,11.631977524737707
2578,27.700000000000003,11.646491969568892
2579,27.700000000000003,11.674453450019055
2580,27.700000000000003,11.674453450019055
2581,27.700000000000003,11.674453450019055
2582,27.700000000000003,11.731977524737708
2583,27.700000000000003,11.731977524737708
2584,27.700000000000003,11.731977524737708
2585,27.700000000000003,11.731977524737708
2586,27.700000000000003,11.759150050552762
2587,27.700000000000003,11.808888999386731
2588,27.700000000000003,11.831977524737702
2589,27.700000000000003,11.831977524737706
2590,27.700000000000003,11.831977524737706
2591,27.700000000000003,11.83487809324913
2592,27.700000000000003,11.874453450019057
2593,27.700000000000003,11.874453450019057
2594,27.700000000000003,11.874453450019057
2595,27.700000000000003,11.874453450019057
2596,27.700000000000003,11.874453450019057
2597,27.700000000000003,11.874453450019057
2598,27.700000000000003,11.874453450019057
2599,27.700000000000003,11.874453450019057
2600,27.700000000000003,11.916801750285913
2601,27.700000000000003,11.974453450019059
2602,27.700000000000003,11.974453450019059
2603,27.700000000000003,12.008888999386734
2604,27.700000000000003,12.031977524737705
2605,27.700000000000003,12.049380935806262
2606,27.700000000000003,12.049380935806262
2607,27.700000000000003,12.049380935806262
2608,27.700000000000003,12.049380935806262
2609,27.700000000000003,12.049380935806262
2610,27.700000000000003,12.049380935806262
2611,27.700000000000003,12.049380935806262
2612,27.700000000000003,12.087912087912084
2613,27.700000000000003,12.165484892181723
2614,27.700000000000003,12.187912087912085
2615,27.700000000000003,12.231977524737704
2616,27.700000000000003,12.274453450019056
2617,27.700000000000003,12.274453450019056
2618,27.700000000000003,12.274453450019056
2619,27.700000000000003,12.331977524737702
2620,27.700000000000003,12.33487809324913
2621,27.700000000000003,12.33487809324913
2622,27.700000000000003,12.346491969568891
2623,27.700000000000003,12.387912087912085
2624,27.700000000000003,12.446491969568893
2625,27.700000000000003,12.474453450019059
2626,27.700000000000003,12.487912087912083
2627,27.700000000000003,12.520761993160178
2628,27.700000000000003,12.531977524737705
2629,27.700000000000003,12.54912568577727
2630,27.700000000000003,12.587912087912084
2631,27.700000000000003,12.628415626605669
2632,27.700000000000003,12.631977524737707
2633,27.700000000000003,12.631977524737707
2634,27.700000000000003,12.674453450019055
2635,27.700000000000003,12.674453450019055
2636,27.700000000000003,12.674453450019055
2637,27.700000000000003,12.674453450019055
2638,27.700000000000003,12.687912087912085
2639,27.700000000000003,12.7053271012547
2640,27.700000000000003,12.834878093249127
2641,27.700000000000003,12.887912087912088
2642,27.700000000000003,12.934878093249132
2643,27.700000000000003,12.93593390018729
2644,27.700000000000003,13.028415626605671
2645,27.700000000000003,13.031977524737705
2646,27.700000000000003,13.03487809324913
2647,27.700000000000003,13.074453450019053
2648,27.700000000000003,13.078282200454144
2649,27.700000000000003,13.087912087912084
2650,27.700000000000003,13.174453450019055
2651,28.8,13.174453450019055
2652,28.8,13.231977524737704
2653,28.8,13.308888999386735
2654,28.8,13.331977524737706
2655,28.8,13.434878093249129
2656,28.8,13.44938093580626
2657,28.8,13.44938093580626
2658,28.8,13.44938093580626
2659,28.8,13.44938093580626
2660,28.8,13.44938093580626
2661,28.8,13.44938093580626
2662,28.8,13.44938093580626
2663,28.8,13.44938093580626
2664,28.8,13.44938093580626
2665,28.8,13.44938093580626
2666,28.8,13.474453450019059
2667,28.8,13.474453450019059
2668,28.8,13.474453450019059
2669,28.8,13.474453450019059
2670,28.8,13.48791208791209
2671,28.8,13.48791208791209
2672,28.8,13.574453450019053
2673,28.8,13.574453450019053
2674,28.8,13.631977524737703
2675,28.8,13.631977524737703
2676,28.8,13.631977524737707
2677,28.8,13.674453450019055
2678,28.8,13.731977524737704
2679,28.8,13.73487809324913
2680,28.8,13.73487809324913
2681,28.8,13.73487809324913
2682,28.8,13.734878093249133
2683,28.8,13.734878093249133
2684,28.8,13.774453450019056
2685,28.8,13.774453450019056
2686,28.8,13.774453450019056
2687,28.8,13.774453450019056
2688,28.8,13.774453450019056
2689,28.8,13.774453450019056
2690,28.8,13.774453450019056
2691,28.8,13.831977524737706
2692,28.8,13.831977524737706
2693,28.8,13.877098768501483
2694,28.8,13.931977524737704
2695,28.8,14.031977524737705
2696,28.8,14.04649196956889
2697,28.8,14.074453450019053
2698,28.8,14.074453450019053
2699,28.8,14.074453450019053
2700,28.8,14.074453450019053
2701,28.8,14.074453450019053
2702,28.8,14.077098768501482
2703,28.8,14.091868463361674
2704,28.8,14.274453450019056
2705,28.8,14.274453450019056
2706,28.8,14.274453450019056
2707,28.8,14.274453450019056
2708,28.8,14.274453450019056
2709,28.8,14.274453450019056
2710,28.8,14.331977524737702
2711,28.8,14.331977524737706
2712,28.8,14.334878093249134
2713,28.8,14.335933900187289
2714,28.8,14.360337349930106
2715,28.8,14.374453450019057
2716,28.8,14.374453450019057
2717,28.8,14.374453450019057
2718,28.8,14.387912087912081
2719,28.8,14.431977524737704
2720,28.8,14.435933900187287
2721,28.8,14.44938093580626
2722,28.8,14.44938093580626
2723,28.8,14.44938093580626
2724,28.8,14.44938093580626
2725,28.8,14.44938093580626
2726,28.8,14.44938093580626
2727,28.8,14.44938093580626
2728,28.8,14.44938093580626
2729,28.8,14.44938093580626
2730,28.8,14.44938093580626
2731,28.8,14.508888999386734
2732,28.8,14.574453450019053
2733,28.8,14.574453450019053
2734,28.8,14.574453450019053
2735,28.8,14.574453450019053
2736,28.8,14.578282200454144
2737,28.8,14.631977524737703
2738,28.8,14.731977524737704
2739,28.8,14.774453450019056
2740,28.8,14.774453450019056
2741,28.8,14.774453450019056
2742,28.8,14.774453450019056
2743,28.8,14.835933900187293
2744,28.8,14.87445345001905
2745,28.8,14.87445345001905
2746,28.8,14.888967894850246
2747,28.8,14.908888999386733
2748,28.8,14.931977524737704
2749,28.8,15.031977524737705
2750,28.8,15.049380935806262
2751,28.8,15.049380935806262
2752,28.8,15.049380935806262
2753,28.8,15.049380935806262
2754,28.8,15.049380935806262
2755,28.8,15.049380935806262
2756,28.8,15.049380935806262
2757,28.8,15.049380935806262
2758,28.8,15.049380935806262
2759,28.8,15.049380935806262
2760,28.8,15.049380935806262
2761,28.8,15.049380935806262
2762,28.8,15.108888999386735
2763,28.8,15.146491969568892
2764,28.8,15.146491969568892
2765,28.8,15.174453450019055
2766,28.8,15.174453450019055
2767,28.8,15.174453450019055
2768,28.8,15.174453450019055
2769,28.8,15.234878093249126
2770,28.8,15.249380935806265
2771,28.8,15.249380935806265
2772,28.8,15.249380935806265
2773,28.8,15.249380935806265
2774,28.8,15.249380935806265
2775,28.8,15.291729236073117
2776,28.8,15.308888999386738
2777,28.8,15.349380935806266
2778,28.8,15.349380935806266
2779,28.8,15.349380935806266
2780,28.8,15.349380935806266
2781,28.8,15.349380935806266
2782,28.8,15.349380935806266
2783,28.8,15.349380935806266
2784,28.8,15.349380935806266
2785,28.8,15.374453450019057
2786,28.8,15.446491969568893
2787,28.8,15.474453450019059
2788,28.8,15.474453450019059
2789,28.8,15.474453450019059
2790,28.8,15.47828220045415
2791,28.8,15.54649196956889
2792,28.8,15.646491969568892
2793,28.8,15.674453450019055
2794,28.8,15.687912087912085
2795,28.8,15.731977524737704
2796,28.8,15.735933900187291
2797,28.8,15.774453450019056
2798,28.8,15.774453450019056
2799,28.8,15.774453450019056
2800,28.8,15.774453450019056
2801,28.8,15.808888999386735
2802,28.8,15.831977524737702
2803,28.8,15.831977524737706
2804,28.8,15.831977524737706
2805,28.8,15.84938093580626
2806,28.8,15.84938093580626
2807,28.8,15.84938093580626
2808,28.8,15.84938093580626
2809,28.8,15.84938093580626
2810,28.8,15.84938093580626
2811,28.8,15.84938093580626
2812,28.8,15.84938093580626
2813,28.8,15.84938093580626
2814,28.8,15.84938093580626
2815,28.8,15.84938093580626
2816,28.8,15.84938093580626
2817,28.8,15.84938093580626
2818,28.8,15.84938093580626
2819,28.8,15.84938093580626
2820,28.8,15.84938093580626
2821,28.8,15.862584323670294
2822,28.8,15.87445345001905
2823,28.8,15.87445345001905
2824,28.8,15.887912087912088
2825,28.8,15.931977524737707
2826,28.8,15.974453450019059
2827,28.8,15.974453450019059
2828,29.700000000000003,15.974453450019059
2829,29.700000000000003,15.974453450019059
2830,29.700000000000003,16.005060248951647
2831,29.700000000000003,16.031977524737705
2832,29.700000000000003,16.03487809324913
2833,29.700000000000003,16.03487809324913
2834,29.700000000000003,16.059150050552766
2835,29.700000000000003,16.108888999386735
2836,29.700000000000003,16.131977524737707
2837,29.700000000000003,16.146491969568892
2838,29.700000000000003,16.146491969568892
2839,29.700000000000003,16.174453450019055
2840,29.700000000000003,16.174453450019055
2841,29.700000000000003,16.174453450019055
2842,29.700000000000003,16.20888899938673
2843,29.700000000000003,16.221817800098343
2844,29.700000000000003,16.23593390018729
2845,29.700000000000003,16.23593390018729
2846,29.700000000000003,16.23593390018729
2847,29.700000000000003,16.274453450019056
2848,29.700000000000003,16.274453450019056
2849,29.700000000000003,16.274453450019056
2850,29.700000000000003,16.274453450019056
2851,29.700000000000003,16.274453450019056
2852,29.700000000000003,16.287912087912087
2853,29.700000000000003,16.287912087912087
2854,29.700000000000003,16.287912087912087
2855,29.700000000000003,16.287912087912087
2856,29.700000000000003,16.431977524737704
2857,29.700000000000003,16.435933900187287
2858,29.700000000000003,16.44938093580626
2859,29.700000000000003,16.44938093580626
2860,29.700000000000003,16.44938093580626
2861,29.700000000000003,16.44938093580626
2862,29.700000000000003,16.44938093580626
2863,29.700000000000003,16.44938093580626
2864,29.700000000000003,16.44938093580626
2865,29.700000000000003,16.44938093580626
2866,29.700000000000003,16.44938093580626
2867,29.700000000000003,16.44938093580626
2868,29.700000000000003,16.44938093580626
2869,29.700000000000003,16.531977524737705
2870,29.700000000000003,16.53487809324913
2871,29.700000000000003,16.587912087912084
2872,29.700000000000003,16.587912087912084
2873,29.700000000000003,16.587912087912084
2874,29.700000000000003,16.646491969568892
2875,29.700000000000003,16.774453450019056
2876,29.700000000000003,16.787912087912087
2877,29.700000000000003,16.787912087912087
2878,29.700000000000003,16.787912087912087
2879,29.700000000000003,16.831977524737706
2880,29.700000000000003,16.831977524737706
2881,29.700000000000003,16.831977524737706
2882,29.700000000000003,16.831977524737706
2883,29.700000000000003,16.831977524737706
2884,29.700000000000003,16.860337349930106
2885,29.700000000000003,16.87445345001905
2886,29.700000000000003,16.87445345001905
2887,29.700000000000003,16.87445345001905
2888,29.700000000000003,16.87445345001905
2889,29.700000000000003,16.874453450019057
2890,29.700000000000003,16.874453450019057
2891,29.700000000000003,16.874453450019057
2892,29.700000000000003,16.931977524737704
2893,29.700000000000003,16.931977524737704
2894,29.700000000000003,16.931977524737704
2895,29.700000000000003,16.931977524737704
2896,29.700000000000003,16.946491969568893
2897,29.700000000000003,17.187912087912085
2898,29.700000000000003,17.24490245802463
2899,29.700000000000003,17.287912087912087
2900,29.700000000000003,17.30888899938674
2901,29.700000000000003,17.331977524737706
2902,29.700000000000003,17.34649196956889
2903,29.700000000000003,17.37445345001905
2904,29.700000000000003,17.37445345001905
2905,29.700000000000003,17.43487809324913
2906,29.700000000000003,17.43487809324913
2907,29.700000000000003,17.47445345001906
2908,29.700000000000003,17.47445345001906
2909,29.700000000000003,17.674453450019055
2910,29.700000000000003,17.674453450019055
2911,29.700000000000003,17.674453450019055
2912,29.700000000000003,17.77445345001905
2913,29.700000000000003,17.774453450019056
2914,29.700000000000003,17.849380935806266
2915,29.700000000000003,17.849380935806266
2916,29.700000000000003,17.849380935806266
2917,29.700000000000003,17.849380935806266
2918,29.700000000000003,17.849380935806266
2919,29.700000000000003,17.849380935806266
2920,29.700000000000003,17.849380935806266
2921,29.700000000000003,17.849380935806266
2922,29.700000000000003,17.849380935806266
2923,29.700000000000003,17.849380935806266
2924,29.700000000000003,17.87445345001905
2925,29.700000000000003,17.87445345001905
2926,29.700000000000003,17.88791208791209
2927,29.700000000000003,17.88791208791209
2928,29.700000000000003,17.88791208791209
2929,29.700000000000003,17.931977524737704
2930,29.700000000000003,17.931977524737707
2931,29.700000000000003,17.931977524737707
2932,29.700000000000003,17.974453450019052
2933,29.700000000000003,18.044902458024627
2934,29.700000000000003,18.066540699119884
2935,29.700000000000003,18.108888999386735
2936,29.700000000000003,18.160867187111528
2937,29.700000000000003,18.246491969568893
2938,29.700000000000003,18.274453450019056
2939,29.700000000000003,18.278282200454147
2940,29.700000000000003,18.305593953557754
2941,29.700000000000003,18.331977524737702
2942,29.700000000000003,18.431977524737704
2943,29.700000000000003,18.48791208791209
2944,29.700000000000003,18.531977524737705
2945,29.700000000000003,18.53487809324913
2946,29.700000000000003,18.72076199316018
2947,29.700000000000003,18.731977524737704
2948,29.700000000000003,18.731977524737704
2949,29.700000000000003,18.731977524737708
2950,29.700000000000003,18.731977524737708
2951,29.700000000000003,18.734878093249133
2952,29.700000000000003,18.734878093249133
2953,29.700000000000003,18.87445345001905
2954,29.700000000000003,18.87445345001905
2955,29.700000000000003,18.87445345001905
2956,29.700000000000003,18.87445345001905
2957,29.700000000000003,19.046491969568894
2958,29.700000000000003,19.108888999386735
2959,29.700000000000003,19.108888999386735
2960,29.700000000000003,19.13487809324913
2961,29.700000000000003,19.174453450019055
2962,29.700000000000003,19.174453450019055
2963,29.700000000000003,19.174453450019055
2964,29.700000000000003,19.174453450019055
2965,30.200000000000003,19.174453450019055
2966,30.200000000000003,19.33197752473771
2967,30.200000000000003,19.37445345001905
2968,30.200000000000003,19.37445345001905
2969,30.200000000000003,19.37445345001905
2970,30.200000000000003,19.408888999386733
2971,30.200000000000003,19.431977524737704
2972,30.200000000000003,19.431977524737707
2973,30.200000000000003,19.431977524737707
2974,30.200000000000003,19.48791208791209
2975,30.200000000000003,19.48791208791209
2976,30.200000000000003,19.53487809324913
2977,30.200000000000003,19.54649196956889
2978,30.200000000000003,19.577098768501486
2979,30.200000000000003,19.631977524737707
2980,30.200000000000003,19.63593390018729
2981,30.200000000000003,19.674453450019055
2982,30.200000000000003,19.687912087912085
2983,30.200000000000003,19.708888999386737
2984,30.200000000000003,19.746491969568893
2985,30.200000000000003,19.787912087912087
2986,30.200000000000003,19.931977524737704
2987,30.200000000000003,19.931977524737704
2988,30.200000000000003,20.087912087912084
2989,30.200000000000003,20.087912087912084
2990,30.200000000000003,20.087912087912084
2991,30.200000000000003,20.2319775247377
2992,30.200000000000003,20.231977524737708
2993,30.200000000000003,20.274453450019056
2994,30.200000000000003,20.274453450019056
2995,30.200000000000003,20.274453450019056
2996,30.200000000000003,20.274453450019056
2997,30.200000000000003,20.274453450019056
2998,30.200000000000003,20.320761993160183
2999,30.200000000000003,20.331977524737702
3000,30.200000000000003,20.331977524737702
3001,30.200000000000003,20.38791208791209
3002,30.200000000000003,20.38791208791209
3003,30.200000000000003,20.43487809324913
3004,30.200000000000003,20.508888999386734
3005,30.200000000000003,20.508888999386734
3006,30.200000000000003,20.53487809324913
3007,30.200000000000003,20.587912087912084
3008,30.200000000000003,20.63487809324913
3009,30.200000000000003,20.63487809324913
3010,30.200000000000003,20.63593390018729
3011,30.200000000000003,20.63593390018729
3012,30.200000000000003,20.649380935806263
3013,30.200000000000003,20.649380935806263
3014,30.200000000000003,20.649380935806263
3015,30.200000000000003,20.649380935806263
3016,30.200000000000003,20.649380935806263
3017,30.200000000000003,20.649380935806263
3018,30.200000000000003,20.649380935806263
3019,30.200000000000003,20.649380935806263
3020,30.200000000000003,20.649380935806263
3021,30.200000000000003,20.649380935806263
3022,30.200000000000003,20.649380935806263
3023,30.200000000000003,20.649380935806263
3024,30.200000000000003,20.649380935806263
3025,30.200000000000003,20.649380935806263
3026,30.200000000000003,20.760867187111522
3027,30.200000000000003,20.84649196956889
3028,30.200000000000003,20.88791208791208
3029,30.200000000000003,20.93487809324913
3030,30.200000000000003,20.93487809324913
3031,30.200000000000003,20.93487809324913
3032,30.200000000000003,21.008227669766118
3033,30.200000000000003,21.008888999386734
3034,30.200000000000003,21.031977524737705
3035,30.200000000000003,21.13593390018729
3036,30.200000000000003,21.187912087912085
3037,30.200000000000003,21.187912087912085
3038,30.200000000000003,21.231977524737708
3039,30.200000000000003,21.274453450019056
3040,30.200000000000003,21.30888899938674
3041,30.200000000000003,21.33197752473771
3042,30.200000000000003,21.37445345001905
3043,30.200000000000003,21.37445345001905
3044,30.200000000000003,21.43487809324913
3045,30.200000000000003,21.44649196956889
3046,30.200000000000003,21.48791208791209
3047,30.200000000000003,21.531977524737705
3048,30.200000000000003,21.531977524737705
3049,30.200000000000003,21.71604760247292
3050,30.200000000000003,21.731977524737708
3051,30.200000000000003,21.787912087912087
3052,30.200000000000003,21.787912087912087
3053,30.200000000000003,21.787912087912087
3054,30.200000000000003,21.874453450019057
3055,30.200000000000003,21.874453450019057
3056,30.200000000000003,21.874453450019057
3057,30.200000000000003,21.908888999386733
3058,30.200000000000003,21.98791208791209
3059,30.200000000000003,21.98791208791209
3060,30.200000000000003,21.98791208791209
3061,30.200000000000003,22.03593390018729
3062,30.200000000000003,22.131977524737707
3063,30.200000000000003,22.216047602472912
3064,30.200000000000003,22.216047602472912
3065,30.200000000000003,22.216047602472912
3066,30.200000000000003,22.274453450019056
3067,30.200000000000003,22.274453450019056
3068,30.200000000000003,22.431977524737704
3069,30.200000000000003,22.431977524737704
3070,30.200000000000003,22.53487809324913
3071,30.200000000000003,22.587912087912084
3072,30.200000000000003,22.631977524737707
3073,30.200000000000003,22.631977524737707
3074,30.200000000000003,22.63487809324913
3075,30.200000000000003,22.63487809324913
3076,30.200000000000003,22.774453450019056
3077,30.200000000000003,22.787912087912087
3078,30.200000000000003,22.787912087912087
3079,30.200000000000003,22.834878093249134
3080,30.200000000000003,22.849380935806266
3081,30.200000000000003,22.874453450019057
3082,30.200000000000003,22.874453450019057
3083,30.200000000000003,22.874453450019057
3084,30.200000000000003,22.916047602472915
3085,30.200000000000003,22.916047602472915
3086,30.200000000000003,22.916047602472915
3087,30.200000000000003,22.931977524737704
3088,30.200000000000003,23.049380935806255
3089,30.200000000000003,23.116047602472918
3090,30.200000000000003,23.116047602472918
3091,30.200000000000003,23.116047602472918
3092,30.200000000000003,23.116047602472918
3093,30.200000000000003,23.116047602472918
3094,30.200000000000003,23.116047602472918
3095,30.200000000000003,23.116047602472918
3096,30.200000000000003,23.116047602472918
3097,30.200000000000003,23.116047602472918
3098,30.200000000000003,23.11667412527141
3099,30.200000000000003,23.13487809324913
3100,30.200000000000003,23.3603373499301
3101,30.200000000000003,23.37445345001905
3102,30.200000000000003,23.374453450019057
3103,30.200000000000003,23.47445345001906
3104,30.200000000000003,23.47445345001906
3105,30.200000000000003,23.47445345001906
3106,30.200000000000003,23.47445345001906
3107,30.200000000000003,23.47445345001906
3108,30.200000000000003,23.531977524737705
3109,30.200000000000003,23.531977524737705
3110,30.200000000000003,23.687912087912085
3111,30.200000000000003,23.687912087912085
3112,30.200000000000003,23.731977524737708
3113,30.200000000000003,23.734878093249133
3114,30.200000000000003,23.734878093249133
3115,30.200000000000003,23.734878093249133
3116,30.200000000000003,23.734878093249133
3117,30.200000000000003,23.774453450019056
3118,30.200000000000003,23.787912087912087
3119,30.200000000000003,23.88791208791208
3120,30.200000000000003,23.97445345001906
3121,30.200000000000003,23.97445345001906
3122,30.200000000000003,24.008888999386734
3123,30.200000000000003,24.074453450019053
3124,30.200000000000003,24.131977524737707
3125,30.200000000000003,24.174453450019055
3126,30.200000000000003,24.174453450019055
3127,30.200000000000003,24.234878093249126
3128,30.200000000000003,24.249380935806258
3129,30.200000000000003,24.249380935806258
3130,30.200000000000003,24.274453450019056
3131,30.200000000000003,24.274453450019056
3132,30.200000000000003,24.274453450019056
3133,30.200000000000003,24.274453450019056
3134,30.200000000000003,24.287912087912087
3135,30.200000000000003,24.31604760247292
3136,30.200000000000003,24.31604760247292
3137,30.200000000000003,24.31604760247292
3138,30.200000000000003,24.31604760247292
3139,30.200000000000003,24.31604760247292
3140,30.200000000000003,24.31604760247292
3141,30.200000000000003,24.31604760247292
3142,30.200000000000003,24.31604760247292
3143,30.200000000000003,24.31604760247292
3144,30.200000000000003,24.31604760247292
3145,30.200000000000003,24.334878093249134
3146,30.200000000000003,24.334878093249134
3147,30.200000000000003,24.408888999386733
3148,30.200000000000003,24.531977524737705
3149,30.200000000000003,24.53487809324913
3150,37.4,24.574453450019053
3151,37.4,24.574453450019053
3152,37.4,24.574453450019053
3153,37.4,24.574453450019053
3154,37.4,24.574453450019053
3155,37.4,24.787912087912087
3156,37.4,24.787912087912087
3157,37.4,24.931977524737704
3158,37.4,25.046491969568894
3159,37.4,25.049380935806255
3160,37.4,25.049380935806255
3161,37.4,25.13487809324913
3162,37.4,25.187912087912085
3163,37.4,25.30888899938674
3164,37.4,25.33197752473771
3165,37.4,25.33197752473771
3166,37.4,25.33197752473771
3167,37.4,25.37445345001905
3168,37.4,25.37445345001905
3169,37.4,25.37445345001905
3170,37.4,25.37445345001905
3171,37.4,25.37445345001905
3172,37.4,25.374453450019057
3173,37.4,25.474453450019052
3174,37.4,25.474453450019052
3175,37.4,25.508888999386734
3176,37.4,25.774453450019056
3177,37.4,25.774453450019056
3178,37.4,25.835933900187285
3179,37.4,25.931977524737704
3180,37.4,25.931977524737704
3181,37.4,25.974453450019052
3182,37.4,25.97445345001906
3183,37.4,25.97445345001906
3184,37.4,25.97445345001906
3185,37.4,25.97445345001906
3186,37.4,25.97445345001906
3187,37.4,26.231977524737708
3188,37.4,26.287912087912087
3189,37.4,26.349380935806266
3190,37.4,26.349380935806266
3191,37.4,26.416047602472915
3192,37.4,26.416047602472915
3193,37.4,26.416047602472915
3194,37.4,26.416047602472915
3195,37.4,26.416047602472915
3196,37.4,26.416047602472915
3197,37.4,26.416047602472915
3198,37.4,26.416047602472915
3199,37.4,26.416047602472915
3200,37.4,26.416047602472915
3201,37.4,26.416047602472915
3202,37.4,26.416047602472915
3203,37.4,26.416047602472915
3204,37.4,26.416047602472915
3205,37.4,26.428415626605673
3206,37.4,26.631977524737707
3207,37.4,26.774453450019056
3208,37.4,26.774453450019056
3209,37.4,26.774453450019056
3210,37.4,26.774453450019056
3211,37.4,26.774453450019056
3212,37.4,26.874453450019057
3213,37.4,26.874453450019057
3214,37.4,26.874453450019057
3215,37.4,26.874453450019057
3216,37.4,26.874453450019057
3217,37.4,27.031977524737705
3218,37.4,27.231977524737708
3219,37.4,27.335933900187285
3220,37.4,27.474453450019052
3221,37.4,27.474453450019052
3222,37.4,27.474453450019052
3223,37.4,27.56258432367029
3224,37.4,27.631977524737707
3225,37.4,27.631977524737707
3226,37.4,28.131977524737707
3227,37.4,28.13487809324913
3228,37.4,28.346491969568895
3229,37.4,28.516047602472923
3230,37.4,28.516047602472923
3231,37.4,28.516047602472923
3232,37.4,28.516047602472923
3233,37.4,28.516047602472923
3234,37.4,28.516047602472923
3235,37.4,28.516047602472923
3236,37.4,28.516047602472923
3237,37.4,28.516047602472923
3238,37.4,28.516047602472923
3239,37.4,28.516047602472923
3240,37.4,28.516047602472923
3241,37.4,28.516047602472923
3242,37.4,28.516047602472923
3243,37.4,28.516047602472923
3244,37.4,28.516047602472923
3245,37.4,28.516047602472923
3246,37.4,28.516047602472923
3247,37.4,28.516047602472923
3248,37.4,28.516047602472923
3249,37.4,28.516047602472923
3250,37.4,28.516047602472923
3251,37.4,28.519574693782836
3252,37.4,28.688967894850244
3253,37.4,28.731977524737708
3254,37.4,28.88791208791209
3255,37.4,28.931977524737704
3256,37.4,28.97445345001906
3257,37.4,29.074453450019053
3258,37.4,29.074453450019053
3259,37.4,29.074453450019053
3260,37.4,29.149380935806263
3261,37.4,29.149380935806263
3262,37.4,29.149380935806263
3263,37.4,29.216047602472912
3264,37.4,29.216047602472912
3265,37.4,29.216047602472912
3266,37.4,29.216047602472912
3267,37.4,29.216047602472912
3268,37.4,29.216047602472912
3269,37.4,29.216047602472912
3270,37.4,29.216047602472912
3271,37.4,29.216047602472912
3272,60.6,29.216047602472912
3273,60.6,29.216047602472912
3274,60.6,29.216047602472912
3275,60.6,29.216047602472912
3276,60.6,29.216047602472912
3277,60.6,29.216047602472912
3278,60.6,29.216047602472912
3279,60.6,29.216047602472912
3280,60.6,29.216047602472912
3281,60.6,29.216047602472912
3282,60.6,29.216047602472912
3283,60.6,29.216047602472912
3284,60.6,29.216047602472912
3285,60.6,29.216047602472912
3286,60.6,29.216047602472912
3287,60.6,29.216047602472912
3288,60.6,29.216047602472912
3289,60.6,29.216047602472912
3290,60.6,29.216047602472912
3291,60.6,29.2319775247377
3292,60.6,29.265616384620905
3293,60.6,29.33197752473771
3294,60.6,29.36654069911988
3295,60.6,29.531977524737705
3296,60.6,29.7319775247377
3297,60.6,29.831977524737702
3298,60.6,30.06548489218172
3299,60.6,30.131977524737707
3300,60.6,30.174453450019055
3301,60.6,30.174453450019055
3302,60.6,30.174453450019055
3303,60.6,30.187912087912085
3304,60.6,30.383031397963524
3305,60.6,30.549380935806255
3306,60.6,30.587912087912084
3307,60.6,30.616047602472918
3308,60.6,30.616047602472918
3309,60.6,30.616047602472918
3310,60.6,30.616047602472918
3311,60.6,30.616047602472918
3312,60.6,30.616047602472918
3313,60.6,30.616047602472918
3314,60.6,30.616047602472918
3315,60.6,30.616047602472918
3316,60.6,30.616047602472918
3317,60.6,30.616047602472918
3318,60.6,30.616047602472918
3319,60.6,30.616047602472918
3320,60.6,30.616047602472918
3321,60.6,30.616047602472918
3322,60.6,30.616047602472918
3323,60.6,30.65839590273977
3324,60.6,30.65839590273977
3325,60.6,31.049380935806255
3326,60.6,31.049380935806255
3327,60.6,31.116047602472918
3328,60.6,31.116047602472918
3329,60.6,31.116047602472918
3330,60.6,31.116047602472918
3331,60.6,31.116047602472918
3332,60.6,31.116047602472918
3333,60.6,31.116047602472918
3334,60.6,31.116047602472918
3335,60.6,31.116047602472918
3336,60.6,31.116047602472918
3337,60.6,31.116047602472918
3338,60.6,31.116047602472918
3339,60.6,31.116047602472918
3340,60.6,31.116047602472918
3341,60.6,31.116047602472918
3342,60.6,31.116047602472918
3343,60.6,31.116047602472918
3344,60.6,31.13487809324913
3345,60.6,31.208888999386737
3346,60.6,31.2319775247377
3347,60.66666666666666,31.30888899938674
3348,60.66666666666666,31.30888899938674
3349,60.66666666666666,31.38791208791209
3350,60.66666666666666,31.531977524737705
3351,60.66666666666666,31.574453450019053
3352,60.66666666666666,31.574453450019053
3353,60.66666666666666,31.787912087912087
3354,60.66666666666666,31.98791208791209
3355,60.66666666666666,31.98791208791209
3356,60.66666666666666,32.23487809324914
3357,60.66666666666666,32.23487809324914
3358,60.66666666666666,32.265616384620905
3359,60.66666666666666,32.33487809324913
3360,60.66666666666666,32.40888899938673
3361,60.66666666666666,32.53593390018729
3362,60.66666666666666,32.549380935806255
3363,60.66666666666666,32.549380935806255
3364,60.66666666666666,32.57445345001905
3365,60.66666666666666,32.57445345001905
3366,60.66666666666666,32.57445345001905
3367,60.66666666666666,32.57445345001905
3368,60.66666666666666,32.57445345001905
3369,60.66666666666666,32.57445345001905
3370,60.66666666666666,32.61604760247292
3371,60.66666666666666,32.61604760247292
3372,60.66666666666666,32.61604760247292
3373,60.66666666666666,32.61604760247292
3374,60.66666666666666,32.61604760247292
3375,60.66666666666666,32.61604760247292
3376,60.66666666666666,32.61604760247292
3377,60.66666666666666,32.61604760247292
3378,60.66666666666666,32.61604760247292
3379,60.66666666666666,32.61604760247292
3380,60.66666666666666,32.61604760247292
3381,60.66666666666666,32.61604760247292
3382,60.66666666666666,32.61604760247292
3383,60.66666666666666,32.61604760247292
3384,60.66666666666666,32.61604760247292
3385,60.66666666666666,32.61604760247292
3386,60.66666666666666,32.61604760247292
3387,60.66666666666666,32.61604760247292
3388,60.66666666666666,32.61604760247292
3389,60.66666666666666,32.61604760247292
3390,60.66666666666666,32.63487809324913
3391,60.66666666666666,32.64649196956889
3392,60.66666666666666,32.83487809324913
3393,60.66666666666666,32.83487809324913
3394,60.66666666666666,32.83487809324913
3395,60.66666666666666,33.17445345001906
3396,60.66666666666666,33.17445345001906
3397,60.66666666666666,33.17445345001906
3398,60.66666666666666,33.17445345001906
3399,60.66666666666666,33.17445345001906
3400,60.66666666666666,33.17445345001906
3401,60.66666666666666,33.17445345001906
3402,60.66666666666666,33.17445345001906
3403,60.66666666666666,33.24649196956889
3404,60.66666666666666,33.37445345001906
3405,60.66666666666666,33.37445345001906
3406,60.66666666666666,33.431977524737704
3407,60.66666666666666,33.474453450019055
3408,60.66666666666666,33.73593390018729
3409,60.66666666666666,34.566540699119884
3410,60.66666666666666,34.57445345001905
3411,60.66666666666666,34.57445345001905
3412,60.66666666666666,34.57445345001905
3413,60.66666666666666,34.57445345001905
3414,60.66666666666666,34.63197752473771
3415,60.66666666666666,34.98791208791209
3416,60.66666666666666,35.2319775247377
3417,60.66666666666666,35.23197752473771
3418,60.66666666666666,35.23197752473771
3419,60.66666666666666,35.33197752473771
3420,60.66666666666666,35.63197752473771
3421,60.66666666666666,35.83197752473771
3422,60.66666666666666,35.83197752473771
3423,60.66666666666666,35.974453450019055
3424,60.66666666666666,36.031977524737705
3425,60.66666666666666,36.13197752473771
3426,60.66666666666666,36.431977524737704
3427,60.66666666666666,37.03593390018729
3428,60.66666666666666,37.23197752473771
3429,60.66666666666666,37.58791208791209
3430,60.66666666666666,37.64938093580626
3431,60.66666666666666,37.64938093580626
3432,60.66666666666666,37.64938093580626
3433,60.66666666666666,37.64938093580626
3434,60.66666666666666,37.64938093580626
3435,60.66666666666666,37.71604760247291
3436,60.66666666666666,37.71604760247291
3437,60.66666666666666,37.71604760247291
3438,60.66666666666666,37.71604760247291
3439,60.66666666666666,37.71604760247291
3440,60.66666666666666,37.71604760247291
3441,60.66666666666666,37.71604760247291
3442,60.66666666666666,37.71604760247291
3443,60.66666666666666,37.71604760247291
3444,60.66666666666666,37.71604760247291
3445,60.66666666666666,37.71604760247291
3446,60.66666666666666,37.71604760247291
3447,60.66666666666666,37.71604760247291
3448,60.66666666666666,37.71604760247291
3449,60.66666666666666,37.71604760247291
3450,60.66666666666666,37.71604760247291
3451,60.66666666666666,37.71604760247291
3452,60.66666666666666,37.71604760247291
3453,60.66666666666666,37.71604760247291
3454,60.66666666666666,37.71604760247291
3455,60.66666666666666,37.71604760247291
3456,60.66666666666666,37.71604760247291
3457,60.66666666666666,37.71604760247291
3458,60.66666666666666,37.71604760247291
3459,60.66666666666666,37.71604760247291
3460,60.66666666666666,37.71604760247291
3461,60.66666666666666,37.71604760247291
3462,60.66666666666666,37.71604760247291
3463,60.66666666666666,37.71604760247291
3464,60.66666666666666,37.71604760247291
3465,60.66666666666666,37.71604760247291
3466,60.66666666666666,37.71604760247291
3467,60.66666666666666,37.71604760247291
3468,60.66666666666666,37.71604760247291
3469,60.66666666666666,37.71604760247291
3470,60.66666666666666,37.71604760247291
3471,60.66666666666666,37.71604760247291
3472,60.66666666666666,37.71604760247291
3473,60.66666666666666,37.71604760247291
3474,60.66666666666666,37.71604760247291
3475,60.66666666666666,37.71604760247291
3476,60.66666666666666,37.71604760247291
3477,60.66666666666666,37.71604760247291
3478,60.66666666666666,37.71604760247291
3479,60.66666666666666,37.71604760247291
3480,60.66666666666666,37.71604760247291
3481,60.66666666666666,37.71604760247291
3482,60.66666666666666,37.71604760247291
3483,60.66666666666666,37.71604760247291
3484,60.66666666666666,37.71604760247291
3485,60.66666666666666,37.71604760247291
3486,60.66666666666666,37.71604760247291
3487,60.66666666666666,37.71604760247291
3488,60.66666666666666,37.71604760247291
3489,60.66666666666666,37.71604760247291
3490,60.66666666666666,37.71604760247291
3491,60.66666666666666,37.71604760247291
3492,60.66666666666666,37.71604760247291
3493,60.66666666666666,37.71604760247291
3494,60.66666666666666,37.71604760247291
3495,60.66666666666666,37.83197752473771
3496,60.66666666666666,37.83197752473771
3497,60.66666666666666,37.83197752473771
3498,60.66666666666666,37.84649196956889
3499,60.66666666666666,38.12181780009834
3500,60.66666666666666,38.24938093580627
3501,60.66666666666666,38.24938093580627
3502,60.66666666666666,38.24938093580627
3503,60.66666666666666,38.24938093580627
3504,60.66666666666666,38.31604760247292
3505,60.66666666666666,38.31604760247292
3506,60.66666666666666,38.31604760247292
3507,60.66666666666666,38.31604760247292
3508,60.66666666666666,38.31604760247292
3509,60.66666666666666,38.31604760247292
3510,60.66666666666666,38.31604760247292
3511,60.66666666666666,38.31604760247292
3512,60.66666666666666,38.31604760247292
3513,60.66666666666666,38.31604760247292
3514,60.66666666666666,38.31604760247292
3515,60.66666666666666,38.31604760247292
3516,60.66666666666666,38.31604760247292
3517,60.66666666666666,38.31604760247292
3518,60.66666666666666,38.31604760247292
3519,60.66666666666666,38.31604760247292
3520,60.66666666666666,38.31604760247292
3521,60.66666666666666,38.31604760247292
3522,60.66666666666666,38.31604760247292
3523,60.66666666666666,38.31604760247292
3524,60.66666666666666,38.31604760247292
3525,60.66666666666666,38.31604760247292
3526,60.66666666666666,38.31604760247292
3527,60.66666666666666,38.31604760247292
3528,60.66666666666666,38.31604760247292
3529,60.66666666666666,38.31604760247292
3530,60.66666666666666,38.31604760247292
3531,60.66666666666666,38.31604760247292
3532,60.66666666666666,38.31604760247292
3533,60.66666666666666,38.31604760247292
3534,60.66666666666666,38.31604760247292
3535,60.66666666666666,38.31604760247292
3536,60.66666666666666,38.31604760247292
3537,60.66666666666666,38.31604760247292
3538,60.66666666666666,38.31604760247292
3539,60.66666666666666,38.31604760247292
3540,60.66666666666666,38.31604760247292
3541,60.66666666666666,38.31604760247292
3542,60.66666666666666,38.31604760247292
3543,60.66666666666666,38.31604760247292
3544,60.66666666666666,38.31604760247292
3545,60.66666666666666,38.31604760247292
3546,60.66666666666666,38.31604760247292
3547,60.66666666666666,38.31604760247292
3548,60.66666666666666,38.31604760247292
3549,60.66666666666666,38.31604760247292
3550,60.66666666666666,38.31604760247292
3551,60.66666666666666,38.31604760247292
3552,60.66666666666666,38.31604760247292
3553,60.66666666666666,38.31604760247292
3554,60.66666666666666,38.31604760247292
3555,60.66666666666666,38.31604760247292
3556,60.66666666666666,38.31604760247292
3557,60.66666666666666,38.31604760247292
3558,60.66666666666666,38.31604760247292
3559,60.66666666666666,38.31604760247292
3560,60.66666666666666,38.31604760247292
3561,60.66666666666666,38.31604760247292
3562,60.66666666666666,38.31604760247292
3563,60.66666666666666,38.31604760247292
3564,60.66666666666666,38.31604760247292
3565,60.66666666666666,38.31604760247292
3566,60.66666666666666,38.31604760247292
3567,60.66666666666666,38.31604760247292
3568,60.66666666666666,38.31604760247292
3569,60.66666666666666,38.31604760247292
3570,60.66666666666666,38.31604760247292
3571,60.66666666666666,38.31604760247292
3572,60.66666666666666,38.31604760247292
3573,60.66666666666666,38.31604760247292
3574,60.66666666666666,38.31604760247292
3575,60.66666666666666,38.31604760247292
3576,60.66666666666666,38.31604760247292
3577,60.66666666666666,38.31604760247292
3578,60.66666666666666,38.31604760247292
3579,60.66666666666666,38.31604760247292
3580,60.66666666666666,38.31604760247292
3581,60.66666666666666,38.31604760247292
3582,60.66666666666666,38.31604760247292
3583,60.66666666666666,38.31604760247292
3584,60.66666666666666,38.31604760247292
3585,60.66666666666666,38.31604760247292
3586,60.66666666666666,38.31604760247292
3587,60.66666666666666,38.31604760247292
3588,60.66666666666666,38.31604760247292
3589,60.66666666666666,38.31604760247292
3590,60.66666666666666,38.31604760247292
3591,60.66666666666666,38.31604760247292
3592,60.66666666666666,38.31604760247292
3593,60.66666666666666,38.31604760247292
3594,60.66666666666666,38.31604760247292
3595,60.66666666666666,38.31604760247292
3596,60.66666666666666,38.31604760247292
3597,60.66666666666666,38.35839590273977
3598,60.66666666666666,38.35839590273977
3599,60.66666666666666,38.77445345001905
3600,60.66666666666666,38.77445345001905
3601,60.66666666666666,39.049380935806255
3602,60.66666666666666,39.049380935806255
3603,60.66666666666666,39.049380935806255
3604,60.66666666666666,39.049380935806255
3605,60.66666666666666,39.049380935806255
3606,60.66666666666666,39.11604760247292
3607,60.66666666666666,39.11604760247292
3608,60.66666666666666,39.11604760247292
3609,60.66666666666666,39.11604760247292
3610,60.66666666666666,39.11604760247292
3611,60.66666666666666,39.11604760247292
3612,60.66666666666666,39.11604760247292
3613,60.66666666666666,39.11604760247292
3614,60.66666666666666,39.11604760247292
3615,60.66666666666666,39.11604760247292
3616,60.66666666666666,39.11604760247292
3617,60.66666666666666,39.11604760247292
3618,60.66666666666666,39.11604760247292
3619,60.66666666666666,39.11604760247292
3620,60.66666666666666,39.11604760247292
3621,60.66666666666666,39.11604760247292
3622,60.66666666666666,39.11604760247292
3623,60.66666666666666,39.11604760247292
3624,60.66666666666666,39.11604760247292
3625,60.66666666666666,39.11604760247292
3626,60.66666666666666,39.11604760247292
3627,60.66666666666666,39.11604760247292
3628,60.66666666666666,39.11604760247292
3629,60.66666666666666,39.11604760247292
3630,60.66666666666666,39.11604760247292
3631,60.66666666666666,39.11604760247292
3632,60.66666666666666,39.11604760247292
3633,60.66666666666666,39.11604760247292
3634,60.66666666666666,39.11604760247292
3635,60.66666666666666,39.11604760247292
3636,60.66666666666666,39.11604760247292
3637,60.66666666666666,39.11604760247292
3638,60.66666666666666,39.11604760247292
3639,60.66666666666666,39.11604760247292
3640,60.66666666666666,39.11604760247292
3641,60.66666666666666,39.11604760247292
3642,60.66666666666666,39.11604760247292
3643,60.66666666666666,39.11604760247292
3644,60.66666666666666,39.11604760247292
3645,60.66666666666666,39.11604760247292
3646,60.66666666666666,39.11604760247292
3647,60.66666666666666,39.11604760247292
3648,60.66666666666666,39.11604760247292
3649,60.66666666666666,39.11604760247292
3650,60.66666666666666,39.11604760247292
3651,60.66666666666666,39.11604760247292
3652,60.66666666666666,39.11604760247292
3653,60.66666666666666,39.11604760247292
3654,60.66666666666666,39.11604760247292
3655,60.66666666666666,39.11604760247292
3656,60.66666666666666,39.11604760247292
3657,60.66666666666666,39.11604760247292
3658,60.66666666666666,39.11604760247292
3659,60.66666666666666,39.11604760247292
3660,60.66666666666666,39.11604760247292
3661,60.66666666666666,39.11604760247292
3662,60.66666666666666,39.11604760247292
3663,60.66666666666666,39.11604760247292
3664,60.66666666666666,39.11604760247292
3665,60.66666666666666,39.11604760247292
3666,60.66666666666666,39.11604760247292
3667,60.66666666666666,39.11604760247292
3668,60.66666666666666,39.11604760247292
3669,60.66666666666666,39.11604760247292
3670,60.66666666666666,39.11604760247292
3671,60.66666666666666,39.11604760247292
3672,60.66666666666666,39.11604760247292
3673,60.66666666666666,39.11604760247292
3674,60.66666666666666,39.11604760247292
3675,60.66666666666666,39.11604760247292
3676,60.66666666666666,39.11604760247292
3677,60.66666666666666,39.11604760247292
3678,60.66666666666666,39.11604760247292
3679,60.66666666666666,39.11604760247292
3680,60.66666666666666,39.11604760247292
3681,60.66666666666666,39.11604760247292
3682,60.66666666666666,39.11604760247292
3683,60.66666666666666,39.11604760247292
3684,60.66666666666666,39.11604760247292
3685,60.66666666666666,39.11604760247292
3686,60.66666666666666,39.11604760247292
3687,60.66666666666666,39.11604760247292
3688,60.66666666666666,39.11604760247292
3689,60.66666666666666,39.11604760247292
3690,60.66666666666666,39.11604760247292
3691,60.66666666666666,39.11604760247292
3692,60.66666666666666,39.11604760247292
3693,60.66666666666666,39.11604760247292
3694,60.66666666666666,39.11604760247292
3695,60.66666666666666,39.11604760247292
3696,60.66666666666666,39.11604760247292
3697,60.66666666666666,39.11604760247292
3698,60.66666666666666,39.11604760247292
3699,60.66666666666666,39.11604760247292
3700,60.66666666666666,39.11604760247292
3701,60.66666666666666,39.15839590273977
3702,60.66666666666666,39.18791208791208
3703,60.66666666666666,39.18791208791208
3704,60.66666666666666,39.841120116685715
3705,60.66666666666666,39.98791208791208
3706,60.66666666666666,40.3411201166857
3707,60.66666666666666,40.3411201166857
3708,60.66666666666666,40.58791208791209
3709,60.66666666666666,40.83197752473771
3710,60.66666666666666,40.83487809324913
3711,60.66666666666666,41.041120116685704
3712,60.66666666666666,41.041120116685704
3713,60.66666666666666,41.041120116685704
3714,60.66666666666666,41.174453450019044
3715,60.66666666666666,41.24112011668571
3716,60.66666666666666,41.24112011668571
3717,60.66666666666666,41.24112011668571
3718,60.66666666666666,41.24112011668571
3719,60.66666666666666,42.44112011668571
3720,60.66666666666666,42.44112011668571
3721,60.66666666666666,42.44112011668571
3722,60.66666666666666,42.83487809324913
3723,60.66666666666666,43.174453450019044
3724,60.66666666666666,43.174453450019044
3725,60.66666666666666,43.174453450019044
3726,60.66666666666666,43.431977524737704
3727,60.66666666666666,43.849380935806266
3728,60.66666666666666,43.849380935806266
3729,60.66666666666666,43.849380935806266
3730,60.66666666666666,43.89172923607312
3731,60.66666666666666,43.916047602472915
3732,60.66666666666666,43.916047602472915
3733,60.66666666666666,43.916047602472915
3734,60.66666666666666,43.916047602472915
3735,60.66666666666666,43.916047602472915
3736,60.66666666666666,43.916047602472915
3737,60.66666666666666,43.916047602472915
3738,60.66666666666666,43.916047602472915
3739,60.66666666666666,43.916047602472915
3740,60.66666666666666,43.916047602472915
3741,60.66666666666666,43.916047602472915
3742,60.66666666666666,43.916047602472915
3743,60.66666666666666,43.916047602472915
3744,60.66666666666666,43.916047602472915
3745,60.66666666666666,43.916047602472915
3746,60.66666666666666,43.916047602472915
3747,60.66666666666666,43.916047602472915
3748,60.66666666666666,43.916047602472915
3749,60.66666666666666,43.916047602472915
3750,60.66666666666666,43.916047602472915
3751,60.66666666666666,43.916047602472915
3752,60.66666666666666,43.916047602472915
3753,60.66666666666666,43.916047602472915
3754,60.66666666666666,43.916047602472915
3755,60.66666666666666,43.916047602472915
3756,60.66666666666666,43.916047602472915
3757,60.66666666666666,43.916047602472915
3758,60.66666666666666,43.916047602472915
3759,60.66666666666666,43.916047602472915
3760,60.66666666666666,43.916047602472915
3761,60.66666666666666,43.916047602472915
3762,60.66666666666666,43.916047602472915
3763,60.66666666666666,43.916047602472915
3764,60.66666666666666,43.916047602472915
3765,60.66666666666666,43.916047602472915
3766,60.66666666666666,43.916047602472915
3767,60.66666666666666,43.916047602472915
3768,60.66666666666666,43.916047602472915
3769,60.66666666666666,43.916047602472915
3770,60.66666666666666,43.916047602472915
3771,60.66666666666666,43.916047602472915
3772,60.66666666666666,43.916047602472915
3773,60.66666666666666,43.916047602472915
3774,60.66666666666666,43.916047602472915
3775,60.66666666666666,43.916047602472915
3776,60.66666666666666,43.916047602472915
3777,60.66666666666666,43.916047602472915
3778,60.66666666666666,43.916047602472915
3779,60.66666666666666,43.916047602472915
3780,60.66666666666666,43.916047602472915
3781,60.66666666666666,43.916047602472915
3782,60.66666666666666,43.916047602472915
3783,60.66666666666666,43.916047602472915
3784,60.66666666666666,43.916047602472915
3785,60.66666666666666,43.916047602472915
3786,60.66666666666666,43.916047602472915
3787,60.66666666666666,43.916047602472915
3788,60.66666666666666,43.916047602472915
3789,60.66666666666666,43.916047602472915
3790,60.66666666666666,43.916047602472915
3791,60.66666666666666,43.916047602472915
3792,60.66666666666666,43.916047602472915
3793,60.66666666666666,43.916047602472915
3794,60.66666666666666,43.916047602472915
3795,60.66666666666666,43.916047602472915
3796,60.66666666666666,43.916047602472915
3797,60.66666666666666,43.916047602472915
3798,60.66666666666666,43.916047602472915
3799,60.66666666666666,43.916047602472915
3800,60.66666666666666,43.916047602472915
3801,60.66666666666666,43.916047602472915
3802,60.66666666666666,43.916047602472915
3803,60.66666666666666,43.916047602472915
3804,60.66666666666666,43.916047602472915
3805,60.66666666666666,43.95839590273977
3806,60.66666666666666,43.95839590273977
3807,60.66666666666666,43.95839590273977
3808,60.66666666666666,44.46033734993011
3809,60.66666666666666,44.474453450019055
3810,60.66666666666666,44.474453450019055
3811,60.66666666666666,44.541120116685704
3812,60.66666666666666,44.541120116685704
3813,60.66666666666666,44.541120116685704
3814,60.66666666666666,44.816047602472935
3815,60.66666666666666,45.33197752473771
3816,60.66666666666666,46.14938093580626
3817,60.66666666666666,46.216047602472926
3818,60.66666666666666,46.349380935806266
3819,60.66666666666666,46.35457875457874
3820,60.66666666666666,46.41604760247293
3821,60.66666666666666,46.57445345001905
3822,60.66666666666666,46.64112011668571
3823,60.66666666666666,46.64112011668571
3824,60.66666666666666,46.64112011668571
3825,60.66666666666666,46.64112011668571
3826,60.66666666666666,46.64112011668571
3827,60.66666666666666,46.73593390018729
3828,60.66666666666666,47.11604760247293
3829,60.66666666666666,47.11604760247293
3830,60.66666666666666,47.11604760247293
3831,60.66666666666666,47.11604760247293
3832,60.66666666666666,47.18742865982683
3833,60.66666666666666,47.254578754578745
3834,60.66666666666666,47.3411201166857
3835,60.66666666666666,47.3411201166857
3836,60.66666666666666,47.3411201166857
3837,60.66666666666666,47.3411201166857
3838,60.66666666666666,47.3411201166857
3839,60.66666666666666,47.3411201166857
3840,60.66666666666666,47.42581671721941
3841,60.66666666666666,48.03487809324912
3842,60.66666666666666,48.10154475991578
3843,60.66666666666666,48.24938093580627
3844,60.66666666666666,48.24938093580627
3845,60.66666666666666,48.24938093580627
3846,60.66666666666666,48.24938093580627
3847,60.66666666666666,48.24938093580627
3848,60.66666666666666,48.24938093580627
3849,60.66666666666666,48.31604760247292
3850,60.66666666666666,48.31604760247292
3851,60.66666666666666,48.31604760247292
3852,60.66666666666666,48.31604760247292
3853,60.66666666666666,48.31604760247292
3854,60.66666666666666,48.31604760247292
3855,60.66666666666666,48.31604760247292
3856,60.66666666666666,48.31604760247292
3857,60.66666666666666,48.31604760247292
3858,60.66666666666666,48.31604760247292
3859,60.66666666666666,48.31604760247292
3860,60.66666666666666,48.31604760247292
3861,60.66666666666666,48.31604760247292
3862,60.66666666666666,48.31604760247292
3863,60.66666666666666,48.31604760247292
3864,60.66666666666666,48.31604760247292
3865,60.66666666666666,48.31604760247292
3866,60.66666666666666,48.31604760247292
3867,60.66666666666666,48.31604760247292
3868,60.66666666666666,48.31604760247292
3869,60.66666666666666,48.31604760247292
3870,60.66666666666666,48.31604760247292
3871,60.66666666666666,48.31604760247292
3872,60.66666666666666,48.31604760247292
3873,60.66666666666666,48.31604760247292
3874,60.66666666666666,48.31604760247292
3875,60.66666666666666,48.31604760247292
3876,60.66666666666666,48.31604760247292
3877,60.66666666666666,48.31604760247292
3878,60.66666666666666,48.31604760247292
3879,60.66666666666666,48.31604760247292
3880,60.66666666666666,48.31604760247292
3881,60.66666666666666,48.31604760247292
3882,60.66666666666666,48.31604760247292
3883,60.66666666666666,48.31604760247292
3884,60.66666666666666,48.31604760247292
3885,60.66666666666666,48.31604760247292
3886,60.66666666666666,48.31604760247292
3887,60.66666666666666,48.31604760247292
3888,60.66666666666666,48.31604760247292
3889,60.66666666666666,48.31604760247292
3890,60.66666666666666,48.31604760247292
3891,60.66666666666666,48.31604760247292
3892,60.66666666666666,48.31604760247292
3893,60.66666666666666,48.31604760247292
3894,60.66666666666666,48.31604760247292
3895,60.66666666666666,48.31604760247292
3896,60.66666666666666,48.31604760247292
3897,60.66666666666666,48.31604760247292
3898,60.66666666666666,48.31604760247292
3899,60.66666666666666,48.31604760247292
3900,60.66666666666666,48.31604760247292
3901,60.66666666666666,48.31604760247292
3902,60.66666666666666,48.31604760247292
3903,60.66666666666666,48.31604760247292
3904,60.66666666666666,48.31604760247292
3905,60.66666666666666,48.31604760247292
3906,60.66666666666666,48.31604760247292
3907,60.66666666666666,48.31604760247292
3908,60.66666666666666,48.31604760247292
3909,60.66666666666666,48.31604760247292
3910,60.66666666666666,48.31604760247292
3911,60.66666666666666,48.31604760247292
3912,60.66666666666666,48.31604760247292
3913,60.66666666666666,48.31604760247292
3914,60.66666666666666,48.31604760247292
3915,60.66666666666666,48.31604760247292
3916,60.66666666666666,48.31604760247292
3917,60.66666666666666,48.31604760247292
3918,60.66666666666666,48.31604760247292
3919,60.66666666666666,48.31604760247292
3920,60.66666666666666,48.31604760247292
3921,60.66666666666666,48.31604760247292
3922,60.66666666666666,48.31604760247292
3923,60.66666666666666,48.31604760247292
3924,60.66666666666666,48.31604760247292
3925,60.66666666666666,48.31604760247292
3926,60.66666666666666,48.31604760247292
3927,60.66666666666666,48.31604760247292
3928,60.66666666666666,48.31604760247292
3929,60.66666666666666,48.31604760247292
3930,60.66666666666666,48.31604760247292
3931,60.66666666666666,48.31604760247292
3932,60.66666666666666,48.31604760247292
3933,60.66666666666666,48.31604760247292
3934,60.66666666666666,48.31604760247292
3935,60.66666666666666,48.31604760247292
3936,60.66666666666666,48.31604760247292
3937,60.66666666666666,48.31604760247292
3938,60.66666666666666,48.31604760247292
3939,60.66666666666666,48.31604760247292
3940,60.66666666666666,48.31604760247292
3941,60.66666666666666,48.316047602472935
3942,60.66666666666666,48.316047602472935
3943,60.66666666666666,48.316047602472935
3944,60.66666666666666,48.35839590273977
3945,60.66666666666666,48.35839590273977
3946,60.66666666666666,48.35839590273977
3947,60.66666666666666,48.387912087912085
3948,60.66666666666666,48.45457875457875
3949,60.66666666666666,48.674453450019044
3950,60.66666666666666,48.74112011668571
3951,60.66666666666666,48.74112011668571
3952,60.66666666666666,48.74112011668571
3953,60.66666666666666,48.74112011668571
3954,60.66666666666666,48.816047602472935
3955,60.66666666666666,48.816047602472935
3956,60.66666666666666,48.935933900187294
3957,60.66666666666666,49.24112011668571
3958,60.66666666666666,49.24112011668571
3959,60.66666666666666,49.24112011668571
3960,60.66666666666666,49.24112011668571
3961,60.66666666666666,49.24112011668571
3962,60.66666666666666,49.24112011668571
3963,60.66666666666666,49.28742865982684
3964,60.66666666666666,49.301544759915785
3965,60.66666666666666,50.23320736578654
3966,60.66666666666666,50.27555566605339
3967,60.66666666666666,50.55457875457874
3968,60.66666666666666,50.63197752473771
3969,60.66666666666666,50.74112011668571
3970,60.66666666666666,50.74112011668571
3971,60.66666666666666,50.74112011668571
3972,60.66666666666666,50.74112011668571
3973,60.66666666666666,50.74112011668571
3974,60.66666666666666,50.74112011668571
3975,60.66666666666666,51.00888899938673
3976,60.66666666666666,51.949380935806275
3977,60.66666666666666,52.01604760247294
3978,60.66666666666666,52.198644191404355
3979,60.66666666666666,52.198644191404355
3980,60.66666666666666,52.349380935806266
3981,60.66666666666666,52.41604760247293
3982,60.66666666666666,52.41604760247293
3983,60.66666666666666,52.41604760247293
3984,60.66666666666666,52.58791208791209
3985,60.66666666666666,53.09864419140436
3986,60.66666666666666,53.35457875457874
3987,60.66666666666666,53.50154475991579
3988,60.66666666666666,53.74938093580627
3989,60.66666666666666,53.74938093580627
3990,60.66666666666666,53.816047602472935
3991,60.66666666666666,53.816047602472935
3992,60.66666666666666,54.20154475991578
3993,60.66666666666666,54.20154475991578
3994,60.66666666666666,54.298644191404364
3995,60.66666666666666,54.298644191404364
3996,60.66666666666666,54.298644191404364
3997,60.66666666666666,54.754578754578745
3998,60.66666666666666,55.13320736578653
3999,60.66666666666666,55.175555666053384
4000,60.66666666666666,55.175555666053384
4001,60.66666666666666,55.18791208791208
4002,60.66666666666666,55.254578754578745
4003,60.66666666666666,55.254578754578745
4004,60.66666666666666,55.254578754578745
4005,60.66666666666666,55.60154475991578
4006,60.66666666666666,55.77445345001905
4007,60.66666666666666,55.77445345001905
4008,60.66666666666666,55.77445345001905
4009,60.66666666666666,55.8411201166857
4010,60.66666666666666,55.8411201166857
4011,60.66666666666666,55.8411201166857
4012,60.66666666666666,55.8411201166857
4013,60.66666666666666,55.8411201166857
4014,60.66666666666666,55.8411201166857
4015,60.66666666666666,55.8411201166857
4016,60.66666666666666,55.8411201166857
4017,60.66666666666666,55.8411201166857
4018,60.66666666666666,55.8411201166857
4019,60.66666666666666,55.8411201166857
4020,60.66666666666666,55.88346841695256
4021,60.66666666666666,56.10154475991578
4022,60.66666666666666,56.37445345001906
4023,60.66666666666666,56.37445345001906
4024,60.66666666666666,56.39864419140436
4025,60.66666666666666,56.39864419140436
4026,60.66666666666666,56.44112011668571
4027,60.66666666666666,56.44112011668571
4028,60.66666666666666,56.44112011668571
4029,60.66666666666666,56.44112011668571
4030,60.66666666666666,56.44112011668571
4031,60.66666666666666,56.44112011668571
4032,60.66666666666666,56.44112011668571
4033,60.66666666666666,56.44112011668571
4034,60.66666666666666,56.44112011668571
4035,60.66666666666666,56.44112011668571
4036,60.66666666666666,56.44112011668571
4037,60.66666666666666,56.44112011668571
4038,60.66666666666666,56.44112011668571
4039,60.66666666666666,56.44112011668571
4040,60.66666666666666,56.44112011668571
4041,60.66666666666666,56.44112011668571
4042,60.66666666666666,56.44112011668571
4043,60.66666666666666,56.44112011668571
4044,60.66666666666666,56.54938093580627
4045,60.66666666666666,56.57555566605339
4046,60.66666666666666,56.61604760247293
4047,60.66666666666666,56.61604760247293
4048,60.66666666666666,56.61604760247293
4049,60.66666666666666,56.658395902739784
4050,60.66666666666666,56.702600566853945
4051,60.66666666666666,56.754578754578745
4052,60.66666666666666,56.754578754578745
4053,60.66666666666666,57.174453450019044
4054,60.66666666666666,57.174453450019044
4055,60.66666666666666,57.24112011668571
4056,60.66666666666666,57.24112011668571
4057,60.66666666666666,57.24112011668571
4058,60.66666666666666,57.24112011668571
4059,60.66666666666666,57.24112011668571
4060,60.66666666666666,57.24112011668571
4061,60.66666666666666,57.24112011668571
4062,60.66666666666666,57.24112011668571
4063,60.66666666666666,57.24112011668571
4064,60.66666666666666,57.24112011668571
4065,60.66666666666666,57.24112011668571
4066,60.66666666666666,57.24112011668571
4067,60.66666666666666,57.24112011668571
4068,60.66666666666666,57.24112011668571
4069,60.66666666666666,57.24112011668571
4070,60.66666666666666,57.24112011668571
4071,60.66666666666666,57.24112011668571
4072,60.66666666666666,57.24112011668571
4073,60.66666666666666,57.71156912469128
4074,60.66666666666666,57.8556345615169
4075,60.66666666666666,58.14938093580628
4076,60.66666666666666,58.21604760247294
4077,60.66666666666666,58.21604760247294
4078,60.66666666666666,58.21604760247294
4079,60.66666666666666,58.21604760247294
4080,60.66666666666666,58.21604760247294
4081,60.66666666666666,58.21604760247294
4082,60.66666666666666,58.49864419140437
4083,60.66666666666666,58.50888899938673
4084,60.66666666666666,58.61604760247293
4085,60.66666666666666,58.61604760247293
4086,60.66666666666666,58.61604760247293
4087,60.66666666666666,58.61604760247293
4088,60.66666666666666,58.61604760247293
4089,60.66666666666666,58.61604760247293
4090,60.66666666666666,58.688484466765
4091,60.66666666666666,59.13197752473771
4092,60.66666666666666,59.198644191404355
4093,60.66666666666666,59.198644191404355
4094,60.66666666666666,60.04376543516814
4095,60.66666666666666,60.04938093580627
4096,60.66666666666666,60.04938093580627
4097,60.66666666666666,60.09172923607312
4098,60.66666666666666,60.11604760247293
4099,60.66666666666666,60.11604760247293
4100,60.66666666666666,60.11604760247293
4101,60.66666666666666,60.11604760247293
4102,60.66666666666666,60.11604760247293
4103,60.66666666666666,60.11604760247293
4104,60.66666666666666,60.11604760247293
4105,60.66666666666666,60.11604760247293
4106,60.66666666666666,60.11604760247293
4107,60.66666666666666,60.11604760247293
4108,60.66666666666666,60.11604760247293
4109,60.66666666666666,60.21315863623555
4110,60.66666666666666,60.349380935806266
4111,60.66666666666666,60.349380935806266
4112,60.66666666666666,60.349380935806266
4113,60.66666666666666,60.41604760247293
4114,60.66666666666666,60.41604760247293
4115,60.66666666666666,60.41604760247293
4116,60.66666666666666,60.41604760247293
4117,60.66666666666666,60.41604760247293
4118,60.66666666666666,60.41604760247293
4119,60.66666666666666,60.41604760247293
4120,60.66666666666666,60.41604760247293
4121,60.66666666666666,60.41604760247293
4122,60.66666666666666,60.41604760247293
4123,60.66666666666666,60.41604760247293
4124,60.66666666666666,60.41604760247293
4125,60.66666666666666,60.41604760247293
4126,60.66666666666666,60.41604760247293
4127,60.66666666666666,60.41604760247293
4128,60.66666666666666,60.41604760247293
4129,60.66666666666666,60.41604760247293
4130,60.66666666666666,60.41604760247293
4131,60.66666666666666,60.41604760247293
4132,60.66666666666666,60.41604760247293
4133,60.66666666666666,60.66666666666666
4134,60.66666666666666,60.66666666666666
4135,60.66666666666666,60.66666666666666
4136,60.66666666666666,60.66666666666666
4137,60.66666666666666,60.66666666666666
4138,60.66666666666666,60.66666666666666
4139,60.66666666666666,60.66666666666666
4140,60.66666666666666,60.66666666666666
4141,60.66666666666666,60.66666666666666
4142,60.66666666666666,60.66666666666666
4143,60.66666666666666,60.66666666666666
4144,60.66666666666666,60.66666666666666
4145,60.66666666666666,60.66666666666666
4146,60.66666666666666,60.66666666666666
4147,60.66666666666666,60.66666666666666
4148,60.66666666666666,60.66666666666666
4149,60.66666666666666,60.66666666666666
4150,60.66666666666666,60.66666666666666
4151,60.66666666666666,60.66666666666666
4152,60.66666666666666,60.66666666666666
4153,60.66666666666666,60.66666666666666
4154,60.66666666666666,60.66666666666666
4155,60.66666666666666,60.66666666666666
4156,60.66666666666666,60.66666666666666
4157,60.66666666666666,60.66666666666666
4158,60.66666666666666,60.66666666666666
4159,60.66666666666666,60.66666666666666
4160,60.66666666666666,60.66666666666666
4161,60.66666666666666,60.66666666666666
4162,60.66666666666666,60.66666666666666
4163,60.66666666666666,60.66666666666666
4164,60.66666666666666,60.66666666666666
4165,60.66666666666666,60.66666666666666
4166,60.66666666666666,60.66666666666666
4167,60.66666666666666,60.66666666666666
4168,60.66666666666666,60.66666666666666
4169,60.66666666666666,60.66666666666666
4170,60.66666666666666,60.66666666666666
4171,60.66666666666666,60.66666666666666
4172,60.66666666666666,60.66666666666666
4173,60.66666666666666,60.66666666666666
4174,60.66666666666666,60.66666666666666
4175,60.66666666666666,60.66666666666666
4176,60.66666666666666,60.66666666666666
4177,60.66666666666666,60.66666666666666
4178,60.66666666666666,60.66666666666666
4179,60.66666666666666,60.66666666666666
4180,60.66666666666666,60.66666666666666
4181,60.66666666666666,60.66666666666666
4182,60.66666666666666,60.66666666666666
4183,60.66666666666666,60.66666666666666
4184,60.66666666666666,60.66666666666666
4185,60.66666666666666,60.66666666666666
4186,60.66666666666666,60.66666666666666
4187,60.66666666666666,60.66666666666666
4188,60.66666666666666,60.66666666666666
4189,60.66666666666666,60.66666666666666
4190,60.66666666666666,60.66666666666666
4191,60.66666666666666,60.66666666666666
4192,60.66666666666666,60.66666666666666
4193,60.66666666666666,60.66666666666666
4194,60.66666666666666,60.66666666666666
4195,60.66666666666666,60.66666666666666
4196,60.66666666666666,60.66666666666666
4197,60.66666666666666,60.66666666666666
4198,60.66666666666666,60.66666666666666
4199,60.66666666666666,60.66666666666666
4200,60.66666666666666,60.66666666666666
4201,60.66666666666666,60.66666666666666
4202,60.66666666666666,60.66666666666666
4203,60.66666666666666,60.66666666666666
4204,60.66666666666666,60.66666666666666
4205,60.66666666666666,60.66666666666666
4206,60.66666666666666,60.66666666666666
4207,60.66666666666666,60.66666666666666
4208,60.66666666666666,60.66666666666666
4209,60.66666666666666,60.66666666666666
4210,60.66666666666666,60.66666666666666
4211,60.66666666666666,60.66666666666666
4212,60.66666666666666,60.66666666666666
4213,60.66666666666666,60.66666666666666
4214,60.66666666666666,60.66666666666666
4215,60.66666666666666,60.66666666666666
4216,60.66666666666666,60.66666666666666
4217,60.66666666666666,60.66666666666666
4218,60.66666666666666,60.66666666666666
4219,60.66666666666666,60.66666666666666
4220,60.66666666666666,60.66666666666666
4221,60.66666666666666,60.66666666666666
4222,60.66666666666666,60.66666666666666
4223,60.66666666666666,60.66666666666666
4224,60.66666666666666,60.66666666666666
4225,60.66666666666666,60.66666666666666
4226,60.66666666666666,60.66666666666666
4227,60.66666666666666,60.66666666666666
4228,60.66666666666666,60.66666666666666
4229,60.66666666666666,60.66666666666666
4230,60.66666666666666,60.66666666666666
4231,60.66666666666666,60.66666666666666
4232,60.66666666666666,60.66666666666666
4233,60.66666666666666,60.66666666666666
4234,60.66666666666666,60.66666666666666
4235,60.66666666666666,60.66666666666666
4236,60.66666666666666,60.66666666666666
4237,60.66666666666666,60.66666666666666
4238,60.66666666666666,60.66666666666666
4239,60.66666666666666,60.66666666666666
4240,60.66666666666666,60.66666666666666
4241,60.66666666666666,60.66666666666666
4242,60.66666666666666,60.66666666666666
4243,60.66666666666666,60.66666666666666
4244,60.66666666666666,60.66666666666666
4245,60.66666666666666,60.66666666666666
4246,60.66666666666666,60.66666666666666
4247,60.66666666666666,60.66666666666666
4248,60.66666666666666,60.66666666666666
4249,60.66666666666666,60.66666666666666
4250,60.66666666666666,60.66666666666666
4251,60.66666666666666,60.66666666666666
4252,60.66666666666666,60.66666666666666
4253,60.66666666666666,60.66666666666666
4254,60.66666666666666,60.66666666666666
4255,60.66666666666666,60.66666666666666
4256,60.66666666666666,60.66666666666666
4257,60.66666666666666,60.66666666666666
4258,60.66666666666666,60.66666666666666
4259,60.66666666666666,60.66666666666666
4260,60.66666666666666,60.66666666666666
4261,60.66666666666666,60.66666666666666
4262,60.66666666666666,60.66666666666666
4263,60.66666666666666,60.66666666666666
4264,60.66666666666666,60.66666666666666
4265,60.66666666666666,60.66666666666666
4266,60.66666666666666,60.66666666666666
4267,60.66666666666666,60.66666666666666
4268,60.66666666666666,60.66666666666666
4269,60.66666666666666,60.66666666666666
4270,60.66666666666666,60.66666666666666
4271,60.66666666666666,60.66666666666666
4272,60.66666666666666,60.66666666666666
4273,60.66666666666666,60.66666666666666
4274,60.66666666666666,60.66666666666666
4275,60.66666666666666,60.66666666666666
4276,60.66666666666666,60.66666666666666
4277,60.66666666666666,60.66666666666666
4278,60.66666666666666,60.66666666666666
4279,60.66666666666666,60.66666666666666
4280,60.66666666666666,60.66666666666666
4281,60.66666666666666,60.66666666666666
4282,60.66666666666666,60.66666666666666
4283,60.66666666666666,60.66666666666666
4284,60.66666666666666,60.66666666666666
4285,60.66666666666666,60.66666666666666
4286,60.66666666666666,60.66666666666666
4287,60.66666666666666,60.66666666666666
4288,60.66666666666666,60.66666666666666
4289,60.66666666666666,60.66666666666666
4290,60.66666666666666,60.66666666666666
4291,60.66666666666666,60.66666666666666
4292,60.66666666666666,60.66666666666666
4293,60.66666666666666,60.66666666666666
4294,60.66666666666666,60.66666666666666
4295,60.66666666666666,60.66666666666666
4296,60.66666666666666,60.66666666666666
4297,60.66666666666666,60.66666666666666
4298,60.66666666666666,60.66666666666666
4299,60.66666666666666,60.66666666666666
4300,60.66666666666666,60.66666666666666
4301,60.66666666666666,60.66666666666666
4302,60.66666666666666,60.66666666666666
4303,60.66666666666666,60.66666666666666
4304,60.66666666666666,60.66666666666666
4305,60.66666666666666,60.66666666666666
4306,60.66666666666666,60.66666666666666
4307,60.66666666666666,60.66666666666666
4308,60.66666666666666,60.66666666666666
4309,60.66666666666666,60.66666666666666
4310,60.66666666666666,60.66666666666666
4311,60.66666666666666,60.66666666666666
4312,60.66666666666666,60.66666666666666
4313,60.66666666666666,60.66666666666666
4314,60.66666666666666,60.66666666666666
4315,60.66666666666666,60.66666666666666
4316,60.66666666666666,60.66666666666666
4317,60.66666666666666,60.66666666666666
4318,60.66666666666666,60.66666666666666
4319,60.66666666666666,60.66666666666666
4320,60.66666666666666,60.66666666666666
4321,60.66666666666666,60.66666666666666
4322,60.66666666666666,60.66666666666666
4323,60.66666666666666,60.66666666666666
4324,60.66666666666666,60.66666666666666
4325,60.66666666666666,60.66666666666666
4326,60.66666666666666,60.66666666666666
4327,60.66666666666666,60.66666666666666
4328,60.66666666666666,60.66666666666666
4329,60.66666666666666,60.66666666666666
4330,60.66666666666666,60.66666666666666
4331,60.66666666666666,60.66666666666666
4332,60.66666666666666,60.66666666666666
4333,60.66666666666666,60.66666666666666
4334,60.66666666666666,60.66666666666666
4335,60.66666666666666,60.66666666666666
4336,60.66666666666666,60.66666666666666
4337,60.66666666666666,60.66666666666666
4338,60.66666666666666,60.66666666666666
4339,60.66666666666666,60.66666666666666
4340,60.66666666666666,60.66666666666666
4341,60.66666666666666,60.66666666666666
4342,60.66666666666666,60.66666666666666
4343,60.66666666666666,60.66666666666666
4344,60.66666666666666,60.66666666666666
4345,60.66666666666666,60.66666666666666
4346,60.66666666666666,60.66666666666666
4347,60.66666666666666,60.66666666666666
4348,60.66666666666666,60.66666666666666
4349,60.66666666666666,60.66666666666666
4350,60.66666666666666,60.66666666666666
4351,60.66666666666666,60.66666666666666
4352,60.66666666666666,60.66666666666666
4353,60.66666666666666,60.66666666666666
4354,60.66666666666666,60.66666666666666
4355,60.66666666666666,60.66666666666666
4356,60.66666666666666,60.66666666666666
4357,60.66666666666666,60.66666666666666
4358,60.66666666666666,60.66666666666666
4359,60.66666666666666,60.66666666666666
4360,60.66666666666666,60.66666666666666
4361,60.66666666666666,60.66666666666666
4362,60.66666666666666,60.66666666666666
4363,60.66666666666666,60.66666666666666
4364,60.66666666666666,60.66666666666666
4365,60.66666666666666,60.66666666666666
4366,60.66666666666666,60.66666666666666
4367,60.66666666666666,60.66666666666666
4368,60.66666666666666,60.66666666666666
4369,60.66666666666666,60.66666666666666
4370,60.66666666666666,60.66666666666666
4371,60.66666666666666,60.66666666666666
4372,60.66666666666666,60.66666666666666
4373,60.66666666666666,60.66666666666666
4374,60.66666666666666,60.66666666666666
4375,60.66666666666666,60.66666666666666
4376,60.66666666666666,60.66666666666666
4377,60.66666666666666,60.66666666666666
4378,60.66666666666666,60.66666666666666
4379,60.66666666666666,60.66666666666666
4380,60.66666666666666,60.66666666666666
4381,60.66666666666666,60.66666666666666
4382,60.66666666666666,60.66666666666666
4383,60.66666666666666,60.66666666666666
4384,60.66666666666666,60.66666666666666
4385,60.66666666666666,60.66666666666666
4386,60.66666666666666,60.66666666666666
4387,60.66666666666666,60.66666666666666
4388,60.66666666666666,60.66666666666666
4389,60.66666666666666,60.66666666666666
4390,60.66666666666666,60.66666666666666
4391,60.66666666666666,60.66666666666666
4392,60.66666666666666,60.66666666666666
4393,60.66666666666666,60.66666666666666
4394,60.66666666666666,60.66666666666666
4395,60.66666666666666,60.66666666666666
4396,60.66666666666666,60.66666666666666
4397,60.66666666666666,60.66666666666666
4398,60.66666666666666,60.66666666666666
4399,60.66666666666666,60.66666666666666
4400,60.66666666666666,60.66666666666666
4401,60.66666666666666,60.66666666666666
4402,60.66666666666666,60.66666666666666
4403,60.66666666666666,60.66666666666666
4404,60.66666666666666,60.66666666666666
4405,60.66666666666666,60.66666666666666
4406,60.66666666666666,60.66666666666666
4407,60.66666666666666,60.66666666666666
4408,60.66666666666666,60.66666666666666
4409,60.66666666666666,60.66666666666666
4410,60.66666666666666,60.66666666666666
4411,60.66666666666666,60.66666666666666
4412,60.66666666666666,60.66666666666666
4413,60.66666666666666,60.66666666666666
4414,60.66666666666666,60.66666666666666
4415,60.66666666666666,60.66666666666666
4416,60.66666666666666,60.66666666666666
4417,60.66666666666666,60.66666666666666
4418,60.66666666666666,60.66666666666666
4419,60.66666666666666,60.66666666666666
4420,60.66666666666666,60.66666666666666
4421,60.66666666666666,60.66666666666666
4422,60.66666666666666,60.66666666666666
4423,60.66666666666666,60.66666666666666
4424,60.66666666666666,60.66666666666666
4425,60.66666666666666,60.66666666666666
4426,60.66666666666666,60.66666666666666
4427,60.66666666666666,60.66666666666666
4428,60.66666666666666,60.66666666666666
4429,60.66666666666666,60.66666666666666
4430,60.66666666666666,60.66666666666666
4431,60.66666666666666,60.66666666666666
4432,60.66666666666666,60.66666666666666
4433,60.66666666666666,60.66666666666666
4434,60.66666666666666,60.66666666666666
4435,60.66666666666666,60.66666666666666
4436,60.66666666666666,60.66666666666666
4437,60.66666666666666,60.66666666666666
4438,60.66666666666666,60.66666666666666
4439,60.66666666666666,60.66666666666666
4440,60.66666666666666,60.66666666666666
4441,60.66666666666666,60.66666666666666
4442,60.66666666666666,60.66666666666666
4443,60.66666666666666,60.66666666666666
4444,60.66666666666666,60.66666666666666
4445,60.66666666666666,60.66666666666666
4446,60.66666666666666,60.66666666666666
4447,60.66666666666666,60.66666666666666
4448,60.66666666666666,60.66666666666666
4449,60.66666666666666,60.66666666666666
4450,60.66666666666666,60.66666666666666
4451,60.66666666666666,60.66666666666666
4452,60.66666666666666,60.66666666666666
4453,60.66666666666666,60.66666666666666
4454,60.66666666666666,60.66666666666666
4455,60.66666666666666,60.66666666666666
4456,60.66666666666666,60.66666666666666
4457,60.66666666666666,60.66666666666666
4458,60.66666666666666,60.66666666666666
4459,60.66666666666666,60.66666666666666
4460,60.66666666666666,60.66666666666666
4461,60.66666666666666,60.66666666666666
4462,60.66666666666666,60.66666666666666
4463,60.66666666666666,60.66666666666666
4464,60.66666666666666,60.66666666666666
4465,60.66666666666666,60.66666666666666
4466,60.66666666666666,60.66666666666666
4467,60.66666666666666,60.66666666666666
4468,60.66666666666666,60.66666666666666
4469,60.66666666666666,60.66666666666666
4470,60.66666666666666,60.66666666666666
4471,60.66666666666666,60.66666666666666
4472,60.66666666666666,60.66666666666666
4473,60.66666666666666,60.66666666666666
4474,60.66666666666666,60.66666666666666
4475,60.66666666666666,60.66666666666666
4476,60.66666666666666,60.66666666666666
4477,60.66666666666666,60.66666666666666
4478,60.66666666666666,60.66666666666666
4479,60.66666666666666,60.66666666666666
4480,60.66666666666666,60.66666666666666
4481,60.66666666666666,60.66666666666666
4482,60.66666666666666,60.66666666666666
4483,60.66666666666666,60.66666666666666
4484,60.66666666666666,60.66666666666666
4485,60.66666666666666,60.66666666666666
4486,60.66666666666666,60.66666666666666
4487,60.66666666666666,60.66666666666666
4488,60.66666666666666,60.66666666666666
4489,60.66666666666666,60.66666666666666
4490,60.66666666666666,60.66666666666666
4491,60.66666666666666,60.66666666666666
4492,60.66666666666666,60.66666666666666
4493,60.66666666666666,60.66666666666666
4494,60.66666666666666,60.66666666666666
4495,60.66666666666666,60.66666666666666
4496,60.66666666666666,60.66666666666666
4497,60.66666666666666,60.66666666666666
4498,60.66666666666666,60.66666666666666
4499,60.66666666666666,60.66666666666666
4500,60.66666666666666,60.66666666666666
4501,60.66666666666666,60.66666666666666
4502,60.66666666666666,60.66666666666666
4503,60.66666666666666,60.66666666666666
4504,60.66666666666666,60.66666666666666
4505,60.66666666666666,60.66666666666666
4506,60.66666666666666,60.66666666666666
4507,60.66666666666666,60.66666666666666
4508,60.66666666666666,60.66666666666666
4509,60.66666666666666,60.66666666666666
4510,60.66666666666666,60.66666666666666
4511,60.66666666666666,60.66666666666666
4512,60.66666666666666,60.66666666666666
4513,60.66666666666666,60.66666666666666
4514,60.66666666666666,60.66666666666666
4515,60.66666666666666,60.66666666666666
4516,60.66666666666666,60.66666666666666
4517,60.66666666666666,60.66666666666666
4518,60.66666666666666,60.66666666666666
4519,60.66666666666666,60.66666666666666
4520,60.66666666666666,60.66666666666666
4521,60.66666666666666,60.66666666666666
4522,60.66666666666666,60.66666666666666
4523,60.66666666666666,60.66666666666666
4524,60.66666666666666,60.66666666666666
4525,60.66666666666666,60.66666666666666
4526,60.66666666666666,60.66666666666666
4527,60.66666666666666,60.66666666666666
4528,60.66666666666666,60.66666666666666
4529,60.66666666666666,60.66666666666666
4530,60.66666666666666,60.66666666666666
4531,60.66666666666666,60.66666666666666
4532,60.66666666666666,60.66666666666666
4533,60.66666666666666,60.66666666666666
4534,60.66666666666666,60.66666666666666
4535,60.66666666666666,60.66666666666666
4536,60.66666666666666,60.66666666666666
4537,60.66666666666666,60.66666666666666
4538,60.66666666666666,60.66666666666666
4539,60.66666666666666,60.66666666666666
4540,60.66666666666666,60.66666666666666
4541,60.66666666666666,60.66666666666666
4542,60.66666666666666,60.66666666666666
4543,60.66666666666666,60.66666666666666
4544,60.66666666666666,60.66666666666666
4545,60.66666666666666,60.66666666666666
4546,60.66666666666666,60.66666666666666
4547,60.66666666666666,60.66666666666666
4548,60.66666666666666,60.66666666666666
4549,60.66666666666666,60.66666666666666
4550,60.66666666666666,60.66666666666666
4551,60.66666666666666,60.66666666666666
4552,60.66666666666666,60.66666666666666
4553,60.66666666666666,60.66666666666666
4554,60.66666666666666,60.66666666666666
4555,60.66666666666666,60.66666666666666
4556,60.66666666666666,60.66666666666666
4557,60.66666666666666,60.66666666666666
4558,60.66666666666666,60.66666666666666
4559,60.66666666666666,60.66666666666666
4560,60.66666666666666,60.66666666666666
4561,60.66666666666666,60.66666666666666
4562,60.66666666666666,60.66666666666666
4563,60.66666666666666,60.66666666666666
4564,60.66666666666666,60.66666666666666
4565,60.66666666666666,60.66666666666666
4566,60.66666666666666,60.66666666666666
4567,60.66666666666666,60.66666666666666
4568,60.66666666666666,60.66666666666666
4569,60.66666666666666,60.66666666666666
4570,60.66666666666666,60.66666666666666
4571,60.66666666666666,60.66666666666666
4572,60.66666666666666,60.66666666666666
4573,60.66666666666666,60.66666666666666
4574,60.66666666666666,60.66666666666666
4575,60.66666666666666,60.66666666666666
4576,60.66666666666666,60.66666666666666
4577,60.66666666666666,60.66666666666666
4578,60.66666666666666,60.66666666666666
4579,60.66666666666666,60.66666666666666
4580,60.66666666666666,60.66666666666666
4581,60.66666666666666,60.66666666666666
4582,60.66666666666666,60.66666666666666
4583,60.66666666666666,60.66666666666666
4584,60.66666666666666,60.66666666666666
4585,60.66666666666666,60.66666666666666
4586,60.66666666666666,60.66666666666666
4587,60.66666666666666,60.66666666666666
4588,60.66666666666666,60.66666666666666
4589,60.66666666666666,60.66666666666666
4590,60.66666666666666,60.66666666666666
4591,60.66666666666666,60.66666666666666
4592,60.66666666666666,60.66666666666666
4593,60.66666666666666,60.66666666666666
4594,60.66666666666666,60.66666666666666
4595,60.66666666666666,60.66666666666666
4596,60.66666666666666,60.66666666666666
4597,60.66666666666666,60.66666666666666
4598,60.66666666666666,60.66666666666666
4599,60.66666666666666,60.66666666666666
4600,60.66666666666666,60.66666666666666
4601,60.66666666666666,60.66666666666666
4602,60.66666666666666,60.66666666666666
4603,60.66666666666666,60.66666666666666
4604,60.66666666666666,60.66666666666666
4605,60.66666666666666,60.66666666666666
4606,60.66666666666666,60.66666666666666
4607,60.66666666666666,60.66666666666666
4608,60.66666666666666,60.66666666666666
4609,60.66666666666666,60.66666666666666
4610,60.66666666666666,60.66666666666666
4611,60.66666666666666,60.66666666666666
4612,60.66666666666666,60.66666666666666
4613,60.66666666666666,60.66666666666666
4614,60.66666666666666,60.66666666666666
4615,60.66666666666666,60.66666666666666
4616,60.66666666666666,60.66666666666666
4617,60.66666666666666,60.66666666666666
4618,60.66666666666666,60.66666666666666
4619,60.66666666666666,60.66666666666666
4620,60.66666666666666,60.66666666666666
4621,60.66666666666666,60.66666666666666
4622,60.66666666666666,60.66666666666666
4623,60.66666666666666,60.66666666666666
4624,60.66666666666666,60.66666666666666
4625,60.66666666666666,60.66666666666666
4626,60.66666666666666,60.66666666666666
4627,60.66666666666666,60.66666666666666
4628,60.66666666666666,60.66666666666666
4629,60.66666666666666,60.66666666666666
4630,60.66666666666666,60.66666666666666
4631,60.66666666666666,60.66666666666666
4632,60.66666666666666,60.66666666666666
4633,60.66666666666666,60.66666666666666
4634,60.66666666666666,60.66666666666666
4635,60.66666666666666,60.66666666666666
4636,60.66666666666666,60.66666666666666
4637,60.66666666666666,60.66666666666666
4638,60.66666666666666,60.66666666666666
4639,60.66666666666666,60.66666666666666
4640,60.66666666666666,60.66666666666666
4641,60.66666666666666,60.66666666666666
4642,60.66666666666666,60.66666666666666
4643,60.66666666666666,60.66666666666666
4644,60.66666666666666,60.66666666666666
4645,60.66666666666666,60.66666666666666
4646,60.66666666666666,60.66666666666666
4647,60.66666666666666,60.66666666666666
4648,60.66666666666666,60.66666666666666
4649,60.66666666666666,60.66666666666666
4650,60.66666666666666,60.66666666666666
4651,60.66666666666666,60.66666666666666
4652,60.66666666666666,60.66666666666666
4653,60.66666666666666,60.66666666666666
4654,60.66666666666666,60.66666666666666
4655,60.66666666666666,60.66666666666666
4656,60.66666666666666,60.66666666666666
4657,60.66666666666666,60.66666666666666
4658,60.66666666666666,60.66666666666666
4659,60.66666666666666,60.66666666666666
4660,60.66666666666666,60.66666666666666
4661,60.66666666666666,60.66666666666666
4662,60.66666666666666,60.66666666666666
4663,60.66666666666666,60.66666666666666
4664,60.66666666666666,60.66666666666666
4665,60.66666666666666,60.66666666666666
4666,60.66666666666666,60.66666666666666
4667,60.66666666666666,60.66666666666666
4668,60.66666666666666,60.66666666666666
4669,60.66666666666666,60.66666666666666
4670,60.66666666666666,60.66666666666666
4671,60.66666666666666,60.66666666666666
4672,60.66666666666666,60.66666666666666
4673,60.66666666666666,60.66666666666666
4674,60.66666666666666,60.66666666666666
4675,60.66666666666666,60.66666666666666
4676,60.66666666666666,60.66666666666666
4677,60.66666666666666,60.66666666666666
4678,60.66666666666666,60.66666666666666
4679,60.66666666666666,60.66666666666666
4680,60.66666666666666,60.66666666666666
4681,60.66666666666666,60.66666666666666
4682,60.66666666666666,60.66666666666666
4683,60.66666666666666,60.66666666666666
4684,60.66666666666666,60.66666666666666
4685,60.66666666666666,60.66666666666666
4686,60.66666666666666,60.66666666666666
4687,60.66666666666666,60.66666666666666
4688,60.66666666666666,60.66666666666666
4689,60.66666666666666,60.66666666666666
4690,60.66666666666666,60.66666666666666
4691,60.66666666666666,60.66666666666666
4692,60.66666666666666,60.66666666666666
4693,60.66666666666666,60.66666666666666
4694,60.66666666666666,60.66666666666666
4695,60.66666666666666,60.66666666666666
4696,60.66666666666666,60.66666666666666
4697,60.66666666666666,60.66666666666666
4698,60.66666666666666,60.66666666666666
4699,60.66666666666666,60.66666666666666
4700,60.66666666666666,60.66666666666666
4701,60.66666666666666,60.66666666666666
4702,60.66666666666666,60.66666666666666
4703,60.66666666666666,60.66666666666666
4704,60.66666666666666,60.66666666666666
4705,60.66666666666666,60.66666666666666
4706,60.66666666666666,60.66666666666666
4707,60.66666666666666,60.66666666666666
4708,60.66666666666666,60.66666666666666
4709,60.66666666666666,60.66666666666666
4710,60.66666666666666,60.66666666666666
4711,60.66666666666666,60.66666666666666
4712,60.66666666666666,60.66666666666666
4713,60.66666666666666,60.66666666666666
4714,60.66666666666666,60.66666666666666
4715,60.66666666666666,60.66666666666666
4716,60.66666666666666,60.66666666666666
4717,60.66666666666666,60.66666666666666
4718,60.66666666666666,60.66666666666666
4719,60.66666666666666,60.66666666666666
4720,60.66666666666666,60.66666666666666
4721,60.66666666666666,60.66666666666666
4722,60.66666666666666,60.66666666666666
4723,60.66666666666666,60.66666666666666
4724,60.66666666666666,60.66666666666666
4725,60.66666666666666,60.66666666666666
4726,60.66666666666666,60.66666666666666
4727,60.66666666666666,60.66666666666666
4728,60.66666666666666,60.66666666666666
4729,60.66666666666666,60.66666666666666
4730,60.66666666666666,60.66666666666666
4731,60.66666666666666,60.66666666666666
4732,60.66666666666666,60.66666666666666
4733,60.66666666666666,60.66666666666666
4734,60.66666666666666,60.66666666666666
4735,60.66666666666666,60.66666666666666
4736,60.66666666666666,60.66666666666666
4737,60.66666666666666,60.66666666666666
4738,60.66666666666666,60.66666666666666
4739,60.66666666666666,60.66666666666666
4740,60.66666666666666,60.66666666666666
4741,60.66666666666666,60.66666666666666
4742,60.66666666666666,60.66666666666666
4743,60.66666666666666,60.66666666666666
4744,60.66666666666666,60.66666666666666
4745,60.66666666666666,60.66666666666666
4746,60.66666666666666,60.66666666666666
4747,60.66666666666666,60.66666666666666
4748,60.66666666666666,60.66666666666666
4749,60.66666666666666,60.66666666666666
4750,60.66666666666666,60.66666666666666
4751,60.66666666666666,60.66666666666666
4752,60.66666666666666,60.66666666666666
4753,60.66666666666666,60.66666666666666
4754,60.66666666666666,60.66666666666666
4755,60.66666666666666,60.66666666666666
4756,60.66666666666666,60.66666666666666
4757,60.66666666666666,60.66666666666666
4758,60.66666666666666,60.66666666666666
4759,60.66666666666666,60.66666666666666
4760,60.66666666666666,60.66666666666666
4761,60.66666666666666,60.66666666666666
4762,60.66666666666666,60.66666666666666
4763,60.66666666666666,60.66666666666666
4764,60.66666666666666,60.66666666666666
4765,60.66666666666666,60.66666666666666
4766,60.66666666666666,60.66666666666666
4767,60.66666666666666,60.66666666666666
4768,60.66666666666666,60.66666666666666
4769,60.66666666666666,60.66666666666666
4770,60.66666666666666,60.66666666666666
4771,60.66666666666666,60.66666666666666
4772,60.66666666666666,60.66666666666666
4773,60.66666666666666,60.66666666666666
4774,60.66666666666666,60.66666666666666
4775,60.66666666666666,60.66666666666666
4776,60.66666666666666,60.66666666666666
4777,60.66666666666666,60.66666666666666
4778,60.66666666666666,60.66666666666666
4779,60.66666666666666,60.66666666666666
4780,60.66666666666666,60.66666666666666
4781,60.66666666666666,60.66666666666666
4782,60.66666666666666,60.66666666666666
4783,60.66666666666666,60.66666666666666
4784,60.66666666666666,60.66666666666666
4785,60.66666666666666,60.66666666666666
4786,60.66666666666666,60.66666666666666
4787,60.66666666666666,60.66666666666666
4788,60.66666666666666,60.66666666666666
4789,60.66666666666666,60.66666666666666
4790,60.66666666666666,60.66666666666666
4791,60.66666666666666,60.66666666666666
4792,60.66666666666666,60.66666666666666
4793,60.66666666666666,60.66666666666666
4794,60.66666666666666,60.66666666666666
4795,60.66666666666666,60.66666666666666
4796,60.66666666666666,60.66666666666666
4797,60.66666666666666,60.66666666666666
4798,60.66666666666666,60.66666666666666
4799,60.66666666666666,60.66666666666666
4800,60.66666666666666,60.66666666666666
4801,60.66666666666666,60.66666666666666
4802,60.66666666666666,60.66666666666666
4803,60.66666666666666,60.66666666666666
4804,60.66666666666666,60.66666666666666
4805,60.66666666666666,60.66666666666666
4806,60.66666666666666,60.66666666666666
4807,60.66666666666666,60.66666666666666
4808,60.66666666666666,60.66666666666666
4809,60.66666666666666,60.66666666666666
4810,60.66666666666666,60.66666666666666
4811,60.66666666666666,60.66666666666666
4812,60.66666666666666,60.66666666666666
4813,60.66666666666666,60.66666666666666
4814,60.66666666666666,60.66666666666666
4815,60.66666666666666,60.66666666666666
4816,60.66666666666666,60.66666666666666
4817,60.66666666666666,60.66666666666666
4818,60.66666666666666,60.66666666666666
4819,60.66666666666666,60.66666666666666
4820,60.66666666666666,60.66666666666666
4821,60.66666666666666,60.66666666666666
4822,60.66666666666666,60.66666666666666
4823,60.66666666666666,60.66666666666666
4824,60.66666666666666,60.66666666666666
4825,60.66666666666666,60.66666666666666
4826,60.66666666666666,60.66666666666666
4827,60.66666666666666,60.66666666666666
4828,60.66666666666666,60.66666666666666
4829,60.66666666666666,60.66666666666666
4830,60.66666666666666,60.66666666666666
4831,60.66666666666666,60.66666666666666
4832,60.66666666666666,60.66666666666666
4833,60.66666666666666,60.66666666666666
4834,60.66666666666666,60.66666666666666
4835,60.66666666666666,60.66666666666666
4836,60.66666666666666,60.66666666666666
4837,60.66666666666666,60.66666666666666
4838,60.66666666666666,60.66666666666666
4839,60.66666666666666,60.66666666666666
4840,60.66666666666666,60.66666666666666
4841,60.66666666666666,60.66666666666666
4842,60.66666666666666,60.66666666666666
4843,60.66666666666666,60.66666666666666
4844,60.66666666666666,60.66666666666666
4845,60.66666666666666,60.66666666666666
4846,60.66666666666666,60.66666666666666
4847,60.66666666666666,60.66666666666666
4848,60.66666666666666,60.66666666666666
4849,60.66666666666666,60.66666666666666
4850,60.66666666666666,60.66666666666666
4851,60.66666666666666,60.66666666666666
4852,60.66666666666666,60.66666666666666
4853,60.66666666666666,60.66666666666666
4854,60.66666666666666,60.66666666666666
4855,60.66666666666666,60.66666666666666
4856,60.66666666666666,60.66666666666666
4857,60.66666666666666,60.66666666666666
4858,60.66666666666666,60.66666666666666
4859,60.66666666666666,60.66666666666666
4860,60.66666666666666,60.66666666666666
4861,60.66666666666666,60.66666666666666
4862,60.66666666666666,60.66666666666666
4863,60.66666666666666,60.66666666666666
4864,60.66666666666666,60.66666666666666
4865,60.66666666666666,60.66666666666666
4866,60.66666666666666,60.66666666666666
4867,60.66666666666666,60.66666666666666
4868,60.66666666666666,60.66666666666666
4869,60.66666666666666,60.66666666666666
4870,60.66666666666666,60.66666666666666
4871,60.66666666666666,60.66666666666666
4872,60.66666666666666,60.66666666666666
4873,60.66666666666666,60.66666666666666
4874,60.66666666666666,60.66666666666666
4875,60.66666666666666,60.66666666666666
4876,60.66666666666666,60.66666666666666
4877,60.66666666666666,60.66666666666666
4878,60.66666666666666,60.66666666666666
4879,60.66666666666666,60.66666666666666
4880,60.66666666666666,60.66666666666666
4881,60.66666666666666,60.66666666666666
4882,60.66666666666666,60.66666666666666
4883,60.66666666666666,60.66666666666666
4884,60.66666666666666,60.66666666666666
4885,60.66666666666666,60.66666666666666
4886,60.66666666666666,60.66666666666666
4887,60.66666666666666,60.66666666666666
4888,60.66666666666666,60.66666666666666
4889,60.66666666666666,60.66666666666666
4890,60.66666666666666,60.66666666666666
4891,60.66666666666666,60.66666666666666
4892,60.66666666666666,60.66666666666666
4893,60.66666666666666,60.66666666666666
4894,60.66666666666666,60.66666666666666
4895,60.66666666666666,60.66666666666666
4896,60.66666666666666,60.66666666666666
4897,60.66666666666666,60.66666666666666
4898,60.66666666666666,60.66666666666666
4899,60.66666666666666,60.66666666666666
4900,60.66666666666666,60.66666666666666
4901,60.66666666666666,60.66666666666666
4902,60.66666666666666,60.66666666666666
4903,60.66666666666666,60.66666666666666
4904,60.66666666666666,60.66666666666666
4905,60.66666666666666,60.66666666666666
4906,60.66666666666666,60.66666666666666
4907,60.66666666666666,60.66666666666666
4908,60.66666666666666,60.66666666666666
4909,60.66666666666666,60.66666666666666
4910,60.66666666666666,60.66666666666666
4911,60.66666666666666,60.66666666666666
4912,60.66666666666666,60.66666666666666
4913,60.66666666666666,60.66666666666666
4914,60.66666666666666,60.66666666666666
4915,60.66666666666666,60.66666666666666
4916,60.66666666666666,60.66666666666666
4917,60.66666666666666,60.66666666666666
4918,60.66666666666666,60.66666666666666
4919,60.66666666666666,60.66666666666666
4920,60.66666666666666,60.66666666666666
4921,60.66666666666666,60.66666666666666
4922,60.66666666666666,60.66666666666666
4923,60.66666666666666,60.66666666666666
4924,60.66666666666666,60.66666666666666
4925,60.66666666666666,60.66666666666666
4926,60.66666666666666,60.66666666666666
4927,60.66666666666666,60.66666666666666
4928,60.66666666666666,60.66666666666666
4929,60.66666666666666,60.66666666666666
4930,60.66666666666666,60.66666666666666
4931,60.66666666666666,60.66666666666666
4932,60.66666666666666,60.66666666666666
4933,60.66666666666666,60.66666666666666
4934,60.66666666666666,60.66666666666666
4935,60.66666666666666,60.66666666666666
4936,60.66666666666666,60.66666666666666
4937,60.66666666666666,60.66666666666666
4938,60.66666666666666,60.66666666666666
4939,60.66666666666666,60.66666666666666
4940,60.66666666666666,60.66666666666666
4941,60.66666666666666,60.66666666666666
4942,60.66666666666666,60.66666666666666
4943,60.66666666666666,60.66666666666666
4944,60.66666666666666,60.66666666666666
4945,60.66666666666666,60.66666666666666
4946,60.66666666666666,60.66666666666666
4947,60.66666666666666,60.66666666666666
4948,60.66666666666666,60.66666666666666
4949,60.66666666666666,60.66666666666666
4950,60.66666666666666,60.66666666666666
4951,60.66666666666666,60.66666666666666
4952,60.66666666666666,60.66666666666666
4953,60.66666666666666,60.66666666666666
4954,60.66666666666666,60.66666666666666
4955,60.66666666666666,60.66666666666666
4956,60.66666666666666,60.66666666666666
4957,60.66666666666666,60.66666666666666
4958,60.66666666666666,60.66666666666666
4959,60.66666666666666,60.66666666666666
4960,60.66666666666666,60.66666666666666
4961,60.66666666666666,60.66666666666666
4962,60.66666666666666,60.66666666666666
4963,60.66666666666666,60.66666666666666
4964,60.66666666666666,60.66666666666666
4965,60.66666666666666,60.66666666666666
4966,60.66666666666666,60.66666666666666
4967,60.66666666666666,60.66666666666666
4968,60.66666666666666,60.66666666666666
4969,60.66666666666666,60.66666666666666
4970,60.66666666666666,60.66666666666666
4971,60.66666666666666,60.66666666666666
4972,60.66666666666666,60.66666666666666
4973,60.66666666666666,60.66666666666666
4974,60.66666666666666,60.66666666666666
4975,60.66666666666666,60.66666666666666
4976,60.66666666666666,60.66666666666666
4977,60.66666666666666,60.66666666666666
4978,60.66666666666666,60.66666666666666
4979,60.66666666666666,60.66666666666666
4980,60.66666666666666,60.66666666666666
4981,60.66666666666666,60.66666666666666
4982,60.66666666666666,60.66666666666666
4983,60.66666666666666,60.66666666666666
4984,60.66666666666666,60.66666666666666
4985,60.66666666666666,60.66666666666666
4986,60.66666666666666,60.66666666666666
4987,60.66666666666666,60.66666666666666
4988,60.66666666666666,60.66666666666666
4989,60.66666666666666,60.66666666666666
4990,60.66666666666666,60.66666666666666
4991,60.66666666666666,60.66666666666666
4992,60.66666666666666,60.66666666666666
4993,60.66666666666666,60.66666666666666
4994,60.66666666666666,60.66666666666666
4995,60.66666666666666,60.66666666666666
4996,60.66666666666666,60.66666666666666
4997,60.66666666666666,60.66666666666666
4998,60.66666666666666,60.66666666666666
4999,60.66666666666666,60.66666666666666
