,hsa_js,add_js
0,0.9,0.0
1,0.9,0.0
2,0.9,0.0
3,0.9,0.0
4,0.9,0.0
5,0.9,0.0
6,0.9,0.0
7,0.9,0.0
8,0.9,0.0
9,0.9,0.0
10,1.4000000000000001,0.0
11,1.4000000000000001,0.0
12,1.4000000000000001,0.0
13,1.4000000000000001,0.0
14,1.4000000000000001,0.0
15,1.4000000000000001,0.0
16,1.4000000000000001,0.0
17,1.4000000000000001,0.0
18,1.4000000000000001,0.0
19,1.4000000000000001,0.0
20,1.4000000000000001,0.0
21,1.4000000000000001,0.0
22,1.4000000000000001,0.0
23,1.8,0.0
24,1.8,0.0
25,1.8,0.0
26,1.8,0.0
27,1.8,0.0
28,1.8,0.0
29,1.8,0.0
30,1.8,0.0
31,1.8,0.0
32,1.8,0.0
33,1.8,0.0
34,1.8,0.0
35,1.8,0.0
36,1.8,0.0
37,1.8,0.0
38,1.8,0.0
39,1.8,0.0
40,1.8,0.0
41,1.8,0.0
42,2.0,0.0
43,2.0,0.0
44,2.0,0.0
45,2.0,0.0
46,2.0,0.0
47,2.0,0.0
48,2.0,0.0
49,2.0,0.0
50,2.0,0.0
51,2.0,0.0
52,2.0,0.0
53,2.0,0.0
54,2.0,0.0
55,2.0,0.0
56,2.0,0.0
57,2.0,0.0
58,2.0,0.0
59,2.0,0.0
60,2.0,0.0
61,2.0,0.0
62,2.2,0.0
63,2.2,0.0
64,2.2,0.0
65,2.2,0.0
66,2.2,0.0
67,2.2,0.0
68,2.2,0.0
69,2.2,0.0
70,2.2,0.0
71,2.2,0.0
72,2.2,0.0
73,2.2,0.0
74,2.2,0.0
75,2.2,0.0
76,2.2,0.0
77,2.2,0.0
78,2.2,0.0
79,2.2,0.0
80,2.2,0.0
81,2.2,0.0
82,2.2,0.0
83,2.2,0.0
84,2.2,0.0
85,2.2,0.0
86,2.2,0.0
87,2.2,0.0
88,2.2,0.0
89,2.2,0.0
90,2.2,0.0
91,2.2,0.0
92,2.2,0.0
93,2.2,0.0
94,2.2,0.0
95,2.2,0.0
96,2.2,0.0
97,2.2,0.0
98,2.2,0.0
99,2.2,0.0
100,2.6,0.0
101,2.6,0.0
102,2.6,0.0
103,2.6,0.0
104,2.6,0.0
105,2.6,0.0
106,2.6,0.0
107,2.6,0.0
108,2.6,0.0
109,2.6,0.0
110,2.6,0.0
111,2.6,0.0
112,2.6,0.0
113,2.6,0.0
114,2.6,0.0
115,2.6,0.0
116,2.6,0.0
117,2.6,0.0
118,2.6,0.0
119,2.6,0.0
120,2.6,0.0
121,2.6,0.0
122,2.6,0.0
123,2.6,0.0
124,2.6,0.0
125,2.6,0.0
126,2.6,0.0
127,2.6,0.0
128,2.6,0.0
129,2.6,0.0
130,2.7,0.0
131,2.7,0.0
132,2.7,0.0
133,2.7,0.0
134,2.7,0.0
135,2.7,0.0
136,2.7,0.0
137,2.7,0.0
138,2.7,0.0
139,2.7,0.0
140,2.7,0.0
141,2.7,0.0
142,2.7,0.0
143,2.7,0.0
144,2.7,0.0
145,2.7,0.0
146,2.7,0.0
147,2.7,0.0
148,2.7,0.0
149,2.7,0.0
150,3.8000000000000003,0.0
151,3.8000000000000003,0.0
152,3.8000000000000003,0.0
153,3.8000000000000003,0.0
154,3.8000000000000003,0.0
155,3.8000000000000003,0.0
156,3.8000000000000003,0.0
157,3.8000000000000003,0.0
158,3.8000000000000003,0.0
159,3.8000000000000003,0.0
160,3.8000000000000003,0.0
161,3.8000000000000003,0.0
162,3.8000000000000003,0.0
163,3.8000000000000003,0.0
164,3.8000000000000003,0.0
165,3.8000000000000003,0.0
166,3.8000000000000003,0.0
167,3.8000000000000003,0.0
168,3.8000000000000003,0.0
169,3.8000000000000003,0.0
170,3.8000000000000003,0.0
171,3.8000000000000003,0.0
172,3.8000000000000003,0.0
173,3.8000000000000003,0.0
174,3.8000000000000003,0.0
175,3.8000000000000003,0.0
176,3.8000000000000003,0.0
177,3.8000000000000003,0.0
178,3.8000000000000003,0.0
179,3.8000000000000003,0.0
180,3.8000000000000003,0.0
181,3.8000000000000003,0.0
182,3.8000000000000003,0.0
183,3.8000000000000003,0.0
184,3.8000000000000003,0.0
185,3.8000000000000003,0.0
186,3.8000000000000003,0.0
187,3.8000000000000003,0.0
188,4.1000000000000005,0.0
189,4.1000000000000005,0.0
190,4.1000000000000005,0.0
191,4.1000000000000005,0.0
192,4.1000000000000005,0.0
193,4.1000000000000005,0.0
194,4.1000000000000005,0.0
195,4.1000000000000005,0.0
196,4.1000000000000005,0.0
197,4.1000000000000005,0.0
198,4.1000000000000005,0.0
199,4.1000000000000005,0.0
200,4.1000000000000005,0.0
201,4.1000000000000005,0.0
202,4.1000000000000005,0.0
203,4.1000000000000005,0.0
204,4.1000000000000005,0.0
205,4.1000000000000005,0.0
206,4.1000000000000005,0.0
207,4.1000000000000005,0.0
208,4.1000000000000005,0.0
209,4.1000000000000005,0.0
210,4.1000000000000005,0.0
211,4.1000000000000005,0.0
212,4.3,0.0
213,4.3,0.0
214,4.3,0.0
215,4.3,0.0
216,4.3,0.0
217,4.3,0.0
218,4.3,0.0
219,4.3,0.0
220,4.3,0.0
221,4.3,0.0
222,4.3,0.0
223,4.3,0.0
224,4.3,0.0
225,4.3,0.0
226,4.3,0.0
227,4.3,0.0
228,5.0,0.0
229,5.0,0.0
230,5.0,0.0
231,5.0,0.0
232,5.0,0.0
233,5.0,0.0
234,5.0,0.0
235,5.0,0.0
236,5.0,0.0
237,5.0,0.0
238,5.0,0.0
239,5.0,0.0
240,5.0,0.0
241,5.0,0.0
242,5.0,0.0
243,5.0,0.0
244,5.0,0.0
245,5.0,0.0
246,5.0,0.0
247,5.0,0.0
248,5.0,0.0
249,5.0,0.0
250,5.0,0.0
251,5.0,0.0
252,6.2,0.0
253,6.2,0.0
254,6.2,0.0
255,6.2,0.0
256,6.2,0.0
257,6.2,0.0
258,6.2,0.0
259,6.2,0.0
260,6.2,0.0
261,6.2,0.0
262,6.2,0.0
263,6.2,0.0
264,6.2,0.0
265,6.2,0.0
266,6.2,0.0
267,6.2,0.0
268,6.2,0.0
269,6.2,0.0
270,6.2,0.0
271,6.2,0.0
272,6.2,0.0
273,6.7,0.0
274,6.7,0.0
275,6.7,0.0
276,6.7,0.0
277,6.7,0.0
278,6.7,0.0
279,6.7,0.0
280,6.7,0.0
281,6.7,0.0
282,6.7,0.0
283,6.7,0.0
284,8.0,0.0
285,8.0,0.0
286,8.0,0.0
287,8.0,0.0
288,8.0,0.0
289,8.0,0.0
290,8.0,0.0
291,8.0,0.0
292,8.0,0.0
293,8.0,0.0
294,8.0,0.0
295,8.0,0.0
296,8.0,0.0
297,8.0,0.0
298,8.0,0.0
299,8.0,0.0
300,8.0,0.0
301,8.0,0.0
302,8.0,0.0
303,8.0,0.0
304,8.0,0.0
305,8.0,0.0
306,8.0,0.0
307,8.0,0.0
308,8.0,0.0
309,8.0,0.0
310,8.0,0.0
311,8.0,0.0
312,8.0,0.0
313,8.0,0.0
314,8.0,0.0
315,8.0,0.0
316,8.0,0.0
317,8.0,0.0
318,8.0,0.0
319,8.0,0.0
320,8.0,0.0
321,8.0,0.0
322,8.0,0.0
323,8.0,0.0
324,8.0,0.0
325,8.0,0.0
326,8.0,0.0
327,8.0,0.0
328,8.0,0.0
329,8.0,0.0
330,8.0,0.0
331,8.0,0.0
332,8.0,0.0
333,8.0,0.0
334,8.0,0.0
335,8.0,0.0
336,8.0,0.0
337,8.0,0.0
338,8.0,0.0
339,8.0,0.0
340,8.0,0.0
341,8.0,0.0
342,8.0,0.0
343,8.0,0.0
344,8.0,0.0
345,8.0,0.0
346,8.0,0.0
347,8.0,0.0
348,8.0,0.0
349,8.0,0.0
350,8.0,0.0
351,8.0,0.0
352,8.0,0.0
353,8.0,0.0
354,8.0,0.0
355,8.0,0.0
356,8.0,0.0
357,8.0,0.0
358,8.0,0.0
359,8.0,0.0
360,8.0,0.0
361,8.0,0.0
362,8.0,0.0
363,8.0,0.0
364,8.0,0.0
365,8.0,0.0
366,8.0,0.0
367,8.0,0.0
368,9.200000000000001,0.0
369,9.200000000000001,0.0
370,9.200000000000001,0.0
371,9.200000000000001,0.0
372,9.200000000000001,0.0
373,9.200000000000001,0.0
374,9.200000000000001,0.0
375,9.200000000000001,0.0
376,9.200000000000001,0.0
377,9.200000000000001,0.0
378,9.200000000000001,0.0
379,9.200000000000001,0.0
380,9.200000000000001,0.0
381,9.200000000000001,0.0
382,9.200000000000001,0.0
383,9.200000000000001,0.0
384,9.200000000000001,0.0
385,9.200000000000001,0.0
386,9.200000000000001,0.0
387,9.200000000000001,0.0
388,9.200000000000001,0.0
389,9.200000000000001,0.0
390,9.200000000000001,0.0
391,9.200000000000001,0.0
392,9.200000000000001,0.0
393,9.200000000000001,0.0
394,9.200000000000001,0.0
395,9.200000000000001,0.0
396,9.200000000000001,0.0
397,9.200000000000001,0.0
398,9.200000000000001,0.0
399,9.200000000000001,0.0
400,9.200000000000001,0.0
401,9.200000000000001,0.0
402,9.200000000000001,0.0
403,9.200000000000001,0.0
404,9.200000000000001,0.0
405,9.200000000000001,0.0
406,9.200000000000001,0.0
407,9.200000000000001,0.0
408,9.200000000000001,0.0
409,9.200000000000001,0.0
410,9.200000000000001,0.0
411,9.200000000000001,0.0
412,9.200000000000001,0.0
413,9.200000000000001,0.0
414,9.200000000000001,0.0
415,9.200000000000001,0.0
416,9.200000000000001,0.0
417,9.200000000000001,0.0
418,9.200000000000001,0.0
419,9.200000000000001,0.0
420,9.200000000000001,0.0
421,9.200000000000001,0.0
422,9.200000000000001,0.0
423,9.200000000000001,0.0
424,9.200000000000001,0.0
425,9.200000000000001,0.0
426,9.200000000000001,0.0
427,9.200000000000001,0.0
428,9.200000000000001,0.0
429,9.200000000000001,0.0
430,9.200000000000001,0.0
431,9.200000000000001,0.0
432,9.200000000000001,0.0
433,9.200000000000001,0.0
434,9.200000000000001,0.0
435,9.200000000000001,0.0
436,9.200000000000001,0.0
437,9.200000000000001,0.0
438,9.200000000000001,0.0
439,9.200000000000001,0.0
440,9.200000000000001,0.0
441,9.200000000000001,0.0
442,9.200000000000001,0.0
443,9.200000000000001,0.0
444,9.200000000000001,0.0
445,9.200000000000001,0.0
446,9.200000000000001,0.0
447,9.200000000000001,0.0
448,9.200000000000001,0.0
449,9.200000000000001,0.0
450,9.200000000000001,0.0
451,9.200000000000001,0.0
452,9.200000000000001,0.0
453,9.200000000000001,0.0
454,9.200000000000001,0.0
455,9.200000000000001,0.0
456,9.200000000000001,0.0
457,9.200000000000001,0.0
458,9.200000000000001,0.0
459,9.200000000000001,0.0
460,9.200000000000001,0.0
461,9.200000000000001,0.0
462,9.200000000000001,0.0
463,9.200000000000001,0.0
464,9.200000000000001,0.0
465,9.200000000000001,0.0
466,9.200000000000001,0.0
467,9.200000000000001,0.0
468,9.200000000000001,0.0
469,9.200000000000001,0.0
470,9.200000000000001,0.0
471,9.200000000000001,0.0
472,9.200000000000001,0.0
473,9.200000000000001,0.0
474,9.200000000000001,0.0
475,9.200000000000001,0.0
476,9.200000000000001,0.0
477,9.200000000000001,0.0
478,9.200000000000001,0.0
479,9.200000000000001,0.0
480,9.200000000000001,0.0
481,9.200000000000001,0.0
482,9.200000000000001,0.0
483,9.200000000000001,0.0
484,9.200000000000001,0.0
485,9.200000000000001,0.0
486,9.200000000000001,0.0
487,9.200000000000001,0.0
488,9.200000000000001,0.0
489,9.200000000000001,0.0
490,9.200000000000001,0.0
491,9.200000000000001,0.0
492,9.200000000000001,0.0
493,9.200000000000001,0.0
494,9.200000000000001,0.0
495,9.200000000000001,0.0
496,9.200000000000001,0.0
497,9.200000000000001,0.0
498,9.4,0.0
499,9.4,0.0
500,9.4,0.0
501,9.4,0.0
502,9.4,0.0
503,9.4,0.0
504,9.4,0.0
505,9.4,0.0
506,9.4,0.0
507,9.4,0.0
508,9.4,0.0
509,9.4,0.0
510,9.4,0.0
511,9.4,0.0
512,9.4,0.0
513,9.4,0.0
514,9.4,0.0
515,9.4,0.0
516,9.4,0.0
517,9.4,0.0
518,9.4,0.0
519,9.4,0.0
520,9.4,0.0
521,9.4,0.0
522,9.4,0.0
523,9.4,0.0
524,9.4,0.0
525,9.4,0.0
526,9.4,0.0
527,9.4,0.0
528,9.4,0.0
529,9.4,0.0
530,9.4,0.0
531,9.4,0.0
532,9.4,0.0
533,9.4,0.0
534,9.4,0.0
535,9.4,0.0
536,9.4,0.0
537,9.4,0.0
538,9.4,0.0
539,9.4,0.0
540,9.4,0.0
541,9.4,0.0
542,9.4,0.0
543,9.4,0.0
544,9.4,0.0
545,9.4,0.0
546,9.4,0.0
547,9.4,0.0
548,9.4,0.0
549,9.4,0.0
550,9.4,0.0
551,9.4,0.0
552,9.4,0.0
553,9.4,0.0
554,9.4,0.0
555,9.4,0.0
556,9.4,0.0
557,9.4,0.0
558,9.4,0.0
559,9.4,0.0
560,9.4,0.0
561,9.4,0.0
562,9.4,0.0
563,9.4,0.0
564,9.4,0.0
565,9.4,0.0
566,9.4,0.0
567,9.4,0.0
568,9.4,0.0
569,9.4,0.0
570,9.4,0.0
571,9.4,0.0
572,9.4,0.0
573,9.4,0.0
574,9.4,0.0
575,9.4,0.0
576,9.4,0.0
577,9.4,0.0
578,9.4,0.0
579,9.4,0.0
580,9.4,0.0
581,9.4,0.0
582,9.4,0.0
583,9.4,0.0
584,9.4,0.0
585,9.4,0.0
586,9.4,0.0
587,9.4,0.0
588,9.4,0.0
589,9.4,0.0
590,9.4,0.0
591,9.4,0.0
592,9.4,0.0
593,9.4,0.0
594,9.4,0.0
595,9.4,0.0
596,9.4,0.0
597,9.4,0.0
598,9.9,0.0
599,9.9,0.0
600,9.9,0.0
601,9.9,0.0
602,9.9,0.0
603,9.9,0.0
604,9.9,0.0
605,9.9,0.0
606,9.9,0.0
607,9.9,0.0
608,9.9,0.0
609,9.9,0.0
610,9.9,0.0
611,9.9,0.0
612,9.9,0.0
613,9.9,0.0
614,9.9,0.0
615,9.9,0.0
616,9.9,0.0
617,9.9,0.0
618,9.9,0.0
619,9.9,0.0
620,9.9,0.0
621,9.9,0.0
622,9.9,0.0
623,9.9,0.0
624,9.9,0.0
625,9.9,0.0
626,10.3,0.0
627,10.3,0.0
628,10.3,0.0
629,10.3,0.0
630,10.3,0.0
631,10.3,0.0
632,10.3,0.0
633,10.3,0.0
634,10.3,0.0
635,10.3,0.0
636,10.3,0.0
637,10.3,0.0
638,10.3,0.0
639,10.3,0.0
640,10.3,0.0
641,10.3,0.0
642,10.3,0.0
643,10.3,0.0
644,10.3,0.0
645,10.3,0.0
646,10.3,0.0
647,10.3,0.0
648,10.3,0.0
649,10.3,0.0
650,10.3,0.0
651,11.4,0.0
652,11.4,0.0
653,11.4,0.0
654,11.4,0.0
655,11.4,0.0
656,11.4,0.0
657,11.4,0.0
658,11.4,0.0
659,11.4,0.0
660,11.4,0.0
661,11.4,0.0
662,11.4,0.0
663,11.4,0.0
664,11.4,0.0
665,11.4,0.0
666,11.4,0.0
667,11.4,0.0
668,11.4,0.0
669,11.4,0.0
670,11.4,0.0
671,11.4,0.0
672,11.4,0.0
673,11.4,0.0
674,11.4,0.0
675,11.4,0.0
676,11.4,0.0
677,11.4,0.0
678,11.4,0.0
679,11.4,0.0
680,11.4,0.0
681,11.4,0.0
682,11.4,0.0
683,11.4,0.0
684,11.4,0.0
685,11.4,0.0
686,11.4,0.0
687,11.4,0.0
688,11.4,0.0
689,11.4,0.0
690,11.4,0.0
691,11.4,0.0
692,11.4,0.0
693,11.4,0.0
694,11.4,0.0
695,11.4,0.0
696,11.4,0.0
697,11.4,0.0
698,11.4,0.0
699,11.4,0.0
700,11.4,0.0
701,11.4,0.0
702,11.4,0.0
703,11.4,0.0
704,11.4,0.0
705,11.4,0.0
706,11.4,0.0
707,11.4,0.0
708,11.4,0.0
709,11.4,0.0
710,11.4,0.0
711,11.4,0.0
712,11.4,0.0
713,11.5,0.0
714,11.5,0.0
715,11.5,0.0
716,11.5,0.0
717,11.5,0.0
718,11.5,0.0
719,11.5,0.0
720,11.5,0.0
721,11.5,0.0
722,11.5,0.0
723,11.5,0.0
724,11.5,0.0
725,11.5,0.0
726,11.5,0.0
727,11.5,0.0
728,11.5,0.0
729,11.5,0.0
730,11.5,0.0
731,11.5,0.0
732,11.5,0.0
733,11.5,0.0
734,11.5,0.0
735,11.5,0.0
736,11.5,0.0
737,11.5,0.0
738,11.5,0.0
739,11.5,0.0
740,11.5,0.0
741,11.5,0.0
742,11.5,0.0
743,11.5,0.0
744,11.5,0.0
745,11.5,0.0
746,11.5,0.0
747,11.5,0.0
748,11.5,0.0
749,11.5,0.0
750,11.5,0.0
751,11.5,0.0
752,11.5,0.0
753,11.5,0.0
754,11.5,0.0
755,11.5,0.0
756,11.5,0.0
757,11.5,0.0
758,11.5,0.0
759,11.5,0.0
760,11.5,0.0
761,11.5,0.0
762,11.5,0.0
763,11.5,0.0
764,11.5,0.0
765,11.5,0.0
766,11.5,0.0
767,11.5,0.0
768,11.5,0.0
769,11.5,0.0
770,11.5,0.0
771,11.5,0.0
772,11.5,0.0
773,11.5,0.0
774,11.5,0.0
775,11.5,0.0
776,11.5,0.0
777,11.5,0.0
778,11.5,0.0
779,11.5,0.0
780,11.5,0.0
781,11.5,0.0
782,11.5,0.0
783,11.5,0.0
784,11.5,0.0
785,11.5,0.0
786,11.5,0.0
787,11.5,0.0
788,11.5,0.0
789,11.5,0.0
790,11.5,0.0
791,11.5,0.0
792,11.5,0.0
793,11.5,0.0
794,11.5,0.0
795,11.5,0.0
796,11.5,0.0
797,11.5,0.0
798,11.5,0.0
799,11.5,0.0
800,11.5,0.0
801,11.5,0.0
802,11.5,0.0
803,11.5,0.0
804,11.5,0.0
805,11.5,0.0
806,11.5,0.0
807,11.5,0.0
808,11.5,0.0
809,11.5,0.0
810,11.5,0.0
811,11.5,0.0
812,11.5,0.0
813,11.5,0.0
814,11.5,0.0
815,11.5,0.0
816,11.5,0.0
817,11.5,0.0
818,11.5,0.0
819,11.5,0.0
820,11.5,0.0
821,11.5,0.0
822,11.5,0.0
823,11.5,0.0
824,11.5,0.0
825,11.5,0.0
826,11.5,0.0
827,11.5,0.0
828,11.5,0.0
829,11.5,0.0
830,11.5,0.0
831,11.5,0.0
832,11.5,0.0
833,11.5,0.0
834,11.5,0.0
835,11.5,0.0
836,11.5,0.0
837,11.700000000000001,0.0
838,11.700000000000001,0.0
839,11.700000000000001,0.0
840,11.700000000000001,0.0
841,11.700000000000001,0.0
842,11.700000000000001,0.0
843,11.700000000000001,0.0
844,11.700000000000001,0.0
845,11.700000000000001,0.0
846,11.700000000000001,0.0
847,11.700000000000001,0.0
848,11.700000000000001,0.0
849,11.700000000000001,0.0
850,11.700000000000001,0.0
851,11.700000000000001,0.0
852,11.700000000000001,0.0
853,11.700000000000001,0.0
854,11.700000000000001,0.0
855,11.700000000000001,0.0
856,11.700000000000001,0.0
857,11.700000000000001,0.0
858,11.700000000000001,0.0
859,11.700000000000001,0.0
860,11.700000000000001,0.0
861,11.700000000000001,0.0
862,11.700000000000001,0.0
863,11.700000000000001,0.0
864,11.700000000000001,0.0
865,11.700000000000001,0.0
866,11.700000000000001,0.0
867,11.700000000000001,0.0
868,11.700000000000001,0.0
869,11.700000000000001,0.0
870,11.700000000000001,0.0
871,11.700000000000001,0.0
872,11.700000000000001,0.0
873,11.700000000000001,0.0
874,11.700000000000001,0.0
875,11.700000000000001,0.0
876,11.700000000000001,0.0
877,11.700000000000001,0.0
878,11.700000000000001,0.0
879,11.700000000000001,0.0
880,11.700000000000001,0.0
881,11.700000000000001,0.0
882,11.700000000000001,0.0
883,11.700000000000001,0.0
884,11.700000000000001,0.0
885,14.5,0.0
886,14.5,0.0
887,14.5,0.0
888,14.5,0.0
889,14.5,0.0
890,14.5,0.0
891,14.5,0.0
892,14.5,0.0
893,14.5,0.0
894,14.5,0.0
895,14.5,0.0
896,14.5,0.0
897,14.5,0.0
898,14.5,0.0
899,14.5,0.0
900,14.5,0.0
901,14.5,0.0
902,14.5,0.0
903,14.5,0.0
904,14.5,0.0
905,14.5,0.0
906,14.5,0.0
907,14.5,0.0
908,14.5,0.0
909,14.5,0.0
910,14.5,0.0
911,14.5,0.0
912,14.5,0.0
913,14.5,0.0
914,14.5,0.0
915,14.5,0.0
916,14.5,0.0
917,14.5,0.0
918,14.5,0.0
919,14.5,0.0
920,14.5,0.0
921,14.5,0.0
922,14.5,0.0
923,14.5,0.0
924,14.5,0.0
925,14.5,0.0
926,14.5,0.0
927,14.5,0.0
928,14.5,0.0
929,14.5,0.0
930,14.5,0.0
931,14.5,0.0
932,14.5,0.0
933,14.5,0.0
934,14.5,0.0
935,14.5,0.0
936,14.5,0.0
937,14.5,0.0
938,14.5,0.0
939,14.5,0.0
940,14.5,0.0
941,14.5,0.0
942,14.5,0.0
943,14.5,0.0
944,14.5,0.0
945,14.5,0.0
946,14.5,0.0
947,14.5,0.0
948,14.5,0.0
949,15.5,0.0
950,15.5,0.0
951,15.5,0.0
952,15.5,0.0
953,15.5,0.0
954,15.5,0.0
955,15.5,0.0
956,15.5,0.0
957,15.5,0.0
958,15.5,0.0
959,15.5,0.0
960,15.5,0.0
961,15.5,0.0
962,15.5,0.0
963,15.5,0.0
964,15.5,0.0
965,15.5,0.0
966,15.5,0.0
967,15.5,0.0
968,15.5,0.0
969,15.5,0.0
970,15.5,0.0
971,15.5,0.0
972,15.5,0.0
973,15.5,0.0
974,15.5,0.0
975,15.5,0.0
976,15.5,0.0
977,15.5,0.0
978,15.5,0.0
979,15.5,0.0
980,15.5,0.0
981,15.5,0.0
982,15.5,0.0
983,15.5,0.0
984,15.5,0.0
985,15.5,0.0
986,15.5,0.0
987,15.5,0.0
988,15.5,0.0
989,15.5,0.0
990,15.5,0.0
991,15.5,0.0
992,15.5,0.0
993,15.5,0.0
994,15.5,0.0
995,15.5,0.0
996,15.5,0.0
997,15.5,0.0
998,15.5,0.0
999,15.5,0.0
1000,15.5,0.0
1001,15.5,0.0
1002,15.5,0.0
1003,15.5,0.0
1004,15.5,0.0
1005,15.5,0.0
1006,15.5,0.0
1007,15.5,0.0
1008,15.5,0.0
1009,15.5,0.0
1010,15.5,0.0
1011,15.5,0.0
1012,15.5,0.0
1013,15.5,0.0
1014,15.5,0.0
1015,15.5,0.0
1016,15.5,0.0
1017,15.5,0.0
1018,15.5,0.0
1019,15.5,0.0
1020,15.5,0.0
1021,15.5,0.0
1022,15.5,0.0
1023,15.5,0.0
1024,15.5,0.0
1025,15.5,0.0
1026,15.5,0.0
1027,15.5,0.0
1028,15.5,0.0
1029,15.5,0.0
1030,15.5,0.0
1031,15.5,0.0
1032,15.5,0.0
1033,15.5,0.0
1034,15.5,0.0
1035,15.5,0.0
1036,15.5,0.0
1037,15.5,0.0
1038,15.5,0.0
1039,15.5,0.0
1040,15.5,0.0
1041,15.5,0.0
1042,15.5,0.0
1043,15.5,0.0
1044,15.5,0.0
1045,15.5,0.0
1046,15.5,0.0
1047,15.5,0.0
1048,15.5,0.0
1049,15.5,0.0
1050,15.5,0.0
1051,15.5,0.0
1052,15.5,0.0
1053,15.5,0.0
1054,15.5,0.0
1055,15.5,0.0
1056,15.5,0.0
1057,15.5,0.0
1058,15.5,0.0
1059,15.5,0.0
1060,15.5,0.0
1061,15.5,0.0
1062,15.5,0.0
1063,15.5,0.0
1064,15.5,0.0
1065,15.5,0.0
1066,15.5,0.0
1067,15.5,0.0
1068,15.5,0.0
1069,15.5,0.0
1070,15.5,0.0
1071,15.5,0.0
1072,15.5,0.0
1073,15.5,0.0
1074,15.5,0.0
1075,15.5,0.0
1076,15.5,0.0
1077,15.5,0.0
1078,15.5,0.0
1079,15.5,0.0
1080,15.5,0.0
1081,15.5,0.0
1082,15.5,0.0
1083,15.5,0.0
1084,15.5,0.0
1085,15.5,0.0
1086,15.5,0.0
1087,15.5,0.0
1088,15.5,0.0
1089,15.5,0.0
1090,15.5,0.0
1091,15.5,0.0
1092,15.5,0.0
1093,15.5,0.0
1094,15.5,0.0
1095,15.5,0.0
1096,15.5,0.0
1097,16.1,0.0
1098,16.1,0.0
1099,16.1,0.0
1100,16.1,0.0
1101,16.1,0.0
1102,16.1,0.0
1103,16.1,0.0
1104,16.1,0.0
1105,16.1,0.0
1106,16.1,0.0
1107,16.1,0.0
1108,16.1,0.0
1109,16.1,0.0
1110,16.1,0.0
1111,16.1,0.0
1112,16.1,0.0
1113,16.1,0.0
1114,16.1,0.0
1115,16.1,0.0
1116,16.1,0.0
1117,16.1,0.0
1118,16.1,0.0
1119,16.1,0.0
1120,16.1,0.0
1121,16.1,0.0
1122,16.1,0.0
1123,16.1,0.0
1124,16.1,0.0
1125,16.1,0.0
1126,16.1,0.0
1127,16.1,0.0
1128,16.1,0.0
1129,16.1,0.0
1130,16.1,0.0
1131,16.1,0.0
1132,16.1,0.0
1133,16.1,0.0
1134,16.1,0.0
1135,16.1,0.0
1136,16.1,0.0
1137,16.1,0.0
1138,16.1,0.0
1139,16.1,0.0
1140,16.1,0.0
1141,16.1,0.0
1142,16.1,0.0
1143,16.1,0.0
1144,16.1,0.0
1145,16.1,0.0
1146,16.1,0.0
1147,16.1,0.0
1148,16.1,0.0
1149,16.1,0.0
1150,16.1,0.0
1151,16.1,0.0
1152,16.1,0.0
1153,16.1,0.0
1154,16.1,0.0
1155,16.1,0.0
1156,16.1,0.0
1157,16.1,0.0
1158,16.1,0.0
1159,16.1,0.0
1160,16.1,0.0
1161,16.1,0.0
1162,16.1,0.0
1163,16.1,0.0
1164,16.1,0.0
1165,16.1,0.0
1166,16.1,0.0
1167,16.1,0.0
1168,16.1,0.0
1169,16.1,0.0
1170,16.1,0.0
1171,16.1,0.0
1172,16.1,0.0
1173,16.1,0.0
1174,16.1,0.0
1175,16.1,0.0
1176,16.1,0.0
1177,16.1,0.0
1178,16.1,0.0
1179,16.1,0.0
1180,16.1,0.0
1181,16.1,0.0
1182,16.1,0.0
1183,16.1,0.0
1184,16.1,0.0
1185,16.1,0.0
1186,16.1,0.0
1187,16.1,0.0
1188,16.1,0.0
1189,16.5,0.0
1190,16.5,0.0
1191,16.5,0.0
1192,16.5,0.0
1193,16.5,0.0
1194,16.5,0.0
1195,16.5,0.0
1196,16.5,0.0
1197,16.5,0.0
1198,16.5,0.0
1199,16.5,0.0
1200,16.5,0.0
1201,16.5,0.0
1202,16.5,0.0
1203,16.5,0.0
1204,16.5,0.0
1205,16.5,0.0
1206,16.5,0.0
1207,16.5,0.0
1208,16.5,0.0
1209,16.5,0.0
1210,16.5,0.0
1211,16.5,0.0
1212,16.5,0.0
1213,16.5,0.0
1214,16.5,0.0
1215,16.5,0.0
1216,16.5,0.0
1217,16.5,0.0
1218,16.5,0.0
1219,16.5,0.0
1220,16.5,0.0
1221,16.5,0.0
1222,16.5,0.0
1223,16.5,0.0
1224,16.5,0.0
1225,16.5,0.0
1226,16.5,0.0
1227,16.5,0.0
1228,16.5,0.0
1229,16.5,0.03197752473770521
1230,16.5,0.03197752473770521
1231,16.5,0.03197752473770521
1232,16.5,0.07445345001905679
1233,16.5,0.14028475295443243
1234,16.5,0.17445345001905466
1235,16.5,0.18791208791208547
1236,16.5,0.18791208791208547
1237,16.5,0.2319775247377045
1238,16.5,0.2319775247377045
1239,16.5,0.2319775247377045
1240,16.5,0.2319775247377045
1241,16.5,0.23487809324912945
1242,16.5,0.24938093580625775
1243,18.0,0.24938093580625775
1244,18.0,0.24938093580625775
1245,18.0,0.2744534500190561
1246,18.0,0.2744534500190561
1247,18.0,0.2744534500190561
1248,18.0,0.28791208791208334
1249,18.0,0.33197752473770414
1250,18.0,0.33197752473770414
1251,18.0,0.33197752473770414
1252,18.0,0.38791208791208476
1253,18.0,0.38791208791208476
1254,18.0,0.4088889993867326
1255,18.0,0.4088889993867326
1256,18.0,0.4319775247377038
1257,18.0,0.4319775247377038
1258,18.0,0.4319775247377038
1259,18.0,0.6088889993867319
1260,18.0,0.6088889993867319
1261,18.0,0.646491969568892
1262,18.0,0.646491969568892
1263,18.0,0.646491969568892
1264,18.0,0.646491969568892
1265,18.0,0.6493809358062634
1266,18.0,0.7493809358062649
1267,18.0,0.7827142691395892
1268,18.0,0.7827142691395892
1269,18.0,0.7827142691395892
1270,18.0,0.8464919695688913
1271,18.0,0.8464919695688913
1272,18.0,0.8464919695688922
1273,18.0,0.8464919695688922
1274,18.0,0.9319775247377038
1275,18.0,0.9493809358062606
1276,18.0,0.9493809358062606
1277,18.0,0.9493809358062606
1278,18.0,0.9744534500190554
1279,18.0,0.9827142691395849
1280,18.0,0.9827142691395849
1281,18.0,1.0348780932491302
1282,18.0,1.0348780932491302
1283,18.0,1.0348780932491302
1284,18.0,1.049380935806262
1285,18.0,1.049380935806262
1286,18.0,1.049380935806262
1287,18.0,1.049380935806262
1288,18.0,1.049380935806262
1289,18.0,1.049380935806262
1290,18.0,1.049380935806262
1291,18.0,1.049380935806262
1292,18.0,1.049380935806262
1293,18.0,1.049380935806262
1294,18.0,1.049380935806262
1295,18.0,1.049380935806262
1296,18.0,1.049380935806262
1297,18.0,1.134878093249128
1298,18.0,1.134878093249128
1299,18.0,1.1493809358062634
1300,18.0,1.1493809358062634
1301,18.0,1.1493809358062634
1302,18.0,1.1493809358062634
1303,18.0,1.1493809358062634
1304,18.0,1.1493809358062634
1305,18.0,1.1493809358062634
1306,18.0,1.1493809358062634
1307,18.0,1.1493809358062634
1308,18.0,1.1493809358062634
1309,18.0,1.1493809358062634
1310,18.0,1.1852783717037108
1311,18.0,1.2319775247377045
1312,18.0,1.2319775247377045
1313,18.0,1.2319775247377045
1314,18.0,1.2319775247377045
1315,18.0,1.2319775247377045
1316,18.0,1.2319775247377045
1317,18.0,1.2348780932491294
1318,18.0,1.3319775247377041
1319,18.0,1.3319775247377041
1320,18.0,1.3464919695688922
1321,18.0,1.3464919695688922
1322,18.3,1.3493809358062663
1323,18.3,1.3493809358062663
1324,18.3,1.3744534500190575
1325,18.3,1.3744534500190575
1326,18.3,1.3879120879120848
1327,18.3,1.4088889993867326
1328,18.3,1.4319775247377038
1329,18.3,1.4319775247377038
1330,18.3,1.4319775247377038
1331,18.3,1.4319775247377038
1332,18.3,1.4319775247377038
1333,18.3,1.4464919695688918
1334,18.3,1.4464919695688918
1335,18.3,1.4603373499301036
1336,18.3,1.4603373499301036
1337,18.3,1.4744534500190518
1338,18.3,1.4744534500190518
1339,18.3,1.4744534500190518
1340,18.3,1.4744534500190518
1341,18.3,1.4744534500190554
1342,18.3,1.4744534500190554
1343,18.3,1.5359339001872883
1344,18.3,1.5359339001872883
1345,18.3,1.5464919695688915
1346,18.3,1.5744534500190532
1347,18.3,1.5744534500190532
1348,18.3,1.5744534500190532
1349,18.3,1.5744534500190532
1350,18.3,1.5744534500190532
1351,18.3,1.5744534500190532
1352,18.3,1.608888999386732
1353,18.3,1.631977524737703
1354,18.3,1.631977524737703
1355,18.3,1.631977524737703
1356,18.3,1.6319775247377049
1357,18.3,1.6827142691395878
1358,18.3,1.6827142691395878
1359,18.3,1.6827142691395878
1360,18.3,1.6827142691395878
1361,18.3,1.6827142691395878
1362,18.3,1.6827142691395878
1363,18.3,1.7207619931601776
1364,18.3,1.7359339001872875
1365,18.3,1.7493809358062578
1366,18.3,1.7493809358062578
1367,18.3,1.7493809358062578
1368,18.3,1.7493809358062578
1369,18.3,1.774453450019056
1370,18.3,1.774453450019056
1371,18.3,1.774453450019056
1372,18.3,1.774453450019056
1373,18.3,1.874453450019054
1374,18.3,1.8879120879120848
1375,18.3,1.8879120879120848
1376,18.3,1.9603373499301
1377,18.3,1.9744534500190518
1378,18.3,1.9744534500190518
1379,18.3,1.9744534500190518
1380,18.3,1.9744534500190518
1381,18.3,1.9744534500190518
1382,18.3,1.9744534500190518
1383,18.3,1.9744534500190554
1384,18.3,2.0319775247377034
1385,18.3,2.0319775247377034
1386,18.3,2.0319775247377034
1387,18.3,2.031977524737705
1388,18.3,2.049380935806262
1389,18.3,2.049380935806262
1390,18.3,2.0744534500190532
1391,18.3,2.0744534500190532
1392,18.3,2.0744534500190532
1393,19.200000000000003,2.0744534500190532
1394,19.200000000000003,2.089629224470851
1395,19.200000000000003,2.095569588782258
1396,19.200000000000003,2.101498350819611
1397,19.200000000000003,2.131977524737703
1398,19.200000000000003,2.131977524737705
1399,19.200000000000003,2.131977524737705
1400,19.200000000000003,2.131977524737705
1401,19.200000000000003,2.1359339001872897
1402,19.200000000000003,2.2088889993867333
1403,19.200000000000003,2.2348780932491294
1404,19.200000000000003,2.2359339001872875
1405,19.200000000000003,2.2464919695688916
1406,19.200000000000003,2.2493809358062578
1407,19.200000000000003,2.2493809358062578
1408,19.200000000000003,2.2493809358062578
1409,19.200000000000003,2.2493809358062578
1410,19.200000000000003,2.2493809358062578
1411,19.200000000000003,2.2493809358062578
1412,19.200000000000003,2.2493809358062578
1413,19.200000000000003,2.278282200454143
1414,19.200000000000003,2.278282200454143
1415,19.200000000000003,2.331977524737704
1416,19.200000000000003,2.331977524737704
1417,19.200000000000003,2.335933900187289
1418,19.200000000000003,2.335933900187289
1419,19.200000000000003,2.374453450019054
1420,19.200000000000003,2.4348780932491287
1421,19.200000000000003,2.4348780932491287
1422,19.200000000000003,2.587912087912084
1423,19.200000000000003,2.631977524737703
1424,19.200000000000003,2.631977524737703
1425,19.200000000000003,2.6493809358062634
1426,19.200000000000003,2.6493809358062634
1427,19.200000000000003,2.6493809358062634
1428,19.200000000000003,2.6493809358062634
1429,19.200000000000003,2.6493809358062634
1430,19.200000000000003,2.6493809358062634
1431,19.200000000000003,2.6493809358062634
1432,19.200000000000003,2.6744534500190547
1433,19.200000000000003,2.6744534500190547
1434,19.200000000000003,2.6917292360731153
1435,19.200000000000003,2.834878093249131
1436,19.200000000000003,2.8493809358062663
1437,19.200000000000003,2.8493809358062663
1438,19.200000000000003,2.8493809358062663
1439,19.200000000000003,2.8493809358062663
1440,19.200000000000003,2.8493809358062663
1441,19.200000000000003,2.8493809358062663
1442,19.200000000000003,2.8493809358062663
1443,19.200000000000003,2.8493809358062663
1444,19.200000000000003,2.8493809358062663
1445,19.200000000000003,2.8827142691395906
1446,19.200000000000003,2.8827142691395906
1447,19.200000000000003,2.8827142691395906
1448,19.200000000000003,2.8827142691395906
1449,19.200000000000003,2.8827142691395906
1450,19.200000000000003,2.8827142691395906
1451,19.200000000000003,2.8827142691395906
1452,19.200000000000003,2.8827142691395906
1453,19.200000000000003,2.8827142691395906
1454,19.200000000000003,2.8827142691395906
1455,19.200000000000003,2.946491969568892
1456,19.200000000000003,2.946491969568892
1457,19.200000000000003,3.049380935806262
1458,19.200000000000003,3.049380935806262
1459,19.200000000000003,3.049380935806262
1460,19.200000000000003,3.0879120879120876
1461,19.200000000000003,3.1359339001872897
1462,19.200000000000003,3.146491969568891
1463,19.200000000000003,3.1493809358062634
1464,19.200000000000003,3.1493809358062634
1465,19.200000000000003,3.2319775247377045
1466,19.200000000000003,3.274453450019056
1467,19.200000000000003,3.274453450019056
1468,19.200000000000003,3.331977524737706
1469,19.200000000000003,3.331977524737706
1470,19.200000000000003,3.331977524737706
1471,19.200000000000003,3.335933900187289
1472,19.200000000000003,3.3591500505527634
1473,19.200000000000003,3.3827142691395906
1474,19.200000000000003,3.3827142691395906
1475,19.200000000000003,3.3827142691395906
1476,19.200000000000003,3.3827142691395906
1477,19.200000000000003,3.3827142691395906
1478,19.200000000000003,3.4088889993867326
1479,19.200000000000003,3.4218178000983386
1480,19.200000000000003,3.431977524737704
1481,19.200000000000003,3.431977524737704
1482,19.200000000000003,3.4319775247377056
1483,19.200000000000003,3.4319775247377056
1484,19.200000000000003,3.435933900187287
1485,19.200000000000003,3.474453450019052
1486,19.200000000000003,3.474453450019052
1487,19.200000000000003,3.474453450019052
1488,19.200000000000003,3.474453450019052
1489,19.200000000000003,3.474453450019052
1490,19.200000000000003,3.4889678948502443
1491,19.200000000000003,3.528415626605671
1492,19.200000000000003,3.531977524737705
1493,19.200000000000003,3.559150050552759
1494,19.200000000000003,3.5744534500190532
1495,19.200000000000003,3.5744534500190532
1496,19.200000000000003,3.5744534500190532
1497,19.200000000000003,3.631977524737703
1498,19.200000000000003,3.6493809358062634
1499,19.200000000000003,3.6493809358062634
1500,19.200000000000003,3.6493809358062634
1501,19.200000000000003,3.6493809358062634
1502,19.200000000000003,3.6493809358062634
1503,19.200000000000003,3.6493809358062634
1504,19.200000000000003,3.6493809358062634
1505,19.200000000000003,3.6493809358062634
1506,19.200000000000003,3.6493809358062634
1507,19.200000000000003,3.6493809358062634
1508,19.200000000000003,3.6744534500190547
1509,19.200000000000003,3.6744534500190547
1510,19.200000000000003,3.6879120879120855
1511,19.200000000000003,3.6917292360731153
1512,19.200000000000003,3.7319775247377045
1513,19.200000000000003,3.7319775247377045
1514,19.200000000000003,3.7319775247377045
1515,19.200000000000003,3.7493809358062578
1516,19.200000000000003,3.7493809358062578
1517,19.200000000000003,3.7493809358062578
1518,19.200000000000003,3.7493809358062578
1519,19.200000000000003,3.7493809358062578
1520,19.200000000000003,3.774453450019056
1521,19.200000000000003,3.774453450019056
1522,19.200000000000003,3.778282200454143
1523,19.200000000000003,3.7879120879120833
1524,19.200000000000003,3.7917292360731096
1525,19.200000000000003,3.831977524737706
1526,19.200000000000003,3.831977524737706
1527,19.200000000000003,3.874453450019054
1528,19.200000000000003,3.874453450019054
1529,19.200000000000003,3.874453450019054
1530,19.200000000000003,3.8879120879120883
1531,19.200000000000003,3.9359339001872904
1532,19.200000000000003,3.946491969568892
1533,19.200000000000003,3.946491969568892
1534,19.200000000000003,3.9493809358062606
1535,19.200000000000003,3.9493809358062606
1536,19.200000000000003,3.9591500505527613
1537,19.200000000000003,3.974453450019052
1538,19.200000000000003,4.03487809324913
1539,19.200000000000003,4.074453450019053
1540,19.200000000000003,4.074453450019053
1541,19.200000000000003,4.074453450019053
1542,19.200000000000003,4.074453450019053
1543,20.0,4.074453450019053
1544,20.0,4.074453450019053
1545,20.0,4.134878093249132
1546,20.0,4.208888999386733
1547,20.0,4.274453450019056
1548,20.0,4.287912087912083
1549,20.0,4.288967894850245
1550,20.0,4.331977524737702
1551,20.0,4.331977524737702
1552,20.0,4.331977524737702
1553,20.0,4.331977524737702
1554,20.0,4.408888999386733
1555,20.0,4.408888999386733
1556,20.0,4.431977524737704
1557,20.0,4.474453450019055
1558,20.0,4.549380935806262
1559,20.0,4.549380935806262
1560,20.0,4.549380935806262
1561,20.0,4.549380935806262
1562,20.0,4.549380935806262
1563,20.0,4.549380935806262
1564,20.0,4.549380935806262
1565,20.0,4.549380935806262
1566,20.0,4.549380935806262
1567,20.0,4.587912087912084
1568,20.0,4.631977524737703
1569,20.0,4.634878093249128
1570,20.0,4.734878093249133
1571,20.0,4.749380935806258
1572,20.0,4.749380935806258
1573,20.0,4.749380935806258
1574,20.0,4.749380935806265
1575,20.0,4.749380935806265
1576,20.0,4.749380935806265
1577,20.0,4.749380935806265
1578,20.0,4.749380935806265
1579,20.0,4.831977524737706
1580,20.0,4.846491969568892
1581,20.0,4.849380935806266
1582,20.0,4.849380935806266
1583,20.0,4.849380935806266
1584,20.0,4.849380935806266
1585,20.0,4.849380935806266
1586,20.0,4.849380935806266
1587,20.0,4.849380935806266
1588,20.0,4.849380935806266
1589,20.0,4.849380935806266
1590,20.0,4.849380935806266
1591,20.0,4.849380935806266
1592,20.0,4.849380935806266
1593,20.0,4.849380935806266
1594,20.0,4.988967894850244
1595,20.0,5.03487809324913
1596,20.0,5.0464919695688915
1597,20.0,5.0464919695688915
1598,20.0,5.0464919695688915
1599,20.0,5.0464919695688915
1600,20.0,5.0464919695688915
1601,20.0,5.0464919695688915
1602,20.0,5.0464919695688915
1603,20.0,5.049380935806269
1604,20.0,5.049380935806269
1605,20.200000000000003,5.049380935806269
1606,20.200000000000003,5.134878093249128
1607,20.200000000000003,5.134878093249128
1608,20.200000000000003,5.160337349930103
1609,20.200000000000003,5.174453450019055
1610,20.200000000000003,5.174453450019055
1611,20.200000000000003,5.174453450019055
1612,20.200000000000003,5.174453450019055
1613,20.200000000000003,5.174453450019055
1614,20.200000000000003,5.174453450019055
1615,20.200000000000003,5.174453450019055
1616,20.200000000000003,5.1879120879120855
1617,20.200000000000003,5.208888999386733
1618,20.200000000000003,5.2319775247377045
1619,20.200000000000003,5.250715197321533
1620,20.200000000000003,5.308888999386731
1621,20.200000000000003,5.346491969568892
1622,20.200000000000003,5.431977524737704
1623,20.200000000000003,5.431977524737704
1624,20.200000000000003,5.431977524737704
1625,20.200000000000003,5.431977524737704
1626,20.200000000000003,5.431977524737704
1627,20.200000000000003,5.431977524737704
1628,20.200000000000003,5.434878093249129
1629,20.200000000000003,5.434878093249129
1630,20.200000000000003,5.474453450019052
1631,20.200000000000003,5.474453450019059
1632,20.200000000000003,5.474453450019059
1633,20.200000000000003,5.474453450019059
1634,20.200000000000003,5.574453450019053
1635,20.200000000000003,5.574453450019053
1636,20.200000000000003,5.574453450019053
1637,20.200000000000003,5.574453450019053
1638,20.200000000000003,5.574453450019057
1639,20.200000000000003,5.608888999386732
1640,20.200000000000003,5.608888999386732
1641,20.200000000000003,5.631977524737703
1642,20.200000000000003,5.646491969568891
1643,20.200000000000003,5.646491969568891
1644,20.200000000000003,5.649380935806263
1645,20.200000000000003,5.649380935806263
1646,20.200000000000003,5.649380935806263
1647,20.200000000000003,5.649380935806263
1648,20.200000000000003,5.649380935806263
1649,20.200000000000003,5.649380935806263
1650,21.1,5.649380935806263
1651,21.1,5.657305288979494
1652,21.1,5.674453450019055
1653,21.1,5.674453450019055
1654,21.1,5.674453450019055
1655,21.1,5.674453450019055
1656,21.1,5.674453450019055
1657,21.1,5.708888999386737
1658,21.1,5.774453450019056
1659,21.1,5.787912087912087
1660,21.1,5.831977524737702
1661,21.1,5.8359339001872925
1662,21.1,5.874453450019054
1663,21.1,5.874453450019054
1664,21.1,5.874453450019054
1665,21.1,5.874453450019054
1666,21.1,5.874453450019054
1667,21.1,5.874453450019054
1668,21.1,5.874453450019054
1669,21.1,5.874453450019054
1670,21.1,5.949380935806261
1671,21.1,5.949380935806261
1672,21.1,5.949380935806261
1673,21.1,5.949380935806261
1674,21.1,5.949380935806261
1675,21.1,5.949380935806261
1676,21.1,5.949380935806261
1677,21.1,5.949380935806261
1678,21.1,5.949380935806261
1679,21.1,5.957305288979494
1680,21.1,5.962584323670292
1681,21.1,6.031977524737705
1682,21.1,6.031977524737705
1683,21.1,6.031977524737705
1684,21.1,6.031977524737705
1685,21.1,6.031977524737705
1686,21.1,6.046491969568893
1687,21.1,6.06654069911988
1688,21.1,6.074453450019053
1689,21.1,6.074453450019053
1690,21.1,6.131977524737703
1691,21.1,6.131977524737703
1692,21.1,6.134878093249132
1693,21.1,6.1879120879120855
1694,21.6,6.2319775247377045
1695,21.6,6.2319775247377045
1696,21.6,6.2319775247377045
1697,21.6,6.2319775247377045
1698,21.6,6.234878093249133
1699,21.6,6.234878093249133
1700,21.6,6.2464919695688925
1701,21.6,6.2464919695688925
1702,21.6,6.2464919695688925
1703,21.6,6.2464919695688925
1704,21.6,6.287912087912087
1705,21.6,6.3744534500190575
1706,21.6,6.387912087912085
1707,21.6,6.387912087912085
1708,21.6,6.408888999386733
1709,21.6,6.408888999386733
1710,21.6,6.408888999386733
1711,21.6,6.434878093249132
1712,21.6,6.434878093249132
1713,21.6,6.457305288979494
1714,21.6,6.549380935806262
1715,21.6,6.549380935806262
1716,21.6,6.549380935806262
1717,21.6,6.549380935806262
1718,21.6,6.574453450019053
1719,21.6,6.582714269139586
1720,21.6,6.582714269139586
1721,21.6,6.588967894850246
1722,21.6,6.674453450019055
1723,21.6,6.688967894850247
1724,21.6,6.749380935806258
1725,21.6,6.749380935806258
1726,21.6,6.749380935806265
1727,21.6,6.749380935806265
1728,21.6,6.8207619931601755
1729,21.6,6.834878093249127
1730,21.6,6.834878093249127
1731,21.6,6.834878093249127
1732,21.6,6.834878093249127
1733,21.6,6.846491969568892
1734,21.6,6.849380935806259
1735,21.6,6.849380935806259
1736,21.6,6.849380935806259
1737,21.6,6.849380935806259
1738,21.6,6.849380935806259
1739,21.6,6.946491969568894
1740,21.6,6.946491969568894
1741,21.6,6.949380935806261
1742,21.6,6.949380935806261
1743,21.6,6.949380935806261
1744,21.6,6.974453450019059
1745,21.6,6.974453450019059
1746,21.6,6.974453450019059
1747,21.6,6.974453450019059
1748,21.6,6.982714269139592
1749,21.6,6.982714269139592
1750,21.6,6.982714269139592
1751,21.6,6.982714269139592
1752,21.6,6.982714269139592
1753,21.6,6.982714269139592
1754,21.6,6.982714269139592
1755,21.6,7.031977524737705
1756,21.6,7.031977524737705
1757,21.6,7.031977524737705
1758,21.6,7.03487809324913
1759,21.6,7.03487809324913
1760,21.6,7.0464919695688915
1761,21.6,7.074453450019053
1762,21.6,7.074453450019057
1763,21.6,7.074453450019057
1764,21.6,7.074453450019057
1765,21.6,7.074453450019057
1766,21.6,7.074453450019057
1767,21.6,7.146491969568893
1768,21.6,7.149380935806263
1769,21.6,7.149380935806263
1770,21.6,7.149380935806263
1771,21.6,7.157305288979494
1772,21.6,7.208888999386737
1773,21.6,7.2319775247377045
1774,21.6,7.2348780932491294
1775,21.6,7.235933900187291
1776,21.6,7.249380935806265
1777,21.6,7.249380935806265
1778,21.6,7.249380935806265
1779,21.6,7.249380935806265
1780,21.6,7.249380935806265
1781,21.6,7.249380935806265
1782,21.6,7.249380935806265
1783,21.6,7.249380935806265
1784,21.6,7.249380935806265
1785,21.6,7.249380935806265
1786,21.6,7.249380935806265
1787,21.6,7.249380935806265
1788,21.6,7.249380935806265
1789,21.6,7.249380935806265
1790,21.6,7.346491969568892
1791,21.6,7.349380935806266
1792,21.6,7.349380935806266
1793,21.6,7.349380935806266
1794,21.6,7.349380935806266
1795,21.6,7.349380935806266
1796,21.6,7.349380935806266
1797,21.6,7.349380935806266
1798,21.6,7.349380935806266
1799,21.6,7.387912087912088
1800,21.6,7.388967894850246
1801,21.6,7.408888999386736
1802,21.6,7.408888999386736
1803,21.6,7.431977524737704
1804,21.6,7.431977524737704
1805,21.6,7.446491969568892
1806,21.6,7.487912087912086
1807,21.6,7.557305288979496
1808,21.6,7.574453450019053
1809,21.6,7.574453450019053
1810,21.6,7.574453450019053
1811,21.6,7.574453450019053
1812,21.6,7.587912087912084
1813,21.6,7.587912087912084
1814,21.6,7.6088889993867355
1815,21.6,7.631977524737703
1816,21.6,7.631977524737707
1817,21.6,7.631977524737707
1818,25.8,7.631977524737707
1819,25.8,7.631977524737707
1820,25.8,7.649380935806263
1821,25.8,7.649380935806263
1822,25.8,7.649380935806263
1823,25.8,7.649380935806263
1824,25.8,7.649380935806263
1825,25.8,7.649380935806263
1826,25.8,7.649380935806263
1827,25.8,7.649380935806263
1828,25.8,7.649380935806263
1829,25.8,7.649380935806263
1830,25.8,7.649380935806263
1831,25.8,7.649380935806263
1832,25.8,7.660337349930103
1833,25.8,7.674453450019055
1834,25.8,7.674453450019055
1835,25.8,7.674453450019055
1836,25.8,7.674453450019055
1837,25.8,7.674453450019055
1838,25.8,7.674453450019055
1839,25.8,7.674453450019055
1840,25.8,7.674453450019055
1841,25.8,7.708888999386733
1842,25.8,7.708888999386733
1843,25.8,7.774453450019056
1844,25.8,7.831977524737706
1845,25.8,7.834878093249131
1846,25.8,7.834878093249131
1847,25.8,7.887912087912085
1848,25.8,7.974453450019055
1849,25.8,7.974453450019055
1850,25.8,7.974453450019055
1851,25.8,7.987912087912083
1852,25.8,7.987912087912083
1853,25.8,7.987912087912086
1854,25.8,8.04649196956889
1855,25.8,8.074453450019053
1856,25.8,8.074453450019053
1857,25.8,8.074453450019053
1858,25.8,8.131977524737703
1859,25.8,8.208888999386733
1860,25.8,8.231977524737704
1861,25.8,8.234878093249133
1862,25.8,8.235933900187291
1863,25.8,8.257305288979492
1864,25.8,8.334878093249127
1865,25.8,8.334878093249127
1866,25.8,8.349380935806266
1867,25.8,8.349380935806266
1868,25.8,8.349380935806266
1869,25.8,8.349380935806266
1870,25.8,8.349380935806266
1871,25.8,8.349380935806266
1872,25.8,8.349380935806266
1873,25.8,8.349380935806266
1874,25.8,8.349380935806266
1875,25.8,8.377098768501483
1876,25.8,8.38271426913959
1877,25.8,8.38271426913959
1878,25.8,8.38271426913959
1879,25.8,8.38271426913959
1880,25.8,8.38271426913959
1881,25.8,8.38271426913959
1882,25.8,8.38271426913959
1883,25.8,8.38271426913959
1884,25.8,8.431977524737704
1885,25.8,8.431977524737704
1886,25.8,8.431977524737704
1887,25.8,8.431977524737704
1888,25.8,8.54649196956889
1889,25.8,8.565484892181722
1890,25.8,8.574453450019053
1891,25.8,8.634878093249132
1892,25.8,8.634878093249132
1893,25.8,8.634878093249132
1894,25.8,8.674453450019055
1895,25.8,8.674453450019055
1896,25.8,8.674453450019055
1897,25.8,8.674453450019055
1898,25.8,8.674453450019055
1899,25.8,8.687912087912085
1900,25.8,8.760337349930104
1901,25.8,8.774453450019056
1902,25.8,8.774453450019056
1903,25.8,8.774453450019056
1904,25.8,8.774453450019056
1905,25.8,8.820761993160176
1906,25.8,8.831977524737706
1907,25.8,8.831977524737706
1908,25.8,8.831977524737706
1909,25.8,8.834878093249127
1910,25.8,8.83487809324913
1911,25.8,8.83487809324913
1912,25.8,8.83487809324913
1913,25.8,8.921817800098342
1914,25.8,8.931977524737707
1915,25.8,8.931977524737707
1916,25.8,8.934878093249129
1917,25.8,8.934878093249129
1918,25.8,8.934878093249129
1919,25.8,8.989629224470853
1920,25.8,9.031977524737705
1921,25.8,9.031977524737705
1922,25.8,9.031977524737705
1923,25.8,9.131977524737707
1924,25.8,9.131977524737707
1925,25.8,9.131977524737707
1926,25.8,9.131977524737707
1927,25.8,9.146491969568892
1928,25.8,9.149380935806263
1929,25.8,9.149380935806263
1930,26.900000000000002,9.149380935806263
1931,26.900000000000002,9.149380935806263
1932,26.900000000000002,9.149380935806263
1933,26.900000000000002,9.149380935806263
1934,26.900000000000002,9.149380935806263
1935,26.900000000000002,9.174453450019055
1936,26.900000000000002,9.174453450019055
1937,26.900000000000002,9.174453450019055
1938,26.900000000000002,9.191729236073115
1939,26.900000000000002,9.231977524737704
1940,26.900000000000002,9.24649196956889
1941,26.900000000000002,9.24649196956889
1942,26.900000000000002,9.246491969568893
1943,26.900000000000002,9.246491969568893
1944,26.900000000000002,9.331977524737702
1945,26.900000000000002,9.331977524737702
1946,26.900000000000002,9.374453450019057
1947,26.900000000000002,9.374453450019057
1948,26.900000000000002,9.374453450019057
1949,26.900000000000002,9.435933900187287
1950,26.900000000000002,9.435933900187287
1951,26.900000000000002,9.43593390018729
1952,26.900000000000002,9.44938093580626
1953,26.900000000000002,9.44938093580626
1954,26.900000000000002,9.44938093580626
1955,26.900000000000002,9.44938093580626
1956,26.900000000000002,9.44938093580626
1957,26.900000000000002,9.44938093580626
1958,26.900000000000002,9.574453450019053
1959,26.900000000000002,9.574453450019053
1960,26.900000000000002,9.574453450019053
1961,26.900000000000002,9.574453450019053
1962,26.900000000000002,9.587912087912084
1963,26.900000000000002,9.587912087912084
1964,26.900000000000002,9.587912087912084
1965,26.900000000000002,9.608888999386735
1966,26.900000000000002,9.608888999386735
1967,26.900000000000002,9.608888999386735
1968,26.900000000000002,9.631977524737703
1969,26.900000000000002,9.631977524737703
1970,26.900000000000002,9.631977524737703
1971,26.900000000000002,9.631977524737707
1972,26.900000000000002,9.674453450019055
1973,26.900000000000002,9.708888999386733
1974,26.900000000000002,9.731977524737704
1975,26.900000000000002,9.731977524737704
1976,26.900000000000002,9.731977524737708
1977,26.900000000000002,9.731977524737708
1978,26.900000000000002,9.749380935806265
1979,26.900000000000002,9.749380935806265
1980,26.900000000000002,9.749380935806265
1981,26.900000000000002,9.749380935806265
1982,26.900000000000002,9.749380935806265
1983,26.900000000000002,9.749380935806265
1984,26.900000000000002,9.774453450019056
1985,26.900000000000002,9.774453450019056
1986,26.900000000000002,9.774453450019056
1987,26.900000000000002,9.774453450019056
1988,26.900000000000002,9.808888999386735
1989,26.900000000000002,9.808888999386735
1990,26.900000000000002,9.835933900187289
1991,26.900000000000002,9.87445345001905
1992,26.900000000000002,9.87445345001905
1993,26.900000000000002,9.87445345001905
1994,26.900000000000002,9.87445345001905
1995,26.900000000000002,9.87445345001905
1996,26.900000000000002,9.905327101254702
1997,26.900000000000002,9.908888999386733
1998,26.900000000000002,9.935933900187287
1999,26.900000000000002,10.035933900187288
2000,26.900000000000002,10.074453450019053
2001,26.900000000000002,10.12076199316018
2002,26.900000000000002,10.131977524737703
2003,26.900000000000002,10.134878093249132
2004,26.900000000000002,10.16548489218172
2005,26.900000000000002,10.257305288979492
2006,26.900000000000002,10.287912087912087
2007,26.900000000000002,10.328415626605672
2008,26.900000000000002,10.331977524737706
2009,26.900000000000002,10.331977524737706
2010,26.900000000000002,10.334878093249127
2011,26.900000000000002,10.420761993160177
2012,26.900000000000002,10.434878093249129
2013,26.900000000000002,10.434878093249129
2014,26.900000000000002,10.446491969568893
2015,26.900000000000002,10.508888999386734
2016,26.900000000000002,10.834878093249127
2017,26.900000000000002,10.834878093249127
2018,26.900000000000002,10.84938093580626
2019,26.900000000000002,10.84938093580626
2020,26.900000000000002,10.84938093580626
2021,26.900000000000002,10.84938093580626
2022,26.900000000000002,10.84938093580626
2023,26.900000000000002,10.84938093580626
2024,26.900000000000002,10.84938093580626
2025,26.900000000000002,10.874453450019057
2026,26.900000000000002,10.946491969568893
2027,26.900000000000002,10.946491969568893
2028,26.900000000000002,10.987912087912086
2029,26.900000000000002,11.108888999386735
2030,26.900000000000002,11.149380935806263
2031,26.900000000000002,11.149380935806263
2032,26.900000000000002,11.149380935806263
2033,26.900000000000002,11.149380935806263
2034,26.900000000000002,11.149380935806263
2035,26.900000000000002,11.149380935806263
2036,26.900000000000002,11.149380935806263
2037,26.900000000000002,11.149380935806263
2038,26.900000000000002,11.149380935806263
2039,26.900000000000002,11.182714269139588
2040,26.900000000000002,11.182714269139588
2041,26.900000000000002,11.182714269139588
2042,26.900000000000002,11.182714269139588
2043,26.900000000000002,11.182714269139588
2044,26.900000000000002,11.182714269139588
2045,26.900000000000002,11.182714269139588
2046,26.900000000000002,11.182714269139588
2047,26.900000000000002,11.187912087912085
2048,26.900000000000002,11.22506256940644
2049,26.900000000000002,11.231977524737708
2050,26.900000000000002,11.274453450019056
2051,26.900000000000002,11.274453450019056
2052,26.900000000000002,11.331977524737706
2053,26.900000000000002,11.349380935806266
2054,26.900000000000002,11.349380935806266
2055,26.900000000000002,11.349380935806266
2056,26.900000000000002,11.349380935806266
2057,26.900000000000002,11.349380935806266
2058,26.900000000000002,11.349380935806266
2059,27.6,11.349380935806266
2060,27.6,11.349380935806266
2061,27.6,11.349380935806266
2062,27.6,11.349380935806266
2063,27.6,11.349380935806266
2064,27.6,11.349380935806266
2065,27.6,11.349380935806266
2066,27.6,11.349380935806266
2067,27.6,11.349380935806266
2068,27.6,11.349380935806266
2069,27.6,11.374453450019057
2070,27.6,11.374453450019057
2071,27.6,11.374453450019057
2072,27.6,11.374453450019057
2073,27.6,11.434878093249129
2074,27.6,11.434878093249129
2075,27.6,11.435933900187287
2076,27.6,11.44649196956889
2077,27.6,11.44649196956889
2078,27.6,11.44938093580626
2079,27.6,11.44938093580626
2080,27.6,11.44938093580626
2081,27.6,11.44938093580626
2082,27.6,11.44938093580626
2083,27.6,11.44938093580626
2084,27.6,11.44938093580626
2085,27.6,11.44938093580626
2086,27.6,11.462584323670296
2087,27.6,11.48791208791209
2088,27.6,11.508888999386734
2089,27.6,11.508888999386734
2090,27.6,11.531977524737705
2091,27.6,11.531977524737705
2092,27.6,11.535933900187288
2093,27.6,11.574453450019053
2094,27.6,11.574453450019053
2095,27.6,11.587912087912084
2096,27.6,11.587912087912088
2097,27.6,11.608888999386735
2098,27.6,11.608888999386735
2099,27.6,11.631977524737707
2100,27.6,11.631977524737707
2101,27.6,11.631977524737707
2102,27.6,11.674453450019055
2103,27.6,11.674453450019055
2104,27.6,11.687912087912085
2105,27.6,11.735933900187291
2106,27.6,11.774453450019056
2107,27.6,11.774453450019056
2108,27.6,11.774453450019056
2109,27.6,11.774453450019056
2110,27.6,11.774453450019056
2111,27.6,11.774453450019056
2112,27.6,11.774453450019056
2113,27.6,11.774453450019056
2114,27.6,11.774453450019056
2115,27.6,11.774453450019056
2116,27.6,11.787912087912087
2117,27.6,11.787912087912087
2118,27.6,11.835933900187289
2119,27.6,11.859150050552763
2120,27.6,11.874453450019057
2121,27.6,11.874453450019057
2122,27.6,11.874453450019057
2123,27.6,11.887912087912085
2124,27.6,11.974453450019059
2125,27.6,11.974453450019059
2126,27.6,12.031977524737705
2127,27.6,12.031977524737705
2128,27.6,12.03487809324913
2129,27.6,12.035933900187288
2130,27.6,12.131977524737707
2131,27.6,12.131977524737707
2132,27.6,12.131977524737707
2133,27.6,12.174453450019055
2134,27.6,12.174453450019055
2135,27.700000000000003,12.174453450019055
2136,27.700000000000003,12.187912087912085
2137,27.700000000000003,12.187912087912085
2138,27.700000000000003,12.235933900187291
2139,27.700000000000003,12.249380935806265
2140,27.700000000000003,12.249380935806265
2141,27.700000000000003,12.249380935806265
2142,27.700000000000003,12.249380935806265
2143,27.700000000000003,12.249380935806265
2144,27.700000000000003,12.249380935806265
2145,27.700000000000003,12.249380935806265
2146,27.700000000000003,12.249380935806265
2147,27.700000000000003,12.249380935806265
2148,27.700000000000003,12.249380935806265
2149,27.700000000000003,12.249380935806265
2150,27.700000000000003,12.266540699119883
2151,27.700000000000003,12.308888999386735
2152,27.700000000000003,12.334878093249127
2153,27.700000000000003,12.334878093249127
2154,27.700000000000003,12.335933900187289
2155,27.700000000000003,12.346491969568891
2156,27.700000000000003,12.431977524737704
2157,27.700000000000003,12.434878093249129
2158,27.700000000000003,12.434878093249129
2159,27.700000000000003,12.434878093249129
2160,27.700000000000003,12.434878093249132
2161,27.700000000000003,12.44938093580626
2162,27.700000000000003,12.44938093580626
2163,27.700000000000003,12.53487809324913
2164,27.700000000000003,12.53487809324913
2165,27.700000000000003,12.54649196956889
2166,27.700000000000003,12.54649196956889
2167,27.700000000000003,12.549380935806262
2168,27.700000000000003,12.549380935806262
2169,27.700000000000003,12.549380935806262
2170,27.700000000000003,12.549380935806262
2171,27.700000000000003,12.549380935806262
2172,27.700000000000003,12.549380935806262
2173,27.700000000000003,12.549380935806262
2174,27.700000000000003,12.54938093580627
2175,27.700000000000003,12.54938093580627
2176,27.700000000000003,12.58896789485025
2177,27.700000000000003,12.674453450019055
2178,27.700000000000003,12.674453450019055
2179,27.700000000000003,12.73487809324913
2180,27.700000000000003,12.74649196956889
2181,27.700000000000003,12.749380935806265
2182,27.700000000000003,12.749380935806265
2183,27.700000000000003,12.749380935806265
2184,27.700000000000003,12.749380935806265
2185,27.700000000000003,12.749380935806265
2186,27.700000000000003,12.749380935806265
2187,27.700000000000003,12.78271426913959
2188,27.700000000000003,12.78271426913959
2189,27.700000000000003,12.78271426913959
2190,27.700000000000003,12.78271426913959
2191,27.700000000000003,12.78271426913959
2192,27.700000000000003,12.78271426913959
2193,27.700000000000003,12.78271426913959
2194,27.700000000000003,12.78271426913959
2195,27.700000000000003,12.78271426913959
2196,27.700000000000003,12.78271426913959
2197,27.700000000000003,12.78271426913959
2198,27.700000000000003,12.860337349930106
2199,27.700000000000003,12.87445345001905
2200,27.700000000000003,12.87445345001905
2201,27.700000000000003,12.93593390018729
2202,27.700000000000003,12.93593390018729
2203,27.700000000000003,12.977098768501484
2204,27.700000000000003,13.008888999386734
2205,27.700000000000003,13.074453450019053
2206,27.700000000000003,13.074453450019053
2207,27.700000000000003,13.074453450019053
2208,27.700000000000003,13.13593390018729
2209,27.700000000000003,13.13593390018729
2210,27.700000000000003,13.146491969568892
2211,27.700000000000003,13.146491969568892
2212,27.700000000000003,13.149380935806263
2213,27.700000000000003,13.174453450019055
2214,27.700000000000003,13.177098768501484
2215,27.700000000000003,13.182714269139588
2216,27.700000000000003,13.182714269139588
2217,28.6,13.182714269139588
2218,28.6,13.182714269139588
2219,28.6,13.182714269139588
2220,28.6,13.182714269139588
2221,28.6,13.182714269139588
2222,28.6,13.182714269139588
2223,28.6,13.231977524737708
2224,28.6,13.235933900187291
2225,28.6,13.249125685777269
2226,28.6,13.257305288979495
2227,28.6,13.274453450019056
2228,28.6,13.274453450019056
2229,28.6,13.287912087912087
2230,28.6,13.287912087912087
2231,28.6,13.287912087912087
2232,28.6,13.33487809324913
2233,28.6,13.346491969568891
2234,28.6,13.374453450019057
2235,28.6,13.408888999386733
2236,28.6,13.431977524737704
2237,28.6,13.478282200454142
2238,28.6,13.535933900187292
2239,28.6,13.574453450019053
2240,28.6,13.574453450019053
2241,28.6,13.574453450019053
2242,28.6,13.574453450019053
2243,28.6,13.574453450019053
2244,28.6,13.574453450019053
2245,28.6,13.574453450019053
2246,28.6,13.574453450019053
2247,28.6,13.574453450019053
2248,28.6,13.574453450019053
2249,28.6,13.605327101254698
2250,28.6,13.631977524737707
2251,28.6,13.63593390018729
2252,28.6,13.649380935806263
2253,28.6,13.649380935806263
2254,28.6,13.649380935806263
2255,28.6,13.649380935806263
2256,28.6,13.649380935806263
2257,28.6,13.649380935806263
2258,28.6,13.649380935806263
2259,28.6,13.649380935806263
2260,28.6,13.649380935806263
2261,28.6,13.649380935806263
2262,28.6,13.687912087912085
2263,28.6,13.687912087912085
2264,28.6,13.687912087912085
2265,28.6,13.687912087912085
2266,28.6,13.687912087912085
2267,28.6,13.708888999386733
2268,28.6,13.731977524737704
2269,28.6,13.774453450019056
2270,28.6,13.774453450019056
2271,28.6,13.78962922447085
2272,28.6,13.831977524737702
2273,28.6,13.831977524737702
2274,28.6,13.831977524737702
2275,28.6,13.831977524737702
2276,28.6,13.831977524737706
2277,28.6,13.834878093249134
2278,28.6,13.834878093249134
2279,28.6,13.846491969568891
2280,28.6,13.86654069911988
2281,28.6,13.908888999386733
2282,28.6,13.931977524737704
2283,28.6,13.931977524737704
2284,28.6,13.931977524737704
2285,28.6,13.94938093580626
2286,28.6,13.94938093580626
2287,28.6,13.94938093580626
2288,28.6,13.94938093580626
2289,28.6,13.94938093580626
2290,28.6,13.94938093580626
2291,28.6,13.94938093580626
2292,28.6,13.94938093580626
2293,28.6,13.94938093580626
2294,28.6,13.94938093580626
2295,28.6,13.94938093580626
2296,28.6,13.94938093580626
2297,28.6,13.94938093580626
2298,28.6,13.987912087912086
2299,28.6,14.074453450019053
2300,28.6,14.074453450019053
2301,28.6,14.087912087912084
2302,28.6,14.146491969568892
2303,28.6,14.149380935806263
2304,28.6,14.149380935806263
2305,28.6,14.149380935806263
2306,28.6,14.149380935806263
2307,28.6,14.149380935806263
2308,28.6,14.149380935806263
2309,28.6,14.149380935806263
2310,28.6,14.174453450019055
2311,28.6,14.174453450019055
2312,28.6,14.174453450019055
2313,28.6,14.208888999386737
2314,28.6,14.22841562660567
2315,28.6,14.231977524737704
2316,28.6,14.231977524737704
2317,28.6,14.231977524737704
2318,28.6,14.23487809324913
2319,28.6,14.259150050552762
2320,28.6,14.274453450019056
2321,28.6,14.274453450019056
2322,28.6,14.274453450019056
2323,28.6,14.274453450019056
2324,28.6,14.274453450019056
2325,28.6,14.274453450019056
2326,28.6,14.274453450019056
2327,28.6,14.334878093249127
2328,28.6,14.335933900187293
2329,28.6,14.434878093249129
2330,28.6,14.44649196956889
2331,28.6,14.48791208791209
2332,28.6,14.510339283642445
2333,28.6,14.531977524737705
2334,28.6,14.531977524737705
2335,28.6,14.531977524737705
2336,28.6,14.54649196956889
2337,28.6,14.549380935806262
2338,28.6,14.549380935806262
2339,28.6,14.549380935806262
2340,28.6,14.549380935806262
2341,28.6,14.631977524737703
2342,28.6,14.634878093249132
2343,28.8,14.649380935806263
2344,28.8,14.649380935806263
2345,28.8,14.649380935806263
2346,28.8,14.649380935806263
2347,28.8,14.649380935806263
2348,28.8,14.649380935806263
2349,28.8,14.649380935806263
2350,28.8,14.649380935806263
2351,28.8,14.682714269139588
2352,28.8,14.682714269139588
2353,28.8,14.682714269139588
2354,28.8,14.682714269139588
2355,28.8,14.682714269139588
2356,28.8,14.682714269139588
2357,28.8,14.682714269139588
2358,28.8,14.682714269139588
2359,28.8,14.682714269139588
2360,28.8,14.682714269139588
2361,28.8,14.682714269139588
2362,28.8,14.682714269139588
2363,28.8,14.682714269139588
2364,28.8,14.682714269139588
2365,28.8,14.682714269139588
2366,28.8,14.682714269139588
2367,28.8,14.682714269139588
2368,28.8,14.682714269139588
2369,28.8,14.687912087912085
2370,28.8,14.72506256940644
2371,28.8,14.908888999386736
2372,28.8,14.934878093249129
2373,28.8,14.934878093249129
2374,28.8,14.94938093580626
2375,28.8,14.94938093580626
2376,28.8,14.974453450019059
2377,28.8,14.982714269139592
2378,28.8,14.982714269139592
2379,28.8,14.982714269139592
2380,28.8,14.982714269139592
2381,28.8,14.982714269139592
2382,28.8,14.982714269139592
2383,28.8,14.982714269139592
2384,28.8,14.982714269139592
2385,28.8,14.982714269139592
2386,28.8,14.982714269139592
2387,28.8,14.982714269139592
2388,28.8,14.982714269139592
2389,28.8,14.982714269139592
2390,28.8,14.982714269139592
2391,28.8,14.982714269139592
2392,28.8,14.982714269139592
2393,28.8,14.982714269139592
2394,28.8,14.982714269139592
2395,28.8,14.982714269139592
2396,28.8,14.982714269139592
2397,28.8,14.982714269139592
2398,28.8,14.982714269139592
2399,28.8,14.982714269139592
2400,28.8,14.982714269139592
2401,28.8,14.982714269139592
2402,28.8,14.982714269139592
2403,28.8,14.982714269139592
2404,28.8,14.982714269139592
2405,28.8,15.035933900187288
2406,28.8,15.04938093580627
2407,28.8,15.04938093580627
2408,28.8,15.04938093580627
2409,28.8,15.04938093580627
2410,28.8,15.04938093580627
2411,28.8,15.04938093580627
2412,28.8,15.04938093580627
2413,28.8,15.04938093580627
2414,28.8,15.074453450019053
2415,28.8,15.074453450019053
2416,28.8,15.131977524737707
2417,28.8,15.131977524737707
2418,28.8,15.131977524737707
2419,28.8,15.131977524737707
2420,28.8,15.131977524737707
2421,28.8,15.160337349930103
2422,28.8,15.174453450019055
2423,28.8,15.174453450019055
2424,28.8,15.174453450019055
2425,28.8,15.174453450019055
2426,28.8,15.174453450019055
2427,28.8,15.174453450019055
2428,28.8,15.274453450019056
2429,28.8,15.274453450019056
2430,28.8,15.274453450019056
2431,28.8,15.274453450019056
2432,28.8,15.274453450019056
2433,28.8,15.274453450019056
2434,28.8,15.331977524737702
2435,28.8,15.335933900187289
2436,28.8,15.346491969568891
2437,28.8,15.346491969568891
2438,28.8,15.349380935806266
2439,28.8,15.349380935806266
2440,28.8,15.349380935806266
2441,28.8,15.349380935806266
2442,28.8,15.349380935806266
2443,28.8,15.349380935806266
2444,28.8,15.349380935806266
2445,28.8,15.349380935806266
2446,28.8,15.431977524737704
2447,28.8,15.431977524737704
2448,28.8,15.431977524737704
2449,28.8,15.434878093249129
2450,28.8,15.474453450019059
2451,28.8,15.474453450019059
2452,28.8,15.474453450019059
2453,28.8,15.474453450019059
2454,28.8,15.474453450019059
2455,28.8,15.474453450019059
2456,28.8,15.474453450019059
2457,28.8,15.474453450019059
2458,28.8,15.531977524737705
2459,28.8,15.531977524737705
2460,28.8,15.53487809324913
2461,28.8,15.54649196956889
2462,28.8,15.63593390018729
2463,28.8,15.63593390018729
2464,28.8,15.674453450019055
2465,28.8,15.674453450019055
2466,28.8,15.674453450019055
2467,28.8,15.674453450019055
2468,28.8,15.731977524737704
2469,28.8,15.731977524737704
2470,28.8,15.787912087912087
2471,28.8,15.787912087912087
2472,28.8,15.887912087912081
2473,28.8,15.887912087912081
2474,28.8,15.931977524737704
2475,28.8,15.974453450019059
2476,28.8,15.974453450019059
2477,28.8,15.974453450019059
2478,28.8,15.974453450019059
2479,28.8,16.146491969568892
2480,28.8,16.274453450019056
2481,28.8,16.274453450019056
2482,28.8,16.331977524737706
2483,28.8,16.331977524737706
2484,28.8,16.3603373499301
2485,28.8,16.37445345001905
2486,28.8,16.37445345001905
2487,28.8,16.37445345001905
2488,30.200000000000003,16.37445345001905
2489,30.200000000000003,16.37445345001905
2490,30.200000000000003,16.374453450019057
2491,30.200000000000003,16.374453450019057
2492,30.200000000000003,16.374453450019057
2493,30.200000000000003,16.374453450019057
2494,30.200000000000003,16.374453450019057
2495,30.200000000000003,16.374453450019057
2496,30.200000000000003,16.383031397963524
2497,30.200000000000003,16.431977524737704
2498,30.200000000000003,16.508888999386734
2499,30.200000000000003,16.607786783352378
2500,30.200000000000003,16.608888999386735
2501,30.200000000000003,16.63487809324913
2502,30.200000000000003,16.63487809324913
2503,30.200000000000003,16.649380935806263
2504,30.200000000000003,16.649380935806263
2505,30.200000000000003,16.649380935806263
2506,30.200000000000003,16.649380935806263
2507,30.200000000000003,16.649380935806263
2508,30.200000000000003,16.649380935806263
2509,30.200000000000003,16.649380935806263
2510,30.200000000000003,16.682714269139588
2511,30.200000000000003,16.682714269139588
2512,30.200000000000003,16.682714269139588
2513,30.200000000000003,16.682714269139588
2514,30.200000000000003,16.682714269139588
2515,30.200000000000003,16.682714269139588
2516,30.200000000000003,16.682714269139588
2517,30.200000000000003,16.682714269139588
2518,30.200000000000003,16.682714269139588
2519,30.200000000000003,16.682714269139588
2520,30.200000000000003,16.682714269139588
2521,30.200000000000003,16.682714269139588
2522,30.200000000000003,16.682714269139588
2523,30.200000000000003,16.734878093249126
2524,30.200000000000003,16.749380935806265
2525,30.200000000000003,16.749380935806265
2526,30.200000000000003,16.749380935806265
2527,30.200000000000003,16.749380935806265
2528,30.200000000000003,16.749380935806265
2529,30.200000000000003,16.749380935806265
2530,30.200000000000003,16.749380935806265
2531,30.200000000000003,16.791729236073117
2532,30.200000000000003,16.80778678335238
2533,30.200000000000003,16.80778678335238
2534,30.200000000000003,16.84649196956889
2535,30.200000000000003,16.849380935806266
2536,30.200000000000003,16.849380935806266
2537,30.200000000000003,16.88271426913959
2538,30.200000000000003,16.88271426913959
2539,30.200000000000003,16.88271426913959
2540,30.200000000000003,16.88271426913959
2541,30.200000000000003,16.88271426913959
2542,30.200000000000003,16.88271426913959
2543,30.200000000000003,16.88271426913959
2544,30.200000000000003,16.88271426913959
2545,30.200000000000003,16.88271426913959
2546,30.200000000000003,16.88271426913959
2547,30.200000000000003,16.88271426913959
2548,30.200000000000003,16.88271426913959
2549,30.200000000000003,16.88271426913959
2550,30.200000000000003,16.88271426913959
2551,30.200000000000003,16.88271426913959
2552,30.200000000000003,16.88271426913959
2553,30.200000000000003,16.88271426913959
2554,30.200000000000003,16.88271426913959
2555,30.200000000000003,16.88271426913959
2556,30.200000000000003,16.88271426913959
2557,30.200000000000003,16.88271426913959
2558,30.200000000000003,16.88271426913959
2559,30.200000000000003,16.935933900187287
2560,30.200000000000003,16.94938093580626
2561,30.200000000000003,16.94938093580626
2562,30.200000000000003,16.94938093580626
2563,30.200000000000003,16.94938093580626
2564,30.200000000000003,17.031977524737705
2565,30.200000000000003,17.087912087912084
2566,30.200000000000003,17.208888999386737
2567,30.200000000000003,17.24649196956889
2568,30.200000000000003,17.331977524737702
2569,30.200000000000003,17.331977524737702
2570,30.200000000000003,17.331977524737702
2571,30.200000000000003,17.331977524737702
2572,30.200000000000003,17.374453450019057
2573,30.200000000000003,17.374453450019057
2574,30.200000000000003,17.431977524737704
2575,30.200000000000003,17.47445345001906
2576,30.200000000000003,17.47445345001906
2577,30.200000000000003,17.47445345001906
2578,30.200000000000003,17.507786783352383
2579,30.200000000000003,17.531977524737705
2580,30.200000000000003,17.531977524737705
2581,30.200000000000003,17.559150050552766
2582,30.200000000000003,17.587912087912084
2583,30.200000000000003,17.60506024895165
2584,30.200000000000003,17.608888999386735
2585,30.200000000000003,17.631977524737707
2586,30.200000000000003,17.674453450019055
2587,30.200000000000003,17.674453450019055
2588,30.200000000000003,17.674453450019055
2589,30.200000000000003,17.674453450019055
2590,30.200000000000003,17.674453450019055
2591,30.200000000000003,17.731977524737704
2592,30.200000000000003,17.749380935806265
2593,30.200000000000003,17.749380935806265
2594,30.200000000000003,17.749380935806265
2595,30.200000000000003,17.749380935806265
2596,30.200000000000003,17.774453450019056
2597,30.200000000000003,17.774453450019056
2598,30.200000000000003,17.778282200454147
2599,30.200000000000003,17.78271426913959
2600,30.200000000000003,17.78271426913959
2601,30.200000000000003,17.78271426913959
2602,33.2,17.78271426913959
2603,33.2,17.78271426913959
2604,33.2,17.78271426913959
2605,33.2,17.78271426913959
2606,33.2,17.78271426913959
2607,33.2,17.78271426913959
2608,33.2,17.78271426913959
2609,33.2,17.78271426913959
2610,33.2,17.78271426913959
2611,33.2,17.78271426913959
2612,33.2,17.78271426913959
2613,33.2,17.78271426913959
2614,33.2,17.78271426913959
2615,33.2,17.78271426913959
2616,33.2,17.78271426913959
2617,33.2,17.78271426913959
2618,33.2,17.78271426913959
2619,33.2,17.78271426913959
2620,33.2,17.78271426913959
2621,33.2,17.787912087912087
2622,33.2,17.79186846336167
2623,33.2,17.831977524737706
2624,33.2,17.835933900187285
2625,33.2,17.874453450019057
2626,33.2,17.874453450019057
2627,33.2,17.88791208791209
2628,33.2,17.931977524737704
2629,33.2,17.97445345001906
2630,33.2,18.031977524737705
2631,33.2,18.187912087912085
2632,33.2,18.234878093249133
2633,33.2,18.234878093249133
2634,33.2,18.328415626605672
2635,33.2,18.331977524737706
2636,33.2,18.34649196956889
2637,33.2,18.346491969568895
2638,33.2,18.37445345001905
2639,33.2,18.37445345001905
2640,33.2,18.431977524737704
2641,33.2,18.43487809324913
2642,33.2,18.63487809324913
2643,33.2,18.63487809324913
2644,33.2,18.731977524737704
2645,33.2,18.749380935806265
2646,33.2,18.749380935806265
2647,33.2,18.749380935806265
2648,33.2,18.749380935806265
2649,33.2,18.749380935806265
2650,33.2,18.749380935806265
2651,33.2,18.83197752473771
2652,33.2,18.849380935806266
2653,33.2,18.849380935806266
2654,33.2,18.849380935806266
2655,33.2,18.849380935806266
2656,33.2,18.849380935806266
2657,33.2,18.849380935806266
2658,33.2,18.849380935806266
2659,33.2,18.874453450019057
2660,33.2,18.89367068326343
2661,33.2,18.907786783352382
2662,33.2,18.907786783352382
2663,33.2,18.907786783352382
2664,33.2,18.931977524737704
2665,33.2,18.931977524737707
2666,33.2,18.931977524737707
2667,33.2,19.03487809324913
2668,33.2,19.03487809324913
2669,33.2,19.03487809324913
2670,33.2,19.074453450019053
2671,33.2,19.074453450019053
2672,33.2,19.074453450019053
2673,33.2,19.131977524737707
2674,33.2,19.146491969568892
2675,33.2,19.174453450019055
2676,33.2,19.174453450019055
2677,33.2,19.174453450019055
2678,33.2,19.174453450019055
2679,33.2,19.174453450019055
2680,33.2,19.174453450019055
2681,33.2,19.174453450019055
2682,33.2,19.174453450019055
2683,33.2,19.208888999386737
2684,33.2,19.208888999386737
2685,33.2,19.208888999386737
2686,33.2,19.24912568577727
2687,33.2,19.260337349930104
2688,33.2,19.274453450019056
2689,33.2,19.274453450019056
2690,33.2,19.274453450019056
2691,33.2,19.287912087912087
2692,33.2,19.287912087912087
2693,33.2,19.287912087912087
2694,33.2,19.408888999386733
2695,33.2,19.431977524737704
2696,33.2,19.431977524737704
2697,33.2,19.47445345001906
2698,33.2,19.508888999386734
2699,33.2,19.531977524737705
2700,33.2,19.531977524737705
2701,33.2,19.574453450019053
2702,33.2,19.72076199316018
2703,33.2,19.734878093249126
2704,33.2,19.777098768501485
2705,33.2,19.778282200454147
2706,33.2,19.787912087912087
2707,33.2,19.787912087912087
2708,33.2,19.788967894850245
2709,33.2,19.80778678335238
2710,33.2,19.80778678335238
2711,33.2,19.80888899938674
2712,33.2,19.831977524737706
2713,33.2,19.87445345001905
2714,33.2,19.87445345001905
2715,33.2,19.878282200454148
2716,33.2,19.878282200454148
2717,33.2,19.931977524737704
2718,33.2,19.935933900187294
2719,33.2,19.94938093580626
2720,33.2,19.94938093580626
2721,33.2,19.94938093580626
2722,33.2,19.94938093580626
2723,33.2,19.94938093580626
2724,33.2,19.94938093580626
2725,33.2,19.94938093580626
2726,33.2,19.94938093580626
2727,33.2,19.94938093580626
2728,33.2,19.94938093580626
2729,33.2,19.94938093580626
2730,33.2,19.94938093580626
2731,33.2,19.94938093580626
2732,33.2,19.94938093580626
2733,33.2,20.016047602472916
2734,33.2,20.174453450019055
2735,33.2,20.174453450019055
2736,33.2,20.174453450019055
2737,33.2,20.234878093249133
2738,33.2,20.287912087912087
2739,33.2,20.287912087912087
2740,33.2,20.287912087912087
2741,33.2,20.3053271012547
2742,33.2,20.346491969568895
2743,33.2,20.37445345001905
2744,33.2,20.37445345001905
2745,33.2,20.37445345001905
2746,33.2,20.37445345001905
2747,33.2,20.37445345001905
2748,33.2,20.37445345001905
2749,33.2,20.431977524737704
2750,33.2,20.43487809324913
2751,33.2,20.44649196956889
2752,33.2,20.488967894850248
2753,33.2,20.531977524737705
2754,33.2,20.63593390018729
2755,33.2,20.687912087912085
2756,33.2,20.687912087912085
2757,33.2,20.687912087912085
2758,33.2,20.774453450019056
2759,33.2,20.774453450019056
2760,33.2,20.774453450019056
2761,33.2,20.777098768501485
2762,33.2,20.81604760247292
2763,33.2,20.81604760247292
2764,33.2,20.81680175028591
2765,33.2,20.921817800098346
2766,33.2,20.935933900187294
2767,33.2,20.97445345001906
2768,33.2,20.97445345001906
2769,33.2,20.97445345001906
2770,33.2,20.97445345001906
2771,33.2,20.97445345001906
2772,33.2,20.97445345001906
2773,33.2,20.97445345001906
2774,33.2,20.97445345001906
2775,33.2,21.007786783352383
2776,33.2,21.007786783352383
2777,33.2,21.007786783352383
2778,33.2,21.008888999386734
2779,33.2,21.031977524737705
2780,33.2,21.031977524737705
2781,33.2,21.03487809324913
2782,33.2,21.03487809324913
2783,33.2,21.09248338388609
2784,33.2,21.13487809324913
2785,33.2,21.13487809324913
2786,33.2,21.149380935806263
2787,33.2,21.149380935806263
2788,33.2,21.149380935806263
2789,33.2,21.149380935806263
2790,33.2,21.174453450019055
2791,33.2,21.174453450019055
2792,33.2,21.208888999386737
2793,33.2,21.231977524737708
2794,33.2,21.274453450019056
2795,33.2,21.274453450019056
2796,33.2,21.278282200454147
2797,33.2,21.287912087912087
2798,33.2,21.349380935806266
2799,33.2,21.349380935806266
2800,33.2,21.349380935806266
2801,33.2,21.349380935806266
2802,33.2,21.349380935806266
2803,33.2,21.349380935806266
2804,33.2,21.349380935806266
2805,33.2,21.349380935806266
2806,33.2,21.349380935806266
2807,33.2,21.349380935806266
2808,33.2,21.349380935806266
2809,33.2,21.349380935806266
2810,33.2,21.349380935806266
2811,33.2,21.474453450019052
2812,33.2,21.477098768501484
2813,33.2,21.48791208791209
2814,33.2,21.48791208791209
2815,33.2,21.48791208791209
2816,33.2,21.507786783352383
2817,33.2,21.507786783352383
2818,33.2,21.507786783352383
2819,33.2,21.531977524737705
2820,33.2,21.53487809324913
2821,33.2,21.53593390018729
2822,33.2,21.631977524737707
2823,33.2,21.631977524737707
2824,33.2,21.646491969568892
2825,33.2,21.7319775247377
2826,33.2,21.7319775247377
2827,33.2,21.7319775247377
2828,33.2,21.7319775247377
2829,33.2,21.760337349930104
2830,33.2,21.774453450019056
2831,33.2,21.774453450019056
2832,33.2,21.774453450019056
2833,33.2,21.834878093249134
2834,33.2,21.87445345001905
2835,33.2,21.87445345001905
2836,33.2,21.87445345001905
2837,33.2,21.90559395355775
2838,33.2,21.931977524737704
2839,33.2,21.98791208791209
2840,33.2,22.03487809324913
2841,33.2,22.108888999386735
2842,33.2,22.13487809324913
2843,37.4,22.13593390018729
2844,37.4,22.23593390018729
2845,37.4,22.249380935806258
2846,37.4,22.249380935806258
2847,37.4,22.249380935806258
2848,37.4,22.249380935806258
2849,37.4,22.249380935806258
2850,37.4,22.249380935806258
2851,37.4,22.249380935806258
2852,37.4,22.320761993160183
2853,37.4,22.334878093249134
2854,37.4,22.38791208791209
2855,37.4,22.416047602472915
2856,37.4,22.508888999386734
2857,37.4,22.674453450019055
2858,37.4,22.674453450019055
2859,37.4,22.674453450019055
2860,37.4,22.674453450019055
2861,37.4,22.674453450019055
2862,37.4,22.678282200454145
2863,37.4,22.731977524737708
2864,37.4,22.834878093249134
2865,37.4,22.87445345001905
2866,37.4,22.87445345001905
2867,37.4,22.87445345001905
2868,37.4,22.87445345001905
2869,37.4,22.874453450019057
2870,37.4,22.97445345001906
2871,37.4,22.97445345001906
2872,37.4,22.97445345001906
2873,37.4,22.97445345001906
2874,37.4,22.97445345001906
2875,37.4,22.97445345001906
2876,37.4,22.97445345001906
2877,37.4,23.008888999386734
2878,37.4,23.04649196956889
2879,37.4,23.062584323670297
2880,37.4,23.131977524737707
2881,37.4,23.131977524737707
2882,37.4,23.13487809324913
2883,37.4,23.17445345001906
2884,37.4,23.231977524737708
2885,37.4,23.231977524737708
2886,37.4,23.234878093249126
2887,37.4,23.25915005055277
2888,37.4,23.38791208791209
2889,37.4,23.431977524737704
2890,37.4,23.468211426582453
2891,37.4,23.48791208791209
2892,37.4,23.48791208791209
2893,37.4,23.631977524737707
2894,37.4,23.631977524737707
2895,37.4,23.631977524737707
2896,37.4,23.631977524737707
2897,37.4,23.631977524737707
2898,37.4,23.774453450019056
2899,37.4,23.774453450019056
2900,37.4,23.80888899938674
2901,37.4,23.80888899938674
2902,37.4,23.80888899938674
2903,37.4,23.80888899938674
2904,37.4,23.83197752473771
2905,37.4,23.94938093580626
2906,37.4,23.94938093580626
2907,37.4,23.94938093580626
2908,37.4,23.94938093580626
2909,37.4,23.94938093580626
2910,37.4,23.94938093580626
2911,37.4,23.94938093580626
2912,37.4,23.94938093580626
2913,37.4,24.074453450019053
2914,37.4,24.074453450019053
2915,37.4,24.074453450019053
2916,37.4,24.074453450019053
2917,37.4,24.108888999386735
2918,37.4,24.23593390018729
2919,37.4,24.246491969568893
2920,37.4,24.249380935806272
2921,37.4,24.249380935806272
2922,37.4,24.249380935806272
2923,37.4,24.249380935806272
2924,37.4,24.249380935806272
2925,37.4,24.249380935806272
2926,37.4,24.249380935806272
2927,37.4,24.28271426913959
2928,37.4,24.28271426913959
2929,37.4,24.28271426913959
2930,37.4,24.28271426913959
2931,37.4,24.28271426913959
2932,37.4,24.28271426913959
2933,37.4,24.28271426913959
2934,37.4,24.28271426913959
2935,38.7,24.28271426913959
2936,38.7,24.28271426913959
2937,38.7,24.28271426913959
2938,38.7,24.28271426913959
2939,38.7,24.28271426913959
2940,38.7,24.28271426913959
2941,38.7,24.28271426913959
2942,38.7,24.28271426913959
2943,38.7,24.28271426913959
2944,38.7,24.28271426913959
2945,38.7,24.32506256940644
2946,38.7,24.32506256940644
2947,38.7,24.349380935806266
2948,38.7,24.349380935806266
2949,38.7,24.349380935806266
2950,38.7,24.349380935806266
2951,38.7,24.349380935806266
2952,38.7,24.349380935806266
2953,38.7,24.349380935806266
2954,38.7,24.382714269139598
2955,38.7,24.382714269139598
2956,38.7,24.382714269139598
2957,38.7,24.382714269139598
2958,38.7,24.382714269139598
2959,38.7,24.382714269139598
2960,38.7,24.382714269139598
2961,38.7,24.382714269139598
2962,38.7,24.382714269139598
2963,38.7,24.382714269139598
2964,38.7,24.382714269139598
2965,38.7,24.382714269139598
2966,38.7,24.382714269139598
2967,38.7,24.382714269139598
2968,38.7,24.382714269139598
2969,38.7,24.382714269139598
2970,38.7,24.382714269139598
2971,38.7,24.382714269139598
2972,38.7,24.382714269139598
2973,38.7,24.382714269139598
2974,38.7,24.382714269139598
2975,38.7,24.382714269139598
2976,38.7,24.382714269139598
2977,38.7,24.382714269139598
2978,38.7,24.382714269139598
2979,38.7,24.382714269139598
2980,38.7,24.382714269139598
2981,38.7,24.444902458024632
2982,38.7,24.531977524737705
2983,38.7,24.54649196956889
2984,38.7,24.546491969568894
2985,38.7,24.674453450019055
2986,38.7,24.674453450019055
2987,38.7,24.7319775247377
2988,38.7,24.787912087912087
2989,38.7,24.87445345001905
2990,38.7,24.87445345001905
2991,38.7,24.874453450019057
2992,38.7,24.874453450019057
2993,38.7,24.874453450019057
2994,38.7,24.88791208791209
2995,38.7,24.931977524737704
2996,38.7,24.9603373499301
2997,38.7,24.974453450019052
2998,38.7,25.031977524737705
2999,38.7,25.074453450019053
3000,38.7,25.074453450019053
3001,38.7,25.107786783352385
3002,38.7,25.107786783352385
3003,38.7,25.107786783352385
3004,38.7,25.131977524737707
3005,38.7,25.131977524737707
3006,38.7,25.131977524737707
3007,38.7,25.131977524737707
3008,38.7,25.187912087912085
3009,38.7,25.266540699119886
3010,38.7,25.274453450019056
3011,38.7,25.274453450019056
3012,38.7,25.287912087912087
3013,38.7,25.287912087912087
3014,38.7,25.287912087912087
3015,38.7,25.374453450019057
3016,38.7,25.374453450019057
3017,38.7,25.374453450019057
3018,38.7,25.374453450019057
3019,38.7,25.431977524737704
3020,38.7,25.431977524737704
3021,38.7,25.431977524737704
3022,38.7,25.44938093580626
3023,38.7,25.44938093580626
3024,38.7,25.44938093580626
3025,38.7,25.44938093580626
3026,38.7,25.44938093580626
3027,38.7,25.44938093580626
3028,38.7,25.44938093580626
3029,38.7,25.44938093580626
3030,38.7,25.44938093580626
3031,38.7,25.482714269139592
3032,38.7,25.482714269139592
3033,38.7,25.482714269139592
3034,38.7,25.482714269139592
3035,38.7,25.482714269139592
3036,38.7,25.482714269139592
3037,38.7,25.482714269139592
3038,38.7,25.482714269139592
3039,38.7,25.482714269139592
3040,38.7,25.482714269139592
3041,38.7,25.482714269139592
3042,38.7,25.482714269139592
3043,38.7,25.482714269139592
3044,38.7,25.482714269139592
3045,38.7,25.482714269139592
3046,38.7,25.482714269139592
3047,38.7,25.482714269139592
3048,38.7,25.482714269139592
3049,38.7,25.482714269139592
3050,38.7,25.482714269139592
3051,38.7,25.482714269139592
3052,38.7,25.482714269139592
3053,38.7,25.482714269139592
3054,38.7,25.482714269139592
3055,38.7,25.482714269139592
3056,38.7,25.482714269139592
3057,38.7,25.482714269139592
3058,38.7,25.482714269139592
3059,38.7,25.482714269139592
3060,38.7,25.482714269139592
3061,38.7,25.482714269139592
3062,38.7,25.482714269139592
3063,38.7,25.482714269139592
3064,38.7,25.482714269139592
3065,38.7,25.482714269139592
3066,38.7,25.482714269139592
3067,38.7,25.482714269139592
3068,38.7,25.482714269139592
3069,38.7,25.482714269139592
3070,38.7,25.482714269139592
3071,38.7,25.482714269139592
3072,38.7,25.482714269139592
3073,38.7,25.482714269139592
3074,38.7,25.482714269139592
3075,38.7,25.482714269139592
3076,38.7,25.482714269139592
3077,38.7,25.482714269139592
3078,38.7,25.482714269139592
3079,38.7,25.491729236073112
3080,38.7,25.565484892181725
3081,38.7,25.608888999386735
3082,38.7,25.72841562660567
3083,38.7,25.774453450019056
3084,38.7,25.774453450019056
3085,38.7,25.787912087912087
3086,38.7,25.80888899938674
3087,38.7,25.80888899938674
3088,38.7,25.82124542124541
3089,38.7,26.031977524737705
3090,38.73333333333333,26.046491969568894
3091,38.73333333333333,26.131977524737707
3092,38.73333333333333,26.131977524737707
3093,38.73333333333333,26.131977524737707
3094,38.73333333333333,26.187912087912085
3095,38.73333333333333,26.187912087912085
3096,38.73333333333333,26.38791208791208
3097,38.73333333333333,26.43487809324913
3098,38.73333333333333,26.47445345001906
3099,38.73333333333333,26.47445345001906
3100,38.73333333333333,26.47445345001906
3101,38.73333333333333,26.47445345001906
3102,38.73333333333333,26.507786783352383
3103,38.73333333333333,26.549380935806255
3104,38.73333333333333,26.616047602472918
3105,38.73333333333333,26.616047602472918
3106,38.73333333333333,26.616047602472918
3107,38.73333333333333,26.646491969568892
3108,38.73333333333333,26.74222233272006
3109,38.73333333333333,26.787912087912087
3110,38.73333333333333,26.787912087912087
3111,38.73333333333333,26.83197752473771
3112,38.73333333333333,26.849380935806266
3113,38.73333333333333,26.849380935806266
3114,38.73333333333333,26.849380935806266
3115,38.73333333333333,26.849380935806266
3116,38.73333333333333,26.849380935806266
3117,38.73333333333333,26.849380935806266
3118,38.73333333333333,26.849380935806266
3119,38.73333333333333,26.849380935806266
3120,38.73333333333333,26.849380935806266
3121,38.73333333333333,26.849380935806266
3122,38.73333333333333,26.882714269139598
3123,38.73333333333333,26.882714269139598
3124,38.73333333333333,26.882714269139598
3125,38.73333333333333,26.882714269139598
3126,38.73333333333333,26.882714269139598
3127,38.73333333333333,26.882714269139598
3128,38.73333333333333,26.882714269139598
3129,38.73333333333333,26.882714269139598
3130,38.73333333333333,26.882714269139598
3131,38.73333333333333,26.882714269139598
3132,38.73333333333333,26.882714269139598
3133,38.73333333333333,26.882714269139598
3134,38.73333333333333,26.882714269139598
3135,38.73333333333333,26.882714269139598
3136,38.73333333333333,26.882714269139598
3137,38.73333333333333,26.882714269139598
3138,38.73333333333333,26.882714269139598
3139,38.73333333333333,26.882714269139598
3140,38.73333333333333,26.882714269139598
3141,38.73333333333333,26.882714269139598
3142,38.73333333333333,26.882714269139598
3143,38.73333333333333,26.882714269139598
3144,38.73333333333333,26.882714269139598
3145,38.73333333333333,26.882714269139598
3146,38.73333333333333,26.882714269139598
3147,38.73333333333333,26.882714269139598
3148,38.73333333333333,26.882714269139598
3149,38.73333333333333,26.882714269139598
3150,38.73333333333333,26.882714269139598
3151,38.73333333333333,26.882714269139598
3152,38.73333333333333,26.882714269139598
3153,38.73333333333333,26.882714269139598
3154,38.73333333333333,26.882714269139598
3155,38.73333333333333,26.882714269139598
3156,38.73333333333333,26.882714269139598
3157,38.73333333333333,26.882714269139598
3158,38.73333333333333,26.882714269139598
3159,38.73333333333333,26.882714269139598
3160,38.73333333333333,26.882714269139598
3161,38.73333333333333,26.882714269139598
3162,38.73333333333333,26.882714269139598
3163,38.73333333333333,26.882714269139598
3164,38.73333333333333,26.882714269139598
3165,38.73333333333333,26.882714269139598
3166,38.73333333333333,26.882714269139598
3167,38.73333333333333,26.882714269139598
3168,38.73333333333333,26.882714269139598
3169,38.73333333333333,26.882714269139598
3170,38.73333333333333,26.882714269139598
3171,38.73333333333333,26.908888999386733
3172,38.73333333333333,26.92506256940645
3173,38.73333333333333,27.008888999386734
3174,38.73333333333333,27.060867187111526
3175,38.73333333333333,27.178282200454145
3176,38.73333333333333,27.274453450019056
3177,38.73333333333333,27.274453450019056
3178,38.73333333333333,27.274453450019056
3179,38.73333333333333,27.287912087912087
3180,38.73333333333333,27.287912087912087
3181,38.73333333333333,27.33197752473771
3182,38.73333333333333,27.33197752473771
3183,38.73333333333333,27.33197752473771
3184,38.73333333333333,27.383031397963524
3185,38.73333333333333,27.521245421245414
3186,38.73333333333333,27.531977524737705
3187,38.73333333333333,27.531977524737705
3188,38.73333333333333,27.574453450019053
3189,38.73333333333333,27.574453450019053
3190,38.73333333333333,27.574453450019053
3191,38.73333333333333,27.62076199316018
3192,38.73333333333333,27.63487809324913
3193,38.73333333333333,27.70888899938673
3194,38.73333333333333,27.749380935806258
3195,38.73333333333333,27.769267233520615
3196,38.73333333333333,27.787912087912087
3197,38.73333333333333,27.81604760247292
3198,38.73333333333333,27.81604760247292
3199,38.73333333333333,27.81604760247292
3200,38.73333333333333,27.81604760247292
3201,38.73333333333333,27.81604760247292
3202,38.73333333333333,27.81604760247292
3203,38.73333333333333,27.81604760247292
3204,38.73333333333333,27.81604760247292
3205,38.73333333333333,27.81604760247292
3206,38.73333333333333,27.83197752473771
3207,38.73333333333333,27.83197752473771
3208,38.73333333333333,27.83197752473771
3209,38.73333333333333,27.834878093249134
3210,38.73333333333333,27.874453450019057
3211,38.73333333333333,27.874453450019057
3212,38.73333333333333,27.874453450019057
3213,38.73333333333333,27.88791208791208
3214,38.73333333333333,27.94649196956889
3215,38.73333333333333,27.94938093580626
3216,38.73333333333333,27.94938093580626
3217,38.73333333333333,28.016047602472923
3218,38.73333333333333,28.016047602472923
3219,38.73333333333333,28.016047602472923
3220,38.73333333333333,28.016047602472923
3221,38.73333333333333,28.016047602472923
3222,38.73333333333333,28.016047602472923
3223,38.73333333333333,28.016047602472923
3224,38.73333333333333,28.016047602472923
3225,38.73333333333333,28.016047602472923
3226,38.73333333333333,28.016047602472923
3227,38.73333333333333,28.03487809324913
3228,38.73333333333333,28.12076199316018
3229,38.73333333333333,28.131977524737707
3230,38.73333333333333,28.13487809324913
3231,38.73333333333333,28.13487809324913
3232,38.73333333333333,28.2319775247377
3233,38.73333333333333,28.2319775247377
3234,38.73333333333333,28.2319775247377
3235,38.73333333333333,28.231977524737708
3236,38.73333333333333,28.465310858071028
3237,38.73333333333333,28.465310858071028
3238,38.73333333333333,28.549380935806255
3239,38.73333333333333,28.549380935806255
3240,38.73333333333333,28.549380935806255
3241,38.73333333333333,28.549380935806255
3242,38.73333333333333,28.549380935806255
3243,38.73333333333333,28.549380935806255
3244,38.73333333333333,28.549380935806255
3245,38.73333333333333,28.549380935806255
3246,38.73333333333333,28.549380935806255
3247,38.73333333333333,28.549380935806255
3248,38.73333333333333,28.549380935806255
3249,38.73333333333333,28.549380935806255
3250,38.73333333333333,28.549380935806255
3251,38.73333333333333,28.549380935806255
3252,38.73333333333333,28.63487809324913
3253,38.73333333333333,28.63487809324913
3254,38.73333333333333,28.80888899938674
3255,38.73333333333333,28.88791208791208
3256,38.73333333333333,28.935933900187294
3257,38.73333333333333,28.935933900187294
3258,38.73333333333333,28.935933900187294
3259,38.73333333333333,28.974453450019052
3260,38.73333333333333,28.98791208791209
3261,38.73333333333333,28.98791208791209
3262,38.73333333333333,28.98791208791209
3263,38.73333333333333,29.10506024895165
3264,38.73333333333333,29.108888999386735
3265,38.73333333333333,29.187912087912093
3266,38.73333333333333,29.231977524737708
3267,38.73333333333333,29.231977524737708
3268,38.73333333333333,29.231977524737708
3269,38.73333333333333,29.265310858071032
3270,38.73333333333333,29.274453450019056
3271,38.73333333333333,29.274453450019056
3272,38.73333333333333,29.274453450019056
3273,38.73333333333333,29.30778678335238
3274,38.73333333333333,29.30778678335238
3275,38.73333333333333,29.30778678335238
3276,38.73333333333333,29.30778678335238
3277,38.73333333333333,29.30778678335238
3278,38.73333333333333,29.30778678335238
3279,38.73333333333333,29.30778678335238
3280,38.73333333333333,29.30778678335238
3281,38.73333333333333,29.30888899938674
3282,38.73333333333333,29.531977524737705
3283,38.73333333333333,29.531977524737705
3284,38.73333333333333,29.53487809324913
3285,38.73333333333333,29.574453450019053
3286,38.73333333333333,29.574453450019053
3287,38.73333333333333,29.734878093249133
3288,38.73333333333333,29.787912087912087
3289,38.73333333333333,29.787912087912087
3290,38.73333333333333,29.834878093249134
3291,38.73333333333333,29.834878093249134
3292,38.73333333333333,29.834878093249134
3293,38.73333333333333,29.94938093580626
3294,38.73333333333333,29.94938093580626
3295,38.73333333333333,30.016047602472923
3296,38.73333333333333,30.016047602472923
3297,38.73333333333333,30.016047602472923
3298,38.73333333333333,30.016047602472923
3299,38.73333333333333,30.016047602472923
3300,38.73333333333333,30.016047602472923
3301,38.73333333333333,30.016047602472923
3302,38.73333333333333,30.016047602472923
3303,38.73333333333333,30.016047602472923
3304,38.73333333333333,30.016047602472923
3305,38.73333333333333,30.016047602472923
3306,38.73333333333333,30.016047602472923
3307,38.73333333333333,30.016047602472923
3308,38.73333333333333,30.034878093249137
3309,38.73333333333333,30.116047602472918
3310,38.73333333333333,30.116047602472918
3311,38.73333333333333,30.116047602472918
3312,38.73333333333333,30.116047602472918
3313,38.73333333333333,30.116047602472918
3314,38.73333333333333,30.116047602472918
3315,38.73333333333333,30.116047602472918
3316,38.73333333333333,30.116047602472918
3317,38.73333333333333,30.116047602472918
3318,38.73333333333333,30.116047602472918
3319,38.73333333333333,30.116047602472918
3320,38.73333333333333,30.116047602472918
3321,38.73333333333333,30.116047602472918
3322,38.73333333333333,30.116047602472918
3323,38.73333333333333,30.116047602472918
3324,38.73333333333333,30.116047602472918
3325,38.73333333333333,30.374453450019057
3326,38.73333333333333,30.674453450019055
3327,38.73333333333333,30.674453450019055
3328,38.73333333333333,30.67445345001906
3329,38.73333333333333,30.67445345001906
3330,38.73333333333333,30.67445345001906
3331,38.73333333333333,30.687912087912085
3332,38.73333333333333,30.71667412527141
3333,38.73333333333333,30.731977524737708
3334,38.73333333333333,30.731977524737708
3335,38.73333333333333,30.74490245802463
3336,38.73333333333333,30.874453450019057
3337,38.73333333333333,30.874453450019057
3338,38.73333333333333,30.88791208791209
3339,38.73333333333333,30.907786783352382
3340,38.73333333333333,30.907786783352382
3341,38.73333333333333,30.907786783352382
3342,38.73333333333333,30.907786783352382
3343,38.73333333333333,30.907786783352382
3344,38.73333333333333,30.907786783352382
3345,38.73333333333333,30.907786783352382
3346,38.73333333333333,30.907786783352382
3347,38.73333333333333,30.907786783352382
3348,38.73333333333333,30.93487809324913
3349,38.73333333333333,30.93487809324913
3350,38.73333333333333,30.935933900187294
3351,38.73333333333333,31.031977524737705
3352,38.73333333333333,31.031977524737705
3353,38.73333333333333,31.121245421245415
3354,38.73333333333333,31.131977524737707
3355,38.73333333333333,31.287912087912087
3356,38.73333333333333,31.30778678335238
3357,38.73333333333333,31.30778678335238
3358,38.73333333333333,31.30778678335238
3359,38.73333333333333,31.30778678335238
3360,38.73333333333333,31.30778678335238
3361,38.73333333333333,31.30778678335238
3362,38.73333333333333,31.30778678335238
3363,38.73333333333333,31.328415626605672
3364,38.73333333333333,31.33197752473771
3365,38.73333333333333,31.38791208791209
3366,38.73333333333333,31.38791208791209
3367,38.73333333333333,31.431977524737704
3368,38.73333333333333,31.48791208791209
3369,38.73333333333333,31.48791208791209
3370,38.73333333333333,31.53487809324913
3371,38.73333333333333,31.66548489218172
3372,38.73333333333333,31.734878093249126
3373,38.73333333333333,31.93487809324913
3374,38.73333333333333,32.031977524737705
3375,38.73333333333333,32.23487809324914
3376,38.73333333333333,32.24649196956889
3377,38.73333333333333,32.27445345001905
3378,38.73333333333333,32.52124542124541
3379,38.73333333333333,32.63197752473771
3380,38.73333333333333,32.63487809324913
3381,38.73333333333333,32.63593390018729
3382,38.73333333333333,32.67445345001906
3383,38.73333333333333,32.67445345001906
3384,38.73333333333333,32.67445345001906
3385,38.73333333333333,32.77445345001905
3386,38.73333333333333,32.77445345001905
3387,38.73333333333333,32.77445345001905
3388,38.73333333333333,32.807786783352384
3389,38.73333333333333,32.807786783352384
3390,38.73333333333333,32.807786783352384
3391,38.73333333333333,32.807786783352384
3392,38.73333333333333,32.865310858071034
3393,38.73333333333333,33.10778678335238
3394,38.73333333333333,33.10778678335238
3395,38.73333333333333,33.10778678335238
3396,38.73333333333333,33.108888999386735
3397,38.73333333333333,33.17445345001906
3398,38.73333333333333,33.17445345001906
3399,38.73333333333333,33.20888899938674
3400,38.73333333333333,33.28791208791209
3401,38.73333333333333,33.33593390018729
3402,38.73333333333333,33.36821142658246
3403,38.73333333333333,33.36821142658246
3404,38.73333333333333,33.460867187111525
3405,38.73333333333333,33.474453450019055
3406,38.73333333333333,33.474453450019055
3407,38.73333333333333,33.474453450019055
3408,38.73333333333333,33.474453450019055
3409,38.73333333333333,33.58791208791209
3410,38.73333333333333,33.58791208791209
3411,38.73333333333333,33.63197752473771
3412,38.73333333333333,33.7319775247377
3413,38.73333333333333,33.887912087912085
3414,38.73333333333333,33.931977524737704
3415,38.73333333333333,34.049380935806255
3416,38.73333333333333,34.049380935806255
3417,38.73333333333333,34.049380935806255
3418,38.73333333333333,34.049380935806255
3419,38.73333333333333,34.049380935806255
3420,38.73333333333333,34.049380935806255
3421,38.73333333333333,34.049380935806255
3422,38.73333333333333,34.049380935806255
3423,38.73333333333333,34.049380935806255
3424,38.73333333333333,34.049380935806255
3425,38.73333333333333,34.049380935806255
3426,38.73333333333333,34.049380935806255
3427,38.73333333333333,34.049380935806255
3428,38.73333333333333,34.049380935806255
3429,38.73333333333333,34.049380935806255
3430,38.73333333333333,34.049380935806255
3431,38.73333333333333,34.082714269139586
3432,38.73333333333333,34.082714269139586
3433,38.73333333333333,34.082714269139586
3434,38.73333333333333,34.082714269139586
3435,38.73333333333333,34.082714269139586
3436,38.73333333333333,34.082714269139586
3437,38.73333333333333,34.082714269139586
3438,38.73333333333333,34.082714269139586
3439,38.73333333333333,34.082714269139586
3440,38.73333333333333,34.082714269139586
3441,38.73333333333333,34.082714269139586
3442,38.73333333333333,34.082714269139586
3443,38.73333333333333,34.082714269139586
3444,38.73333333333333,34.082714269139586
3445,38.73333333333333,34.082714269139586
3446,38.73333333333333,34.082714269139586
3447,38.73333333333333,34.082714269139586
3448,38.73333333333333,34.082714269139586
3449,38.73333333333333,34.082714269139586
3450,38.73333333333333,34.082714269139586
3451,38.73333333333333,34.082714269139586
3452,38.73333333333333,34.082714269139586
3453,38.73333333333333,34.082714269139586
3454,38.73333333333333,34.082714269139586
3455,38.73333333333333,34.082714269139586
3456,38.73333333333333,34.082714269139586
3457,38.73333333333333,34.082714269139586
3458,38.73333333333333,34.082714269139586
3459,38.73333333333333,34.082714269139586
3460,38.73333333333333,34.082714269139586
3461,38.73333333333333,34.082714269139586
3462,38.73333333333333,34.082714269139586
3463,38.73333333333333,34.082714269139586
3464,38.73333333333333,34.082714269139586
3465,38.73333333333333,34.082714269139586
3466,38.73333333333333,34.082714269139586
3467,38.73333333333333,34.082714269139586
3468,38.73333333333333,34.082714269139586
3469,38.73333333333333,34.082714269139586
3470,38.73333333333333,34.082714269139586
3471,38.73333333333333,34.082714269139586
3472,38.73333333333333,34.11604760247292
3473,38.73333333333333,34.11604760247292
3474,38.73333333333333,34.11604760247292
3475,38.73333333333333,34.11604760247292
3476,38.73333333333333,34.11604760247292
3477,38.73333333333333,34.11604760247292
3478,38.73333333333333,34.11604760247292
3479,38.73333333333333,34.11604760247292
3480,38.73333333333333,34.11604760247292
3481,38.73333333333333,34.11604760247292
3482,38.73333333333333,34.11604760247292
3483,38.73333333333333,34.11604760247292
3484,38.73333333333333,34.11604760247292
3485,38.73333333333333,34.11604760247292
3486,38.73333333333333,34.11604760247292
3487,38.73333333333333,34.11604760247292
3488,38.73333333333333,34.11604760247292
3489,38.73333333333333,34.11604760247292
3490,38.73333333333333,34.11604760247292
3491,38.73333333333333,34.11604760247292
3492,38.73333333333333,34.11604760247292
3493,38.73333333333333,34.11604760247292
3494,38.73333333333333,34.11604760247292
3495,38.73333333333333,34.11604760247292
3496,38.73333333333333,34.11604760247292
3497,38.73333333333333,34.11604760247292
3498,38.73333333333333,34.11604760247292
3499,38.73333333333333,34.11604760247292
3500,38.73333333333333,34.11604760247292
3501,38.73333333333333,34.11604760247292
3502,38.73333333333333,34.11604760247292
3503,38.73333333333333,34.11604760247292
3504,38.73333333333333,34.11604760247292
3505,38.73333333333333,34.11604760247292
3506,38.73333333333333,34.11604760247292
3507,38.73333333333333,34.11604760247292
3508,38.73333333333333,34.11604760247292
3509,38.73333333333333,34.11604760247292
3510,38.73333333333333,34.11604760247292
3511,38.73333333333333,34.11604760247292
3512,38.73333333333333,34.11604760247292
3513,38.73333333333333,34.11604760247292
3514,38.73333333333333,34.11604760247292
3515,38.73333333333333,34.11604760247292
3516,38.73333333333333,34.13487809324913
3517,38.73333333333333,34.24649196956889
3518,38.73333333333333,34.40822766976612
3519,38.73333333333333,34.531977524737705
3520,38.73333333333333,34.73487809324914
3521,38.73333333333333,34.807786783352384
3522,38.73333333333333,34.807786783352384
3523,38.73333333333333,34.807786783352384
3524,38.73333333333333,34.807786783352384
3525,38.73333333333333,34.807786783352384
3526,38.73333333333333,34.807786783352384
3527,38.73333333333333,34.807786783352384
3528,38.73333333333333,34.83197752473771
3529,38.73333333333333,34.87445345001906
3530,38.73333333333333,34.87445345001906
3531,38.73333333333333,34.974453450019055
3532,38.73333333333333,34.99367068326343
3533,38.73333333333333,35.00778678335239
3534,38.73333333333333,35.00778678335239
3535,38.73333333333333,35.00778678335239
3536,38.73333333333333,35.07445345001905
3537,38.73333333333333,35.07445345001905
3538,38.73333333333333,35.28791208791209
3539,38.73333333333333,35.32124542124541
3540,38.73333333333333,35.48791208791209
3541,38.73333333333333,35.48791208791209
3542,38.73333333333333,35.58791208791209
3543,38.73333333333333,35.63197752473771
3544,38.73333333333333,35.73839358228497
3545,38.73333333333333,35.83487809324913
3546,38.73333333333333,35.87445345001906
3547,38.73333333333333,35.90778678335238
3548,38.73333333333333,35.90778678335238
3549,38.73333333333333,35.90778678335238
3550,38.73333333333333,35.90778678335238
3551,38.73333333333333,35.90778678335238
3552,38.73333333333333,35.90778678335238
3553,38.73333333333333,35.90778678335238
3554,38.73333333333333,35.931977524737704
3555,38.73333333333333,35.931977524737704
3556,38.73333333333333,36.16821142658246
3557,38.73333333333333,36.387912087912085
3558,38.73333333333333,36.531977524737705
3559,38.73333333333333,36.8319775247377
3560,38.73333333333333,36.87445345001906
3561,38.73333333333333,36.931977524737704
3562,38.73333333333333,36.974453450019055
3563,38.73333333333333,36.974453450019055
3564,38.73333333333333,36.974453450019055
3565,38.73333333333333,37.08303139796352
3566,38.73333333333333,37.108888999386735
3567,38.73333333333333,37.13197752473771
3568,38.73333333333333,37.23487809324914
3569,38.73333333333333,37.23487809324914
3570,38.73333333333333,37.28791208791209
3571,38.73333333333333,37.33197752473771
3572,38.73333333333333,37.63197752473771
3573,38.73333333333333,37.74938093580627
3574,38.73333333333333,37.74938093580627
3575,38.73333333333333,37.768211426582454
3576,38.73333333333333,37.81604760247292
3577,38.73333333333333,37.81604760247292
3578,38.73333333333333,37.81604760247292
3579,38.73333333333333,37.81604760247292
3580,38.73333333333333,37.81604760247292
3581,38.73333333333333,37.81604760247292
3582,38.73333333333333,37.81604760247292
3583,38.73333333333333,37.81604760247292
3584,38.73333333333333,37.81604760247292
3585,38.73333333333333,37.81604760247292
3586,38.73333333333333,37.81604760247292
3587,38.73333333333333,37.81604760247292
3588,38.73333333333333,37.81604760247292
3589,38.73333333333333,37.81604760247292
3590,38.73333333333333,37.81604760247292
3591,38.73333333333333,37.81604760247292
3592,38.73333333333333,37.81604760247292
3593,38.73333333333333,37.81604760247292
3594,38.73333333333333,37.81604760247292
3595,38.73333333333333,37.81604760247292
3596,38.73333333333333,37.81604760247292
3597,38.73333333333333,37.81604760247292
3598,38.73333333333333,37.81604760247292
3599,38.73333333333333,37.81604760247292
3600,38.73333333333333,37.81604760247292
3601,38.73333333333333,37.85839590273977
3602,38.73333333333333,37.85839590273977
3603,38.73333333333333,38.07445345001905
3604,38.73333333333333,38.07445345001905
3605,38.73333333333333,38.07445345001905
3606,38.73333333333333,38.07445345001905
3607,38.73333333333333,38.07445345001905
3608,38.73333333333333,38.07445345001905
3609,38.73333333333333,38.14112011668571
3610,38.73333333333333,38.14649196956889
3611,38.73333333333333,38.29894971795423
3612,38.73333333333333,38.33197752473771
3613,38.73333333333333,38.70888899938674
3614,38.73333333333333,38.73333333333333
3615,38.73333333333333,38.73333333333333
3616,38.73333333333333,38.73333333333333
3617,38.73333333333333,38.73333333333333
3618,38.73333333333333,38.73333333333333
3619,38.73333333333333,38.73333333333333
3620,38.73333333333333,38.73333333333333
3621,38.73333333333333,38.73333333333333
3622,38.73333333333333,38.73333333333333
3623,38.73333333333333,38.73333333333333
3624,38.73333333333333,38.73333333333333
3625,38.73333333333333,38.73333333333333
3626,38.73333333333333,38.73333333333333
3627,38.73333333333333,38.73333333333333
3628,38.73333333333333,38.73333333333333
3629,38.73333333333333,38.73333333333333
3630,38.73333333333333,38.73333333333333
3631,38.73333333333333,38.73333333333333
3632,38.73333333333333,38.73333333333333
3633,38.73333333333333,38.73333333333333
3634,38.73333333333333,38.73333333333333
3635,38.73333333333333,38.73333333333333
3636,38.73333333333333,38.73333333333333
3637,38.73333333333333,38.73333333333333
3638,38.73333333333333,38.73333333333333
3639,38.73333333333333,38.73333333333333
3640,38.73333333333333,38.73333333333333
3641,38.73333333333333,38.73333333333333
3642,38.73333333333333,38.73333333333333
3643,38.73333333333333,38.73333333333333
3644,38.73333333333333,38.73333333333333
3645,38.73333333333333,38.73333333333333
3646,38.73333333333333,38.73333333333333
3647,38.73333333333333,38.73333333333333
3648,38.73333333333333,38.73333333333333
3649,38.73333333333333,38.73333333333333
3650,38.73333333333333,38.73333333333333
3651,38.73333333333333,38.73333333333333
3652,38.73333333333333,38.73333333333333
3653,38.73333333333333,38.73333333333333
3654,38.73333333333333,38.73333333333333
3655,38.73333333333333,38.73333333333333
3656,38.73333333333333,38.73333333333333
3657,38.73333333333333,38.73333333333333
3658,38.73333333333333,38.73333333333333
3659,38.73333333333333,38.73333333333333
3660,38.73333333333333,38.73333333333333
3661,38.73333333333333,38.73333333333333
3662,38.73333333333333,38.73333333333333
3663,38.73333333333333,38.73333333333333
3664,38.73333333333333,38.73333333333333
3665,38.73333333333333,38.73333333333333
3666,38.73333333333333,38.73333333333333
3667,38.73333333333333,38.73333333333333
3668,38.73333333333333,38.73333333333333
3669,38.73333333333333,38.73333333333333
3670,38.73333333333333,38.73333333333333
3671,38.73333333333333,38.73333333333333
3672,38.73333333333333,38.73333333333333
3673,38.73333333333333,38.73333333333333
3674,38.73333333333333,38.73333333333333
3675,38.73333333333333,38.73333333333333
3676,38.73333333333333,38.73333333333333
3677,38.73333333333333,38.73333333333333
3678,38.73333333333333,38.73333333333333
3679,38.73333333333333,38.73333333333333
3680,38.73333333333333,38.73333333333333
3681,38.73333333333333,38.73333333333333
3682,38.73333333333333,38.73333333333333
3683,38.73333333333333,38.73333333333333
3684,38.73333333333333,38.73333333333333
3685,38.73333333333333,38.73333333333333
3686,38.73333333333333,38.73333333333333
3687,38.73333333333333,38.73333333333333
3688,38.73333333333333,38.73333333333333
3689,38.73333333333333,38.73333333333333
3690,38.73333333333333,38.73333333333333
3691,38.73333333333333,38.73333333333333
3692,38.73333333333333,38.73333333333333
3693,38.73333333333333,38.73333333333333
3694,38.73333333333333,38.73333333333333
3695,38.73333333333333,38.73333333333333
3696,38.73333333333333,38.73333333333333
3697,38.73333333333333,38.73333333333333
3698,38.73333333333333,38.73333333333333
3699,38.73333333333333,38.73333333333333
3700,38.73333333333333,38.73333333333333
3701,38.73333333333333,38.73333333333333
3702,38.73333333333333,38.73333333333333
3703,38.73333333333333,38.73333333333333
3704,38.73333333333333,38.73333333333333
3705,38.73333333333333,38.73333333333333
3706,38.73333333333333,38.73333333333333
3707,38.73333333333333,38.73333333333333
3708,38.73333333333333,38.73333333333333
3709,38.73333333333333,38.73333333333333
3710,38.73333333333333,38.73333333333333
3711,38.73333333333333,38.73333333333333
3712,38.73333333333333,38.73333333333333
3713,38.73333333333333,38.73333333333333
3714,38.73333333333333,38.73333333333333
3715,38.73333333333333,38.73333333333333
3716,38.73333333333333,38.73333333333333
3717,38.73333333333333,38.73333333333333
3718,38.73333333333333,38.73333333333333
3719,38.73333333333333,38.73333333333333
3720,38.73333333333333,38.73333333333333
3721,38.73333333333333,38.73333333333333
3722,38.73333333333333,38.73333333333333
3723,38.73333333333333,38.73333333333333
3724,38.73333333333333,38.73333333333333
3725,38.73333333333333,38.73333333333333
3726,38.73333333333333,38.73333333333333
3727,38.73333333333333,38.73333333333333
3728,38.73333333333333,38.73333333333333
3729,38.73333333333333,38.73333333333333
3730,38.73333333333333,38.73333333333333
3731,38.73333333333333,38.73333333333333
3732,38.73333333333333,38.73333333333333
3733,38.73333333333333,38.73333333333333
3734,38.73333333333333,38.73333333333333
3735,38.73333333333333,38.73333333333333
3736,38.73333333333333,38.73333333333333
3737,38.73333333333333,38.73333333333333
3738,38.73333333333333,38.73333333333333
3739,38.73333333333333,38.73333333333333
3740,38.73333333333333,38.73333333333333
3741,38.73333333333333,38.73333333333333
3742,38.73333333333333,38.73333333333333
3743,38.73333333333333,38.73333333333333
3744,38.73333333333333,38.73333333333333
3745,38.73333333333333,38.73333333333333
3746,38.73333333333333,38.73333333333333
3747,38.73333333333333,38.73333333333333
3748,38.73333333333333,38.73333333333333
3749,38.73333333333333,38.73333333333333
3750,38.73333333333333,38.73333333333333
3751,38.73333333333333,38.73333333333333
3752,38.73333333333333,38.73333333333333
3753,38.73333333333333,38.73333333333333
3754,38.73333333333333,38.73333333333333
3755,38.73333333333333,38.73333333333333
3756,38.73333333333333,38.73333333333333
3757,38.73333333333333,38.73333333333333
3758,38.73333333333333,38.73333333333333
3759,38.73333333333333,38.73333333333333
3760,38.73333333333333,38.73333333333333
3761,38.73333333333333,38.73333333333333
3762,38.73333333333333,38.73333333333333
3763,38.73333333333333,38.73333333333333
3764,38.73333333333333,38.73333333333333
3765,38.73333333333333,38.73333333333333
3766,38.73333333333333,38.73333333333333
3767,38.73333333333333,38.73333333333333
3768,38.73333333333333,38.73333333333333
3769,38.73333333333333,38.73333333333333
3770,38.73333333333333,38.73333333333333
3771,38.73333333333333,38.73333333333333
3772,38.73333333333333,38.73333333333333
3773,38.73333333333333,38.73333333333333
3774,38.73333333333333,38.73333333333333
3775,38.73333333333333,38.73333333333333
3776,38.73333333333333,38.73333333333333
3777,38.73333333333333,38.73333333333333
3778,38.73333333333333,38.73333333333333
3779,38.73333333333333,38.73333333333333
3780,38.73333333333333,38.73333333333333
3781,38.73333333333333,38.73333333333333
3782,38.73333333333333,38.73333333333333
3783,38.73333333333333,38.73333333333333
3784,38.73333333333333,38.73333333333333
3785,38.73333333333333,38.73333333333333
3786,38.73333333333333,38.73333333333333
3787,38.73333333333333,38.73333333333333
3788,38.73333333333333,38.73333333333333
3789,38.73333333333333,38.73333333333333
3790,38.73333333333333,38.73333333333333
3791,38.73333333333333,38.73333333333333
3792,38.73333333333333,38.73333333333333
3793,38.73333333333333,38.73333333333333
3794,38.73333333333333,38.73333333333333
3795,38.73333333333333,38.73333333333333
3796,38.73333333333333,38.73333333333333
3797,38.73333333333333,38.73333333333333
3798,38.73333333333333,38.73333333333333
3799,38.73333333333333,38.73333333333333
3800,38.73333333333333,38.73333333333333
3801,38.73333333333333,38.73333333333333
3802,38.73333333333333,38.73333333333333
3803,38.73333333333333,38.73333333333333
3804,38.73333333333333,38.73333333333333
3805,38.73333333333333,38.73333333333333
3806,38.73333333333333,38.73333333333333
3807,38.73333333333333,38.73333333333333
3808,38.73333333333333,38.73333333333333
3809,38.73333333333333,38.73333333333333
3810,38.73333333333333,38.73333333333333
3811,38.73333333333333,38.73333333333333
3812,38.73333333333333,38.73333333333333
3813,38.73333333333333,38.73333333333333
3814,38.73333333333333,38.73333333333333
3815,38.73333333333333,38.73333333333333
3816,38.73333333333333,38.73333333333333
3817,38.73333333333333,38.73333333333333
3818,38.73333333333333,38.73333333333333
3819,38.73333333333333,38.73333333333333
3820,38.73333333333333,38.73333333333333
3821,38.73333333333333,38.73333333333333
3822,38.73333333333333,38.73333333333333
3823,38.73333333333333,38.73333333333333
3824,38.73333333333333,38.73333333333333
3825,38.73333333333333,38.73333333333333
3826,38.73333333333333,38.73333333333333
3827,38.73333333333333,38.73333333333333
3828,38.73333333333333,38.73333333333333
3829,38.73333333333333,38.73333333333333
3830,38.73333333333333,38.73333333333333
3831,38.73333333333333,38.73333333333333
3832,38.73333333333333,38.73333333333333
3833,38.73333333333333,38.73333333333333
3834,38.73333333333333,38.73333333333333
3835,38.73333333333333,38.73333333333333
3836,38.73333333333333,38.73333333333333
3837,38.73333333333333,38.73333333333333
3838,38.73333333333333,38.73333333333333
3839,38.73333333333333,38.73333333333333
3840,38.73333333333333,38.73333333333333
3841,38.73333333333333,38.73333333333333
3842,38.73333333333333,38.73333333333333
3843,38.73333333333333,38.73333333333333
3844,38.73333333333333,38.73333333333333
3845,38.73333333333333,38.73333333333333
3846,38.73333333333333,38.73333333333333
3847,38.73333333333333,38.73333333333333
3848,38.73333333333333,38.73333333333333
3849,38.73333333333333,38.73333333333333
3850,38.73333333333333,38.73333333333333
3851,38.73333333333333,38.73333333333333
3852,38.73333333333333,38.73333333333333
3853,38.73333333333333,38.73333333333333
3854,38.73333333333333,38.73333333333333
3855,38.73333333333333,38.73333333333333
3856,38.73333333333333,38.73333333333333
3857,38.73333333333333,38.73333333333333
3858,38.73333333333333,38.73333333333333
3859,38.73333333333333,38.73333333333333
3860,38.73333333333333,38.73333333333333
3861,38.73333333333333,38.73333333333333
3862,38.73333333333333,38.73333333333333
3863,38.73333333333333,38.73333333333333
3864,38.73333333333333,38.73333333333333
3865,38.73333333333333,38.73333333333333
3866,38.73333333333333,38.73333333333333
3867,38.73333333333333,38.73333333333333
3868,38.73333333333333,38.73333333333333
3869,38.73333333333333,38.73333333333333
3870,38.73333333333333,38.73333333333333
3871,38.73333333333333,38.73333333333333
3872,38.73333333333333,38.73333333333333
3873,38.73333333333333,38.73333333333333
3874,38.73333333333333,38.73333333333333
3875,38.73333333333333,38.73333333333333
3876,38.73333333333333,38.73333333333333
3877,38.73333333333333,38.73333333333333
3878,38.73333333333333,38.73333333333333
3879,38.73333333333333,38.73333333333333
3880,38.73333333333333,38.73333333333333
3881,38.73333333333333,38.73333333333333
3882,38.73333333333333,38.73333333333333
3883,38.73333333333333,38.73333333333333
3884,38.73333333333333,38.73333333333333
3885,38.73333333333333,38.73333333333333
3886,38.73333333333333,38.73333333333333
3887,38.73333333333333,38.73333333333333
3888,38.73333333333333,38.73333333333333
3889,38.73333333333333,38.73333333333333
3890,38.73333333333333,38.73333333333333
3891,38.73333333333333,38.73333333333333
3892,38.73333333333333,38.73333333333333
3893,38.73333333333333,38.73333333333333
3894,38.73333333333333,38.73333333333333
3895,38.73333333333333,38.73333333333333
3896,38.73333333333333,38.73333333333333
3897,38.73333333333333,38.73333333333333
3898,38.73333333333333,38.73333333333333
3899,38.73333333333333,38.73333333333333
3900,38.73333333333333,38.73333333333333
3901,38.73333333333333,38.73333333333333
3902,38.73333333333333,38.73333333333333
3903,38.73333333333333,38.73333333333333
3904,38.73333333333333,38.73333333333333
3905,38.73333333333333,38.73333333333333
3906,38.73333333333333,38.73333333333333
3907,38.73333333333333,38.73333333333333
3908,38.73333333333333,38.73333333333333
3909,38.73333333333333,38.73333333333333
3910,38.73333333333333,38.73333333333333
3911,38.73333333333333,38.73333333333333
3912,38.73333333333333,38.73333333333333
3913,38.73333333333333,38.73333333333333
3914,38.73333333333333,38.73333333333333
3915,38.73333333333333,38.73333333333333
3916,38.73333333333333,38.73333333333333
3917,38.73333333333333,38.73333333333333
3918,38.73333333333333,38.73333333333333
3919,38.73333333333333,38.73333333333333
3920,38.73333333333333,38.73333333333333
3921,38.73333333333333,38.73333333333333
3922,38.73333333333333,38.73333333333333
3923,38.73333333333333,38.73333333333333
3924,38.73333333333333,38.73333333333333
3925,38.73333333333333,38.73333333333333
3926,38.73333333333333,38.73333333333333
3927,38.73333333333333,38.73333333333333
3928,38.73333333333333,38.73333333333333
3929,38.73333333333333,38.73333333333333
3930,38.73333333333333,38.73333333333333
3931,38.73333333333333,38.73333333333333
3932,38.73333333333333,38.73333333333333
3933,38.73333333333333,38.73333333333333
3934,38.73333333333333,38.73333333333333
3935,38.73333333333333,38.73333333333333
3936,38.73333333333333,38.73333333333333
3937,38.73333333333333,38.73333333333333
3938,38.73333333333333,38.73333333333333
3939,38.73333333333333,38.73333333333333
3940,38.73333333333333,38.73333333333333
3941,38.73333333333333,38.73333333333333
3942,38.73333333333333,38.73333333333333
3943,38.73333333333333,38.73333333333333
3944,38.73333333333333,38.73333333333333
3945,38.73333333333333,38.73333333333333
3946,38.73333333333333,38.73333333333333
3947,38.73333333333333,38.73333333333333
3948,38.73333333333333,38.73333333333333
3949,38.73333333333333,38.73333333333333
3950,38.73333333333333,38.73333333333333
3951,38.73333333333333,38.73333333333333
3952,38.73333333333333,38.73333333333333
3953,38.73333333333333,38.73333333333333
3954,38.73333333333333,38.73333333333333
3955,38.73333333333333,38.73333333333333
3956,38.73333333333333,38.73333333333333
3957,38.73333333333333,38.73333333333333
3958,38.73333333333333,38.73333333333333
3959,38.73333333333333,38.73333333333333
3960,38.73333333333333,38.73333333333333
3961,38.73333333333333,38.73333333333333
3962,38.73333333333333,38.73333333333333
3963,38.73333333333333,38.73333333333333
3964,38.73333333333333,38.73333333333333
3965,38.73333333333333,38.73333333333333
3966,38.73333333333333,38.73333333333333
3967,38.73333333333333,38.73333333333333
3968,38.73333333333333,38.73333333333333
3969,38.73333333333333,38.73333333333333
3970,38.73333333333333,38.73333333333333
3971,38.73333333333333,38.73333333333333
3972,38.73333333333333,38.73333333333333
3973,38.73333333333333,38.73333333333333
3974,38.73333333333333,38.73333333333333
3975,38.73333333333333,38.73333333333333
3976,38.73333333333333,38.73333333333333
3977,38.73333333333333,38.73333333333333
3978,38.73333333333333,38.73333333333333
3979,38.73333333333333,38.73333333333333
3980,38.73333333333333,38.73333333333333
3981,38.73333333333333,38.73333333333333
3982,38.73333333333333,38.73333333333333
3983,38.73333333333333,38.73333333333333
3984,38.73333333333333,38.73333333333333
3985,38.73333333333333,38.73333333333333
3986,38.73333333333333,38.73333333333333
3987,38.73333333333333,38.73333333333333
3988,38.73333333333333,38.73333333333333
3989,38.73333333333333,38.73333333333333
3990,38.73333333333333,38.73333333333333
3991,38.73333333333333,38.73333333333333
3992,38.73333333333333,38.73333333333333
3993,38.73333333333333,38.73333333333333
3994,38.73333333333333,38.73333333333333
3995,38.73333333333333,38.73333333333333
3996,38.73333333333333,38.73333333333333
3997,38.73333333333333,38.73333333333333
3998,38.73333333333333,38.73333333333333
3999,38.73333333333333,38.73333333333333
4000,38.73333333333333,38.73333333333333
4001,38.73333333333333,38.73333333333333
4002,38.73333333333333,38.73333333333333
4003,38.73333333333333,38.73333333333333
4004,38.73333333333333,38.73333333333333
4005,38.73333333333333,38.73333333333333
4006,38.73333333333333,38.73333333333333
4007,38.73333333333333,38.73333333333333
4008,38.73333333333333,38.73333333333333
4009,38.73333333333333,38.73333333333333
4010,38.73333333333333,38.73333333333333
4011,38.73333333333333,38.73333333333333
4012,38.73333333333333,38.73333333333333
4013,38.73333333333333,38.73333333333333
4014,38.73333333333333,38.73333333333333
4015,38.73333333333333,38.73333333333333
4016,38.73333333333333,38.73333333333333
4017,38.73333333333333,38.73333333333333
4018,38.73333333333333,38.73333333333333
4019,38.73333333333333,38.73333333333333
4020,38.73333333333333,38.73333333333333
4021,38.73333333333333,38.73333333333333
4022,38.73333333333333,38.73333333333333
4023,38.73333333333333,38.73333333333333
4024,38.73333333333333,38.73333333333333
4025,38.73333333333333,38.73333333333333
4026,38.73333333333333,38.73333333333333
4027,38.73333333333333,38.73333333333333
4028,38.73333333333333,38.73333333333333
4029,38.73333333333333,38.73333333333333
4030,38.73333333333333,38.73333333333333
4031,38.73333333333333,38.73333333333333
4032,38.73333333333333,38.73333333333333
4033,38.73333333333333,38.73333333333333
4034,38.73333333333333,38.73333333333333
4035,38.73333333333333,38.73333333333333
4036,38.73333333333333,38.73333333333333
4037,38.73333333333333,38.73333333333333
4038,38.73333333333333,38.73333333333333
4039,38.73333333333333,38.73333333333333
4040,38.73333333333333,38.73333333333333
4041,38.73333333333333,38.73333333333333
4042,38.73333333333333,38.73333333333333
4043,38.73333333333333,38.73333333333333
4044,38.73333333333333,38.73333333333333
4045,38.73333333333333,38.73333333333333
4046,38.73333333333333,38.73333333333333
4047,38.73333333333333,38.73333333333333
4048,38.73333333333333,38.73333333333333
4049,38.73333333333333,38.73333333333333
4050,38.73333333333333,38.73333333333333
4051,38.73333333333333,38.73333333333333
4052,38.73333333333333,38.73333333333333
4053,38.73333333333333,38.73333333333333
4054,38.73333333333333,38.73333333333333
4055,38.73333333333333,38.73333333333333
4056,38.73333333333333,38.73333333333333
4057,38.73333333333333,38.73333333333333
4058,38.73333333333333,38.73333333333333
4059,38.73333333333333,38.73333333333333
4060,38.73333333333333,38.73333333333333
4061,38.73333333333333,38.73333333333333
4062,38.73333333333333,38.73333333333333
4063,38.73333333333333,38.73333333333333
4064,38.73333333333333,38.73333333333333
4065,38.73333333333333,38.73333333333333
4066,38.73333333333333,38.73333333333333
4067,38.73333333333333,38.73333333333333
4068,38.73333333333333,38.73333333333333
4069,38.73333333333333,38.73333333333333
4070,38.73333333333333,38.73333333333333
4071,38.73333333333333,38.73333333333333
4072,38.73333333333333,38.73333333333333
4073,38.73333333333333,38.73333333333333
4074,38.73333333333333,38.73333333333333
4075,38.73333333333333,38.73333333333333
4076,38.73333333333333,38.73333333333333
4077,38.73333333333333,38.73333333333333
4078,38.73333333333333,38.73333333333333
4079,38.73333333333333,38.73333333333333
4080,38.73333333333333,38.73333333333333
4081,38.73333333333333,38.73333333333333
4082,38.73333333333333,38.73333333333333
4083,38.73333333333333,38.73333333333333
4084,38.73333333333333,38.73333333333333
4085,38.73333333333333,38.73333333333333
4086,38.73333333333333,38.73333333333333
4087,38.73333333333333,38.73333333333333
4088,38.73333333333333,38.73333333333333
4089,38.73333333333333,38.73333333333333
4090,38.73333333333333,38.73333333333333
4091,38.73333333333333,38.73333333333333
4092,38.73333333333333,38.73333333333333
4093,38.73333333333333,38.73333333333333
4094,38.73333333333333,38.73333333333333
4095,38.73333333333333,38.73333333333333
4096,38.73333333333333,38.73333333333333
4097,38.73333333333333,38.73333333333333
4098,38.73333333333333,38.73333333333333
4099,38.73333333333333,38.73333333333333
4100,38.73333333333333,38.73333333333333
4101,38.73333333333333,38.73333333333333
4102,38.73333333333333,38.73333333333333
4103,38.73333333333333,38.73333333333333
4104,38.73333333333333,38.73333333333333
4105,38.73333333333333,38.73333333333333
4106,38.73333333333333,38.73333333333333
4107,38.73333333333333,38.73333333333333
4108,38.73333333333333,38.73333333333333
4109,38.73333333333333,38.73333333333333
4110,38.73333333333333,38.73333333333333
4111,38.73333333333333,38.73333333333333
4112,38.73333333333333,38.73333333333333
4113,38.73333333333333,38.73333333333333
4114,38.73333333333333,38.73333333333333
4115,38.73333333333333,38.73333333333333
4116,38.73333333333333,38.73333333333333
4117,38.73333333333333,38.73333333333333
4118,38.73333333333333,38.73333333333333
4119,38.73333333333333,38.73333333333333
4120,38.73333333333333,38.73333333333333
4121,38.73333333333333,38.73333333333333
4122,38.73333333333333,38.73333333333333
4123,38.73333333333333,38.73333333333333
4124,38.73333333333333,38.73333333333333
4125,38.73333333333333,38.73333333333333
4126,38.73333333333333,38.73333333333333
4127,38.73333333333333,38.73333333333333
4128,38.73333333333333,38.73333333333333
4129,38.73333333333333,38.73333333333333
4130,38.73333333333333,38.73333333333333
4131,38.73333333333333,38.73333333333333
4132,38.73333333333333,38.73333333333333
4133,38.73333333333333,38.73333333333333
4134,38.73333333333333,38.73333333333333
4135,38.73333333333333,38.73333333333333
4136,38.73333333333333,38.73333333333333
4137,38.73333333333333,38.73333333333333
4138,38.73333333333333,38.73333333333333
4139,38.73333333333333,38.73333333333333
4140,38.73333333333333,38.73333333333333
4141,38.73333333333333,38.73333333333333
4142,38.73333333333333,38.73333333333333
4143,38.73333333333333,38.73333333333333
4144,38.73333333333333,38.73333333333333
4145,38.73333333333333,38.73333333333333
4146,38.73333333333333,38.73333333333333
4147,38.73333333333333,38.73333333333333
4148,38.73333333333333,38.73333333333333
4149,38.73333333333333,38.73333333333333
4150,38.73333333333333,38.73333333333333
4151,38.73333333333333,38.73333333333333
4152,38.73333333333333,38.73333333333333
4153,38.73333333333333,38.73333333333333
4154,38.73333333333333,38.73333333333333
4155,38.73333333333333,38.73333333333333
4156,38.73333333333333,38.73333333333333
4157,38.73333333333333,38.73333333333333
4158,38.73333333333333,38.73333333333333
4159,38.73333333333333,38.73333333333333
4160,38.73333333333333,38.73333333333333
4161,38.73333333333333,38.73333333333333
4162,38.73333333333333,38.73333333333333
4163,38.73333333333333,38.73333333333333
4164,38.73333333333333,38.73333333333333
4165,38.73333333333333,38.73333333333333
4166,38.73333333333333,38.73333333333333
4167,38.73333333333333,38.73333333333333
4168,38.73333333333333,38.73333333333333
4169,38.73333333333333,38.73333333333333
4170,38.73333333333333,38.73333333333333
4171,38.73333333333333,38.73333333333333
4172,38.73333333333333,38.73333333333333
4173,38.73333333333333,38.73333333333333
4174,38.73333333333333,38.73333333333333
4175,38.73333333333333,38.73333333333333
4176,38.73333333333333,38.73333333333333
4177,38.73333333333333,38.73333333333333
4178,38.73333333333333,38.73333333333333
4179,38.73333333333333,38.73333333333333
4180,38.73333333333333,38.73333333333333
4181,38.73333333333333,38.73333333333333
4182,38.73333333333333,38.73333333333333
4183,38.73333333333333,38.73333333333333
4184,38.73333333333333,38.73333333333333
4185,38.73333333333333,38.73333333333333
4186,38.73333333333333,38.73333333333333
4187,38.73333333333333,38.73333333333333
4188,38.73333333333333,38.73333333333333
4189,38.73333333333333,38.73333333333333
4190,38.73333333333333,38.73333333333333
4191,38.73333333333333,38.73333333333333
4192,38.73333333333333,38.73333333333333
4193,38.73333333333333,38.73333333333333
4194,38.73333333333333,38.73333333333333
4195,38.73333333333333,38.73333333333333
4196,38.73333333333333,38.73333333333333
4197,38.73333333333333,38.73333333333333
4198,38.73333333333333,38.73333333333333
4199,38.73333333333333,38.73333333333333
4200,38.73333333333333,38.73333333333333
4201,38.73333333333333,38.73333333333333
4202,38.73333333333333,38.73333333333333
4203,38.73333333333333,38.73333333333333
4204,38.73333333333333,38.73333333333333
4205,38.73333333333333,38.73333333333333
4206,38.73333333333333,38.73333333333333
4207,38.73333333333333,38.73333333333333
4208,38.73333333333333,38.73333333333333
4209,38.73333333333333,38.73333333333333
4210,38.73333333333333,38.73333333333333
4211,38.73333333333333,38.73333333333333
4212,38.73333333333333,38.73333333333333
4213,38.73333333333333,38.73333333333333
4214,38.73333333333333,38.73333333333333
4215,38.73333333333333,38.73333333333333
4216,38.73333333333333,38.73333333333333
4217,38.73333333333333,38.73333333333333
4218,38.73333333333333,38.73333333333333
4219,38.73333333333333,38.73333333333333
4220,38.73333333333333,38.73333333333333
4221,38.73333333333333,38.73333333333333
4222,38.73333333333333,38.73333333333333
4223,38.73333333333333,38.73333333333333
4224,38.73333333333333,38.73333333333333
4225,38.73333333333333,38.73333333333333
4226,38.73333333333333,38.73333333333333
4227,38.73333333333333,38.73333333333333
4228,38.73333333333333,38.73333333333333
4229,38.73333333333333,38.73333333333333
4230,38.73333333333333,38.73333333333333
4231,38.73333333333333,38.73333333333333
4232,38.73333333333333,38.73333333333333
4233,38.73333333333333,38.73333333333333
4234,38.73333333333333,38.73333333333333
4235,38.73333333333333,38.73333333333333
4236,38.73333333333333,38.73333333333333
4237,38.73333333333333,38.73333333333333
4238,38.73333333333333,38.73333333333333
4239,38.73333333333333,38.73333333333333
4240,38.73333333333333,38.73333333333333
4241,38.73333333333333,38.73333333333333
4242,38.73333333333333,38.73333333333333
4243,38.73333333333333,38.73333333333333
4244,38.73333333333333,38.73333333333333
4245,38.73333333333333,38.73333333333333
4246,38.73333333333333,38.73333333333333
4247,38.73333333333333,38.73333333333333
4248,38.73333333333333,38.73333333333333
4249,38.73333333333333,38.73333333333333
4250,38.73333333333333,38.73333333333333
4251,38.73333333333333,38.73333333333333
4252,38.73333333333333,38.73333333333333
4253,38.73333333333333,38.73333333333333
4254,38.73333333333333,38.73333333333333
4255,38.73333333333333,38.73333333333333
4256,38.73333333333333,38.73333333333333
4257,38.73333333333333,38.73333333333333
4258,38.73333333333333,38.73333333333333
4259,38.73333333333333,38.73333333333333
4260,38.73333333333333,38.73333333333333
4261,38.73333333333333,38.73333333333333
4262,38.73333333333333,38.73333333333333
4263,38.73333333333333,38.73333333333333
4264,38.73333333333333,38.73333333333333
4265,38.73333333333333,38.73333333333333
4266,38.73333333333333,38.73333333333333
4267,38.73333333333333,38.73333333333333
4268,38.73333333333333,38.73333333333333
4269,38.73333333333333,38.73333333333333
4270,38.73333333333333,38.73333333333333
4271,38.73333333333333,38.73333333333333
4272,38.73333333333333,38.73333333333333
4273,38.73333333333333,38.73333333333333
4274,38.73333333333333,38.73333333333333
4275,38.73333333333333,38.73333333333333
4276,38.73333333333333,38.73333333333333
4277,38.73333333333333,38.73333333333333
4278,38.73333333333333,38.73333333333333
4279,38.73333333333333,38.73333333333333
4280,38.73333333333333,38.73333333333333
4281,38.73333333333333,38.73333333333333
4282,38.73333333333333,38.73333333333333
4283,38.73333333333333,38.73333333333333
4284,38.73333333333333,38.73333333333333
4285,38.73333333333333,38.73333333333333
4286,38.73333333333333,38.73333333333333
4287,38.73333333333333,38.73333333333333
4288,38.73333333333333,38.73333333333333
4289,38.73333333333333,38.73333333333333
4290,38.73333333333333,38.73333333333333
4291,38.73333333333333,38.73333333333333
4292,38.73333333333333,38.73333333333333
4293,38.73333333333333,38.73333333333333
4294,38.73333333333333,38.73333333333333
4295,38.73333333333333,38.73333333333333
4296,38.73333333333333,38.73333333333333
4297,38.73333333333333,38.73333333333333
4298,38.73333333333333,38.73333333333333
4299,38.73333333333333,38.73333333333333
4300,38.73333333333333,38.73333333333333
4301,38.73333333333333,38.73333333333333
4302,38.73333333333333,38.73333333333333
4303,38.73333333333333,38.73333333333333
4304,38.73333333333333,38.73333333333333
4305,38.73333333333333,38.73333333333333
4306,38.73333333333333,38.73333333333333
4307,38.73333333333333,38.73333333333333
4308,38.73333333333333,38.73333333333333
4309,38.73333333333333,38.73333333333333
4310,38.73333333333333,38.73333333333333
4311,38.73333333333333,38.73333333333333
4312,38.73333333333333,38.73333333333333
4313,38.73333333333333,38.73333333333333
4314,38.73333333333333,38.73333333333333
4315,38.73333333333333,38.73333333333333
4316,38.73333333333333,38.73333333333333
4317,38.73333333333333,38.73333333333333
4318,38.73333333333333,38.73333333333333
4319,38.73333333333333,38.73333333333333
4320,38.73333333333333,38.73333333333333
4321,38.73333333333333,38.73333333333333
4322,38.73333333333333,38.73333333333333
4323,38.73333333333333,38.73333333333333
4324,38.73333333333333,38.73333333333333
4325,38.73333333333333,38.73333333333333
4326,38.73333333333333,38.73333333333333
4327,38.73333333333333,38.73333333333333
4328,38.73333333333333,38.73333333333333
4329,38.73333333333333,38.73333333333333
4330,38.73333333333333,38.73333333333333
4331,38.73333333333333,38.73333333333333
4332,38.73333333333333,38.73333333333333
4333,38.73333333333333,38.73333333333333
4334,38.73333333333333,38.73333333333333
4335,38.73333333333333,38.73333333333333
4336,38.73333333333333,38.73333333333333
4337,38.73333333333333,38.73333333333333
4338,38.73333333333333,38.73333333333333
4339,38.73333333333333,38.73333333333333
4340,38.73333333333333,38.73333333333333
4341,38.73333333333333,38.73333333333333
4342,38.73333333333333,38.73333333333333
4343,38.73333333333333,38.73333333333333
4344,38.73333333333333,38.73333333333333
4345,38.73333333333333,38.73333333333333
4346,38.73333333333333,38.73333333333333
4347,38.73333333333333,38.73333333333333
4348,38.73333333333333,38.73333333333333
4349,38.73333333333333,38.73333333333333
4350,38.73333333333333,38.73333333333333
4351,38.73333333333333,38.73333333333333
4352,38.73333333333333,38.73333333333333
4353,38.73333333333333,38.73333333333333
4354,38.73333333333333,38.73333333333333
4355,38.73333333333333,38.73333333333333
4356,38.73333333333333,38.73333333333333
4357,38.73333333333333,38.73333333333333
4358,38.73333333333333,38.73333333333333
4359,38.73333333333333,38.73333333333333
4360,38.73333333333333,38.73333333333333
4361,38.73333333333333,38.73333333333333
4362,38.73333333333333,38.73333333333333
4363,38.73333333333333,38.73333333333333
4364,38.73333333333333,38.73333333333333
4365,38.73333333333333,38.73333333333333
4366,38.73333333333333,38.73333333333333
4367,38.73333333333333,38.73333333333333
4368,38.73333333333333,38.73333333333333
4369,38.73333333333333,38.73333333333333
4370,38.73333333333333,38.73333333333333
4371,38.73333333333333,38.73333333333333
4372,38.73333333333333,38.73333333333333
4373,38.73333333333333,38.73333333333333
4374,38.73333333333333,38.73333333333333
4375,38.73333333333333,38.73333333333333
4376,38.73333333333333,38.73333333333333
4377,38.73333333333333,38.73333333333333
4378,38.73333333333333,38.73333333333333
4379,38.73333333333333,38.73333333333333
4380,38.73333333333333,38.73333333333333
4381,38.73333333333333,38.73333333333333
4382,38.73333333333333,38.73333333333333
4383,38.73333333333333,38.73333333333333
4384,38.73333333333333,38.73333333333333
4385,38.73333333333333,38.73333333333333
4386,38.73333333333333,38.73333333333333
4387,38.73333333333333,38.73333333333333
4388,38.73333333333333,38.73333333333333
4389,38.73333333333333,38.73333333333333
4390,38.73333333333333,38.73333333333333
4391,38.73333333333333,38.73333333333333
4392,38.73333333333333,38.73333333333333
4393,38.73333333333333,38.73333333333333
4394,38.73333333333333,38.73333333333333
4395,38.73333333333333,38.73333333333333
4396,38.73333333333333,38.73333333333333
4397,38.73333333333333,38.73333333333333
4398,38.73333333333333,38.73333333333333
4399,38.73333333333333,38.73333333333333
4400,38.73333333333333,38.73333333333333
4401,38.73333333333333,38.73333333333333
4402,38.73333333333333,38.73333333333333
4403,38.73333333333333,38.73333333333333
4404,38.73333333333333,38.73333333333333
4405,38.73333333333333,38.73333333333333
4406,38.73333333333333,38.73333333333333
4407,38.73333333333333,38.73333333333333
4408,38.73333333333333,38.73333333333333
4409,38.73333333333333,38.73333333333333
4410,38.73333333333333,38.73333333333333
4411,38.73333333333333,38.73333333333333
4412,38.73333333333333,38.73333333333333
4413,38.73333333333333,38.73333333333333
4414,38.73333333333333,38.73333333333333
4415,38.73333333333333,38.73333333333333
4416,38.73333333333333,38.73333333333333
4417,38.73333333333333,38.73333333333333
4418,38.73333333333333,38.73333333333333
4419,38.73333333333333,38.73333333333333
4420,38.73333333333333,38.73333333333333
4421,38.73333333333333,38.73333333333333
4422,38.73333333333333,38.73333333333333
4423,38.73333333333333,38.73333333333333
4424,38.73333333333333,38.73333333333333
4425,38.73333333333333,38.73333333333333
4426,38.73333333333333,38.73333333333333
4427,38.73333333333333,38.73333333333333
4428,38.73333333333333,38.73333333333333
4429,38.73333333333333,38.73333333333333
4430,38.73333333333333,38.73333333333333
4431,38.73333333333333,38.73333333333333
4432,38.73333333333333,38.73333333333333
4433,38.73333333333333,38.73333333333333
4434,38.73333333333333,38.73333333333333
4435,38.73333333333333,38.73333333333333
4436,38.73333333333333,38.73333333333333
4437,38.73333333333333,38.73333333333333
4438,38.73333333333333,38.73333333333333
4439,38.73333333333333,38.73333333333333
4440,38.73333333333333,38.73333333333333
4441,38.73333333333333,38.73333333333333
4442,38.73333333333333,38.73333333333333
4443,38.73333333333333,38.73333333333333
4444,38.73333333333333,38.73333333333333
4445,38.73333333333333,38.73333333333333
4446,38.73333333333333,38.73333333333333
4447,38.73333333333333,38.73333333333333
4448,38.73333333333333,38.73333333333333
4449,38.73333333333333,38.73333333333333
4450,38.73333333333333,38.73333333333333
4451,38.73333333333333,38.73333333333333
4452,38.73333333333333,38.73333333333333
4453,38.73333333333333,38.73333333333333
4454,38.73333333333333,38.73333333333333
4455,38.73333333333333,38.73333333333333
4456,38.73333333333333,38.73333333333333
4457,38.73333333333333,38.73333333333333
4458,38.73333333333333,38.73333333333333
4459,38.73333333333333,38.73333333333333
4460,38.73333333333333,38.73333333333333
4461,38.73333333333333,38.73333333333333
4462,38.73333333333333,38.73333333333333
4463,38.73333333333333,38.73333333333333
4464,38.73333333333333,38.73333333333333
4465,38.73333333333333,38.73333333333333
4466,38.73333333333333,38.73333333333333
4467,38.73333333333333,38.73333333333333
4468,38.73333333333333,38.73333333333333
4469,38.73333333333333,38.73333333333333
4470,38.73333333333333,38.73333333333333
4471,38.73333333333333,38.73333333333333
4472,38.73333333333333,38.73333333333333
4473,38.73333333333333,38.73333333333333
4474,38.73333333333333,38.73333333333333
4475,38.73333333333333,38.73333333333333
4476,38.73333333333333,38.73333333333333
4477,38.73333333333333,38.73333333333333
4478,38.73333333333333,38.73333333333333
4479,38.73333333333333,38.73333333333333
4480,38.73333333333333,38.73333333333333
4481,38.73333333333333,38.73333333333333
4482,38.73333333333333,38.73333333333333
4483,38.73333333333333,38.73333333333333
4484,38.73333333333333,38.73333333333333
4485,38.73333333333333,38.73333333333333
4486,38.73333333333333,38.73333333333333
4487,38.73333333333333,38.73333333333333
4488,38.73333333333333,38.73333333333333
4489,38.73333333333333,38.73333333333333
4490,38.73333333333333,38.73333333333333
4491,38.73333333333333,38.73333333333333
4492,38.73333333333333,38.73333333333333
4493,38.73333333333333,38.73333333333333
4494,38.73333333333333,38.73333333333333
4495,38.73333333333333,38.73333333333333
4496,38.73333333333333,38.73333333333333
4497,38.73333333333333,38.73333333333333
4498,38.73333333333333,38.73333333333333
4499,38.73333333333333,38.73333333333333
4500,38.73333333333333,38.73333333333333
4501,38.73333333333333,38.73333333333333
4502,38.73333333333333,38.73333333333333
4503,38.73333333333333,38.73333333333333
4504,38.73333333333333,38.73333333333333
4505,38.73333333333333,38.73333333333333
4506,38.73333333333333,38.73333333333333
4507,38.73333333333333,38.73333333333333
4508,38.73333333333333,38.73333333333333
4509,38.73333333333333,38.73333333333333
4510,38.73333333333333,38.73333333333333
4511,38.73333333333333,38.73333333333333
4512,38.73333333333333,38.73333333333333
4513,38.73333333333333,38.73333333333333
4514,38.73333333333333,38.73333333333333
4515,38.73333333333333,38.73333333333333
4516,38.73333333333333,38.73333333333333
4517,38.73333333333333,38.73333333333333
4518,38.73333333333333,38.73333333333333
4519,38.73333333333333,38.73333333333333
4520,38.73333333333333,38.73333333333333
4521,38.73333333333333,38.73333333333333
4522,38.73333333333333,38.73333333333333
4523,38.73333333333333,38.73333333333333
4524,38.73333333333333,38.73333333333333
4525,38.73333333333333,38.73333333333333
4526,38.73333333333333,38.73333333333333
4527,38.73333333333333,38.73333333333333
4528,38.73333333333333,38.73333333333333
4529,38.73333333333333,38.73333333333333
4530,38.73333333333333,38.73333333333333
4531,38.73333333333333,38.73333333333333
4532,38.73333333333333,38.73333333333333
4533,38.73333333333333,38.73333333333333
4534,38.73333333333333,38.73333333333333
4535,38.73333333333333,38.73333333333333
4536,38.73333333333333,38.73333333333333
4537,38.73333333333333,38.73333333333333
4538,38.73333333333333,38.73333333333333
4539,38.73333333333333,38.73333333333333
4540,38.73333333333333,38.73333333333333
4541,38.73333333333333,38.73333333333333
4542,38.73333333333333,38.73333333333333
4543,38.73333333333333,38.73333333333333
4544,38.73333333333333,38.73333333333333
4545,38.73333333333333,38.73333333333333
4546,38.73333333333333,38.73333333333333
4547,38.73333333333333,38.73333333333333
4548,38.73333333333333,38.73333333333333
4549,38.73333333333333,38.73333333333333
4550,38.73333333333333,38.73333333333333
4551,38.73333333333333,38.73333333333333
4552,38.73333333333333,38.73333333333333
4553,38.73333333333333,38.73333333333333
4554,38.73333333333333,38.73333333333333
4555,38.73333333333333,38.73333333333333
4556,38.73333333333333,38.73333333333333
4557,38.73333333333333,38.73333333333333
4558,38.73333333333333,38.73333333333333
4559,38.73333333333333,38.73333333333333
4560,38.73333333333333,38.73333333333333
4561,38.73333333333333,38.73333333333333
4562,38.73333333333333,38.73333333333333
4563,38.73333333333333,38.73333333333333
4564,38.73333333333333,38.73333333333333
4565,38.73333333333333,38.73333333333333
4566,38.73333333333333,38.73333333333333
4567,38.73333333333333,38.73333333333333
4568,38.73333333333333,38.73333333333333
4569,38.73333333333333,38.73333333333333
4570,38.73333333333333,38.73333333333333
4571,38.73333333333333,38.73333333333333
4572,38.73333333333333,38.73333333333333
4573,38.73333333333333,38.73333333333333
4574,38.73333333333333,38.73333333333333
4575,38.73333333333333,38.73333333333333
4576,38.73333333333333,38.73333333333333
4577,38.73333333333333,38.73333333333333
4578,38.73333333333333,38.73333333333333
4579,38.73333333333333,38.73333333333333
4580,38.73333333333333,38.73333333333333
4581,38.73333333333333,38.73333333333333
4582,38.73333333333333,38.73333333333333
4583,38.73333333333333,38.73333333333333
4584,38.73333333333333,38.73333333333333
4585,38.73333333333333,38.73333333333333
4586,38.73333333333333,38.73333333333333
4587,38.73333333333333,38.73333333333333
4588,38.73333333333333,38.73333333333333
4589,38.73333333333333,38.73333333333333
4590,38.73333333333333,38.73333333333333
4591,38.73333333333333,38.73333333333333
4592,38.73333333333333,38.73333333333333
4593,38.73333333333333,38.73333333333333
4594,38.73333333333333,38.73333333333333
4595,38.73333333333333,38.73333333333333
4596,38.73333333333333,38.73333333333333
4597,38.73333333333333,38.73333333333333
4598,38.73333333333333,38.73333333333333
4599,38.73333333333333,38.73333333333333
4600,38.73333333333333,38.73333333333333
4601,38.73333333333333,38.73333333333333
4602,38.73333333333333,38.73333333333333
4603,38.73333333333333,38.73333333333333
4604,38.73333333333333,38.73333333333333
4605,38.73333333333333,38.73333333333333
4606,38.73333333333333,38.73333333333333
4607,38.73333333333333,38.73333333333333
4608,38.73333333333333,38.73333333333333
4609,38.73333333333333,38.73333333333333
4610,38.73333333333333,38.73333333333333
4611,38.73333333333333,38.73333333333333
4612,38.73333333333333,38.73333333333333
4613,38.73333333333333,38.73333333333333
4614,38.73333333333333,38.73333333333333
4615,38.73333333333333,38.73333333333333
4616,38.73333333333333,38.73333333333333
4617,38.73333333333333,38.73333333333333
4618,38.73333333333333,38.73333333333333
4619,38.73333333333333,38.73333333333333
4620,38.73333333333333,38.73333333333333
4621,38.73333333333333,38.73333333333333
4622,38.73333333333333,38.73333333333333
4623,38.73333333333333,38.73333333333333
4624,38.73333333333333,38.73333333333333
4625,38.73333333333333,38.73333333333333
4626,38.73333333333333,38.73333333333333
4627,38.73333333333333,38.73333333333333
4628,38.73333333333333,38.73333333333333
4629,38.73333333333333,38.73333333333333
4630,38.73333333333333,38.73333333333333
4631,38.73333333333333,38.73333333333333
4632,38.73333333333333,38.73333333333333
4633,38.73333333333333,38.73333333333333
4634,38.73333333333333,38.73333333333333
4635,38.73333333333333,38.73333333333333
4636,38.73333333333333,38.73333333333333
4637,38.73333333333333,38.73333333333333
4638,38.73333333333333,38.73333333333333
4639,38.73333333333333,38.73333333333333
4640,38.73333333333333,38.73333333333333
4641,38.73333333333333,38.73333333333333
4642,38.73333333333333,38.73333333333333
4643,38.73333333333333,38.73333333333333
4644,38.73333333333333,38.73333333333333
4645,38.73333333333333,38.73333333333333
4646,38.73333333333333,38.73333333333333
4647,38.73333333333333,38.73333333333333
4648,38.73333333333333,38.73333333333333
4649,38.73333333333333,38.73333333333333
4650,38.73333333333333,38.73333333333333
4651,38.73333333333333,38.73333333333333
4652,38.73333333333333,38.73333333333333
4653,38.73333333333333,38.73333333333333
4654,38.73333333333333,38.73333333333333
4655,38.73333333333333,38.73333333333333
4656,38.73333333333333,38.73333333333333
4657,38.73333333333333,38.73333333333333
4658,38.73333333333333,38.73333333333333
4659,38.73333333333333,38.73333333333333
4660,38.73333333333333,38.73333333333333
4661,38.73333333333333,38.73333333333333
4662,38.73333333333333,38.73333333333333
4663,38.73333333333333,38.73333333333333
4664,38.73333333333333,38.73333333333333
4665,38.73333333333333,38.73333333333333
4666,38.73333333333333,38.73333333333333
4667,38.73333333333333,38.73333333333333
4668,38.73333333333333,38.73333333333333
4669,38.73333333333333,38.73333333333333
4670,38.73333333333333,38.73333333333333
4671,38.73333333333333,38.73333333333333
4672,38.73333333333333,38.73333333333333
4673,38.73333333333333,38.73333333333333
4674,38.73333333333333,38.73333333333333
4675,38.73333333333333,38.73333333333333
4676,38.73333333333333,38.73333333333333
4677,38.73333333333333,38.73333333333333
4678,38.73333333333333,38.73333333333333
4679,38.73333333333333,38.73333333333333
4680,38.73333333333333,38.73333333333333
4681,38.73333333333333,38.73333333333333
4682,38.73333333333333,38.73333333333333
4683,38.73333333333333,38.73333333333333
4684,38.73333333333333,38.73333333333333
4685,38.73333333333333,38.73333333333333
4686,38.73333333333333,38.73333333333333
4687,38.73333333333333,38.73333333333333
4688,38.73333333333333,38.73333333333333
4689,38.73333333333333,38.73333333333333
4690,38.73333333333333,38.73333333333333
4691,38.73333333333333,38.73333333333333
4692,38.73333333333333,38.73333333333333
4693,38.73333333333333,38.73333333333333
4694,38.73333333333333,38.73333333333333
4695,38.73333333333333,38.73333333333333
4696,38.73333333333333,38.73333333333333
4697,38.73333333333333,38.73333333333333
4698,38.73333333333333,38.73333333333333
4699,38.73333333333333,38.73333333333333
4700,38.73333333333333,38.73333333333333
4701,38.73333333333333,38.73333333333333
4702,38.73333333333333,38.73333333333333
4703,38.73333333333333,38.73333333333333
4704,38.73333333333333,38.73333333333333
4705,38.73333333333333,38.73333333333333
4706,38.73333333333333,38.73333333333333
4707,38.73333333333333,38.73333333333333
4708,38.73333333333333,38.73333333333333
4709,38.73333333333333,38.73333333333333
4710,38.73333333333333,38.73333333333333
4711,38.73333333333333,38.73333333333333
4712,38.73333333333333,38.73333333333333
4713,38.73333333333333,38.73333333333333
4714,38.73333333333333,38.73333333333333
4715,38.73333333333333,38.73333333333333
4716,38.73333333333333,38.73333333333333
4717,38.73333333333333,38.73333333333333
4718,38.73333333333333,38.73333333333333
4719,38.73333333333333,38.73333333333333
4720,38.73333333333333,38.73333333333333
4721,38.73333333333333,38.73333333333333
4722,38.73333333333333,38.73333333333333
4723,38.73333333333333,38.73333333333333
4724,38.73333333333333,38.73333333333333
4725,38.73333333333333,38.73333333333333
4726,38.73333333333333,38.73333333333333
4727,38.73333333333333,38.73333333333333
4728,38.73333333333333,38.73333333333333
4729,38.73333333333333,38.73333333333333
4730,38.73333333333333,38.73333333333333
4731,38.73333333333333,38.73333333333333
4732,38.73333333333333,38.73333333333333
4733,38.73333333333333,38.73333333333333
4734,38.73333333333333,38.73333333333333
4735,38.73333333333333,38.73333333333333
4736,38.73333333333333,38.73333333333333
4737,38.73333333333333,38.73333333333333
4738,38.73333333333333,38.73333333333333
4739,38.73333333333333,38.73333333333333
4740,38.73333333333333,38.73333333333333
4741,38.73333333333333,38.73333333333333
4742,38.73333333333333,38.73333333333333
4743,38.73333333333333,38.73333333333333
4744,38.73333333333333,38.73333333333333
4745,38.73333333333333,38.73333333333333
4746,38.73333333333333,38.73333333333333
4747,38.73333333333333,38.73333333333333
4748,38.73333333333333,38.73333333333333
4749,38.73333333333333,38.73333333333333
4750,38.73333333333333,38.73333333333333
4751,38.73333333333333,38.73333333333333
4752,38.73333333333333,38.73333333333333
4753,38.73333333333333,38.73333333333333
4754,38.73333333333333,38.73333333333333
4755,38.73333333333333,38.73333333333333
4756,38.73333333333333,38.73333333333333
4757,38.73333333333333,38.73333333333333
4758,38.73333333333333,38.73333333333333
4759,38.73333333333333,38.73333333333333
4760,38.73333333333333,38.73333333333333
4761,38.73333333333333,38.73333333333333
4762,38.73333333333333,38.73333333333333
4763,38.73333333333333,38.73333333333333
4764,38.73333333333333,38.73333333333333
4765,38.73333333333333,38.73333333333333
4766,38.73333333333333,38.73333333333333
4767,38.73333333333333,38.73333333333333
4768,38.73333333333333,38.73333333333333
4769,38.73333333333333,38.73333333333333
4770,38.73333333333333,38.73333333333333
4771,38.73333333333333,38.73333333333333
4772,38.73333333333333,38.73333333333333
4773,38.73333333333333,38.73333333333333
4774,38.73333333333333,38.73333333333333
4775,38.73333333333333,38.73333333333333
4776,38.73333333333333,38.73333333333333
4777,38.73333333333333,38.73333333333333
4778,38.73333333333333,38.73333333333333
4779,38.73333333333333,38.73333333333333
4780,38.73333333333333,38.73333333333333
4781,38.73333333333333,38.73333333333333
4782,38.73333333333333,38.73333333333333
4783,38.73333333333333,38.73333333333333
4784,38.73333333333333,38.73333333333333
4785,38.73333333333333,38.73333333333333
4786,38.73333333333333,38.73333333333333
4787,38.73333333333333,38.73333333333333
4788,38.73333333333333,38.73333333333333
4789,38.73333333333333,38.73333333333333
4790,38.73333333333333,38.73333333333333
4791,38.73333333333333,38.73333333333333
4792,38.73333333333333,38.73333333333333
4793,38.73333333333333,38.73333333333333
4794,38.73333333333333,38.73333333333333
4795,38.73333333333333,38.73333333333333
4796,38.73333333333333,38.73333333333333
4797,38.73333333333333,38.73333333333333
4798,38.73333333333333,38.73333333333333
4799,38.73333333333333,38.73333333333333
4800,38.73333333333333,38.73333333333333
4801,38.73333333333333,38.73333333333333
4802,38.73333333333333,38.73333333333333
4803,38.73333333333333,38.73333333333333
4804,38.73333333333333,38.73333333333333
4805,38.73333333333333,38.73333333333333
4806,38.73333333333333,38.73333333333333
4807,38.73333333333333,38.73333333333333
4808,38.73333333333333,38.73333333333333
4809,38.73333333333333,38.73333333333333
4810,38.73333333333333,38.73333333333333
4811,38.73333333333333,38.73333333333333
4812,38.73333333333333,38.73333333333333
4813,38.73333333333333,38.73333333333333
4814,38.73333333333333,38.73333333333333
4815,38.73333333333333,38.73333333333333
4816,38.73333333333333,38.73333333333333
4817,38.73333333333333,38.73333333333333
4818,38.73333333333333,38.73333333333333
4819,38.73333333333333,38.73333333333333
4820,38.73333333333333,38.73333333333333
4821,38.73333333333333,38.73333333333333
4822,38.73333333333333,38.73333333333333
4823,38.73333333333333,38.73333333333333
4824,38.73333333333333,38.73333333333333
4825,38.73333333333333,38.73333333333333
4826,38.73333333333333,38.73333333333333
4827,38.73333333333333,38.73333333333333
4828,38.73333333333333,38.73333333333333
4829,38.73333333333333,38.73333333333333
4830,38.73333333333333,38.73333333333333
4831,38.73333333333333,38.73333333333333
4832,38.73333333333333,38.73333333333333
4833,38.73333333333333,38.73333333333333
4834,38.73333333333333,38.73333333333333
4835,38.73333333333333,38.73333333333333
4836,38.73333333333333,38.73333333333333
4837,38.73333333333333,38.73333333333333
4838,38.73333333333333,38.73333333333333
4839,38.73333333333333,38.73333333333333
4840,38.73333333333333,38.73333333333333
4841,38.73333333333333,38.73333333333333
4842,38.73333333333333,38.73333333333333
4843,38.73333333333333,38.73333333333333
4844,38.73333333333333,38.73333333333333
4845,38.73333333333333,38.73333333333333
4846,38.73333333333333,38.73333333333333
4847,38.73333333333333,38.73333333333333
4848,38.73333333333333,38.73333333333333
4849,38.73333333333333,38.73333333333333
4850,38.73333333333333,38.73333333333333
4851,38.73333333333333,38.73333333333333
4852,38.73333333333333,38.73333333333333
4853,38.73333333333333,38.73333333333333
4854,38.73333333333333,38.73333333333333
4855,38.73333333333333,38.73333333333333
4856,38.73333333333333,38.73333333333333
4857,38.73333333333333,38.73333333333333
4858,38.73333333333333,38.73333333333333
4859,38.73333333333333,38.73333333333333
4860,38.73333333333333,38.73333333333333
4861,38.73333333333333,38.73333333333333
4862,38.73333333333333,38.73333333333333
4863,38.73333333333333,38.73333333333333
4864,38.73333333333333,38.73333333333333
4865,38.73333333333333,38.73333333333333
4866,38.73333333333333,38.73333333333333
4867,38.73333333333333,38.73333333333333
4868,38.73333333333333,38.73333333333333
4869,38.73333333333333,38.73333333333333
4870,38.73333333333333,38.73333333333333
4871,38.73333333333333,38.73333333333333
4872,38.73333333333333,38.73333333333333
4873,38.73333333333333,38.73333333333333
4874,38.73333333333333,38.73333333333333
4875,38.73333333333333,38.73333333333333
4876,38.73333333333333,38.73333333333333
4877,38.73333333333333,38.73333333333333
4878,38.73333333333333,38.73333333333333
4879,38.73333333333333,38.73333333333333
4880,38.73333333333333,38.73333333333333
4881,38.73333333333333,38.73333333333333
4882,38.73333333333333,38.73333333333333
4883,38.73333333333333,38.73333333333333
4884,38.73333333333333,38.73333333333333
4885,38.73333333333333,38.73333333333333
4886,38.73333333333333,38.73333333333333
4887,38.73333333333333,38.73333333333333
4888,38.73333333333333,38.73333333333333
4889,38.73333333333333,38.73333333333333
4890,38.73333333333333,38.73333333333333
4891,38.73333333333333,38.73333333333333
4892,38.73333333333333,38.73333333333333
4893,38.73333333333333,38.73333333333333
4894,38.73333333333333,38.73333333333333
4895,38.73333333333333,38.73333333333333
4896,38.73333333333333,38.73333333333333
4897,38.73333333333333,38.73333333333333
4898,38.73333333333333,38.73333333333333
4899,38.73333333333333,38.73333333333333
4900,38.73333333333333,38.73333333333333
4901,38.73333333333333,38.73333333333333
4902,38.73333333333333,38.73333333333333
4903,38.73333333333333,38.73333333333333
4904,38.73333333333333,38.73333333333333
4905,38.73333333333333,38.73333333333333
4906,38.73333333333333,38.73333333333333
4907,38.73333333333333,38.73333333333333
4908,38.73333333333333,38.73333333333333
4909,38.73333333333333,38.73333333333333
4910,38.73333333333333,38.73333333333333
4911,38.73333333333333,38.73333333333333
4912,38.73333333333333,38.73333333333333
4913,38.73333333333333,38.73333333333333
4914,38.73333333333333,38.73333333333333
4915,38.73333333333333,38.73333333333333
4916,38.73333333333333,38.73333333333333
4917,38.73333333333333,38.73333333333333
4918,38.73333333333333,38.73333333333333
4919,38.73333333333333,38.73333333333333
4920,38.73333333333333,38.73333333333333
4921,38.73333333333333,38.73333333333333
4922,38.73333333333333,38.73333333333333
4923,38.73333333333333,38.73333333333333
4924,38.73333333333333,38.73333333333333
4925,38.73333333333333,38.73333333333333
4926,38.73333333333333,38.73333333333333
4927,38.73333333333333,38.73333333333333
4928,38.73333333333333,38.73333333333333
4929,38.73333333333333,38.73333333333333
4930,38.73333333333333,38.73333333333333
4931,38.73333333333333,38.73333333333333
4932,38.73333333333333,38.73333333333333
4933,38.73333333333333,38.73333333333333
4934,38.73333333333333,38.73333333333333
4935,38.73333333333333,38.73333333333333
4936,38.73333333333333,38.73333333333333
4937,38.73333333333333,38.73333333333333
4938,38.73333333333333,38.73333333333333
4939,38.73333333333333,38.73333333333333
4940,38.73333333333333,38.73333333333333
4941,38.73333333333333,38.73333333333333
4942,38.73333333333333,38.73333333333333
4943,38.73333333333333,38.73333333333333
4944,38.73333333333333,38.73333333333333
4945,38.73333333333333,38.73333333333333
4946,38.73333333333333,38.73333333333333
4947,38.73333333333333,38.73333333333333
4948,38.73333333333333,38.73333333333333
4949,38.73333333333333,38.73333333333333
4950,38.73333333333333,38.73333333333333
4951,38.73333333333333,38.73333333333333
4952,38.73333333333333,38.73333333333333
4953,38.73333333333333,38.73333333333333
4954,38.73333333333333,38.73333333333333
4955,38.73333333333333,38.73333333333333
4956,38.73333333333333,38.73333333333333
4957,38.73333333333333,38.73333333333333
4958,38.73333333333333,38.73333333333333
4959,38.73333333333333,38.73333333333333
4960,38.73333333333333,38.73333333333333
4961,38.73333333333333,38.73333333333333
4962,38.73333333333333,38.73333333333333
4963,38.73333333333333,38.73333333333333
4964,38.73333333333333,38.73333333333333
4965,38.73333333333333,38.73333333333333
4966,38.73333333333333,38.73333333333333
4967,38.73333333333333,38.73333333333333
4968,38.73333333333333,38.73333333333333
4969,38.73333333333333,38.73333333333333
4970,38.73333333333333,38.73333333333333
4971,38.73333333333333,38.73333333333333
4972,38.73333333333333,38.73333333333333
4973,38.73333333333333,38.73333333333333
4974,38.73333333333333,38.73333333333333
4975,38.73333333333333,38.73333333333333
4976,38.73333333333333,38.73333333333333
4977,38.73333333333333,38.73333333333333
4978,38.73333333333333,38.73333333333333
4979,38.73333333333333,38.73333333333333
4980,38.73333333333333,38.73333333333333
4981,38.73333333333333,38.73333333333333
4982,38.73333333333333,38.73333333333333
4983,38.73333333333333,38.73333333333333
4984,38.73333333333333,38.73333333333333
4985,38.73333333333333,38.73333333333333
4986,38.73333333333333,38.73333333333333
4987,38.73333333333333,38.73333333333333
4988,38.73333333333333,38.73333333333333
4989,38.73333333333333,38.73333333333333
4990,38.73333333333333,38.73333333333333
4991,38.73333333333333,38.73333333333333
4992,38.73333333333333,38.73333333333333
4993,38.73333333333333,38.73333333333333
4994,38.73333333333333,38.73333333333333
4995,38.73333333333333,38.73333333333333
4996,38.73333333333333,38.73333333333333
4997,38.73333333333333,38.73333333333333
4998,38.73333333333333,38.73333333333333
4999,38.73333333333333,38.73333333333333
