,hsa_js,add_js
0,0.8,0.0
1,0.8,0.0
2,0.8,0.0
3,0.8,0.0
4,0.8,0.0
5,0.8,0.0
6,0.8,0.0
7,0.8,0.0
8,0.8,0.0
9,0.8,0.0
10,0.8,0.0
11,0.8,0.0
12,1.0,0.0
13,1.1,0.0
14,1.1,0.0
15,1.1,0.0
16,1.1,0.0
17,1.1,0.0
18,1.1,0.0
19,1.1,0.0
20,1.1,0.0
21,1.1,0.0
22,1.1,0.0
23,1.1,0.0
24,1.1,0.0
25,1.1,0.0
26,1.1,0.0
27,1.1,0.0
28,1.1,0.0
29,1.1,0.0
30,1.1,0.0
31,1.1,0.0
32,1.1,0.0
33,1.1,0.0
34,1.1,0.0
35,1.1,0.0
36,1.1,0.0
37,1.1,0.0
38,1.1,0.0
39,1.1,0.0
40,1.1,0.0
41,1.1,0.0
42,1.1,0.0
43,1.1,0.0
44,1.1,0.0
45,1.1,0.0
46,1.1,0.0
47,1.1,0.0
48,1.2000000000000002,0.0
49,1.2000000000000002,0.0
50,1.2000000000000002,0.0
51,1.2000000000000002,0.0
52,1.2000000000000002,0.0
53,1.2000000000000002,0.0
54,1.2000000000000002,0.0
55,1.2000000000000002,0.0
56,1.3,0.0
57,1.3,0.0
58,1.3,0.0
59,1.3,0.0
60,1.4000000000000001,0.0
61,1.4000000000000001,0.0
62,1.4000000000000001,0.0
63,1.4000000000000001,0.0
64,1.4000000000000001,0.0
65,1.4000000000000001,0.0
66,1.4000000000000001,0.0
67,1.4000000000000001,0.0
68,1.4000000000000001,0.0
69,1.4000000000000001,0.0
70,1.4000000000000001,0.0
71,1.4000000000000001,0.0
72,1.4000000000000001,0.0
73,1.4000000000000001,0.0
74,1.4000000000000001,0.0
75,1.4000000000000001,0.0
76,1.4000000000000001,0.0
77,1.4000000000000001,0.0
78,1.4000000000000001,0.0
79,1.4000000000000001,0.0
80,1.4000000000000001,0.0
81,1.4000000000000001,0.0
82,1.4000000000000001,0.0
83,1.4000000000000001,0.0
84,1.4000000000000001,0.0
85,1.4000000000000001,0.0
86,1.4000000000000001,0.0
87,1.4000000000000001,0.0
88,1.4000000000000001,0.0
89,1.4000000000000001,0.0
90,1.4000000000000001,0.0
91,1.4000000000000001,0.0
92,1.4000000000000001,0.0
93,1.4000000000000001,0.0
94,1.4000000000000001,0.0
95,1.5,0.0
96,1.5,0.0
97,1.5,0.0
98,1.5,0.0
99,1.5,0.0
100,1.5,0.0
101,1.5,0.0
102,1.5,0.0
103,1.5,0.0
104,1.5,0.0
105,1.5,0.0
106,1.5,0.0
107,1.5,0.0
108,1.5,0.0
109,1.5,0.0
110,1.5,0.0
111,1.5,0.0
112,1.5,0.0
113,1.5,0.0
114,1.5,0.0
115,1.5,0.0
116,1.5,0.0
117,1.5,0.0
118,1.5,0.0
119,1.5,0.0
120,1.5,0.0
121,1.5,0.0
122,1.5,0.0
123,1.5,0.0
124,1.5,0.0
125,1.5,0.0
126,1.7000000000000002,0.0
127,1.7000000000000002,0.0
128,1.7000000000000002,0.0
129,1.7000000000000002,0.0
130,1.7000000000000002,0.0
131,1.7000000000000002,0.0
132,1.7000000000000002,0.0
133,1.7000000000000002,0.0
134,1.7000000000000002,0.0
135,1.7000000000000002,0.0
136,1.7000000000000002,0.0
137,1.7000000000000002,0.0
138,2.0,0.0
139,2.0,0.0
140,2.0,0.0
141,2.0,0.0
142,2.0,0.0
143,2.0,0.0
144,2.0,0.0
145,2.0,0.0
146,2.0,0.0
147,2.2,0.0
148,2.2,0.0
149,2.2,0.0
150,2.2,0.0
151,2.2,0.0
152,2.2,0.0
153,2.2,0.0
154,2.4000000000000004,0.0
155,2.4000000000000004,0.0
156,2.4000000000000004,0.0
157,2.4000000000000004,0.0
158,2.4000000000000004,0.0
159,2.4000000000000004,0.0
160,2.5,0.0
161,2.5,0.0
162,2.5,0.0
163,2.5,0.0
164,2.5,0.0
165,2.5,0.0
166,2.5,0.0
167,2.5,0.0
168,2.5,0.0
169,2.5,0.0
170,2.5,0.0
171,2.5,0.0
172,2.5,0.0
173,2.5,0.0
174,2.5,0.0
175,2.5,0.0
176,2.5,0.0
177,2.5,0.0
178,2.5,0.0
179,2.5,0.0
180,2.5,0.0
181,2.5,0.0
182,2.5,0.0
183,2.5,0.0
184,2.5,0.0
185,2.5,0.0
186,2.5,0.0
187,2.5,0.0
188,2.5,0.0
189,2.6,0.0
190,2.6,0.0
191,2.6,0.0
192,2.6,0.0
193,2.6,0.0
194,2.6,0.0
195,2.6,0.0
196,2.6,0.0
197,2.6,0.0
198,2.6,0.0
199,2.6,0.0
200,2.6,0.0
201,2.6,0.0
202,2.6,0.0
203,2.6,0.0
204,2.6,0.0
205,2.6,0.0
206,2.6,0.0
207,2.6,0.0
208,2.6,0.0
209,2.6,0.0
210,2.6,0.0
211,2.6,0.0
212,2.6,0.0
213,2.6,0.0
214,2.6,0.0
215,2.6,0.0
216,2.6,0.0
217,2.6,0.0
218,2.6,0.0
219,2.6,0.0
220,2.6,0.0
221,2.6,0.0
222,2.6,0.0
223,2.6,0.0
224,2.6,0.0
225,2.6,0.0
226,2.6,0.0
227,2.7,0.0
228,2.7,0.0
229,2.7,0.0
230,2.7,0.0
231,2.7,0.0
232,2.7,0.0
233,2.9000000000000004,0.0
234,2.9000000000000004,0.0
235,2.9000000000000004,0.0
236,2.9000000000000004,0.0
237,2.9000000000000004,0.0
238,2.9000000000000004,0.0
239,2.9000000000000004,0.0
240,2.9000000000000004,0.0
241,2.9000000000000004,0.0
242,2.9000000000000004,0.0
243,3.1,0.0
244,3.1,0.0
245,3.1,0.0
246,3.1,0.0
247,3.1,0.0
248,3.1,0.0
249,3.1,0.0
250,3.1,0.0
251,3.3000000000000003,0.0
252,3.3000000000000003,0.0
253,3.3000000000000003,0.0
254,3.3000000000000003,0.0
255,3.3000000000000003,0.0
256,3.3000000000000003,0.0
257,3.3000000000000003,0.0
258,3.3000000000000003,0.0
259,3.3000000000000003,0.0
260,3.3000000000000003,0.0
261,3.3000000000000003,0.0
262,3.7,0.0
263,3.7,0.0
264,3.7,0.0
265,3.7,0.0
266,3.7,0.0
267,3.7,0.0
268,3.8000000000000003,0.0
269,3.8000000000000003,0.0
270,3.8000000000000003,0.0
271,3.8000000000000003,0.0
272,3.8000000000000003,0.0
273,3.8000000000000003,0.0
274,3.8000000000000003,0.0
275,3.8000000000000003,0.0
276,3.8000000000000003,0.0
277,3.8000000000000003,0.0
278,3.8000000000000003,0.0
279,3.8000000000000003,0.0
280,3.8000000000000003,0.0
281,3.8000000000000003,0.0
282,3.8000000000000003,0.0
283,3.8000000000000003,0.0
284,3.8000000000000003,0.0
285,3.8000000000000003,0.0
286,3.8000000000000003,0.0
287,3.8000000000000003,0.0
288,3.8000000000000003,0.0
289,3.8000000000000003,0.0
290,3.8000000000000003,0.0
291,3.8000000000000003,0.0
292,3.8000000000000003,0.0
293,3.8000000000000003,0.0
294,3.8000000000000003,0.0
295,3.8000000000000003,0.0
296,3.8000000000000003,0.0
297,3.8000000000000003,0.0
298,3.8000000000000003,0.0
299,3.8000000000000003,0.0
300,3.8000000000000003,0.0
301,3.8000000000000003,0.0
302,3.8000000000000003,0.0
303,3.8000000000000003,0.0
304,3.8000000000000003,0.0
305,3.8000000000000003,0.0
306,3.8000000000000003,0.0
307,3.8000000000000003,0.0
308,3.8000000000000003,0.0
309,3.8000000000000003,0.0
310,3.8000000000000003,0.0
311,3.8000000000000003,0.0
312,3.8000000000000003,0.0
313,3.8000000000000003,0.0
314,3.8000000000000003,0.0
315,3.8000000000000003,0.0
316,3.8000000000000003,0.0
317,3.8000000000000003,0.0
318,3.8000000000000003,0.0
319,3.8000000000000003,0.0
320,3.8000000000000003,0.0
321,3.8000000000000003,0.0
322,3.8000000000000003,0.0
323,3.8000000000000003,0.0
324,3.8000000000000003,0.0
325,3.8000000000000003,0.0
326,3.8000000000000003,0.0
327,3.9000000000000004,0.0
328,3.9000000000000004,0.0
329,3.9000000000000004,0.0
330,3.9000000000000004,0.0
331,3.9000000000000004,0.0
332,3.9000000000000004,0.0
333,4.0,0.0
334,4.0,0.0
335,4.0,0.0
336,4.0,0.0
337,4.0,0.0
338,4.0,0.0
339,4.0,0.0
340,4.3,0.0
341,4.3,0.0
342,4.3,0.0
343,4.3,0.0
344,4.3,0.0
345,4.3,0.0
346,4.3,0.0
347,4.3,0.0
348,4.3,0.0
349,4.3,0.0
350,4.3,0.0
351,4.3,0.0
352,4.3,0.0
353,4.3,0.0
354,4.5,0.0
355,4.5,0.0
356,4.5,0.0
357,4.5,0.0
358,4.5,0.0
359,4.5,0.0
360,4.5,0.0
361,4.5,0.0
362,4.5,0.0
363,4.5,0.0
364,4.5,0.0
365,4.5,0.0
366,4.5,0.0
367,4.5,0.0
368,4.5,0.0
369,4.5,0.0
370,4.7,0.0
371,4.7,0.0
372,4.7,0.0
373,4.7,0.0
374,4.7,0.0
375,4.7,0.0
376,4.7,0.0
377,4.7,0.0
378,4.7,0.0
379,4.7,0.0
380,4.7,0.0
381,4.7,0.0
382,4.7,0.0
383,4.7,0.0
384,4.7,0.0
385,4.7,0.0
386,4.7,0.0
387,4.7,0.0
388,4.7,0.0
389,4.7,0.0
390,4.7,0.0
391,4.7,0.0
392,4.7,0.0
393,4.7,0.0
394,4.7,0.0
395,4.7,0.0
396,4.7,0.0
397,4.7,0.0
398,4.7,0.0
399,4.7,0.0
400,4.7,0.0
401,4.7,0.0
402,4.7,0.0
403,4.7,0.0
404,4.7,0.0
405,4.7,0.0
406,4.7,0.0
407,4.7,0.0
408,4.7,0.0
409,4.7,0.0
410,4.7,0.0
411,4.7,0.0
412,4.7,0.0
413,4.7,0.0
414,4.7,0.0
415,4.7,0.0
416,4.800000000000001,0.0
417,4.800000000000001,0.0
418,4.800000000000001,0.0
419,4.800000000000001,0.0
420,4.800000000000001,0.0
421,4.800000000000001,0.0
422,4.800000000000001,0.0
423,4.800000000000001,0.0
424,4.800000000000001,0.0
425,4.800000000000001,0.0
426,4.800000000000001,0.0
427,4.800000000000001,0.0
428,4.800000000000001,0.0
429,4.800000000000001,0.0
430,4.800000000000001,0.0
431,4.800000000000001,0.0
432,4.800000000000001,0.0
433,4.800000000000001,0.0
434,4.800000000000001,0.0
435,4.800000000000001,0.0
436,4.800000000000001,0.0
437,4.800000000000001,0.0
438,4.800000000000001,0.0
439,4.800000000000001,0.0
440,4.800000000000001,0.0
441,4.800000000000001,0.0
442,4.800000000000001,0.0
443,4.800000000000001,0.0
444,4.800000000000001,0.0
445,4.800000000000001,0.0
446,4.800000000000001,0.0
447,4.800000000000001,0.0
448,4.800000000000001,0.0
449,4.800000000000001,0.0
450,4.800000000000001,0.0
451,4.800000000000001,0.0
452,4.800000000000001,0.0
453,4.800000000000001,0.0
454,4.800000000000001,0.0
455,4.800000000000001,0.0
456,4.800000000000001,0.0
457,5.0,0.0
458,5.0,0.0
459,5.0,0.0
460,5.0,0.0
461,5.0,0.0
462,5.0,0.0
463,5.0,0.0
464,5.0,0.0
465,5.0,0.0
466,5.0,0.0
467,5.0,0.0
468,5.0,0.0
469,5.0,0.0
470,5.0,0.0
471,5.0,0.0
472,5.0,0.0
473,5.0,0.0
474,5.0,0.0
475,5.0,0.0
476,5.0,0.0
477,5.0,0.0
478,5.0,0.0
479,5.0,0.0
480,5.0,0.0
481,5.0,0.0
482,5.0,0.0
483,5.0,0.0
484,5.0,0.0
485,5.0,0.0
486,5.2,0.0
487,5.2,0.0
488,5.2,0.0
489,5.2,0.0
490,5.2,0.0
491,5.2,0.0
492,5.2,0.0
493,5.2,0.0
494,5.2,0.0
495,5.2,0.0
496,5.2,0.0
497,5.2,0.0
498,5.2,0.0
499,5.2,0.0
500,5.2,0.0
501,5.2,0.0
502,5.2,0.0
503,5.300000000000001,0.0
504,5.300000000000001,0.0
505,5.300000000000001,0.0
506,5.300000000000001,0.0
507,5.300000000000001,0.0
508,5.300000000000001,0.0
509,5.300000000000001,0.0
510,5.300000000000001,0.0
511,5.300000000000001,0.0
512,5.300000000000001,0.0
513,5.300000000000001,0.0
514,5.300000000000001,0.0
515,5.300000000000001,0.0
516,5.300000000000001,0.0
517,5.300000000000001,0.0
518,5.300000000000001,0.0
519,5.300000000000001,0.0
520,5.300000000000001,0.0
521,5.300000000000001,0.0
522,5.300000000000001,0.0
523,5.300000000000001,0.0
524,5.5,0.0
525,5.5,0.0
526,5.5,0.0
527,5.5,0.0
528,5.5,0.0
529,5.5,0.0
530,5.5,0.0
531,5.5,0.0
532,5.5,0.0
533,5.5,0.0
534,5.5,0.0
535,5.5,0.0
536,5.5,0.0
537,5.5,0.0
538,5.5,0.0
539,5.5,0.0
540,5.5,0.0
541,5.5,0.0
542,5.5,0.0
543,5.5,0.0
544,5.5,0.0
545,5.5,0.0
546,5.5,0.0
547,5.7,0.0
548,5.7,0.0
549,5.7,0.0
550,5.7,0.0
551,5.7,0.0
552,5.7,0.0
553,5.7,0.0
554,5.7,0.0
555,5.7,0.0
556,5.7,0.0
557,5.7,0.0
558,5.7,0.0
559,5.7,0.0
560,5.7,0.0
561,5.7,0.0
562,5.7,0.0
563,5.7,0.0
564,5.7,0.0
565,5.7,0.0
566,5.7,0.0
567,5.7,0.0
568,5.7,0.0
569,5.7,0.0
570,5.7,0.0
571,5.7,0.0
572,5.7,0.0
573,5.7,0.0
574,5.7,0.0
575,5.7,0.0
576,5.7,0.0
577,5.7,0.0
578,5.7,0.0
579,5.7,0.0
580,5.7,0.0
581,5.7,0.0
582,5.7,0.0
583,5.7,0.0
584,5.9,0.0
585,5.9,0.0
586,5.9,0.0
587,5.9,0.0
588,5.9,0.0
589,5.9,0.0
590,5.9,0.0
591,5.9,0.0
592,5.9,0.0
593,5.9,0.0
594,5.9,0.0
595,5.9,0.0
596,6.1000000000000005,0.0
597,6.1000000000000005,0.0
598,6.1000000000000005,0.0
599,6.1000000000000005,0.0
600,6.1000000000000005,0.0
601,6.1000000000000005,0.0
602,6.1000000000000005,0.0
603,6.1000000000000005,0.0
604,6.1000000000000005,0.0
605,6.1000000000000005,0.0
606,6.1000000000000005,0.0
607,6.1000000000000005,0.0
608,6.1000000000000005,0.0
609,6.1000000000000005,0.0
610,6.1000000000000005,0.0
611,6.2,0.0
612,6.2,0.0
613,6.2,0.0
614,6.2,0.0
615,6.2,0.0
616,6.2,0.0
617,6.2,0.0
618,6.2,0.0
619,6.2,0.0
620,6.2,0.0
621,6.2,0.0
622,6.2,0.0
623,6.2,0.0
624,6.2,0.0
625,6.2,0.0
626,6.2,0.0
627,6.2,0.0
628,6.2,0.0
629,6.2,0.0
630,6.4,0.0
631,6.4,0.0
632,6.4,0.0
633,6.4,0.0
634,6.4,0.0
635,6.4,0.0
636,6.4,0.0
637,6.4,0.0
638,6.4,0.0
639,6.4,0.0
640,6.4,0.0
641,6.4,0.0
642,6.6000000000000005,0.0
643,6.6000000000000005,0.0
644,6.6000000000000005,0.0
645,6.6000000000000005,0.0
646,6.6000000000000005,0.0
647,6.6000000000000005,0.0
648,6.6000000000000005,0.0
649,6.6000000000000005,0.0
650,6.6000000000000005,0.0
651,6.6000000000000005,0.0
652,6.6000000000000005,0.0
653,6.6000000000000005,0.0
654,6.6000000000000005,0.0
655,6.6000000000000005,0.0
656,6.800000000000001,0.0
657,6.800000000000001,0.0
658,6.800000000000001,0.0
659,6.800000000000001,0.0
660,6.800000000000001,0.0
661,6.800000000000001,0.0
662,6.800000000000001,0.0
663,6.800000000000001,0.0
664,6.800000000000001,0.0
665,6.800000000000001,0.0
666,6.800000000000001,0.0
667,6.800000000000001,0.0
668,6.800000000000001,0.0
669,6.800000000000001,0.0
670,6.800000000000001,0.0
671,6.800000000000001,0.0
672,6.800000000000001,0.0
673,6.800000000000001,0.0
674,6.800000000000001,0.0
675,6.800000000000001,0.0
676,6.800000000000001,0.0
677,6.800000000000001,0.0
678,6.800000000000001,0.0
679,6.800000000000001,0.0
680,6.800000000000001,0.0
681,6.800000000000001,0.0
682,6.800000000000001,0.0
683,6.800000000000001,0.0
684,6.800000000000001,0.0
685,6.800000000000001,0.0
686,6.800000000000001,0.0
687,6.800000000000001,0.0
688,6.800000000000001,0.0
689,6.800000000000001,0.0
690,6.800000000000001,0.0
691,6.800000000000001,0.0
692,6.800000000000001,0.0
693,6.800000000000001,0.0
694,6.800000000000001,0.0
695,6.800000000000001,0.0
696,6.800000000000001,0.0
697,6.800000000000001,0.0
698,6.800000000000001,0.0
699,6.800000000000001,0.0
700,6.800000000000001,0.0
701,6.800000000000001,0.0
702,6.800000000000001,0.0
703,6.800000000000001,0.0
704,6.800000000000001,0.0
705,6.800000000000001,0.0
706,6.9,0.0
707,6.9,0.0
708,6.9,0.0
709,6.9,0.0
710,6.9,0.0
711,6.9,0.0
712,6.9,0.0
713,6.9,0.0
714,6.9,0.0
715,6.9,0.0
716,6.9,0.0
717,6.9,0.0
718,6.9,0.0
719,6.9,0.0
720,6.9,0.0
721,6.9,0.0
722,6.9,0.0
723,7.1000000000000005,0.0
724,7.1000000000000005,0.0
725,7.1000000000000005,0.0
726,7.1000000000000005,0.0
727,7.1000000000000005,0.0
728,7.1000000000000005,0.0
729,7.1000000000000005,0.0
730,7.1000000000000005,0.0
731,7.1000000000000005,0.0
732,7.1000000000000005,0.0
733,7.1000000000000005,0.0
734,7.1000000000000005,0.0
735,7.1000000000000005,0.0
736,7.1000000000000005,0.0
737,7.1000000000000005,0.0
738,7.1000000000000005,0.0
739,7.1000000000000005,0.0
740,7.1000000000000005,0.0
741,7.1000000000000005,0.0
742,7.1000000000000005,0.0
743,7.1000000000000005,0.0
744,7.1000000000000005,0.0
745,7.1000000000000005,0.0
746,7.1000000000000005,0.0
747,7.1000000000000005,0.0
748,7.1000000000000005,0.0
749,7.1000000000000005,0.0
750,7.1000000000000005,0.0
751,7.1000000000000005,0.0
752,7.1000000000000005,0.0
753,7.1000000000000005,0.0
754,7.1000000000000005,0.0
755,7.1000000000000005,0.0
756,7.1000000000000005,0.0
757,7.1000000000000005,0.0
758,7.1000000000000005,0.0
759,7.1000000000000005,0.0
760,7.1000000000000005,0.0
761,7.1000000000000005,0.0
762,7.1000000000000005,0.0
763,7.1000000000000005,0.0
764,7.1000000000000005,0.0
765,7.1000000000000005,0.0
766,7.1000000000000005,0.0
767,7.1000000000000005,0.0
768,7.1000000000000005,0.0
769,7.1000000000000005,0.0
770,7.1000000000000005,0.0
771,7.1000000000000005,0.0
772,7.1000000000000005,0.0
773,7.300000000000001,0.0
774,7.300000000000001,0.0
775,7.300000000000001,0.0
776,7.300000000000001,0.0
777,7.300000000000001,0.0
778,7.300000000000001,0.0
779,7.300000000000001,0.0
780,7.300000000000001,0.0
781,7.300000000000001,0.0
782,7.300000000000001,0.0
783,7.300000000000001,0.0
784,7.300000000000001,0.0
785,7.300000000000001,0.0
786,7.300000000000001,0.0
787,7.300000000000001,0.0
788,7.300000000000001,0.0
789,7.300000000000001,0.0
790,7.6000000000000005,0.0
791,7.6000000000000005,0.0
792,7.6000000000000005,0.0
793,7.6000000000000005,0.0
794,7.6000000000000005,0.0
795,7.6000000000000005,0.0
796,7.6000000000000005,0.0
797,7.6000000000000005,0.0
798,7.6000000000000005,0.0
799,7.6000000000000005,0.0
800,7.6000000000000005,0.0
801,7.6000000000000005,0.0
802,7.6000000000000005,0.0
803,7.6000000000000005,0.0
804,7.6000000000000005,0.0
805,7.6000000000000005,0.0
806,7.6000000000000005,0.0
807,7.6000000000000005,0.0
808,7.6000000000000005,0.0
809,7.6000000000000005,0.0
810,7.6000000000000005,0.0
811,7.6000000000000005,0.0
812,7.6000000000000005,0.0
813,7.6000000000000005,0.0
814,7.6000000000000005,0.0
815,7.6000000000000005,0.0
816,7.6000000000000005,0.0
817,7.6000000000000005,0.0
818,7.6000000000000005,0.0
819,7.6000000000000005,0.0
820,7.6000000000000005,0.0
821,7.6000000000000005,0.0
822,7.6000000000000005,0.0
823,7.6000000000000005,0.0
824,7.6000000000000005,0.0
825,7.6000000000000005,0.0
826,7.6000000000000005,0.0
827,7.6000000000000005,0.0
828,7.800000000000001,0.0
829,7.800000000000001,0.0
830,7.800000000000001,0.0
831,7.800000000000001,0.0
832,7.800000000000001,0.0
833,7.800000000000001,0.0
834,7.800000000000001,0.0
835,7.800000000000001,0.0
836,7.800000000000001,0.0
837,7.800000000000001,0.0
838,7.800000000000001,0.0
839,7.800000000000001,0.0
840,7.800000000000001,0.0
841,7.800000000000001,0.0
842,7.800000000000001,0.0
843,7.800000000000001,0.0
844,7.800000000000001,0.0
845,7.800000000000001,0.0
846,7.800000000000001,0.0
847,7.800000000000001,0.0
848,7.800000000000001,0.0
849,7.800000000000001,0.0
850,7.800000000000001,0.0
851,7.800000000000001,0.0
852,7.800000000000001,0.0
853,7.800000000000001,0.0
854,7.800000000000001,0.0
855,7.800000000000001,0.0
856,7.800000000000001,0.0
857,7.800000000000001,0.0
858,7.800000000000001,0.0
859,7.800000000000001,0.0
860,7.9,0.0
861,7.9,0.0
862,7.9,0.0
863,7.9,0.0
864,7.9,0.0
865,7.9,0.0
866,7.9,0.0
867,7.9,0.0
868,7.9,0.0
869,7.9,0.0
870,7.9,0.0
871,7.9,0.0
872,7.9,0.0
873,7.9,0.0
874,7.9,0.0
875,7.9,0.0
876,7.9,0.0
877,7.9,0.0
878,7.9,0.0
879,8.0,0.0
880,8.0,0.0
881,8.0,0.0
882,8.0,0.0
883,8.0,0.0
884,8.1,0.0
885,8.1,0.0
886,8.1,0.0
887,8.1,0.0
888,8.1,0.0
889,8.1,0.0
890,8.1,0.0
891,8.1,0.0
892,8.1,0.0
893,8.1,0.0
894,8.1,0.0
895,8.1,0.0
896,8.1,0.0
897,8.1,0.0
898,8.1,0.0
899,8.1,0.0
900,8.1,0.0
901,8.1,0.0
902,8.1,0.0
903,8.1,0.0
904,8.1,0.0
905,8.1,0.0
906,8.1,0.0
907,8.1,0.0
908,8.1,0.0
909,8.1,0.0
910,8.1,0.0
911,8.1,0.0
912,8.1,0.0
913,8.1,0.0
914,8.1,0.0
915,8.1,0.0
916,8.1,0.0
917,8.1,0.0
918,8.1,0.0
919,8.1,0.0
920,8.1,0.0
921,8.1,0.0
922,8.200000000000001,0.0
923,8.200000000000001,0.0
924,8.200000000000001,0.0
925,8.200000000000001,0.0
926,8.200000000000001,0.0
927,8.200000000000001,0.0
928,8.200000000000001,0.0
929,8.200000000000001,0.0
930,8.200000000000001,0.0
931,8.200000000000001,0.0
932,8.200000000000001,0.0
933,8.200000000000001,0.0
934,8.200000000000001,0.0
935,8.200000000000001,0.0
936,8.700000000000001,0.0
937,8.700000000000001,0.0
938,8.700000000000001,0.0
939,8.700000000000001,0.0
940,8.700000000000001,0.0
941,8.700000000000001,0.0
942,8.700000000000001,0.0
943,8.700000000000001,0.0
944,8.700000000000001,0.0
945,8.700000000000001,0.0
946,8.700000000000001,0.0
947,8.700000000000001,0.0
948,8.700000000000001,0.0
949,8.700000000000001,0.0
950,8.700000000000001,0.0
951,8.700000000000001,0.0
952,8.700000000000001,0.0
953,9.0,0.0
954,9.0,0.0
955,9.0,0.0
956,9.0,0.0
957,9.0,0.0
958,9.0,0.0
959,9.0,0.0
960,9.0,0.0
961,9.0,0.0
962,9.0,0.0
963,9.0,0.0
964,9.0,0.0
965,9.0,0.0
966,9.0,0.0
967,9.0,0.0
968,9.700000000000001,0.0
969,9.700000000000001,0.0
970,9.700000000000001,0.0
971,9.700000000000001,0.0
972,9.700000000000001,0.0
973,9.700000000000001,0.0
974,9.700000000000001,0.0
975,9.700000000000001,0.0
976,9.700000000000001,0.0
977,9.700000000000001,0.0
978,9.700000000000001,0.0
979,9.9,0.0
980,9.9,0.0
981,9.9,0.0
982,9.9,0.0
983,9.9,0.0
984,9.9,0.0
985,9.9,0.0
986,9.9,0.0
987,9.9,0.0
988,9.9,0.0
989,9.9,0.0
990,9.9,0.0
991,9.9,0.0
992,9.9,0.0
993,9.9,0.0
994,9.9,0.0
995,9.9,0.0
996,9.9,0.0
997,9.9,0.0
998,9.9,0.0
999,9.9,0.0
1000,9.9,0.0
1001,9.9,0.0
1002,9.9,0.0
1003,9.9,0.0
1004,9.9,0.0
1005,9.9,0.0
1006,9.9,0.0
1007,9.9,0.0
1008,9.9,0.0
1009,9.9,0.0
1010,9.9,0.0
1011,9.9,0.0
1012,9.9,0.0
1013,9.9,0.0
1014,9.9,0.0
1015,10.100000000000001,0.0
1016,10.100000000000001,0.0
1017,10.100000000000001,0.0
1018,10.100000000000001,0.0
1019,10.100000000000001,0.0
1020,10.100000000000001,0.0
1021,10.3,0.0
1022,10.3,0.0
1023,10.3,0.0
1024,10.3,0.0
1025,10.3,0.0
1026,10.3,0.0
1027,10.3,0.0
1028,10.3,0.0
1029,10.3,0.0
1030,10.3,0.0
1031,10.3,0.0
1032,10.3,0.0
1033,10.3,0.0
1034,10.3,0.0
1035,10.3,0.0
1036,10.3,0.0
1037,10.3,0.0
1038,10.3,0.0
1039,10.3,0.0
1040,10.3,0.0
1041,10.3,0.0
1042,10.3,0.0
1043,10.3,0.0
1044,10.3,0.0
1045,10.3,0.0
1046,10.3,0.0
1047,10.3,0.0
1048,10.3,0.0
1049,10.3,0.0
1050,10.3,0.0
1051,10.3,0.0
1052,10.3,0.0
1053,10.3,0.0
1054,10.3,0.0
1055,10.3,0.0
1056,10.3,0.0
1057,10.5,0.0
1058,10.5,0.0
1059,10.5,0.0
1060,10.5,0.0
1061,10.5,0.0
1062,10.5,0.0
1063,10.5,0.0
1064,10.5,0.0
1065,10.5,0.0
1066,10.5,0.0
1067,10.5,0.0
1068,10.5,0.0
1069,10.5,0.0
1070,10.5,0.0
1071,10.5,0.0
1072,10.5,0.0
1073,10.5,0.0
1074,10.5,0.0
1075,10.5,0.0
1076,10.5,0.0
1077,10.5,0.0
1078,10.5,0.0
1079,10.5,0.0
1080,10.5,0.0
1081,10.5,0.0
1082,10.5,0.0
1083,10.5,0.0
1084,10.5,0.0
1085,10.5,0.0
1086,10.5,0.0
1087,10.5,0.0
1088,10.5,0.0
1089,10.5,0.0
1090,10.5,0.0
1091,10.5,0.0
1092,10.5,0.0
1093,10.5,0.0
1094,10.5,0.0
1095,10.5,0.0
1096,10.5,0.0
1097,10.5,0.0
1098,10.5,0.0
1099,10.5,0.0
1100,10.5,0.0
1101,10.5,0.0
1102,10.5,0.0
1103,10.5,0.0
1104,10.5,0.0
1105,10.5,0.0
1106,10.600000000000001,0.0
1107,10.600000000000001,0.0
1108,10.600000000000001,0.0
1109,10.600000000000001,0.0
1110,10.600000000000001,0.0
1111,10.600000000000001,0.0
1112,10.600000000000001,0.0
1113,10.600000000000001,0.0
1114,10.600000000000001,0.0
1115,10.600000000000001,0.0
1116,10.600000000000001,0.0
1117,10.600000000000001,0.0
1118,10.8,0.0
1119,10.8,0.0
1120,10.8,0.0
1121,10.8,0.0
1122,10.8,0.0
1123,10.8,0.0
1124,10.8,0.0
1125,10.8,0.0
1126,10.8,0.0
1127,10.8,0.0
1128,10.8,0.0
1129,10.8,0.0
1130,10.8,0.0
1131,10.8,0.0
1132,10.8,0.0
1133,10.8,0.0
1134,10.8,0.0
1135,11.100000000000001,0.0
1136,11.100000000000001,0.0
1137,11.100000000000001,0.0
1138,11.100000000000001,0.0
1139,11.100000000000001,0.0
1140,11.100000000000001,0.0
1141,11.100000000000001,0.0
1142,11.100000000000001,0.0
1143,11.100000000000001,0.0
1144,11.100000000000001,0.0
1145,11.100000000000001,0.0
1146,11.100000000000001,0.0
1147,11.100000000000001,0.0
1148,11.100000000000001,0.0
1149,11.100000000000001,0.0
1150,11.100000000000001,0.0
1151,11.100000000000001,0.0
1152,11.100000000000001,0.0
1153,11.100000000000001,0.0
1154,11.3,0.0
1155,11.3,0.0
1156,11.3,0.0
1157,11.3,0.0
1158,11.3,0.0
1159,11.3,0.0
1160,11.3,0.0
1161,11.3,0.0
1162,11.3,0.0
1163,11.3,0.0
1164,11.3,0.0
1165,11.3,0.0
1166,11.5,0.0
1167,11.5,0.0
1168,11.5,0.0
1169,11.5,0.0
1170,11.5,0.0
1171,11.5,0.0
1172,11.5,0.0
1173,11.5,0.0
1174,11.5,0.0
1175,11.5,0.0
1176,11.5,0.0
1177,11.5,0.0
1178,11.5,0.0
1179,11.700000000000001,0.0
1180,11.700000000000001,0.0
1181,11.700000000000001,0.0
1182,11.700000000000001,0.0
1183,11.700000000000001,0.0
1184,11.700000000000001,0.0
1185,11.700000000000001,0.0
1186,11.700000000000001,0.0
1187,11.700000000000001,0.0
1188,11.700000000000001,0.0
1189,11.700000000000001,0.0
1190,11.8,0.0
1191,11.8,0.0
1192,11.8,0.0
1193,11.8,0.0
1194,11.8,0.0
1195,11.8,0.0
1196,11.8,0.0
1197,11.9,0.0
1198,11.9,0.0
1199,11.9,0.0
1200,11.9,0.0
1201,11.9,0.0
1202,11.9,0.0
1203,11.9,0.0
1204,12.0,0.0
1205,12.0,0.0
1206,12.0,0.0
1207,12.0,0.0
1208,12.0,0.0
1209,12.0,0.0
1210,12.0,0.0
1211,12.0,0.0
1212,12.0,0.0
1213,12.0,0.0
1214,12.0,0.0
1215,12.0,0.0
1216,12.0,0.0
1217,12.0,0.0
1218,12.0,0.0
1219,12.0,0.0
1220,12.0,0.0
1221,12.0,0.0
1222,12.0,0.0
1223,12.0,0.0
1224,12.0,0.0
1225,12.0,0.0
1226,12.0,0.0
1227,12.0,0.0
1228,12.0,0.0
1229,12.0,0.0
1230,12.0,0.0
1231,12.0,0.0
1232,12.0,0.0
1233,12.0,0.0
1234,12.0,0.0
1235,12.0,0.0
1236,12.0,0.0
1237,12.0,0.0
1238,12.0,0.0
1239,12.0,0.0
1240,12.0,0.0
1241,12.0,0.0
1242,12.0,0.0
1243,12.0,0.0
1244,12.0,0.0
1245,12.200000000000001,0.0
1246,12.200000000000001,0.0
1247,12.200000000000001,0.0
1248,12.200000000000001,0.0
1249,12.200000000000001,0.0
1250,12.200000000000001,0.0
1251,12.200000000000001,0.0
1252,12.200000000000001,0.0
1253,12.200000000000001,0.0
1254,12.200000000000001,0.0
1255,12.200000000000001,0.0
1256,12.200000000000001,0.0
1257,12.200000000000001,0.0
1258,12.200000000000001,0.0
1259,12.200000000000001,0.0
1260,12.200000000000001,0.0
1261,12.200000000000001,0.0
1262,12.200000000000001,0.0
1263,12.200000000000001,0.0
1264,12.200000000000001,0.0
1265,12.200000000000001,0.0
1266,12.200000000000001,0.0
1267,12.200000000000001,0.0
1268,12.200000000000001,0.0
1269,12.200000000000001,0.0
1270,12.200000000000001,0.0
1271,12.200000000000001,0.0
1272,12.200000000000001,0.0
1273,12.200000000000001,0.0
1274,12.200000000000001,0.0
1275,12.200000000000001,0.0
1276,12.200000000000001,0.0
1277,12.200000000000001,0.0
1278,12.200000000000001,0.0
1279,12.200000000000001,0.0
1280,12.200000000000001,0.0
1281,12.200000000000001,0.0
1282,12.200000000000001,0.0
1283,12.200000000000001,0.0
1284,12.200000000000001,0.0
1285,12.200000000000001,0.0
1286,12.200000000000001,0.0
1287,12.200000000000001,0.0
1288,12.200000000000001,0.0
1289,12.4,0.0
1290,12.4,0.0
1291,12.4,0.0
1292,12.4,0.0
1293,12.4,0.0
1294,12.4,0.0
1295,12.4,0.0
1296,12.4,0.0
1297,12.4,0.0
1298,12.4,0.0
1299,12.9,0.0
1300,12.9,0.0
1301,12.9,0.0
1302,12.9,0.0
1303,12.9,0.0
1304,12.9,0.0
1305,12.9,0.0
1306,12.9,0.0
1307,12.9,0.0
1308,12.9,0.0
1309,12.9,0.0
1310,12.9,0.0
1311,12.9,0.0
1312,13.100000000000001,0.0
1313,13.100000000000001,0.0
1314,13.100000000000001,0.0
1315,13.100000000000001,0.0
1316,13.100000000000001,0.0
1317,13.100000000000001,0.0
1318,13.100000000000001,0.0
1319,13.100000000000001,0.0
1320,13.100000000000001,0.0
1321,13.100000000000001,0.0
1322,13.100000000000001,0.0
1323,13.100000000000001,0.0
1324,13.100000000000001,0.0
1325,13.100000000000001,0.0
1326,13.100000000000001,0.0
1327,13.100000000000001,0.0
1328,13.100000000000001,0.0
1329,13.100000000000001,0.0
1330,13.100000000000001,0.0
1331,13.100000000000001,0.0
1332,13.100000000000001,0.0
1333,13.100000000000001,0.0
1334,13.100000000000001,0.0
1335,13.100000000000001,0.0
1336,13.100000000000001,0.0
1337,13.100000000000001,0.0
1338,13.100000000000001,0.0
1339,13.100000000000001,0.0
1340,13.100000000000001,0.0
1341,13.100000000000001,0.0
1342,13.100000000000001,0.0
1343,13.100000000000001,0.0
1344,13.100000000000001,0.0
1345,13.100000000000001,0.0
1346,13.100000000000001,0.0
1347,13.100000000000001,0.0
1348,13.100000000000001,0.0
1349,13.100000000000001,0.0
1350,13.100000000000001,0.0
1351,13.100000000000001,0.0
1352,13.100000000000001,0.0
1353,13.100000000000001,0.0
1354,13.100000000000001,0.0
1355,13.100000000000001,0.0
1356,13.100000000000001,0.0
1357,13.100000000000001,0.0
1358,13.100000000000001,0.0
1359,13.100000000000001,0.0
1360,13.100000000000001,0.0
1361,13.100000000000001,0.0
1362,13.100000000000001,0.0
1363,13.100000000000001,0.0
1364,13.100000000000001,0.0
1365,13.100000000000001,0.0
1366,13.100000000000001,0.0
1367,13.100000000000001,0.0
1368,13.100000000000001,0.0
1369,13.100000000000001,0.0
1370,13.100000000000001,0.0
1371,13.100000000000001,0.0
1372,13.100000000000001,0.0
1373,13.100000000000001,0.0
1374,13.100000000000001,0.0
1375,13.100000000000001,0.0
1376,13.200000000000001,0.0
1377,13.200000000000001,0.0
1378,13.200000000000001,0.0
1379,13.200000000000001,0.0
1380,13.200000000000001,0.0
1381,13.200000000000001,0.0
1382,13.200000000000001,0.0
1383,13.200000000000001,0.0
1384,13.200000000000001,0.0
1385,13.200000000000001,0.0
1386,13.200000000000001,0.0
1387,13.200000000000001,0.0
1388,13.200000000000001,0.0
1389,13.5,0.0
1390,13.5,0.0
1391,13.5,0.0
1392,13.5,0.0
1393,13.5,0.0
1394,13.5,0.0
1395,13.5,0.0
1396,13.5,0.0
1397,13.5,0.0
1398,13.5,0.0
1399,13.5,0.0
1400,13.5,0.0
1401,13.5,0.0
1402,13.5,0.0
1403,13.5,0.0
1404,13.600000000000001,0.0
1405,13.600000000000001,0.0
1406,13.600000000000001,0.0
1407,13.600000000000001,0.0
1408,13.600000000000001,0.0
1409,13.600000000000001,0.0
1410,13.600000000000001,0.0
1411,13.600000000000001,0.0
1412,13.600000000000001,0.0
1413,13.600000000000001,0.0
1414,13.600000000000001,0.0
1415,13.600000000000001,0.0
1416,13.600000000000001,0.0
1417,13.600000000000001,0.0
1418,13.600000000000001,0.0
1419,13.600000000000001,0.0
1420,13.600000000000001,0.0
1421,13.600000000000001,0.0
1422,13.600000000000001,0.0
1423,13.600000000000001,0.0
1424,13.600000000000001,0.0
1425,13.600000000000001,0.0
1426,13.600000000000001,0.0
1427,13.600000000000001,0.0
1428,13.600000000000001,0.0
1429,13.600000000000001,0.0
1430,13.600000000000001,0.0
1431,13.600000000000001,0.0
1432,13.600000000000001,0.0
1433,13.600000000000001,0.0
1434,13.600000000000001,0.0
1435,13.600000000000001,0.0
1436,13.600000000000001,0.0
1437,13.600000000000001,0.0
1438,13.600000000000001,0.0
1439,13.600000000000001,0.0
1440,13.600000000000001,0.0
1441,13.600000000000001,0.0
1442,13.600000000000001,0.0
1443,13.600000000000001,0.0
1444,13.600000000000001,0.0
1445,13.600000000000001,0.0
1446,13.600000000000001,0.0
1447,13.600000000000001,0.0
1448,13.600000000000001,0.0
1449,13.600000000000001,0.0
1450,13.600000000000001,0.0
1451,13.600000000000001,0.0
1452,13.600000000000001,0.0
1453,13.600000000000001,0.0
1454,13.600000000000001,0.0
1455,13.600000000000001,0.0
1456,13.600000000000001,0.0
1457,13.600000000000001,0.0
1458,13.600000000000001,0.0
1459,13.600000000000001,0.0
1460,13.600000000000001,0.0
1461,13.600000000000001,0.0
1462,13.600000000000001,0.0
1463,13.600000000000001,0.0
1464,13.600000000000001,0.0
1465,13.600000000000001,0.0
1466,13.600000000000001,0.0
1467,13.600000000000001,0.0
1468,13.600000000000001,0.0
1469,13.600000000000001,0.0
1470,13.600000000000001,0.0
1471,13.600000000000001,0.0
1472,13.600000000000001,0.0
1473,13.600000000000001,0.0
1474,14.0,0.0
1475,14.0,0.0
1476,14.0,0.0
1477,14.0,0.0
1478,14.0,0.0
1479,14.0,0.0
1480,14.0,0.0
1481,14.0,0.0
1482,14.0,0.0
1483,14.0,0.0
1484,14.0,0.0
1485,14.0,0.0
1486,14.0,0.0
1487,14.0,0.0
1488,14.0,0.0
1489,14.100000000000001,0.0
1490,14.100000000000001,0.0
1491,14.100000000000001,0.0
1492,14.100000000000001,0.0
1493,14.100000000000001,0.0
1494,14.100000000000001,0.0
1495,14.100000000000001,0.0
1496,14.100000000000001,0.0
1497,14.100000000000001,0.0
1498,14.100000000000001,0.0
1499,14.100000000000001,0.0
1500,14.100000000000001,0.0
1501,14.100000000000001,0.0
1502,14.100000000000001,0.0
1503,14.100000000000001,0.0
1504,14.100000000000001,0.0
1505,14.100000000000001,0.0
1506,14.100000000000001,0.0
1507,14.100000000000001,0.0
1508,14.100000000000001,0.0
1509,14.100000000000001,0.0
1510,14.100000000000001,0.0
1511,14.100000000000001,0.0
1512,14.100000000000001,0.0
1513,14.100000000000001,0.0
1514,14.100000000000001,0.0
1515,14.100000000000001,0.0
1516,14.100000000000001,0.0
1517,14.100000000000001,0.0
1518,14.100000000000001,0.0
1519,14.100000000000001,0.0
1520,14.100000000000001,0.0
1521,14.100000000000001,0.0
1522,14.100000000000001,0.0
1523,14.100000000000001,0.0
1524,14.100000000000001,0.0
1525,14.100000000000001,0.0
1526,14.100000000000001,0.0
1527,14.100000000000001,0.0
1528,14.100000000000001,0.0
1529,14.100000000000001,0.0
1530,14.100000000000001,0.0
1531,14.100000000000001,0.0
1532,14.100000000000001,0.0
1533,14.100000000000001,0.0
1534,14.100000000000001,0.0
1535,14.100000000000001,0.0
1536,14.100000000000001,0.0
1537,14.100000000000001,0.0
1538,14.100000000000001,0.0
1539,14.100000000000001,0.0
1540,14.100000000000001,0.0
1541,14.100000000000001,0.0
1542,14.100000000000001,0.0
1543,14.100000000000001,0.0
1544,14.100000000000001,0.0
1545,14.100000000000001,0.0
1546,14.100000000000001,0.0
1547,14.100000000000001,0.0
1548,14.100000000000001,0.0
1549,14.100000000000001,0.0
1550,14.100000000000001,0.0
1551,14.100000000000001,0.0
1552,14.100000000000001,0.0
1553,14.100000000000001,0.0
1554,14.100000000000001,0.0
1555,14.100000000000001,0.0
1556,14.100000000000001,0.0
1557,14.100000000000001,0.0
1558,14.100000000000001,0.0
1559,14.100000000000001,0.0
1560,14.100000000000001,0.0
1561,14.100000000000001,0.0
1562,14.100000000000001,0.0
1563,14.100000000000001,0.0
1564,14.3,0.0
1565,14.3,0.0
1566,14.3,0.0
1567,14.3,0.0
1568,14.3,0.0
1569,14.3,0.0
1570,14.3,0.0
1571,14.3,0.0
1572,14.3,0.0
1573,14.3,0.0
1574,14.3,0.0
1575,14.3,0.0
1576,14.3,0.0
1577,14.3,0.0
1578,14.3,0.0
1579,14.3,0.0
1580,14.3,0.0
1581,14.3,0.0
1582,14.5,0.0
1583,14.5,0.0
1584,14.5,0.0
1585,14.5,0.0
1586,14.5,0.0
1587,14.5,0.0
1588,14.5,0.0
1589,14.5,0.0
1590,14.5,0.0
1591,14.5,0.0
1592,14.5,0.0
1593,14.5,0.0
1594,14.5,0.0
1595,14.5,0.0
1596,14.5,0.0
1597,14.5,0.0
1598,14.600000000000001,0.0
1599,14.600000000000001,0.0
1600,14.600000000000001,0.0
1601,14.600000000000001,0.0
1602,14.600000000000001,0.0
1603,14.600000000000001,0.0
1604,14.600000000000001,0.0
1605,14.600000000000001,0.0
1606,14.600000000000001,0.0
1607,14.600000000000001,0.0
1608,14.600000000000001,0.0
1609,14.600000000000001,0.0
1610,14.600000000000001,0.0
1611,14.8,0.0
1612,14.8,0.0
1613,14.8,0.0
1614,14.8,0.0
1615,14.8,0.0
1616,14.8,0.0
1617,14.8,0.0
1618,14.8,0.0
1619,14.8,0.0
1620,14.8,0.0
1621,14.8,0.0
1622,14.8,0.0
1623,14.8,0.0
1624,14.8,0.0
1625,15.100000000000001,0.0
1626,15.100000000000001,0.0
1627,15.100000000000001,0.0
1628,15.100000000000001,0.0
1629,15.100000000000001,0.0
1630,15.100000000000001,0.0
1631,15.100000000000001,0.0
1632,15.100000000000001,0.0
1633,15.100000000000001,0.0
1634,15.100000000000001,0.0
1635,15.100000000000001,0.0
1636,15.100000000000001,0.0
1637,15.100000000000001,0.0
1638,15.100000000000001,0.0
1639,15.100000000000001,0.0
1640,15.100000000000001,0.0
1641,15.100000000000001,0.0
1642,15.100000000000001,0.0
1643,15.100000000000001,0.0
1644,15.100000000000001,0.0
1645,15.100000000000001,0.0
1646,15.100000000000001,0.0
1647,15.100000000000001,0.0
1648,15.100000000000001,0.0
1649,15.100000000000001,0.0
1650,15.100000000000001,0.0
1651,15.100000000000001,0.0
1652,15.100000000000001,0.0
1653,15.100000000000001,0.0
1654,15.100000000000001,0.0
1655,15.100000000000001,0.0
1656,15.100000000000001,0.0
1657,15.100000000000001,0.0
1658,15.100000000000001,0.0
1659,15.100000000000001,0.0
1660,15.100000000000001,0.0
1661,15.100000000000001,0.0
1662,15.100000000000001,0.0
1663,15.100000000000001,0.0
1664,15.100000000000001,0.0
1665,15.100000000000001,0.0
1666,15.200000000000001,0.0
1667,15.200000000000001,0.0
1668,15.200000000000001,0.0
1669,15.200000000000001,0.0
1670,15.200000000000001,0.0
1671,15.200000000000001,0.0
1672,15.200000000000001,0.0
1673,15.200000000000001,0.0
1674,15.200000000000001,0.0
1675,15.200000000000001,0.0
1676,15.200000000000001,0.0
1677,15.200000000000001,0.0
1678,15.200000000000001,0.0
1679,15.200000000000001,0.0
1680,15.200000000000001,0.0
1681,15.200000000000001,0.0
1682,15.200000000000001,0.0
1683,15.200000000000001,0.0
1684,15.200000000000001,0.0
1685,15.200000000000001,0.0
1686,15.200000000000001,0.0
1687,15.200000000000001,0.0
1688,15.200000000000001,0.0
1689,15.200000000000001,0.0
1690,15.200000000000001,0.0
1691,15.200000000000001,0.0
1692,15.200000000000001,0.0
1693,15.200000000000001,0.0
1694,15.200000000000001,0.0
1695,15.200000000000001,0.0
1696,15.200000000000001,0.0
1697,15.200000000000001,0.0
1698,15.200000000000001,0.0
1699,15.200000000000001,0.0
1700,15.200000000000001,0.0
1701,15.200000000000001,0.0
1702,15.200000000000001,0.0
1703,15.200000000000001,0.0
1704,15.200000000000001,0.0
1705,15.200000000000001,0.0
1706,15.200000000000001,0.0
1707,15.200000000000001,0.0
1708,15.200000000000001,0.0
1709,15.200000000000001,0.0
1710,15.200000000000001,0.0
1711,15.200000000000001,0.0
1712,15.200000000000001,0.0
1713,15.200000000000001,0.0
1714,15.200000000000001,0.0
1715,15.200000000000001,0.0
1716,15.200000000000001,0.0
1717,15.200000000000001,0.0
1718,15.200000000000001,0.0
1719,15.200000000000001,0.0
1720,15.200000000000001,0.0
1721,15.200000000000001,0.0
1722,15.200000000000001,0.0
1723,15.200000000000001,0.0
1724,15.200000000000001,0.0
1725,15.200000000000001,0.0
1726,15.200000000000001,0.0
1727,15.200000000000001,0.0
1728,15.200000000000001,0.0
1729,15.200000000000001,0.0
1730,15.200000000000001,0.0
1731,15.200000000000001,0.0
1732,15.200000000000001,0.0
1733,15.200000000000001,0.0
1734,16.400000000000002,0.0
1735,16.400000000000002,0.0
1736,16.400000000000002,0.0
1737,16.400000000000002,0.0
1738,16.400000000000002,0.0
1739,16.400000000000002,0.0
1740,16.400000000000002,0.0
1741,16.400000000000002,0.0
1742,16.400000000000002,0.0
1743,16.400000000000002,0.0
1744,16.400000000000002,0.0
1745,16.400000000000002,0.0
1746,16.400000000000002,0.0
1747,16.400000000000002,0.0
1748,16.400000000000002,0.0
1749,16.400000000000002,0.0
1750,16.400000000000002,0.0
1751,16.400000000000002,0.0
1752,16.400000000000002,0.0
1753,16.400000000000002,0.0
1754,16.400000000000002,0.0
1755,16.400000000000002,0.0
1756,16.400000000000002,0.0
1757,16.400000000000002,0.0
1758,16.400000000000002,0.0
1759,16.400000000000002,0.0
1760,16.400000000000002,0.0
1761,16.400000000000002,0.0
1762,16.400000000000002,0.0
1763,16.5,0.0
1764,16.5,0.0
1765,16.5,0.0
1766,16.5,0.0
1767,16.5,0.0
1768,16.5,0.0
1769,16.5,0.0
1770,16.5,0.0
1771,16.5,0.0
1772,16.5,0.0
1773,16.5,0.008888999386734042
1774,16.5,0.03487809324913016
1775,16.5,0.046491969568891456
1776,16.5,0.046491969568891456
1777,16.5,0.049380935806262016
1778,16.5,0.10888899938673546
1779,16.5,0.13487809324912803
1780,16.5,0.13487809324913158
1781,16.5,0.13593390018728968
1782,16.5,0.1464919695688911
1783,16.5,0.146491969568892
1784,16.5,0.146491969568892
1785,16.5,0.146491969568892
1786,16.5,0.16548489218172335
1787,16.5,0.17445345001905466
1788,16.5,0.17445345001905466
1789,16.5,0.17445345001905466
1790,16.5,0.17445345001905466
1791,16.5,0.2319775247377045
1792,16.5,0.23593390018728755
1793,16.5,0.24938093580626486
1794,16.5,0.2744534500190561
1795,16.5,0.2744534500190561
1796,16.5,0.2744534500190561
1797,16.5,0.3319775247377059
1798,16.5,0.34649196956889217
1799,16.5,0.3493809358062663
1800,16.5,0.3493809358062663
1801,16.5,0.357305288979493
1802,16.5,0.38791208791208476
1803,16.5,0.4319775247377038
1804,16.5,0.4319775247377038
1805,16.5,0.43197752473770556
1806,16.5,0.4359339001872904
1807,16.5,0.4464919695688918
1808,16.5,0.4744534500190518
1809,16.5,0.4744534500190518
1810,16.5,0.4879120879120862
1811,16.5,0.4879120879120862
1812,16.5,0.4889678948502443
1813,16.5,0.5319775247377052
1814,16.5,0.5319775247377052
1815,16.5,0.5319775247377052
1816,16.5,0.5348780932491302
1817,16.5,0.5464919695688915
1818,16.5,0.5573052889794923
1819,16.5,0.5744534500190568
1820,16.5,0.587912087912084
1821,16.5,0.587912087912084
1822,16.5,0.6319775247377031
1823,16.5,0.6319775247377049
1824,16.5,0.6319775247377049
1825,16.5,0.6464919695688911
1826,16.5,0.6493809358062634
1827,17.1,0.7348780932491294
1828,17.1,0.7348780932491294
1829,17.1,0.7879120879120833
1830,17.1,0.7879120879120833
1831,17.1,0.8319775247377041
1832,17.1,0.8348780932491309
1833,17.1,0.8348780932491309
1834,17.1,0.835933900187289
1835,17.1,0.8464919695688922
1836,17.1,0.8493809358062663
1837,17.1,0.8493809358062663
1838,17.1,0.9088889993867326
1839,17.1,0.9319775247377038
1840,17.1,0.9319775247377038
1841,17.1,0.9319775247377038
1842,17.1,0.9348780932491287
1843,17.1,0.9359339001872904
1844,17.1,0.9464919695688918
1845,17.1,0.962584323670292
1846,17.1,0.9654848921817205
1847,17.1,0.9665406991198822
1848,17.1,0.9744534500190554
1849,17.1,0.9879120879120862
1850,17.1,1.0319775247377034
1851,17.1,1.0348780932491302
1852,17.1,1.0493809358062691
1853,17.1,1.0603373499301014
1854,17.1,1.06654069911988
1855,17.1,1.1088889993867355
1856,17.1,1.1218178000983414
1857,17.1,1.1319775247377049
1858,17.1,1.1319775247377049
1859,17.1,1.1744534500190547
1860,17.1,1.1744534500190547
1861,17.1,1.1744534500190547
1862,17.1,1.1879120879120855
1863,17.1,1.1955695887822582
1864,17.1,1.2319775247377045
1865,17.1,1.2348780932491294
1866,17.1,1.2348780932491294
1867,17.1,1.235933900187291
1868,17.1,1.2493809358062578
1869,17.1,1.2493809358062578
1870,17.1,1.2493809358062578
1871,17.1,1.2493809358062649
1872,17.1,1.288967894850245
1873,17.1,1.3319775247377041
1874,17.1,1.331977524737706
1875,17.1,1.331977524737706
1876,17.1,1.3348780932491309
1877,17.1,1.3464919695688922
1878,17.1,1.3493809358062663
1879,17.1,1.3879120879120848
1880,17.1,1.4464919695688918
1881,17.1,1.4744534500190554
1882,17.1,1.4744534500190554
1883,18.1,1.4744534500190554
1884,18.1,1.4744534500190554
1885,18.1,1.5319775247377034
1886,18.1,1.5319775247377052
1887,18.1,1.5348780932491302
1888,18.1,1.549380935806262
1889,18.1,1.549380935806262
1890,18.1,1.5744534500190532
1891,18.3,1.5744534500190532
1892,18.3,1.5889678948502457
1893,18.3,1.631977524737703
1894,18.3,1.6319775247377049
1895,18.3,1.6319775247377049
1896,18.3,1.6319775247377049
1897,18.3,1.646491969568891
1898,18.3,1.6493809358062634
1899,18.3,1.6744534500190547
1900,18.3,1.6744534500190547
1901,18.3,1.6744534500190547
1902,18.3,1.7088889993867333
1903,19.200000000000003,1.7348780932491294
1904,19.200000000000003,1.7464919695688916
1905,19.200000000000003,1.7493809358062649
1906,19.200000000000003,1.7603373499301043
1907,19.200000000000003,1.787912087912087
1908,19.200000000000003,1.8088889993867348
1909,19.200000000000003,1.8319775247377041
1910,19.200000000000003,1.8348780932491273
1911,19.200000000000003,1.835933900187289
1912,19.200000000000003,1.8493809358062663
1913,19.200000000000003,1.9088889993867326
1914,20.1,1.9464919695688918
1915,20.1,1.9744534500190554
1916,20.1,1.9744534500190554
1917,20.1,1.9744534500190554
1918,20.1,1.9896292244708533
1919,20.1,2.008888999386734
1920,20.1,2.008888999386734
1921,20.1,2.0464919695688923
1922,20.1,2.049380935806262
1923,20.1,2.0744534500190532
1924,20.1,2.0744534500190532
1925,20.1,2.074453450019057
1926,20.1,2.087912087912084
1927,20.1,2.108888999386732
1928,20.1,2.131977524737703
1929,20.1,2.134878093249128
1930,20.1,2.1744534500190547
1931,20.1,2.1744534500190547
1932,20.1,2.1879120879120855
1933,20.1,2.1889678948502436
1934,20.1,2.2348780932491294
1935,20.1,2.2359339001872875
1936,20.1,2.2464919695688916
1937,20.1,2.249380935806265
1938,20.1,2.249380935806265
1939,20.1,2.249380935806265
1940,20.1,2.249380935806265
1941,20.1,2.274453450019056
1942,20.1,2.274453450019056
1943,20.1,2.274453450019056
1944,20.1,2.274453450019056
1945,20.1,2.3088889993867348
1946,20.1,2.3088889993867348
1947,20.1,2.331977524737704
1948,20.1,2.331977524737704
1949,20.1,2.331977524737706
1950,20.1,2.331977524737706
1951,20.1,2.331977524737706
1952,20.1,2.3348780932491273
1953,20.1,2.346491969568892
1954,20.1,2.346491969568892
1955,20.1,2.346491969568892
1956,20.1,2.374453450019054
1957,20.1,2.374453450019054
1958,20.1,2.3744534500190575
1959,20.1,2.4088889993867326
1960,20.1,2.4088889993867326
1961,20.1,2.4348780932491287
1962,20.1,2.4359339001872904
1963,20.1,2.449125685777272
1964,20.1,2.4591500505527613
1965,20.1,2.474453450019052
1966,20.1,2.4744534500190554
1967,20.1,2.478282200454146
1968,20.1,2.531977524737705
1969,20.1,2.531977524737705
1970,20.6,2.531977524737705
1971,20.6,2.531977524737705
1972,20.6,2.53487809324913
1973,20.6,2.5464919695688915
1974,20.6,2.5744534500190532
1975,20.6,2.5744534500190532
1976,20.6,2.587912087912084
1977,20.6,2.587912087912084
1978,21.1,2.628415626605671
1979,21.1,2.631977524737705
1980,21.1,2.6359339001872897
1981,21.1,2.6493809358062634
1982,21.1,2.6493809358062634
1983,21.1,2.6493809358062634
1984,21.1,2.6493809358062634
1985,21.1,2.6744534500190547
1986,21.1,2.749380935806265
1987,21.1,2.749380935806265
1988,21.1,2.749380935806265
1989,21.1,2.749380935806265
1990,21.1,2.774453450019056
1991,21.1,2.808888999386731
1992,21.1,2.8088889993867348
1993,21.1,2.8088889993867348
1994,21.1,2.846491969568892
1995,21.1,2.8744534500190575
1996,21.1,2.8744534500190575
1997,21.1,2.8744534500190575
1998,21.1,2.9348780932491287
1999,21.1,2.950715197321532
2000,21.1,2.9744534500190554
2001,21.1,2.987912087912086
2002,21.1,3.031977524737705
2003,21.1,3.031977524737705
2004,21.1,3.049380935806262
2005,21.1,3.0744534500190532
2006,21.1,3.0744534500190532
2007,21.1,3.0744534500190532
2008,21.1,3.074453450019057
2009,21.1,3.087912087912084
2010,21.1,3.087912087912084
2011,21.1,3.1088889993867355
2012,21.1,3.1348780932491316
2013,21.1,3.1359339001872897
2014,21.1,3.146491969568891
2015,21.1,3.1493809358062634
2016,21.1,3.1493809358062634
2017,21.1,3.1493809358062634
2018,21.1,3.1493809358062634
2019,21.1,3.159150050552764
2020,21.1,3.1744534500190547
2021,21.1,3.1744534500190547
2022,21.1,3.1879120879120855
2023,21.1,3.2088889993867333
2024,21.1,3.2319775247377045
2025,21.1,3.2319775247377045
2026,21.1,3.2319775247377045
2027,21.1,3.2348780932491294
2028,21.1,3.2348780932491294
2029,21.1,3.235933900187291
2030,21.1,3.2464919695688907
2031,21.1,3.249380935806265
2032,21.1,3.249380935806265
2033,21.1,3.287912087912087
2034,21.1,3.328415626605672
2035,21.1,3.331977524737706
2036,21.1,3.331977524737706
2037,21.1,3.335933900187289
2038,21.1,3.3493809358062663
2039,21.1,3.3493809358062663
2040,21.1,3.3493809358062663
2041,21.1,3.3591500505527634
2042,21.1,3.3744534500190575
2043,21.1,3.3744534500190575
2044,21.1,3.3744534500190575
2045,21.1,3.3744534500190575
2046,21.1,3.377098768501482
2047,21.1,3.431977524737704
2048,21.1,3.4319775247377056
2049,21.1,3.4348780932491287
2050,21.1,3.4744534500190554
2051,21.1,3.4744534500190554
2052,21.1,3.4770987685014836
2053,21.1,3.531977524737705
2054,21.1,3.6348780932491316
2055,21.1,3.6348780932491316
2056,21.1,3.6493809358062634
2057,21.1,3.6744534500190547
2058,21.200000000000003,3.6744534500190547
2059,21.200000000000003,3.7319775247377045
2060,21.200000000000003,3.7319775247377045
2061,21.200000000000003,3.7319775247377045
2062,21.200000000000003,3.7319775247377045
2063,21.200000000000003,3.735933900187291
2064,21.200000000000003,3.7464919695688925
2065,21.200000000000003,3.749380935806265
2066,21.200000000000003,3.774453450019056
2067,21.200000000000003,3.774453450019056
2068,21.200000000000003,3.774453450019056
2069,21.200000000000003,3.831977524737704
2070,21.200000000000003,3.846491969568892
2071,21.200000000000003,3.874453450019054
2072,21.200000000000003,3.8744534500190575
2073,21.200000000000003,3.8744534500190575
2074,21.200000000000003,3.931977524737704
2075,21.200000000000003,3.9348780932491287
2076,21.200000000000003,4.0464919695688915
2077,21.200000000000003,4.0464919695688915
2078,21.200000000000003,4.074453450019053
2079,21.200000000000003,4.1088889993867355
2080,21.200000000000003,4.131977524737703
2081,21.200000000000003,4.131977524737707
2082,21.200000000000003,4.131977524737707
2083,21.200000000000003,4.149380935806263
2084,21.200000000000003,4.174453450019055
2085,21.200000000000003,4.174453450019055
2086,21.200000000000003,4.205327101254699
2087,21.200000000000003,4.235933900187291
2088,21.200000000000003,4.249380935806265
2089,21.200000000000003,4.249380935806265
2090,21.200000000000003,4.249380935806265
2091,21.200000000000003,4.249380935806265
2092,21.200000000000003,4.249380935806265
2093,21.200000000000003,4.274453450019056
2094,21.200000000000003,4.274453450019056
2095,21.200000000000003,4.274453450019056
2096,21.200000000000003,4.274453450019056
2097,21.200000000000003,4.274453450019056
2098,21.200000000000003,4.308888999386731
2099,21.200000000000003,4.308888999386735
2100,21.200000000000003,4.308888999386735
2101,21.200000000000003,4.334878093249131
2102,21.200000000000003,4.334878093249131
2103,21.200000000000003,4.3359339001872925
2104,21.200000000000003,4.346491969568892
2105,21.200000000000003,4.346491969568892
2106,21.200000000000003,4.349380935806266
2107,21.200000000000003,4.349380935806266
2108,21.200000000000003,4.3744534500190575
2109,21.200000000000003,4.3744534500190575
2110,21.200000000000003,4.3744534500190575
2111,21.200000000000003,4.387912087912085
2112,21.200000000000003,4.408888999386733
2113,21.200000000000003,4.431977524737704
2114,21.200000000000003,4.43593390018729
2115,21.200000000000003,4.474453450019052
2116,21.200000000000003,4.474453450019055
2117,21.200000000000003,4.5464919695688915
2118,21.200000000000003,4.549380935806262
2119,21.200000000000003,4.574453450019053
2120,21.200000000000003,4.631977524737707
2121,21.200000000000003,4.674453450019055
2122,21.200000000000003,4.674453450019055
2123,21.200000000000003,4.7744534500190525
2124,21.200000000000003,4.774453450019056
2125,21.200000000000003,4.774453450019056
2126,21.200000000000003,4.787912087912087
2127,21.200000000000003,4.831977524737702
2128,23.200000000000003,4.834878093249131
2129,23.200000000000003,4.849380935806266
2130,23.200000000000003,4.849380935806266
2131,23.200000000000003,4.860337349930102
2132,23.200000000000003,4.8744534500190575
2133,23.200000000000003,4.931977524737704
2134,23.200000000000003,4.934878093249129
2135,23.200000000000003,4.934878093249129
2136,23.200000000000003,4.946491969568892
2137,23.200000000000003,4.946491969568892
2138,23.200000000000003,4.949380935806261
2139,23.200000000000003,4.974453450019055
2140,23.200000000000003,4.974453450019055
2141,23.200000000000003,4.987912087912086
2142,23.200000000000003,5.03487809324913
2143,23.200000000000003,5.049380935806262
2144,23.200000000000003,5.049380935806262
2145,23.200000000000003,5.049380935806262
2146,23.200000000000003,5.131977524737707
2147,23.200000000000003,5.149380935806263
2148,23.200000000000003,5.149380935806263
2149,23.6,5.174453450019055
2150,23.6,5.174453450019055
2151,23.6,5.174453450019055
2152,23.6,5.174453450019055
2153,23.6,5.2348780932491294
2154,23.6,5.2348780932491294
2155,23.6,5.249380935806265
2156,23.6,5.249380935806265
2157,23.6,5.249380935806265
2158,23.6,5.274453450019056
2159,23.6,5.308888999386735
2160,23.6,5.334878093249127
2161,23.6,5.349380935806266
2162,23.6,5.349380935806266
2163,23.6,5.449380935806261
2164,23.6,5.449380935806261
2165,23.6,5.5464919695688915
2166,23.6,5.549380935806262
2167,23.6,5.549380935806262
2168,23.6,5.578282200454144
2169,23.6,5.587912087912084
2170,23.6,5.646491969568893
2171,23.6,5.649380935806263
2172,25.0,5.674453450019055
2173,25.0,5.674453450019055
2174,25.0,5.7319775247377045
2175,25.0,5.749380935806258
2176,25.0,5.787912087912087
2177,25.0,5.831977524737706
2178,25.0,5.831977524737706
2179,25.0,5.831977524737706
2180,25.0,5.831977524737706
2181,25.0,5.831977524737706
2182,25.0,5.874453450019054
2183,25.0,5.874453450019054
2184,25.0,5.8744534500190575
2185,25.1,5.887912087912088
2186,25.1,5.931977524737704
2187,25.1,5.946491969568892
2188,25.1,5.946491969568892
2189,25.1,5.949380935806261
2190,25.1,5.949380935806261
2191,25.1,5.974453450019055
2192,25.1,6.008888999386734
2193,25.1,6.03487809324913
2194,25.1,6.060337349930105
2195,25.1,6.074453450019053
2196,25.1,6.074453450019053
2197,25.1,6.074453450019057
2198,25.1,6.074453450019057
2199,25.1,6.074453450019057
2200,25.1,6.149380935806263
2201,25.1,6.1665406991198815
2202,25.1,6.2319775247377045
2203,25.1,6.235933900187291
2204,25.1,6.249380935806265
2205,25.1,6.274453450019056
2206,25.1,6.287912087912087
2207,25.1,6.331977524737706
2208,25.1,6.334878093249131
2209,25.1,6.349380935806266
2210,25.1,6.3744534500190575
2211,25.1,6.3744534500190575
2212,25.1,6.431977524737704
2213,25.1,6.487912087912083
2214,25.1,6.531977524737705
2215,25.1,6.531977524737705
2216,25.1,6.531977524737705
2217,25.1,6.531977524737705
2218,25.1,6.53487809324913
2219,25.1,6.574453450019053
2220,25.1,6.574453450019057
2221,25.200000000000003,6.649380935806263
2222,25.200000000000003,6.657305288979494
2223,25.200000000000003,6.705327101254699
2224,25.200000000000003,6.7319775247377045
2225,25.200000000000003,6.7348780932491294
2226,25.200000000000003,6.746491969568891
2227,25.200000000000003,6.746491969568891
2228,25.200000000000003,6.7464919695688925
2229,25.200000000000003,6.7744534500190525
2230,25.200000000000003,6.774453450019056
2231,25.200000000000003,6.774453450019056
2232,25.200000000000003,6.787912087912087
2233,25.200000000000003,6.831977524737706
2234,25.200000000000003,6.846491969568892
2235,25.200000000000003,6.849380935806259
2236,25.200000000000003,6.874453450019054
2237,25.200000000000003,6.887912087912085
2238,25.200000000000003,6.887912087912085
2239,25.200000000000003,6.946491969568892
2240,25.200000000000003,6.949380935806268
2241,25.200000000000003,6.974453450019059
2242,25.200000000000003,7.008888999386734
2243,25.200000000000003,7.031977524737705
2244,25.200000000000003,7.035933900187292
2245,25.200000000000003,7.074453450019053
2246,25.200000000000003,7.087912087912084
2247,25.200000000000003,7.149380935806263
2248,25.200000000000003,7.149380935806263
2249,25.200000000000003,7.174453450019055
2250,25.200000000000003,7.1879120879120855
2251,25.200000000000003,7.1879120879120855
2252,25.200000000000003,7.1879120879120855
2253,25.200000000000003,7.246491969568891
2254,25.200000000000003,7.274453450019056
2255,25.200000000000003,7.349380935806259
2256,25.200000000000003,7.349380935806259
2257,25.200000000000003,7.349380935806266
2258,25.200000000000003,7.3744534500190575
2259,25.200000000000003,7.387912087912088
2260,25.200000000000003,7.431977524737704
2261,25.200000000000003,7.474453450019055
2262,25.3,7.531977524737705
2263,25.3,7.531977524737705
2264,25.3,7.5464919695688915
2265,25.3,7.549380935806262
2266,25.3,7.549380935806262
2267,25.3,7.549380935806262
2268,25.3,7.549380935806262
2269,25.3,7.631977524737707
2270,25.3,7.631977524737707
2271,25.3,7.631977524737707
2272,25.3,7.646491969568893
2273,25.3,7.649125685777271
2274,25.3,7.649380935806263
2275,25.3,7.674453450019055
2276,25.3,7.735933900187291
2277,25.3,7.749380935806258
2278,25.3,7.749380935806258
2279,25.3,7.834878093249131
2280,25.3,7.8744534500190575
2281,25.3,7.931977524737704
2282,25.3,7.946491969568892
2283,25.3,7.949380935806261
2284,25.3,7.974453450019052
2285,25.8,8.04649196956889
2286,25.8,8.074453450019053
2287,25.8,8.131977524737707
2288,25.8,8.131977524737707
2289,25.8,8.174453450019055
2290,25.8,8.231977524737704
2291,25.8,8.249380935806265
2292,25.8,8.249380935806265
2293,25.8,8.274453450019056
2294,25.8,8.274453450019056
2295,25.8,8.287912087912087
2296,25.8,8.308888999386735
2297,25.8,8.346491969568891
2298,25.8,8.346491969568891
2299,25.8,8.349380935806266
2300,25.8,8.349380935806266
2301,25.8,8.349380935806266
2302,25.8,8.374453450019057
2303,26.0,8.431977524737704
2304,26.0,8.474453450019059
2305,26.0,8.531977524737705
2306,26.0,8.531977524737705
2307,26.0,8.574453450019053
2308,26.0,8.631977524737707
2309,26.0,8.649380935806263
2310,26.0,8.649380935806263
2311,26.0,8.731977524737704
2312,26.0,8.734878093249133
2313,26.0,8.749380935806258
2314,26.0,8.749380935806258
2315,26.0,8.831977524737706
2316,26.0,8.849380935806266
2317,26.0,8.862584323670294
2318,26.0,8.908888999386733
2319,26.0,8.934878093249129
2320,26.0,8.934878093249129
2321,26.0,8.94938093580626
2322,26.0,8.94938093580626
2323,26.0,8.974453450019059
2324,26.0,8.974453450019059
2325,26.0,9.031977524737705
2326,26.0,9.031977524737705
2327,26.0,9.04649196956889
2328,26.0,9.131977524737707
2329,26.0,9.134878093249132
2330,26.0,9.134878093249132
2331,26.0,9.13593390018729
2332,26.0,9.149380935806263
2333,26.0,9.234878093249133
2334,26.0,9.24649196956889
2335,26.0,9.249380935806258
2336,26.0,9.249380935806265
2337,26.0,9.249380935806265
2338,26.0,9.274453450019056
2339,26.0,9.274453450019056
2340,26.0,9.308888999386735
2341,26.0,9.349380935806266
2342,26.0,9.374453450019057
2343,26.0,9.374453450019057
2344,26.0,9.387912087912085
2345,26.0,9.431977524737704
2346,26.0,9.431977524737707
2347,26.0,9.434878093249129
2348,26.0,9.44938093580626
2349,26.0,9.44938093580626
2350,26.0,9.44938093580626
2351,26.0,9.477098768501484
2352,26.0,9.487912087912086
2353,26.0,9.531977524737705
2354,26.0,9.531977524737705
2355,26.0,9.574453450019053
2356,26.0,9.649380935806263
2357,26.0,9.649380935806263
2358,26.0,9.674453450019055
2359,26.0,9.678282200454145
2360,26.0,9.678282200454145
2361,26.0,9.687912087912085
2362,26.0,9.708888999386737
2363,26.0,9.731977524737704
2364,26.0,9.731977524737704
2365,26.0,9.731977524737708
2366,26.0,9.749380935806258
2367,26.0,9.749380935806258
2368,26.0,9.749380935806265
2369,26.0,9.749380935806265
2370,26.0,9.79186846336167
2371,26.0,9.805060248951644
2372,26.200000000000003,9.849380935806266
2373,26.200000000000003,9.908888999386736
2374,26.200000000000003,9.94938093580626
2375,26.200000000000003,9.987912087912086
2376,26.200000000000003,10.020761993160178
2377,26.200000000000003,10.074453450019053
2378,26.200000000000003,10.074453450019053
2379,26.200000000000003,10.087912087912084
2380,26.200000000000003,10.131977524737707
2381,26.200000000000003,10.134878093249132
2382,26.200000000000003,10.149380935806263
2383,26.200000000000003,10.149380935806263
2384,26.700000000000003,10.174453450019055
2385,26.700000000000003,10.187912087912085
2386,26.700000000000003,10.249380935806265
2387,26.700000000000003,10.249380935806265
2388,26.700000000000003,10.249380935806265
2389,26.700000000000003,10.331977524737702
2390,26.700000000000003,10.349380935806266
2391,26.700000000000003,10.349380935806266
2392,26.700000000000003,10.374453450019057
2393,26.700000000000003,10.374453450019057
2394,26.700000000000003,10.431977524737704
2395,26.700000000000003,10.434878093249129
2396,26.700000000000003,10.474453450019059
2397,26.700000000000003,10.487912087912086
2398,26.700000000000003,10.488967894850248
2399,26.700000000000003,10.53487809324913
2400,26.700000000000003,10.535933900187288
2401,26.700000000000003,10.646491969568892
2402,26.700000000000003,10.649380935806263
2403,26.700000000000003,10.734878093249133
2404,26.700000000000003,10.734878093249133
2405,26.700000000000003,10.774453450019056
2406,26.700000000000003,10.774453450019056
2407,26.700000000000003,10.774453450019056
2408,26.700000000000003,10.774453450019056
2409,26.700000000000003,10.846491969568891
2410,26.700000000000003,10.84938093580626
2411,26.700000000000003,10.849380935806266
2412,26.700000000000003,10.849380935806266
2413,26.700000000000003,10.849380935806266
2414,26.700000000000003,10.905593953557755
2415,26.700000000000003,10.908888999386733
2416,26.700000000000003,10.974453450019052
2417,26.700000000000003,10.974453450019059
2418,26.700000000000003,10.987912087912086
2419,26.700000000000003,11.031977524737705
2420,26.700000000000003,11.035933900187288
2421,26.700000000000003,11.049380935806262
2422,26.700000000000003,11.049380935806262
2423,26.700000000000003,11.074453450019053
2424,26.700000000000003,11.074453450019053
2425,26.700000000000003,11.074453450019053
2426,26.700000000000003,11.131977524737707
2427,26.700000000000003,11.131977524737707
2428,26.700000000000003,11.134878093249132
2429,26.700000000000003,11.149380935806263
2430,26.700000000000003,11.149380935806263
2431,26.700000000000003,11.149380935806263
2432,26.700000000000003,11.149380935806263
2433,26.700000000000003,11.231977524737704
2434,26.700000000000003,11.249380935806258
2435,26.700000000000003,11.274453450019056
2436,26.700000000000003,11.274453450019056
2437,26.700000000000003,11.33487809324913
2438,26.700000000000003,11.335933900187289
2439,26.700000000000003,11.346491969568891
2440,26.700000000000003,11.34938093580626
2441,26.700000000000003,11.34938093580626
2442,26.700000000000003,11.349380935806266
2443,26.700000000000003,11.374453450019057
2444,26.700000000000003,11.387912087912085
2445,26.700000000000003,11.387912087912085
2446,26.700000000000003,11.431977524737704
2447,26.700000000000003,11.431977524737704
2448,26.700000000000003,11.431977524737704
2449,26.700000000000003,11.431977524737704
2450,26.700000000000003,11.474453450019059
2451,26.700000000000003,11.477098768501484
2452,26.700000000000003,11.516801750285914
2453,26.700000000000003,11.549380935806262
2454,26.700000000000003,11.549380935806262
2455,26.700000000000003,11.549380935806262
2456,26.700000000000003,11.54938093580627
2457,26.700000000000003,11.54938093580627
2458,26.700000000000003,11.54938093580627
2459,26.700000000000003,11.54938093580627
2460,26.700000000000003,11.574453450019053
2461,26.700000000000003,11.574453450019053
2462,26.700000000000003,11.587912087912088
2463,26.700000000000003,11.63593390018729
2464,26.700000000000003,11.649380935806263
2465,26.700000000000003,11.649380935806263
2466,26.700000000000003,11.649380935806263
2467,26.700000000000003,11.678282200454145
2468,26.700000000000003,11.708888999386737
2469,26.700000000000003,11.731977524737708
2470,26.700000000000003,11.749380935806258
2471,26.700000000000003,11.749380935806265
2472,26.900000000000002,11.749380935806265
2473,26.900000000000002,11.774453450019056
2474,26.900000000000002,11.774453450019056
2475,26.900000000000002,11.774453450019056
2476,26.900000000000002,11.774453450019056
2477,26.900000000000002,11.774453450019056
2478,26.900000000000002,11.849380935806266
2479,26.900000000000002,11.849380935806266
2480,26.900000000000002,11.874453450019057
2481,26.900000000000002,11.908888999386733
2482,26.900000000000002,11.921817800098342
2483,26.900000000000002,11.931977524737704
2484,26.900000000000002,11.931977524737707
2485,26.900000000000002,11.946491969568893
2486,26.900000000000002,11.987912087912086
2487,26.900000000000002,11.987912087912086
2488,26.900000000000002,12.031977524737705
2489,27.1,12.031977524737705
2490,27.1,12.03487809324913
2491,27.1,12.04938093580627
2492,27.1,12.234878093249133
2493,27.1,12.249380935806265
2494,27.1,12.249380935806265
2495,27.1,12.249380935806265
2496,27.1,12.328415626605672
2497,27.1,12.331977524737706
2498,27.1,12.34938093580626
2499,27.1,12.387912087912085
2500,27.1,12.410339283642443
2501,27.1,12.431977524737707
2502,27.1,12.446491969568893
2503,27.1,12.44938093580626
2504,27.1,12.449380935806268
2505,27.1,12.531977524737705
2506,27.1,12.549380935806262
2507,27.200000000000003,12.549380935806262
2508,27.200000000000003,12.54938093580627
2509,27.200000000000003,12.54938093580627
2510,27.200000000000003,12.560337349930101
2511,27.200000000000003,12.587912087912084
2512,27.200000000000003,12.608888999386735
2513,27.200000000000003,12.631977524737707
2514,27.200000000000003,12.634878093249132
2515,27.200000000000003,12.749380935806265
2516,27.200000000000003,12.774453450019056
2517,27.200000000000003,12.831977524737702
2518,27.200000000000003,12.934878093249132
2519,27.200000000000003,12.949380935806268
2520,27.200000000000003,13.031977524737705
2521,27.200000000000003,13.083031397963524
2522,27.200000000000003,13.131977524737707
2523,28.6,13.149380935806263
2524,28.6,13.149380935806263
2525,28.6,13.149380935806263
2526,28.6,13.149380935806263
2527,28.6,13.149380935806263
2528,28.6,13.149380935806263
2529,28.6,13.149380935806263
2530,28.6,13.149380935806263
2531,28.6,13.187912087912085
2532,28.6,13.249380935806265
2533,28.6,13.249380935806265
2534,28.6,13.249380935806265
2535,28.6,13.249380935806265
2536,28.6,13.249380935806265
2537,28.6,13.249380935806265
2538,28.6,13.274453450019056
2539,29.700000000000003,13.274453450019056
2540,29.700000000000003,13.274453450019056
2541,29.700000000000003,13.291729236073117
2542,29.700000000000003,13.331977524737706
2543,29.700000000000003,13.335933900187293
2544,29.700000000000003,13.37445345001905
2545,29.700000000000003,13.374453450019057
2546,29.700000000000003,13.374453450019057
2547,29.700000000000003,13.408888999386733
2548,29.700000000000003,13.431977524737704
2549,29.700000000000003,13.44938093580626
2550,29.700000000000003,13.44938093580626
2551,31.6,13.44938093580626
2552,31.6,13.449380935806268
2553,31.6,13.508888999386734
2554,31.6,13.574453450019053
2555,31.6,13.649380935806263
2556,31.6,13.649380935806263
2557,31.6,13.649380935806263
2558,31.6,13.649380935806263
2559,31.6,13.649380935806263
2560,31.6,13.649380935806263
2561,31.6,13.687912087912085
2562,31.6,13.731977524737704
2563,31.6,13.774453450019056
2564,31.6,13.831977524737706
2565,31.6,13.83487809324913
2566,34.1,13.94938093580626
2567,34.1,13.94938093580626
2568,34.1,14.074453450019053
2569,34.1,14.108888999386735
2570,34.1,14.131977524737707
2571,34.1,14.146491969568892
2572,34.1,14.149380935806263
2573,34.1,14.274453450019056
2574,34.1,14.274453450019056
2575,34.1,14.277098768501485
2576,34.1,14.349380935806266
2577,34.1,14.349380935806266
2578,34.1,14.349380935806266
2579,34.1,14.431977524737704
2580,34.1,14.431977524737704
2581,34.1,14.474453450019052
2582,34.1,14.474453450019059
2583,34.1,14.487912087912083
2584,34.1,14.549380935806262
2585,34.1,14.549380935806262
2586,34.1,14.54938093580627
2587,34.1,14.560337349930101
2588,34.1,14.631977524737707
2589,37.1,14.631977524737707
2590,37.1,14.631977524737707
2591,37.1,14.687912087912085
2592,37.1,14.746491969568893
2593,37.1,14.749380935806258
2594,37.1,14.749380935806258
2595,37.1,14.749380935806265
2596,37.1,14.749380935806265
2597,37.1,14.749380935806265
2598,37.1,14.831977524737706
2599,37.1,14.849380935806266
2600,37.1,14.887912087912088
2601,37.1,14.974453450019052
2602,37.1,14.98791208791209
2603,37.1,15.04649196956889
2604,37.1,15.049380935806262
2605,37.1,15.049380935806262
2606,37.1,15.04938093580627
2607,37.1,15.128415626605673
2608,37.1,15.134878093249132
2609,37.1,15.174453450019055
2610,37.1,15.187912087912085
2611,37.1,15.234878093249133
2612,37.1,15.249380935806265
2613,37.1,15.249380935806265
2614,37.1,15.308888999386735
2615,37.1,15.349380935806266
2616,37.1,15.349380935806266
2617,37.1,15.349380935806266
2618,37.1,15.349380935806266
2619,37.1,15.374453450019057
2620,37.1,15.374453450019057
2621,37.1,15.374453450019057
2622,37.1,15.387912087912088
2623,37.1,15.431977524737707
2624,37.1,15.531977524737705
2625,37.1,15.54649196956889
2626,37.2,15.549380935806262
2627,37.2,15.549380935806262
2628,37.2,15.549380935806262
2629,37.2,15.62076199316018
2630,37.2,15.631977524737707
2631,37.2,15.687912087912085
2632,37.2,15.731977524737704
2633,37.2,15.749380935806258
2634,37.2,15.749380935806265
2635,37.2,15.808888999386735
2636,37.2,15.834878093249134
2637,37.2,15.874453450019057
2638,37.2,15.877098768501483
2639,37.2,15.931977524737704
2640,37.2,15.931977524737704
2641,37.2,15.93593390018729
2642,37.2,15.94938093580626
2643,37.2,15.974453450019059
2644,37.2,16.04938093580627
2645,37.2,16.074453450019053
2646,37.2,16.149380935806263
2647,37.2,16.149380935806263
2648,37.2,16.249380935806265
2649,37.2,16.249380935806265
2650,37.2,16.287912087912087
2651,37.2,16.287912087912087
2652,37.2,16.331977524737706
2653,37.2,16.349380935806266
2654,37.2,16.374453450019057
2655,37.2,16.374453450019057
2656,37.2,16.38791208791209
2657,37.2,16.44938093580626
2658,37.2,16.449380935806268
2659,37.2,16.459150050552758
2660,37.2,16.47445345001906
2661,37.2,16.47445345001906
2662,37.2,16.48791208791209
2663,37.2,16.508888999386734
2664,37.2,16.731977524737708
2665,37.2,16.774453450019056
2666,37.2,16.835933900187293
2667,39.5,16.849380935806266
2668,39.5,16.849380935806266
2669,39.5,16.974453450019052
2670,39.5,17.031977524737705
2671,39.5,17.03487809324913
2672,39.5,17.166540699119878
2673,39.5,17.191729236073115
2674,39.5,17.234878093249133
2675,39.5,17.274453450019056
2676,39.5,17.274453450019056
2677,39.5,17.287912087912087
2678,39.5,17.378282200454148
2679,39.5,17.449380935806268
2680,39.5,17.449380935806268
2681,39.5,17.449380935806268
2682,39.5,17.48791208791209
2683,39.5,17.508888999386734
2684,39.5,17.62076199316018
2685,39.5,17.649380935806263
2686,39.5,17.687912087912085
2687,39.5,17.774453450019056
2688,39.5,17.774453450019056
2689,39.5,17.831977524737706
2690,39.5,17.844902458024624
2691,39.5,17.849380935806266
2692,39.5,17.87445345001905
2693,39.5,17.87445345001905
2694,39.5,17.87445345001905
2695,39.5,17.874453450019057
2696,39.5,17.908888999386733
2697,39.5,17.94938093580626
2698,39.5,18.04938093580627
2699,39.5,18.13487809324913
2700,39.5,18.149380935806263
2701,39.5,18.316674125271412
2702,39.5,18.334878093249134
2703,39.5,18.349380935806266
2704,39.5,18.349380935806266
2705,39.5,18.349380935806266
2706,39.5,18.38791208791209
2707,39.5,18.44938093580626
2708,39.5,18.44938093580626
2709,39.5,18.47445345001906
2710,39.5,18.47445345001906
2711,39.5,18.508888999386734
2712,39.5,18.549380935806262
2713,39.5,18.560867187111526
2714,43.300000000000004,18.734878093249133
2715,43.300000000000004,18.749380935806258
2716,43.300000000000004,18.749380935806258
2717,43.300000000000004,18.749380935806265
2718,43.300000000000004,18.749380935806265
2719,43.300000000000004,18.749380935806265
2720,43.300000000000004,18.749380935806265
2721,43.300000000000004,18.749380935806265
2722,43.300000000000004,18.749380935806265
2723,43.300000000000004,18.831977524737706
2724,43.300000000000004,18.883031397963524
2725,43.300000000000004,18.931977524737707
2726,43.300000000000004,18.94938093580626
2727,43.300000000000004,18.94938093580626
2728,43.300000000000004,18.94938093580626
2729,43.300000000000004,19.03487809324913
2730,43.300000000000004,19.108888999386735
2731,43.300000000000004,19.249380935806258
2732,43.300000000000004,19.249380935806258
2733,43.300000000000004,19.249380935806258
2734,43.300000000000004,19.249380935806258
2735,43.300000000000004,19.249380935806258
2736,43.300000000000004,19.249380935806258
2737,43.300000000000004,19.249380935806265
2738,43.300000000000004,19.249380935806265
2739,43.300000000000004,19.446491969568893
2740,43.300000000000004,19.449380935806268
2741,43.300000000000004,19.449380935806268
2742,43.300000000000004,19.449380935806268
2743,43.300000000000004,19.449380935806268
2744,43.300000000000004,19.449380935806268
2745,43.300000000000004,19.549380935806262
2746,43.300000000000004,19.54938093580627
2747,43.300000000000004,19.54938093580627
2748,43.300000000000004,19.54938093580627
2749,43.300000000000004,19.54938093580627
2750,43.300000000000004,19.54938093580627
2751,43.300000000000004,19.631977524737707
2752,43.300000000000004,19.631977524737707
2753,43.300000000000004,19.731977524737704
2754,43.300000000000004,19.787912087912087
2755,43.300000000000004,19.831977524737702
2756,43.300000000000004,19.849380935806266
2757,43.300000000000004,19.849380935806266
2758,43.300000000000004,19.874453450019057
2759,43.300000000000004,19.931977524737704
2760,43.7,19.97445345001906
2761,43.7,20.074453450019053
2762,43.7,20.074453450019053
2763,43.7,20.131977524737707
2764,43.7,20.131977524737707
2765,43.7,20.231977524737708
2766,43.7,20.349380935806266
2767,43.7,20.360337349930106
2768,43.7,20.374453450019057
2769,43.7,20.43487809324913
2770,43.7,20.47445345001906
2771,43.7,20.48791208791209
2772,43.7,20.531977524737705
2773,43.7,20.63487809324913
2774,43.7,20.734878093249133
2775,43.7,20.831977524737702
2776,43.7,20.83197752473771
2777,43.7,20.83197752473771
2778,43.7,20.849380935806266
2779,43.7,20.849380935806266
2780,43.7,20.849380935806266
2781,43.7,20.94938093580626
2782,43.7,20.949380935806268
2783,43.7,20.949380935806268
2784,43.7,20.98791208791209
2785,43.7,21.031977524737705
2786,43.7,21.049380935806262
2787,43.7,21.13487809324913
2788,43.7,21.149380935806263
2789,43.7,21.174453450019055
2790,43.7,21.231977524737708
2791,46.5,21.274453450019056
2792,46.5,21.274453450019056
2793,46.5,21.287912087912087
2794,46.5,21.349380935806266
2795,46.5,21.374453450019057
2796,46.5,21.449380935806268
2797,46.5,21.449380935806268
2798,46.5,21.449380935806268
2799,46.5,21.449380935806268
2800,46.5,21.449380935806268
2801,46.5,21.449380935806268
2802,46.5,21.549380935806262
2803,46.5,21.749380935806265
2804,46.5,21.749380935806265
2805,46.5,21.774453450019056
2806,46.5,21.849380935806266
2807,46.5,21.874453450019057
2808,46.5,21.931977524737704
2809,46.5,21.98791208791209
2810,46.5,22.234878093249133
2811,46.5,22.249380935806272
2812,46.5,22.274453450019056
2813,46.5,22.334878093249134
2814,46.5,22.346491969568895
2815,46.5,22.346491969568895
2816,46.5,22.349380935806266
2817,46.5,22.43487809324913
2818,46.5,22.44938093580626
2819,46.5,22.44938093580626
2820,46.5,22.44938093580626
2821,46.5,22.531977524737705
2822,46.5,22.54938093580627
2823,46.5,22.674453450019055
2824,46.5,22.731977524737708
2825,46.5,22.749380935806258
2826,46.5,22.749380935806272
2827,46.5,22.749380935806272
2828,46.5,22.749380935806272
2829,46.5,22.849380935806266
2830,46.5,22.94938093580626
2831,46.5,23.087912087912084
2832,46.5,23.13593390018729
2833,46.5,23.174453450019055
2834,46.5,23.249380935806272
2835,46.5,23.33197752473771
2836,46.5,23.37445345001905
2837,46.5,23.38791208791209
2838,46.5,23.44938093580626
2839,46.5,23.574453450019053
2840,46.5,23.631977524737707
2841,46.5,23.649380935806263
2842,46.5,23.7319775247377
2843,46.5,23.835933900187293
2844,46.5,23.93487809324913
2845,46.5,24.031977524737705
2846,46.5,24.07445345001906
2847,46.5,24.07445345001906
2848,46.5,24.087912087912084
2849,46.5,24.149380935806263
2850,46.5,24.231977524737708
2851,46.5,24.234878093249133
2852,46.5,24.26548489218172
2853,46.5,24.274453450019056
2854,46.5,24.44938093580626
2855,46.5,24.44938093580626
2856,46.5,24.44938093580626
2857,46.5,24.549380935806255
2858,46.5,24.54938093580627
2859,46.5,24.574453450019053
2860,46.5,24.88791208791209
2861,46.5,24.94649196956889
2862,46.5,25.049380935806255
2863,46.5,25.174453450019055
2864,46.5,25.274453450019056
2865,46.5,25.34649196956889
2866,46.5,25.48791208791209
2867,46.5,25.549380935806255
2868,46.5,25.54938093580627
2869,46.5,25.54938093580627
2870,46.5,25.631977524737707
2871,46.5,25.649380935806263
2872,46.5,25.674453450019055
2873,46.5,25.674453450019055
2874,46.5,25.67445345001906
2875,46.5,25.731977524737708
2876,46.5,25.734878093249133
2877,46.5,25.749380935806272
2878,46.5,25.87445345001905
2879,46.5,25.874453450019057
2880,46.5,25.97445345001906
2881,46.5,26.046491969568894
2882,46.5,26.04938093580627
2883,46.5,26.04938093580627
2884,46.5,26.234878093249133
2885,46.5,26.249380935806272
2886,46.5,26.249380935806272
2887,46.5,26.249380935806272
2888,46.5,26.249380935806272
2889,46.5,26.249380935806272
2890,46.5,26.274453450019056
2891,46.5,26.287912087912087
2892,46.5,26.37445345001905
2893,46.5,26.38791208791209
2894,46.5,26.47445345001906
2895,46.5,26.531977524737705
2896,46.5,26.54938093580627
2897,46.5,26.574453450019053
2898,46.5,26.574453450019053
2899,46.5,26.75915005055277
2900,46.5,26.774453450019056
2901,46.5,26.874453450019057
2902,46.5,26.874453450019057
2903,46.5,26.94938093580626
2904,46.5,26.94938093580626
2905,46.5,26.97445345001906
2906,46.5,27.00888899938674
2907,46.5,27.07445345001906
2908,46.5,27.13487809324913
2909,46.5,27.17445345001906
2910,46.5,27.249380935806258
2911,46.5,27.249380935806272
2912,46.5,27.249380935806272
2913,46.5,27.274453450019056
2914,46.5,27.349380935806266
2915,46.5,27.349380935806266
2916,46.5,27.349380935806266
2917,46.5,27.37445345001905
2918,46.5,27.37445345001905
2919,46.5,27.37445345001905
2920,46.5,27.44938093580626
2921,46.5,27.44938093580626
2922,46.5,27.531977524737705
2923,46.5,27.54938093580627
2924,46.5,27.54938093580627
2925,46.5,27.54938093580627
2926,46.5,27.649380935806263
2927,46.5,27.649380935806263
2928,46.5,27.649380935806263
2929,46.5,27.649380935806263
2930,46.5,27.649380935806263
2931,46.5,27.649380935806263
2932,46.5,27.649380935806263
2933,46.5,27.649380935806263
2934,46.5,27.731977524737708
2935,46.5,27.774453450019056
2936,46.5,27.849380935806252
2937,46.5,27.94938093580626
2938,46.5,27.94938093580626
2939,46.5,28.049380935806255
2940,46.5,28.149380935806263
2941,46.5,28.17445345001906
2942,46.5,28.349380935806252
2943,46.5,28.349380935806266
2944,46.5,28.349380935806266
2945,46.5,28.349380935806266
2946,46.5,28.587912087912084
2947,46.5,28.674453450019055
2948,46.5,28.774453450019056
2949,46.5,28.908888999386733
2950,46.5,28.974453450019052
2951,46.5,28.97445345001906
2952,46.5,28.97445345001906
2953,46.5,29.149380935806263
2954,46.5,29.149380935806263
2955,46.5,29.187912087912085
2956,46.5,29.249380935806258
2957,46.5,29.249380935806258
2958,46.5,29.249380935806272
2959,46.5,29.249380935806272
2960,46.5,29.249380935806272
2961,46.5,29.44938093580626
2962,46.5,29.44938093580626
2963,46.5,29.44938093580626
2964,46.5,29.44938093580626
2965,46.5,29.474453450019052
2966,46.5,29.47445345001906
2967,46.5,29.47445345001906
2968,46.5,29.47445345001906
2969,46.5,29.549380935806255
2970,46.5,29.549380935806255
2971,46.5,29.549380935806255
2972,46.5,29.54938093580627
2973,46.5,29.649380935806263
2974,46.5,29.649380935806263
2975,46.5,29.674453450019055
2976,46.5,29.67445345001906
2977,46.5,29.67445345001906
2978,46.5,29.731977524737708
2979,46.5,29.749380935806258
2980,46.5,29.87445345001905
2981,46.5,29.93487809324913
2982,46.5,29.94938093580626
2983,46.5,29.94938093580626
2984,46.5,29.94938093580626
2985,46.5,30.049380935806255
2986,46.5,30.049380935806255
2987,46.5,30.049380935806255
2988,46.5,30.049380935806255
2989,46.5,30.087912087912084
2990,46.5,30.231977524737708
2991,46.5,30.249380935806258
2992,46.5,30.249380935806258
2993,46.5,30.249380935806258
2994,46.5,30.249380935806258
2995,46.5,30.274453450019056
2996,46.5,30.274453450019056
2997,46.5,30.287912087912087
2998,46.5,30.374453450019057
2999,46.5,30.44938093580626
3000,46.5,30.44938093580626
3001,46.5,30.44938093580626
3002,46.5,30.44938093580626
3003,46.5,30.749380935806258
3004,46.5,30.874453450019057
3005,46.5,30.874453450019057
3006,46.5,30.874453450019057
3007,46.5,30.94938093580626
3008,46.5,30.98791208791209
3009,46.5,31.07445345001906
3010,46.5,31.07445345001906
3011,46.5,31.149380935806263
3012,46.5,31.149380935806263
3013,46.5,31.149380935806263
3014,46.5,31.20506024895165
3015,46.5,31.234878093249133
3016,46.5,31.274453450019056
3017,46.5,31.349380935806266
3018,48.400000000000006,31.349380935806266
3019,48.400000000000006,31.349380935806266
3020,48.400000000000006,31.44938093580626
3021,48.400000000000006,31.44938093580626
3022,48.400000000000006,31.44938093580626
3023,48.400000000000006,31.44938093580626
3024,48.400000000000006,31.44938093580626
3025,48.400000000000006,31.491729236073112
3026,48.400000000000006,31.549380935806255
3027,48.400000000000006,31.54938093580627
3028,48.400000000000006,31.54938093580627
3029,48.400000000000006,31.54938093580627
3030,48.400000000000006,31.574453450019053
3031,48.400000000000006,31.631977524737707
3032,48.400000000000006,31.649380935806263
3033,48.400000000000006,31.649380935806263
3034,48.400000000000006,31.649380935806263
3035,48.400000000000006,31.649380935806263
3036,48.400000000000006,31.649380935806263
3037,48.400000000000006,31.649380935806263
3038,48.400000000000006,31.649380935806263
3039,48.400000000000006,31.649380935806263
3040,48.400000000000006,31.649380935806263
3041,48.400000000000006,31.649380935806263
3042,48.400000000000006,31.649380935806263
3043,48.400000000000006,31.749380935806272
3044,48.400000000000006,31.774453450019056
3045,48.400000000000006,31.774453450019056
3046,48.400000000000006,31.849380935806252
3047,48.400000000000006,31.849380935806252
3048,48.400000000000006,31.849380935806252
3049,48.400000000000006,31.849380935806266
3050,48.400000000000006,31.849380935806266
3051,48.400000000000006,31.97445345001906
3052,48.400000000000006,32.031977524737705
3053,48.400000000000006,32.04938093580627
3054,48.400000000000006,32.04938093580627
3055,48.400000000000006,32.04938093580627
3056,48.400000000000006,32.07445345001905
3057,48.400000000000006,32.07828220045414
3058,48.400000000000006,32.14938093580626
3059,48.400000000000006,32.14938093580626
3060,48.400000000000006,32.14938093580626
3061,48.400000000000006,32.14938093580626
3062,48.400000000000006,32.14938093580626
3063,48.400000000000006,32.27828220045414
3064,48.400000000000006,32.349380935806266
3065,48.400000000000006,32.37445345001906
3066,48.400000000000006,32.474453450019055
3067,48.400000000000006,32.54938093580627
3068,48.400000000000006,32.54938093580627
3069,48.400000000000006,32.54938093580627
3070,48.400000000000006,32.687912087912096
3071,48.400000000000006,32.73487809324912
3072,48.400000000000006,32.74938093580627
3073,48.400000000000006,32.94938093580626
3074,48.400000000000006,33.031977524737705
3075,48.400000000000006,33.049380935806255
3076,48.400000000000006,33.049380935806255
3077,48.400000000000006,33.14938093580626
3078,48.400000000000006,33.17445345001906
3079,48.400000000000006,33.24938093580627
3080,48.400000000000006,33.27445345001905
3081,48.400000000000006,33.37445345001905
3082,48.400000000000006,33.37445345001906
3083,48.400000000000006,33.387912087912085
3084,48.400000000000006,33.44938093580626
3085,48.400000000000006,33.474453450019055
3086,48.400000000000006,33.54938093580627
3087,48.400000000000006,33.54938093580627
3088,48.400000000000006,33.73197752473771
3089,48.400000000000006,33.86654069911988
3090,48.400000000000006,33.87445345001906
3091,48.400000000000006,33.94938093580626
3092,48.400000000000006,33.94938093580626
3093,48.400000000000006,33.94938093580626
3094,48.400000000000006,34.14938093580626
3095,48.400000000000006,34.14938093580626
3096,48.400000000000006,34.14938093580626
3097,48.400000000000006,34.14938093580626
3098,48.400000000000006,34.17445345001906
3099,48.400000000000006,34.27445345001905
3100,48.400000000000006,34.27445345001905
3101,48.400000000000006,34.27445345001905
3102,48.400000000000006,34.349380935806266
3103,48.400000000000006,34.36654069911988
3104,48.400000000000006,34.37445345001906
3105,48.400000000000006,34.37445345001906
3106,48.400000000000006,34.40888899938673
3107,48.400000000000006,34.42076199316018
3108,48.400000000000006,34.44938093580626
3109,48.400000000000006,34.44938093580626
3110,48.400000000000006,34.474453450019055
3111,48.400000000000006,34.474453450019055
3112,48.400000000000006,34.53593390018729
3113,48.400000000000006,34.574453450019064
3114,48.400000000000006,34.74938093580627
3115,48.400000000000006,34.74938093580627
3116,48.400000000000006,34.74938093580627
3117,48.400000000000006,34.83593390018729
3118,48.400000000000006,34.888967894850246
3119,48.400000000000006,34.90888899938674
3120,48.400000000000006,34.931977524737704
3121,48.400000000000006,34.94938093580626
3122,48.400000000000006,34.94938093580626
3123,48.400000000000006,35.031977524737705
3124,48.400000000000006,35.18791208791208
3125,48.400000000000006,35.335933900187285
3126,48.400000000000006,35.346491969568895
3127,48.400000000000006,35.48791208791209
3128,48.400000000000006,35.574453450019064
3129,48.400000000000006,35.574453450019064
3130,48.400000000000006,35.574453450019064
3131,48.400000000000006,35.574453450019064
3132,48.400000000000006,35.608888999386735
3133,48.400000000000006,35.67445345001906
3134,48.400000000000006,35.67445345001906
3135,48.400000000000006,35.68791208791208
3136,48.400000000000006,35.68791208791208
3137,48.400000000000006,35.70888899938673
3138,48.400000000000006,35.7319775247377
3139,48.400000000000006,35.74938093580626
3140,48.400000000000006,35.74938093580627
3141,48.400000000000006,35.74938093580627
3142,48.400000000000006,35.77445345001905
3143,48.400000000000006,35.78791208791209
3144,48.400000000000006,35.80888899938674
3145,48.400000000000006,35.83487809324913
3146,48.400000000000006,35.849380935806266
3147,48.400000000000006,35.849380935806266
3148,48.400000000000006,35.849380935806266
3149,48.400000000000006,35.849380935806266
3150,48.400000000000006,35.849380935806266
3151,48.400000000000006,35.887912087912085
3152,48.400000000000006,36.03197752473771
3153,48.400000000000006,36.049380935806255
3154,48.400000000000006,36.049380935806255
3155,48.400000000000006,36.04938093580627
3156,48.400000000000006,36.04938093580627
3157,48.400000000000006,36.04938093580627
3158,48.400000000000006,36.04938093580627
3159,48.400000000000006,36.04938093580627
3160,48.400000000000006,36.07445345001905
3161,48.400000000000006,36.09172923607311
3162,48.400000000000006,36.13487809324913
3163,48.400000000000006,36.17445345001906
3164,48.400000000000006,36.27445345001905
3165,48.400000000000006,36.30888899938674
3166,48.400000000000006,36.349380935806266
3167,48.400000000000006,36.349380935806266
3168,48.400000000000006,36.349380935806266
3169,48.400000000000006,36.349380935806266
3170,48.400000000000006,36.349380935806266
3171,48.400000000000006,36.349380935806266
3172,48.400000000000006,36.349380935806266
3173,48.400000000000006,36.349380935806266
3174,48.400000000000006,36.474453450019055
3175,48.400000000000006,36.549380935806255
3176,48.400000000000006,36.549380935806255
3177,48.400000000000006,36.549380935806255
3178,48.400000000000006,36.549380935806255
3179,48.400000000000006,36.63197752473771
3180,48.400000000000006,36.63197752473771
3181,48.400000000000006,36.67445345001906
3182,48.400000000000006,36.71680175028591
3183,48.400000000000006,36.73487809324914
3184,48.400000000000006,36.74938093580626
3185,48.400000000000006,36.74938093580626
3186,48.400000000000006,36.74938093580626
3187,48.400000000000006,36.74938093580626
3188,48.400000000000006,36.74938093580626
3189,48.400000000000006,36.77445345001905
3190,48.400000000000006,36.77445345001905
3191,48.400000000000006,36.78791208791209
3192,48.400000000000006,36.87445345001906
3193,48.400000000000006,36.88303139796352
3194,48.400000000000006,36.94938093580626
3195,48.400000000000006,36.94938093580626
3196,48.400000000000006,36.94938093580626
3197,48.400000000000006,36.94938093580626
3198,48.400000000000006,37.049380935806255
3199,48.400000000000006,37.049380935806255
3200,48.400000000000006,37.14938093580626
3201,48.400000000000006,37.33197752473771
3202,48.400000000000006,37.37445345001905
3203,48.400000000000006,37.37445345001906
3204,48.400000000000006,37.43487809324914
3205,48.400000000000006,37.50888899938674
3206,48.400000000000006,37.534878093249134
3207,48.400000000000006,37.58791208791209
3208,48.400000000000006,37.608888999386735
3209,48.400000000000006,37.608888999386735
3210,48.400000000000006,37.63197752473771
3211,48.400000000000006,37.63487809324913
3212,48.400000000000006,37.64938093580626
3213,48.400000000000006,37.64938093580626
3214,48.400000000000006,37.64938093580626
3215,48.400000000000006,37.64938093580626
3216,48.400000000000006,37.64938093580626
3217,48.400000000000006,37.64938093580628
3218,48.400000000000006,37.67445345001906
3219,48.400000000000006,37.77445345001905
3220,48.400000000000006,37.94938093580626
3221,48.400000000000006,37.94938093580626
3222,48.400000000000006,37.94938093580626
3223,48.400000000000006,37.974453450019055
3224,48.400000000000006,38.08791208791209
3225,48.400000000000006,38.08791208791209
3226,48.400000000000006,38.1359339001873
3227,48.400000000000006,38.14938093580626
3228,48.400000000000006,38.2319775247377
3229,48.400000000000006,38.33197752473771
3230,48.400000000000006,38.349380935806266
3231,48.400000000000006,38.42841562660567
3232,48.400000000000006,38.48791208791209
3233,48.400000000000006,38.53197752473771
3234,48.400000000000006,38.64938093580628
3235,48.400000000000006,38.70888899938674
3236,48.400000000000006,38.72181780009834
3237,48.400000000000006,38.73197752473771
3238,48.400000000000006,38.74938093580626
3239,48.400000000000006,38.74938093580626
3240,48.400000000000006,38.83593390018729
3241,48.400000000000006,38.849380935806266
3242,48.400000000000006,38.931977524737704
3243,48.400000000000006,39.035933900187295
3244,48.400000000000006,39.074453450019064
3245,48.400000000000006,39.20888899938674
3246,48.400000000000006,39.2319775247377
3247,48.400000000000006,39.24938093580626
3248,48.400000000000006,39.24938093580626
3249,48.400000000000006,39.24938093580626
3250,48.400000000000006,39.387912087912085
3251,48.400000000000006,39.416047602472915
3252,48.400000000000006,39.43197752473771
3253,48.400000000000006,39.549380935806255
3254,48.400000000000006,39.549380935806255
3255,48.400000000000006,39.54938093580627
3256,48.400000000000006,39.574453450019064
3257,62.266666666666666,39.74938093580626
3258,62.266666666666666,39.74938093580626
3259,62.266666666666666,39.74938093580626
3260,62.266666666666666,39.849380935806266
3261,62.266666666666666,39.849380935806266
3262,62.266666666666666,39.849380935806266
3263,62.266666666666666,39.849380935806266
3264,62.266666666666666,39.849380935806266
3265,62.266666666666666,39.87445345001906
3266,62.266666666666666,39.87445345001906
3267,62.266666666666666,39.87445345001906
3268,62.266666666666666,39.87445345001906
3269,62.266666666666666,39.931977524737704
3270,62.266666666666666,39.974453450019055
3271,62.266666666666666,39.974453450019055
3272,62.266666666666666,40.01604760247292
3273,62.266666666666666,40.049380935806255
3274,62.266666666666666,40.049380935806255
3275,62.266666666666666,40.049380935806255
3276,62.266666666666666,40.049380935806255
3277,62.266666666666666,40.08791208791209
3278,62.266666666666666,40.244902458024626
3279,62.266666666666666,40.349380935806266
3280,62.266666666666666,40.349380935806266
3281,62.266666666666666,40.349380935806266
3282,62.266666666666666,40.387912087912085
3283,62.266666666666666,40.39172923607312
3284,62.266666666666666,40.44938093580626
3285,62.266666666666666,40.44938093580626
3286,62.266666666666666,40.44938093580626
3287,62.266666666666666,40.44938093580626
3288,62.266666666666666,40.44938093580626
3289,62.266666666666666,40.44938093580626
3290,62.266666666666666,40.44938093580626
3291,62.266666666666666,40.44938093580626
3292,62.266666666666666,40.57445345001905
3293,62.266666666666666,40.58791208791209
3294,62.266666666666666,40.67445345001906
3295,62.266666666666666,40.74938093580627
3296,62.266666666666666,40.80888899938674
3297,62.266666666666666,40.83197752473771
3298,62.266666666666666,40.86086718711152
3299,62.266666666666666,40.87445345001906
3300,62.266666666666666,40.949380935806275
3301,62.266666666666666,40.949380935806275
3302,62.266666666666666,41.00888899938674
3303,62.266666666666666,41.04938093580627
3304,62.266666666666666,41.07445345001905
3305,62.266666666666666,41.08791208791209
3306,62.266666666666666,41.11604760247292
3307,62.266666666666666,41.1359339001873
3308,62.266666666666666,41.33197752473771
3309,62.266666666666666,41.449380935806275
3310,62.266666666666666,41.51604760247292
3311,62.266666666666666,41.549380935806255
3312,62.266666666666666,41.57445345001905
3313,62.266666666666666,41.63487809324913
3314,62.266666666666666,41.64938093580626
3315,62.266666666666666,41.64938093580626
3316,62.266666666666666,41.64938093580626
3317,62.266666666666666,41.64938093580626
3318,62.266666666666666,41.64938093580626
3319,62.266666666666666,41.64938093580626
3320,62.266666666666666,41.64938093580626
3321,62.266666666666666,41.64938093580626
3322,62.266666666666666,41.64938093580626
3323,62.266666666666666,41.81604760247292
3324,62.266666666666666,41.849380935806266
3325,62.266666666666666,42.216047602472926
3326,62.266666666666666,42.27445345001905
3327,62.266666666666666,42.416047602472915
3328,62.266666666666666,42.44938093580626
3329,62.266666666666666,42.449380935806275
3330,62.266666666666666,42.474453450019055
3331,62.266666666666666,42.51604760247292
3332,62.266666666666666,42.53197752473771
3333,62.266666666666666,42.58791208791209
3334,62.266666666666666,42.63487809324913
3335,62.266666666666666,42.63487809324913
3336,62.266666666666666,42.66033734993011
3337,62.266666666666666,42.77445345001905
3338,62.266666666666666,42.849380935806266
3339,62.266666666666666,42.95839590273977
3340,62.266666666666666,43.04938093580627
3341,62.266666666666666,43.174453450019044
3342,62.266666666666666,43.387912087912085
3343,62.266666666666666,43.387912087912085
3344,62.266666666666666,43.43197752473771
3345,62.266666666666666,43.44938093580626
3346,62.266666666666666,43.44938093580626
3347,62.266666666666666,43.44938093580626
3348,62.266666666666666,43.44938093580626
3349,62.266666666666666,43.44938093580626
3350,62.266666666666666,43.508888999386734
3351,62.266666666666666,43.549380935806255
3352,62.266666666666666,43.549380935806255
3353,62.266666666666666,43.54938093580627
3354,62.266666666666666,43.54938093580627
3355,62.266666666666666,43.54938093580627
3356,62.266666666666666,43.63197752473771
3357,62.266666666666666,43.63593390018729
3358,62.266666666666666,43.687912087912096
3359,62.266666666666666,43.849380935806266
3360,62.266666666666666,43.849380935806266
3361,62.266666666666666,43.87445345001906
3362,62.266666666666666,43.94938093580626
3363,62.266666666666666,43.94938093580626
3364,62.266666666666666,43.94938093580626
3365,62.266666666666666,43.94938093580626
3366,62.266666666666666,44.17445345001906
3367,62.266666666666666,44.216047602472926
3368,62.266666666666666,44.37445345001905
3369,62.266666666666666,44.44938093580626
3370,62.266666666666666,44.44938093580626
3371,62.266666666666666,44.44938093580626
3372,62.266666666666666,44.48791208791209
3373,62.266666666666666,44.531977524737705
3374,62.266666666666666,44.534878093249134
3375,62.266666666666666,44.67445345001906
3376,62.266666666666666,44.849380935806266
3377,62.266666666666666,44.931977524737704
3378,62.266666666666666,44.98791208791209
3379,62.266666666666666,45.01604760247292
3380,62.266666666666666,45.07445345001905
3381,62.266666666666666,45.24938093580627
3382,62.266666666666666,45.27445345001905
3383,62.266666666666666,45.28791208791209
3384,62.266666666666666,45.31604760247292
3385,62.266666666666666,45.31604760247292
3386,62.266666666666666,45.57445345001905
3387,62.266666666666666,45.67445345001906
3388,62.266666666666666,45.73197752473771
3389,62.266666666666666,45.77445345001905
3390,62.266666666666666,45.77445345001905
3391,62.266666666666666,45.849380935806266
3392,62.266666666666666,45.849380935806266
3393,62.266666666666666,45.849380935806266
3394,62.266666666666666,45.849380935806266
3395,62.266666666666666,45.849380935806266
3396,62.266666666666666,45.849380935806266
3397,62.266666666666666,45.849380935806266
3398,62.266666666666666,45.849380935806266
3399,62.266666666666666,45.949380935806275
3400,62.266666666666666,45.974453450019055
3401,62.266666666666666,46.07445345001905
3402,62.266666666666666,46.07445345001905
3403,62.266666666666666,46.077098768501486
3404,62.266666666666666,46.23197752473771
3405,62.266666666666666,46.24938093580627
3406,62.266666666666666,46.24938093580627
3407,62.266666666666666,46.24938093580627
3408,62.266666666666666,46.27445345001905
3409,62.266666666666666,46.349380935806266
3410,62.266666666666666,46.349380935806266
3411,62.266666666666666,46.349380935806266
3412,62.266666666666666,46.349380935806266
3413,62.266666666666666,46.349380935806266
3414,62.266666666666666,46.349380935806266
3415,62.266666666666666,46.43487809324914
3416,62.266666666666666,46.44938093580626
3417,62.266666666666666,46.44938093580626
3418,62.266666666666666,46.44938093580626
3419,62.266666666666666,46.44938093580626
3420,62.266666666666666,46.44938093580626
3421,62.266666666666666,46.44938093580626
3422,62.266666666666666,46.44938093580626
3423,62.266666666666666,46.44938093580626
3424,62.266666666666666,46.44938093580626
3425,62.266666666666666,46.47445345001904
3426,62.266666666666666,46.54938093580627
3427,62.266666666666666,46.54938093580627
3428,62.266666666666666,46.54938093580627
3429,62.266666666666666,46.74938093580627
3430,62.266666666666666,46.74938093580627
3431,62.266666666666666,46.74938093580627
3432,62.266666666666666,46.81604760247292
3433,62.266666666666666,46.8879120879121
3434,62.266666666666666,46.8879120879121
3435,62.266666666666666,46.93197752473771
3436,62.266666666666666,47.04938093580627
3437,62.266666666666666,47.11604760247292
3438,62.266666666666666,47.27445345001905
3439,62.266666666666666,47.27445345001905
3440,62.266666666666666,47.27445345001905
3441,62.266666666666666,47.27445345001905
3442,62.266666666666666,47.349380935806266
3443,62.266666666666666,47.41604760247293
3444,62.266666666666666,47.41604760247293
3445,62.266666666666666,47.57445345001905
3446,62.266666666666666,47.61604760247292
3447,62.266666666666666,47.674453450019044
3448,62.266666666666666,47.674453450019044
3449,62.266666666666666,47.67445345001906
3450,62.266666666666666,47.74938093580627
3451,62.266666666666666,47.74938093580627
3452,62.266666666666666,47.74938093580627
3453,62.266666666666666,47.74938093580627
3454,62.266666666666666,47.74938093580627
3455,62.266666666666666,47.74938093580627
3456,62.266666666666666,47.74938093580627
3457,62.266666666666666,47.77445345001905
3458,62.266666666666666,47.78791208791209
3459,62.266666666666666,47.949380935806275
3460,62.266666666666666,48.01604760247292
3461,62.266666666666666,48.04938093580627
3462,62.266666666666666,48.04938093580627
3463,62.266666666666666,48.07445345001905
3464,62.266666666666666,48.11604760247292
3465,62.266666666666666,48.14938093580626
3466,62.266666666666666,48.14938093580626
3467,62.266666666666666,48.14938093580626
3468,62.266666666666666,48.14938093580626
3469,62.266666666666666,48.14938093580626
3470,62.266666666666666,48.14938093580626
3471,62.266666666666666,48.14938093580626
3472,62.266666666666666,48.14938093580628
3473,62.266666666666666,48.14938093580628
3474,62.266666666666666,48.174453450019044
3475,62.266666666666666,48.24938093580627
3476,62.266666666666666,48.24938093580627
3477,62.266666666666666,48.24938093580627
3478,62.266666666666666,48.24938093580627
3479,62.266666666666666,48.28791208791209
3480,62.266666666666666,48.349380935806266
3481,62.266666666666666,48.349380935806266
3482,62.266666666666666,48.349380935806266
3483,62.266666666666666,48.37445345001905
3484,62.266666666666666,48.40888899938673
3485,62.266666666666666,48.44938093580626
3486,62.266666666666666,48.44938093580626
3487,62.266666666666666,48.44938093580626
3488,62.266666666666666,48.44938093580626
3489,62.266666666666666,48.64938093580628
3490,62.266666666666666,48.674453450019044
3491,62.266666666666666,48.716047602472926
3492,62.266666666666666,48.77445345001905
3493,62.266666666666666,48.77445345001905
3494,62.266666666666666,48.849380935806266
3495,62.266666666666666,48.849380935806266
3496,62.266666666666666,48.849380935806266
3497,62.266666666666666,48.849380935806266
3498,62.266666666666666,49.07445345001905
3499,62.266666666666666,49.07445345001905
3500,62.266666666666666,49.14938093580628
3501,62.266666666666666,49.14938093580628
3502,62.266666666666666,49.16548489218172
3503,62.266666666666666,49.216047602472926
3504,62.266666666666666,49.216047602472926
3505,62.266666666666666,49.349380935806266
3506,62.266666666666666,49.41604760247293
3507,62.266666666666666,49.449380935806275
3508,62.266666666666666,49.47445345001904
3509,62.266666666666666,49.51604760247292
3510,62.266666666666666,49.51604760247292
3511,62.266666666666666,49.531977524737705
3512,62.266666666666666,49.57445345001905
3513,62.266666666666666,49.57445345001905
3514,62.266666666666666,49.64938093580628
3515,62.266666666666666,49.64938093580628
3516,62.266666666666666,49.64938093580628
3517,62.266666666666666,49.64938093580628
3518,62.266666666666666,49.64938093580628
3519,62.266666666666666,49.64938093580628
3520,62.266666666666666,49.64938093580628
3521,62.266666666666666,49.64938093580628
3522,62.266666666666666,49.64938093580628
3523,62.266666666666666,49.64938093580628
3524,62.266666666666666,49.67445345001906
3525,62.266666666666666,49.687912087912096
3526,62.266666666666666,49.81604760247292
3527,62.266666666666666,49.81604760247292
3528,62.266666666666666,49.81604760247292
3529,62.266666666666666,49.81604760247292
3530,62.266666666666666,49.81604760247292
3531,62.266666666666666,49.84490245802462
3532,62.266666666666666,49.849380935806266
3533,62.266666666666666,49.849380935806266
3534,62.266666666666666,49.849380935806266
3535,62.266666666666666,49.87445345001906
3536,62.266666666666666,49.97445345001904
3537,62.266666666666666,50.04938093580627
3538,62.266666666666666,50.04938093580627
3539,62.266666666666666,50.04938093580627
3540,62.266666666666666,50.04938093580627
3541,62.266666666666666,50.04938093580627
3542,62.266666666666666,50.187912087912096
3543,62.266666666666666,50.24938093580626
3544,62.266666666666666,50.24938093580626
3545,62.266666666666666,50.27445345001905
3546,62.266666666666666,50.27445345001905
3547,62.266666666666666,50.349380935806266
3548,62.266666666666666,50.349380935806266
3549,62.266666666666666,50.349380935806266
3550,62.266666666666666,50.349380935806266
3551,62.266666666666666,50.349380935806266
3552,62.266666666666666,50.349380935806266
3553,62.266666666666666,50.349380935806266
3554,62.266666666666666,50.349380935806266
3555,62.266666666666666,50.349380935806266
3556,62.266666666666666,50.44938093580626
3557,62.266666666666666,50.44938093580626
3558,62.266666666666666,50.44938093580626
3559,62.266666666666666,50.44938093580626
3560,62.266666666666666,50.44938093580626
3561,62.266666666666666,50.44938093580626
3562,62.266666666666666,50.474453450019055
3563,62.266666666666666,50.474453450019055
3564,62.266666666666666,50.50888899938674
3565,62.266666666666666,50.534878093249134
3566,62.266666666666666,50.549380935806255
3567,62.266666666666666,50.549380935806255
3568,62.266666666666666,50.549380935806255
3569,62.266666666666666,50.549380935806255
3570,62.266666666666666,50.54938093580627
3571,62.266666666666666,50.61604760247292
3572,62.266666666666666,50.61604760247292
3573,62.266666666666666,50.67445345001906
3574,62.266666666666666,50.67445345001906
3575,62.266666666666666,50.67445345001906
3576,62.266666666666666,50.67445345001906
3577,62.266666666666666,50.687912087912096
3578,62.266666666666666,50.74938093580627
3579,62.266666666666666,50.74938093580627
3580,62.266666666666666,50.74938093580627
3581,62.266666666666666,50.81604760247292
3582,62.266666666666666,50.87445345001906
3583,62.266666666666666,50.93197752473771
3584,62.266666666666666,50.934878093249125
3585,62.266666666666666,50.94938093580626
3586,62.266666666666666,50.94938093580626
3587,62.266666666666666,50.94938093580626
3588,62.266666666666666,50.94938093580626
3589,62.266666666666666,50.94938093580626
3590,62.266666666666666,50.94938093580626
3591,62.266666666666666,51.049380935806255
3592,62.266666666666666,51.049380935806255
3593,62.266666666666666,51.04938093580627
3594,62.266666666666666,51.11604760247292
3595,62.266666666666666,51.174453450019044
3596,62.266666666666666,51.27445345001905
3597,62.266666666666666,51.27445345001905
3598,62.266666666666666,51.349380935806266
3599,62.266666666666666,51.349380935806266
3600,62.266666666666666,51.349380935806266
3601,62.266666666666666,51.37445345001905
3602,62.266666666666666,51.41604760247293
3603,62.266666666666666,51.44938093580626
3604,62.266666666666666,51.44938093580626
3605,62.266666666666666,51.44938093580626
3606,62.266666666666666,51.449380935806275
3607,62.266666666666666,51.449380935806275
3608,62.266666666666666,51.57445345001905
3609,62.266666666666666,51.608888999386735
3610,62.266666666666666,51.931977524737704
3611,62.266666666666666,52.14938093580626
3612,62.266666666666666,52.14938093580626
3613,62.266666666666666,52.14938093580626
3614,62.266666666666666,52.27445345001905
3615,62.266666666666666,52.349380935806266
3616,62.266666666666666,52.349380935806266
3617,62.266666666666666,52.349380935806266
3618,62.266666666666666,52.37445345001905
3619,62.266666666666666,52.44938093580626
3620,62.266666666666666,52.57445345001905
3621,62.266666666666666,52.57445345001905
3622,62.266666666666666,52.57445345001905
3623,62.266666666666666,52.57445345001905
3624,62.266666666666666,52.60822766976612
3625,62.266666666666666,52.64938093580628
3626,62.266666666666666,52.716047602472926
3627,62.266666666666666,52.731977524737715
3628,62.266666666666666,52.74938093580627
3629,62.266666666666666,52.74938093580627
3630,62.266666666666666,52.75839590273978
3631,62.266666666666666,52.849380935806266
3632,62.266666666666666,52.849380935806266
3633,62.266666666666666,52.849380935806266
3634,62.266666666666666,52.849380935806266
3635,62.266666666666666,52.849380935806266
3636,62.266666666666666,52.849380935806266
3637,62.266666666666666,52.849380935806266
3638,62.266666666666666,52.849380935806266
3639,62.266666666666666,52.849380935806266
3640,62.266666666666666,52.931977524737704
3641,62.266666666666666,53.07445345001905
3642,62.266666666666666,53.349380935806266
3643,62.266666666666666,53.349380935806266
3644,62.266666666666666,53.349380935806266
3645,62.266666666666666,53.349380935806266
3646,62.266666666666666,53.349380935806266
3647,62.266666666666666,53.78791208791209
3648,62.266666666666666,53.849380935806266
3649,62.266666666666666,53.974453450019055
3650,62.266666666666666,53.974453450019055
3651,62.266666666666666,53.974453450019055
3652,62.266666666666666,54.13197752473771
3653,62.266666666666666,54.13487809324913
3654,62.266666666666666,54.41604760247293
3655,62.266666666666666,54.474453450019055
3656,62.266666666666666,54.53197752473771
3657,62.266666666666666,54.54938093580627
3658,62.266666666666666,55.0319775247377
3659,62.266666666666666,55.265616384620905
3660,62.266666666666666,55.28791208791209
3661,62.266666666666666,55.349380935806266
3662,62.266666666666666,55.349380935806266
3663,62.266666666666666,55.349380935806266
3664,62.266666666666666,55.349380935806266
3665,62.266666666666666,55.449380935806275
3666,62.266666666666666,55.66561638462091
3667,62.266666666666666,55.73593390018729
3668,62.266666666666666,55.835933900187285
3669,62.266666666666666,55.87445345001906
3670,62.266666666666666,55.90888899938673
3671,62.266666666666666,56.0319775247377
3672,62.266666666666666,56.231977524737715
3673,62.266666666666666,56.349380935806266
3674,62.266666666666666,56.349380935806266
3675,62.266666666666666,56.57445345001905
3676,62.266666666666666,56.83487809324912
3677,62.266666666666666,56.849380935806266
3678,62.266666666666666,56.849380935806266
3679,62.266666666666666,56.849380935806266
3680,62.266666666666666,56.91604760247293
3681,62.266666666666666,56.91604760247293
3682,62.266666666666666,56.974453450019055
3683,62.266666666666666,57.27445345001907
3684,62.266666666666666,57.349380935806266
3685,62.266666666666666,57.349380935806266
3686,62.266666666666666,57.349380935806266
3687,62.266666666666666,57.349380935806266
3688,62.266666666666666,57.349380935806266
3689,62.266666666666666,57.349380935806266
3690,62.266666666666666,57.37445345001905
3691,62.266666666666666,57.41604760247293
3692,62.266666666666666,57.41604760247293
3693,62.266666666666666,57.41604760247293
3694,62.266666666666666,57.41604760247293
3695,62.266666666666666,57.431977524737704
3696,62.266666666666666,57.431977524737704
3697,62.266666666666666,57.435933900187294
3698,62.266666666666666,57.449380935806275
3699,62.266666666666666,57.449380935806275
3700,62.266666666666666,57.449380935806275
3701,62.266666666666666,57.449380935806275
3702,62.266666666666666,57.449380935806275
3703,62.266666666666666,57.51604760247292
3704,62.266666666666666,57.674453450019044
3705,62.266666666666666,57.87445345001905
3706,62.266666666666666,57.931977524737704
3707,62.266666666666666,57.9625843236703
3708,62.266666666666666,57.974453450019055
3709,62.266666666666666,58.174453450019044
3710,62.266666666666666,58.174453450019044
3711,62.266666666666666,58.17445345001906
3712,62.266666666666666,58.349380935806266
3713,62.266666666666666,58.349380935806266
3714,62.266666666666666,58.349380935806266
3715,62.266666666666666,58.349380935806266
3716,62.266666666666666,58.349380935806266
3717,62.266666666666666,58.44938093580626
3718,62.266666666666666,58.44938093580626
3719,62.266666666666666,58.44938093580626
3720,62.266666666666666,58.44938093580626
3721,62.266666666666666,58.474453450019055
3722,62.266666666666666,58.48791208791209
3723,62.266666666666666,58.49172923607311
3724,62.266666666666666,58.67445345001906
3725,62.266666666666666,58.8359339001873
3726,62.266666666666666,59.16654069911989
3727,62.266666666666666,59.32581671721942
3728,62.266666666666666,59.349380935806266
3729,62.266666666666666,59.431977524737704
3730,62.266666666666666,59.51604760247292
3731,62.266666666666666,59.53197752473771
3732,62.266666666666666,59.64112011668571
3733,62.266666666666666,59.674453450019044
3734,62.266666666666666,59.687912087912096
3735,62.266666666666666,59.7319775247377
3736,62.266666666666666,59.77445345001905
3737,62.266666666666666,59.849380935806266
3738,62.266666666666666,59.849380935806266
3739,62.266666666666666,59.91604760247293
3740,62.266666666666666,59.91604760247293
3741,62.266666666666666,59.91604760247293
3742,62.266666666666666,59.91604760247293
3743,62.266666666666666,59.974453450019055
3744,62.266666666666666,60.187912087912096
3745,62.266666666666666,60.31957469378285
3746,62.266666666666666,60.474453450019055
3747,62.266666666666666,60.488967894850255
3748,62.266666666666666,60.64112011668571
3749,62.266666666666666,60.74938093580627
3750,62.266666666666666,60.74938093580627
3751,62.266666666666666,60.74938093580627
3752,62.266666666666666,60.74938093580627
3753,62.266666666666666,60.74938093580627
3754,62.266666666666666,60.74938093580627
3755,62.266666666666666,60.74938093580627
3756,62.266666666666666,60.74938093580627
3757,62.266666666666666,60.77445345001907
3758,62.266666666666666,60.791729236073124
3759,62.266666666666666,60.8359339001873
3760,62.266666666666666,60.931977524737704
3761,62.266666666666666,61.034878093249134
3762,62.266666666666666,61.24938093580627
3763,62.266666666666666,61.31604760247292
3764,62.266666666666666,61.31604760247292
3765,62.266666666666666,61.31604760247292
3766,62.266666666666666,61.33487809324913
3767,62.266666666666666,61.349380935806266
3768,62.266666666666666,61.41604760247293
3769,62.266666666666666,61.41604760247293
3770,62.266666666666666,61.449380935806275
3771,62.266666666666666,61.449380935806275
3772,62.266666666666666,61.449380935806275
3773,62.266666666666666,61.449380935806275
3774,62.266666666666666,61.449380935806275
3775,62.266666666666666,61.449380935806275
3776,62.266666666666666,61.46654069911989
3777,62.266666666666666,61.474453450019055
3778,62.266666666666666,61.474453450019055
3779,62.266666666666666,61.51604760247292
3780,62.266666666666666,61.51604760247292
3781,62.266666666666666,61.51604760247292
3782,62.266666666666666,61.51604760247292
3783,62.266666666666666,61.51604760247292
3784,62.266666666666666,61.54938093580627
3785,62.266666666666666,61.54938093580627
3786,62.266666666666666,61.57445345001905
3787,62.266666666666666,61.61604760247292
3788,62.266666666666666,61.674453450019044
3789,62.266666666666666,61.67445345001906
3790,62.266666666666666,61.74112011668571
3791,62.266666666666666,62.07445345001905
3792,62.266666666666666,62.11604760247292
3793,62.266666666666666,62.11604760247292
3794,62.266666666666666,62.15839590273977
3795,62.266666666666666,62.17445345001906
3796,62.266666666666666,62.24938093580627
3797,62.266666666666666,62.24938093580627
3798,62.266666666666666,62.24938093580627
3799,62.266666666666666,62.24938093580627
3800,62.266666666666666,62.24938093580627
3801,62.266666666666666,62.266666666666666
3802,62.266666666666666,62.266666666666666
3803,62.266666666666666,62.266666666666666
3804,62.266666666666666,62.266666666666666
3805,62.266666666666666,62.266666666666666
3806,62.266666666666666,62.266666666666666
3807,62.266666666666666,62.266666666666666
3808,62.266666666666666,62.266666666666666
3809,62.266666666666666,62.266666666666666
3810,62.266666666666666,62.266666666666666
3811,62.266666666666666,62.266666666666666
3812,62.266666666666666,62.266666666666666
3813,62.266666666666666,62.266666666666666
3814,62.266666666666666,62.266666666666666
3815,62.266666666666666,62.266666666666666
3816,62.266666666666666,62.266666666666666
3817,62.266666666666666,62.266666666666666
3818,62.266666666666666,62.266666666666666
3819,62.266666666666666,62.266666666666666
3820,62.266666666666666,62.266666666666666
3821,62.266666666666666,62.266666666666666
3822,62.266666666666666,62.266666666666666
3823,62.266666666666666,62.266666666666666
3824,62.266666666666666,62.266666666666666
3825,62.266666666666666,62.266666666666666
3826,62.266666666666666,62.266666666666666
3827,62.266666666666666,62.266666666666666
3828,62.266666666666666,62.266666666666666
3829,62.266666666666666,62.266666666666666
3830,62.266666666666666,62.266666666666666
3831,62.266666666666666,62.266666666666666
3832,62.266666666666666,62.266666666666666
3833,62.266666666666666,62.266666666666666
3834,62.266666666666666,62.266666666666666
3835,62.266666666666666,62.266666666666666
3836,62.266666666666666,62.266666666666666
3837,62.266666666666666,62.266666666666666
3838,62.266666666666666,62.266666666666666
3839,62.266666666666666,62.266666666666666
3840,62.266666666666666,62.266666666666666
3841,62.266666666666666,62.266666666666666
3842,62.266666666666666,62.266666666666666
3843,62.266666666666666,62.266666666666666
3844,62.266666666666666,62.266666666666666
3845,62.266666666666666,62.266666666666666
3846,62.266666666666666,62.266666666666666
3847,62.266666666666666,62.266666666666666
3848,62.266666666666666,62.266666666666666
3849,62.266666666666666,62.266666666666666
3850,62.266666666666666,62.266666666666666
3851,62.266666666666666,62.266666666666666
3852,62.266666666666666,62.266666666666666
3853,62.266666666666666,62.266666666666666
3854,62.266666666666666,62.266666666666666
3855,62.266666666666666,62.266666666666666
3856,62.266666666666666,62.266666666666666
3857,62.266666666666666,62.266666666666666
3858,62.266666666666666,62.266666666666666
3859,62.266666666666666,62.266666666666666
3860,62.266666666666666,62.266666666666666
3861,62.266666666666666,62.266666666666666
3862,62.266666666666666,62.266666666666666
3863,62.266666666666666,62.266666666666666
3864,62.266666666666666,62.266666666666666
3865,62.266666666666666,62.266666666666666
3866,62.266666666666666,62.266666666666666
3867,62.266666666666666,62.266666666666666
3868,62.266666666666666,62.266666666666666
3869,62.266666666666666,62.266666666666666
3870,62.266666666666666,62.266666666666666
3871,62.266666666666666,62.266666666666666
3872,62.266666666666666,62.266666666666666
3873,62.266666666666666,62.266666666666666
3874,62.266666666666666,62.266666666666666
3875,62.266666666666666,62.266666666666666
3876,62.266666666666666,62.266666666666666
3877,62.266666666666666,62.266666666666666
3878,62.266666666666666,62.266666666666666
3879,62.266666666666666,62.266666666666666
3880,62.266666666666666,62.266666666666666
3881,62.266666666666666,62.266666666666666
3882,62.266666666666666,62.266666666666666
3883,62.266666666666666,62.266666666666666
3884,62.266666666666666,62.266666666666666
3885,62.266666666666666,62.266666666666666
3886,62.266666666666666,62.266666666666666
3887,62.266666666666666,62.266666666666666
3888,62.266666666666666,62.266666666666666
3889,62.266666666666666,62.266666666666666
3890,62.266666666666666,62.266666666666666
3891,62.266666666666666,62.266666666666666
3892,62.266666666666666,62.266666666666666
3893,62.266666666666666,62.266666666666666
3894,62.266666666666666,62.266666666666666
3895,62.266666666666666,62.266666666666666
3896,62.266666666666666,62.266666666666666
3897,62.266666666666666,62.266666666666666
3898,62.266666666666666,62.266666666666666
3899,62.266666666666666,62.266666666666666
3900,62.266666666666666,62.266666666666666
3901,62.266666666666666,62.266666666666666
3902,62.266666666666666,62.266666666666666
3903,62.266666666666666,62.266666666666666
3904,62.266666666666666,62.266666666666666
3905,62.266666666666666,62.266666666666666
3906,62.266666666666666,62.266666666666666
3907,62.266666666666666,62.266666666666666
3908,62.266666666666666,62.266666666666666
3909,62.266666666666666,62.266666666666666
3910,62.266666666666666,62.266666666666666
3911,62.266666666666666,62.266666666666666
3912,62.266666666666666,62.266666666666666
3913,62.266666666666666,62.266666666666666
3914,62.266666666666666,62.266666666666666
3915,62.266666666666666,62.266666666666666
3916,62.266666666666666,62.266666666666666
3917,62.266666666666666,62.266666666666666
3918,62.266666666666666,62.266666666666666
3919,62.266666666666666,62.266666666666666
3920,62.266666666666666,62.266666666666666
3921,62.266666666666666,62.266666666666666
3922,62.266666666666666,62.266666666666666
3923,62.266666666666666,62.266666666666666
3924,62.266666666666666,62.266666666666666
3925,62.266666666666666,62.266666666666666
3926,62.266666666666666,62.266666666666666
3927,62.266666666666666,62.266666666666666
3928,62.266666666666666,62.266666666666666
3929,62.266666666666666,62.266666666666666
3930,62.266666666666666,62.266666666666666
3931,62.266666666666666,62.266666666666666
3932,62.266666666666666,62.266666666666666
3933,62.266666666666666,62.266666666666666
3934,62.266666666666666,62.266666666666666
3935,62.266666666666666,62.266666666666666
3936,62.266666666666666,62.266666666666666
3937,62.266666666666666,62.266666666666666
3938,62.266666666666666,62.266666666666666
3939,62.266666666666666,62.266666666666666
3940,62.266666666666666,62.266666666666666
3941,62.266666666666666,62.266666666666666
3942,62.266666666666666,62.266666666666666
3943,62.266666666666666,62.266666666666666
3944,62.266666666666666,62.266666666666666
3945,62.266666666666666,62.266666666666666
3946,62.266666666666666,62.266666666666666
3947,62.266666666666666,62.266666666666666
3948,62.266666666666666,62.266666666666666
3949,62.266666666666666,62.266666666666666
3950,62.266666666666666,62.266666666666666
3951,62.266666666666666,62.266666666666666
3952,62.266666666666666,62.266666666666666
3953,62.266666666666666,62.266666666666666
3954,62.266666666666666,62.266666666666666
3955,62.266666666666666,62.266666666666666
3956,62.266666666666666,62.266666666666666
3957,62.266666666666666,62.266666666666666
3958,62.266666666666666,62.266666666666666
3959,62.266666666666666,62.266666666666666
3960,62.266666666666666,62.266666666666666
3961,62.266666666666666,62.266666666666666
3962,62.266666666666666,62.266666666666666
3963,62.266666666666666,62.266666666666666
3964,62.266666666666666,62.266666666666666
3965,62.266666666666666,62.266666666666666
3966,62.266666666666666,62.266666666666666
3967,62.266666666666666,62.266666666666666
3968,62.266666666666666,62.266666666666666
3969,62.266666666666666,62.266666666666666
3970,62.266666666666666,62.266666666666666
3971,62.266666666666666,62.266666666666666
3972,62.266666666666666,62.266666666666666
3973,62.266666666666666,62.266666666666666
3974,62.266666666666666,62.266666666666666
3975,62.266666666666666,62.266666666666666
3976,62.266666666666666,62.266666666666666
3977,62.266666666666666,62.266666666666666
3978,62.266666666666666,62.266666666666666
3979,62.266666666666666,62.266666666666666
3980,62.266666666666666,62.266666666666666
3981,62.266666666666666,62.266666666666666
3982,62.266666666666666,62.266666666666666
3983,62.266666666666666,62.266666666666666
3984,62.266666666666666,62.266666666666666
3985,62.266666666666666,62.266666666666666
3986,62.266666666666666,62.266666666666666
3987,62.266666666666666,62.266666666666666
3988,62.266666666666666,62.266666666666666
3989,62.266666666666666,62.266666666666666
3990,62.266666666666666,62.266666666666666
3991,62.266666666666666,62.266666666666666
3992,62.266666666666666,62.266666666666666
3993,62.266666666666666,62.266666666666666
3994,62.266666666666666,62.266666666666666
3995,62.266666666666666,62.266666666666666
3996,62.266666666666666,62.266666666666666
3997,62.266666666666666,62.266666666666666
3998,62.266666666666666,62.266666666666666
3999,62.266666666666666,62.266666666666666
4000,62.266666666666666,62.266666666666666
4001,62.266666666666666,62.266666666666666
4002,62.266666666666666,62.266666666666666
4003,62.266666666666666,62.266666666666666
4004,62.266666666666666,62.266666666666666
4005,62.266666666666666,62.266666666666666
4006,62.266666666666666,62.266666666666666
4007,62.266666666666666,62.266666666666666
4008,62.266666666666666,62.266666666666666
4009,62.266666666666666,62.266666666666666
4010,62.266666666666666,62.266666666666666
4011,62.266666666666666,62.266666666666666
4012,62.266666666666666,62.266666666666666
4013,62.266666666666666,62.266666666666666
4014,62.266666666666666,62.266666666666666
4015,62.266666666666666,62.266666666666666
4016,62.266666666666666,62.266666666666666
4017,62.266666666666666,62.266666666666666
4018,62.266666666666666,62.266666666666666
4019,62.266666666666666,62.266666666666666
4020,62.266666666666666,62.266666666666666
4021,62.266666666666666,62.266666666666666
4022,62.266666666666666,62.266666666666666
4023,62.266666666666666,62.266666666666666
4024,62.266666666666666,62.266666666666666
4025,62.266666666666666,62.266666666666666
4026,62.266666666666666,62.266666666666666
4027,62.266666666666666,62.266666666666666
4028,62.266666666666666,62.266666666666666
4029,62.266666666666666,62.266666666666666
4030,62.266666666666666,62.266666666666666
4031,62.266666666666666,62.266666666666666
4032,62.266666666666666,62.266666666666666
4033,62.266666666666666,62.266666666666666
4034,62.266666666666666,62.266666666666666
4035,62.266666666666666,62.266666666666666
4036,62.266666666666666,62.266666666666666
4037,62.266666666666666,62.266666666666666
4038,62.266666666666666,62.266666666666666
4039,62.266666666666666,62.266666666666666
4040,62.266666666666666,62.266666666666666
4041,62.266666666666666,62.266666666666666
4042,62.266666666666666,62.266666666666666
4043,62.266666666666666,62.266666666666666
4044,62.266666666666666,62.266666666666666
4045,62.266666666666666,62.266666666666666
4046,62.266666666666666,62.266666666666666
4047,62.266666666666666,62.266666666666666
4048,62.266666666666666,62.266666666666666
4049,62.266666666666666,62.266666666666666
4050,62.266666666666666,62.266666666666666
4051,62.266666666666666,62.266666666666666
4052,62.266666666666666,62.266666666666666
4053,62.266666666666666,62.266666666666666
4054,62.266666666666666,62.266666666666666
4055,62.266666666666666,62.266666666666666
4056,62.266666666666666,62.266666666666666
4057,62.266666666666666,62.266666666666666
4058,62.266666666666666,62.266666666666666
4059,62.266666666666666,62.266666666666666
4060,62.266666666666666,62.266666666666666
4061,62.266666666666666,62.266666666666666
4062,62.266666666666666,62.266666666666666
4063,62.266666666666666,62.266666666666666
4064,62.266666666666666,62.266666666666666
4065,62.266666666666666,62.266666666666666
4066,62.266666666666666,62.266666666666666
4067,62.266666666666666,62.266666666666666
4068,62.266666666666666,62.266666666666666
4069,62.266666666666666,62.266666666666666
4070,62.266666666666666,62.266666666666666
4071,62.266666666666666,62.266666666666666
4072,62.266666666666666,62.266666666666666
4073,62.266666666666666,62.266666666666666
4074,62.266666666666666,62.266666666666666
4075,62.266666666666666,62.266666666666666
4076,62.266666666666666,62.266666666666666
4077,62.266666666666666,62.266666666666666
4078,62.266666666666666,62.266666666666666
4079,62.266666666666666,62.266666666666666
4080,62.266666666666666,62.266666666666666
4081,62.266666666666666,62.266666666666666
4082,62.266666666666666,62.266666666666666
4083,62.266666666666666,62.266666666666666
4084,62.266666666666666,62.266666666666666
4085,62.266666666666666,62.266666666666666
4086,62.266666666666666,62.266666666666666
4087,62.266666666666666,62.266666666666666
4088,62.266666666666666,62.266666666666666
4089,62.266666666666666,62.266666666666666
4090,62.266666666666666,62.266666666666666
4091,62.266666666666666,62.266666666666666
4092,62.266666666666666,62.266666666666666
4093,62.266666666666666,62.266666666666666
4094,62.266666666666666,62.266666666666666
4095,62.266666666666666,62.266666666666666
4096,62.266666666666666,62.266666666666666
4097,62.266666666666666,62.266666666666666
4098,62.266666666666666,62.266666666666666
4099,62.266666666666666,62.266666666666666
4100,62.266666666666666,62.266666666666666
4101,62.266666666666666,62.266666666666666
4102,62.266666666666666,62.266666666666666
4103,62.266666666666666,62.266666666666666
4104,62.266666666666666,62.266666666666666
4105,62.266666666666666,62.266666666666666
4106,62.266666666666666,62.266666666666666
4107,62.266666666666666,62.266666666666666
4108,62.266666666666666,62.266666666666666
4109,62.266666666666666,62.266666666666666
4110,62.266666666666666,62.266666666666666
4111,62.266666666666666,62.266666666666666
4112,62.266666666666666,62.266666666666666
4113,62.266666666666666,62.266666666666666
4114,62.266666666666666,62.266666666666666
4115,62.266666666666666,62.266666666666666
4116,62.266666666666666,62.266666666666666
4117,62.266666666666666,62.266666666666666
4118,62.266666666666666,62.266666666666666
4119,62.266666666666666,62.266666666666666
4120,62.266666666666666,62.266666666666666
4121,62.266666666666666,62.266666666666666
4122,62.266666666666666,62.266666666666666
4123,62.266666666666666,62.266666666666666
4124,62.266666666666666,62.266666666666666
4125,62.266666666666666,62.266666666666666
4126,62.266666666666666,62.266666666666666
4127,62.266666666666666,62.266666666666666
4128,62.266666666666666,62.266666666666666
4129,62.266666666666666,62.266666666666666
4130,62.266666666666666,62.266666666666666
4131,62.266666666666666,62.266666666666666
4132,62.266666666666666,62.266666666666666
4133,62.266666666666666,62.266666666666666
4134,62.266666666666666,62.266666666666666
4135,62.266666666666666,62.266666666666666
4136,62.266666666666666,62.266666666666666
4137,62.266666666666666,62.266666666666666
4138,62.266666666666666,62.266666666666666
4139,62.266666666666666,62.266666666666666
4140,62.266666666666666,62.266666666666666
4141,62.266666666666666,62.266666666666666
4142,62.266666666666666,62.266666666666666
4143,62.266666666666666,62.266666666666666
4144,62.266666666666666,62.266666666666666
4145,62.266666666666666,62.266666666666666
4146,62.266666666666666,62.266666666666666
4147,62.266666666666666,62.266666666666666
4148,62.266666666666666,62.266666666666666
4149,62.266666666666666,62.266666666666666
4150,62.266666666666666,62.266666666666666
4151,62.266666666666666,62.266666666666666
4152,62.266666666666666,62.266666666666666
4153,62.266666666666666,62.266666666666666
4154,62.266666666666666,62.266666666666666
4155,62.266666666666666,62.266666666666666
4156,62.266666666666666,62.266666666666666
4157,62.266666666666666,62.266666666666666
4158,62.266666666666666,62.266666666666666
4159,62.266666666666666,62.266666666666666
4160,62.266666666666666,62.266666666666666
4161,62.266666666666666,62.266666666666666
4162,62.266666666666666,62.266666666666666
4163,62.266666666666666,62.266666666666666
4164,62.266666666666666,62.266666666666666
4165,62.266666666666666,62.266666666666666
4166,62.266666666666666,62.266666666666666
4167,62.266666666666666,62.266666666666666
4168,62.266666666666666,62.266666666666666
4169,62.266666666666666,62.266666666666666
4170,62.266666666666666,62.266666666666666
4171,62.266666666666666,62.266666666666666
4172,62.266666666666666,62.266666666666666
4173,62.266666666666666,62.266666666666666
4174,62.266666666666666,62.266666666666666
4175,62.266666666666666,62.266666666666666
4176,62.266666666666666,62.266666666666666
4177,62.266666666666666,62.266666666666666
4178,62.266666666666666,62.266666666666666
4179,62.266666666666666,62.266666666666666
4180,62.266666666666666,62.266666666666666
4181,62.266666666666666,62.266666666666666
4182,62.266666666666666,62.266666666666666
4183,62.266666666666666,62.266666666666666
4184,62.266666666666666,62.266666666666666
4185,62.266666666666666,62.266666666666666
4186,62.266666666666666,62.266666666666666
4187,62.266666666666666,62.266666666666666
4188,62.266666666666666,62.266666666666666
4189,62.266666666666666,62.266666666666666
4190,62.266666666666666,62.266666666666666
4191,62.266666666666666,62.266666666666666
4192,62.266666666666666,62.266666666666666
4193,62.266666666666666,62.266666666666666
4194,62.266666666666666,62.266666666666666
4195,62.266666666666666,62.266666666666666
4196,62.266666666666666,62.266666666666666
4197,62.266666666666666,62.266666666666666
4198,62.266666666666666,62.266666666666666
4199,62.266666666666666,62.266666666666666
4200,62.266666666666666,62.266666666666666
4201,62.266666666666666,62.266666666666666
4202,62.266666666666666,62.266666666666666
4203,62.266666666666666,62.266666666666666
4204,62.266666666666666,62.266666666666666
4205,62.266666666666666,62.266666666666666
4206,62.266666666666666,62.266666666666666
4207,62.266666666666666,62.266666666666666
4208,62.266666666666666,62.266666666666666
4209,62.266666666666666,62.266666666666666
4210,62.266666666666666,62.266666666666666
4211,62.266666666666666,62.266666666666666
4212,62.266666666666666,62.266666666666666
4213,62.266666666666666,62.266666666666666
4214,62.266666666666666,62.266666666666666
4215,62.266666666666666,62.266666666666666
4216,62.266666666666666,62.266666666666666
4217,62.266666666666666,62.266666666666666
4218,62.266666666666666,62.266666666666666
4219,62.266666666666666,62.266666666666666
4220,62.266666666666666,62.266666666666666
4221,62.266666666666666,62.266666666666666
4222,62.266666666666666,62.266666666666666
4223,62.266666666666666,62.266666666666666
4224,62.266666666666666,62.266666666666666
4225,62.266666666666666,62.266666666666666
4226,62.266666666666666,62.266666666666666
4227,62.266666666666666,62.266666666666666
4228,62.266666666666666,62.266666666666666
4229,62.266666666666666,62.266666666666666
4230,62.266666666666666,62.266666666666666
4231,62.266666666666666,62.266666666666666
4232,62.266666666666666,62.266666666666666
4233,62.266666666666666,62.266666666666666
4234,62.266666666666666,62.266666666666666
4235,62.266666666666666,62.266666666666666
4236,62.266666666666666,62.266666666666666
4237,62.266666666666666,62.266666666666666
4238,62.266666666666666,62.266666666666666
4239,62.266666666666666,62.266666666666666
4240,62.266666666666666,62.266666666666666
4241,62.266666666666666,62.266666666666666
4242,62.266666666666666,62.266666666666666
4243,62.266666666666666,62.266666666666666
4244,62.266666666666666,62.266666666666666
4245,62.266666666666666,62.266666666666666
4246,62.266666666666666,62.266666666666666
4247,62.266666666666666,62.266666666666666
4248,62.266666666666666,62.266666666666666
4249,62.266666666666666,62.266666666666666
4250,62.266666666666666,62.266666666666666
4251,62.266666666666666,62.266666666666666
4252,62.266666666666666,62.266666666666666
4253,62.266666666666666,62.266666666666666
4254,62.266666666666666,62.266666666666666
4255,62.266666666666666,62.266666666666666
4256,62.266666666666666,62.266666666666666
4257,62.266666666666666,62.266666666666666
4258,62.266666666666666,62.266666666666666
4259,62.266666666666666,62.266666666666666
4260,62.266666666666666,62.266666666666666
4261,62.266666666666666,62.266666666666666
4262,62.266666666666666,62.266666666666666
4263,62.266666666666666,62.266666666666666
4264,62.266666666666666,62.266666666666666
4265,62.266666666666666,62.266666666666666
4266,62.266666666666666,62.266666666666666
4267,62.266666666666666,62.266666666666666
4268,62.266666666666666,62.266666666666666
4269,62.266666666666666,62.266666666666666
4270,62.266666666666666,62.266666666666666
4271,62.266666666666666,62.266666666666666
4272,62.266666666666666,62.266666666666666
4273,62.266666666666666,62.266666666666666
4274,62.266666666666666,62.266666666666666
4275,62.266666666666666,62.266666666666666
4276,62.266666666666666,62.266666666666666
4277,62.266666666666666,62.266666666666666
4278,62.266666666666666,62.266666666666666
4279,62.266666666666666,62.266666666666666
4280,62.266666666666666,62.266666666666666
4281,62.266666666666666,62.266666666666666
4282,62.266666666666666,62.266666666666666
4283,62.266666666666666,62.266666666666666
4284,62.266666666666666,62.266666666666666
4285,62.266666666666666,62.266666666666666
4286,62.266666666666666,62.266666666666666
4287,62.266666666666666,62.266666666666666
4288,62.266666666666666,62.266666666666666
4289,62.266666666666666,62.266666666666666
4290,62.266666666666666,62.266666666666666
4291,62.266666666666666,62.266666666666666
4292,62.266666666666666,62.266666666666666
4293,62.266666666666666,62.266666666666666
4294,62.266666666666666,62.266666666666666
4295,62.266666666666666,62.266666666666666
4296,62.266666666666666,62.266666666666666
4297,62.266666666666666,62.266666666666666
4298,62.266666666666666,62.266666666666666
4299,62.266666666666666,62.266666666666666
4300,62.266666666666666,62.266666666666666
4301,62.266666666666666,62.266666666666666
4302,62.266666666666666,62.266666666666666
4303,62.266666666666666,62.266666666666666
4304,62.266666666666666,62.266666666666666
4305,62.266666666666666,62.266666666666666
4306,62.266666666666666,62.266666666666666
4307,62.266666666666666,62.266666666666666
4308,62.266666666666666,62.266666666666666
4309,62.266666666666666,62.266666666666666
4310,62.266666666666666,62.266666666666666
4311,62.266666666666666,62.266666666666666
4312,62.266666666666666,62.266666666666666
4313,62.266666666666666,62.266666666666666
4314,62.266666666666666,62.266666666666666
4315,62.266666666666666,62.266666666666666
4316,62.266666666666666,62.266666666666666
4317,62.266666666666666,62.266666666666666
4318,62.266666666666666,62.266666666666666
4319,62.266666666666666,62.266666666666666
4320,62.266666666666666,62.266666666666666
4321,62.266666666666666,62.266666666666666
4322,62.266666666666666,62.266666666666666
4323,62.266666666666666,62.266666666666666
4324,62.266666666666666,62.266666666666666
4325,62.266666666666666,62.266666666666666
4326,62.266666666666666,62.266666666666666
4327,62.266666666666666,62.266666666666666
4328,62.266666666666666,62.266666666666666
4329,62.266666666666666,62.266666666666666
4330,62.266666666666666,62.266666666666666
4331,62.266666666666666,62.266666666666666
4332,62.266666666666666,62.266666666666666
4333,62.266666666666666,62.266666666666666
4334,62.266666666666666,62.266666666666666
4335,62.266666666666666,62.266666666666666
4336,62.266666666666666,62.266666666666666
4337,62.266666666666666,62.266666666666666
4338,62.266666666666666,62.266666666666666
4339,62.266666666666666,62.266666666666666
4340,62.266666666666666,62.266666666666666
4341,62.266666666666666,62.266666666666666
4342,62.266666666666666,62.266666666666666
4343,62.266666666666666,62.266666666666666
4344,62.266666666666666,62.266666666666666
4345,62.266666666666666,62.266666666666666
4346,62.266666666666666,62.266666666666666
4347,62.266666666666666,62.266666666666666
4348,62.266666666666666,62.266666666666666
4349,62.266666666666666,62.266666666666666
4350,62.266666666666666,62.266666666666666
4351,62.266666666666666,62.266666666666666
4352,62.266666666666666,62.266666666666666
4353,62.266666666666666,62.266666666666666
4354,62.266666666666666,62.266666666666666
4355,62.266666666666666,62.266666666666666
4356,62.266666666666666,62.266666666666666
4357,62.266666666666666,62.266666666666666
4358,62.266666666666666,62.266666666666666
4359,62.266666666666666,62.266666666666666
4360,62.266666666666666,62.266666666666666
4361,62.266666666666666,62.266666666666666
4362,62.266666666666666,62.266666666666666
4363,62.266666666666666,62.266666666666666
4364,62.266666666666666,62.266666666666666
4365,62.266666666666666,62.266666666666666
4366,62.266666666666666,62.266666666666666
4367,62.266666666666666,62.266666666666666
4368,62.266666666666666,62.266666666666666
4369,62.266666666666666,62.266666666666666
4370,62.266666666666666,62.266666666666666
4371,62.266666666666666,62.266666666666666
4372,62.266666666666666,62.266666666666666
4373,62.266666666666666,62.266666666666666
4374,62.266666666666666,62.266666666666666
4375,62.266666666666666,62.266666666666666
4376,62.266666666666666,62.266666666666666
4377,62.266666666666666,62.266666666666666
4378,62.266666666666666,62.266666666666666
4379,62.266666666666666,62.266666666666666
4380,62.266666666666666,62.266666666666666
4381,62.266666666666666,62.266666666666666
4382,62.266666666666666,62.266666666666666
4383,62.266666666666666,62.266666666666666
4384,62.266666666666666,62.266666666666666
4385,62.266666666666666,62.266666666666666
4386,62.266666666666666,62.266666666666666
4387,62.266666666666666,62.266666666666666
4388,62.266666666666666,62.266666666666666
4389,62.266666666666666,62.266666666666666
4390,62.266666666666666,62.266666666666666
4391,62.266666666666666,62.266666666666666
4392,62.266666666666666,62.266666666666666
4393,62.266666666666666,62.266666666666666
4394,62.266666666666666,62.266666666666666
4395,62.266666666666666,62.266666666666666
4396,62.266666666666666,62.266666666666666
4397,62.266666666666666,62.266666666666666
4398,62.266666666666666,62.266666666666666
4399,62.266666666666666,62.266666666666666
4400,62.266666666666666,62.266666666666666
4401,62.266666666666666,62.266666666666666
4402,62.266666666666666,62.266666666666666
4403,62.266666666666666,62.266666666666666
4404,62.266666666666666,62.266666666666666
4405,62.266666666666666,62.266666666666666
4406,62.266666666666666,62.266666666666666
4407,62.266666666666666,62.266666666666666
4408,62.266666666666666,62.266666666666666
4409,62.266666666666666,62.266666666666666
4410,62.266666666666666,62.266666666666666
4411,62.266666666666666,62.266666666666666
4412,62.266666666666666,62.266666666666666
4413,62.266666666666666,62.266666666666666
4414,62.266666666666666,62.266666666666666
4415,62.266666666666666,62.266666666666666
4416,62.266666666666666,62.266666666666666
4417,62.266666666666666,62.266666666666666
4418,62.266666666666666,62.266666666666666
4419,62.266666666666666,62.266666666666666
4420,62.266666666666666,62.266666666666666
4421,62.266666666666666,62.266666666666666
4422,62.266666666666666,62.266666666666666
4423,62.266666666666666,62.266666666666666
4424,62.266666666666666,62.266666666666666
4425,62.266666666666666,62.266666666666666
4426,62.266666666666666,62.266666666666666
4427,62.266666666666666,62.266666666666666
4428,62.266666666666666,62.266666666666666
4429,62.266666666666666,62.266666666666666
4430,62.266666666666666,62.266666666666666
4431,62.266666666666666,62.266666666666666
4432,62.266666666666666,62.266666666666666
4433,62.266666666666666,62.266666666666666
4434,62.266666666666666,62.266666666666666
4435,62.266666666666666,62.266666666666666
4436,62.266666666666666,62.266666666666666
4437,62.266666666666666,62.266666666666666
4438,62.266666666666666,62.266666666666666
4439,62.266666666666666,62.266666666666666
4440,62.266666666666666,62.266666666666666
4441,62.266666666666666,62.266666666666666
4442,62.266666666666666,62.266666666666666
4443,62.266666666666666,62.266666666666666
4444,62.266666666666666,62.266666666666666
4445,62.266666666666666,62.266666666666666
4446,62.266666666666666,62.266666666666666
4447,62.266666666666666,62.266666666666666
4448,62.266666666666666,62.266666666666666
4449,62.266666666666666,62.266666666666666
4450,62.266666666666666,62.266666666666666
4451,62.266666666666666,62.266666666666666
4452,62.266666666666666,62.266666666666666
4453,62.266666666666666,62.266666666666666
4454,62.266666666666666,62.266666666666666
4455,62.266666666666666,62.266666666666666
4456,62.266666666666666,62.266666666666666
4457,62.266666666666666,62.266666666666666
4458,62.266666666666666,62.266666666666666
4459,62.266666666666666,62.266666666666666
4460,62.266666666666666,62.266666666666666
4461,62.266666666666666,62.266666666666666
4462,62.266666666666666,62.266666666666666
4463,62.266666666666666,62.266666666666666
4464,62.266666666666666,62.266666666666666
4465,62.266666666666666,62.266666666666666
4466,62.266666666666666,62.266666666666666
4467,62.266666666666666,62.266666666666666
4468,62.266666666666666,62.266666666666666
4469,62.266666666666666,62.266666666666666
4470,62.266666666666666,62.266666666666666
4471,62.266666666666666,62.266666666666666
4472,62.266666666666666,62.266666666666666
4473,62.266666666666666,62.266666666666666
4474,62.266666666666666,62.266666666666666
4475,62.266666666666666,62.266666666666666
4476,62.266666666666666,62.266666666666666
4477,62.266666666666666,62.266666666666666
4478,62.266666666666666,62.266666666666666
4479,62.266666666666666,62.266666666666666
4480,62.266666666666666,62.266666666666666
4481,62.266666666666666,62.266666666666666
4482,62.266666666666666,62.266666666666666
4483,62.266666666666666,62.266666666666666
4484,62.266666666666666,62.266666666666666
4485,62.266666666666666,62.266666666666666
4486,62.266666666666666,62.266666666666666
4487,62.266666666666666,62.266666666666666
4488,62.266666666666666,62.266666666666666
4489,62.266666666666666,62.266666666666666
4490,62.266666666666666,62.266666666666666
4491,62.266666666666666,62.266666666666666
4492,62.266666666666666,62.266666666666666
4493,62.266666666666666,62.266666666666666
4494,62.266666666666666,62.266666666666666
4495,62.266666666666666,62.266666666666666
4496,62.266666666666666,62.266666666666666
4497,62.266666666666666,62.266666666666666
4498,62.266666666666666,62.266666666666666
4499,62.266666666666666,62.266666666666666
4500,62.266666666666666,62.266666666666666
4501,62.266666666666666,62.266666666666666
4502,62.266666666666666,62.266666666666666
4503,62.266666666666666,62.266666666666666
4504,62.266666666666666,62.266666666666666
4505,62.266666666666666,62.266666666666666
4506,62.266666666666666,62.266666666666666
4507,62.266666666666666,62.266666666666666
4508,62.266666666666666,62.266666666666666
4509,62.266666666666666,62.266666666666666
4510,62.266666666666666,62.266666666666666
4511,62.266666666666666,62.266666666666666
4512,62.266666666666666,62.266666666666666
4513,62.266666666666666,62.266666666666666
4514,62.266666666666666,62.266666666666666
4515,62.266666666666666,62.266666666666666
4516,62.266666666666666,62.266666666666666
4517,62.266666666666666,62.266666666666666
4518,62.266666666666666,62.266666666666666
4519,62.266666666666666,62.266666666666666
4520,62.266666666666666,62.266666666666666
4521,62.266666666666666,62.266666666666666
4522,62.266666666666666,62.266666666666666
4523,62.266666666666666,62.266666666666666
4524,62.266666666666666,62.266666666666666
4525,62.266666666666666,62.266666666666666
4526,62.266666666666666,62.266666666666666
4527,62.266666666666666,62.266666666666666
4528,62.266666666666666,62.266666666666666
4529,62.266666666666666,62.266666666666666
4530,62.266666666666666,62.266666666666666
4531,62.266666666666666,62.266666666666666
4532,62.266666666666666,62.266666666666666
4533,62.266666666666666,62.266666666666666
4534,62.266666666666666,62.266666666666666
4535,62.266666666666666,62.266666666666666
4536,62.266666666666666,62.266666666666666
4537,62.266666666666666,62.266666666666666
4538,62.266666666666666,62.266666666666666
4539,62.266666666666666,62.266666666666666
4540,62.266666666666666,62.266666666666666
4541,62.266666666666666,62.266666666666666
4542,62.266666666666666,62.266666666666666
4543,62.266666666666666,62.266666666666666
4544,62.266666666666666,62.266666666666666
4545,62.266666666666666,62.266666666666666
4546,62.266666666666666,62.266666666666666
4547,62.266666666666666,62.266666666666666
4548,62.266666666666666,62.266666666666666
4549,62.266666666666666,62.266666666666666
4550,62.266666666666666,62.266666666666666
4551,62.266666666666666,62.266666666666666
4552,62.266666666666666,62.266666666666666
4553,62.266666666666666,62.266666666666666
4554,62.266666666666666,62.266666666666666
4555,62.266666666666666,62.266666666666666
4556,62.266666666666666,62.266666666666666
4557,62.266666666666666,62.266666666666666
4558,62.266666666666666,62.266666666666666
4559,62.266666666666666,62.266666666666666
4560,62.266666666666666,62.266666666666666
4561,62.266666666666666,62.266666666666666
4562,62.266666666666666,62.266666666666666
4563,62.266666666666666,62.266666666666666
4564,62.266666666666666,62.266666666666666
4565,62.266666666666666,62.266666666666666
4566,62.266666666666666,62.266666666666666
4567,62.266666666666666,62.266666666666666
4568,62.266666666666666,62.266666666666666
4569,62.266666666666666,62.266666666666666
4570,62.266666666666666,62.266666666666666
4571,62.266666666666666,62.266666666666666
4572,62.266666666666666,62.266666666666666
4573,62.266666666666666,62.266666666666666
4574,62.266666666666666,62.266666666666666
4575,62.266666666666666,62.266666666666666
4576,62.266666666666666,62.266666666666666
4577,62.266666666666666,62.266666666666666
4578,62.266666666666666,62.266666666666666
4579,62.266666666666666,62.266666666666666
4580,62.266666666666666,62.266666666666666
4581,62.266666666666666,62.266666666666666
4582,62.266666666666666,62.266666666666666
4583,62.266666666666666,62.266666666666666
4584,62.266666666666666,62.266666666666666
4585,62.266666666666666,62.266666666666666
4586,62.266666666666666,62.266666666666666
4587,62.266666666666666,62.266666666666666
4588,62.266666666666666,62.266666666666666
4589,62.266666666666666,62.266666666666666
4590,62.266666666666666,62.266666666666666
4591,62.266666666666666,62.266666666666666
4592,62.266666666666666,62.266666666666666
4593,62.266666666666666,62.266666666666666
4594,62.266666666666666,62.266666666666666
4595,62.266666666666666,62.266666666666666
4596,62.266666666666666,62.266666666666666
4597,62.266666666666666,62.266666666666666
4598,62.266666666666666,62.266666666666666
4599,62.266666666666666,62.266666666666666
4600,62.266666666666666,62.266666666666666
4601,62.266666666666666,62.266666666666666
4602,62.266666666666666,62.266666666666666
4603,62.266666666666666,62.266666666666666
4604,62.266666666666666,62.266666666666666
4605,62.266666666666666,62.266666666666666
4606,62.266666666666666,62.266666666666666
4607,62.266666666666666,62.266666666666666
4608,62.266666666666666,62.266666666666666
4609,62.266666666666666,62.266666666666666
4610,62.266666666666666,62.266666666666666
4611,62.266666666666666,62.266666666666666
4612,62.266666666666666,62.266666666666666
4613,62.266666666666666,62.266666666666666
4614,62.266666666666666,62.266666666666666
4615,62.266666666666666,62.266666666666666
4616,62.266666666666666,62.266666666666666
4617,62.266666666666666,62.266666666666666
4618,62.266666666666666,62.266666666666666
4619,62.266666666666666,62.266666666666666
4620,62.266666666666666,62.266666666666666
4621,62.266666666666666,62.266666666666666
4622,62.266666666666666,62.266666666666666
4623,62.266666666666666,62.266666666666666
4624,62.266666666666666,62.266666666666666
4625,62.266666666666666,62.266666666666666
4626,62.266666666666666,62.266666666666666
4627,62.266666666666666,62.266666666666666
4628,62.266666666666666,62.266666666666666
4629,62.266666666666666,62.266666666666666
4630,62.266666666666666,62.266666666666666
4631,62.266666666666666,62.266666666666666
4632,62.266666666666666,62.266666666666666
4633,62.266666666666666,62.266666666666666
4634,62.266666666666666,62.266666666666666
4635,62.266666666666666,62.266666666666666
4636,62.266666666666666,62.266666666666666
4637,62.266666666666666,62.266666666666666
4638,62.266666666666666,62.266666666666666
4639,62.266666666666666,62.266666666666666
4640,62.266666666666666,62.266666666666666
4641,62.266666666666666,62.266666666666666
4642,62.266666666666666,62.266666666666666
4643,62.266666666666666,62.266666666666666
4644,62.266666666666666,62.266666666666666
4645,62.266666666666666,62.266666666666666
4646,62.266666666666666,62.266666666666666
4647,62.266666666666666,62.266666666666666
4648,62.266666666666666,62.266666666666666
4649,62.266666666666666,62.266666666666666
4650,62.266666666666666,62.266666666666666
4651,62.266666666666666,62.266666666666666
4652,62.266666666666666,62.266666666666666
4653,62.266666666666666,62.266666666666666
4654,62.266666666666666,62.266666666666666
4655,62.266666666666666,62.266666666666666
4656,62.266666666666666,62.266666666666666
4657,62.266666666666666,62.266666666666666
4658,62.266666666666666,62.266666666666666
4659,62.266666666666666,62.266666666666666
4660,62.266666666666666,62.266666666666666
4661,62.266666666666666,62.266666666666666
4662,62.266666666666666,62.266666666666666
4663,62.266666666666666,62.266666666666666
4664,62.266666666666666,62.266666666666666
4665,62.266666666666666,62.266666666666666
4666,62.266666666666666,62.266666666666666
4667,62.266666666666666,62.266666666666666
4668,62.266666666666666,62.266666666666666
4669,62.266666666666666,62.266666666666666
4670,62.266666666666666,62.266666666666666
4671,62.266666666666666,62.266666666666666
4672,62.266666666666666,62.266666666666666
4673,62.266666666666666,62.266666666666666
4674,62.266666666666666,62.266666666666666
4675,62.266666666666666,62.266666666666666
4676,62.266666666666666,62.266666666666666
4677,62.266666666666666,62.266666666666666
4678,62.266666666666666,62.266666666666666
4679,62.266666666666666,62.266666666666666
4680,62.266666666666666,62.266666666666666
4681,62.266666666666666,62.266666666666666
4682,62.266666666666666,62.266666666666666
4683,62.266666666666666,62.266666666666666
4684,62.266666666666666,62.266666666666666
4685,62.266666666666666,62.266666666666666
4686,62.266666666666666,62.266666666666666
4687,62.266666666666666,62.266666666666666
4688,62.266666666666666,62.266666666666666
4689,62.266666666666666,62.266666666666666
4690,62.266666666666666,62.266666666666666
4691,62.266666666666666,62.266666666666666
4692,62.266666666666666,62.266666666666666
4693,62.266666666666666,62.266666666666666
4694,62.266666666666666,62.266666666666666
4695,62.266666666666666,62.266666666666666
4696,62.266666666666666,62.266666666666666
4697,62.266666666666666,62.266666666666666
4698,62.266666666666666,62.266666666666666
4699,62.266666666666666,62.266666666666666
4700,62.266666666666666,62.266666666666666
4701,62.266666666666666,62.266666666666666
4702,62.266666666666666,62.266666666666666
4703,62.266666666666666,62.266666666666666
4704,62.266666666666666,62.266666666666666
4705,62.266666666666666,62.266666666666666
4706,62.266666666666666,62.266666666666666
4707,62.266666666666666,62.266666666666666
4708,62.266666666666666,62.266666666666666
4709,62.266666666666666,62.266666666666666
4710,62.266666666666666,62.266666666666666
4711,62.266666666666666,62.266666666666666
4712,62.266666666666666,62.266666666666666
4713,62.266666666666666,62.266666666666666
4714,62.266666666666666,62.266666666666666
4715,62.266666666666666,62.266666666666666
4716,62.266666666666666,62.266666666666666
4717,62.266666666666666,62.266666666666666
4718,62.266666666666666,62.266666666666666
4719,62.266666666666666,62.266666666666666
4720,62.266666666666666,62.266666666666666
4721,62.266666666666666,62.266666666666666
4722,62.266666666666666,62.266666666666666
4723,62.266666666666666,62.266666666666666
4724,62.266666666666666,62.266666666666666
4725,62.266666666666666,62.266666666666666
4726,62.266666666666666,62.266666666666666
4727,62.266666666666666,62.266666666666666
4728,62.266666666666666,62.266666666666666
4729,62.266666666666666,62.266666666666666
4730,62.266666666666666,62.266666666666666
4731,62.266666666666666,62.266666666666666
4732,62.266666666666666,62.266666666666666
4733,62.266666666666666,62.266666666666666
4734,62.266666666666666,62.266666666666666
4735,62.266666666666666,62.266666666666666
4736,62.266666666666666,62.266666666666666
4737,62.266666666666666,62.266666666666666
4738,62.266666666666666,62.266666666666666
4739,62.266666666666666,62.266666666666666
4740,62.266666666666666,62.266666666666666
4741,62.266666666666666,62.266666666666666
4742,62.266666666666666,62.266666666666666
4743,62.266666666666666,62.266666666666666
4744,62.266666666666666,62.266666666666666
4745,62.266666666666666,62.266666666666666
4746,62.266666666666666,62.266666666666666
4747,62.266666666666666,62.266666666666666
4748,62.266666666666666,62.266666666666666
4749,62.266666666666666,62.266666666666666
4750,62.266666666666666,62.266666666666666
4751,62.266666666666666,62.266666666666666
4752,62.266666666666666,62.266666666666666
4753,62.266666666666666,62.266666666666666
4754,62.266666666666666,62.266666666666666
4755,62.266666666666666,62.266666666666666
4756,62.266666666666666,62.266666666666666
4757,62.266666666666666,62.266666666666666
4758,62.266666666666666,62.266666666666666
4759,62.266666666666666,62.266666666666666
4760,62.266666666666666,62.266666666666666
4761,62.266666666666666,62.266666666666666
4762,62.266666666666666,62.266666666666666
4763,62.266666666666666,62.266666666666666
4764,62.266666666666666,62.266666666666666
4765,62.266666666666666,62.266666666666666
4766,62.266666666666666,62.266666666666666
4767,62.266666666666666,62.266666666666666
4768,62.266666666666666,62.266666666666666
4769,62.266666666666666,62.266666666666666
4770,62.266666666666666,62.266666666666666
4771,62.266666666666666,62.266666666666666
4772,62.266666666666666,62.266666666666666
4773,62.266666666666666,62.266666666666666
4774,62.266666666666666,62.266666666666666
4775,62.266666666666666,62.266666666666666
4776,62.266666666666666,62.266666666666666
4777,62.266666666666666,62.266666666666666
4778,62.266666666666666,62.266666666666666
4779,62.266666666666666,62.266666666666666
4780,62.266666666666666,62.266666666666666
4781,62.266666666666666,62.266666666666666
4782,62.266666666666666,62.266666666666666
4783,62.266666666666666,62.266666666666666
4784,62.266666666666666,62.266666666666666
4785,62.266666666666666,62.266666666666666
4786,62.266666666666666,62.266666666666666
4787,62.266666666666666,62.266666666666666
4788,62.266666666666666,62.266666666666666
4789,62.266666666666666,62.266666666666666
4790,62.266666666666666,62.266666666666666
4791,62.266666666666666,62.266666666666666
4792,62.266666666666666,62.266666666666666
4793,62.266666666666666,62.266666666666666
4794,62.266666666666666,62.266666666666666
4795,62.266666666666666,62.266666666666666
4796,62.266666666666666,62.266666666666666
4797,62.266666666666666,62.266666666666666
4798,62.266666666666666,62.266666666666666
4799,62.266666666666666,62.266666666666666
4800,62.266666666666666,62.266666666666666
4801,62.266666666666666,62.266666666666666
4802,62.266666666666666,62.266666666666666
4803,62.266666666666666,62.266666666666666
4804,62.266666666666666,62.266666666666666
4805,62.266666666666666,62.266666666666666
4806,62.266666666666666,62.266666666666666
4807,62.266666666666666,62.266666666666666
4808,62.266666666666666,62.266666666666666
4809,62.266666666666666,62.266666666666666
4810,62.266666666666666,62.266666666666666
4811,62.266666666666666,62.266666666666666
4812,62.266666666666666,62.266666666666666
4813,62.266666666666666,62.266666666666666
4814,62.266666666666666,62.266666666666666
4815,62.266666666666666,62.266666666666666
4816,62.266666666666666,62.266666666666666
4817,62.266666666666666,62.266666666666666
4818,62.266666666666666,62.266666666666666
4819,62.266666666666666,62.266666666666666
4820,62.266666666666666,62.266666666666666
4821,62.266666666666666,62.266666666666666
4822,62.266666666666666,62.266666666666666
4823,62.266666666666666,62.266666666666666
4824,62.266666666666666,62.266666666666666
4825,62.266666666666666,62.266666666666666
4826,62.266666666666666,62.266666666666666
4827,62.266666666666666,62.266666666666666
4828,62.266666666666666,62.266666666666666
4829,62.266666666666666,62.266666666666666
4830,62.266666666666666,62.266666666666666
4831,62.266666666666666,62.266666666666666
4832,62.266666666666666,62.266666666666666
4833,62.266666666666666,62.266666666666666
4834,62.266666666666666,62.266666666666666
4835,62.266666666666666,62.266666666666666
4836,62.266666666666666,62.266666666666666
4837,62.266666666666666,62.266666666666666
4838,62.266666666666666,62.266666666666666
4839,62.266666666666666,62.266666666666666
4840,62.266666666666666,62.266666666666666
4841,62.266666666666666,62.266666666666666
4842,62.266666666666666,62.266666666666666
4843,62.266666666666666,62.266666666666666
4844,62.266666666666666,62.266666666666666
4845,62.266666666666666,62.266666666666666
4846,62.266666666666666,62.266666666666666
4847,62.266666666666666,62.266666666666666
4848,62.266666666666666,62.266666666666666
4849,62.266666666666666,62.266666666666666
4850,62.266666666666666,62.266666666666666
4851,62.266666666666666,62.266666666666666
4852,62.266666666666666,62.266666666666666
4853,62.266666666666666,62.266666666666666
4854,62.266666666666666,62.266666666666666
4855,62.266666666666666,62.266666666666666
4856,62.266666666666666,62.266666666666666
4857,62.266666666666666,62.266666666666666
4858,62.266666666666666,62.266666666666666
4859,62.266666666666666,62.266666666666666
4860,62.266666666666666,62.266666666666666
4861,62.266666666666666,62.266666666666666
4862,62.266666666666666,62.266666666666666
4863,62.266666666666666,62.266666666666666
4864,62.266666666666666,62.266666666666666
4865,62.266666666666666,62.266666666666666
4866,62.266666666666666,62.266666666666666
4867,62.266666666666666,62.266666666666666
4868,62.266666666666666,62.266666666666666
4869,62.266666666666666,62.266666666666666
4870,62.266666666666666,62.266666666666666
4871,62.266666666666666,62.266666666666666
4872,62.266666666666666,62.266666666666666
4873,62.266666666666666,62.266666666666666
4874,62.266666666666666,62.266666666666666
4875,62.266666666666666,62.266666666666666
4876,62.266666666666666,62.266666666666666
4877,62.266666666666666,62.266666666666666
4878,62.266666666666666,62.266666666666666
4879,62.266666666666666,62.266666666666666
4880,62.266666666666666,62.266666666666666
4881,62.266666666666666,62.266666666666666
4882,62.266666666666666,62.266666666666666
4883,62.266666666666666,62.266666666666666
4884,62.266666666666666,62.266666666666666
4885,62.266666666666666,62.266666666666666
4886,62.266666666666666,62.266666666666666
4887,62.266666666666666,62.266666666666666
4888,62.266666666666666,62.266666666666666
4889,62.266666666666666,62.266666666666666
4890,62.266666666666666,62.266666666666666
4891,62.266666666666666,62.266666666666666
4892,62.266666666666666,62.266666666666666
4893,62.266666666666666,62.266666666666666
4894,62.266666666666666,62.266666666666666
4895,62.266666666666666,62.266666666666666
4896,62.266666666666666,62.266666666666666
4897,62.266666666666666,62.266666666666666
4898,62.266666666666666,62.266666666666666
4899,62.266666666666666,62.266666666666666
4900,62.266666666666666,62.266666666666666
4901,62.266666666666666,62.266666666666666
4902,62.266666666666666,62.266666666666666
4903,62.266666666666666,62.266666666666666
4904,62.266666666666666,62.266666666666666
4905,62.266666666666666,62.266666666666666
4906,62.266666666666666,62.266666666666666
4907,62.266666666666666,62.266666666666666
4908,62.266666666666666,62.266666666666666
4909,62.266666666666666,62.266666666666666
4910,62.266666666666666,62.266666666666666
4911,62.266666666666666,62.266666666666666
4912,62.266666666666666,62.266666666666666
4913,62.266666666666666,62.266666666666666
4914,62.266666666666666,62.266666666666666
4915,62.266666666666666,62.266666666666666
4916,62.266666666666666,62.266666666666666
4917,62.266666666666666,62.266666666666666
4918,62.266666666666666,62.266666666666666
4919,62.266666666666666,62.266666666666666
4920,62.266666666666666,62.266666666666666
4921,62.266666666666666,62.266666666666666
4922,62.266666666666666,62.266666666666666
4923,62.266666666666666,62.266666666666666
4924,62.266666666666666,62.266666666666666
4925,62.266666666666666,62.266666666666666
4926,62.266666666666666,62.266666666666666
4927,62.266666666666666,62.266666666666666
4928,62.266666666666666,62.266666666666666
4929,62.266666666666666,62.266666666666666
4930,62.266666666666666,62.266666666666666
4931,62.266666666666666,62.266666666666666
4932,62.266666666666666,62.266666666666666
4933,62.266666666666666,62.266666666666666
4934,62.266666666666666,62.266666666666666
4935,62.266666666666666,62.266666666666666
4936,62.266666666666666,62.266666666666666
4937,62.266666666666666,62.266666666666666
4938,62.266666666666666,62.266666666666666
4939,62.266666666666666,62.266666666666666
4940,62.266666666666666,62.266666666666666
4941,62.266666666666666,62.266666666666666
4942,62.266666666666666,62.266666666666666
4943,62.266666666666666,62.266666666666666
4944,62.266666666666666,62.266666666666666
4945,62.266666666666666,62.266666666666666
4946,62.266666666666666,62.266666666666666
4947,62.266666666666666,62.266666666666666
4948,62.266666666666666,62.266666666666666
4949,62.266666666666666,62.266666666666666
4950,62.266666666666666,62.266666666666666
4951,62.266666666666666,62.266666666666666
4952,62.266666666666666,62.266666666666666
4953,62.266666666666666,62.266666666666666
4954,62.266666666666666,62.266666666666666
4955,62.266666666666666,62.266666666666666
4956,62.266666666666666,62.266666666666666
4957,62.266666666666666,62.266666666666666
4958,62.266666666666666,62.266666666666666
4959,62.266666666666666,62.266666666666666
4960,62.266666666666666,62.266666666666666
4961,62.266666666666666,62.266666666666666
4962,62.266666666666666,62.266666666666666
4963,62.266666666666666,62.266666666666666
4964,62.266666666666666,62.266666666666666
4965,62.266666666666666,62.266666666666666
4966,62.266666666666666,62.266666666666666
4967,62.266666666666666,62.266666666666666
4968,62.266666666666666,62.266666666666666
4969,62.266666666666666,62.266666666666666
4970,62.266666666666666,62.266666666666666
4971,62.266666666666666,62.266666666666666
4972,62.266666666666666,62.266666666666666
4973,62.266666666666666,62.266666666666666
4974,62.266666666666666,62.266666666666666
4975,62.266666666666666,62.266666666666666
4976,62.266666666666666,62.266666666666666
4977,62.266666666666666,62.266666666666666
4978,62.266666666666666,62.266666666666666
4979,62.266666666666666,62.266666666666666
4980,62.266666666666666,62.266666666666666
4981,62.266666666666666,62.266666666666666
4982,62.266666666666666,62.266666666666666
4983,62.266666666666666,62.266666666666666
4984,62.266666666666666,62.266666666666666
4985,62.266666666666666,62.266666666666666
4986,62.266666666666666,62.266666666666666
4987,62.266666666666666,62.266666666666666
4988,62.266666666666666,62.266666666666666
4989,62.266666666666666,62.266666666666666
4990,62.266666666666666,62.266666666666666
4991,62.266666666666666,62.266666666666666
4992,62.266666666666666,62.266666666666666
4993,62.266666666666666,62.266666666666666
4994,62.266666666666666,62.266666666666666
4995,62.266666666666666,62.266666666666666
4996,62.266666666666666,62.266666666666666
4997,62.266666666666666,62.266666666666666
4998,62.266666666666666,62.266666666666666
4999,62.266666666666666,62.266666666666666
