,hsa_js,add_js
0,3.1,0.0
1,3.1,0.0
2,3.1,0.0
3,3.1,0.0
4,3.1,0.0
5,3.1,0.0
6,3.1,0.0
7,3.1,0.0
8,3.1,0.0
9,3.1,0.0
10,3.1,0.0
11,3.1,0.0
12,3.1,0.0
13,3.1,0.0
14,3.1,0.0
15,3.1,0.0
16,3.1,0.0
17,3.1,0.0
18,3.1,0.0
19,3.1,0.0
20,3.1,0.0
21,3.1,0.0
22,3.1,0.0
23,3.1,0.0
24,3.1,0.0
25,3.1,0.0
26,3.1,0.0
27,3.1,0.0
28,3.1,0.0
29,3.1,0.0
30,3.1,0.0
31,3.1,0.0
32,3.1,0.0
33,3.1,0.0
34,3.1,0.0
35,3.1,0.0
36,3.1,0.0
37,3.1,0.0
38,3.1,0.0
39,3.1,0.0
40,3.1,0.0
41,3.1,0.0
42,3.1,0.0
43,3.1,0.0
44,3.1,0.0
45,3.1,0.0
46,3.1,0.0
47,3.1,0.0
48,3.1,0.0
49,3.1,0.0
50,3.1,0.0
51,3.1,0.0
52,3.1,0.0
53,3.1,0.0
54,3.1,0.0
55,3.1,0.0
56,3.1,0.0
57,3.1,0.0
58,3.1,0.0
59,3.1,0.0
60,3.1,0.0
61,3.1,0.0
62,3.1,0.0
63,3.1,0.0
64,3.1,0.0
65,3.1,0.0
66,3.1,0.0
67,3.1,0.0
68,3.1,0.0
69,3.1,0.0
70,3.1,0.0
71,3.1,0.0
72,3.1,0.0
73,3.1,0.0
74,3.1,0.0
75,3.1,0.0
76,3.1,0.0
77,3.1,0.0
78,3.1,0.0
79,3.1,0.0
80,3.1,0.0
81,3.1,0.0
82,3.1,0.0
83,3.1,0.0
84,3.1,0.0
85,3.1,0.0
86,3.1,0.0
87,3.1,0.0
88,3.1,0.0
89,3.1,0.0
90,3.1,0.0
91,3.1,0.0
92,3.1,0.0
93,3.1,0.0
94,3.1,0.0
95,3.1,0.0
96,3.1,0.0
97,3.1,0.0
98,3.1,0.0
99,3.1,0.0
100,3.1,0.0
101,3.1,0.0
102,3.1,0.0
103,3.1,0.0
104,3.1,0.0
105,3.1,0.0
106,3.1,0.0
107,3.1,0.0
108,3.1,0.0
109,3.1,0.0
110,3.1,0.0
111,3.1,0.0
112,3.1,0.0
113,3.1,0.0
114,3.1,0.0
115,3.1,0.0
116,3.1,0.0
117,3.1,0.0
118,3.1,0.0
119,3.1,0.0
120,3.1,0.0
121,3.1,0.0
122,3.1,0.0
123,3.1,0.0
124,3.1,0.0
125,3.2,0.0
126,3.2,0.0
127,3.2,0.0
128,3.5,0.0
129,3.6,0.0
130,3.6,0.0
131,3.6,0.0
132,3.6,0.0
133,3.6,0.0
134,3.6,0.0
135,3.6,0.0
136,3.6,0.0
137,3.6,0.0
138,3.6,0.0
139,3.6,0.0
140,3.6,0.0
141,3.6,0.0
142,3.6,0.0
143,3.6,0.0
144,3.6,0.0
145,3.6,0.0
146,3.6,0.0
147,3.6,0.0
148,3.6,0.0
149,3.6,0.0
150,3.6,0.0
151,3.6,0.0
152,3.6,0.0
153,3.6,0.0
154,3.6,0.0
155,3.6,0.0
156,3.6,0.0
157,3.6,0.0
158,3.6,0.0
159,3.6,0.0
160,3.6,0.0
161,3.6,0.0
162,3.6,0.0
163,3.6,0.0
164,3.6,0.0
165,3.6,0.0
166,3.6,0.0
167,3.6,0.0
168,3.6,0.0
169,3.6,0.0
170,3.6,0.0
171,3.6,0.0
172,3.6,0.0
173,3.6,0.0
174,3.6,0.0
175,3.6,0.0
176,3.6,0.0
177,3.6,0.0
178,3.6,0.0
179,3.6,0.0
180,3.6,0.0
181,3.6,0.0
182,3.6,0.0
183,3.6,0.0
184,3.6,0.0
185,3.6,0.0
186,3.6,0.0
187,3.6,0.0
188,3.6,0.0
189,3.6,0.0
190,3.6,0.0
191,3.6,0.0
192,3.6,0.0
193,3.6,0.0
194,3.6,0.0
195,3.6,0.0
196,3.6,0.0
197,3.6,0.0
198,3.6,0.0
199,3.6,0.0
200,3.6,0.0
201,3.6,0.0
202,3.6,0.0
203,3.6,0.0
204,3.6,0.0
205,3.6,0.0
206,3.6,0.0
207,3.6,0.0
208,3.6,0.0
209,3.6,0.0
210,3.6,0.0
211,3.6,0.0
212,3.6,0.0
213,3.6,0.0
214,3.6,0.0
215,3.6,0.0
216,3.6,0.0
217,3.6,0.0
218,3.6,0.0
219,3.6,0.0
220,3.6,0.0
221,3.6,0.0
222,3.6,0.0
223,3.6,0.0
224,3.6,0.0
225,3.6,0.0
226,3.6,0.0
227,3.6,0.0
228,3.6,0.0
229,3.6,0.0
230,3.6,0.0
231,3.6,0.0
232,3.6,0.0
233,3.6,0.0
234,3.6,0.0
235,3.6,0.0
236,3.6,0.0
237,3.6,0.0
238,3.6,0.0
239,3.6,0.0
240,3.6,0.0
241,3.6,0.0
242,3.6,0.0
243,3.6,0.0
244,3.6,0.0
245,3.6,0.0
246,3.6,0.0
247,3.6,0.0
248,3.6,0.0
249,3.6,0.0
250,3.6,0.0
251,3.6,0.0
252,3.6,0.0
253,3.6,0.0
254,3.6,0.0
255,3.6,0.0
256,3.6,0.0
257,3.6,0.0
258,3.6,0.0
259,3.6,0.0
260,3.6,0.0
261,3.6,0.0
262,3.6,0.0
263,3.6,0.0
264,3.6,0.0
265,3.6,0.0
266,3.6,0.0
267,3.6,0.0
268,3.6,0.0
269,3.6,0.0
270,3.6,0.0
271,3.6,0.0
272,3.6,0.0
273,3.6,0.0
274,3.6,0.0
275,3.6,0.0
276,3.6,0.0
277,3.6,0.0
278,3.6,0.0
279,3.8000000000000003,0.0
280,3.9000000000000004,0.0
281,3.9000000000000004,0.0
282,3.9000000000000004,0.0
283,4.3,0.0
284,4.3,0.0
285,4.3,0.0
286,4.3,0.0
287,4.3,0.0
288,4.3,0.0
289,4.3,0.0
290,4.3,0.0
291,4.3,0.0
292,4.3,0.0
293,4.3,0.0
294,4.3,0.0
295,4.3,0.0
296,4.3,0.0
297,4.3,0.0
298,4.3,0.0
299,4.3,0.0
300,4.3,0.0
301,4.3,0.0
302,4.3,0.0
303,4.3,0.0
304,4.3,0.0
305,4.3,0.0
306,4.3,0.0
307,4.3,0.0
308,4.3,0.0
309,4.3,0.0
310,4.3,0.0
311,4.3,0.0
312,4.3,0.0
313,4.3,0.0
314,4.3,0.0
315,4.3,0.0
316,4.3,0.0
317,4.3,0.0
318,4.3,0.0
319,4.3,0.0
320,4.3,0.0
321,4.3,0.0
322,4.3,0.0
323,4.3,0.0
324,4.3,0.0
325,4.3,0.0
326,4.3,0.0
327,4.3,0.0
328,4.3,0.0
329,4.3,0.0
330,4.3,0.0
331,4.3,0.0
332,4.3,0.0
333,4.3,0.0
334,4.3,0.0
335,4.3,0.0
336,4.3,0.0
337,4.3,0.0
338,4.3,0.0
339,4.3,0.0
340,4.3,0.0
341,4.3,0.0
342,4.3,0.0
343,4.3,0.0
344,4.3,0.0
345,4.3,0.0
346,4.3,0.0
347,4.3,0.0
348,4.3,0.0
349,4.3,0.0
350,4.3,0.0
351,4.3,0.0
352,4.3,0.0
353,4.3,0.0
354,4.3,0.0
355,4.3,0.0
356,4.3,0.0
357,4.3,0.0
358,4.3,0.0
359,4.3,0.0
360,4.3,0.0
361,4.3,0.0
362,4.3,0.0
363,4.3,0.0
364,4.3,0.0
365,4.3,0.0
366,4.3,0.0
367,4.3,0.0
368,4.3,0.0
369,4.3,0.0
370,4.3,0.0
371,4.3,0.0
372,4.3,0.0
373,4.5,0.0
374,4.5,0.0
375,4.5,0.0
376,4.5,0.0
377,4.5,0.0
378,4.5,0.0
379,4.5,0.0
380,4.5,0.0
381,4.5,0.0
382,4.5,0.0
383,4.5,0.0
384,4.5,0.0
385,4.5,0.0
386,4.5,0.0
387,4.5,0.0
388,4.5,0.0
389,4.5,0.0
390,4.5,0.0
391,4.5,0.0
392,4.5,0.0
393,4.5,0.0
394,4.5,0.0
395,4.5,0.0
396,4.5,0.0
397,4.5,0.0
398,4.5,0.0
399,4.5,0.0
400,4.5,0.0
401,4.5,0.0
402,4.5,0.0
403,4.5,0.0
404,4.5,0.0
405,4.5,0.0
406,4.5,0.0
407,4.5,0.0
408,4.5,0.0
409,4.5,0.0
410,4.5,0.0
411,4.5,0.0
412,4.5,0.0
413,4.5,0.0
414,4.5,0.0
415,4.5,0.0
416,4.5,0.0
417,4.5,0.0
418,4.5,0.0
419,4.5,0.0
420,4.5,0.0
421,4.5,0.0
422,4.5,0.0
423,4.5,0.0
424,4.5,0.0
425,4.5,0.0
426,4.5,0.0
427,4.5,0.0
428,4.5,0.0
429,4.5,0.0
430,4.5,0.0
431,4.5,0.0
432,4.5,0.0
433,4.5,0.0
434,4.5,0.0
435,4.5,0.0
436,4.5,0.0
437,4.5,0.0
438,4.5,0.0
439,4.5,0.0
440,4.5,0.0
441,4.5,0.0
442,4.5,0.0
443,4.5,0.0
444,4.5,0.0
445,4.5,0.0
446,4.5,0.0
447,4.5,0.0
448,4.5,0.0
449,4.5,0.0
450,4.5,0.0
451,4.5,0.0
452,4.5,0.0
453,4.5,0.0
454,4.5,0.0
455,4.5,0.0
456,4.5,0.0
457,4.5,0.0
458,4.5,0.0
459,4.5,0.0
460,4.5,0.0
461,4.5,0.0
462,4.5,0.0
463,4.5,0.0
464,4.5,0.0
465,4.5,0.0
466,4.5,0.0
467,4.5,0.0
468,4.5,0.0
469,4.5,0.0
470,4.5,0.0
471,4.5,0.0
472,4.5,0.0
473,4.5,0.0
474,4.5,0.0
475,4.5,0.0
476,4.5,0.0
477,4.5,0.0
478,4.5,0.0
479,4.5,0.0
480,4.5,0.0
481,4.5,0.0
482,4.5,0.0
483,4.5,0.0
484,5.0,0.0
485,5.0,0.0
486,5.0,0.0
487,5.0,0.0
488,5.0,0.0
489,5.0,0.0
490,5.0,0.0
491,5.0,0.0
492,5.0,0.0
493,5.0,0.0
494,5.0,0.0
495,5.0,0.0
496,5.0,0.0
497,5.0,0.0
498,5.0,0.0
499,5.0,0.0
500,5.0,0.0
501,5.0,0.0
502,5.0,0.0
503,5.0,0.0
504,5.0,0.0
505,5.4,0.0
506,5.4,0.0
507,5.4,0.0
508,5.4,0.0
509,5.4,0.0
510,5.4,0.0
511,5.4,0.0
512,5.4,0.0
513,5.4,0.0
514,5.4,0.0
515,5.7,0.0
516,5.7,0.0
517,5.7,0.0
518,5.7,0.0
519,5.7,0.0
520,5.7,0.0
521,5.7,0.0
522,5.7,0.0
523,5.7,0.0
524,5.7,0.0
525,5.7,0.0
526,5.7,0.0
527,5.7,0.0
528,5.7,0.0
529,5.7,0.0
530,5.7,0.0
531,5.7,0.0
532,5.7,0.0
533,5.7,0.0
534,5.7,0.0
535,5.7,0.0
536,5.7,0.0
537,5.7,0.0
538,5.7,0.0
539,5.7,0.0
540,5.7,0.0
541,5.7,0.0
542,5.7,0.0
543,5.7,0.0
544,5.7,0.0
545,5.7,0.0
546,5.7,0.0
547,5.7,0.0
548,5.7,0.0
549,5.7,0.0
550,5.7,0.0
551,5.7,0.0
552,5.7,0.0
553,5.7,0.0
554,5.7,0.0
555,5.7,0.0
556,5.7,0.0
557,5.7,0.0
558,5.7,0.0
559,5.7,0.0
560,5.7,0.0
561,5.7,0.0
562,5.7,0.0
563,5.7,0.0
564,5.7,0.0
565,5.7,0.0
566,5.7,0.0
567,5.7,0.0
568,5.7,0.0
569,5.7,0.0
570,5.7,0.0
571,5.7,0.0
572,5.7,0.0
573,5.7,0.0
574,5.7,0.0
575,5.7,0.0
576,5.7,0.0
577,5.7,0.0
578,5.7,0.0
579,5.7,0.0
580,5.7,0.0
581,5.7,0.0
582,5.7,0.0
583,5.7,0.0
584,5.7,0.0
585,5.7,0.0
586,5.7,0.0
587,5.7,0.0
588,5.7,0.0
589,5.7,0.0
590,5.7,0.0
591,5.7,0.0
592,5.7,0.0
593,5.7,0.0
594,5.7,0.0
595,5.7,0.0
596,5.7,0.0
597,5.7,0.0
598,5.7,0.0
599,5.7,0.0
600,5.7,0.0
601,5.7,0.0
602,5.7,0.0
603,5.7,0.0
604,5.7,0.0
605,5.7,0.0
606,5.7,0.0
607,5.7,0.0
608,5.7,0.0
609,5.7,0.0
610,5.7,0.0
611,5.7,0.0
612,5.7,0.0
613,5.7,0.0
614,5.7,0.0
615,5.7,0.0
616,5.7,0.0
617,5.7,0.0
618,5.7,0.0
619,5.7,0.0
620,5.7,0.0
621,5.7,0.0
622,5.7,0.0
623,5.7,0.0
624,5.7,0.0
625,5.7,0.0
626,5.7,0.0
627,5.7,0.0
628,5.7,0.0
629,5.7,0.0
630,5.7,0.0
631,5.7,0.0
632,5.7,0.0
633,5.7,0.0
634,5.9,0.0
635,5.9,0.0
636,5.9,0.0
637,5.9,0.0
638,5.9,0.0
639,5.9,0.0
640,5.9,0.0
641,5.9,0.0
642,5.9,0.0
643,5.9,0.0
644,5.9,0.0
645,5.9,0.0
646,5.9,0.0
647,5.9,0.0
648,6.1000000000000005,0.0
649,6.1000000000000005,0.0
650,6.1000000000000005,0.0
651,6.1000000000000005,0.0
652,6.1000000000000005,0.0
653,6.1000000000000005,0.0
654,6.1000000000000005,0.0
655,6.1000000000000005,0.0
656,6.1000000000000005,0.0
657,6.4,0.0
658,6.4,0.0
659,6.4,0.0
660,6.4,0.0
661,6.4,0.0
662,6.4,0.0
663,6.4,0.0
664,6.4,0.0
665,6.4,0.0
666,6.4,0.0
667,6.4,0.0
668,6.4,0.0
669,6.4,0.0
670,6.4,0.0
671,6.4,0.0
672,6.4,0.0
673,6.4,0.0
674,6.4,0.0
675,6.7,0.0
676,6.7,0.0
677,6.7,0.0
678,6.7,0.0
679,6.7,0.0
680,6.7,0.0
681,6.7,0.0
682,6.7,0.0
683,6.7,0.0
684,6.7,0.0
685,6.7,0.0
686,6.7,0.0
687,6.7,0.0
688,7.300000000000001,0.0
689,7.300000000000001,0.0
690,7.300000000000001,0.0
691,7.300000000000001,0.0
692,7.300000000000001,0.0
693,7.300000000000001,0.0
694,7.300000000000001,0.0
695,7.300000000000001,0.0
696,7.6000000000000005,0.0
697,7.6000000000000005,0.0
698,7.6000000000000005,0.0
699,7.6000000000000005,0.0
700,7.6000000000000005,0.0
701,7.6000000000000005,0.0
702,7.6000000000000005,0.0
703,7.6000000000000005,0.0
704,7.6000000000000005,0.0
705,7.6000000000000005,0.0
706,7.6000000000000005,0.0
707,7.800000000000001,0.0
708,7.800000000000001,0.0
709,7.800000000000001,0.0
710,7.800000000000001,0.0
711,7.800000000000001,0.0
712,7.800000000000001,0.0
713,7.800000000000001,0.0
714,7.800000000000001,0.0
715,7.800000000000001,0.0
716,7.800000000000001,0.0
717,7.800000000000001,0.0
718,7.800000000000001,0.0
719,7.800000000000001,0.0
720,7.800000000000001,0.0
721,7.800000000000001,0.0
722,7.800000000000001,0.0
723,7.800000000000001,0.0
724,7.800000000000001,0.0
725,7.800000000000001,0.0
726,7.800000000000001,0.0
727,7.800000000000001,0.0
728,7.800000000000001,0.0
729,7.800000000000001,0.0
730,7.800000000000001,0.0
731,7.800000000000001,0.0
732,7.800000000000001,0.0
733,7.800000000000001,0.0
734,7.800000000000001,0.0
735,7.800000000000001,0.0
736,7.800000000000001,0.0
737,7.800000000000001,0.0
738,7.800000000000001,0.0
739,7.800000000000001,0.0
740,7.800000000000001,0.0
741,7.800000000000001,0.0
742,7.800000000000001,0.0
743,7.800000000000001,0.0
744,7.800000000000001,0.0
745,7.800000000000001,0.0
746,7.800000000000001,0.0
747,7.800000000000001,0.0
748,7.800000000000001,0.0
749,7.800000000000001,0.0
750,7.800000000000001,0.0
751,7.800000000000001,0.0
752,7.800000000000001,0.0
753,7.800000000000001,0.0
754,7.800000000000001,0.0
755,7.800000000000001,0.0
756,7.800000000000001,0.0
757,7.800000000000001,0.0
758,7.800000000000001,0.0
759,7.800000000000001,0.0
760,7.800000000000001,0.0
761,7.800000000000001,0.0
762,7.800000000000001,0.0
763,7.800000000000001,0.0
764,7.800000000000001,0.0
765,7.800000000000001,0.0
766,7.800000000000001,0.0
767,7.800000000000001,0.0
768,7.800000000000001,0.0
769,7.800000000000001,0.0
770,7.800000000000001,0.0
771,7.800000000000001,0.0
772,7.800000000000001,0.0
773,7.800000000000001,0.0
774,7.800000000000001,0.0
775,7.800000000000001,0.0
776,7.800000000000001,0.0
777,7.800000000000001,0.0
778,7.800000000000001,0.0
779,7.800000000000001,0.0
780,7.800000000000001,0.0
781,7.800000000000001,0.0
782,7.800000000000001,0.0
783,7.800000000000001,0.0
784,7.800000000000001,0.0
785,7.800000000000001,0.0
786,7.800000000000001,0.0
787,7.800000000000001,0.0
788,7.800000000000001,0.0
789,7.800000000000001,0.0
790,7.800000000000001,0.0
791,7.800000000000001,0.0
792,7.800000000000001,0.0
793,7.800000000000001,0.0
794,7.800000000000001,0.0
795,7.800000000000001,0.0
796,7.800000000000001,0.0
797,7.800000000000001,0.0
798,7.800000000000001,0.0
799,7.800000000000001,0.0
800,7.800000000000001,0.0
801,7.800000000000001,0.0
802,7.800000000000001,0.0
803,8.1,0.0
804,8.1,0.0
805,8.1,0.0
806,8.1,0.0
807,8.1,0.0
808,8.1,0.0
809,8.1,0.0
810,8.1,0.0
811,8.1,0.0
812,8.1,0.0
813,8.1,0.0
814,8.1,0.0
815,8.1,0.0
816,8.5,0.0
817,8.5,0.0
818,8.5,0.0
819,8.5,0.0
820,8.5,0.0
821,8.5,0.0
822,8.5,0.0
823,8.5,0.0
824,8.5,0.0
825,8.5,0.0
826,8.5,0.0
827,8.5,0.0
828,8.5,0.0
829,8.8,0.0
830,8.8,0.0
831,8.8,0.0
832,8.8,0.0
833,8.8,0.0
834,8.8,0.0
835,8.8,0.0
836,8.8,0.0
837,8.8,0.0
838,8.8,0.0
839,8.8,0.0
840,8.9,0.0
841,8.9,0.0
842,8.9,0.0
843,8.9,0.0
844,8.9,0.0
845,8.9,0.0
846,8.9,0.0
847,9.200000000000001,0.0
848,9.200000000000001,0.0
849,9.200000000000001,0.0
850,9.200000000000001,0.0
851,9.200000000000001,0.0
852,9.200000000000001,0.0
853,9.5,0.0
854,9.5,0.0
855,9.5,0.0
856,9.5,0.0
857,9.5,0.0
858,9.700000000000001,0.0
859,9.700000000000001,0.0
860,9.700000000000001,0.0
861,9.700000000000001,0.0
862,9.700000000000001,0.0
863,9.700000000000001,0.0
864,9.700000000000001,0.0
865,9.9,0.0
866,9.9,0.0
867,9.9,0.0
868,9.9,0.0
869,9.9,0.0
870,9.9,0.0
871,9.9,0.0
872,9.9,0.0
873,9.9,0.0
874,9.9,0.0
875,9.9,0.0
876,9.9,0.0
877,9.9,0.0
878,9.9,0.0
879,9.9,0.0
880,9.9,0.0
881,9.9,0.0
882,9.9,0.0
883,9.9,0.0
884,9.9,0.0
885,9.9,0.0
886,9.9,0.0
887,9.9,0.0
888,9.9,0.0
889,9.9,0.0
890,9.9,0.0
891,9.9,0.0
892,9.9,0.0
893,9.9,0.0
894,9.9,0.0
895,9.9,0.0
896,9.9,0.0
897,9.9,0.0
898,9.9,0.0
899,9.9,0.0
900,9.9,0.0
901,9.9,0.0
902,9.9,0.0
903,9.9,0.0
904,9.9,0.0
905,9.9,0.0
906,9.9,0.0
907,9.9,0.0
908,9.9,0.0
909,9.9,0.0
910,9.9,0.0
911,9.9,0.0
912,9.9,0.0
913,9.9,0.0
914,9.9,0.0
915,9.9,0.0
916,9.9,0.0
917,9.9,0.0
918,9.9,0.0
919,9.9,0.0
920,9.9,0.0
921,9.9,0.0
922,9.9,0.0
923,9.9,0.0
924,9.9,0.0
925,9.9,0.0
926,9.9,0.0
927,9.9,0.0
928,9.9,0.0
929,9.9,0.0
930,9.9,0.0
931,9.9,0.0
932,9.9,0.0
933,9.9,0.0
934,9.9,0.0
935,9.9,0.0
936,9.9,0.0
937,9.9,0.0
938,9.9,0.0
939,9.9,0.0
940,9.9,0.0
941,9.9,0.0
942,9.9,0.0
943,9.9,0.0
944,9.9,0.0
945,9.9,0.0
946,9.9,0.0
947,9.9,0.0
948,9.9,0.0
949,9.9,0.0
950,9.9,0.0
951,9.9,0.0
952,9.9,0.0
953,9.9,0.0
954,9.9,0.0
955,9.9,0.0
956,9.9,0.0
957,9.9,0.0
958,9.9,0.0
959,9.9,0.0
960,9.9,0.0
961,9.9,0.0
962,9.9,0.0
963,9.9,0.0
964,9.9,0.0
965,9.9,0.0
966,9.9,0.0
967,9.9,0.0
968,9.9,0.0
969,9.9,0.0
970,9.9,0.0
971,9.9,0.0
972,9.9,0.0
973,9.9,0.0
974,9.9,0.0
975,9.9,0.0
976,9.9,0.0
977,9.9,0.0
978,9.9,0.0
979,9.9,0.0
980,9.9,0.0
981,9.9,0.0
982,9.9,0.0
983,9.9,0.0
984,9.9,0.0
985,9.9,0.0
986,9.9,0.0
987,9.9,0.0
988,9.9,0.0
989,9.9,0.0
990,9.9,0.0
991,9.9,0.0
992,9.9,0.0
993,9.9,0.0
994,9.9,0.0
995,9.9,0.0
996,9.9,0.0
997,9.9,0.0
998,9.9,0.0
999,9.9,0.0
1000,9.9,0.0
1001,9.9,0.0
1002,9.9,0.0
1003,10.100000000000001,0.0
1004,10.100000000000001,0.0
1005,10.100000000000001,0.0
1006,10.100000000000001,0.0
1007,10.3,0.0
1008,10.3,0.0
1009,10.3,0.0
1010,10.3,0.0
1011,10.3,0.0
1012,10.3,0.0
1013,10.3,0.0
1014,10.3,0.0
1015,10.3,0.0
1016,10.3,0.0
1017,10.600000000000001,0.0
1018,10.600000000000001,0.0
1019,10.600000000000001,0.0
1020,10.600000000000001,0.0
1021,10.600000000000001,0.0
1022,10.600000000000001,0.0
1023,10.600000000000001,0.0
1024,10.600000000000001,0.0
1025,10.600000000000001,0.0
1026,10.600000000000001,0.0
1027,10.600000000000001,0.0
1028,10.600000000000001,0.0
1029,10.600000000000001,0.0
1030,10.600000000000001,0.0
1031,10.600000000000001,0.0
1032,10.600000000000001,0.0
1033,10.600000000000001,0.0
1034,10.600000000000001,0.0
1035,10.600000000000001,0.0
1036,10.600000000000001,0.0
1037,10.600000000000001,0.0
1038,10.600000000000001,0.0
1039,10.600000000000001,0.0
1040,10.600000000000001,0.0
1041,10.600000000000001,0.0
1042,10.600000000000001,0.0
1043,10.600000000000001,0.0
1044,10.600000000000001,0.0
1045,10.600000000000001,0.0
1046,10.600000000000001,0.0
1047,10.600000000000001,0.0
1048,10.600000000000001,0.0
1049,10.600000000000001,0.0
1050,10.600000000000001,0.0
1051,10.600000000000001,0.0
1052,10.600000000000001,0.0
1053,10.600000000000001,0.0
1054,10.600000000000001,0.0
1055,10.600000000000001,0.0
1056,10.600000000000001,0.0
1057,10.600000000000001,0.0
1058,10.600000000000001,0.0
1059,10.600000000000001,0.0
1060,10.600000000000001,0.0
1061,10.600000000000001,0.0
1062,10.600000000000001,0.0
1063,10.600000000000001,0.0
1064,10.600000000000001,0.0
1065,10.600000000000001,0.0
1066,10.600000000000001,0.0
1067,10.600000000000001,0.0
1068,10.600000000000001,0.0
1069,10.600000000000001,0.0
1070,10.600000000000001,0.0
1071,10.600000000000001,0.0
1072,10.600000000000001,0.0
1073,10.600000000000001,0.0
1074,10.600000000000001,0.0
1075,10.600000000000001,0.0
1076,10.600000000000001,0.0
1077,10.600000000000001,0.0
1078,10.600000000000001,0.0
1079,10.600000000000001,0.0
1080,10.600000000000001,0.0
1081,10.600000000000001,0.0
1082,10.600000000000001,0.0
1083,10.600000000000001,0.0
1084,10.600000000000001,0.0
1085,10.600000000000001,0.0
1086,10.600000000000001,0.0
1087,10.600000000000001,0.0
1088,10.600000000000001,0.0
1089,10.600000000000001,0.0
1090,10.600000000000001,0.0
1091,10.600000000000001,0.0
1092,10.600000000000001,0.0
1093,10.600000000000001,0.0
1094,10.600000000000001,0.0
1095,10.600000000000001,0.0
1096,10.600000000000001,0.0
1097,10.600000000000001,0.0
1098,10.600000000000001,0.0
1099,10.600000000000001,0.0
1100,10.600000000000001,0.0
1101,10.600000000000001,0.0
1102,10.600000000000001,0.0
1103,10.600000000000001,0.0
1104,10.600000000000001,0.0
1105,10.600000000000001,0.0
1106,10.600000000000001,0.0
1107,10.600000000000001,0.0
1108,10.600000000000001,0.0
1109,10.600000000000001,0.0
1110,10.600000000000001,0.0
1111,10.600000000000001,0.0
1112,10.600000000000001,0.0
1113,10.600000000000001,0.0
1114,10.600000000000001,0.0
1115,10.600000000000001,0.0
1116,10.600000000000001,0.0
1117,10.600000000000001,0.0
1118,10.600000000000001,0.0
1119,10.600000000000001,0.0
1120,10.600000000000001,0.0
1121,10.600000000000001,0.0
1122,10.600000000000001,0.0
1123,10.600000000000001,0.0
1124,10.600000000000001,0.0
1125,10.600000000000001,0.0
1126,10.600000000000001,0.0
1127,10.600000000000001,0.0
1128,10.600000000000001,0.0
1129,10.600000000000001,0.0
1130,10.600000000000001,0.0
1131,10.600000000000001,0.0
1132,11.0,0.0
1133,11.0,0.0
1134,11.0,0.0
1135,11.0,0.0
1136,11.0,0.0
1137,11.0,0.0
1138,11.0,0.0
1139,11.0,0.0
1140,11.0,0.0
1141,11.0,0.0
1142,11.0,0.0
1143,11.0,0.0
1144,11.0,0.0
1145,11.0,0.0
1146,11.0,0.0
1147,11.0,0.0
1148,11.0,0.0
1149,11.0,0.0
1150,11.0,0.0
1151,11.0,0.0
1152,11.0,0.0
1153,11.0,0.0
1154,11.100000000000001,0.0
1155,11.100000000000001,0.0
1156,11.100000000000001,0.0
1157,11.100000000000001,0.0
1158,11.100000000000001,0.0
1159,11.100000000000001,0.0
1160,11.100000000000001,0.0
1161,11.100000000000001,0.0
1162,11.100000000000001,0.0
1163,11.100000000000001,0.0
1164,11.100000000000001,0.0
1165,11.100000000000001,0.0
1166,11.100000000000001,0.0
1167,11.100000000000001,0.0
1168,11.100000000000001,0.0
1169,11.100000000000001,0.0
1170,11.100000000000001,0.0
1171,11.100000000000001,0.0
1172,11.100000000000001,0.0
1173,11.100000000000001,0.0
1174,11.100000000000001,0.0
1175,11.100000000000001,0.0
1176,11.100000000000001,0.0
1177,12.0,0.0
1178,12.0,0.0
1179,12.0,0.0
1180,12.0,0.0
1181,12.0,0.0
1182,12.0,0.0
1183,12.0,0.0
1184,12.0,0.0
1185,12.0,0.0
1186,12.0,0.0
1187,12.0,0.0
1188,12.0,0.0
1189,12.0,0.0
1190,12.0,0.0
1191,12.0,0.0
1192,12.0,0.0
1193,12.0,0.0
1194,12.0,0.0
1195,12.0,0.0
1196,12.0,0.0
1197,12.0,0.0
1198,12.0,0.0
1199,12.0,0.0
1200,12.0,0.0
1201,12.0,0.0
1202,12.0,0.0
1203,12.0,0.0
1204,12.0,0.0
1205,12.0,0.0
1206,12.0,0.0
1207,12.0,0.0
1208,12.0,0.0
1209,12.0,0.0
1210,12.0,0.0
1211,12.0,0.0
1212,12.0,0.0
1213,12.0,0.0
1214,12.0,0.0
1215,12.0,0.0
1216,12.0,0.0
1217,12.0,0.0
1218,12.0,0.0
1219,12.0,0.0
1220,12.0,0.0
1221,12.0,0.0
1222,12.0,0.0
1223,12.0,0.0
1224,12.0,0.0
1225,12.0,0.0
1226,12.0,0.0
1227,12.0,0.0
1228,12.0,0.0
1229,12.0,0.0
1230,12.0,0.0
1231,12.0,0.0
1232,12.0,0.0
1233,12.0,0.0
1234,12.0,0.0
1235,12.0,0.0
1236,12.0,0.0
1237,12.0,0.0
1238,12.0,0.0
1239,12.0,0.0
1240,12.0,0.0
1241,12.0,0.0
1242,12.0,0.0
1243,12.0,0.0
1244,12.0,0.0
1245,12.0,0.0
1246,12.0,0.0
1247,12.0,0.0
1248,12.0,0.0
1249,12.0,0.0
1250,12.0,0.0
1251,12.0,0.0
1252,12.0,0.0
1253,12.0,0.0
1254,12.0,0.0
1255,12.0,0.0
1256,12.0,0.0
1257,12.0,0.0
1258,12.0,0.0
1259,12.0,0.0
1260,12.0,0.0
1261,12.0,0.0
1262,12.0,0.0
1263,12.0,0.0
1264,12.0,0.0
1265,12.0,0.0
1266,12.0,0.0
1267,12.0,0.0
1268,12.0,0.0
1269,12.0,0.0
1270,12.0,0.0
1271,12.0,0.0
1272,12.0,0.0
1273,12.0,0.0
1274,12.0,0.0
1275,12.0,0.0
1276,12.0,0.0
1277,12.0,0.0
1278,12.0,0.0
1279,12.0,0.0
1280,12.0,0.0
1281,12.0,0.0
1282,12.0,0.0
1283,12.0,0.0
1284,12.0,0.0
1285,12.0,0.0
1286,12.0,0.0
1287,12.0,0.0
1288,12.0,0.0
1289,12.200000000000001,0.0
1290,12.200000000000001,0.0
1291,12.200000000000001,0.0
1292,12.200000000000001,0.0
1293,12.200000000000001,0.0
1294,12.200000000000001,0.0
1295,12.200000000000001,0.0
1296,12.200000000000001,0.0
1297,12.200000000000001,0.0
1298,12.200000000000001,0.0
1299,12.200000000000001,0.0
1300,12.200000000000001,0.0
1301,12.200000000000001,0.0
1302,12.200000000000001,0.0
1303,12.200000000000001,0.0
1304,12.200000000000001,0.0
1305,12.5,0.0
1306,12.5,0.0
1307,12.5,0.0
1308,12.5,0.0
1309,12.5,0.0
1310,12.5,0.0
1311,12.5,0.0
1312,12.5,0.0
1313,12.5,0.0
1314,12.5,0.0
1315,12.5,0.0
1316,12.5,0.0
1317,12.5,0.0
1318,12.5,0.0
1319,12.5,0.0
1320,12.5,0.0
1321,12.5,0.0
1322,12.5,0.0
1323,12.5,0.0
1324,12.5,0.0
1325,12.5,0.0
1326,12.5,0.0
1327,12.5,0.0
1328,12.5,0.0
1329,12.5,0.0
1330,12.5,0.0
1331,12.5,0.0
1332,12.5,0.0
1333,12.5,0.0
1334,12.5,0.0
1335,12.5,0.0
1336,12.5,0.0
1337,12.5,0.0
1338,12.5,0.0
1339,12.5,0.0
1340,12.5,0.0
1341,12.5,0.0
1342,12.5,0.0
1343,12.5,0.0
1344,12.5,0.0
1345,12.5,0.0
1346,12.5,0.0
1347,12.5,0.0
1348,12.5,0.0
1349,12.5,0.0
1350,12.5,0.0
1351,12.5,0.0
1352,12.5,0.0
1353,12.5,0.0
1354,12.5,0.0
1355,12.5,0.0
1356,12.5,0.0
1357,12.5,0.0
1358,12.5,0.0
1359,12.5,0.0
1360,12.5,0.0
1361,12.5,0.0
1362,12.5,0.0
1363,12.5,0.0
1364,12.5,0.0
1365,12.5,0.0
1366,12.5,0.0
1367,12.5,0.0
1368,12.5,0.0
1369,12.5,0.0
1370,12.5,0.0
1371,12.5,0.0
1372,12.5,0.0
1373,12.5,0.0
1374,12.5,0.0
1375,12.5,0.0
1376,12.5,0.0
1377,12.5,0.0
1378,12.5,0.0
1379,12.5,0.0
1380,12.5,0.0
1381,12.5,0.0
1382,12.5,0.0
1383,12.5,0.0
1384,12.5,0.0
1385,12.5,0.0
1386,12.5,0.0
1387,12.700000000000001,0.0
1388,12.700000000000001,0.0
1389,12.700000000000001,0.0
1390,12.700000000000001,0.0
1391,12.700000000000001,0.0
1392,12.700000000000001,0.0
1393,12.700000000000001,0.0
1394,12.700000000000001,0.0
1395,12.700000000000001,0.0
1396,12.700000000000001,0.0
1397,12.700000000000001,0.0
1398,12.700000000000001,0.0
1399,12.700000000000001,0.0
1400,12.700000000000001,0.0
1401,12.700000000000001,0.0
1402,12.700000000000001,0.0
1403,12.700000000000001,0.0
1404,13.4,0.0
1405,13.4,0.0
1406,13.4,0.0
1407,13.4,0.0
1408,13.4,0.0
1409,13.4,0.0
1410,13.4,0.0
1411,13.4,0.0
1412,13.4,0.0
1413,13.4,0.0
1414,13.4,0.0
1415,13.4,0.0
1416,13.4,0.0
1417,13.4,0.0
1418,13.4,0.0
1419,13.4,0.0
1420,13.4,0.0
1421,13.4,0.0
1422,13.4,0.0
1423,13.600000000000001,0.0
1424,13.600000000000001,0.0
1425,13.600000000000001,0.0
1426,13.600000000000001,0.0
1427,13.600000000000001,0.0
1428,13.600000000000001,0.0
1429,13.600000000000001,0.0
1430,13.600000000000001,0.0
1431,13.600000000000001,0.0
1432,13.600000000000001,0.0
1433,13.600000000000001,0.0
1434,13.600000000000001,0.0
1435,13.600000000000001,0.0
1436,13.600000000000001,0.0
1437,13.600000000000001,0.0
1438,13.600000000000001,0.0
1439,13.600000000000001,0.0
1440,13.600000000000001,0.0
1441,13.8,0.0
1442,13.8,0.0
1443,13.8,0.0
1444,13.8,0.0
1445,13.8,0.0
1446,13.8,0.0
1447,13.8,0.0
1448,13.8,0.0
1449,13.8,0.0
1450,13.8,0.0
1451,13.8,0.0
1452,13.8,0.0
1453,13.8,0.0
1454,13.8,0.0
1455,13.8,0.0
1456,13.8,0.0
1457,13.8,0.0
1458,13.8,0.0
1459,13.8,0.0
1460,13.8,0.0
1461,13.8,0.0
1462,13.8,0.0
1463,13.8,0.0
1464,13.8,0.0
1465,13.8,0.0
1466,13.8,0.0
1467,13.8,0.0
1468,13.8,0.0
1469,13.8,0.0
1470,13.8,0.0
1471,14.0,0.0
1472,14.0,0.0
1473,14.0,0.0
1474,14.0,0.0
1475,14.0,0.0
1476,14.0,0.0
1477,14.0,0.0
1478,14.0,0.0
1479,14.0,0.0
1480,14.0,0.0
1481,14.0,0.0
1482,14.0,0.0
1483,14.0,0.0
1484,14.0,0.0
1485,14.0,0.0
1486,14.0,0.0
1487,14.0,0.0
1488,14.0,0.0
1489,14.0,0.0
1490,14.0,0.0
1491,14.0,0.0
1492,14.0,0.0
1493,14.0,0.0
1494,14.0,0.0
1495,14.0,0.0
1496,14.0,0.0
1497,14.0,0.0
1498,14.0,0.0
1499,14.0,0.0
1500,14.0,0.0
1501,14.0,0.0
1502,14.0,0.0
1503,14.0,0.0
1504,14.0,0.0
1505,14.0,0.0
1506,14.0,0.0
1507,14.0,0.0
1508,14.0,0.0
1509,14.0,0.0
1510,14.0,0.0
1511,14.0,0.0
1512,14.0,0.0
1513,14.0,0.0
1514,14.0,0.0
1515,14.0,0.0
1516,14.0,0.0
1517,14.0,0.0
1518,14.0,0.0
1519,14.0,0.0
1520,14.0,0.0
1521,14.0,0.0
1522,14.0,0.0
1523,14.0,0.0
1524,14.0,0.0
1525,14.0,0.0
1526,14.0,0.0
1527,14.0,0.0
1528,14.0,0.0
1529,14.0,0.0
1530,14.0,0.0
1531,14.0,0.0
1532,14.0,0.0
1533,14.0,0.0
1534,14.0,0.0
1535,14.0,0.0
1536,14.0,0.0
1537,14.0,0.0
1538,14.0,0.0
1539,14.0,0.0
1540,14.0,0.0
1541,14.0,0.0
1542,14.0,0.0
1543,14.0,0.0
1544,14.0,0.0
1545,14.0,0.0
1546,14.0,0.0
1547,14.0,0.0
1548,14.0,0.0
1549,14.0,0.0
1550,14.0,0.0
1551,14.0,0.0
1552,14.0,0.0
1553,14.0,0.0
1554,14.0,0.0
1555,14.0,0.0
1556,14.0,0.0
1557,15.5,0.0
1558,15.5,0.0
1559,15.5,0.0
1560,15.5,0.0
1561,15.5,0.0
1562,15.5,0.0
1563,15.5,0.0
1564,15.5,0.0
1565,15.5,0.0
1566,15.5,0.0
1567,15.5,0.0
1568,17.1,0.0
1569,17.1,0.0
1570,17.1,0.0
1571,17.1,0.0
1572,17.1,0.0
1573,17.1,0.0
1574,17.1,0.0
1575,17.1,0.0
1576,17.1,0.0
1577,17.1,0.0
1578,17.1,0.0
1579,17.1,0.0
1580,17.1,0.0
1581,17.1,0.0
1582,17.1,0.0
1583,17.2,0.0
1584,17.2,0.0
1585,17.2,0.0
1586,17.2,0.0
1587,17.2,0.0
1588,17.2,0.0
1589,17.2,0.0
1590,17.2,0.0
1591,17.2,0.0
1592,17.2,0.0
1593,17.2,0.0
1594,17.2,0.0
1595,17.2,0.0
1596,17.2,0.0
1597,17.2,0.0
1598,17.2,0.0
1599,17.2,0.0
1600,17.2,0.0
1601,17.2,0.0
1602,17.2,0.0
1603,17.2,0.0
1604,17.2,0.0
1605,17.2,0.0
1606,17.2,0.0
1607,19.1,0.0
1608,19.1,0.0
1609,19.1,0.0
1610,19.1,0.0
1611,19.1,0.0
1612,19.1,0.0
1613,19.1,0.0
1614,19.1,0.0
1615,19.1,0.0
1616,19.1,0.0
1617,19.1,0.0
1618,19.1,0.0
1619,19.1,0.0
1620,19.1,0.0
1621,19.1,0.0
1622,19.1,0.0
1623,19.1,0.0
1624,19.1,0.0
1625,19.1,0.0
1626,19.1,0.0
1627,19.1,0.0
1628,19.1,0.0
1629,19.1,0.0
1630,19.1,0.0
1631,19.1,0.0
1632,19.1,0.0
1633,19.1,0.0
1634,19.1,0.0
1635,19.1,0.0
1636,19.1,0.0
1637,19.1,0.0
1638,19.1,0.0
1639,19.1,0.0
1640,19.1,0.0
1641,19.1,0.0
1642,19.1,0.0
1643,19.1,0.0
1644,19.1,0.0
1645,19.1,0.0
1646,19.1,0.0
1647,19.1,0.0
1648,19.1,0.0
1649,19.1,0.0
1650,19.1,0.0
1651,19.1,0.0
1652,19.1,0.0
1653,19.1,0.0
1654,19.1,0.0
1655,19.1,0.0
1656,19.1,0.0
1657,19.1,0.0
1658,19.1,0.0
1659,19.1,0.0
1660,19.1,0.0
1661,19.1,0.0
1662,19.1,0.0
1663,19.1,0.0
1664,19.1,0.0
1665,19.1,0.0
1666,19.1,0.0
1667,19.1,0.0
1668,19.1,0.0
1669,19.1,0.0
1670,19.1,0.0
1671,19.1,0.0
1672,19.1,0.0
1673,19.1,0.0
1674,19.1,0.0
1675,19.1,0.0
1676,19.1,0.0
1677,19.1,0.0
1678,19.1,0.0
1679,19.1,0.0
1680,19.1,0.0
1681,19.1,0.0
1682,19.1,0.0
1683,19.1,0.0
1684,19.1,0.0
1685,19.1,0.0
1686,19.1,0.0
1687,19.1,0.0
1688,19.1,0.0
1689,19.1,0.0
1690,19.1,0.0
1691,19.1,0.0
1692,19.1,0.0
1693,19.1,0.0
1694,19.1,0.0
1695,19.1,0.0
1696,19.1,0.0
1697,19.1,0.0
1698,19.1,0.0
1699,19.1,0.0
1700,19.1,0.0
1701,19.1,0.0
1702,19.1,0.0
1703,19.1,0.0
1704,19.1,0.0
1705,19.1,0.0
1706,19.1,0.0
1707,19.1,0.0
1708,19.1,0.0
1709,19.1,0.0
1710,19.1,0.0
1711,19.1,0.0
1712,19.1,0.0
1713,19.1,0.0
1714,19.1,0.0
1715,19.1,0.0
1716,19.1,0.0
1717,19.1,0.0
1718,19.1,0.0
1719,19.1,0.03197752473770343
1720,19.1,0.03197752473770521
1721,19.1,0.03197752473770521
1722,19.1,0.03197752473770521
1723,19.1,0.03197752473770521
1724,19.1,0.03197752473770521
1725,19.1,0.03197752473770521
1726,19.1,0.03593390018728826
1727,19.1,0.046491969568891456
1728,19.1,0.046491969568891456
1729,19.1,0.046491969568891456
1730,19.1,0.046491969568891456
1731,19.1,0.07445345001905324
1732,19.1,0.13487809324913158
1733,19.1,0.1464919695688911
1734,19.1,0.1464919695688911
1735,19.1,0.17445345001905466
1736,19.1,0.2319775247377045
1737,19.1,0.2319775247377045
1738,19.1,0.2319775247377045
1739,19.1,0.2319775247377045
1740,19.1,0.23487809324912945
1741,19.1,0.24649196956889163
1742,19.1,0.24938093580626486
1743,19.1,0.2744534500190561
1744,19.1,0.2744534500190561
1745,19.1,0.28962922447085226
1746,19.1,0.3088889993867312
1747,19.1,0.33197752473770414
1748,19.1,0.33197752473770414
1749,19.1,0.3348780932491273
1750,19.1,0.3464919695688913
1751,19.1,0.3464919695688913
1752,19.1,0.34649196956889217
1753,19.1,0.34649196956889217
1754,19.1,0.3493809358062663
1755,19.1,0.36258432367029414
1756,19.1,0.37445345001905395
1757,19.1,0.37445345001905395
1758,19.1,0.37445345001905395
1759,19.1,0.4088889993867326
1760,19.1,0.4319775247377038
1761,19.1,0.43487809324912874
1762,19.1,0.43487809324912874
1763,19.1,0.4464919695688918
1764,19.1,0.4493809358062606
1765,19.1,0.4493809358062606
1766,19.1,0.4493809358062606
1767,19.1,0.4493809358062606
1768,19.1,0.4493809358062606
1769,19.1,0.4493809358062606
1770,19.1,0.4493809358062606
1771,19.1,0.4493809358062606
1772,19.1,0.4493809358062606
1773,19.1,0.4493809358062606
1774,19.1,0.4654848921817205
1775,19.1,0.47445345001905537
1776,19.1,0.4879120879120826
1777,19.700000000000003,0.5319775247377034
1778,19.700000000000003,0.5319775247377034
1779,19.700000000000003,0.5319775247377034
1780,19.700000000000003,0.5319775247377052
1781,19.700000000000003,0.5319775247377052
1782,19.700000000000003,0.5359339001872883
1783,19.700000000000003,0.5359339001872883
1784,19.700000000000003,0.5464919695688915
1785,19.700000000000003,0.5464919695688915
1786,19.700000000000003,0.6088889993867319
1787,19.700000000000003,0.6319775247377031
1788,19.700000000000003,0.6319775247377031
1789,19.700000000000003,0.634878093249128
1790,19.700000000000003,0.6359339001872897
1791,19.700000000000003,0.6464919695688911
1792,19.700000000000003,0.6464919695688911
1793,19.700000000000003,0.6493809358062634
1794,19.700000000000003,0.6493809358062634
1795,19.700000000000003,0.7319775247377045
1796,19.700000000000003,0.7464919695688916
1797,19.700000000000003,0.7625843236702927
1798,19.700000000000003,0.7744534500190561
1799,19.700000000000003,0.7744534500190561
1800,19.700000000000003,0.8088889993867312
1801,19.700000000000003,0.8207619931601755
1802,19.700000000000003,0.8464919695688913
1803,19.700000000000003,0.8464919695688913
1804,19.700000000000003,0.8464919695688913
1805,19.700000000000003,0.8493809358062663
1806,19.700000000000003,0.8493809358062663
1807,19.700000000000003,0.8879120879120848
1808,19.700000000000003,0.9088889993867326
1809,19.700000000000003,0.9088889993867326
1810,19.700000000000003,0.9088889993867326
1811,19.700000000000003,0.9319775247377038
1812,19.700000000000003,0.9464919695688918
1813,19.700000000000003,0.9464919695688918
1814,19.700000000000003,1.0348780932491302
1815,19.700000000000003,1.0359339001872883
1816,19.700000000000003,1.0464919695688915
1817,19.700000000000003,1.049380935806262
1818,19.700000000000003,1.049380935806262
1819,19.700000000000003,1.0744534500190532
1820,19.700000000000003,1.0744534500190532
1821,19.700000000000003,1.0744534500190532
1822,19.700000000000003,1.0744534500190532
1823,19.700000000000003,1.131977524737703
1824,19.700000000000003,1.1319775247377049
1825,19.700000000000003,1.1744534500190547
1826,19.700000000000003,1.2319775247377045
1827,19.700000000000003,1.235933900187291
1828,19.700000000000003,1.2464919695688916
1829,19.700000000000003,1.2464919695688916
1830,19.700000000000003,1.2464919695688916
1831,19.700000000000003,1.2464919695688916
1832,19.700000000000003,1.2493809358062578
1833,19.700000000000003,1.2493809358062578
1834,19.700000000000003,1.2493809358062578
1835,19.700000000000003,1.2493809358062578
1836,19.700000000000003,1.2493809358062649
1837,19.700000000000003,1.2493809358062649
1838,19.700000000000003,1.2493809358062649
1839,19.700000000000003,1.2493809358062649
1840,19.700000000000003,1.2493809358062649
1841,19.700000000000003,1.3348780932491273
1842,19.700000000000003,1.3464919695688922
1843,19.700000000000003,1.3493809358062663
1844,19.700000000000003,1.3493809358062663
1845,19.700000000000003,1.3879120879120848
1846,19.700000000000003,1.4319775247377038
1847,19.700000000000003,1.4319775247377038
1848,19.700000000000003,1.4319775247377056
1849,19.700000000000003,1.4359339001872868
1850,19.700000000000003,1.4464919695688918
1851,19.700000000000003,1.4464919695688918
1852,19.700000000000003,1.4493809358062606
1853,19.700000000000003,1.4493809358062606
1854,19.700000000000003,1.5744534500190532
1855,19.700000000000003,1.587912087912084
1856,19.700000000000003,1.587912087912084
1857,19.700000000000003,1.631977524737703
1858,19.700000000000003,1.634878093249128
1859,19.700000000000003,1.6744534500190547
1860,19.700000000000003,1.6896292244708526
1861,19.700000000000003,1.7319775247377045
1862,19.700000000000003,1.7319775247377045
1863,19.700000000000003,1.7319775247377045
1864,19.700000000000003,1.7319775247377045
1865,19.700000000000003,1.8319775247377041
1866,19.700000000000003,1.831977524737706
1867,19.700000000000003,1.8348780932491273
1868,19.700000000000003,1.8348780932491309
1869,19.700000000000003,1.8348780932491309
1870,19.700000000000003,1.8464919695688922
1871,19.700000000000003,1.874453450019054
1872,19.700000000000003,1.874453450019054
1873,19.700000000000003,1.874453450019054
1874,19.700000000000003,1.8744534500190575
1875,19.700000000000003,1.8744534500190575
1876,19.700000000000003,1.8879120879120848
1877,19.700000000000003,1.9088889993867326
1878,19.700000000000003,1.9359339001872868
1879,19.700000000000003,1.9744534500190518
1880,19.700000000000003,1.9879120879120862
1881,19.700000000000003,2.0319775247377034
1882,19.700000000000003,2.03487809324913
1883,19.700000000000003,2.0464919695688915
1884,19.700000000000003,2.0464919695688915
1885,19.700000000000003,2.049380935806262
1886,19.700000000000003,2.049380935806262
1887,19.700000000000003,2.0665406991198836
1888,19.700000000000003,2.087912087912084
1889,19.700000000000003,2.1359339001872897
1890,19.700000000000003,2.1744534500190547
1891,19.700000000000003,2.1744534500190547
1892,19.700000000000003,2.1744534500190547
1893,19.700000000000003,2.2319775247377045
1894,19.700000000000003,2.2464919695688916
1895,19.700000000000003,2.2744534500190525
1896,19.700000000000003,2.331977524737706
1897,19.700000000000003,2.3348780932491273
1898,19.700000000000003,2.3348780932491273
1899,19.700000000000003,2.374453450019054
1900,19.700000000000003,2.3879120879120848
1901,19.700000000000003,2.4319775247377056
1902,19.700000000000003,2.435933900187287
1903,19.700000000000003,2.446491969568892
1904,19.700000000000003,2.446491969568892
1905,19.700000000000003,2.4493809358062606
1906,19.700000000000003,2.4493809358062606
1907,19.700000000000003,2.4744534500190554
1908,19.700000000000003,2.4744534500190554
1909,19.700000000000003,2.4744534500190554
1910,19.700000000000003,2.5319775247377034
1911,19.700000000000003,2.5464919695688915
1912,19.700000000000003,2.5744534500190532
1913,19.700000000000003,2.6088889993867355
1914,19.700000000000003,2.6088889993867355
1915,19.700000000000003,2.631977524737705
1916,19.700000000000003,2.646491969568892
1917,19.700000000000003,2.6744534500190547
1918,19.700000000000003,2.677098768501483
1919,19.700000000000003,2.6955695887822575
1920,19.700000000000003,2.7088889993867333
1921,19.700000000000003,2.7348780932491294
1922,19.700000000000003,2.749380935806265
1923,19.700000000000003,2.749380935806265
1924,19.700000000000003,2.774453450019056
1925,19.700000000000003,2.831977524737704
1926,19.700000000000003,2.874453450019054
1927,19.700000000000003,2.874453450019054
1928,19.700000000000003,2.8879120879120848
1929,19.700000000000003,2.8879120879120848
1930,19.700000000000003,2.8879120879120848
1931,19.700000000000003,2.931977524737704
1932,19.700000000000003,2.974453450019052
1933,19.700000000000003,2.9744534500190554
1934,19.700000000000003,2.9879120879120826
1935,19.700000000000003,3.008888999386734
1936,19.700000000000003,3.031977524737705
1937,19.700000000000003,3.03487809324913
1938,19.700000000000003,3.0359339001872883
1939,19.700000000000003,3.0464919695688915
1940,19.700000000000003,3.0464919695688915
1941,19.700000000000003,3.0744534500190532
1942,19.700000000000003,3.0879120879120876
1943,19.700000000000003,3.1359339001872897
1944,19.700000000000003,3.1744534500190547
1945,19.700000000000003,3.1744534500190547
1946,19.700000000000003,3.2319775247377045
1947,19.700000000000003,3.2319775247377045
1948,19.700000000000003,3.2319775247377045
1949,19.700000000000003,3.2319775247377045
1950,19.700000000000003,3.2464919695688907
1951,19.700000000000003,3.249380935806265
1952,19.700000000000003,3.2573052889794916
1953,19.700000000000003,3.2744534500190525
1954,19.700000000000003,3.2744534500190525
1955,19.700000000000003,3.2744534500190525
1956,19.700000000000003,3.287912087912087
1957,19.700000000000003,3.331977524737706
1958,19.700000000000003,3.335933900187289
1959,19.700000000000003,3.374453450019054
1960,19.700000000000003,3.3744534500190575
1961,19.700000000000003,3.474453450019052
1962,20.400000000000002,3.474453450019052
1963,20.400000000000002,3.5319775247377034
1964,20.400000000000002,3.5319775247377034
1965,20.400000000000002,3.53487809324913
1966,20.400000000000002,3.53487809324913
1967,20.400000000000002,3.5744534500190532
1968,20.400000000000002,3.574453450019057
1969,20.400000000000002,3.631977524737703
1970,20.400000000000002,3.6493809358062634
1971,20.400000000000002,3.6493809358062634
1972,20.400000000000002,3.660337349930103
1973,20.400000000000002,3.6744534500190547
1974,20.400000000000002,3.6879120879120855
1975,20.400000000000002,3.6879120879120855
1976,20.400000000000002,3.6879120879120855
1977,20.400000000000002,3.7088889993867333
1978,20.400000000000002,3.7319775247377045
1979,20.400000000000002,3.7319775247377045
1980,20.400000000000002,3.7348780932491294
1981,20.400000000000002,3.750715197321532
1982,20.400000000000002,3.7573052889794916
1983,20.400000000000002,3.7603373499301043
1984,20.400000000000002,3.774453450019056
1985,20.400000000000002,3.787912087912087
1986,20.400000000000002,3.834878093249131
1987,20.400000000000002,3.834878093249131
1988,20.400000000000002,3.874453450019054
1989,20.400000000000002,3.874453450019054
1990,20.400000000000002,3.874453450019054
1991,20.400000000000002,3.874453450019054
1992,20.400000000000002,3.874453450019054
1993,20.400000000000002,3.8744534500190575
1994,20.400000000000002,3.8879120879120848
1995,20.400000000000002,3.931977524737704
1996,20.400000000000002,3.9348780932491323
1997,20.400000000000002,4.0464919695688915
1998,20.400000000000002,4.0464919695688915
1999,20.400000000000002,4.205060248951646
2000,20.400000000000002,4.2319775247377045
2001,20.400000000000002,4.2319775247377045
2002,20.400000000000002,4.2319775247377045
2003,20.400000000000002,4.2348780932491294
2004,20.400000000000002,4.235933900187291
2005,20.400000000000002,4.249380935806265
2006,20.400000000000002,4.274453450019056
2007,20.400000000000002,4.287912087912083
2008,20.400000000000002,4.378282200454144
2009,20.400000000000002,4.387912087912088
2010,20.5,4.431977524737704
2011,20.5,4.434878093249132
2012,20.5,4.43593390018729
2013,20.5,4.449380935806261
2014,20.5,4.474453450019055
2015,20.5,4.508888999386734
2016,20.5,4.531977524737705
2017,20.5,4.53487809324913
2018,20.5,4.574453450019053
2019,20.5,4.574453450019053
2020,20.5,4.574453450019053
2021,20.5,4.608888999386732
2022,20.5,4.631977524737707
2023,20.5,4.631977524737707
2024,20.5,4.634878093249132
2025,20.5,4.6665406991198815
2026,20.5,4.674453450019055
2027,20.5,4.6879120879120855
2028,20.5,4.708888999386733
2029,20.5,4.735933900187291
2030,20.5,4.735933900187291
2031,20.5,4.735933900187291
2032,20.5,4.749380935806265
2033,20.5,4.749380935806265
2034,20.5,4.831977524737702
2035,20.5,4.831977524737706
2036,20.5,4.834878093249127
2037,20.5,4.834878093249127
2038,20.5,4.849380935806266
2039,20.5,4.849380935806266
2040,20.5,4.849380935806266
2041,20.5,4.874453450019054
2042,20.5,4.8744534500190575
2043,20.5,4.887912087912085
2044,20.5,4.934878093249132
2045,20.5,4.946491969568892
2046,20.5,4.949380935806261
2047,20.5,4.974453450019059
2048,20.5,5.010339283642445
2049,20.5,5.03487809324913
2050,20.5,5.03487809324913
2051,20.5,5.0464919695688915
2052,20.5,5.049380935806269
2053,20.5,5.049380935806269
2054,20.5,5.049380935806269
2055,20.5,5.049380935806269
2056,20.5,5.049380935806269
2057,20.5,5.049380935806269
2058,20.5,5.049380935806269
2059,20.5,5.049380935806269
2060,20.5,5.049380935806269
2061,20.5,5.049380935806269
2062,20.5,5.074453450019053
2063,20.5,5.0770987685014815
2064,20.5,5.078282200454144
2065,20.5,5.078282200454147
2066,20.5,5.131977524737703
2067,20.5,5.131977524737703
2068,20.5,5.131977524737707
2069,20.5,5.149380935806263
2070,20.5,5.174453450019055
2071,20.5,5.2319775247377045
2072,20.5,5.249380935806258
2073,20.5,5.249380935806258
2074,20.5,5.249380935806258
2075,20.5,5.2744534500190525
2076,20.5,5.2782822004541465
2077,20.5,5.2782822004541465
2078,20.5,5.3168017502859115
2079,20.5,5.374453450019054
2080,20.5,5.383031397963524
2081,20.5,5.387912087912085
2082,20.5,5.408888999386733
2083,20.5,5.408888999386733
2084,20.5,5.431977524737704
2085,20.5,5.446491969568892
2086,20.5,5.446491969568892
2087,20.5,5.587912087912084
2088,20.5,5.587912087912084
2089,20.5,5.631977524737703
2090,20.5,5.631977524737703
2091,20.5,5.634878093249132
2092,20.5,5.63593390018729
2093,20.5,5.674453450019055
2094,20.5,5.674453450019055
2095,20.5,5.674453450019055
2096,20.5,5.708888999386737
2097,20.5,5.7319775247377045
2098,20.5,5.7348780932491294
2099,20.5,5.749380935806258
2100,20.5,5.749380935806258
2101,20.5,5.749380935806258
2102,20.5,5.749380935806258
2103,20.5,5.7744534500190525
2104,20.5,5.831977524737702
2105,20.5,5.831977524737706
2106,20.5,5.849380935806266
2107,20.5,5.849380935806266
2108,20.5,5.849380935806266
2109,20.5,5.849380935806266
2110,20.5,5.8744534500190575
2111,20.5,5.8744534500190575
2112,20.5,5.946491969568894
2113,20.5,6.031977524737705
2114,20.5,6.031977524737705
2115,20.5,6.074453450019057
2116,20.5,6.074453450019057
2117,20.5,6.074453450019057
2118,20.5,6.074453450019057
2119,20.5,6.131977524737707
2120,20.5,6.146491969568893
2121,20.5,6.174453450019055
2122,20.5,6.188967894850244
2123,20.5,6.208888999386733
2124,20.5,6.2284156266056705
2125,20.5,6.2319775247377045
2126,20.5,6.2464919695688925
2127,20.5,6.305327101254701
2128,20.5,6.308888999386731
2129,20.5,6.331977524737702
2130,20.5,6.331977524737706
2131,20.5,6.331977524737706
2132,20.5,6.335933900187289
2133,20.5,6.349380935806266
2134,20.5,6.349380935806266
2135,20.5,6.359150050552763
2136,20.5,6.3744534500190575
2137,20.5,6.387912087912085
2138,20.5,6.43593390018729
2139,20.5,6.446491969568894
2140,20.5,6.446491969568894
2141,20.5,6.449380935806268
2142,20.5,6.474453450019055
2143,22.0,6.487912087912086
2144,22.0,6.508888999386734
2145,22.0,6.574453450019057
2146,22.0,6.634878093249132
2147,22.0,6.674453450019055
2148,22.0,6.674453450019055
2149,22.0,6.708888999386733
2150,22.0,6.774453450019056
2151,22.0,6.787912087912087
2152,22.0,6.808888999386731
2153,22.0,6.808888999386731
2154,22.0,6.846491969568892
2155,22.0,6.849380935806266
2156,22.0,6.849380935806266
2157,22.0,6.874453450019054
2158,22.0,6.8744534500190575
2159,22.0,6.8744534500190575
2160,22.0,6.931977524737704
2161,22.0,6.949380935806268
2162,22.0,7.03487809324913
2163,22.0,7.03487809324913
2164,22.0,7.049380935806262
2165,22.0,7.049380935806262
2166,22.0,7.049380935806262
2167,22.0,7.049380935806262
2168,22.0,7.049380935806262
2169,22.0,7.049380935806262
2170,22.0,7.049380935806262
2171,22.0,7.049380935806262
2172,22.0,7.049380935806262
2173,22.0,7.074453450019053
2174,22.0,7.074453450019057
2175,22.0,7.074453450019057
2176,22.0,7.074453450019057
2177,22.0,7.087912087912084
2178,22.0,7.087912087912084
2179,22.0,7.131977524737707
2180,22.0,7.146491969568891
2181,22.0,7.146491969568893
2182,22.0,7.146491969568893
2183,22.0,7.174453450019055
2184,22.0,7.174453450019055
2185,22.0,7.220761993160178
2186,22.0,7.2319775247377045
2187,22.0,7.2319775247377045
2188,22.0,7.287912087912087
2189,22.0,7.287912087912087
2190,22.0,7.308888999386731
2191,22.0,7.331977524737702
2192,22.0,7.331977524737706
2193,22.0,7.334878093249131
2194,22.0,7.346491969568892
2195,22.0,7.349380935806266
2196,22.0,7.383031397963521
2197,22.0,7.431977524737704
2198,22.0,7.587912087912084
2199,22.0,7.631977524737707
2200,22.8,7.649380935806263
2201,22.8,7.649380935806263
2202,22.8,7.649380935806263
2203,22.8,7.649380935806263
2204,22.8,7.7319775247377045
2205,22.8,7.7319775247377045
2206,22.8,7.7359339001872875
2207,22.8,7.774453450019056
2208,22.8,7.774453450019056
2209,22.8,7.774453450019056
2210,22.8,7.831977524737702
2211,22.8,7.831977524737706
2212,22.8,7.849380935806266
2213,22.8,7.849380935806266
2214,22.8,7.849380935806266
2215,22.8,7.887912087912085
2216,22.8,7.908888999386736
2217,22.8,7.931977524737704
2218,22.8,7.934878093249129
2219,22.8,7.934878093249129
2220,22.8,7.934878093249129
2221,22.8,7.974453450019052
2222,22.8,7.974453450019059
2223,22.8,7.974453450019059
2224,22.8,7.987912087912086
2225,22.8,8.031977524737705
2226,22.8,8.04938093580627
2227,22.8,8.04938093580627
2228,22.8,8.131977524737707
2229,22.8,8.146491969568892
2230,22.8,8.177098768501484
2231,22.8,8.231977524737708
2232,22.8,8.320761993160179
2233,22.8,8.387912087912085
2234,22.8,8.43593390018729
2235,22.8,8.446491969568893
2236,22.8,8.44938093580626
2237,22.8,8.44938093580626
2238,22.8,8.44938093580626
2239,22.8,8.44938093580626
2240,23.200000000000003,8.44938093580626
2241,23.200000000000003,8.44938093580626
2242,23.200000000000003,8.44938093580626
2243,23.200000000000003,8.44938093580626
2244,23.200000000000003,8.44938093580626
2245,23.200000000000003,8.474453450019059
2246,23.200000000000003,8.474453450019059
2247,23.200000000000003,8.474453450019059
2248,23.200000000000003,8.487912087912086
2249,23.200000000000003,8.487912087912086
2250,23.200000000000003,8.531977524737705
2251,23.200000000000003,8.531977524737705
2252,23.200000000000003,8.53487809324913
2253,23.200000000000003,8.549380935806262
2254,23.200000000000003,8.549380935806262
2255,23.200000000000003,8.549380935806262
2256,23.200000000000003,8.549380935806262
2257,23.200000000000003,8.562584323670293
2258,23.200000000000003,8.578282200454144
2259,23.200000000000003,8.608888999386735
2260,23.200000000000003,8.608888999386735
2261,23.200000000000003,8.631977524737707
2262,23.200000000000003,8.674453450019055
2263,23.200000000000003,8.687912087912085
2264,23.200000000000003,8.731977524737704
2265,23.200000000000003,8.774453450019056
2266,23.200000000000003,8.774453450019056
2267,23.200000000000003,8.831977524737706
2268,23.200000000000003,8.831977524737706
2269,23.200000000000003,8.831977524737706
2270,23.6,8.928415626605673
2271,23.6,8.93593390018729
2272,23.6,8.974453450019059
2273,23.6,8.974453450019059
2274,23.6,8.974453450019059
2275,23.6,8.974453450019059
2276,23.6,9.03487809324913
2277,23.6,9.04938093580627
2278,23.6,9.04938093580627
2279,23.6,9.087912087912084
2280,23.6,9.087912087912088
2281,23.6,9.174453450019055
2282,23.6,9.174453450019055
2283,23.6,9.231977524737704
2284,23.6,9.274453450019056
2285,23.6,9.274453450019056
2286,23.6,9.274453450019056
2287,23.6,9.331977524737702
2288,23.6,9.331977524737706
2289,23.6,9.331977524737706
2290,23.6,9.331977524737706
2291,23.6,9.334878093249127
2292,23.6,9.33487809324913
2293,23.6,9.374453450019057
2294,23.6,9.387912087912085
2295,23.6,9.387912087912085
2296,23.6,9.387912087912088
2297,23.6,9.408888999386733
2298,25.3,9.408888999386733
2299,25.3,9.408888999386733
2300,25.3,9.446491969568893
2301,25.3,9.449380935806268
2302,25.3,9.474453450019059
2303,25.3,9.531977524737705
2304,25.3,9.574453450019053
2305,25.3,9.574453450019053
2306,25.3,9.587912087912088
2307,25.3,9.587912087912088
2308,25.3,9.631977524737707
2309,25.3,9.631977524737707
2310,25.3,9.649380935806263
2311,25.3,9.649380935806263
2312,25.3,9.649380935806263
2313,25.3,9.687912087912085
2314,25.3,9.731977524737704
2315,25.3,9.731977524737704
2316,25.3,9.746491969568893
2317,25.3,9.746491969568893
2318,25.3,9.749125685777269
2319,25.3,9.834878093249127
2320,25.3,9.835933900187289
2321,25.3,9.849380935806266
2322,25.3,9.849380935806266
2323,25.3,9.849380935806266
2324,25.3,9.849380935806266
2325,25.3,9.87445345001905
2326,25.3,9.87445345001905
2327,25.3,9.887912087912085
2328,25.3,9.931977524737707
2329,25.3,9.949125685777272
2330,25.3,9.94938093580626
2331,25.3,9.974453450019052
2332,25.3,10.028415626605671
2333,25.3,10.031977524737705
2334,25.3,10.031977524737705
2335,25.3,10.04649196956889
2336,25.3,10.087912087912084
2337,25.3,10.131977524737703
2338,25.3,10.131977524737707
2339,25.3,10.134878093249132
2340,25.3,10.134878093249132
2341,25.3,10.146491969568892
2342,25.3,10.174453450019055
2343,25.3,10.174453450019055
2344,25.3,10.178282200454145
2345,25.3,10.235933900187288
2346,25.3,10.287912087912087
2347,25.3,10.346491969568891
2348,25.3,10.365484892181723
2349,25.3,10.37445345001905
2350,25.3,10.37445345001905
2351,25.3,10.44938093580626
2352,25.3,10.44938093580626
2353,25.3,10.449380935806268
2354,25.3,10.449380935806268
2355,25.3,10.449380935806268
2356,25.3,10.449380935806268
2357,25.3,10.449380935806268
2358,25.3,10.474453450019059
2359,25.3,10.474453450019059
2360,25.3,10.474453450019059
2361,25.3,10.478282200454146
2362,25.3,10.488967894850244
2363,25.3,10.531977524737705
2364,25.3,10.531977524737705
2365,25.3,10.531977524737705
2366,25.3,10.531977524737705
2367,25.3,10.549380935806262
2368,25.3,10.549380935806262
2369,25.3,10.560337349930101
2370,25.3,10.574453450019053
2371,25.3,10.574453450019053
2372,25.3,10.608888999386735
2373,25.3,10.634878093249128
2374,25.3,10.634878093249128
2375,25.3,10.646491969568892
2376,27.400000000000002,10.646491969568892
2377,27.400000000000002,10.649380935806263
2378,27.400000000000002,10.649380935806263
2379,27.400000000000002,10.649380935806263
2380,27.400000000000002,10.649380935806263
2381,27.400000000000002,10.731977524737704
2382,27.400000000000002,10.73487809324913
2383,27.400000000000002,10.774453450019056
2384,27.400000000000002,10.831977524737702
2385,27.400000000000002,10.831977524737706
2386,27.400000000000002,10.849380935806266
2387,27.400000000000002,10.849380935806266
2388,27.400000000000002,10.849380935806266
2389,27.400000000000002,10.849380935806266
2390,27.400000000000002,10.849380935806266
2391,27.400000000000002,10.87445345001905
2392,27.400000000000002,10.87445345001905
2393,27.400000000000002,10.908888999386736
2394,27.400000000000002,10.934878093249129
2395,27.400000000000002,10.98791208791209
2396,27.400000000000002,11.031977524737705
2397,27.400000000000002,11.078282200454147
2398,27.400000000000002,11.108888999386732
2399,27.400000000000002,11.134878093249132
2400,27.400000000000002,11.13593390018729
2401,27.400000000000002,11.149380935806263
2402,27.400000000000002,11.221817800098343
2403,27.400000000000002,11.22841562660567
2404,27.400000000000002,11.235933900187288
2405,27.400000000000002,11.249380935806265
2406,27.400000000000002,11.249380935806265
2407,27.400000000000002,11.249380935806265
2408,27.400000000000002,11.249380935806265
2409,27.400000000000002,11.249380935806265
2410,27.400000000000002,11.249380935806265
2411,27.400000000000002,11.249380935806265
2412,27.400000000000002,11.249380935806265
2413,27.400000000000002,11.249380935806265
2414,27.400000000000002,11.249380935806265
2415,27.400000000000002,11.249380935806265
2416,27.400000000000002,11.249380935806265
2417,27.400000000000002,11.366540699119884
2418,27.400000000000002,11.37445345001905
2419,27.400000000000002,11.431977524737707
2420,27.400000000000002,11.48791208791209
2421,27.400000000000002,11.508888999386734
2422,27.400000000000002,11.531977524737705
2423,27.400000000000002,11.54938093580627
2424,27.400000000000002,11.54938093580627
2425,27.400000000000002,11.608888999386735
2426,27.400000000000002,11.631977524737707
2427,27.400000000000002,11.674453450019055
2428,27.400000000000002,11.674453450019055
2429,27.400000000000002,11.708888999386737
2430,27.400000000000002,11.735933900187288
2431,29.700000000000003,11.774453450019056
2432,29.700000000000003,11.774453450019056
2433,29.700000000000003,11.835933900187289
2434,29.700000000000003,11.905327101254699
2435,29.700000000000003,11.94938093580626
2436,29.700000000000003,11.94938093580626
2437,29.700000000000003,11.94938093580626
2438,29.700000000000003,11.977098768501484
2439,29.700000000000003,12.008888999386734
2440,29.700000000000003,12.031977524737705
2441,29.700000000000003,12.074453450019053
2442,29.700000000000003,12.087912087912088
2443,29.700000000000003,12.131977524737707
2444,29.700000000000003,12.134878093249132
2445,29.700000000000003,12.134878093249132
2446,29.700000000000003,12.13593390018729
2447,29.700000000000003,12.24649196956889
2448,29.700000000000003,12.246491969568893
2449,29.700000000000003,12.274453450019056
2450,29.700000000000003,12.320761993160183
2451,29.700000000000003,12.37445345001905
2452,29.700000000000003,12.37445345001905
2453,29.700000000000003,12.377098768501483
2454,29.700000000000003,12.446491969568893
2455,29.700000000000003,12.474453450019059
2456,29.700000000000003,12.474453450019059
2457,29.700000000000003,12.631977524737707
2458,29.700000000000003,12.649380935806263
2459,29.700000000000003,12.649380935806263
2460,29.700000000000003,12.731977524737704
2461,29.700000000000003,12.76086718711153
2462,29.700000000000003,12.874453450019057
2463,29.700000000000003,12.931977524737704
2464,29.700000000000003,12.931977524737704
2465,29.700000000000003,12.94938093580626
2466,29.700000000000003,12.974453450019059
2467,29.700000000000003,12.974453450019059
2468,29.700000000000003,13.074453450019053
2469,29.700000000000003,13.074453450019053
2470,29.700000000000003,13.087912087912088
2471,29.700000000000003,13.108888999386735
2472,29.700000000000003,13.131977524737707
2473,29.700000000000003,13.134878093249132
2474,29.700000000000003,13.146491969568892
2475,29.700000000000003,13.149380935806263
2476,29.700000000000003,13.149380935806263
2477,29.700000000000003,13.149380935806263
2478,29.700000000000003,13.174453450019055
2479,29.700000000000003,13.234878093249133
2480,29.700000000000003,13.249380935806258
2481,29.700000000000003,13.249380935806258
2482,29.700000000000003,13.249380935806265
2483,29.700000000000003,13.249380935806265
2484,29.700000000000003,13.249380935806265
2485,29.700000000000003,13.257305288979495
2486,29.700000000000003,13.331977524737702
2487,29.700000000000003,13.331977524737706
2488,29.700000000000003,13.331977524737706
2489,29.700000000000003,13.374453450019057
2490,29.700000000000003,13.374453450019057
2491,29.700000000000003,13.408888999386733
2492,29.700000000000003,13.431977524737704
2493,29.700000000000003,13.649380935806263
2494,29.700000000000003,13.649380935806263
2495,29.700000000000003,13.649380935806263
2496,29.700000000000003,13.708888999386737
2497,29.700000000000003,13.731977524737704
2498,29.700000000000003,13.734878093249133
2499,29.700000000000003,13.774453450019056
2500,29.700000000000003,13.831977524737702
2501,29.700000000000003,13.905593953557755
2502,29.700000000000003,13.934878093249132
2503,29.700000000000003,13.949380935806268
2504,29.700000000000003,13.949380935806268
2505,29.700000000000003,13.949380935806268
2506,29.700000000000003,13.949380935806268
2507,29.700000000000003,13.98791208791209
2508,29.700000000000003,14.031977524737705
2509,29.700000000000003,14.031977524737705
2510,29.700000000000003,14.031977524737705
2511,29.700000000000003,14.035933900187288
2512,29.700000000000003,14.074453450019053
2513,29.700000000000003,14.074453450019053
2514,29.700000000000003,14.074453450019053
2515,29.700000000000003,14.074453450019053
2516,29.700000000000003,14.108888999386735
2517,29.700000000000003,14.149380935806263
2518,29.700000000000003,14.149380935806263
2519,29.700000000000003,14.149380935806263
2520,29.700000000000003,14.235933900187291
2521,29.700000000000003,14.274453450019056
2522,29.700000000000003,14.331977524737706
2523,29.700000000000003,14.331977524737706
2524,29.700000000000003,14.349380935806266
2525,29.700000000000003,14.408888999386736
2526,29.700000000000003,14.531977524737705
2527,29.700000000000003,14.57445345001906
2528,29.700000000000003,14.57445345001906
2529,29.700000000000003,14.587912087912084
2530,29.700000000000003,14.631977524737707
2531,29.700000000000003,14.649380935806263
2532,30.0,14.649380935806263
2533,30.0,14.649380935806263
2534,30.0,14.649380935806263
2535,30.0,14.731977524737704
2536,30.0,14.731977524737708
2537,30.0,14.787912087912087
2538,30.0,14.831977524737702
2539,30.0,14.908888999386736
2540,30.0,14.974453450019059
2541,30.0,14.974453450019059
2542,30.0,14.974453450019059
2543,30.0,14.98791208791209
2544,30.0,15.04938093580627
2545,30.0,15.04938093580627
2546,30.0,15.13593390018729
2547,30.0,15.274453450019056
2548,30.0,15.334878093249134
2549,30.0,15.334878093249134
2550,30.0,15.349380935806266
2551,30.0,15.349380935806266
2552,30.0,15.349380935806266
2553,30.0,15.349380935806266
2554,30.0,15.349380935806266
2555,30.0,15.387912087912088
2556,30.0,15.474453450019059
2557,30.0,15.474453450019059
2558,30.0,15.474453450019059
2559,30.0,15.531977524737705
2560,30.0,15.531977524737705
2561,30.0,15.574453450019053
2562,30.0,15.574453450019053
2563,30.0,15.587912087912084
2564,30.0,15.608227669766126
2565,30.0,15.608888999386735
2566,30.0,15.62076199316018
2567,30.0,15.631977524737707
2568,30.0,15.631977524737707
2569,30.0,15.634878093249132
2570,30.0,15.731977524737704
2571,30.0,15.731977524737704
2572,30.0,15.731977524737704
2573,30.0,15.749380935806265
2574,30.0,15.749380935806265
2575,30.0,15.749380935806265
2576,30.0,15.831977524737706
2577,30.0,15.849380935806266
2578,30.0,15.849380935806266
2579,30.0,15.974453450019052
2580,30.0,16.04938093580627
2581,30.0,16.04938093580627
2582,30.0,16.131977524737707
2583,30.0,16.17445345001906
2584,30.0,16.17445345001906
2585,30.0,16.17445345001906
2586,30.0,16.234878093249133
2587,30.0,16.334878093249134
2588,30.0,16.43487809324913
2589,30.0,16.446491969568893
2590,30.0,16.531977524737705
2591,30.0,16.54649196956889
2592,30.0,16.608888999386735
2593,30.0,16.66033734993011
2594,30.0,16.674453450019055
2595,30.0,16.674453450019055
2596,30.0,16.674453450019055
2597,32.800000000000004,16.67445345001906
2598,32.800000000000004,16.67445345001906
2599,32.800000000000004,16.687912087912085
2600,32.800000000000004,16.734878093249133
2601,32.800000000000004,16.787912087912087
2602,32.800000000000004,16.834878093249127
2603,32.800000000000004,16.874453450019057
2604,32.800000000000004,16.94649196956889
2605,32.800000000000004,17.03487809324913
2606,32.800000000000004,17.049380935806262
2607,32.800000000000004,17.049380935806262
2608,32.800000000000004,17.049380935806262
2609,32.800000000000004,17.049380935806262
2610,32.800000000000004,17.049380935806262
2611,32.800000000000004,17.131977524737707
2612,32.800000000000004,17.131977524737707
2613,32.800000000000004,17.174453450019055
2614,32.800000000000004,17.174453450019055
2615,32.800000000000004,17.231977524737704
2616,32.800000000000004,17.287912087912087
2617,32.800000000000004,17.331977524737706
2618,32.800000000000004,17.346491969568895
2619,32.800000000000004,17.349380935806266
2620,32.800000000000004,17.349380935806266
2621,32.800000000000004,17.349380935806266
2622,32.800000000000004,17.349380935806266
2623,32.800000000000004,17.508888999386734
2624,32.800000000000004,17.631977524737703
2625,32.800000000000004,17.649380935806263
2626,32.800000000000004,17.649380935806263
2627,32.800000000000004,17.649380935806263
2628,32.800000000000004,17.649380935806263
2629,32.800000000000004,17.649380935806263
2630,32.800000000000004,17.649380935806263
2631,32.800000000000004,17.691729236073115
2632,32.800000000000004,17.749380935806265
2633,32.800000000000004,17.749380935806265
2634,32.800000000000004,17.749380935806265
2635,32.800000000000004,17.774453450019056
2636,32.800000000000004,17.774453450019056
2637,32.800000000000004,17.774453450019056
2638,32.800000000000004,17.774453450019056
2639,32.800000000000004,17.97445345001906
2640,32.800000000000004,18.074453450019053
2641,32.800000000000004,18.131977524737707
2642,40.0,18.20888899938673
2643,40.0,18.231977524737708
2644,40.0,18.34938093580626
2645,40.0,18.38791208791208
2646,40.0,18.44938093580626
2647,40.0,18.44938093580626
2648,40.0,18.44938093580626
2649,40.0,18.44938093580626
2650,40.0,18.531977524737705
2651,40.0,18.574453450019053
2652,40.0,18.574453450019053
2653,40.0,18.574453450019053
2654,40.0,18.631977524737707
2655,40.0,18.65915005055276
2656,40.0,18.70888899938673
2657,40.0,18.774453450019056
2658,40.0,18.774453450019056
2659,40.0,18.774453450019056
2660,40.0,18.774453450019056
2661,40.0,18.774453450019056
2662,40.0,18.97445345001906
2663,40.0,18.97445345001906
2664,40.0,19.049380935806262
2665,40.0,19.049380935806262
2666,40.0,19.331977524737706
2667,40.0,19.374453450019057
2668,40.0,19.374453450019057
2669,40.0,19.38791208791209
2670,40.0,19.47445345001906
2671,40.0,19.47445345001906
2672,40.0,19.47445345001906
2673,40.0,19.531977524737705
2674,40.0,19.631977524737707
2675,40.0,19.660867187111528
2676,40.0,19.674453450019055
2677,40.0,19.687912087912085
2678,40.0,19.749380935806265
2679,40.0,19.749380935806265
2680,40.0,19.749380935806265
2681,40.0,19.749380935806265
2682,40.0,19.749380935806265
2683,40.0,19.749380935806265
2684,40.0,19.749380935806265
2685,40.0,19.749380935806265
2686,40.0,19.749380935806265
2687,40.0,19.749380935806265
2688,40.0,19.787912087912087
2689,40.0,19.834878093249134
2690,40.0,19.93487809324913
2691,40.0,19.946491969568893
2692,40.0,20.108888999386735
2693,40.0,20.174453450019055
2694,40.0,20.24490245802463
2695,40.0,20.349380935806266
2696,40.0,20.349380935806266
2697,40.0,20.349380935806266
2698,40.0,20.349380935806266
2699,40.0,20.349380935806266
2700,40.0,20.349380935806266
2701,40.0,20.349380935806266
2702,40.0,20.349380935806266
2703,40.0,20.349380935806266
2704,40.0,20.349380935806266
2705,40.0,20.349380935806266
2706,40.0,20.37445345001905
2707,40.0,20.435933900187294
2708,40.0,20.44938093580626
2709,40.0,20.44938093580626
2710,42.7,20.449380935806268
2711,42.7,20.449380935806268
2712,42.7,20.531977524737705
2713,42.7,20.708888999386737
2714,42.7,20.83197752473771
2715,42.7,20.83197752473771
2716,42.7,20.83197752473771
2717,42.7,20.835933900187293
2718,42.7,20.846491969568895
2719,42.7,20.862584323670294
2720,42.7,20.94938093580626
2721,42.7,20.94938093580626
2722,42.7,20.94938093580626
2723,42.7,21.044902458024627
2724,42.7,21.149380935806263
2725,42.7,21.149380935806263
2726,42.7,21.149380935806263
2727,42.7,21.149380935806263
2728,42.7,21.149380935806263
2729,42.7,21.208888999386737
2730,42.7,21.587912087912084
2731,42.7,21.774453450019056
2732,42.7,21.98791208791209
2733,42.7,22.03593390018729
2734,42.7,22.131977524737707
2735,42.7,22.187912087912093
2736,42.7,22.360337349930106
2737,42.7,22.44938093580626
2738,42.7,22.44938093580626
2739,42.7,22.44938093580626
2740,42.7,22.44938093580626
2741,42.7,22.44938093580626
2742,42.7,22.44938093580626
2743,42.7,22.44938093580626
2744,42.7,22.44938093580626
2745,42.7,22.44938093580626
2746,42.7,22.44938093580626
2747,42.7,22.7319775247377
2748,42.7,22.849380935806266
2749,42.7,22.849380935806266
2750,42.7,22.849380935806266
2751,42.7,22.849380935806266
2752,42.7,22.849380935806266
2753,42.7,22.849380935806266
2754,42.7,22.849380935806266
2755,42.7,22.849380935806266
2756,42.7,22.849380935806266
2757,42.7,22.935933900187294
2758,42.7,23.04938093580627
2759,42.7,23.04938093580627
2760,42.7,23.04938093580627
2761,42.7,23.04938093580627
2762,42.7,23.04938093580627
2763,42.7,23.04938093580627
2764,42.7,23.04938093580627
2765,42.7,23.04938093580627
2766,42.7,23.04938093580627
2767,42.7,23.04938093580627
2768,42.7,23.04938093580627
2769,42.7,23.04938093580627
2770,42.7,23.04938093580627
2771,42.7,23.04938093580627
2772,42.7,23.04938093580627
2773,42.7,23.074453450019053
2774,42.7,23.131977524737707
2775,42.7,23.15915005055276
2776,42.7,23.17445345001906
2777,42.7,23.187912087912085
2778,42.7,23.249380935806258
2779,42.7,23.249380935806258
2780,42.7,23.249380935806258
2781,42.7,23.265616384620905
2782,42.7,23.37445345001905
2783,42.7,23.44938093580626
2784,42.7,23.44938093580626
2785,42.7,23.531977524737705
2786,42.7,23.631977524737707
2787,42.7,23.787912087912087
2788,42.7,23.787912087912087
2789,42.7,23.787912087912087
2790,42.7,23.788967894850245
2791,42.7,23.849380935806266
2792,42.7,23.849380935806266
2793,42.7,23.849380935806266
2794,42.7,23.849380935806266
2795,42.7,23.849380935806266
2796,42.7,23.849380935806266
2797,42.7,23.87445345001905
2798,42.7,23.891729236073118
2799,42.7,23.94938093580626
2800,42.7,23.94938093580626
2801,42.7,23.94938093580626
2802,42.7,24.249380935806272
2803,42.7,24.249380935806272
2804,42.7,24.249380935806272
2805,42.7,24.249380935806272
2806,42.7,24.249380935806272
2807,42.7,24.249380935806272
2808,42.7,24.249380935806272
2809,42.7,24.249380935806272
2810,42.7,24.47445345001906
2811,42.7,24.47445345001906
2812,42.7,24.587912087912084
2813,42.7,24.63487809324913
2814,42.7,24.63487809324913
2815,42.7,24.80888899938674
2816,42.7,24.83197752473771
2817,42.7,24.93487809324913
2818,45.400000000000006,24.98791208791209
2819,45.400000000000006,25.07445345001906
2820,45.400000000000006,25.07445345001906
2821,45.400000000000006,25.07445345001906
2822,45.400000000000006,25.149380935806263
2823,45.400000000000006,25.149380935806263
2824,45.400000000000006,25.149380935806263
2825,45.400000000000006,25.38791208791208
2826,45.400000000000006,25.63487809324913
2827,45.400000000000006,25.774453450019056
2828,45.400000000000006,25.774453450019056
2829,45.400000000000006,25.787912087912087
2830,45.400000000000006,25.94938093580626
2831,45.400000000000006,25.94938093580626
2832,45.400000000000006,25.94938093580626
2833,45.400000000000006,25.94938093580626
2834,45.400000000000006,25.97445345001906
2835,45.400000000000006,25.97445345001906
2836,45.400000000000006,26.046491969568894
2837,45.400000000000006,26.087912087912084
2838,45.400000000000006,26.174453450019055
2839,45.400000000000006,26.17445345001906
2840,45.400000000000006,26.17445345001906
2841,45.400000000000006,26.234878093249133
2842,45.400000000000006,26.234878093249133
2843,45.400000000000006,26.374453450019057
2844,45.400000000000006,26.374453450019057
2845,45.400000000000006,26.574453450019053
2846,45.400000000000006,26.574453450019053
2847,45.400000000000006,26.574453450019053
2848,45.400000000000006,26.574453450019053
2849,45.400000000000006,26.660337349930103
2850,45.400000000000006,26.674453450019055
2851,45.400000000000006,26.83197752473771
2852,45.400000000000006,27.13593390018729
2853,45.400000000000006,27.17445345001906
2854,45.400000000000006,27.17445345001906
2855,45.400000000000006,27.249380935806258
2856,45.400000000000006,27.549380935806255
2857,45.400000000000006,27.549380935806255
2858,45.400000000000006,27.549380935806255
2859,45.400000000000006,27.549380935806255
2860,45.400000000000006,27.549380935806255
2861,45.400000000000006,27.549380935806255
2862,45.400000000000006,27.549380935806255
2863,45.400000000000006,27.57445345001906
2864,45.400000000000006,27.57445345001906
2865,45.400000000000006,27.649380935806263
2866,45.400000000000006,27.649380935806263
2867,45.400000000000006,27.649380935806263
2868,45.400000000000006,27.649380935806263
2869,45.400000000000006,27.649380935806263
2870,45.400000000000006,27.649380935806263
2871,45.400000000000006,27.97445345001906
2872,45.400000000000006,28.149380935806263
2873,45.400000000000006,28.149380935806263
2874,45.400000000000006,28.149380935806263
2875,45.400000000000006,28.149380935806263
2876,45.400000000000006,28.149380935806263
2877,45.400000000000006,28.149380935806263
2878,45.400000000000006,28.149380935806263
2879,45.400000000000006,28.149380935806263
2880,45.400000000000006,28.149380935806263
2881,45.400000000000006,28.149380935806263
2882,45.400000000000006,28.477098768501484
2883,45.400000000000006,28.53593390018729
2884,45.400000000000006,28.57445345001906
2885,45.400000000000006,28.649380935806263
2886,45.400000000000006,28.649380935806263
2887,45.400000000000006,28.649380935806263
2888,45.400000000000006,28.649380935806263
2889,45.400000000000006,28.649380935806263
2890,45.400000000000006,28.649380935806263
2891,45.400000000000006,28.674453450019055
2892,45.400000000000006,28.94938093580626
2893,45.400000000000006,28.94938093580626
2894,45.400000000000006,28.94938093580626
2895,45.400000000000006,28.94938093580626
2896,45.400000000000006,28.94938093580626
2897,45.400000000000006,28.98791208791209
2898,45.400000000000006,29.031977524737705
2899,45.400000000000006,29.04938093580627
2900,45.400000000000006,29.04938093580627
2901,45.400000000000006,29.04938093580627
2902,45.400000000000006,29.04938093580627
2903,45.400000000000006,29.04938093580627
2904,45.400000000000006,29.04938093580627
2905,45.400000000000006,29.274453450019056
2906,45.400000000000006,29.274453450019056
2907,45.400000000000006,29.349380935806266
2908,45.400000000000006,29.349380935806266
2909,45.400000000000006,29.349380935806266
2910,45.400000000000006,29.349380935806266
2911,45.400000000000006,29.349380935806266
2912,45.400000000000006,29.349380935806266
2913,45.400000000000006,29.349380935806266
2914,45.400000000000006,29.349380935806266
2915,45.400000000000006,29.349380935806266
2916,45.400000000000006,29.374453450019057
2917,45.400000000000006,29.374453450019057
2918,45.400000000000006,29.374453450019057
2919,45.400000000000006,29.374453450019057
2920,45.400000000000006,29.374453450019057
2921,45.400000000000006,29.416674125271413
2922,45.400000000000006,29.608888999386735
2923,45.400000000000006,29.631977524737707
2924,45.400000000000006,29.674453450019055
2925,45.400000000000006,29.93487809324913
2926,45.400000000000006,29.98791208791209
2927,45.400000000000006,30.049380935806255
2928,45.400000000000006,30.049380935806255
2929,45.400000000000006,30.049380935806255
2930,45.400000000000006,30.049380935806255
2931,45.400000000000006,30.049380935806255
2932,45.400000000000006,30.049380935806255
2933,45.400000000000006,30.074453450019053
2934,45.400000000000006,30.074453450019053
2935,45.400000000000006,30.091729236073107
2936,45.400000000000006,30.231977524737708
2937,45.400000000000006,30.33197752473771
2938,45.400000000000006,30.349380935806266
2939,45.400000000000006,30.349380935806266
2940,45.400000000000006,30.349380935806266
2941,45.400000000000006,30.48791208791209
2942,45.400000000000006,30.48791208791209
2943,45.400000000000006,30.48896789485024
2944,45.800000000000004,30.631977524737707
2945,45.800000000000004,30.708888999386737
2946,45.800000000000004,30.774453450019056
2947,45.800000000000004,30.774453450019056
2948,45.800000000000004,30.834878093249134
2949,45.800000000000004,31.074453450019053
2950,45.800000000000004,31.119574693782837
2951,45.800000000000004,31.221817800098343
2952,45.800000000000004,31.274453450019056
2953,45.800000000000004,31.274453450019056
2954,45.800000000000004,31.37445345001905
2955,45.800000000000004,31.374453450019057
2956,45.800000000000004,31.374453450019057
2957,45.800000000000004,31.374453450019057
2958,45.800000000000004,31.374453450019057
2959,45.800000000000004,31.44938093580626
2960,45.800000000000004,31.44938093580626
2961,45.800000000000004,31.628415626605676
2962,45.800000000000004,31.774453450019056
2963,45.800000000000004,31.94938093580626
2964,45.800000000000004,31.94938093580626
2965,45.800000000000004,31.966540699119882
2966,45.800000000000004,31.987912087912083
2967,45.800000000000004,32.031977524737705
2968,45.800000000000004,32.074453450019064
2969,45.800000000000004,32.074453450019064
2970,45.800000000000004,32.18791208791208
2971,45.800000000000004,32.387912087912085
2972,45.800000000000004,32.387912087912085
2973,45.800000000000004,32.474453450019055
2974,45.800000000000004,32.58791208791209
2975,45.800000000000004,32.63487809324913
2976,45.800000000000004,32.63487809324913
2977,45.800000000000004,32.68791208791208
2978,45.800000000000004,32.68791208791208
2979,45.800000000000004,33.034878093249134
2980,45.800000000000004,33.035933900187295
2981,45.800000000000004,33.04938093580627
2982,45.800000000000004,33.04938093580627
2983,45.800000000000004,33.04938093580627
2984,45.800000000000004,33.04938093580627
2985,45.800000000000004,33.04938093580627
2986,45.800000000000004,33.04938093580627
2987,45.800000000000004,33.04938093580627
2988,45.800000000000004,33.04938093580627
2989,45.800000000000004,33.04938093580627
2990,45.800000000000004,33.04938093580627
2991,45.800000000000004,33.17445345001906
2992,45.800000000000004,33.17445345001906
2993,45.800000000000004,33.17445345001906
2994,45.800000000000004,33.44938093580626
2995,45.800000000000004,33.44938093580626
2996,45.800000000000004,33.44938093580626
2997,45.800000000000004,33.44938093580626
2998,45.800000000000004,33.44938093580626
2999,45.800000000000004,33.44938093580626
3000,45.800000000000004,33.44938093580626
3001,45.800000000000004,33.474453450019055
3002,45.800000000000004,33.474453450019055
3003,45.800000000000004,33.63197752473771
3004,45.800000000000004,33.74938093580626
3005,45.800000000000004,33.74938093580626
3006,45.800000000000004,33.74938093580626
3007,45.800000000000004,33.74938093580626
3008,45.800000000000004,34.37445345001906
3009,45.800000000000004,34.37445345001906
3010,45.800000000000004,34.391868463361675
3011,45.800000000000004,34.40888899938673
3012,45.800000000000004,34.58791208791209
3013,45.800000000000004,35.17445345001906
3014,45.800000000000004,35.17445345001906
3015,45.800000000000004,35.17445345001906
3016,45.800000000000004,35.387912087912085
3017,45.800000000000004,35.474453450019055
3018,45.800000000000004,35.474453450019055
3019,45.800000000000004,35.474453450019055
3020,45.800000000000004,35.474453450019055
3021,45.800000000000004,35.534878093249134
3022,50.5,35.58303139796352
3023,50.5,35.73593390018729
3024,50.5,35.77445345001905
3025,50.5,35.77445345001905
3026,50.5,35.87445345001906
3027,50.5,35.87445345001906
3028,50.5,36.13487809324913
3029,50.5,36.18791208791208
3030,50.5,36.30506024895165
3031,50.5,36.40888899938674
3032,50.5,36.431977524737704
3033,50.5,36.474453450019055
3034,50.5,36.57445345001905
3035,50.5,36.78791208791209
3036,50.5,36.93197752473771
3037,50.5,37.108888999386735
3038,50.5,37.1603373499301
3039,50.5,37.17445345001906
3040,50.5,37.23593390018729
3041,50.5,37.33197752473771
3042,50.5,37.33197752473771
3043,50.5,37.63197752473771
3044,50.5,37.63197752473771
3045,50.5,37.63487809324913
3046,50.5,37.73487809324912
3047,50.5,37.73487809324912
3048,50.5,38.13487809324913
3049,50.5,38.14938093580626
3050,50.5,38.14938093580626
3051,50.5,38.14938093580626
3052,50.5,38.14938093580626
3053,50.5,38.14938093580626
3054,50.5,38.14938093580626
3055,50.5,38.431977524737704
3056,50.5,38.474453450019055
3057,50.5,38.474453450019055
3058,50.5,38.474453450019055
3059,50.5,38.474453450019055
3060,50.5,38.474453450019055
3061,50.5,38.474453450019055
3062,50.5,38.474453450019055
3063,50.5,38.549380935806255
3064,50.5,38.549380935806255
3065,50.5,38.549380935806255
3066,50.5,38.549380935806255
3067,50.5,38.549380935806255
3068,50.5,38.549380935806255
3069,50.5,38.549380935806255
3070,50.5,38.549380935806255
3071,50.5,38.549380935806255
3072,50.5,38.549380935806255
3073,50.5,38.549380935806255
3074,50.5,38.549380935806255
3075,50.5,38.549380935806255
3076,50.5,38.549380935806255
3077,50.5,38.57445345001905
3078,50.5,38.574453450019064
3079,50.5,38.574453450019064
3080,50.5,38.78791208791209
3081,50.5,38.916047602472915
3082,50.5,39.03197752473771
3083,50.5,39.14938093580626
3084,50.5,39.14938093580626
3085,50.5,39.14938093580626
3086,50.5,39.14938093580626
3087,50.5,39.14938093580626
3088,50.5,39.14938093580626
3089,50.5,39.14938093580626
3090,50.5,39.14938093580626
3091,50.5,39.14938093580626
3092,50.5,39.14938093580626
3093,50.5,39.14938093580626
3094,50.5,39.14938093580626
3095,50.5,39.14938093580626
3096,50.5,39.14938093580626
3097,50.5,39.14938093580626
3098,50.5,39.14938093580626
3099,50.5,39.191729236073115
3100,50.5,39.27445345001905
3101,50.5,39.27445345001905
3102,50.5,39.27445345001905
3103,50.5,39.416047602472915
3104,50.5,39.416047602472915
3105,50.5,39.416047602472915
3106,50.5,39.608888999386735
3107,50.5,39.83197752473771
3108,50.5,39.887912087912085
3109,50.5,39.94938093580626
3110,50.5,39.94938093580626
3111,50.5,39.94938093580626
3112,60.2,39.94938093580626
3113,60.2,39.94938093580626
3114,60.2,39.94938093580626
3115,60.2,39.94938093580626
3116,60.2,39.94938093580626
3117,60.2,39.94938093580626
3118,60.2,39.94938093580626
3119,60.2,39.94938093580626
3120,60.2,39.94938093580626
3121,60.2,39.94938093580626
3122,60.2,39.94938093580626
3123,60.2,39.94938093580626
3124,60.2,40.04938093580627
3125,60.2,40.11604760247292
3126,60.2,40.11604760247292
3127,60.2,40.11604760247292
3128,60.2,40.187912087912096
3129,60.2,40.24938093580627
3130,60.2,40.24938093580627
3131,60.2,40.24938093580627
3132,60.2,40.31604760247292
3133,60.2,40.31604760247292
3134,60.2,40.31604760247292
3135,60.2,40.31604760247292
3136,60.2,40.31604760247292
3137,60.2,40.31604760247292
3138,60.2,40.31604760247292
3139,60.2,40.31604760247292
3140,60.2,40.31604760247292
3141,60.2,40.43197752473771
3142,60.2,40.531977524737705
3143,60.2,40.57445345001905
3144,60.2,40.57445345001905
3145,60.2,40.83487809324913
3146,60.2,40.974453450019055
3147,60.2,41.13197752473771
3148,60.2,41.17445345001906
3149,60.2,41.23197752473771
3150,60.2,41.37445345001905
3151,60.2,41.449380935806275
3152,60.2,41.449380935806275
3153,60.2,41.51604760247292
3154,60.2,41.51604760247292
3155,60.2,41.51604760247292
3156,60.2,41.51604760247292
3157,60.2,41.51604760247292
3158,60.2,41.51604760247292
3159,60.2,41.51604760247292
3160,60.2,41.51604760247292
3161,60.2,41.51604760247292
3162,60.2,41.51604760247292
3163,60.2,41.53197752473771
3164,60.2,41.57445345001905
3165,60.2,41.57445345001905
3166,60.2,41.57445345001905
3167,60.2,41.87445345001905
3168,60.2,41.87445345001905
3169,60.2,41.974453450019055
3170,60.2,41.974453450019055
3171,60.2,41.974453450019055
3172,60.2,41.974453450019055
3173,60.2,42.37445345001906
3174,60.2,42.63197752473771
3175,60.2,42.7319775247377
3176,60.2,42.931977524737704
3177,60.2,42.931977524737704
3178,60.2,43.13197752473771
3179,60.2,43.2319775247377
3180,60.2,43.27445345001905
3181,60.2,43.27445345001905
3182,60.2,43.27445345001905
3183,60.2,43.27445345001905
3184,60.2,43.27445345001905
3185,60.2,43.434878093249125
3186,60.2,43.54938093580627
3187,60.2,43.54938093580627
3188,60.2,43.54938093580627
3189,60.2,43.608888999386735
3190,60.2,43.61604760247292
3191,60.2,43.61604760247292
3192,60.2,43.61604760247292
3193,60.2,43.61604760247292
3194,60.2,43.61604760247292
3195,60.2,43.61604760247292
3196,60.2,43.61604760247292
3197,60.2,43.61604760247292
3198,60.2,43.61604760247292
3199,60.2,43.61604760247292
3200,60.2,43.61604760247292
3201,60.2,43.61604760247292
3202,60.2,43.61604760247292
3203,60.2,43.61604760247292
3204,60.2,43.816047602472935
3205,60.2,43.887912087912085
3206,60.2,44.07445345001905
3207,60.2,44.07445345001905
3208,60.2,44.216047602472926
3209,60.2,44.24938093580627
3210,60.2,44.33197752473771
3211,60.2,44.716047602472926
3212,60.2,44.74938093580626
3213,60.2,44.74938093580626
3214,60.2,44.74938093580626
3215,60.2,44.74938093580626
3216,60.2,44.74938093580626
3217,60.2,44.74938093580626
3218,60.2,44.74938093580626
3219,60.2,44.74938093580626
3220,60.2,44.74938093580626
3221,60.2,44.74938093580626
3222,60.2,44.74938093580626
3223,60.2,44.74938093580626
3224,60.2,44.74938093580626
3225,60.2,44.74938093580627
3226,60.2,45.01604760247294
3227,60.2,45.08791208791209
3228,60.2,45.216047602472926
3229,60.2,45.316047602472935
3230,60.2,45.316047602472935
3231,60.2,45.316047602472935
3232,60.2,45.37445345001905
3233,60.2,45.54938093580627
3234,60.2,45.61604760247293
3235,60.2,45.64649196956889
3236,60.2,45.64938093580628
3237,60.2,45.716047602472926
3238,60.2,45.716047602472926
3239,60.2,45.716047602472926
3240,60.2,45.716047602472926
3241,60.2,45.716047602472926
3242,60.2,45.716047602472926
3243,60.2,45.716047602472926
3244,60.2,45.716047602472926
3245,60.2,45.716047602472926
3246,60.2,45.716047602472926
3247,60.2,45.716047602472926
3248,60.2,45.716047602472926
3249,60.2,45.716047602472926
3250,60.2,45.716047602472926
3251,60.2,45.716047602472926
3252,60.2,45.716047602472926
3253,60.2,45.716047602472926
3254,60.2,45.716047602472926
3255,60.2,45.716047602472926
3256,60.2,45.716047602472926
3257,60.2,45.716047602472926
3258,60.2,45.716047602472926
3259,60.2,46.2319775247377
3260,60.2,46.27445345001905
3261,60.2,46.30888899938674
3262,60.2,46.349380935806266
3263,60.2,46.349380935806266
3264,60.2,46.349380935806266
3265,60.2,46.349380935806266
3266,60.2,46.349380935806266
3267,60.2,46.41604760247293
3268,60.2,46.41604760247293
3269,60.2,46.41604760247293
3270,60.2,46.41604760247293
3271,60.2,46.41604760247293
3272,60.2,46.41604760247293
3273,60.2,46.41604760247293
3274,60.2,46.41604760247293
3275,60.2,46.41604760247293
3276,60.2,46.41604760247293
3277,60.2,46.41604760247293
3278,60.2,46.41604760247293
3279,60.2,46.41604760247293
3280,60.2,46.41604760247293
3281,60.2,46.41604760247293
3282,60.2,46.41604760247293
3283,60.2,46.41604760247293
3284,60.2,46.41604760247293
3285,60.2,46.41604760247293
3286,60.2,46.41604760247293
3287,60.2,46.41604760247293
3288,60.2,46.41604760247293
3289,60.2,46.41604760247293
3290,60.2,46.41604760247293
3291,60.2,46.41604760247293
3292,60.2,46.41604760247293
3293,60.2,46.41604760247293
3294,60.2,46.41604760247293
3295,60.2,46.54938093580627
3296,60.2,46.58791208791209
3297,60.2,46.61604760247293
3298,60.2,46.77445345001905
3299,60.2,47.04938093580627
3300,60.2,47.07445345001905
3301,60.2,47.07445345001905
3302,60.2,47.07445345001905
3303,60.2,47.07445345001905
3304,60.2,47.11604760247293
3305,60.2,47.11604760247293
3306,60.2,47.17445345001906
3307,60.2,47.17445345001906
3308,60.2,47.17445345001906
3309,60.2,47.46033734993011
3310,60.2,47.474453450019055
3311,60.2,47.51604760247294
3312,60.2,47.58791208791209
3313,60.2,47.58791208791209
3314,60.2,47.63197752473771
3315,60.2,47.64649196956889
3316,60.2,47.74938093580627
3317,60.2,47.74938093580627
3318,60.2,47.81604760247292
3319,60.2,47.81604760247292
3320,60.2,47.81604760247292
3321,60.2,47.81604760247292
3322,60.2,47.81604760247292
3323,60.2,47.81604760247292
3324,60.2,47.81604760247292
3325,60.2,47.81604760247292
3326,60.2,47.81604760247292
3327,60.2,47.81604760247292
3328,60.2,47.81604760247292
3329,60.2,47.81604760247292
3330,60.2,47.81604760247292
3331,60.2,47.81604760247292
3332,60.2,47.81604760247292
3333,60.2,47.81604760247292
3334,60.2,47.85839590273977
3335,60.2,47.85839590273977
3336,60.2,47.865616384620914
3337,60.2,47.949380935806275
3338,60.2,48.01604760247294
3339,60.2,48.174453450019044
3340,60.2,48.216047602472926
3341,60.2,48.216047602472926
3342,60.2,48.24938093580627
3343,60.2,48.24938093580627
3344,60.2,48.24938093580627
3345,60.2,48.31604760247292
3346,60.2,48.31604760247292
3347,60.2,48.31604760247292
3348,60.2,48.31604760247292
3349,60.2,48.31604760247292
3350,60.2,48.31604760247292
3351,60.2,48.31604760247292
3352,60.2,48.31604760247292
3353,60.2,48.31604760247292
3354,60.2,48.31604760247292
3355,60.2,48.31604760247292
3356,60.2,48.31604760247292
3357,60.2,48.31604760247292
3358,60.2,48.31604760247292
3359,60.2,48.31604760247292
3360,60.2,48.31604760247292
3361,60.2,48.31604760247292
3362,60.2,48.474453450019055
3363,60.2,48.474453450019055
3364,60.2,48.474453450019055
3365,60.2,48.51604760247294
3366,60.2,48.64649196956889
3367,60.2,48.74938093580627
3368,60.2,48.74938093580627
3369,60.2,48.816047602472935
3370,60.2,49.00888899938674
3371,60.2,49.1359339001873
3372,60.2,49.14938093580626
3373,60.2,49.14938093580626
3374,60.2,49.28791208791209
3375,60.2,49.335933900187285
3376,60.2,49.349380935806266
3377,60.2,49.41604760247293
3378,60.2,49.716047602472926
3379,60.2,49.73197752473771
3380,60.2,49.74938093580627
3381,60.2,49.74938093580627
3382,60.2,49.74938093580627
3383,60.2,49.75839590273978
3384,60.2,49.81604760247292
3385,60.2,49.81604760247292
3386,60.2,49.81604760247292
3387,60.2,49.81604760247292
3388,60.2,49.81604760247292
3389,60.2,49.81604760247292
3390,60.2,49.81604760247292
3391,60.2,49.81604760247292
3392,60.2,49.81604760247292
3393,60.2,49.81604760247292
3394,60.2,49.81604760247292
3395,60.2,49.81604760247292
3396,60.2,49.81604760247292
3397,60.2,49.81604760247292
3398,60.2,49.81604760247292
3399,60.2,49.81604760247292
3400,60.2,49.81604760247292
3401,60.2,49.81604760247292
3402,60.2,49.81604760247292
3403,60.2,49.81604760247292
3404,60.2,49.91604760247293
3405,60.2,50.07445345001905
3406,60.2,50.431977524737704
3407,60.2,50.61604760247293
3408,60.2,51.13197752473771
3409,60.2,51.17445345001906
3410,60.2,51.17445345001906
3411,60.2,51.54938093580627
3412,60.2,51.57445345001905
3413,60.2,51.57445345001905
3414,60.2,51.68791208791208
3415,60.2,51.816047602472935
3416,60.2,51.816047602472935
3417,60.2,51.87445345001905
3418,60.2,52.02181780009834
3419,60.2,52.23487809324912
3420,60.2,52.41604760247293
3421,60.2,52.41604760247293
3422,60.2,52.41604760247293
3423,60.2,52.431977524737704
3424,60.2,52.53487809324912
3425,60.2,52.53487809324912
3426,60.2,53.03197752473771
3427,60.2,53.11604760247293
3428,60.2,53.11604760247293
3429,60.2,53.13487809324913
3430,60.2,53.13487809324913
3431,60.2,53.13487809324913
3432,60.2,53.21604760247294
3433,60.2,53.21604760247294
3434,60.2,53.21604760247294
3435,60.2,53.21604760247294
3436,60.2,53.431977524737704
3437,60.2,53.431977524737704
3438,60.2,54.09172923607312
3439,60.2,54.11604760247293
3440,60.2,54.11604760247293
3441,60.2,54.11604760247293
3442,60.2,54.16548489218172
3443,60.2,54.24938093580627
3444,60.2,54.316047602472935
3445,60.2,54.446491969568896
3446,60.2,54.816047602472935
3447,60.2,54.816047602472935
3448,60.2,54.849380935806266
3449,60.2,54.849380935806266
3450,60.2,54.849380935806266
3451,60.2,54.849380935806266
3452,60.2,54.86654069911988
3453,60.2,54.91604760247293
3454,60.2,54.91604760247293
3455,60.2,54.91604760247293
3456,60.2,54.91604760247293
3457,60.2,54.91604760247293
3458,60.2,54.91604760247293
3459,60.2,54.91604760247293
3460,60.2,54.91604760247293
3461,60.2,54.91604760247293
3462,60.2,54.91604760247293
3463,60.2,54.91604760247293
3464,60.2,54.91604760247293
3465,60.2,54.91604760247293
3466,60.2,54.91604760247293
3467,60.2,54.91604760247293
3468,60.2,54.91604760247293
3469,60.2,54.91604760247293
3470,60.2,54.91604760247293
3471,60.2,54.91604760247293
3472,60.2,54.91604760247293
3473,60.2,54.91604760247293
3474,60.2,54.91604760247293
3475,60.2,54.91604760247293
3476,60.2,54.91604760247293
3477,60.2,54.91604760247293
3478,60.2,54.91604760247293
3479,60.2,54.91604760247293
3480,60.2,54.91604760247293
3481,60.2,54.91604760247293
3482,60.2,54.91604760247293
3483,60.2,54.91604760247293
3484,60.2,54.91604760247293
3485,60.2,54.91604760247293
3486,60.2,54.91604760247293
3487,60.2,54.91604760247293
3488,60.2,54.91604760247293
3489,60.2,54.91604760247293
3490,60.2,54.91604760247293
3491,60.2,54.91604760247293
3492,60.2,54.91604760247293
3493,60.2,54.91604760247293
3494,60.2,54.91604760247293
3495,60.2,54.91604760247293
3496,60.2,54.91604760247293
3497,60.2,54.91604760247293
3498,60.2,54.91604760247293
3499,60.2,54.91604760247293
3500,60.2,54.91604760247293
3501,60.2,54.91604760247293
3502,60.2,54.91604760247293
3503,60.2,54.91604760247293
3504,60.2,54.91604760247293
3505,60.2,54.91604760247293
3506,60.2,54.91604760247293
3507,60.2,54.91604760247293
3508,60.2,54.91604760247293
3509,60.2,54.91604760247293
3510,60.2,54.91604760247293
3511,60.2,54.91604760247293
3512,60.2,54.91604760247293
3513,60.2,54.91604760247293
3514,60.2,55.03487809324912
3515,60.2,55.449380935806275
3516,60.2,55.449380935806275
3517,60.2,55.449380935806275
3518,60.2,55.449380935806275
3519,60.2,55.449380935806275
3520,60.2,55.51604760247292
3521,60.2,55.51604760247292
3522,60.2,55.51604760247292
3523,60.2,55.51604760247292
3524,60.2,55.51604760247292
3525,60.2,55.51604760247292
3526,60.2,55.51604760247292
3527,60.2,55.51604760247292
3528,60.2,55.51604760247292
3529,60.2,55.51604760247292
3530,60.2,55.51604760247292
3531,60.2,55.51604760247292
3532,60.2,55.51604760247292
3533,60.2,55.51604760247292
3534,60.2,55.51604760247292
3535,60.2,55.51604760247292
3536,60.2,55.51604760247292
3537,60.2,55.51604760247292
3538,60.2,55.51604760247292
3539,60.2,55.51604760247292
3540,60.2,55.51604760247292
3541,60.2,55.51604760247292
3542,60.2,55.51604760247292
3543,60.2,55.51604760247292
3544,60.2,55.51604760247292
3545,60.2,55.51604760247292
3546,60.2,55.51604760247292
3547,60.2,55.51604760247292
3548,60.2,55.51604760247292
3549,60.2,55.51604760247292
3550,60.2,55.51604760247292
3551,60.2,55.51604760247292
3552,60.2,55.51604760247292
3553,60.2,55.51604760247292
3554,60.2,55.51604760247292
3555,60.2,55.51604760247292
3556,60.2,55.51604760247292
3557,60.2,55.51604760247292
3558,60.2,55.51604760247292
3559,60.2,55.51604760247292
3560,60.2,55.51604760247292
3561,60.2,55.51604760247292
3562,60.2,55.51604760247292
3563,60.2,55.51604760247292
3564,60.2,55.51604760247292
3565,60.2,55.51604760247292
3566,60.2,55.51604760247292
3567,60.2,55.51604760247292
3568,60.2,55.51604760247292
3569,60.2,55.51604760247292
3570,60.2,55.51604760247292
3571,60.2,55.51604760247292
3572,60.2,55.51604760247292
3573,60.2,55.51604760247292
3574,60.2,55.51604760247292
3575,60.2,55.51604760247292
3576,60.2,55.51604760247292
3577,60.2,55.51604760247292
3578,60.2,55.51604760247292
3579,60.2,55.51604760247292
3580,60.2,55.51604760247292
3581,60.2,55.51604760247292
3582,60.2,55.51604760247292
3583,60.2,55.51604760247292
3584,60.2,55.51604760247292
3585,60.2,55.51604760247292
3586,60.2,55.51604760247292
3587,60.2,55.51604760247292
3588,60.2,55.51604760247292
3589,60.2,55.51604760247292
3590,60.2,55.51604760247292
3591,60.2,55.51604760247292
3592,60.2,55.51604760247292
3593,60.2,55.51604760247292
3594,60.2,55.51604760247292
3595,60.2,55.51604760247292
3596,60.2,55.51604760247292
3597,60.2,55.51604760247292
3598,60.2,55.51604760247292
3599,60.2,55.51604760247292
3600,60.2,55.51604760247292
3601,60.2,55.51604760247292
3602,60.2,55.51604760247292
3603,60.2,55.51604760247292
3604,60.2,55.51604760247292
3605,60.2,55.51604760247292
3606,60.2,55.51604760247292
3607,60.2,55.51604760247292
3608,60.2,55.51604760247292
3609,60.2,55.51604760247292
3610,60.2,55.51604760247292
3611,60.2,55.51604760247292
3612,60.2,55.51604760247292
3613,60.2,55.51604760247294
3614,60.2,55.51604760247294
3615,60.2,55.51604760247294
3616,60.2,55.558395902739775
3617,60.2,55.558395902739775
3618,60.2,55.64938093580628
3619,60.2,55.64938093580628
3620,60.2,55.64938093580628
3621,60.2,55.71604760247294
3622,60.2,55.71604760247294
3623,60.2,55.71604760247294
3624,60.2,55.849380935806266
3625,60.2,55.91604760247293
3626,60.2,55.91604760247293
3627,60.2,55.91604760247293
3628,60.2,55.91604760247293
3629,60.2,55.91604760247293
3630,60.2,56.08791208791209
3631,60.2,56.24938093580627
3632,60.2,56.24938093580627
3633,60.2,56.24938093580627
3634,60.2,56.24938093580627
3635,60.2,56.24938093580627
3636,60.2,56.24938093580627
3637,60.2,56.24938093580627
3638,60.2,56.24938093580627
3639,60.2,56.24938093580627
3640,60.2,56.27445345001905
3641,60.2,56.31604760247292
3642,60.2,56.31604760247292
3643,60.2,56.31604760247292
3644,60.2,56.31604760247292
3645,60.2,56.31604760247292
3646,60.2,56.31604760247292
3647,60.2,56.31604760247292
3648,60.2,56.31604760247292
3649,60.2,56.31604760247292
3650,60.2,56.31604760247292
3651,60.2,56.31604760247292
3652,60.2,56.31604760247292
3653,60.2,56.31604760247292
3654,60.2,56.31604760247292
3655,60.2,56.31604760247292
3656,60.2,56.31604760247292
3657,60.2,56.31604760247292
3658,60.2,56.31604760247292
3659,60.2,56.31604760247292
3660,60.2,56.31604760247292
3661,60.2,56.31604760247292
3662,60.2,56.31604760247292
3663,60.2,56.31604760247292
3664,60.2,56.31604760247292
3665,60.2,56.31604760247292
3666,60.2,56.31604760247292
3667,60.2,56.31604760247292
3668,60.2,56.31604760247292
3669,60.2,56.31604760247292
3670,60.2,56.31604760247292
3671,60.2,56.31604760247292
3672,60.2,56.31604760247292
3673,60.2,56.31604760247292
3674,60.2,56.31604760247292
3675,60.2,56.31604760247292
3676,60.2,56.31604760247292
3677,60.2,56.31604760247292
3678,60.2,56.31604760247292
3679,60.2,56.31604760247292
3680,60.2,56.31604760247292
3681,60.2,56.31604760247292
3682,60.2,56.31604760247292
3683,60.2,56.31604760247292
3684,60.2,56.31604760247292
3685,60.2,56.31604760247292
3686,60.2,56.31604760247292
3687,60.2,56.31604760247292
3688,60.2,56.31604760247292
3689,60.2,56.31604760247292
3690,60.2,56.31604760247292
3691,60.2,56.31604760247292
3692,60.2,56.31604760247292
3693,60.2,56.31604760247292
3694,60.2,56.31604760247292
3695,60.2,56.31604760247292
3696,60.2,56.31604760247292
3697,60.2,56.31604760247292
3698,60.2,56.31604760247292
3699,60.2,56.31604760247292
3700,60.2,56.31604760247292
3701,60.2,56.31604760247292
3702,60.2,56.31604760247292
3703,60.2,56.31604760247292
3704,60.2,56.31604760247292
3705,60.2,56.31604760247292
3706,60.2,56.31604760247292
3707,60.2,56.31604760247292
3708,60.2,56.31604760247292
3709,60.2,56.31604760247292
3710,60.2,56.31604760247292
3711,60.2,56.31604760247292
3712,60.2,56.31604760247292
3713,60.2,56.31604760247292
3714,60.2,56.31604760247292
3715,60.2,56.31604760247292
3716,60.2,56.31604760247292
3717,60.2,56.31604760247292
3718,60.2,56.31604760247292
3719,60.2,56.31604760247292
3720,60.2,56.31604760247292
3721,60.2,56.31604760247292
3722,60.2,56.31604760247292
3723,60.2,56.31604760247292
3724,60.2,56.31604760247292
3725,60.2,56.31604760247292
3726,60.2,56.31604760247292
3727,60.2,56.31604760247292
3728,60.2,56.31604760247292
3729,60.2,56.31604760247292
3730,60.2,56.31604760247292
3731,60.2,56.31604760247292
3732,60.2,56.31604760247292
3733,60.2,56.31604760247292
3734,60.2,56.31604760247292
3735,60.2,56.31604760247292
3736,60.2,56.35839590273977
3737,60.2,56.434878093249125
3738,60.2,56.434878093249125
3739,60.2,56.674453450019044
3740,60.2,56.674453450019044
3741,60.2,56.674453450019044
3742,60.2,56.674453450019044
3743,60.2,57.041120116685704
3744,60.2,57.187912087912096
3745,60.2,57.27445345001905
3746,60.2,57.27445345001905
3747,60.2,57.27445345001905
3748,60.2,57.27445345001905
3749,60.2,57.27445345001905
3750,60.2,57.27445345001905
3751,60.2,57.27445345001905
3752,60.2,57.541120116685704
3753,60.2,57.541120116685704
3754,60.2,57.61604760247293
3755,60.2,57.61604760247293
3756,60.2,57.61604760247293
3757,60.2,57.61604760247293
3758,60.2,57.61604760247293
3759,60.2,57.61604760247293
3760,60.2,57.61604760247293
3761,60.2,57.61604760247293
3762,60.2,57.63197752473771
3763,60.2,57.887912087912085
3764,60.2,58.07445345001905
3765,60.2,58.13197752473771
3766,60.2,58.24112011668571
3767,60.2,58.24112011668571
3768,60.2,58.24112011668571
3769,60.2,58.37445345001906
3770,60.2,58.37445345001906
3771,60.2,58.434878093249125
3772,60.2,58.44112011668571
3773,60.2,58.44112011668571
3774,60.2,58.44112011668571
3775,60.2,58.44112011668571
3776,60.2,59.03197752473771
3777,60.2,59.21604760247294
3778,60.2,59.21604760247294
3779,60.2,59.316047602472935
3780,60.2,59.316047602472935
3781,60.2,59.316047602472935
3782,60.2,59.316047602472935
3783,60.2,59.33197752473771
3784,60.2,59.574453450019064
3785,60.2,59.64112011668571
3786,60.2,59.64112011668571
3787,60.2,59.64112011668571
3788,60.2,60.2
3789,60.2,60.2
3790,60.2,60.2
3791,60.2,60.2
3792,60.2,60.2
3793,60.2,60.2
3794,60.2,60.2
3795,60.2,60.2
3796,60.2,60.2
3797,60.2,60.2
3798,60.2,60.2
3799,60.2,60.2
3800,60.2,60.2
3801,60.2,60.2
3802,60.2,60.2
3803,60.2,60.2
3804,60.2,60.2
3805,60.2,60.2
3806,60.2,60.2
3807,60.2,60.2
3808,60.2,60.2
3809,60.2,60.2
3810,60.2,60.2
3811,60.2,60.2
3812,60.2,60.2
3813,60.2,60.2
3814,60.2,60.2
3815,60.2,60.2
3816,60.2,60.2
3817,60.2,60.2
3818,60.2,60.2
3819,60.2,60.2
3820,60.2,60.2
3821,60.2,60.2
3822,60.2,60.2
3823,60.2,60.2
3824,60.2,60.2
3825,60.2,60.2
3826,60.2,60.2
3827,60.2,60.2
3828,60.2,60.2
3829,60.2,60.2
3830,60.2,60.2
3831,60.2,60.2
3832,60.2,60.2
3833,60.2,60.2
3834,60.2,60.2
3835,60.2,60.2
3836,60.2,60.2
3837,60.2,60.2
3838,60.2,60.2
3839,60.2,60.2
3840,60.2,60.2
3841,60.2,60.2
3842,60.2,60.2
3843,60.2,60.2
3844,60.2,60.2
3845,60.2,60.2
3846,60.2,60.2
3847,60.2,60.2
3848,60.2,60.2
3849,60.2,60.2
3850,60.2,60.2
3851,60.2,60.2
3852,60.2,60.2
3853,60.2,60.2
3854,60.2,60.2
3855,60.2,60.2
3856,60.2,60.2
3857,60.2,60.2
3858,60.2,60.2
3859,60.2,60.2
3860,60.2,60.2
3861,60.2,60.2
3862,60.2,60.2
3863,60.2,60.2
3864,60.2,60.2
3865,60.2,60.2
3866,60.2,60.2
3867,60.2,60.2
3868,60.2,60.2
3869,60.2,60.2
3870,60.2,60.2
3871,60.2,60.2
3872,60.2,60.2
3873,60.2,60.2
3874,60.2,60.2
3875,60.2,60.2
3876,60.2,60.2
3877,60.2,60.2
3878,60.2,60.2
3879,60.2,60.2
3880,60.2,60.2
3881,60.2,60.2
3882,60.2,60.2
3883,60.2,60.2
3884,60.2,60.2
3885,60.2,60.2
3886,60.2,60.2
3887,60.2,60.2
3888,60.2,60.2
3889,60.2,60.2
3890,60.2,60.2
3891,60.2,60.2
3892,60.2,60.2
3893,60.2,60.2
3894,60.2,60.2
3895,60.2,60.2
3896,60.2,60.2
3897,60.2,60.2
3898,60.2,60.2
3899,60.2,60.2
3900,60.2,60.2
3901,60.2,60.2
3902,60.2,60.2
3903,60.2,60.2
3904,60.2,60.2
3905,60.2,60.2
3906,60.2,60.2
3907,60.2,60.2
3908,60.2,60.2
3909,60.2,60.2
3910,60.2,60.2
3911,60.2,60.2
3912,60.2,60.2
3913,60.2,60.2
3914,60.2,60.2
3915,60.2,60.2
3916,60.2,60.2
3917,60.2,60.2
3918,60.2,60.2
3919,60.2,60.2
3920,60.2,60.2
3921,60.2,60.2
3922,60.2,60.2
3923,60.2,60.2
3924,60.2,60.2
3925,60.2,60.2
3926,60.2,60.2
3927,60.2,60.2
3928,60.2,60.2
3929,60.2,60.2
3930,60.2,60.2
3931,60.2,60.2
3932,60.2,60.2
3933,60.2,60.2
3934,60.2,60.2
3935,60.2,60.2
3936,60.2,60.2
3937,60.2,60.2
3938,60.2,60.2
3939,60.2,60.2
3940,60.2,60.2
3941,60.2,60.2
3942,60.2,60.2
3943,60.2,60.2
3944,60.2,60.2
3945,60.2,60.2
3946,60.2,60.2
3947,60.2,60.2
3948,60.2,60.2
3949,60.2,60.2
3950,60.2,60.2
3951,60.2,60.2
3952,60.2,60.2
3953,60.2,60.2
3954,60.2,60.2
3955,60.2,60.2
3956,60.2,60.2
3957,60.2,60.2
3958,60.2,60.2
3959,60.2,60.2
3960,60.2,60.2
3961,60.2,60.2
3962,60.2,60.2
3963,60.2,60.2
3964,60.2,60.2
3965,60.2,60.2
3966,60.2,60.2
3967,60.2,60.2
3968,60.2,60.2
3969,60.2,60.2
3970,60.2,60.2
3971,60.2,60.2
3972,60.2,60.2
3973,60.2,60.2
3974,60.2,60.2
3975,60.2,60.2
3976,60.2,60.2
3977,60.2,60.2
3978,60.2,60.2
3979,60.2,60.2
3980,60.2,60.2
3981,60.2,60.2
3982,60.2,60.2
3983,60.2,60.2
3984,60.2,60.2
3985,60.2,60.2
3986,60.2,60.2
3987,60.2,60.2
3988,60.2,60.2
3989,60.2,60.2
3990,60.2,60.2
3991,60.2,60.2
3992,60.2,60.2
3993,60.2,60.2
3994,60.2,60.2
3995,60.2,60.2
3996,60.2,60.2
3997,60.2,60.2
3998,60.2,60.2
3999,60.2,60.2
4000,60.2,60.2
4001,60.2,60.2
4002,60.2,60.2
4003,60.2,60.2
4004,60.2,60.2
4005,60.2,60.2
4006,60.2,60.2
4007,60.2,60.2
4008,60.2,60.2
4009,60.2,60.2
4010,60.2,60.2
4011,60.2,60.2
4012,60.2,60.2
4013,60.2,60.2
4014,60.2,60.2
4015,60.2,60.2
4016,60.2,60.2
4017,60.2,60.2
4018,60.2,60.2
4019,60.2,60.2
4020,60.2,60.2
4021,60.2,60.2
4022,60.2,60.2
4023,60.2,60.2
4024,60.2,60.2
4025,60.2,60.2
4026,60.2,60.2
4027,60.2,60.2
4028,60.2,60.2
4029,60.2,60.2
4030,60.2,60.2
4031,60.2,60.2
4032,60.2,60.2
4033,60.2,60.2
4034,60.2,60.2
4035,60.2,60.2
4036,60.2,60.2
4037,60.2,60.2
4038,60.2,60.2
4039,60.2,60.2
4040,60.2,60.2
4041,60.2,60.2
4042,60.2,60.2
4043,60.2,60.2
4044,60.2,60.2
4045,60.2,60.2
4046,60.2,60.2
4047,60.2,60.2
4048,60.2,60.2
4049,60.2,60.2
4050,60.2,60.2
4051,60.2,60.2
4052,60.2,60.2
4053,60.2,60.2
4054,60.2,60.2
4055,60.2,60.2
4056,60.2,60.2
4057,60.2,60.2
4058,60.2,60.2
4059,60.2,60.2
4060,60.2,60.2
4061,60.2,60.2
4062,60.2,60.2
4063,60.2,60.2
4064,60.2,60.2
4065,60.2,60.2
4066,60.2,60.2
4067,60.2,60.2
4068,60.2,60.2
4069,60.2,60.2
4070,60.2,60.2
4071,60.2,60.2
4072,60.2,60.2
4073,60.2,60.2
4074,60.2,60.2
4075,60.2,60.2
4076,60.2,60.2
4077,60.2,60.2
4078,60.2,60.2
4079,60.2,60.2
4080,60.2,60.2
4081,60.2,60.2
4082,60.2,60.2
4083,60.2,60.2
4084,60.2,60.2
4085,60.2,60.2
4086,60.2,60.2
4087,60.2,60.2
4088,60.2,60.2
4089,60.2,60.2
4090,60.2,60.2
4091,60.2,60.2
4092,60.2,60.2
4093,60.2,60.2
4094,60.2,60.2
4095,60.2,60.2
4096,60.2,60.2
4097,60.2,60.2
4098,60.2,60.2
4099,60.2,60.2
4100,60.2,60.2
4101,60.2,60.2
4102,60.2,60.2
4103,60.2,60.2
4104,60.2,60.2
4105,60.2,60.2
4106,60.2,60.2
4107,60.2,60.2
4108,60.2,60.2
4109,60.2,60.2
4110,60.2,60.2
4111,60.2,60.2
4112,60.2,60.2
4113,60.2,60.2
4114,60.2,60.2
4115,60.2,60.2
4116,60.2,60.2
4117,60.2,60.2
4118,60.2,60.2
4119,60.2,60.2
4120,60.2,60.2
4121,60.2,60.2
4122,60.2,60.2
4123,60.2,60.2
4124,60.2,60.2
4125,60.2,60.2
4126,60.2,60.2
4127,60.2,60.2
4128,60.2,60.2
4129,60.2,60.2
4130,60.2,60.2
4131,60.2,60.2
4132,60.2,60.2
4133,60.2,60.2
4134,60.2,60.2
4135,60.2,60.2
4136,60.2,60.2
4137,60.2,60.2
4138,60.2,60.2
4139,60.2,60.2
4140,60.2,60.2
4141,60.2,60.2
4142,60.2,60.2
4143,60.2,60.2
4144,60.2,60.2
4145,60.2,60.2
4146,60.2,60.2
4147,60.2,60.2
4148,60.2,60.2
4149,60.2,60.2
4150,60.2,60.2
4151,60.2,60.2
4152,60.2,60.2
4153,60.2,60.2
4154,60.2,60.2
4155,60.2,60.2
4156,60.2,60.2
4157,60.2,60.2
4158,60.2,60.2
4159,60.2,60.2
4160,60.2,60.2
4161,60.2,60.2
4162,60.2,60.2
4163,60.2,60.2
4164,60.2,60.2
4165,60.2,60.2
4166,60.2,60.2
4167,60.2,60.2
4168,60.2,60.2
4169,60.2,60.2
4170,60.2,60.2
4171,60.2,60.2
4172,60.2,60.2
4173,60.2,60.2
4174,60.2,60.2
4175,60.2,60.2
4176,60.2,60.2
4177,60.2,60.2
4178,60.2,60.2
4179,60.2,60.2
4180,60.2,60.2
4181,60.2,60.2
4182,60.2,60.2
4183,60.2,60.2
4184,60.2,60.2
4185,60.2,60.2
4186,60.2,60.2
4187,60.2,60.2
4188,60.2,60.2
4189,60.2,60.2
4190,60.2,60.2
4191,60.2,60.2
4192,60.2,60.2
4193,60.2,60.2
4194,60.2,60.2
4195,60.2,60.2
4196,60.2,60.2
4197,60.2,60.2
4198,60.2,60.2
4199,60.2,60.2
4200,60.2,60.2
4201,60.2,60.2
4202,60.2,60.2
4203,60.2,60.2
4204,60.2,60.2
4205,60.2,60.2
4206,60.2,60.2
4207,60.2,60.2
4208,60.2,60.2
4209,60.2,60.2
4210,60.2,60.2
4211,60.2,60.2
4212,60.2,60.2
4213,60.2,60.2
4214,60.2,60.2
4215,60.2,60.2
4216,60.2,60.2
4217,60.2,60.2
4218,60.2,60.2
4219,60.2,60.2
4220,60.2,60.2
4221,60.2,60.2
4222,60.2,60.2
4223,60.2,60.2
4224,60.2,60.2
4225,60.2,60.2
4226,60.2,60.2
4227,60.2,60.2
4228,60.2,60.2
4229,60.2,60.2
4230,60.2,60.2
4231,60.2,60.2
4232,60.2,60.2
4233,60.2,60.2
4234,60.2,60.2
4235,60.2,60.2
4236,60.2,60.2
4237,60.2,60.2
4238,60.2,60.2
4239,60.2,60.2
4240,60.2,60.2
4241,60.2,60.2
4242,60.2,60.2
4243,60.2,60.2
4244,60.2,60.2
4245,60.2,60.2
4246,60.2,60.2
4247,60.2,60.2
4248,60.2,60.2
4249,60.2,60.2
4250,60.2,60.2
4251,60.2,60.2
4252,60.2,60.2
4253,60.2,60.2
4254,60.2,60.2
4255,60.2,60.2
4256,60.2,60.2
4257,60.2,60.2
4258,60.2,60.2
4259,60.2,60.2
4260,60.2,60.2
4261,60.2,60.2
4262,60.2,60.2
4263,60.2,60.2
4264,60.2,60.2
4265,60.2,60.2
4266,60.2,60.2
4267,60.2,60.2
4268,60.2,60.2
4269,60.2,60.2
4270,60.2,60.2
4271,60.2,60.2
4272,60.2,60.2
4273,60.2,60.2
4274,60.2,60.2
4275,60.2,60.2
4276,60.2,60.2
4277,60.2,60.2
4278,60.2,60.2
4279,60.2,60.2
4280,60.2,60.2
4281,60.2,60.2
4282,60.2,60.2
4283,60.2,60.2
4284,60.2,60.2
4285,60.2,60.2
4286,60.2,60.2
4287,60.2,60.2
4288,60.2,60.2
4289,60.2,60.2
4290,60.2,60.2
4291,60.2,60.2
4292,60.2,60.2
4293,60.2,60.2
4294,60.2,60.2
4295,60.2,60.2
4296,60.2,60.2
4297,60.2,60.2
4298,60.2,60.2
4299,60.2,60.2
4300,60.2,60.2
4301,60.2,60.2
4302,60.2,60.2
4303,60.2,60.2
4304,60.2,60.2
4305,60.2,60.2
4306,60.2,60.2
4307,60.2,60.2
4308,60.2,60.2
4309,60.2,60.2
4310,60.2,60.2
4311,60.2,60.2
4312,60.2,60.2
4313,60.2,60.2
4314,60.2,60.2
4315,60.2,60.2
4316,60.2,60.2
4317,60.2,60.2
4318,60.2,60.2
4319,60.2,60.2
4320,60.2,60.2
4321,60.2,60.2
4322,60.2,60.2
4323,60.2,60.2
4324,60.2,60.2
4325,60.2,60.2
4326,60.2,60.2
4327,60.2,60.2
4328,60.2,60.2
4329,60.2,60.2
4330,60.2,60.2
4331,60.2,60.2
4332,60.2,60.2
4333,60.2,60.2
4334,60.2,60.2
4335,60.2,60.2
4336,60.2,60.2
4337,60.2,60.2
4338,60.2,60.2
4339,60.2,60.2
4340,60.2,60.2
4341,60.2,60.2
4342,60.2,60.2
4343,60.2,60.2
4344,60.2,60.2
4345,60.2,60.2
4346,60.2,60.2
4347,60.2,60.2
4348,60.2,60.2
4349,60.2,60.2
4350,60.2,60.2
4351,60.2,60.2
4352,60.2,60.2
4353,60.2,60.2
4354,60.2,60.2
4355,60.2,60.2
4356,60.2,60.2
4357,60.2,60.2
4358,60.2,60.2
4359,60.2,60.2
4360,60.2,60.2
4361,60.2,60.2
4362,60.2,60.2
4363,60.2,60.2
4364,60.2,60.2
4365,60.2,60.2
4366,60.2,60.2
4367,60.2,60.2
4368,60.2,60.2
4369,60.2,60.2
4370,60.2,60.2
4371,60.2,60.2
4372,60.2,60.2
4373,60.2,60.2
4374,60.2,60.2
4375,60.2,60.2
4376,60.2,60.2
4377,60.2,60.2
4378,60.2,60.2
4379,60.2,60.2
4380,60.2,60.2
4381,60.2,60.2
4382,60.2,60.2
4383,60.2,60.2
4384,60.2,60.2
4385,60.2,60.2
4386,60.2,60.2
4387,60.2,60.2
4388,60.2,60.2
4389,60.2,60.2
4390,60.2,60.2
4391,60.2,60.2
4392,60.2,60.2
4393,60.2,60.2
4394,60.2,60.2
4395,60.2,60.2
4396,60.2,60.2
4397,60.2,60.2
4398,60.2,60.2
4399,60.2,60.2
4400,60.2,60.2
4401,60.2,60.2
4402,60.2,60.2
4403,60.2,60.2
4404,60.2,60.2
4405,60.2,60.2
4406,60.2,60.2
4407,60.2,60.2
4408,60.2,60.2
4409,60.2,60.2
4410,60.2,60.2
4411,60.2,60.2
4412,60.2,60.2
4413,60.2,60.2
4414,60.2,60.2
4415,60.2,60.2
4416,60.2,60.2
4417,60.2,60.2
4418,60.2,60.2
4419,60.2,60.2
4420,60.2,60.2
4421,60.2,60.2
4422,60.2,60.2
4423,60.2,60.2
4424,60.2,60.2
4425,60.2,60.2
4426,60.2,60.2
4427,60.2,60.2
4428,60.2,60.2
4429,60.2,60.2
4430,60.2,60.2
4431,60.2,60.2
4432,60.2,60.2
4433,60.2,60.2
4434,60.2,60.2
4435,60.2,60.2
4436,60.2,60.2
4437,60.2,60.2
4438,60.2,60.2
4439,60.2,60.2
4440,60.2,60.2
4441,60.2,60.2
4442,60.2,60.2
4443,60.2,60.2
4444,60.2,60.2
4445,60.2,60.2
4446,60.2,60.2
4447,60.2,60.2
4448,60.2,60.2
4449,60.2,60.2
4450,60.2,60.2
4451,60.2,60.2
4452,60.2,60.2
4453,60.2,60.2
4454,60.2,60.2
4455,60.2,60.2
4456,60.2,60.2
4457,60.2,60.2
4458,60.2,60.2
4459,60.2,60.2
4460,60.2,60.2
4461,60.2,60.2
4462,60.2,60.2
4463,60.2,60.2
4464,60.2,60.2
4465,60.2,60.2
4466,60.2,60.2
4467,60.2,60.2
4468,60.2,60.2
4469,60.2,60.2
4470,60.2,60.2
4471,60.2,60.2
4472,60.2,60.2
4473,60.2,60.2
4474,60.2,60.2
4475,60.2,60.2
4476,60.2,60.2
4477,60.2,60.2
4478,60.2,60.2
4479,60.2,60.2
4480,60.2,60.2
4481,60.2,60.2
4482,60.2,60.2
4483,60.2,60.2
4484,60.2,60.2
4485,60.2,60.2
4486,60.2,60.2
4487,60.2,60.2
4488,60.2,60.2
4489,60.2,60.2
4490,60.2,60.2
4491,60.2,60.2
4492,60.2,60.2
4493,60.2,60.2
4494,60.2,60.2
4495,60.2,60.2
4496,60.2,60.2
4497,60.2,60.2
4498,60.2,60.2
4499,60.2,60.2
4500,60.2,60.2
4501,60.2,60.2
4502,60.2,60.2
4503,60.2,60.2
4504,60.2,60.2
4505,60.2,60.2
4506,60.2,60.2
4507,60.2,60.2
4508,60.2,60.2
4509,60.2,60.2
4510,60.2,60.2
4511,60.2,60.2
4512,60.2,60.2
4513,60.2,60.2
4514,60.2,60.2
4515,60.2,60.2
4516,60.2,60.2
4517,60.2,60.2
4518,60.2,60.2
4519,60.2,60.2
4520,60.2,60.2
4521,60.2,60.2
4522,60.2,60.2
4523,60.2,60.2
4524,60.2,60.2
4525,60.2,60.2
4526,60.2,60.2
4527,60.2,60.2
4528,60.2,60.2
4529,60.2,60.2
4530,60.2,60.2
4531,60.2,60.2
4532,60.2,60.2
4533,60.2,60.2
4534,60.2,60.2
4535,60.2,60.2
4536,60.2,60.2
4537,60.2,60.2
4538,60.2,60.2
4539,60.2,60.2
4540,60.2,60.2
4541,60.2,60.2
4542,60.2,60.2
4543,60.2,60.2
4544,60.2,60.2
4545,60.2,60.2
4546,60.2,60.2
4547,60.2,60.2
4548,60.2,60.2
4549,60.2,60.2
4550,60.2,60.2
4551,60.2,60.2
4552,60.2,60.2
4553,60.2,60.2
4554,60.2,60.2
4555,60.2,60.2
4556,60.2,60.2
4557,60.2,60.2
4558,60.2,60.2
4559,60.2,60.2
4560,60.2,60.2
4561,60.2,60.2
4562,60.2,60.2
4563,60.2,60.2
4564,60.2,60.2
4565,60.2,60.2
4566,60.2,60.2
4567,60.2,60.2
4568,60.2,60.2
4569,60.2,60.2
4570,60.2,60.2
4571,60.2,60.2
4572,60.2,60.2
4573,60.2,60.2
4574,60.2,60.2
4575,60.2,60.2
4576,60.2,60.2
4577,60.2,60.2
4578,60.2,60.2
4579,60.2,60.2
4580,60.2,60.2
4581,60.2,60.2
4582,60.2,60.2
4583,60.2,60.2
4584,60.2,60.2
4585,60.2,60.2
4586,60.2,60.2
4587,60.2,60.2
4588,60.2,60.2
4589,60.2,60.2
4590,60.2,60.2
4591,60.2,60.2
4592,60.2,60.2
4593,60.2,60.2
4594,60.2,60.2
4595,60.2,60.2
4596,60.2,60.2
4597,60.2,60.2
4598,60.2,60.2
4599,60.2,60.2
4600,60.2,60.2
4601,60.2,60.2
4602,60.2,60.2
4603,60.2,60.2
4604,60.2,60.2
4605,60.2,60.2
4606,60.2,60.2
4607,60.2,60.2
4608,60.2,60.2
4609,60.2,60.2
4610,60.2,60.2
4611,60.2,60.2
4612,60.2,60.2
4613,60.2,60.2
4614,60.2,60.2
4615,60.2,60.2
4616,60.2,60.2
4617,60.2,60.2
4618,60.2,60.2
4619,60.2,60.2
4620,60.2,60.2
4621,60.2,60.2
4622,60.2,60.2
4623,60.2,60.2
4624,60.2,60.2
4625,60.2,60.2
4626,60.2,60.2
4627,60.2,60.2
4628,60.2,60.2
4629,60.2,60.2
4630,60.2,60.2
4631,60.2,60.2
4632,60.2,60.2
4633,60.2,60.2
4634,60.2,60.2
4635,60.2,60.2
4636,60.2,60.2
4637,60.2,60.2
4638,60.2,60.2
4639,60.2,60.2
4640,60.2,60.2
4641,60.2,60.2
4642,60.2,60.2
4643,60.2,60.2
4644,60.2,60.2
4645,60.2,60.2
4646,60.2,60.2
4647,60.2,60.2
4648,60.2,60.2
4649,60.2,60.2
4650,60.2,60.2
4651,60.2,60.2
4652,60.2,60.2
4653,60.2,60.2
4654,60.2,60.2
4655,60.2,60.2
4656,60.2,60.2
4657,60.2,60.2
4658,60.2,60.2
4659,60.2,60.2
4660,60.2,60.2
4661,60.2,60.2
4662,60.2,60.2
4663,60.2,60.2
4664,60.2,60.2
4665,60.2,60.2
4666,60.2,60.2
4667,60.2,60.2
4668,60.2,60.2
4669,60.2,60.2
4670,60.2,60.2
4671,60.2,60.2
4672,60.2,60.2
4673,60.2,60.2
4674,60.2,60.2
4675,60.2,60.2
4676,60.2,60.2
4677,60.2,60.2
4678,60.2,60.2
4679,60.2,60.2
4680,60.2,60.2
4681,60.2,60.2
4682,60.2,60.2
4683,60.2,60.2
4684,60.2,60.2
4685,60.2,60.2
4686,60.2,60.2
4687,60.2,60.2
4688,60.2,60.2
4689,60.2,60.2
4690,60.2,60.2
4691,60.2,60.2
4692,60.2,60.2
4693,60.2,60.2
4694,60.2,60.2
4695,60.2,60.2
4696,60.2,60.2
4697,60.2,60.2
4698,60.2,60.2
4699,60.2,60.2
4700,60.2,60.2
4701,60.2,60.2
4702,60.2,60.2
4703,60.2,60.2
4704,60.2,60.2
4705,60.2,60.2
4706,60.2,60.2
4707,60.2,60.2
4708,60.2,60.2
4709,60.2,60.2
4710,60.2,60.2
4711,60.2,60.2
4712,60.2,60.2
4713,60.2,60.2
4714,60.2,60.2
4715,60.2,60.2
4716,60.2,60.2
4717,60.2,60.2
4718,60.2,60.2
4719,60.2,60.2
4720,60.2,60.2
4721,60.2,60.2
4722,60.2,60.2
4723,60.2,60.2
4724,60.2,60.2
4725,60.2,60.2
4726,60.2,60.2
4727,60.2,60.2
4728,60.2,60.2
4729,60.2,60.2
4730,60.2,60.2
4731,60.2,60.2
4732,60.2,60.2
4733,60.2,60.2
4734,60.2,60.2
4735,60.2,60.2
4736,60.2,60.2
4737,60.2,60.2
4738,60.2,60.2
4739,60.2,60.2
4740,60.2,60.2
4741,60.2,60.2
4742,60.2,60.2
4743,60.2,60.2
4744,60.2,60.2
4745,60.2,60.2
4746,60.2,60.2
4747,60.2,60.2
4748,60.2,60.2
4749,60.2,60.2
4750,60.2,60.2
4751,60.2,60.2
4752,60.2,60.2
4753,60.2,60.2
4754,60.2,60.2
4755,60.2,60.2
4756,60.2,60.2
4757,60.2,60.2
4758,60.2,60.2
4759,60.2,60.2
4760,60.2,60.2
4761,60.2,60.2
4762,60.2,60.2
4763,60.2,60.2
4764,60.2,60.2
4765,60.2,60.2
4766,60.2,60.2
4767,60.2,60.2
4768,60.2,60.2
4769,60.2,60.2
4770,60.2,60.2
4771,60.2,60.2
4772,60.2,60.2
4773,60.2,60.2
4774,60.2,60.2
4775,60.2,60.2
4776,60.2,60.2
4777,60.2,60.2
4778,60.2,60.2
4779,60.2,60.2
4780,60.2,60.2
4781,60.2,60.2
4782,60.2,60.2
4783,60.2,60.2
4784,60.2,60.2
4785,60.2,60.2
4786,60.2,60.2
4787,60.2,60.2
4788,60.2,60.2
4789,60.2,60.2
4790,60.2,60.2
4791,60.2,60.2
4792,60.2,60.2
4793,60.2,60.2
4794,60.2,60.2
4795,60.2,60.2
4796,60.2,60.2
4797,60.2,60.2
4798,60.2,60.2
4799,60.2,60.2
4800,60.2,60.2
4801,60.2,60.2
4802,60.2,60.2
4803,60.2,60.2
4804,60.2,60.2
4805,60.2,60.2
4806,60.2,60.2
4807,60.2,60.2
4808,60.2,60.2
4809,60.2,60.2
4810,60.2,60.2
4811,60.2,60.2
4812,60.2,60.2
4813,60.2,60.2
4814,60.2,60.2
4815,60.2,60.2
4816,60.2,60.2
4817,60.2,60.2
4818,60.2,60.2
4819,60.2,60.2
4820,60.2,60.2
4821,60.2,60.2
4822,60.2,60.2
4823,60.2,60.2
4824,60.2,60.2
4825,60.2,60.2
4826,60.2,60.2
4827,60.2,60.2
4828,60.2,60.2
4829,60.2,60.2
4830,60.2,60.2
4831,60.2,60.2
4832,60.2,60.2
4833,60.2,60.2
4834,60.2,60.2
4835,60.2,60.2
4836,60.2,60.2
4837,60.2,60.2
4838,60.2,60.2
4839,60.2,60.2
4840,60.2,60.2
4841,60.2,60.2
4842,60.2,60.2
4843,60.2,60.2
4844,60.2,60.2
4845,60.2,60.2
4846,60.2,60.2
4847,60.2,60.2
4848,60.2,60.2
4849,60.2,60.2
4850,60.2,60.2
4851,60.2,60.2
4852,60.2,60.2
4853,60.2,60.2
4854,60.2,60.2
4855,60.2,60.2
4856,60.2,60.2
4857,60.2,60.2
4858,60.2,60.2
4859,60.2,60.2
4860,60.2,60.2
4861,60.2,60.2
4862,60.2,60.2
4863,60.2,60.2
4864,60.2,60.2
4865,60.2,60.2
4866,60.2,60.2
4867,60.2,60.2
4868,60.2,60.2
4869,60.2,60.2
4870,60.2,60.2
4871,60.2,60.2
4872,60.2,60.2
4873,60.2,60.2
4874,60.2,60.2
4875,60.2,60.2
4876,60.2,60.2
4877,60.2,60.2
4878,60.2,60.2
4879,60.2,60.2
4880,60.2,60.2
4881,60.2,60.2
4882,60.2,60.2
4883,60.2,60.2
4884,60.2,60.2
4885,60.2,60.2
4886,60.2,60.2
4887,60.2,60.2
4888,60.2,60.2
4889,60.2,60.2
4890,60.2,60.2
4891,60.2,60.2
4892,60.2,60.2
4893,60.2,60.2
4894,60.2,60.2
4895,60.2,60.2
4896,60.2,60.2
4897,60.2,60.2
4898,60.2,60.2
4899,60.2,60.2
4900,60.2,60.2
4901,60.2,60.2
4902,60.2,60.2
4903,60.2,60.2
4904,60.2,60.2
4905,60.2,60.2
4906,60.2,60.2
4907,60.2,60.2
4908,60.2,60.2
4909,60.2,60.2
4910,60.2,60.2
4911,60.2,60.2
4912,60.2,60.2
4913,60.2,60.2
4914,60.2,60.2
4915,60.2,60.2
4916,60.2,60.2
4917,60.2,60.2
4918,60.2,60.2
4919,60.2,60.2
4920,60.2,60.2
4921,60.2,60.2
4922,60.2,60.2
4923,60.2,60.2
4924,60.2,60.2
4925,60.2,60.2
4926,60.2,60.2
4927,60.2,60.2
4928,60.2,60.2
4929,60.2,60.2
4930,60.2,60.2
4931,60.2,60.2
4932,60.2,60.2
4933,60.2,60.2
4934,60.2,60.2
4935,60.2,60.2
4936,60.2,60.2
4937,60.2,60.2
4938,60.2,60.2
4939,60.2,60.2
4940,60.2,60.2
4941,60.2,60.2
4942,60.2,60.2
4943,60.2,60.2
4944,60.2,60.2
4945,60.2,60.2
4946,60.2,60.2
4947,60.2,60.2
4948,60.2,60.2
4949,60.2,60.2
4950,60.2,60.2
4951,60.2,60.2
4952,60.2,60.2
4953,60.2,60.2
4954,60.2,60.2
4955,60.2,60.2
4956,60.2,60.2
4957,60.2,60.2
4958,60.2,60.2
4959,60.2,60.2
4960,60.2,60.2
4961,60.2,60.2
4962,60.2,60.2
4963,60.2,60.2
4964,60.2,60.2
4965,60.2,60.2
4966,60.2,60.2
4967,60.2,60.2
4968,60.2,60.2
4969,60.2,60.2
4970,60.2,60.2
4971,60.2,60.2
4972,60.2,60.2
4973,60.2,60.2
4974,60.2,60.2
4975,60.2,60.2
4976,60.2,60.2
4977,60.2,60.2
4978,60.2,60.2
4979,60.2,60.2
4980,60.2,60.2
4981,60.2,60.2
4982,60.2,60.2
4983,60.2,60.2
4984,60.2,60.2
4985,60.2,60.2
4986,60.2,60.2
4987,60.2,60.2
4988,60.2,60.2
4989,60.2,60.2
4990,60.2,60.2
4991,60.2,60.2
4992,60.2,60.2
4993,60.2,60.2
4994,60.2,60.2
4995,60.2,60.2
4996,60.2,60.2
4997,60.2,60.2
4998,60.2,60.2
4999,60.2,60.2
