,hsa_js,add_js
0,3.1,0.0
1,3.1,0.0
2,3.1,0.0
3,3.1,0.0
4,3.1,0.0
5,3.1,0.0
6,3.1,0.0
7,3.1,0.0
8,3.1,0.0
9,3.1,0.0
10,3.1,0.0
11,3.1,0.0
12,3.1,0.0
13,3.1,0.0
14,3.1,0.0
15,3.1,0.0
16,3.1,0.0
17,3.1,0.0
18,3.1,0.0
19,3.1,0.0
20,3.1,0.0
21,3.1,0.0
22,3.1,0.0
23,3.1,0.0
24,3.1,0.0
25,3.1,0.0
26,3.1,0.0
27,3.1,0.0
28,3.1,0.0
29,3.1,0.0
30,3.1,0.0
31,3.1,0.0
32,3.1,0.0
33,3.1,0.0
34,3.1,0.0
35,3.1,0.0
36,3.1,0.0
37,3.1,0.0
38,3.1,0.0
39,3.1,0.0
40,3.1,0.0
41,3.1,0.0
42,3.1,0.0
43,3.1,0.0
44,3.1,0.0
45,3.1,0.0
46,3.1,0.0
47,3.1,0.0
48,3.1,0.0
49,3.1,0.0
50,3.1,0.0
51,3.1,0.0
52,3.1,0.0
53,3.1,0.0
54,3.1,0.0
55,3.1,0.0
56,3.1,0.0
57,3.1,0.0
58,3.1,0.0
59,3.1,0.0
60,3.1,0.0
61,3.1,0.0
62,3.1,0.0
63,3.1,0.0
64,3.1,0.0
65,3.1,0.0
66,3.1,0.0
67,3.1,0.0
68,3.1,0.0
69,3.1,0.0
70,3.1,0.0
71,3.1,0.0
72,3.1,0.0
73,3.1,0.0
74,3.1,0.0
75,3.1,0.0
76,3.1,0.0
77,3.1,0.0
78,3.1,0.0
79,3.1,0.0
80,3.1,0.0
81,3.1,0.0
82,3.1,0.0
83,3.1,0.0
84,3.1,0.0
85,3.1,0.0
86,3.1,0.0
87,3.1,0.0
88,3.6,0.0
89,3.6,0.0
90,3.6,0.0
91,3.6,0.0
92,3.6,0.0
93,3.6,0.0
94,3.6,0.0
95,3.6,0.0
96,3.6,0.0
97,3.6,0.0
98,3.6,0.0
99,3.6,0.0
100,3.6,0.0
101,3.6,0.0
102,3.6,0.0
103,3.6,0.0
104,3.6,0.0
105,3.6,0.0
106,3.6,0.0
107,3.6,0.0
108,3.6,0.0
109,3.6,0.0
110,3.6,0.0
111,3.6,0.0
112,3.6,0.0
113,3.6,0.0
114,3.6,0.0
115,3.6,0.0
116,3.6,0.0
117,3.6,0.0
118,3.6,0.0
119,3.6,0.0
120,3.6,0.0
121,3.6,0.0
122,3.6,0.0
123,3.6,0.0
124,3.6,0.0
125,3.6,0.0
126,3.6,0.0
127,3.6,0.0
128,3.6,0.0
129,3.6,0.0
130,3.6,0.0
131,3.6,0.0
132,3.6,0.0
133,3.6,0.0
134,3.6,0.0
135,3.6,0.0
136,3.6,0.0
137,3.6,0.0
138,3.6,0.0
139,3.6,0.0
140,3.6,0.0
141,3.6,0.0
142,3.6,0.0
143,3.6,0.0
144,3.6,0.0
145,3.6,0.0
146,3.6,0.0
147,3.6,0.0
148,3.6,0.0
149,3.6,0.0
150,3.6,0.0
151,3.6,0.0
152,3.6,0.0
153,3.6,0.0
154,3.6,0.0
155,3.6,0.0
156,3.6,0.0
157,3.6,0.0
158,3.6,0.0
159,3.6,0.0
160,3.6,0.0
161,3.6,0.0
162,3.6,0.0
163,3.6,0.0
164,3.6,0.0
165,3.6,0.0
166,3.6,0.0
167,3.6,0.0
168,3.6,0.0
169,3.6,0.0
170,3.6,0.0
171,3.6,0.0
172,3.6,0.0
173,3.6,0.0
174,3.6,0.0
175,3.6,0.0
176,3.6,0.0
177,3.8000000000000003,0.0
178,3.8000000000000003,0.0
179,3.8000000000000003,0.0
180,3.8000000000000003,0.0
181,3.8000000000000003,0.0
182,3.8000000000000003,0.0
183,3.8000000000000003,0.0
184,3.8000000000000003,0.0
185,3.8000000000000003,0.0
186,3.8000000000000003,0.0
187,3.8000000000000003,0.0
188,3.8000000000000003,0.0
189,3.8000000000000003,0.0
190,3.8000000000000003,0.0
191,3.8000000000000003,0.0
192,3.8000000000000003,0.0
193,3.8000000000000003,0.0
194,3.8000000000000003,0.0
195,3.8000000000000003,0.0
196,3.8000000000000003,0.0
197,3.8000000000000003,0.0
198,3.8000000000000003,0.0
199,3.8000000000000003,0.0
200,3.8000000000000003,0.0
201,3.8000000000000003,0.0
202,3.8000000000000003,0.0
203,3.8000000000000003,0.0
204,3.8000000000000003,0.0
205,3.8000000000000003,0.0
206,3.8000000000000003,0.0
207,3.8000000000000003,0.0
208,3.8000000000000003,0.0
209,3.8000000000000003,0.0
210,3.8000000000000003,0.0
211,3.8000000000000003,0.0
212,3.8000000000000003,0.0
213,3.8000000000000003,0.0
214,3.8000000000000003,0.0
215,3.8000000000000003,0.0
216,4.3,0.0
217,4.3,0.0
218,4.3,0.0
219,4.3,0.0
220,4.3,0.0
221,4.3,0.0
222,4.3,0.0
223,4.3,0.0
224,4.3,0.0
225,4.3,0.0
226,4.3,0.0
227,4.3,0.0
228,4.3,0.0
229,4.3,0.0
230,4.3,0.0
231,4.3,0.0
232,4.3,0.0
233,4.3,0.0
234,4.3,0.0
235,4.3,0.0
236,4.3,0.0
237,4.3,0.0
238,4.3,0.0
239,4.3,0.0
240,4.3,0.0
241,4.3,0.0
242,4.3,0.0
243,4.3,0.0
244,4.3,0.0
245,4.3,0.0
246,4.3,0.0
247,4.3,0.0
248,4.3,0.0
249,4.3,0.0
250,4.3,0.0
251,4.3,0.0
252,4.3,0.0
253,4.3,0.0
254,4.3,0.0
255,4.3,0.0
256,4.3,0.0
257,4.3,0.0
258,4.3,0.0
259,4.3,0.0
260,4.3,0.0
261,4.3,0.0
262,4.3,0.0
263,4.3,0.0
264,4.3,0.0
265,4.3,0.0
266,4.3,0.0
267,4.3,0.0
268,4.3,0.0
269,4.3,0.0
270,4.3,0.0
271,4.3,0.0
272,4.3,0.0
273,4.5,0.0
274,4.5,0.0
275,4.5,0.0
276,4.5,0.0
277,4.5,0.0
278,4.5,0.0
279,4.5,0.0
280,4.5,0.0
281,4.5,0.0
282,4.5,0.0
283,4.5,0.0
284,4.5,0.0
285,4.5,0.0
286,4.5,0.0
287,4.5,0.0
288,4.5,0.0
289,4.5,0.0
290,4.5,0.0
291,4.5,0.0
292,4.5,0.0
293,4.5,0.0
294,4.5,0.0
295,4.5,0.0
296,4.5,0.0
297,4.5,0.0
298,4.5,0.0
299,4.5,0.0
300,4.5,0.0
301,4.5,0.0
302,4.5,0.0
303,4.5,0.0
304,4.5,0.0
305,4.5,0.0
306,4.5,0.0
307,4.5,0.0
308,4.5,0.0
309,4.5,0.0
310,4.5,0.0
311,4.5,0.0
312,4.5,0.0
313,4.5,0.0
314,4.5,0.0
315,4.5,0.0
316,4.5,0.0
317,4.5,0.0
318,4.5,0.0
319,4.5,0.0
320,4.5,0.0
321,4.5,0.0
322,4.5,0.0
323,4.5,0.0
324,4.5,0.0
325,4.5,0.0
326,4.5,0.0
327,4.5,0.0
328,4.5,0.0
329,4.5,0.0
330,4.5,0.0
331,4.5,0.0
332,4.5,0.0
333,4.5,0.0
334,4.5,0.0
335,4.5,0.0
336,4.5,0.0
337,4.5,0.0
338,4.5,0.0
339,4.5,0.0
340,4.5,0.0
341,4.7,0.0
342,4.7,0.0
343,4.7,0.0
344,4.7,0.0
345,4.7,0.0
346,4.7,0.0
347,4.7,0.0
348,4.7,0.0
349,4.7,0.0
350,4.7,0.0
351,4.7,0.0
352,4.7,0.0
353,4.7,0.0
354,4.7,0.0
355,4.7,0.0
356,4.7,0.0
357,4.7,0.0
358,4.7,0.0
359,4.7,0.0
360,4.7,0.0
361,4.7,0.0
362,4.7,0.0
363,4.7,0.0
364,4.7,0.0
365,4.7,0.0
366,4.7,0.0
367,4.7,0.0
368,4.7,0.0
369,4.7,0.0
370,4.7,0.0
371,4.7,0.0
372,4.7,0.0
373,4.7,0.0
374,4.7,0.0
375,4.7,0.0
376,4.7,0.0
377,4.7,0.0
378,4.7,0.0
379,4.7,0.0
380,4.7,0.0
381,4.7,0.0
382,4.7,0.0
383,4.7,0.0
384,4.7,0.0
385,4.7,0.0
386,4.800000000000001,0.0
387,4.800000000000001,0.0
388,4.800000000000001,0.0
389,4.800000000000001,0.0
390,4.800000000000001,0.0
391,4.800000000000001,0.0
392,4.800000000000001,0.0
393,4.800000000000001,0.0
394,4.800000000000001,0.0
395,4.800000000000001,0.0
396,4.800000000000001,0.0
397,4.800000000000001,0.0
398,4.800000000000001,0.0
399,4.800000000000001,0.0
400,4.800000000000001,0.0
401,4.800000000000001,0.0
402,4.800000000000001,0.0
403,5.7,0.0
404,5.7,0.0
405,5.7,0.0
406,5.7,0.0
407,5.7,0.0
408,5.7,0.0
409,5.7,0.0
410,5.7,0.0
411,5.7,0.0
412,5.7,0.0
413,5.7,0.0
414,5.7,0.0
415,5.7,0.0
416,5.7,0.0
417,5.7,0.0
418,5.7,0.0
419,5.7,0.0
420,5.7,0.0
421,5.7,0.0
422,5.7,0.0
423,5.7,0.0
424,5.7,0.0
425,5.7,0.0
426,5.7,0.0
427,5.7,0.0
428,5.7,0.0
429,5.7,0.0
430,5.7,0.0
431,5.7,0.0
432,5.7,0.0
433,5.7,0.0
434,5.7,0.0
435,5.7,0.0
436,5.7,0.0
437,5.7,0.0
438,5.7,0.0
439,5.7,0.0
440,5.7,0.0
441,5.7,0.0
442,5.7,0.0
443,5.7,0.0
444,5.7,0.0
445,5.7,0.0
446,5.7,0.0
447,5.7,0.0
448,5.7,0.0
449,5.7,0.0
450,5.7,0.0
451,5.7,0.0
452,5.7,0.0
453,5.7,0.0
454,5.7,0.0
455,5.7,0.0
456,5.7,0.0
457,5.7,0.0
458,5.7,0.0
459,5.7,0.0
460,5.7,0.0
461,5.7,0.0
462,5.7,0.0
463,5.7,0.0
464,5.7,0.0
465,5.7,0.0
466,5.7,0.0
467,5.7,0.0
468,5.7,0.0
469,5.7,0.0
470,5.7,0.0
471,5.7,0.0
472,5.7,0.0
473,5.7,0.0
474,5.7,0.0
475,5.7,0.0
476,5.7,0.0
477,5.7,0.0
478,5.7,0.0
479,5.7,0.0
480,5.7,0.0
481,5.7,0.0
482,5.7,0.0
483,5.7,0.0
484,5.7,0.0
485,5.7,0.0
486,5.7,0.0
487,5.7,0.0
488,5.7,0.0
489,5.7,0.0
490,5.7,0.0
491,5.7,0.0
492,5.7,0.0
493,5.7,0.0
494,5.7,0.0
495,5.7,0.0
496,5.7,0.0
497,5.7,0.0
498,5.7,0.0
499,5.7,0.0
500,5.7,0.0
501,5.7,0.0
502,5.7,0.0
503,5.7,0.0
504,5.7,0.0
505,5.7,0.0
506,5.7,0.0
507,5.7,0.0
508,5.7,0.0
509,5.7,0.0
510,5.7,0.0
511,5.7,0.0
512,6.800000000000001,0.0
513,6.800000000000001,0.0
514,6.800000000000001,0.0
515,6.800000000000001,0.0
516,6.800000000000001,0.0
517,6.800000000000001,0.0
518,6.800000000000001,0.0
519,6.800000000000001,0.0
520,6.800000000000001,0.0
521,6.800000000000001,0.0
522,6.800000000000001,0.0
523,6.800000000000001,0.0
524,6.800000000000001,0.0
525,6.800000000000001,0.0
526,6.800000000000001,0.0
527,6.800000000000001,0.0
528,6.800000000000001,0.0
529,6.800000000000001,0.0
530,6.800000000000001,0.0
531,6.800000000000001,0.0
532,6.800000000000001,0.0
533,6.800000000000001,0.0
534,6.800000000000001,0.0
535,6.800000000000001,0.0
536,6.800000000000001,0.0
537,6.800000000000001,0.0
538,6.800000000000001,0.0
539,6.800000000000001,0.0
540,6.800000000000001,0.0
541,6.800000000000001,0.0
542,6.800000000000001,0.0
543,6.800000000000001,0.0
544,6.800000000000001,0.0
545,6.800000000000001,0.0
546,6.800000000000001,0.0
547,6.800000000000001,0.0
548,6.800000000000001,0.0
549,7.1000000000000005,0.0
550,7.1000000000000005,0.0
551,7.1000000000000005,0.0
552,7.1000000000000005,0.0
553,7.1000000000000005,0.0
554,7.1000000000000005,0.0
555,7.1000000000000005,0.0
556,7.1000000000000005,0.0
557,7.1000000000000005,0.0
558,7.1000000000000005,0.0
559,7.1000000000000005,0.0
560,7.1000000000000005,0.0
561,7.1000000000000005,0.0
562,7.1000000000000005,0.0
563,7.1000000000000005,0.0
564,7.1000000000000005,0.0
565,7.1000000000000005,0.0
566,7.1000000000000005,0.0
567,7.1000000000000005,0.0
568,7.1000000000000005,0.0
569,7.1000000000000005,0.0
570,7.1000000000000005,0.0
571,7.1000000000000005,0.0
572,7.1000000000000005,0.0
573,7.1000000000000005,0.0
574,7.1000000000000005,0.0
575,7.1000000000000005,0.0
576,7.1000000000000005,0.0
577,7.1000000000000005,0.0
578,7.1000000000000005,0.0
579,7.1000000000000005,0.0
580,7.1000000000000005,0.0
581,7.1000000000000005,0.0
582,7.1000000000000005,0.0
583,7.1000000000000005,0.0
584,7.1000000000000005,0.0
585,7.1000000000000005,0.0
586,7.1000000000000005,0.0
587,7.1000000000000005,0.0
588,7.1000000000000005,0.0
589,7.6000000000000005,0.0
590,7.6000000000000005,0.0
591,7.6000000000000005,0.0
592,7.6000000000000005,0.0
593,7.6000000000000005,0.0
594,7.6000000000000005,0.0
595,7.6000000000000005,0.0
596,7.6000000000000005,0.0
597,7.6000000000000005,0.0
598,7.6000000000000005,0.0
599,7.6000000000000005,0.0
600,7.6000000000000005,0.0
601,7.6000000000000005,0.0
602,7.6000000000000005,0.0
603,7.6000000000000005,0.0
604,7.6000000000000005,0.0
605,7.6000000000000005,0.0
606,7.6000000000000005,0.0
607,7.6000000000000005,0.0
608,7.6000000000000005,0.0
609,7.6000000000000005,0.0
610,7.6000000000000005,0.0
611,7.6000000000000005,0.0
612,7.6000000000000005,0.0
613,7.6000000000000005,0.0
614,7.800000000000001,0.0
615,7.800000000000001,0.0
616,7.800000000000001,0.0
617,7.800000000000001,0.0
618,7.800000000000001,0.0
619,7.800000000000001,0.0
620,7.800000000000001,0.0
621,7.800000000000001,0.0
622,7.800000000000001,0.0
623,7.800000000000001,0.0
624,7.800000000000001,0.0
625,7.800000000000001,0.0
626,7.800000000000001,0.0
627,7.800000000000001,0.0
628,7.800000000000001,0.0
629,7.800000000000001,0.0
630,7.800000000000001,0.0
631,7.800000000000001,0.0
632,7.800000000000001,0.0
633,7.800000000000001,0.0
634,7.800000000000001,0.0
635,7.800000000000001,0.0
636,7.800000000000001,0.0
637,7.800000000000001,0.0
638,7.800000000000001,0.0
639,7.800000000000001,0.0
640,7.800000000000001,0.0
641,7.800000000000001,0.0
642,7.800000000000001,0.0
643,7.800000000000001,0.0
644,7.800000000000001,0.0
645,7.800000000000001,0.0
646,7.800000000000001,0.0
647,7.800000000000001,0.0
648,7.800000000000001,0.0
649,7.800000000000001,0.0
650,7.800000000000001,0.0
651,7.800000000000001,0.0
652,7.800000000000001,0.0
653,7.800000000000001,0.0
654,7.800000000000001,0.0
655,7.800000000000001,0.0
656,7.800000000000001,0.0
657,7.800000000000001,0.0
658,7.800000000000001,0.0
659,7.800000000000001,0.0
660,7.800000000000001,0.0
661,7.800000000000001,0.0
662,7.800000000000001,0.0
663,7.800000000000001,0.0
664,7.800000000000001,0.0
665,7.800000000000001,0.0
666,7.800000000000001,0.0
667,7.800000000000001,0.0
668,7.800000000000001,0.0
669,7.800000000000001,0.0
670,7.800000000000001,0.0
671,7.800000000000001,0.0
672,7.800000000000001,0.0
673,7.800000000000001,0.0
674,7.800000000000001,0.0
675,7.800000000000001,0.0
676,7.800000000000001,0.0
677,7.800000000000001,0.0
678,7.800000000000001,0.0
679,7.800000000000001,0.0
680,7.800000000000001,0.0
681,7.800000000000001,0.0
682,7.800000000000001,0.0
683,7.800000000000001,0.0
684,7.800000000000001,0.0
685,7.800000000000001,0.0
686,7.800000000000001,0.0
687,7.800000000000001,0.0
688,7.800000000000001,0.0
689,7.800000000000001,0.0
690,7.800000000000001,0.0
691,7.800000000000001,0.0
692,7.800000000000001,0.0
693,7.800000000000001,0.0
694,7.800000000000001,0.0
695,7.800000000000001,0.0
696,7.800000000000001,0.0
697,7.800000000000001,0.0
698,7.800000000000001,0.0
699,7.800000000000001,0.0
700,7.800000000000001,0.0
701,7.800000000000001,0.0
702,7.800000000000001,0.0
703,7.800000000000001,0.0
704,7.800000000000001,0.0
705,7.800000000000001,0.0
706,7.800000000000001,0.0
707,7.800000000000001,0.0
708,7.800000000000001,0.0
709,7.800000000000001,0.0
710,7.800000000000001,0.0
711,7.800000000000001,0.0
712,7.800000000000001,0.0
713,7.800000000000001,0.0
714,7.800000000000001,0.0
715,7.800000000000001,0.0
716,7.800000000000001,0.0
717,7.800000000000001,0.0
718,7.800000000000001,0.0
719,7.800000000000001,0.0
720,7.800000000000001,0.0
721,7.800000000000001,0.0
722,7.800000000000001,0.0
723,7.800000000000001,0.0
724,7.800000000000001,0.0
725,7.800000000000001,0.0
726,8.1,0.0
727,8.1,0.0
728,8.1,0.0
729,8.1,0.0
730,8.1,0.0
731,8.1,0.0
732,8.1,0.0
733,8.1,0.0
734,8.1,0.0
735,8.1,0.0
736,8.1,0.0
737,8.1,0.0
738,8.1,0.0
739,8.1,0.0
740,8.1,0.0
741,8.1,0.0
742,8.1,0.0
743,8.1,0.0
744,8.1,0.0
745,8.1,0.0
746,8.1,0.0
747,8.1,0.0
748,8.1,0.0
749,8.1,0.0
750,8.1,0.0
751,8.1,0.0
752,8.1,0.0
753,8.1,0.0
754,8.1,0.0
755,8.1,0.0
756,9.9,0.0
757,9.9,0.0
758,9.9,0.0
759,9.9,0.0
760,9.9,0.0
761,9.9,0.0
762,9.9,0.0
763,9.9,0.0
764,9.9,0.0
765,9.9,0.0
766,9.9,0.0
767,9.9,0.0
768,9.9,0.0
769,9.9,0.0
770,9.9,0.0
771,9.9,0.0
772,9.9,0.0
773,9.9,0.0
774,9.9,0.0
775,9.9,0.0
776,9.9,0.0
777,9.9,0.0
778,9.9,0.0
779,9.9,0.0
780,9.9,0.0
781,9.9,0.0
782,9.9,0.0
783,9.9,0.0
784,9.9,0.0
785,9.9,0.0
786,9.9,0.0
787,9.9,0.0
788,9.9,0.0
789,9.9,0.0
790,9.9,0.0
791,9.9,0.0
792,9.9,0.0
793,9.9,0.0
794,9.9,0.0
795,9.9,0.0
796,9.9,0.0
797,9.9,0.0
798,9.9,0.0
799,9.9,0.0
800,9.9,0.0
801,9.9,0.0
802,9.9,0.0
803,9.9,0.0
804,9.9,0.0
805,9.9,0.0
806,9.9,0.0
807,9.9,0.0
808,9.9,0.0
809,9.9,0.0
810,9.9,0.0
811,9.9,0.0
812,9.9,0.0
813,9.9,0.0
814,9.9,0.0
815,9.9,0.0
816,9.9,0.0
817,9.9,0.0
818,9.9,0.0
819,9.9,0.0
820,9.9,0.0
821,9.9,0.0
822,9.9,0.0
823,9.9,0.0
824,9.9,0.0
825,9.9,0.0
826,9.9,0.0
827,9.9,0.0
828,9.9,0.0
829,9.9,0.0
830,9.9,0.0
831,9.9,0.0
832,9.9,0.0
833,9.9,0.0
834,9.9,0.0
835,9.9,0.0
836,9.9,0.0
837,9.9,0.0
838,9.9,0.0
839,9.9,0.0
840,9.9,0.0
841,9.9,0.0
842,9.9,0.0
843,9.9,0.0
844,9.9,0.0
845,9.9,0.0
846,9.9,0.0
847,9.9,0.0
848,9.9,0.0
849,9.9,0.0
850,9.9,0.0
851,9.9,0.0
852,9.9,0.0
853,9.9,0.0
854,9.9,0.0
855,9.9,0.0
856,9.9,0.0
857,9.9,0.0
858,9.9,0.0
859,9.9,0.0
860,9.9,0.0
861,9.9,0.0
862,9.9,0.0
863,9.9,0.0
864,9.9,0.0
865,9.9,0.0
866,9.9,0.0
867,9.9,0.0
868,9.9,0.0
869,9.9,0.0
870,9.9,0.0
871,9.9,0.0
872,9.9,0.0
873,9.9,0.0
874,9.9,0.0
875,9.9,0.0
876,9.9,0.0
877,9.9,0.0
878,9.9,0.0
879,9.9,0.0
880,9.9,0.0
881,9.9,0.0
882,9.9,0.0
883,9.9,0.0
884,9.9,0.0
885,9.9,0.0
886,9.9,0.0
887,9.9,0.0
888,9.9,0.0
889,9.9,0.0
890,9.9,0.0
891,9.9,0.0
892,9.9,0.0
893,9.9,0.0
894,9.9,0.0
895,10.3,0.0
896,10.3,0.0
897,10.3,0.0
898,10.3,0.0
899,10.3,0.0
900,10.3,0.0
901,10.3,0.0
902,10.3,0.0
903,10.3,0.0
904,10.3,0.0
905,10.3,0.0
906,10.3,0.0
907,10.3,0.0
908,10.3,0.0
909,10.3,0.0
910,10.3,0.0
911,10.3,0.0
912,10.3,0.0
913,10.3,0.0
914,10.3,0.0
915,10.3,0.0
916,10.3,0.0
917,10.3,0.0
918,10.3,0.0
919,10.5,0.0
920,10.5,0.0
921,10.5,0.0
922,10.5,0.0
923,10.5,0.0
924,10.5,0.0
925,10.5,0.0
926,10.5,0.0
927,10.5,0.0
928,10.5,0.0
929,10.5,0.0
930,10.5,0.0
931,10.5,0.0
932,10.5,0.0
933,10.5,0.0
934,10.5,0.0
935,10.5,0.0
936,10.5,0.0
937,10.5,0.0
938,10.5,0.0
939,10.5,0.0
940,10.5,0.0
941,10.5,0.0
942,10.5,0.0
943,10.5,0.0
944,10.5,0.0
945,10.5,0.0
946,10.5,0.0
947,10.600000000000001,0.0
948,10.600000000000001,0.0
949,10.600000000000001,0.0
950,10.600000000000001,0.0
951,10.600000000000001,0.0
952,10.600000000000001,0.0
953,10.600000000000001,0.0
954,10.600000000000001,0.0
955,10.600000000000001,0.0
956,10.600000000000001,0.0
957,10.600000000000001,0.0
958,10.600000000000001,0.0
959,10.600000000000001,0.0
960,10.600000000000001,0.0
961,10.600000000000001,0.0
962,10.600000000000001,0.0
963,10.600000000000001,0.0
964,10.600000000000001,0.0
965,10.600000000000001,0.0
966,10.600000000000001,0.0
967,10.600000000000001,0.0
968,10.600000000000001,0.0
969,10.600000000000001,0.0
970,10.600000000000001,0.0
971,10.600000000000001,0.0
972,10.600000000000001,0.0
973,10.600000000000001,0.0
974,10.600000000000001,0.0
975,10.600000000000001,0.0
976,10.600000000000001,0.0
977,10.600000000000001,0.0
978,10.600000000000001,0.0
979,10.600000000000001,0.0
980,10.600000000000001,0.0
981,10.600000000000001,0.0
982,10.600000000000001,0.0
983,10.600000000000001,0.0
984,10.600000000000001,0.0
985,10.600000000000001,0.0
986,10.600000000000001,0.0
987,10.600000000000001,0.0
988,10.600000000000001,0.0
989,10.600000000000001,0.0
990,10.600000000000001,0.0
991,10.600000000000001,0.0
992,10.600000000000001,0.0
993,10.600000000000001,0.0
994,10.600000000000001,0.0
995,10.600000000000001,0.0
996,10.600000000000001,0.0
997,10.600000000000001,0.0
998,10.600000000000001,0.0
999,10.600000000000001,0.0
1000,10.600000000000001,0.0
1001,10.600000000000001,0.0
1002,10.600000000000001,0.0
1003,10.600000000000001,0.0
1004,10.600000000000001,0.0
1005,10.600000000000001,0.0
1006,10.600000000000001,0.0
1007,10.600000000000001,0.0
1008,10.600000000000001,0.0
1009,10.600000000000001,0.0
1010,10.600000000000001,0.0
1011,10.600000000000001,0.0
1012,10.600000000000001,0.0
1013,10.600000000000001,0.0
1014,10.600000000000001,0.0
1015,10.600000000000001,0.0
1016,10.600000000000001,0.0
1017,10.600000000000001,0.0
1018,10.600000000000001,0.0
1019,10.600000000000001,0.0
1020,10.600000000000001,0.0
1021,10.600000000000001,0.0
1022,10.600000000000001,0.0
1023,10.600000000000001,0.0
1024,10.600000000000001,0.0
1025,10.600000000000001,0.0
1026,10.600000000000001,0.0
1027,10.600000000000001,0.0
1028,10.600000000000001,0.0
1029,10.600000000000001,0.0
1030,10.600000000000001,0.0
1031,10.600000000000001,0.0
1032,10.600000000000001,0.0
1033,10.600000000000001,0.0
1034,10.600000000000001,0.0
1035,10.600000000000001,0.0
1036,10.600000000000001,0.0
1037,10.600000000000001,0.0
1038,10.600000000000001,0.0
1039,10.600000000000001,0.0
1040,10.600000000000001,0.0
1041,10.600000000000001,0.0
1042,10.600000000000001,0.0
1043,10.600000000000001,0.0
1044,10.600000000000001,0.0
1045,10.600000000000001,0.0
1046,10.600000000000001,0.0
1047,10.600000000000001,0.0
1048,10.600000000000001,0.0
1049,10.600000000000001,0.0
1050,10.600000000000001,0.0
1051,10.600000000000001,0.0
1052,10.600000000000001,0.0
1053,10.600000000000001,0.0
1054,10.600000000000001,0.0
1055,10.600000000000001,0.0
1056,10.600000000000001,0.0
1057,10.600000000000001,0.0
1058,10.600000000000001,0.0
1059,10.600000000000001,0.0
1060,10.600000000000001,0.0
1061,10.600000000000001,0.0
1062,10.600000000000001,0.0
1063,12.0,0.0
1064,12.0,0.0
1065,12.0,0.0
1066,12.0,0.0
1067,12.0,0.0
1068,12.0,0.0
1069,12.0,0.0
1070,12.0,0.0
1071,12.0,0.0
1072,12.0,0.0
1073,12.0,0.0
1074,12.0,0.0
1075,12.0,0.0
1076,12.0,0.0
1077,12.0,0.0
1078,12.0,0.0
1079,12.0,0.0
1080,12.0,0.0
1081,12.0,0.0
1082,12.0,0.0
1083,12.0,0.0
1084,12.0,0.0
1085,12.0,0.0
1086,12.0,0.0
1087,12.0,0.0
1088,12.0,0.0
1089,12.0,0.0
1090,12.0,0.0
1091,12.0,0.0
1092,12.0,0.0
1093,12.0,0.0
1094,12.0,0.0
1095,12.0,0.0
1096,12.0,0.0
1097,12.0,0.0
1098,12.0,0.0
1099,12.0,0.0
1100,12.0,0.0
1101,12.0,0.0
1102,12.0,0.0
1103,12.0,0.0
1104,12.0,0.0
1105,12.0,0.0
1106,12.0,0.0
1107,12.0,0.0
1108,12.0,0.0
1109,12.0,0.0
1110,12.0,0.0
1111,12.0,0.0
1112,12.0,0.0
1113,12.0,0.0
1114,12.0,0.0
1115,12.0,0.0
1116,12.0,0.0
1117,12.0,0.0
1118,12.0,0.0
1119,12.0,0.0
1120,12.0,0.0
1121,12.0,0.0
1122,12.0,0.0
1123,12.0,0.0
1124,12.0,0.0
1125,12.0,0.0
1126,12.0,0.0
1127,12.0,0.0
1128,12.0,0.0
1129,12.0,0.0
1130,12.0,0.0
1131,12.0,0.0
1132,12.0,0.0
1133,12.0,0.0
1134,12.0,0.0
1135,12.0,0.0
1136,12.0,0.0
1137,12.0,0.0
1138,12.0,0.0
1139,12.0,0.0
1140,12.0,0.0
1141,12.0,0.0
1142,12.0,0.0
1143,12.0,0.0
1144,12.0,0.0
1145,12.0,0.0
1146,12.0,0.0
1147,12.0,0.0
1148,12.0,0.0
1149,12.0,0.0
1150,12.0,0.0
1151,12.0,0.0
1152,12.0,0.0
1153,12.0,0.0
1154,12.0,0.0
1155,12.0,0.0
1156,12.0,0.0
1157,12.0,0.0
1158,12.0,0.0
1159,12.0,0.0
1160,12.0,0.0
1161,12.0,0.0
1162,12.0,0.0
1163,12.0,0.0
1164,12.0,0.0
1165,12.0,0.0
1166,12.0,0.0
1167,12.200000000000001,0.0
1168,12.200000000000001,0.0
1169,12.200000000000001,0.0
1170,12.200000000000001,0.0
1171,12.200000000000001,0.0
1172,12.200000000000001,0.0
1173,12.200000000000001,0.0
1174,12.200000000000001,0.0
1175,12.200000000000001,0.0
1176,12.200000000000001,0.0
1177,12.200000000000001,0.0
1178,12.200000000000001,0.0
1179,12.200000000000001,0.0
1180,12.200000000000001,0.0
1181,12.200000000000001,0.0
1182,12.200000000000001,0.0
1183,12.200000000000001,0.0
1184,12.200000000000001,0.0
1185,12.200000000000001,0.0
1186,12.200000000000001,0.0
1187,12.200000000000001,0.0
1188,12.200000000000001,0.0
1189,12.200000000000001,0.0
1190,12.200000000000001,0.0
1191,12.200000000000001,0.0
1192,12.200000000000001,0.0
1193,12.200000000000001,0.0
1194,12.200000000000001,0.0
1195,12.200000000000001,0.0
1196,12.200000000000001,0.0
1197,12.200000000000001,0.0
1198,12.200000000000001,0.0
1199,12.200000000000001,0.0
1200,12.200000000000001,0.0
1201,12.5,0.0
1202,12.5,0.0
1203,12.5,0.0
1204,12.5,0.0
1205,12.5,0.0
1206,12.5,0.0
1207,12.5,0.0
1208,12.5,0.0
1209,12.5,0.0
1210,12.5,0.0
1211,12.5,0.0
1212,12.5,0.0
1213,12.5,0.0
1214,12.5,0.0
1215,12.5,0.0
1216,12.5,0.0
1217,12.5,0.0
1218,12.5,0.0
1219,12.5,0.0
1220,12.5,0.0
1221,12.5,0.0
1222,12.5,0.0
1223,12.5,0.0
1224,12.5,0.0
1225,12.5,0.0
1226,12.5,0.0
1227,12.5,0.0
1228,12.5,0.0
1229,12.5,0.0
1230,12.5,0.0
1231,12.5,0.0
1232,12.5,0.0
1233,12.5,0.0
1234,12.5,0.0
1235,12.5,0.0
1236,12.5,0.0
1237,12.5,0.0
1238,12.5,0.0
1239,12.5,0.0
1240,12.5,0.0
1241,12.5,0.0
1242,12.5,0.0
1243,12.5,0.0
1244,12.5,0.0
1245,12.5,0.0
1246,12.5,0.0
1247,12.5,0.0
1248,12.5,0.0
1249,12.5,0.0
1250,12.5,0.0
1251,12.5,0.0
1252,12.5,0.0
1253,12.5,0.0
1254,12.5,0.0
1255,12.5,0.0
1256,12.5,0.0
1257,12.5,0.0
1258,12.5,0.0
1259,12.5,0.0
1260,12.5,0.0
1261,12.5,0.0
1262,13.100000000000001,0.0
1263,13.100000000000001,0.0
1264,13.100000000000001,0.0
1265,13.100000000000001,0.0
1266,13.100000000000001,0.0
1267,13.100000000000001,0.0
1268,13.100000000000001,0.0
1269,13.100000000000001,0.0
1270,13.100000000000001,0.0
1271,13.100000000000001,0.0
1272,13.100000000000001,0.0
1273,13.100000000000001,0.0
1274,13.100000000000001,0.0
1275,13.100000000000001,0.0
1276,13.100000000000001,0.0
1277,13.100000000000001,0.0
1278,13.100000000000001,0.0
1279,13.100000000000001,0.0
1280,13.100000000000001,0.0
1281,13.100000000000001,0.0
1282,13.100000000000001,0.0
1283,13.100000000000001,0.0
1284,13.100000000000001,0.0
1285,13.100000000000001,0.0
1286,13.100000000000001,0.0
1287,13.100000000000001,0.0
1288,13.100000000000001,0.0
1289,13.100000000000001,0.0
1290,13.100000000000001,0.0
1291,13.100000000000001,0.0
1292,13.100000000000001,0.0
1293,13.100000000000001,0.0
1294,13.100000000000001,0.0
1295,13.100000000000001,0.0
1296,13.100000000000001,0.0
1297,13.100000000000001,0.0
1298,13.100000000000001,0.0
1299,13.100000000000001,0.0
1300,13.100000000000001,0.0
1301,13.100000000000001,0.0
1302,13.600000000000001,0.0
1303,13.600000000000001,0.0
1304,13.600000000000001,0.0
1305,13.600000000000001,0.0
1306,13.600000000000001,0.0
1307,13.600000000000001,0.0
1308,13.600000000000001,0.0
1309,13.600000000000001,0.0
1310,13.600000000000001,0.0
1311,13.600000000000001,0.0
1312,13.600000000000001,0.0
1313,13.600000000000001,0.0
1314,13.600000000000001,0.0
1315,13.600000000000001,0.0
1316,13.600000000000001,0.0
1317,13.600000000000001,0.0
1318,13.600000000000001,0.0
1319,13.600000000000001,0.0
1320,13.600000000000001,0.0
1321,13.600000000000001,0.0
1322,13.600000000000001,0.0
1323,13.600000000000001,0.0
1324,13.600000000000001,0.0
1325,13.600000000000001,0.0
1326,13.600000000000001,0.0
1327,13.600000000000001,0.0
1328,13.600000000000001,0.0
1329,13.600000000000001,0.0
1330,13.600000000000001,0.0
1331,13.600000000000001,0.0
1332,13.600000000000001,0.0
1333,13.600000000000001,0.0
1334,13.600000000000001,0.0
1335,13.600000000000001,0.0
1336,13.600000000000001,0.0
1337,13.600000000000001,0.0
1338,13.600000000000001,0.0
1339,13.600000000000001,0.0
1340,13.600000000000001,0.0
1341,13.600000000000001,0.0
1342,13.600000000000001,0.0
1343,13.600000000000001,0.0
1344,13.600000000000001,0.0
1345,13.600000000000001,0.0
1346,13.600000000000001,0.0
1347,13.600000000000001,0.0
1348,13.600000000000001,0.0
1349,13.600000000000001,0.0
1350,13.600000000000001,0.0
1351,13.600000000000001,0.0
1352,13.600000000000001,0.0
1353,13.600000000000001,0.0
1354,13.600000000000001,0.0
1355,13.600000000000001,0.0
1356,13.600000000000001,0.0
1357,13.600000000000001,0.0
1358,13.600000000000001,0.0
1359,13.600000000000001,0.0
1360,13.600000000000001,0.0
1361,13.600000000000001,0.0
1362,13.600000000000001,0.0
1363,13.600000000000001,0.0
1364,14.0,0.0
1365,14.0,0.0
1366,14.0,0.0
1367,14.0,0.0
1368,14.0,0.0
1369,14.0,0.0
1370,14.0,0.0
1371,14.0,0.0
1372,14.0,0.0
1373,14.0,0.0
1374,14.0,0.0
1375,14.0,0.0
1376,14.0,0.0
1377,14.0,0.0
1378,14.0,0.0
1379,14.0,0.0
1380,14.0,0.0
1381,14.0,0.0
1382,14.0,0.0
1383,14.0,0.0
1384,14.0,0.0
1385,14.0,0.0
1386,14.0,0.0
1387,14.0,0.0
1388,14.0,0.0
1389,14.0,0.0
1390,14.0,0.0
1391,14.0,0.0
1392,14.0,0.0
1393,14.0,0.0
1394,14.0,0.0
1395,14.0,0.0
1396,14.0,0.0
1397,14.0,0.0
1398,14.0,0.0
1399,14.0,0.0
1400,14.0,0.0
1401,14.0,0.0
1402,14.0,0.0
1403,14.0,0.0
1404,14.0,0.0
1405,14.0,0.0
1406,14.0,0.0
1407,14.0,0.0
1408,14.0,0.0
1409,14.0,0.0
1410,14.0,0.0
1411,14.0,0.0
1412,14.0,0.0
1413,14.0,0.0
1414,14.0,0.0
1415,14.0,0.0
1416,14.0,0.0
1417,14.0,0.0
1418,14.0,0.0
1419,14.0,0.0
1420,14.0,0.0
1421,14.0,0.0
1422,14.0,0.0
1423,14.0,0.0
1424,14.0,0.0
1425,14.0,0.0
1426,14.0,0.0
1427,14.0,0.0
1428,14.0,0.0
1429,14.0,0.0
1430,14.0,0.0
1431,14.0,0.0
1432,14.0,0.0
1433,14.0,0.0
1434,14.0,0.0
1435,14.0,0.0
1436,14.0,0.0
1437,14.0,0.0
1438,14.0,0.0
1439,14.0,0.0
1440,14.100000000000001,0.0
1441,14.100000000000001,0.0
1442,14.100000000000001,0.0
1443,14.100000000000001,0.0
1444,14.100000000000001,0.0
1445,14.100000000000001,0.0
1446,14.100000000000001,0.0
1447,14.100000000000001,0.0
1448,14.100000000000001,0.0
1449,14.100000000000001,0.0
1450,14.100000000000001,0.0
1451,14.100000000000001,0.0
1452,14.100000000000001,0.0
1453,14.100000000000001,0.0
1454,14.100000000000001,0.0
1455,14.100000000000001,0.0
1456,14.100000000000001,0.0
1457,14.100000000000001,0.0
1458,14.100000000000001,0.0
1459,14.100000000000001,0.0
1460,14.100000000000001,0.0
1461,14.100000000000001,0.0
1462,14.100000000000001,0.0
1463,14.100000000000001,0.0
1464,14.100000000000001,0.0
1465,14.100000000000001,0.0
1466,14.100000000000001,0.0
1467,14.100000000000001,0.0
1468,14.100000000000001,0.0
1469,14.100000000000001,0.0
1470,14.100000000000001,0.0
1471,14.100000000000001,0.0
1472,14.100000000000001,0.0
1473,14.100000000000001,0.0
1474,14.100000000000001,0.0
1475,14.100000000000001,0.0
1476,14.100000000000001,0.0
1477,14.100000000000001,0.0
1478,14.100000000000001,0.0
1479,14.100000000000001,0.0
1480,14.100000000000001,0.0
1481,14.100000000000001,0.0
1482,14.100000000000001,0.0
1483,14.100000000000001,0.0
1484,14.100000000000001,0.0
1485,14.100000000000001,0.0
1486,14.100000000000001,0.0
1487,14.100000000000001,0.0
1488,14.100000000000001,0.0
1489,14.100000000000001,0.0
1490,14.100000000000001,0.0
1491,14.100000000000001,0.0
1492,14.100000000000001,0.0
1493,14.100000000000001,0.0
1494,14.100000000000001,0.0
1495,14.100000000000001,0.0
1496,14.100000000000001,0.0
1497,14.100000000000001,0.0
1498,14.100000000000001,0.0
1499,14.100000000000001,0.0
1500,14.100000000000001,0.0
1501,14.100000000000001,0.0
1502,14.100000000000001,0.0
1503,14.100000000000001,0.0
1504,14.100000000000001,0.0
1505,14.100000000000001,0.0
1506,14.100000000000001,0.0
1507,14.100000000000001,0.0
1508,14.100000000000001,0.0
1509,14.100000000000001,0.0
1510,14.100000000000001,0.0
1511,15.200000000000001,0.0
1512,15.200000000000001,0.0
1513,15.200000000000001,0.0
1514,15.200000000000001,0.0
1515,15.200000000000001,0.0
1516,15.200000000000001,0.0
1517,15.200000000000001,0.0
1518,15.200000000000001,0.0
1519,15.200000000000001,0.0
1520,15.200000000000001,0.0
1521,15.200000000000001,0.0
1522,15.200000000000001,0.0
1523,15.200000000000001,0.0
1524,15.200000000000001,0.0
1525,15.200000000000001,0.0
1526,15.200000000000001,0.0
1527,15.200000000000001,0.0
1528,15.200000000000001,0.0
1529,15.200000000000001,0.0
1530,15.200000000000001,0.0
1531,15.200000000000001,0.0
1532,15.200000000000001,0.0
1533,15.200000000000001,0.0
1534,15.200000000000001,0.0
1535,15.200000000000001,0.0
1536,15.200000000000001,0.0
1537,15.200000000000001,0.0
1538,15.200000000000001,0.0
1539,15.200000000000001,0.0
1540,15.200000000000001,0.0
1541,15.200000000000001,0.0
1542,15.200000000000001,0.0
1543,15.200000000000001,0.0
1544,15.200000000000001,0.0
1545,15.200000000000001,0.0
1546,15.200000000000001,0.0
1547,15.200000000000001,0.0
1548,15.200000000000001,0.0
1549,15.200000000000001,0.0
1550,15.200000000000001,0.0
1551,15.200000000000001,0.0
1552,15.200000000000001,0.0
1553,15.200000000000001,0.0
1554,15.200000000000001,0.0
1555,15.200000000000001,0.0
1556,15.200000000000001,0.0
1557,15.200000000000001,0.0
1558,15.200000000000001,0.0
1559,15.200000000000001,0.0
1560,15.200000000000001,0.0
1561,15.200000000000001,0.0
1562,15.200000000000001,0.0
1563,15.200000000000001,0.0
1564,15.200000000000001,0.0
1565,15.200000000000001,0.0
1566,15.200000000000001,0.0
1567,15.200000000000001,0.0
1568,15.200000000000001,0.0
1569,16.5,0.0
1570,16.5,0.0
1571,16.5,0.0
1572,16.5,0.0
1573,16.5,0.0
1574,16.5,0.0
1575,16.5,0.0
1576,16.5,0.0
1577,16.5,0.0
1578,16.5,0.0
1579,16.5,0.0
1580,16.5,0.0
1581,16.5,0.0
1582,16.5,0.0
1583,16.5,0.0
1584,16.5,0.0
1585,16.5,0.0
1586,16.5,0.0
1587,16.5,0.0
1588,16.5,0.0
1589,16.5,0.0
1590,16.5,0.0
1591,16.5,0.0
1592,16.5,0.0
1593,16.5,0.0
1594,16.5,0.0
1595,16.5,0.0
1596,16.5,0.0
1597,16.5,0.0
1598,16.5,0.0
1599,16.5,0.0
1600,16.5,0.0
1601,16.5,0.0
1602,16.5,0.0
1603,16.5,0.0
1604,16.5,0.0
1605,16.5,0.0
1606,16.5,0.0
1607,16.5,0.0
1608,16.5,0.0
1609,16.5,0.0
1610,16.5,0.0
1611,16.5,0.0
1612,16.5,0.0
1613,16.5,0.0
1614,16.5,0.0
1615,16.5,0.0
1616,16.5,0.0
1617,16.5,0.0
1618,16.5,0.0
1619,16.5,0.0
1620,16.5,0.0
1621,16.5,0.0
1622,16.5,0.0
1623,16.5,0.0
1624,16.5,0.0
1625,17.1,0.0
1626,17.1,0.0
1627,17.1,0.0
1628,17.1,0.0
1629,17.1,0.0
1630,17.1,0.0
1631,17.1,0.0
1632,17.1,0.0
1633,17.1,0.0
1634,17.1,0.0
1635,17.1,0.0
1636,17.1,0.0
1637,17.1,0.0
1638,17.1,0.0
1639,17.1,0.0
1640,17.1,0.0
1641,17.1,0.0
1642,17.1,0.0
1643,17.1,0.0
1644,17.1,0.0
1645,17.1,0.0
1646,17.1,0.0
1647,17.1,0.0
1648,17.1,0.0
1649,17.1,0.0
1650,17.1,0.0
1651,17.1,0.0
1652,17.1,0.0
1653,17.1,0.0
1654,17.1,0.0
1655,17.1,0.0
1656,17.1,0.0
1657,17.1,0.0
1658,17.1,0.0
1659,17.1,0.0
1660,17.1,0.0
1661,17.1,0.0
1662,17.1,0.0
1663,17.1,0.0
1664,17.1,0.0
1665,17.1,0.0
1666,17.1,0.0
1667,17.1,0.0
1668,17.1,0.0
1669,19.1,0.0
1670,19.1,0.0
1671,19.1,0.0
1672,19.1,0.0
1673,19.1,0.0
1674,19.1,0.0
1675,19.1,0.0
1676,19.1,0.0
1677,19.1,0.0
1678,19.1,0.0
1679,19.1,0.0
1680,19.1,0.0
1681,19.1,0.0
1682,19.1,0.0
1683,19.1,0.0
1684,19.1,0.0
1685,19.1,0.0
1686,19.1,0.0
1687,19.1,0.0
1688,19.1,0.0
1689,19.1,0.0
1690,19.1,0.0
1691,19.1,0.0
1692,19.1,0.0
1693,19.1,0.0
1694,19.1,0.0
1695,19.1,0.0
1696,19.1,0.0
1697,19.1,0.0
1698,19.1,0.0
1699,19.1,0.0
1700,19.1,0.0
1701,19.1,0.0
1702,19.1,0.0
1703,19.1,0.0
1704,19.1,0.0
1705,19.1,0.0
1706,19.1,0.0
1707,19.1,0.0
1708,19.1,0.0
1709,19.1,0.0
1710,19.1,0.0
1711,19.1,0.0
1712,19.1,0.0
1713,19.1,0.0
1714,19.1,0.0
1715,19.1,0.0
1716,19.1,0.0
1717,19.1,0.0
1718,19.1,0.0
1719,19.1,0.0
1720,19.1,0.0
1721,19.1,0.0
1722,19.1,0.0
1723,19.1,0.0
1724,19.1,0.0
1725,19.1,0.0
1726,19.1,0.0
1727,19.1,0.0
1728,19.1,0.0
1729,19.1,0.0
1730,19.1,0.0
1731,19.1,0.0
1732,19.1,0.0
1733,19.1,0.0
1734,19.1,0.0
1735,19.1,0.0
1736,19.1,0.0
1737,19.1,0.0
1738,19.1,0.0
1739,19.1,0.0
1740,19.1,0.0
1741,19.1,0.0
1742,19.1,0.0
1743,19.1,0.00532710125470004
1744,19.1,0.03197752473770521
1745,19.1,0.03197752473770521
1746,19.1,0.03197752473770521
1747,19.1,0.046491969568891456
1748,19.1,0.046491969568891456
1749,19.1,0.07445345001905324
1750,19.1,0.07445345001905324
1751,19.1,0.07445345001905324
1752,19.1,0.07445345001905324
1753,19.1,0.07445345001905324
1754,19.1,0.08527837170371022
1755,19.1,0.10888899938673191
1756,19.1,0.10888899938673191
1757,19.1,0.13487809324913158
1758,19.1,0.13487809324913158
1759,19.1,0.1464919695688911
1760,19.1,0.1464919695688911
1761,19.1,0.17709876850148198
1762,19.1,0.2319775247377045
1763,19.1,0.2744534500190561
1764,19.1,0.2744534500190561
1765,19.1,0.2744534500190561
1766,19.1,0.2879120879120869
1767,19.1,0.32076199316017906
1768,19.1,0.33197752473770237
1769,19.1,0.33197752473770237
1770,19.1,0.33197752473770414
1771,19.1,0.33487809324913087
1772,19.1,0.33487809324913087
1773,19.1,0.33487809324913087
1774,19.1,0.3464919695688913
1775,19.1,0.3493809358062663
1776,19.1,0.3493809358062663
1777,19.1,0.3493809358062663
1778,19.1,0.3493809358062663
1779,19.1,0.3493809358062663
1780,19.1,0.3493809358062663
1781,19.1,0.3493809358062663
1782,19.1,0.37445345001905395
1783,19.1,0.37445345001905395
1784,19.1,0.37445345001905395
1785,19.1,0.37445345001905395
1786,19.1,0.4088889993867326
1787,19.1,0.4319775247377038
1788,19.1,0.4319775247377038
1789,19.1,0.4464919695688918
1790,19.1,0.47445345001905537
1791,19.1,0.47445345001905537
1792,19.1,0.5319775247377034
1793,19.1,0.5744534500190568
1794,19.1,0.5744534500190568
1795,19.1,0.5782822004541437
1796,19.1,0.6088889993867355
1797,19.1,0.6207619931601798
1798,19.1,0.634878093249128
1799,19.1,0.6348780932491316
1800,19.1,0.6348780932491316
1801,19.1,0.6464919695688911
1802,19.1,0.6464919695688911
1803,19.1,0.6464919695688911
1804,19.1,0.6464919695688911
1805,19.1,0.6464919695688911
1806,19.1,0.6464919695688911
1807,19.1,0.7319775247377045
1808,19.1,0.7319775247377045
1809,19.1,0.7319775247377045
1810,19.1,0.7359339001872911
1811,19.1,0.7359339001872911
1812,19.1,0.7359339001872911
1813,19.1,0.7464919695688916
1814,19.1,0.7464919695688916
1815,19.1,0.7464919695688916
1816,19.1,0.7464919695688916
1817,19.1,0.7464919695688916
1818,19.1,0.7493809358062649
1819,19.1,0.7493809358062649
1820,19.1,0.7493809358062649
1821,19.1,0.7493809358062649
1822,19.1,0.7744534500190561
1823,19.1,0.7744534500190561
1824,19.1,0.7879120879120833
1825,19.1,0.8879120879120848
1826,19.1,0.8879120879120848
1827,19.1,0.8889678948502464
1828,19.1,0.9319775247377038
1829,19.1,0.9348780932491287
1830,19.1,0.9464919695688918
1831,19.1,0.9464919695688918
1832,19.1,0.9464919695688918
1833,19.1,1.0319775247377052
1834,19.1,1.0319775247377052
1835,19.1,1.0348780932491302
1836,19.1,1.0464919695688915
1837,19.1,1.1319775247377049
1838,19.1,1.1319775247377049
1839,19.1,1.146491969568891
1840,19.1,1.146491969568891
1841,19.1,1.146491969568891
1842,19.1,1.1603373499301028
1843,19.700000000000003,1.1744534500190547
1844,19.700000000000003,1.1744534500190547
1845,19.700000000000003,1.1744534500190547
1846,19.700000000000003,1.1744534500190547
1847,19.700000000000003,1.1744534500190547
1848,19.700000000000003,1.2319775247377045
1849,19.700000000000003,1.2348780932491294
1850,19.700000000000003,1.2359339001872875
1851,19.700000000000003,1.2359339001872875
1852,19.700000000000003,1.2464919695688916
1853,19.700000000000003,1.2464919695688916
1854,19.700000000000003,1.2464919695688916
1855,19.700000000000003,1.2493809358062649
1856,19.700000000000003,1.2493809358062649
1857,19.700000000000003,1.2744534500190525
1858,19.700000000000003,1.2744534500190525
1859,19.700000000000003,1.3319775247377041
1860,19.700000000000003,1.3319775247377041
1861,19.700000000000003,1.3879120879120848
1862,19.700000000000003,1.3879120879120848
1863,19.700000000000003,1.4319775247377038
1864,19.700000000000003,1.4744534500190554
1865,19.700000000000003,1.4744534500190554
1866,19.700000000000003,1.4744534500190554
1867,19.700000000000003,1.4852783717037097
1868,19.700000000000003,1.5348780932491302
1869,19.700000000000003,1.5348780932491302
1870,19.700000000000003,1.5359339001872883
1871,19.700000000000003,1.5464919695688915
1872,19.700000000000003,1.5573052889794923
1873,19.700000000000003,1.565484892181722
1874,19.700000000000003,1.587912087912084
1875,19.700000000000003,1.6319775247377049
1876,19.700000000000003,1.6319775247377049
1877,19.700000000000003,1.6319775247377049
1878,19.700000000000003,1.6319775247377049
1879,19.700000000000003,1.6319775247377049
1880,19.700000000000003,1.6744534500190547
1881,19.700000000000003,1.7348780932491294
1882,19.700000000000003,1.735933900187291
1883,19.700000000000003,1.7493809358062649
1884,19.700000000000003,1.7493809358062649
1885,19.700000000000003,1.774453450019056
1886,19.700000000000003,1.774453450019056
1887,19.700000000000003,1.774453450019056
1888,19.700000000000003,1.774453450019056
1889,19.700000000000003,1.788967894850245
1890,19.700000000000003,1.8088889993867348
1891,19.700000000000003,1.8319775247377041
1892,19.700000000000003,1.8319775247377041
1893,19.700000000000003,1.8319775247377041
1894,19.700000000000003,1.8319775247377041
1895,19.700000000000003,1.8464919695688913
1896,19.700000000000003,1.8464919695688922
1897,19.700000000000003,1.8744534500190575
1898,19.700000000000003,1.8744534500190575
1899,19.700000000000003,1.8744534500190575
1900,19.700000000000003,1.8879120879120848
1901,19.700000000000003,1.9359339001872904
1902,19.700000000000003,1.9464919695688918
1903,19.700000000000003,1.9744534500190554
1904,19.700000000000003,1.9744534500190554
1905,19.700000000000003,2.03487809324913
1906,19.700000000000003,2.03487809324913
1907,19.700000000000003,2.03487809324913
1908,19.700000000000003,2.0464919695688915
1909,19.700000000000003,2.0464919695688915
1910,19.700000000000003,2.0573052889794923
1911,19.700000000000003,2.0744534500190532
1912,19.700000000000003,2.0744534500190532
1913,19.700000000000003,2.1088889993867355
1914,19.700000000000003,2.1359339001872897
1915,19.700000000000003,2.146491969568891
1916,19.700000000000003,2.146491969568891
1917,19.700000000000003,2.146491969568892
1918,19.700000000000003,2.1744534500190547
1919,19.700000000000003,2.1744534500190547
1920,19.700000000000003,2.2464919695688916
1921,19.700000000000003,2.2744534500190525
1922,19.700000000000003,2.2744534500190525
1923,19.700000000000003,2.3088889993867348
1924,19.700000000000003,2.331977524737706
1925,19.700000000000003,2.331977524737706
1926,19.700000000000003,2.335933900187289
1927,19.700000000000003,2.357305288979493
1928,19.700000000000003,2.431977524737704
1929,19.700000000000003,2.431977524737704
1930,19.700000000000003,2.446491969568892
1931,19.700000000000003,2.446491969568892
1932,19.700000000000003,2.446491969568892
1933,19.700000000000003,2.446491969568892
1934,19.700000000000003,2.446491969568892
1935,19.700000000000003,2.446491969568892
1936,19.700000000000003,2.446491969568892
1937,19.700000000000003,2.474453450019052
1938,19.700000000000003,2.4744534500190554
1939,19.700000000000003,2.508888999386734
1940,19.700000000000003,2.508888999386734
1941,19.700000000000003,2.5319775247377034
1942,19.700000000000003,2.531977524737705
1943,19.700000000000003,2.531977524737705
1944,19.700000000000003,2.531977524737705
1945,19.700000000000003,2.53487809324913
1946,19.700000000000003,2.53487809324913
1947,19.700000000000003,2.574453450019057
1948,19.700000000000003,2.574453450019057
1949,19.700000000000003,2.574453450019057
1950,19.700000000000003,2.574453450019057
1951,19.700000000000003,2.587912087912084
1952,19.700000000000003,2.6088889993867355
1953,19.700000000000003,2.6088889993867355
1954,19.700000000000003,2.631977524737705
1955,19.700000000000003,2.6348780932491316
1956,19.700000000000003,2.6744534500190547
1957,19.700000000000003,2.6744534500190547
1958,19.700000000000003,2.6744534500190547
1959,19.700000000000003,2.7319775247377045
1960,19.700000000000003,2.7319775247377045
1961,19.700000000000003,2.7319775247377045
1962,19.700000000000003,2.7348780932491294
1963,19.700000000000003,2.7348780932491294
1964,19.700000000000003,2.7348780932491294
1965,19.700000000000003,2.7359339001872875
1966,19.700000000000003,2.7625843236702927
1967,19.700000000000003,2.774453450019056
1968,19.700000000000003,2.788967894850245
1969,19.700000000000003,2.831977524737706
1970,19.700000000000003,2.846491969568892
1971,19.700000000000003,2.8493809358062663
1972,19.700000000000003,2.857305288979493
1973,19.700000000000003,2.874453450019054
1974,19.700000000000003,2.874453450019054
1975,19.700000000000003,2.874453450019054
1976,19.700000000000003,2.874453450019054
1977,19.700000000000003,2.874453450019054
1978,19.700000000000003,2.8744534500190575
1979,19.700000000000003,2.8744534500190575
1980,19.700000000000003,2.8744534500190575
1981,19.700000000000003,2.8744534500190575
1982,19.700000000000003,2.8744534500190575
1983,19.700000000000003,2.8879120879120848
1984,19.700000000000003,2.9744534500190554
1985,19.700000000000003,2.9744534500190554
1986,19.700000000000003,2.9744534500190554
1987,19.700000000000003,2.9744534500190554
1988,19.700000000000003,2.9744534500190554
1989,19.700000000000003,2.987912087912086
1990,19.700000000000003,2.987912087912086
1991,19.700000000000003,2.9889678948502443
1992,19.700000000000003,3.0319775247377034
1993,19.700000000000003,3.0319775247377034
1994,19.700000000000003,3.03487809324913
1995,19.700000000000003,3.049380935806262
1996,19.700000000000003,3.049380935806262
1997,19.700000000000003,3.049380935806262
1998,19.700000000000003,3.0625843236702934
1999,19.700000000000003,3.0744534500190532
2000,19.700000000000003,3.0744534500190532
2001,19.700000000000003,3.0744534500190532
2002,19.700000000000003,3.087912087912084
2003,19.700000000000003,3.1359339001872897
2004,19.700000000000003,3.146491969568891
2005,19.700000000000003,3.1744534500190547
2006,19.700000000000003,3.1744534500190547
2007,19.700000000000003,3.1744534500190547
2008,19.700000000000003,3.1879120879120855
2009,19.700000000000003,3.1879120879120855
2010,19.700000000000003,3.2319775247377045
2011,19.700000000000003,3.2319775247377045
2012,19.700000000000003,3.2319775247377045
2013,19.700000000000003,3.2319775247377045
2014,19.700000000000003,3.2464919695688907
2015,19.700000000000003,3.274453450019056
2016,19.700000000000003,3.274453450019056
2017,19.700000000000003,3.335933900187289
2018,19.700000000000003,3.3491256857772704
2019,19.700000000000003,3.3493809358062663
2020,19.700000000000003,3.3603373499301057
2021,19.700000000000003,3.374453450019054
2022,19.700000000000003,3.374453450019054
2023,19.700000000000003,3.374453450019054
2024,19.700000000000003,3.374453450019054
2025,19.700000000000003,3.3744534500190575
2026,19.700000000000003,3.391868463361668
2027,19.700000000000003,3.431977524737704
2028,19.700000000000003,3.431977524737704
2029,19.700000000000003,3.4348780932491287
2030,19.700000000000003,3.4348780932491287
2031,19.700000000000003,3.4348780932491287
2032,19.700000000000003,3.487912087912086
2033,19.700000000000003,3.4896292244708533
2034,19.700000000000003,3.495569588782258
2035,19.700000000000003,3.5319775247377034
2036,19.700000000000003,3.531977524737705
2037,19.700000000000003,3.531977524737705
2038,19.700000000000003,3.531977524737705
2039,19.700000000000003,3.53487809324913
2040,19.700000000000003,3.5359339001872883
2041,19.700000000000003,3.608888999386732
2042,19.700000000000003,3.6088889993867355
2043,19.700000000000003,3.6088889993867355
2044,19.700000000000003,3.6088889993867355
2045,19.700000000000003,3.6493809358062634
2046,19.700000000000003,3.6493809358062634
2047,19.700000000000003,3.6493809358062634
2048,19.700000000000003,3.6493809358062634
2049,19.700000000000003,3.6493809358062634
2050,19.700000000000003,3.6493809358062634
2051,19.700000000000003,3.6493809358062634
2052,19.700000000000003,3.6493809358062634
2053,19.700000000000003,3.6493809358062634
2054,19.700000000000003,3.6665406991198815
2055,19.700000000000003,3.6744534500190547
2056,19.700000000000003,3.6744534500190547
2057,19.700000000000003,3.678282200454145
2058,19.700000000000003,3.6879120879120855
2059,19.700000000000003,3.6879120879120855
2060,19.700000000000003,3.7088889993867333
2061,19.700000000000003,3.7319775247377045
2062,19.700000000000003,3.7319775247377045
2063,19.700000000000003,3.7348780932491294
2064,19.700000000000003,3.749380935806265
2065,20.1,3.749380935806265
2066,20.1,3.749380935806265
2067,20.1,3.749380935806265
2068,20.1,3.749380935806265
2069,20.1,3.749380935806265
2070,20.1,3.749380935806265
2071,20.1,3.749380935806265
2072,20.1,3.749380935806265
2073,20.1,3.749380935806265
2074,20.1,3.7603373499301043
2075,20.1,3.831977524737704
2076,20.1,3.834878093249131
2077,20.1,3.834878093249131
2078,20.1,3.835933900187289
2079,20.1,3.8744534500190575
2080,20.1,3.8744534500190575
2081,20.1,3.8744534500190575
2082,20.1,3.931977524737704
2083,20.1,3.9348780932491287
2084,20.1,4.03487809324913
2085,20.1,4.0464919695688915
2086,20.1,4.0464919695688915
2087,20.1,4.0464919695688915
2088,20.1,4.0464919695688915
2089,20.1,4.087912087912084
2090,20.1,4.1088889993867355
2091,20.1,4.131977524737707
2092,20.1,4.149380935806263
2093,20.1,4.174453450019055
2094,20.1,4.174453450019055
2095,20.1,4.174453450019055
2096,20.1,4.174453450019055
2097,20.1,4.174453450019055
2098,20.1,4.208888999386733
2099,20.1,4.2319775247377045
2100,20.1,4.2319775247377045
2101,20.1,4.2319775247377045
2102,20.1,4.235933900187291
2103,20.1,4.246491969568891
2104,20.1,4.266540699119879
2105,20.1,4.334878093249131
2106,20.1,4.346491969568892
2107,20.1,4.349380935806266
2108,20.1,4.349380935806266
2109,20.1,4.349380935806266
2110,20.1,4.349380935806266
2111,20.1,4.349380935806266
2112,20.1,4.349380935806266
2113,20.1,4.349380935806266
2114,20.1,4.349380935806266
2115,20.1,4.349380935806266
2116,20.1,4.374453450019054
2117,20.1,4.374453450019054
2118,20.1,4.408888999386733
2119,20.1,4.431977524737704
2120,20.1,4.431977524737704
2121,20.1,4.449380935806261
2122,20.1,4.449380935806261
2123,20.1,4.449380935806261
2124,20.1,4.449380935806261
2125,20.1,4.449380935806261
2126,20.1,4.449380935806261
2127,20.1,4.449380935806261
2128,20.1,4.449380935806261
2129,20.1,4.487912087912083
2130,20.1,4.505060248951647
2131,20.1,4.531977524737705
2132,20.1,4.53487809324913
2133,20.5,4.53487809324913
2134,20.5,4.53487809324913
2135,20.5,4.5464919695688915
2136,20.5,4.5464919695688915
2137,20.5,4.5464919695688915
2138,20.5,4.574453450019053
2139,20.5,4.574453450019053
2140,20.5,4.574453450019053
2141,20.5,4.631977524737703
2142,20.5,4.631977524737707
2143,20.5,4.631977524737707
2144,20.5,4.631977524737707
2145,20.5,4.631977524737707
2146,20.5,4.631977524737707
2147,20.5,4.631977524737707
2148,20.5,4.66548489218172
2149,20.5,4.6879120879120855
2150,20.5,4.708888999386733
2151,20.5,4.708888999386733
2152,20.5,4.7284156266056705
2153,20.5,4.749380935806265
2154,20.5,4.749380935806265
2155,20.5,4.749380935806265
2156,20.5,4.749380935806265
2157,20.5,4.834878093249127
2158,20.5,4.8359339001872925
2159,20.5,4.887912087912088
2160,20.5,4.908888999386733
2161,20.5,4.908888999386733
2162,20.5,4.931977524737704
2163,20.5,4.93593390018729
2164,20.5,4.93593390018729
2165,20.5,4.946491969568892
2166,20.5,4.987912087912086
2167,20.5,5.008888999386734
2168,20.5,5.074453450019053
2169,20.5,5.074453450019053
2170,20.5,5.074453450019053
2171,20.5,5.074453450019053
2172,20.5,5.0770987685014815
2173,20.5,5.087912087912084
2174,20.5,5.1088889993867355
2175,20.5,5.131977524737703
2176,20.5,5.131977524737703
2177,20.5,5.131977524737707
2178,20.5,5.131977524737707
2179,20.5,5.13593390018729
2180,20.5,5.13593390018729
2181,20.5,5.149380935806263
2182,20.5,5.149380935806263
2183,20.5,5.149380935806263
2184,20.5,5.149380935806263
2185,20.5,5.149380935806263
2186,20.5,5.149380935806263
2187,20.5,5.149380935806263
2188,20.5,5.149380935806263
2189,20.5,5.149380935806263
2190,20.5,5.174453450019055
2191,20.5,5.1879120879120855
2192,20.5,5.191729236073115
2193,20.5,5.234878093249133
2194,20.5,5.234878093249133
2195,20.5,5.259150050552762
2196,20.5,5.259150050552762
2197,20.5,5.274453450019056
2198,20.5,5.289629224470854
2199,20.5,5.331977524737706
2200,20.5,5.331977524737706
2201,20.5,5.43593390018729
2202,20.5,5.446491969568892
2203,20.5,5.446491969568892
2204,20.5,5.474453450019055
2205,20.5,5.508888999386734
2206,20.5,5.550715197321532
2207,20.5,5.621817800098341
2208,20.5,5.631977524737703
2209,20.5,5.631977524737707
2210,20.5,5.631977524737707
2211,20.5,5.631977524737707
2212,20.5,5.631977524737707
2213,20.5,5.631977524737707
2214,20.5,5.674453450019055
2215,20.5,5.674453450019055
2216,20.5,5.674453450019055
2217,20.5,5.674453450019055
2218,20.5,5.674453450019055
2219,20.5,5.7319775247377045
2220,20.5,5.7348780932491294
2221,20.5,5.7348780932491294
2222,20.5,5.735933900187291
2223,20.5,5.787912087912087
2224,20.5,5.808888999386731
2225,20.5,5.831977524737706
2226,20.5,5.831977524737706
2227,20.5,5.831977524737706
2228,20.5,5.887912087912085
2229,20.5,5.931977524737704
2230,20.5,5.934878093249129
2231,20.5,5.934878093249129
2232,20.5,6.008888999386734
2233,20.5,6.031977524737705
2234,20.5,6.03487809324913
2235,20.5,6.074453450019053
2236,20.5,6.074453450019053
2237,20.5,6.074453450019053
2238,20.5,6.074453450019053
2239,20.5,6.074453450019057
2240,20.5,6.074453450019057
2241,20.5,6.2319775247377045
2242,20.5,6.246491969568891
2243,20.5,6.260337349930104
2244,20.5,6.274453450019056
2245,20.5,6.274453450019056
2246,20.5,6.274453450019056
2247,20.5,6.274453450019056
2248,20.5,6.287912087912087
2249,20.5,6.287912087912087
2250,20.5,6.374453450019054
2251,20.5,6.374453450019054
2252,20.5,6.3744534500190575
2253,20.5,6.434878093249129
2254,20.5,6.446491969568892
2255,20.5,6.4603373499301
2256,20.5,6.474453450019052
2257,20.5,6.487912087912086
2258,20.5,6.487912087912086
2259,20.5,6.574453450019053
2260,20.5,6.574453450019053
2261,20.5,6.574453450019053
2262,20.5,6.574453450019053
2263,20.5,6.574453450019053
2264,20.5,6.574453450019053
2265,20.5,6.628415626605673
2266,20.5,6.646491969568893
2267,20.5,6.7319775247377045
2268,20.5,6.774453450019056
2269,20.5,6.774453450019056
2270,20.5,6.787912087912087
2271,20.5,6.787912087912087
2272,20.5,6.808888999386735
2273,20.5,6.808888999386735
2274,20.5,6.860337349930102
2275,20.5,6.934878093249129
2276,20.5,6.934878093249129
2277,20.5,6.93593390018729
2278,20.5,6.988967894850244
2279,20.5,7.031977524737705
2280,20.5,7.035933900187288
2281,20.5,7.074453450019053
2282,20.5,7.174453450019055
2283,20.5,7.174453450019055
2284,20.5,7.174453450019055
2285,20.5,7.174453450019055
2286,20.5,7.174453450019055
2287,21.1,7.2319775247377045
2288,21.1,7.2319775247377045
2289,21.1,7.2348780932491294
2290,21.1,7.2348780932491294
2291,21.1,7.260337349930104
2292,21.1,7.274453450019056
2293,21.1,7.274453450019056
2294,21.1,7.287912087912083
2295,21.1,7.334878093249131
2296,21.1,7.3744534500190575
2297,21.1,7.3744534500190575
2298,21.1,7.3744534500190575
2299,21.1,7.3744534500190575
2300,21.1,7.377098768501482
2301,21.1,7.408888999386736
2302,21.1,7.487912087912086
2303,21.1,7.487912087912086
2304,21.1,7.487912087912086
2305,21.1,7.535933900187288
2306,21.1,7.535933900187292
2307,21.1,7.5464919695688915
2308,21.1,7.5464919695688915
2309,21.1,7.587912087912088
2310,21.1,7.6088889993867355
2311,21.1,7.634878093249132
2312,21.1,7.634878093249132
2313,21.1,7.634878093249132
2314,21.1,7.6879120879120855
2315,21.1,7.6879120879120855
2316,21.1,7.6879120879120855
2317,21.1,7.7319775247377045
2318,21.1,7.7319775247377045
2319,21.1,7.7319775247377045
2320,21.1,7.7348780932491294
2321,21.1,7.749380935806265
2322,21.1,7.749380935806265
2323,21.1,7.749380935806265
2324,21.1,7.749380935806265
2325,21.1,7.7744534500190525
2326,21.1,7.7744534500190525
2327,21.1,7.774453450019056
2328,21.1,7.787912087912087
2329,21.1,7.834878093249131
2330,21.1,7.835933900187289
2331,21.1,7.857305288979493
2332,21.1,7.8744534500190575
2333,21.1,7.8744534500190575
2334,21.1,7.974453450019059
2335,21.1,7.974453450019059
2336,21.1,7.974453450019059
2337,21.1,8.031977524737705
2338,21.1,8.049380935806262
2339,21.1,8.087912087912084
2340,21.1,8.131977524737707
2341,21.1,8.146491969568892
2342,21.1,8.146491969568892
2343,21.1,8.174453450019055
2344,21.1,8.174453450019055
2345,21.1,8.174453450019055
2346,21.1,8.174453450019055
2347,21.1,8.187912087912085
2348,21.1,8.187912087912085
2349,21.1,8.231977524737704
2350,21.1,8.246491969568893
2351,21.1,8.266540699119883
2352,21.1,8.274453450019056
2353,21.1,8.274453450019056
2354,21.1,8.274453450019056
2355,21.1,8.274453450019056
2356,21.1,8.278282200454147
2357,21.1,8.287912087912087
2358,21.1,8.287912087912087
2359,21.1,8.331977524737702
2360,21.1,8.374453450019057
2361,21.200000000000003,8.421817800098342
2362,21.200000000000003,8.431977524737704
2363,21.200000000000003,8.431977524737704
2364,21.200000000000003,8.431977524737704
2365,21.200000000000003,8.434878093249132
2366,21.200000000000003,8.446491969568893
2367,21.200000000000003,8.446491969568893
2368,21.200000000000003,8.4603373499301
2369,21.200000000000003,8.474453450019052
2370,21.200000000000003,8.474453450019052
2371,21.200000000000003,8.531977524737705
2372,21.200000000000003,8.574453450019053
2373,21.200000000000003,8.631977524737707
2374,21.200000000000003,8.631977524737707
2375,21.200000000000003,8.631977524737707
2376,21.200000000000003,8.731977524737704
2377,21.200000000000003,8.731977524737704
2378,21.200000000000003,8.746491969568893
2379,21.200000000000003,8.749380935806258
2380,21.200000000000003,8.749380935806265
2381,21.200000000000003,8.749380935806265
2382,21.200000000000003,8.749380935806265
2383,21.200000000000003,8.749380935806265
2384,21.200000000000003,8.774453450019056
2385,21.200000000000003,8.774453450019056
2386,21.200000000000003,8.774453450019056
2387,21.200000000000003,8.774453450019056
2388,21.200000000000003,8.774453450019056
2389,21.200000000000003,8.774453450019056
2390,21.200000000000003,8.774453450019056
2391,21.200000000000003,8.831977524737706
2392,21.200000000000003,8.831977524737706
2393,21.200000000000003,8.831977524737706
2394,21.200000000000003,8.83487809324913
2395,21.200000000000003,8.835933900187293
2396,21.200000000000003,8.846491969568891
2397,21.200000000000003,8.849380935806266
2398,21.200000000000003,8.849380935806266
2399,21.200000000000003,8.849380935806266
2400,21.200000000000003,8.849380935806266
2401,21.200000000000003,8.874453450019057
2402,21.200000000000003,8.874453450019057
2403,21.200000000000003,8.931977524737704
2404,21.200000000000003,8.946491969568893
2405,21.200000000000003,8.94938093580626
2406,21.200000000000003,8.94938093580626
2407,21.200000000000003,8.94938093580626
2408,21.200000000000003,8.94938093580626
2409,21.200000000000003,9.008888999386734
2410,21.200000000000003,9.008888999386734
2411,21.200000000000003,9.03487809324913
2412,21.200000000000003,9.131977524737707
2413,21.200000000000003,9.131977524737707
2414,21.200000000000003,9.146491969568892
2415,21.200000000000003,9.146491969568892
2416,21.200000000000003,9.174453450019055
2417,21.200000000000003,9.174453450019055
2418,21.200000000000003,9.187912087912085
2419,21.200000000000003,9.249380935806258
2420,21.200000000000003,9.274453450019056
2421,21.200000000000003,9.274453450019056
2422,21.200000000000003,9.274453450019056
2423,21.200000000000003,9.274453450019056
2424,21.200000000000003,9.274453450019056
2425,21.200000000000003,9.308888999386735
2426,21.200000000000003,9.331977524737706
2427,21.200000000000003,9.374453450019057
2428,21.200000000000003,9.446491969568893
2429,21.200000000000003,9.446491969568893
2430,21.200000000000003,9.449380935806268
2431,21.200000000000003,9.474453450019052
2432,21.200000000000003,9.508888999386734
2433,21.200000000000003,9.531977524737705
2434,21.200000000000003,9.54649196956889
2435,21.200000000000003,9.54649196956889
2436,21.200000000000003,9.574453450019053
2437,25.3,9.574453450019053
2438,25.3,9.646491969568892
2439,25.3,9.674453450019055
2440,25.3,9.674453450019055
2441,25.3,9.674453450019055
2442,25.3,9.734878093249133
2443,25.3,9.774453450019056
2444,25.3,9.774453450019056
2445,25.3,9.787912087912087
2446,25.3,9.831977524737702
2447,25.3,9.846491969568891
2448,25.3,9.84912568577727
2449,25.3,9.874453450019057
2450,25.3,9.874453450019057
2451,25.3,9.874453450019057
2452,25.3,9.874453450019057
2453,25.3,9.874453450019057
2454,25.3,9.887912087912085
2455,25.3,9.931977524737704
2456,25.3,9.94938093580626
2457,25.3,9.94938093580626
2458,25.3,9.949380935806268
2459,25.3,10.005327101254704
2460,25.3,10.031977524737705
2461,25.3,10.03487809324913
2462,25.3,10.035933900187288
2463,25.3,10.04649196956889
2464,25.3,10.105327101254701
2465,25.3,10.131977524737703
2466,25.3,10.131977524737707
2467,25.3,10.134878093249132
2468,25.3,10.134878093249132
2469,25.3,10.13593390018729
2470,25.3,10.149380935806263
2471,25.3,10.149380935806263
2472,25.3,10.149380935806263
2473,25.3,10.174453450019055
2474,25.3,10.174453450019055
2475,25.3,10.174453450019055
2476,25.3,10.174453450019055
2477,25.3,10.231977524737708
2478,25.3,10.374453450019057
2479,25.3,10.374453450019057
2480,25.3,10.408888999386736
2481,25.3,10.431977524737704
2482,25.3,10.53487809324913
2483,25.3,10.649380935806263
2484,25.3,10.674453450019055
2485,25.3,10.674453450019055
2486,25.3,10.678282200454145
2487,25.3,10.731977524737704
2488,25.3,10.731977524737708
2489,25.3,10.734878093249133
2490,25.3,10.831977524737706
2491,25.3,10.849380935806266
2492,25.3,10.849380935806266
2493,25.3,10.931977524737704
2494,25.3,10.974453450019059
2495,25.3,10.974453450019059
2496,25.3,10.974453450019059
2497,25.3,10.974453450019059
2498,25.3,10.974453450019059
2499,25.3,10.974453450019059
2500,25.3,11.031977524737705
2501,25.3,11.03487809324913
2502,25.3,11.087912087912084
2503,25.3,11.087912087912084
2504,25.3,11.131977524737707
2505,25.3,11.131977524737707
2506,25.3,11.208888999386737
2507,25.3,11.208888999386737
2508,25.3,11.246491969568893
2509,25.3,11.274453450019056
2510,25.3,11.335933900187293
2511,25.3,11.346491969568891
2512,25.3,11.431977524737704
2513,25.3,11.431977524737704
2514,25.3,11.462584323670296
2515,25.3,11.577098768501486
2516,25.3,11.608888999386735
2517,25.3,11.687912087912085
2518,25.3,11.731977524737704
2519,25.3,11.831977524737702
2520,25.3,11.93593390018729
2521,25.3,11.974453450019052
2522,25.3,11.978282200454146
2523,25.3,12.03487809324913
2524,25.3,12.03487809324913
2525,25.3,12.04938093580627
2526,25.3,12.04938093580627
2527,25.3,12.04938093580627
2528,25.3,12.04938093580627
2529,25.3,12.04938093580627
2530,25.3,12.087912087912084
2531,25.3,12.087912087912084
2532,25.3,12.087912087912088
2533,25.3,12.105593953557754
2534,25.3,12.131977524737707
2535,26.0,12.131977524737707
2536,26.0,12.231977524737704
2537,26.0,12.231977524737704
2538,26.0,12.231977524737708
2539,26.0,12.249380935806258
2540,26.0,12.249380935806258
2541,26.0,12.249380935806258
2542,26.0,12.249380935806258
2543,26.0,12.249380935806258
2544,26.0,12.274453450019056
2545,26.0,12.274453450019056
2546,26.0,12.274453450019056
2547,26.0,12.274453450019056
2548,26.0,12.331977524737706
2549,26.0,12.331977524737706
2550,26.0,12.431977524737704
2551,26.0,12.431977524737707
2552,26.0,12.431977524737707
2553,26.0,12.531977524737705
2554,26.0,12.531977524737705
2555,26.0,12.53487809324913
2556,26.0,12.53487809324913
2557,26.0,12.574453450019053
2558,26.0,12.674453450019055
2559,26.0,12.674453450019055
2560,26.0,12.731977524737704
2561,26.0,12.734878093249133
2562,26.0,12.828415626605672
2563,26.0,12.846491969568891
2564,26.0,12.908888999386733
2565,26.0,12.934878093249129
2566,26.0,12.934878093249129
2567,26.0,13.031977524737705
2568,26.0,13.031977524737705
2569,26.0,13.074453450019053
2570,26.0,13.074453450019053
2571,26.0,13.074453450019053
2572,26.0,13.074453450019053
2573,26.0,13.074453450019053
2574,26.0,13.087912087912084
2575,26.0,13.087912087912084
2576,26.0,13.108888999386735
2577,26.0,13.110339283642443
2578,26.0,13.131977524737703
2579,26.0,13.131977524737703
2580,26.0,13.13593390018729
2581,26.0,13.146491969568892
2582,26.0,13.16548489218172
2583,26.0,13.187912087912085
2584,26.0,13.187912087912085
2585,26.0,13.187912087912085
2586,26.0,13.331977524737706
2587,26.0,13.331977524737706
2588,26.0,13.331977524737706
2589,26.0,13.346491969568891
2590,26.0,13.374453450019057
2591,26.0,13.374453450019057
2592,26.0,13.416801750285913
2593,26.0,13.434878093249129
2594,26.0,13.531977524737705
2595,26.0,13.631977524737707
2596,26.0,13.63593390018729
2597,26.0,13.646491969568892
2598,26.0,13.649380935806263
2599,26.0,13.649380935806263
2600,26.0,13.649380935806263
2601,26.0,13.649380935806263
2602,26.0,13.649380935806263
2603,26.0,13.649380935806263
2604,26.0,13.649380935806263
2605,26.0,13.649380935806263
2606,26.0,13.674453450019055
2607,26.0,13.73487809324913
2608,26.0,13.787912087912083
2609,26.0,13.787912087912087
2610,26.0,13.831977524737706
2611,26.0,13.931977524737704
2612,26.0,13.934878093249132
2613,26.0,13.98791208791209
2614,26.0,14.020761993160178
2615,26.0,14.031977524737705
2616,26.0,14.031977524737705
2617,26.0,14.031977524737705
2618,26.0,14.03487809324913
2619,26.0,14.03487809324913
2620,26.0,14.03487809324913
2621,26.700000000000003,14.074453450019053
2622,26.700000000000003,14.131977524737707
2623,26.700000000000003,14.131977524737707
2624,26.700000000000003,14.149380935806263
2625,26.700000000000003,14.149380935806263
2626,26.700000000000003,14.149380935806263
2627,26.700000000000003,14.149380935806263
2628,26.700000000000003,14.308888999386731
2629,26.700000000000003,14.34938093580626
2630,26.700000000000003,14.34938093580626
2631,26.700000000000003,14.349380935806266
2632,26.700000000000003,14.349380935806266
2633,26.700000000000003,14.349380935806266
2634,26.700000000000003,14.349380935806266
2635,26.700000000000003,14.349380935806266
2636,26.700000000000003,14.349380935806266
2637,26.700000000000003,14.488967894850248
2638,26.700000000000003,14.531977524737705
2639,26.700000000000003,14.574453450019053
2640,26.700000000000003,14.608888999386735
2641,26.700000000000003,14.634878093249132
2642,26.700000000000003,14.731977524737704
2643,26.700000000000003,14.731977524737708
2644,26.700000000000003,14.731977524737708
2645,26.700000000000003,14.774453450019056
2646,26.700000000000003,14.774453450019056
2647,26.700000000000003,14.774453450019056
2648,26.700000000000003,14.774453450019056
2649,26.700000000000003,14.774453450019056
2650,26.700000000000003,14.831977524737706
2651,26.700000000000003,14.883031397963524
2652,26.700000000000003,14.887912087912088
2653,26.700000000000003,14.931977524737704
2654,26.700000000000003,14.931977524737704
2655,26.700000000000003,14.974453450019059
2656,26.700000000000003,15.008888999386734
2657,26.700000000000003,15.008888999386734
2658,26.700000000000003,15.035933900187292
2659,26.700000000000003,15.049380935806262
2660,26.700000000000003,15.049380935806262
2661,26.700000000000003,15.049380935806262
2662,26.700000000000003,15.049380935806262
2663,26.700000000000003,15.049380935806262
2664,26.700000000000003,15.049380935806262
2665,26.700000000000003,15.049380935806262
2666,26.700000000000003,15.049380935806262
2667,26.700000000000003,15.049380935806262
2668,26.700000000000003,15.049380935806262
2669,26.700000000000003,15.108888999386735
2670,26.700000000000003,15.146491969568892
2671,26.700000000000003,15.178282200454145
2672,26.700000000000003,15.208888999386737
2673,26.700000000000003,15.274453450019056
2674,26.700000000000003,15.274453450019056
2675,26.700000000000003,15.274453450019056
2676,26.700000000000003,15.274453450019056
2677,26.700000000000003,15.287912087912087
2678,26.700000000000003,15.335933900187293
2679,26.700000000000003,15.477098768501484
2680,26.700000000000003,15.531977524737705
2681,26.700000000000003,15.531977524737705
2682,26.700000000000003,15.631977524737707
2683,26.700000000000003,15.631977524737707
2684,26.700000000000003,15.634878093249132
2685,26.700000000000003,15.646491969568892
2686,26.700000000000003,15.674453450019055
2687,26.700000000000003,15.687912087912085
2688,26.700000000000003,15.687912087912085
2689,26.700000000000003,15.708888999386737
2690,26.700000000000003,15.731977524737704
2691,26.700000000000003,15.731977524737708
2692,26.700000000000003,15.734878093249133
2693,26.700000000000003,15.831977524737706
2694,26.700000000000003,15.831977524737706
2695,26.700000000000003,15.874453450019057
2696,26.700000000000003,15.874453450019057
2697,26.700000000000003,15.946491969568893
2698,26.700000000000003,16.074453450019053
2699,26.700000000000003,16.074453450019053
2700,26.700000000000003,16.234878093249133
2701,26.700000000000003,16.249380935806265
2702,26.700000000000003,16.249380935806265
2703,26.700000000000003,16.249380935806265
2704,26.700000000000003,16.249380935806265
2705,26.700000000000003,16.249380935806265
2706,26.700000000000003,16.274453450019056
2707,26.700000000000003,16.274453450019056
2708,26.700000000000003,16.374453450019057
2709,26.700000000000003,16.374453450019057
2710,26.700000000000003,16.431977524737704
2711,26.700000000000003,16.44938093580626
2712,26.700000000000003,16.44938093580626
2713,26.700000000000003,16.44938093580626
2714,26.700000000000003,16.44938093580626
2715,26.700000000000003,16.44938093580626
2716,26.700000000000003,16.508888999386734
2717,26.700000000000003,16.531977524737705
2718,26.700000000000003,16.53487809324913
2719,26.700000000000003,16.574453450019053
2720,26.700000000000003,16.62076199316018
2721,26.700000000000003,16.63487809324913
2722,26.700000000000003,16.646491969568892
2723,26.700000000000003,16.674453450019055
2724,26.700000000000003,16.674453450019055
2725,26.700000000000003,16.674453450019055
2726,26.700000000000003,16.674453450019055
2727,26.700000000000003,16.687912087912085
2728,26.700000000000003,16.687912087912085
2729,26.700000000000003,16.734878093249133
2730,29.700000000000003,16.734878093249133
2731,29.700000000000003,16.774453450019056
2732,29.700000000000003,16.777098768501485
2733,29.700000000000003,16.874453450019057
2734,29.700000000000003,16.874453450019057
2735,29.700000000000003,16.931977524737704
2736,29.700000000000003,16.931977524737704
2737,29.700000000000003,16.94649196956889
2738,29.700000000000003,16.94938093580626
2739,29.700000000000003,16.94938093580626
2740,29.700000000000003,16.94938093580626
2741,29.700000000000003,16.94938093580626
2742,29.700000000000003,16.94938093580626
2743,29.700000000000003,16.949380935806268
2744,29.700000000000003,16.949380935806268
2745,29.700000000000003,16.949380935806268
2746,29.700000000000003,16.949380935806268
2747,29.700000000000003,16.949380935806268
2748,29.700000000000003,16.949380935806268
2749,29.700000000000003,16.949380935806268
2750,29.700000000000003,16.949380935806268
2751,29.700000000000003,16.97445345001906
2752,29.700000000000003,16.98791208791209
2753,29.700000000000003,16.98791208791209
2754,29.700000000000003,17.077098768501482
2755,29.700000000000003,17.131977524737707
2756,29.700000000000003,17.13593390018729
2757,29.700000000000003,17.187912087912085
2758,29.700000000000003,17.187912087912085
2759,29.700000000000003,17.287912087912087
2760,29.700000000000003,17.287912087912087
2761,29.700000000000003,17.331977524737706
2762,29.700000000000003,17.531977524737705
2763,29.700000000000003,17.674453450019055
2764,29.700000000000003,17.687912087912085
2765,29.700000000000003,17.731977524737708
2766,29.700000000000003,17.774453450019056
2767,29.700000000000003,17.774453450019056
2768,29.700000000000003,17.87445345001905
2769,29.700000000000003,17.931977524737704
2770,29.700000000000003,17.931977524737704
2771,29.700000000000003,17.97445345001906
2772,29.700000000000003,17.987912087912083
2773,29.700000000000003,18.031977524737705
2774,29.700000000000003,18.13487809324913
2775,29.700000000000003,18.231977524737704
2776,29.700000000000003,18.349380935806266
2777,29.700000000000003,18.349380935806266
2778,29.700000000000003,18.349380935806266
2779,29.700000000000003,18.391729236073118
2780,29.700000000000003,18.408888999386733
2781,29.700000000000003,18.428415626605673
2782,29.700000000000003,18.431977524737704
2783,29.700000000000003,18.44938093580626
2784,29.700000000000003,18.54649196956889
2785,29.700000000000003,18.687912087912085
2786,29.700000000000003,18.849380935806266
2787,29.700000000000003,18.849380935806266
2788,29.700000000000003,18.849380935806266
2789,29.700000000000003,18.849380935806266
2790,29.700000000000003,18.849380935806266
2791,29.700000000000003,18.874453450019057
2792,29.700000000000003,18.931977524737704
2793,29.700000000000003,19.031977524737705
2794,29.700000000000003,19.031977524737705
2795,29.700000000000003,19.087912087912084
2796,29.700000000000003,19.108888999386735
2797,29.700000000000003,19.38791208791209
2798,29.700000000000003,19.38791208791209
2799,29.700000000000003,19.52076199316018
2800,29.700000000000003,19.53487809324913
2801,29.700000000000003,19.631977524737707
2802,29.700000000000003,19.666540699119878
2803,29.700000000000003,19.874453450019057
2804,29.700000000000003,19.874453450019057
2805,29.700000000000003,19.960867187111525
2806,29.700000000000003,20.108888999386735
2807,29.700000000000003,20.234878093249133
2808,29.700000000000003,20.331977524737702
2809,29.700000000000003,20.33197752473771
2810,29.700000000000003,20.33197752473771
2811,29.700000000000003,20.349380935806266
2812,29.700000000000003,20.349380935806266
2813,29.700000000000003,20.349380935806266
2814,29.700000000000003,20.349380935806266
2815,29.700000000000003,20.349380935806266
2816,29.700000000000003,20.349380935806266
2817,29.700000000000003,20.349380935806266
2818,29.700000000000003,20.349380935806266
2819,29.700000000000003,20.349380935806266
2820,29.700000000000003,20.349380935806266
2821,29.700000000000003,20.36654069911988
2822,29.700000000000003,20.466540699119882
2823,29.700000000000003,20.483031397963526
2824,29.700000000000003,20.53487809324913
2825,29.700000000000003,20.646491969568892
2826,29.700000000000003,20.678282200454145
2827,29.700000000000003,20.831977524737702
2828,29.700000000000003,20.93487809324913
2829,29.700000000000003,20.97445345001906
2830,29.700000000000003,21.20888899938673
2831,38.73333333333333,21.208888999386737
2832,38.73333333333333,21.231977524737708
2833,38.73333333333333,21.259150050552762
2834,38.73333333333333,21.287912087912087
2835,38.73333333333333,21.431977524737704
2836,38.73333333333333,21.47445345001906
2837,38.73333333333333,21.47445345001906
2838,38.73333333333333,21.48791208791209
2839,38.73333333333333,21.48791208791209
2840,38.73333333333333,21.48791208791209
2841,38.73333333333333,21.731977524737708
2842,38.73333333333333,21.774453450019056
2843,38.73333333333333,21.774453450019056
2844,38.73333333333333,21.774453450019056
2845,38.73333333333333,21.774453450019056
2846,38.73333333333333,21.774453450019056
2847,38.73333333333333,21.774453450019056
2848,38.73333333333333,21.874453450019057
2849,38.73333333333333,21.874453450019057
2850,38.73333333333333,21.874453450019057
2851,38.73333333333333,21.874453450019057
2852,38.73333333333333,22.031977524737705
2853,38.73333333333333,22.087912087912084
2854,38.73333333333333,22.13487809324913
2855,38.73333333333333,22.13487809324913
2856,38.73333333333333,22.274453450019056
2857,38.73333333333333,22.316674125271412
2858,38.73333333333333,22.38791208791209
2859,38.73333333333333,22.38791208791209
2860,38.73333333333333,22.431977524737704
2861,38.73333333333333,22.444902458024625
2862,38.73333333333333,22.47445345001906
2863,38.73333333333333,22.47445345001906
2864,38.73333333333333,22.516801750285914
2865,38.73333333333333,22.546491969568894
2866,38.73333333333333,22.574453450019053
2867,38.73333333333333,22.574453450019053
2868,38.73333333333333,22.574453450019053
2869,38.73333333333333,22.574453450019053
2870,38.73333333333333,22.574453450019053
2871,38.73333333333333,22.574453450019053
2872,38.73333333333333,22.574453450019053
2873,38.73333333333333,22.574453450019053
2874,38.73333333333333,22.574453450019053
2875,38.73333333333333,22.587912087912084
2876,38.73333333333333,22.874453450019057
2877,38.73333333333333,22.88791208791209
2878,38.73333333333333,22.93487809324913
2879,38.73333333333333,23.031977524737705
2880,38.73333333333333,23.234878093249133
2881,38.73333333333333,23.274453450019056
2882,38.73333333333333,23.274453450019056
2883,38.73333333333333,23.274453450019056
2884,38.73333333333333,23.53487809324913
2885,38.73333333333333,23.549380935806255
2886,38.73333333333333,23.549380935806255
2887,38.73333333333333,23.549380935806255
2888,38.73333333333333,23.549380935806255
2889,38.73333333333333,23.549380935806255
2890,38.73333333333333,23.549380935806255
2891,38.73333333333333,23.549380935806255
2892,38.73333333333333,23.549380935806255
2893,38.73333333333333,23.549380935806255
2894,38.73333333333333,23.549380935806255
2895,38.73333333333333,23.549380935806255
2896,38.73333333333333,23.549380935806255
2897,38.73333333333333,23.549380935806255
2898,38.73333333333333,23.549380935806255
2899,38.73333333333333,23.549380935806255
2900,38.73333333333333,23.687912087912085
2901,38.73333333333333,23.787912087912087
2902,38.73333333333333,23.787912087912087
2903,38.73333333333333,23.831977524737702
2904,38.73333333333333,23.831977524737702
2905,38.73333333333333,23.88791208791208
2906,38.73333333333333,23.88791208791208
2907,38.73333333333333,24.131977524737707
2908,38.73333333333333,24.149380935806263
2909,38.73333333333333,24.149380935806263
2910,38.73333333333333,24.149380935806263
2911,38.73333333333333,24.149380935806263
2912,38.73333333333333,24.149380935806263
2913,38.73333333333333,24.149380935806263
2914,38.73333333333333,24.149380935806263
2915,38.73333333333333,24.149380935806263
2916,38.73333333333333,24.149380935806263
2917,38.73333333333333,24.149380935806263
2918,38.73333333333333,24.149380935806263
2919,38.73333333333333,24.149380935806263
2920,38.73333333333333,24.149380935806263
2921,38.73333333333333,24.149380935806263
2922,38.73333333333333,24.149380935806263
2923,38.73333333333333,24.149380935806263
2924,38.73333333333333,24.149380935806263
2925,38.73333333333333,24.149380935806263
2926,38.73333333333333,24.149380935806263
2927,38.73333333333333,24.349380935806266
2928,38.73333333333333,24.349380935806266
2929,38.73333333333333,24.408888999386733
2930,38.73333333333333,24.52181780009834
2931,38.73333333333333,24.531977524737705
2932,38.73333333333333,24.63487809324913
2933,38.73333333333333,24.731977524737708
2934,38.73333333333333,24.731977524737708
2935,38.73333333333333,24.73593390018729
2936,38.73333333333333,24.834878093249134
2937,38.73333333333333,24.849380935806266
2938,38.73333333333333,24.849380935806266
2939,38.73333333333333,24.849380935806266
2940,38.73333333333333,24.849380935806266
2941,38.73333333333333,24.88791208791209
2942,38.73333333333333,24.94938093580626
2943,38.73333333333333,24.94938093580626
2944,38.73333333333333,24.94938093580626
2945,38.73333333333333,24.94938093580626
2946,38.73333333333333,24.94938093580626
2947,38.73333333333333,24.94938093580626
2948,38.73333333333333,24.94938093580626
2949,38.73333333333333,24.94938093580626
2950,38.73333333333333,24.94938093580626
2951,38.73333333333333,24.94938093580626
2952,38.73333333333333,24.94938093580626
2953,38.73333333333333,24.94938093580626
2954,38.73333333333333,24.94938093580626
2955,38.73333333333333,25.231977524737708
2956,38.73333333333333,25.231977524737708
2957,38.73333333333333,25.431977524737704
2958,38.73333333333333,25.44938093580626
2959,38.73333333333333,25.44938093580626
2960,38.73333333333333,25.44938093580626
2961,38.73333333333333,25.44938093580626
2962,38.73333333333333,25.44938093580626
2963,38.73333333333333,25.44938093580626
2964,38.73333333333333,25.44938093580626
2965,38.73333333333333,25.44938093580626
2966,38.73333333333333,25.44938093580626
2967,38.73333333333333,25.44938093580626
2968,38.73333333333333,25.44938093580626
2969,38.73333333333333,25.44938093580626
2970,38.73333333333333,25.44938093580626
2971,38.73333333333333,25.44938093580626
2972,38.73333333333333,25.44938093580626
2973,38.73333333333333,25.54649196956889
2974,38.73333333333333,25.54938093580627
2975,38.73333333333333,25.749380935806272
2976,38.73333333333333,25.749380935806272
2977,38.73333333333333,25.874453450019057
2978,38.73333333333333,25.874453450019057
2979,38.73333333333333,25.874453450019057
2980,38.73333333333333,25.931977524737704
2981,38.73333333333333,26.04938093580627
2982,38.73333333333333,26.04938093580627
2983,38.73333333333333,26.04938093580627
2984,38.73333333333333,26.04938093580627
2985,38.73333333333333,26.04938093580627
2986,38.73333333333333,26.04938093580627
2987,38.73333333333333,26.04938093580627
2988,38.73333333333333,26.04938093580627
2989,38.73333333333333,26.04938093580627
2990,38.73333333333333,26.04938093580627
2991,38.73333333333333,26.04938093580627
2992,38.73333333333333,26.04938093580627
2993,38.73333333333333,26.04938093580627
2994,38.73333333333333,26.04938093580627
2995,38.73333333333333,26.04938093580627
2996,38.73333333333333,26.04938093580627
2997,38.73333333333333,26.04938093580627
2998,38.73333333333333,26.04938093580627
2999,38.73333333333333,26.04938093580627
3000,38.73333333333333,26.04938093580627
3001,38.73333333333333,26.04938093580627
3002,38.73333333333333,26.09172923607312
3003,38.73333333333333,26.146491969568892
3004,38.73333333333333,26.174453450019055
3005,38.73333333333333,26.174453450019055
3006,38.73333333333333,26.746491969568893
3007,38.73333333333333,26.849380935806266
3008,38.73333333333333,26.849380935806266
3009,38.73333333333333,26.849380935806266
3010,38.73333333333333,26.849380935806266
3011,38.73333333333333,26.849380935806266
3012,38.73333333333333,26.849380935806266
3013,38.73333333333333,26.849380935806266
3014,38.73333333333333,26.849380935806266
3015,38.73333333333333,26.849380935806266
3016,38.73333333333333,26.849380935806266
3017,38.73333333333333,26.849380935806266
3018,38.73333333333333,26.849380935806266
3019,38.73333333333333,26.849380935806266
3020,38.73333333333333,26.849380935806266
3021,38.73333333333333,26.849380935806266
3022,38.73333333333333,26.849380935806266
3023,38.73333333333333,26.849380935806266
3024,38.73333333333333,26.849380935806266
3025,38.73333333333333,26.849380935806266
3026,38.73333333333333,26.849380935806266
3027,38.73333333333333,26.849380935806266
3028,38.73333333333333,26.849380935806266
3029,38.73333333333333,26.849380935806266
3030,38.73333333333333,26.849380935806266
3031,38.73333333333333,26.849380935806266
3032,38.73333333333333,26.849380935806266
3033,38.73333333333333,26.87445345001905
3034,38.73333333333333,26.94938093580626
3035,38.73333333333333,26.94938093580626
3036,38.73333333333333,26.94938093580626
3037,38.73333333333333,26.94938093580626
3038,38.73333333333333,26.94938093580626
3039,38.73333333333333,26.94938093580626
3040,38.73333333333333,26.94938093580626
3041,38.73333333333333,26.94938093580626
3042,38.73333333333333,26.94938093580626
3043,38.73333333333333,26.97445345001906
3044,38.73333333333333,26.97445345001906
3045,38.73333333333333,27.074453450019053
3046,38.73333333333333,27.074453450019053
3047,38.73333333333333,27.131977524737707
3048,38.73333333333333,27.131977524737707
3049,38.73333333333333,27.187912087912085
3050,38.73333333333333,27.208888999386737
3051,38.73333333333333,27.37445345001905
3052,38.73333333333333,27.731977524737708
3053,38.73333333333333,27.88791208791209
3054,38.73333333333333,28.03487809324913
3055,38.73333333333333,28.074453450019053
3056,38.73333333333333,28.074453450019053
3057,38.73333333333333,28.07445345001906
3058,38.73333333333333,28.131977524737707
3059,38.73333333333333,28.131977524737707
3060,38.73333333333333,28.231977524737708
3061,38.73333333333333,28.274453450019056
3062,38.73333333333333,28.531977524737705
3063,38.73333333333333,28.631977524737707
3064,38.73333333333333,28.734878093249133
3065,38.73333333333333,28.774453450019056
3066,38.73333333333333,28.774453450019056
3067,38.73333333333333,28.774453450019056
3068,38.73333333333333,28.859150050552763
3069,38.73333333333333,28.97445345001906
3070,38.73333333333333,29.04938093580627
3071,38.73333333333333,29.27709876850149
3072,38.73333333333333,29.43487809324913
3073,38.73333333333333,29.435933900187294
3074,38.73333333333333,29.549380935806255
3075,38.73333333333333,29.631977524737707
3076,38.73333333333333,29.749380935806258
3077,38.73333333333333,29.749380935806258
3078,38.73333333333333,29.749380935806258
3079,38.73333333333333,29.749380935806258
3080,38.73333333333333,29.749380935806258
3081,38.73333333333333,29.749380935806258
3082,38.73333333333333,29.749380935806258
3083,38.73333333333333,29.749380935806258
3084,38.73333333333333,29.749380935806258
3085,38.73333333333333,29.749380935806258
3086,38.73333333333333,29.749380935806258
3087,38.73333333333333,29.749380935806258
3088,38.73333333333333,29.749380935806258
3089,38.73333333333333,29.83197752473771
3090,38.73333333333333,29.946491969568896
3091,38.73333333333333,30.13487809324913
3092,38.73333333333333,30.17445345001906
3093,38.73333333333333,30.17445345001906
3094,38.73333333333333,30.17445345001906
3095,38.73333333333333,30.17445345001906
3096,38.73333333333333,30.17445345001906
3097,38.73333333333333,30.30888899938674
3098,38.73333333333333,30.30888899938674
3099,38.73333333333333,30.30888899938674
3100,38.73333333333333,30.33197752473771
3101,38.73333333333333,30.94938093580626
3102,38.73333333333333,30.94938093580626
3103,38.73333333333333,30.94938093580626
3104,38.73333333333333,30.94938093580626
3105,38.73333333333333,30.94938093580626
3106,38.73333333333333,30.94938093580626
3107,38.73333333333333,31.149380935806263
3108,38.73333333333333,31.149380935806263
3109,38.73333333333333,31.149380935806263
3110,38.73333333333333,31.149380935806263
3111,38.73333333333333,31.149380935806263
3112,38.73333333333333,31.149380935806263
3113,38.73333333333333,31.649380935806263
3114,38.73333333333333,31.649380935806263
3115,38.73333333333333,31.649380935806263
3116,38.73333333333333,31.649380935806263
3117,38.73333333333333,31.649380935806263
3118,38.73333333333333,31.649380935806263
3119,38.73333333333333,31.649380935806263
3120,38.73333333333333,31.649380935806263
3121,38.73333333333333,31.649380935806263
3122,38.73333333333333,31.649380935806263
3123,38.73333333333333,31.649380935806263
3124,38.73333333333333,31.649380935806263
3125,38.73333333333333,31.649380935806263
3126,38.73333333333333,31.649380935806263
3127,38.73333333333333,31.649380935806263
3128,38.73333333333333,31.731977524737708
3129,38.73333333333333,31.849380935806266
3130,38.73333333333333,31.849380935806266
3131,38.73333333333333,31.849380935806266
3132,38.73333333333333,31.849380935806266
3133,38.73333333333333,31.849380935806266
3134,38.73333333333333,31.849380935806266
3135,38.73333333333333,31.849380935806266
3136,38.73333333333333,31.849380935806266
3137,38.73333333333333,31.849380935806266
3138,38.73333333333333,32.18791208791208
3139,38.73333333333333,32.27445345001905
3140,38.73333333333333,32.474453450019055
3141,38.73333333333333,32.474453450019055
3142,38.73333333333333,32.474453450019055
3143,38.73333333333333,32.474453450019055
3144,38.73333333333333,32.474453450019055
3145,38.73333333333333,33.04490245802462
3146,38.73333333333333,33.049380935806255
3147,38.73333333333333,33.049380935806255
3148,38.73333333333333,33.049380935806255
3149,38.73333333333333,33.17445345001906
3150,38.73333333333333,33.17445345001906
3151,38.73333333333333,33.24938093580627
3152,38.73333333333333,33.24938093580627
3153,38.73333333333333,33.24938093580627
3154,38.73333333333333,33.24938093580627
3155,38.73333333333333,33.24938093580627
3156,38.73333333333333,33.24938093580627
3157,38.73333333333333,33.387912087912085
3158,38.73333333333333,33.58791208791209
3159,38.73333333333333,33.63197752473771
3160,38.73333333333333,33.63197752473771
3161,38.73333333333333,33.74938093580627
3162,38.73333333333333,33.74938093580627
3163,38.73333333333333,33.74938093580627
3164,38.73333333333333,33.74938093580627
3165,38.73333333333333,33.74938093580627
3166,38.73333333333333,33.934878093249125
3167,38.73333333333333,34.14938093580626
3168,38.73333333333333,34.14938093580626
3169,38.73333333333333,34.14938093580626
3170,38.73333333333333,34.14938093580626
3171,38.73333333333333,34.14938093580626
3172,38.73333333333333,34.14938093580626
3173,38.73333333333333,34.14938093580626
3174,38.73333333333333,34.14938093580626
3175,38.73333333333333,34.14938093580626
3176,38.73333333333333,34.14938093580626
3177,38.73333333333333,34.14938093580626
3178,38.73333333333333,34.14938093580626
3179,38.73333333333333,34.14938093580626
3180,38.73333333333333,34.14938093580626
3181,38.73333333333333,34.14938093580626
3182,38.73333333333333,34.14938093580626
3183,38.73333333333333,34.17828220045415
3184,38.73333333333333,34.17828220045415
3185,38.73333333333333,34.33197752473771
3186,38.73333333333333,34.37445345001906
3187,38.73333333333333,34.37445345001906
3188,38.73333333333333,34.37445345001906
3189,38.73333333333333,34.37445345001906
3190,38.73333333333333,34.37445345001906
3191,38.73333333333333,34.37445345001906
3192,38.73333333333333,34.57445345001905
3193,38.73333333333333,34.57445345001905
3194,38.73333333333333,34.78791208791209
3195,38.73333333333333,34.80888899938674
3196,38.73333333333333,34.905060248951656
3197,38.73333333333333,34.90888899938673
3198,38.73333333333333,35.03593390018729
3199,38.73333333333333,35.074453450019064
3200,38.73333333333333,35.074453450019064
3201,38.73333333333333,35.074453450019064
3202,38.73333333333333,35.12076199316018
3203,38.73333333333333,35.13197752473771
3204,38.73333333333333,35.14938093580626
3205,38.73333333333333,35.14938093580626
3206,38.73333333333333,35.14938093580626
3207,38.73333333333333,35.14938093580626
3208,38.73333333333333,35.14938093580626
3209,38.73333333333333,35.14938093580626
3210,38.73333333333333,35.14938093580626
3211,38.73333333333333,35.14938093580626
3212,38.73333333333333,35.14938093580626
3213,38.73333333333333,35.14938093580626
3214,38.73333333333333,35.14938093580626
3215,38.73333333333333,35.14938093580626
3216,38.73333333333333,35.24938093580627
3217,38.73333333333333,35.24938093580627
3218,38.73333333333333,35.24938093580627
3219,38.73333333333333,35.24938093580627
3220,38.73333333333333,35.24938093580627
3221,38.73333333333333,35.849380935806266
3222,38.73333333333333,35.849380935806266
3223,38.73333333333333,35.849380935806266
3224,38.73333333333333,35.849380935806266
3225,38.73333333333333,36.04938093580627
3226,38.73333333333333,36.04938093580627
3227,38.73333333333333,36.04938093580627
3228,38.73333333333333,36.04938093580627
3229,38.73333333333333,36.04938093580627
3230,38.73333333333333,36.04938093580627
3231,38.73333333333333,36.04938093580627
3232,38.73333333333333,36.04938093580627
3233,38.73333333333333,36.04938093580627
3234,38.73333333333333,36.04938093580627
3235,38.73333333333333,36.04938093580627
3236,38.73333333333333,36.04938093580627
3237,38.73333333333333,36.04938093580627
3238,38.73333333333333,36.08896789485025
3239,38.73333333333333,36.187912087912096
3240,38.73333333333333,36.23593390018729
3241,38.73333333333333,36.474453450019055
3242,38.73333333333333,36.57445345001905
3243,38.73333333333333,36.57445345001905
3244,38.73333333333333,36.608888999386735
3245,38.73333333333333,36.73593390018729
3246,38.73333333333333,36.80888899938674
3247,38.73333333333333,36.974453450019055
3248,38.73333333333333,36.974453450019055
3249,38.73333333333333,36.974453450019055
3250,38.73333333333333,36.974453450019055
3251,38.73333333333333,37.034878093249134
3252,38.73333333333333,37.24938093580626
3253,38.73333333333333,37.24938093580626
3254,38.73333333333333,37.24938093580626
3255,38.73333333333333,37.24938093580626
3256,38.73333333333333,37.24938093580626
3257,38.73333333333333,37.29172923607311
3258,38.73333333333333,37.74938093580626
3259,38.73333333333333,37.74938093580626
3260,38.73333333333333,37.74938093580626
3261,38.73333333333333,37.74938093580626
3262,38.73333333333333,37.74938093580626
3263,38.73333333333333,37.74938093580626
3264,38.73333333333333,37.74938093580626
3265,38.73333333333333,37.74938093580626
3266,38.73333333333333,37.74938093580626
3267,38.73333333333333,37.74938093580626
3268,38.73333333333333,37.74938093580626
3269,38.73333333333333,37.74938093580626
3270,38.73333333333333,37.783031397963526
3271,38.73333333333333,38.031977524737705
3272,38.73333333333333,38.20888899938673
3273,38.73333333333333,38.28791208791209
3274,38.73333333333333,38.474453450019055
3275,38.73333333333333,38.48791208791208
3276,38.73333333333333,38.7319775247377
3277,38.73333333333333,38.73333333333333
3278,38.73333333333333,38.73333333333333
3279,38.73333333333333,38.73333333333333
3280,38.73333333333333,38.73333333333333
3281,38.73333333333333,38.73333333333333
3282,38.73333333333333,38.73333333333333
3283,38.73333333333333,38.73333333333333
3284,38.73333333333333,38.73333333333333
3285,38.73333333333333,38.73333333333333
3286,38.73333333333333,38.73333333333333
3287,38.73333333333333,38.73333333333333
3288,38.73333333333333,38.73333333333333
3289,38.73333333333333,38.73333333333333
3290,38.73333333333333,38.73333333333333
3291,38.73333333333333,38.73333333333333
3292,38.73333333333333,38.73333333333333
3293,38.73333333333333,38.73333333333333
3294,38.73333333333333,38.73333333333333
3295,38.73333333333333,38.73333333333333
3296,38.73333333333333,38.73333333333333
3297,38.73333333333333,38.73333333333333
3298,38.73333333333333,38.73333333333333
3299,38.73333333333333,38.73333333333333
3300,38.73333333333333,38.73333333333333
3301,38.73333333333333,38.73333333333333
3302,38.73333333333333,38.73333333333333
3303,38.73333333333333,38.73333333333333
3304,38.73333333333333,38.73333333333333
3305,38.73333333333333,38.73333333333333
3306,38.73333333333333,38.73333333333333
3307,38.73333333333333,38.73333333333333
3308,38.73333333333333,38.73333333333333
3309,38.73333333333333,38.73333333333333
3310,38.73333333333333,38.73333333333333
3311,38.73333333333333,38.73333333333333
3312,38.73333333333333,38.73333333333333
3313,38.73333333333333,38.73333333333333
3314,38.73333333333333,38.73333333333333
3315,38.73333333333333,38.73333333333333
3316,38.73333333333333,38.73333333333333
3317,38.73333333333333,38.73333333333333
3318,38.73333333333333,38.73333333333333
3319,38.73333333333333,38.73333333333333
3320,38.73333333333333,38.73333333333333
3321,38.73333333333333,38.73333333333333
3322,38.73333333333333,38.73333333333333
3323,38.73333333333333,38.73333333333333
3324,38.73333333333333,38.73333333333333
3325,38.73333333333333,38.73333333333333
3326,38.73333333333333,38.73333333333333
3327,38.73333333333333,38.73333333333333
3328,38.73333333333333,38.73333333333333
3329,38.73333333333333,38.73333333333333
3330,38.73333333333333,38.73333333333333
3331,38.73333333333333,38.73333333333333
3332,38.73333333333333,38.73333333333333
3333,38.73333333333333,38.73333333333333
3334,38.73333333333333,38.73333333333333
3335,38.73333333333333,38.73333333333333
3336,38.73333333333333,38.73333333333333
3337,38.73333333333333,38.73333333333333
3338,38.73333333333333,38.73333333333333
3339,38.73333333333333,38.73333333333333
3340,38.73333333333333,38.73333333333333
3341,38.73333333333333,38.73333333333333
3342,38.73333333333333,38.73333333333333
3343,38.73333333333333,38.73333333333333
3344,38.73333333333333,38.73333333333333
3345,38.73333333333333,38.73333333333333
3346,38.73333333333333,38.73333333333333
3347,38.73333333333333,38.73333333333333
3348,38.73333333333333,38.73333333333333
3349,38.73333333333333,38.73333333333333
3350,38.73333333333333,38.73333333333333
3351,38.73333333333333,38.73333333333333
3352,38.73333333333333,38.73333333333333
3353,38.73333333333333,38.73333333333333
3354,38.73333333333333,38.73333333333333
3355,38.73333333333333,38.73333333333333
3356,38.73333333333333,38.73333333333333
3357,38.73333333333333,38.73333333333333
3358,38.73333333333333,38.73333333333333
3359,38.73333333333333,38.73333333333333
3360,38.73333333333333,38.73333333333333
3361,38.73333333333333,38.73333333333333
3362,38.73333333333333,38.73333333333333
3363,38.73333333333333,38.73333333333333
3364,38.73333333333333,38.73333333333333
3365,38.73333333333333,38.73333333333333
3366,38.73333333333333,38.73333333333333
3367,38.73333333333333,38.73333333333333
3368,38.73333333333333,38.73333333333333
3369,38.73333333333333,38.73333333333333
3370,38.73333333333333,38.73333333333333
3371,38.73333333333333,38.73333333333333
3372,38.73333333333333,38.73333333333333
3373,38.73333333333333,38.73333333333333
3374,38.73333333333333,38.73333333333333
3375,38.73333333333333,38.73333333333333
3376,38.73333333333333,38.73333333333333
3377,38.73333333333333,38.73333333333333
3378,38.73333333333333,38.73333333333333
3379,38.73333333333333,38.73333333333333
3380,38.73333333333333,38.73333333333333
3381,38.73333333333333,38.73333333333333
3382,38.73333333333333,38.73333333333333
3383,38.73333333333333,38.73333333333333
3384,38.73333333333333,38.73333333333333
3385,38.73333333333333,38.73333333333333
3386,38.73333333333333,38.73333333333333
3387,38.73333333333333,38.73333333333333
3388,38.73333333333333,38.73333333333333
3389,38.73333333333333,38.73333333333333
3390,38.73333333333333,38.73333333333333
3391,38.73333333333333,38.73333333333333
3392,38.73333333333333,38.73333333333333
3393,38.73333333333333,38.73333333333333
3394,38.73333333333333,38.73333333333333
3395,38.73333333333333,38.73333333333333
3396,38.73333333333333,38.73333333333333
3397,38.73333333333333,38.73333333333333
3398,38.73333333333333,38.73333333333333
3399,38.73333333333333,38.73333333333333
3400,38.73333333333333,38.73333333333333
3401,38.73333333333333,38.73333333333333
3402,38.73333333333333,38.73333333333333
3403,38.73333333333333,38.73333333333333
3404,38.73333333333333,38.73333333333333
3405,38.73333333333333,38.73333333333333
3406,38.73333333333333,38.73333333333333
3407,38.73333333333333,38.73333333333333
3408,38.73333333333333,38.73333333333333
3409,38.73333333333333,38.73333333333333
3410,38.73333333333333,38.73333333333333
3411,38.73333333333333,38.73333333333333
3412,38.73333333333333,38.73333333333333
3413,38.73333333333333,38.73333333333333
3414,38.73333333333333,38.73333333333333
3415,38.73333333333333,38.73333333333333
3416,38.73333333333333,38.73333333333333
3417,38.73333333333333,38.73333333333333
3418,38.73333333333333,38.73333333333333
3419,38.73333333333333,38.73333333333333
3420,38.73333333333333,38.73333333333333
3421,38.73333333333333,38.73333333333333
3422,38.73333333333333,38.73333333333333
3423,38.73333333333333,38.73333333333333
3424,38.73333333333333,38.73333333333333
3425,38.73333333333333,38.73333333333333
3426,38.73333333333333,38.73333333333333
3427,38.73333333333333,38.73333333333333
3428,38.73333333333333,38.73333333333333
3429,38.73333333333333,38.73333333333333
3430,38.73333333333333,38.73333333333333
3431,38.73333333333333,38.73333333333333
3432,38.73333333333333,38.73333333333333
3433,38.73333333333333,38.73333333333333
3434,38.73333333333333,38.73333333333333
3435,38.73333333333333,38.73333333333333
3436,38.73333333333333,38.73333333333333
3437,38.73333333333333,38.73333333333333
3438,38.73333333333333,38.73333333333333
3439,38.73333333333333,38.73333333333333
3440,38.73333333333333,38.73333333333333
3441,38.73333333333333,38.73333333333333
3442,38.73333333333333,38.73333333333333
3443,38.73333333333333,38.73333333333333
3444,38.73333333333333,38.73333333333333
3445,38.73333333333333,38.73333333333333
3446,38.73333333333333,38.73333333333333
3447,38.73333333333333,38.73333333333333
3448,38.73333333333333,38.73333333333333
3449,38.73333333333333,38.73333333333333
3450,38.73333333333333,38.73333333333333
3451,38.73333333333333,38.73333333333333
3452,38.73333333333333,38.73333333333333
3453,38.73333333333333,38.73333333333333
3454,38.73333333333333,38.73333333333333
3455,38.73333333333333,38.73333333333333
3456,38.73333333333333,38.73333333333333
3457,38.73333333333333,38.73333333333333
3458,38.73333333333333,38.73333333333333
3459,38.73333333333333,38.73333333333333
3460,38.73333333333333,38.73333333333333
3461,38.73333333333333,38.73333333333333
3462,38.73333333333333,38.73333333333333
3463,38.73333333333333,38.73333333333333
3464,38.73333333333333,38.73333333333333
3465,38.73333333333333,38.73333333333333
3466,38.73333333333333,38.73333333333333
3467,38.73333333333333,38.73333333333333
3468,38.73333333333333,38.73333333333333
3469,38.73333333333333,38.73333333333333
3470,38.73333333333333,38.73333333333333
3471,38.73333333333333,38.73333333333333
3472,38.73333333333333,38.73333333333333
3473,38.73333333333333,38.73333333333333
3474,38.73333333333333,38.73333333333333
3475,38.73333333333333,38.73333333333333
3476,38.73333333333333,38.73333333333333
3477,38.73333333333333,38.73333333333333
3478,38.73333333333333,38.73333333333333
3479,38.73333333333333,38.73333333333333
3480,38.73333333333333,38.73333333333333
3481,38.73333333333333,38.73333333333333
3482,38.73333333333333,38.73333333333333
3483,38.73333333333333,38.73333333333333
3484,38.73333333333333,38.73333333333333
3485,38.73333333333333,38.73333333333333
3486,38.73333333333333,38.73333333333333
3487,38.73333333333333,38.73333333333333
3488,38.73333333333333,38.73333333333333
3489,38.73333333333333,38.73333333333333
3490,38.73333333333333,38.73333333333333
3491,38.73333333333333,38.73333333333333
3492,38.73333333333333,38.73333333333333
3493,38.73333333333333,38.73333333333333
3494,38.73333333333333,38.73333333333333
3495,38.73333333333333,38.73333333333333
3496,38.73333333333333,38.73333333333333
3497,38.73333333333333,38.73333333333333
3498,38.73333333333333,38.73333333333333
3499,38.73333333333333,38.73333333333333
3500,38.73333333333333,38.73333333333333
3501,38.73333333333333,38.73333333333333
3502,38.73333333333333,38.73333333333333
3503,38.73333333333333,38.73333333333333
3504,38.73333333333333,38.73333333333333
3505,38.73333333333333,38.73333333333333
3506,38.73333333333333,38.73333333333333
3507,38.73333333333333,38.73333333333333
3508,38.73333333333333,38.73333333333333
3509,38.73333333333333,38.73333333333333
3510,38.73333333333333,38.73333333333333
3511,38.73333333333333,38.73333333333333
3512,38.73333333333333,38.73333333333333
3513,38.73333333333333,38.73333333333333
3514,38.73333333333333,38.73333333333333
3515,38.73333333333333,38.73333333333333
3516,38.73333333333333,38.73333333333333
3517,38.73333333333333,38.73333333333333
3518,38.73333333333333,38.73333333333333
3519,38.73333333333333,38.73333333333333
3520,38.73333333333333,38.73333333333333
3521,38.73333333333333,38.73333333333333
3522,38.73333333333333,38.73333333333333
3523,38.73333333333333,38.73333333333333
3524,38.73333333333333,38.73333333333333
3525,38.73333333333333,38.73333333333333
3526,38.73333333333333,38.73333333333333
3527,38.73333333333333,38.73333333333333
3528,38.73333333333333,38.73333333333333
3529,38.73333333333333,38.73333333333333
3530,38.73333333333333,38.73333333333333
3531,38.73333333333333,38.73333333333333
3532,38.73333333333333,38.73333333333333
3533,38.73333333333333,38.73333333333333
3534,38.73333333333333,38.73333333333333
3535,38.73333333333333,38.73333333333333
3536,38.73333333333333,38.73333333333333
3537,38.73333333333333,38.73333333333333
3538,38.73333333333333,38.73333333333333
3539,38.73333333333333,38.73333333333333
3540,38.73333333333333,38.73333333333333
3541,38.73333333333333,38.73333333333333
3542,38.73333333333333,38.73333333333333
3543,38.73333333333333,38.73333333333333
3544,38.73333333333333,38.73333333333333
3545,38.73333333333333,38.73333333333333
3546,38.73333333333333,38.73333333333333
3547,38.73333333333333,38.73333333333333
3548,38.73333333333333,38.73333333333333
3549,38.73333333333333,38.73333333333333
3550,38.73333333333333,38.73333333333333
3551,38.73333333333333,38.73333333333333
3552,38.73333333333333,38.73333333333333
3553,38.73333333333333,38.73333333333333
3554,38.73333333333333,38.73333333333333
3555,38.73333333333333,38.73333333333333
3556,38.73333333333333,38.73333333333333
3557,38.73333333333333,38.73333333333333
3558,38.73333333333333,38.73333333333333
3559,38.73333333333333,38.73333333333333
3560,38.73333333333333,38.73333333333333
3561,38.73333333333333,38.73333333333333
3562,38.73333333333333,38.73333333333333
3563,38.73333333333333,38.73333333333333
3564,38.73333333333333,38.73333333333333
3565,38.73333333333333,38.73333333333333
3566,38.73333333333333,38.73333333333333
3567,38.73333333333333,38.73333333333333
3568,38.73333333333333,38.73333333333333
3569,38.73333333333333,38.73333333333333
3570,38.73333333333333,38.73333333333333
3571,38.73333333333333,38.73333333333333
3572,38.73333333333333,38.73333333333333
3573,38.73333333333333,38.73333333333333
3574,38.73333333333333,38.73333333333333
3575,38.73333333333333,38.73333333333333
3576,38.73333333333333,38.73333333333333
3577,38.73333333333333,38.73333333333333
3578,38.73333333333333,38.73333333333333
3579,38.73333333333333,38.73333333333333
3580,38.73333333333333,38.73333333333333
3581,38.73333333333333,38.73333333333333
3582,38.73333333333333,38.73333333333333
3583,38.73333333333333,38.73333333333333
3584,38.73333333333333,38.73333333333333
3585,38.73333333333333,38.73333333333333
3586,38.73333333333333,38.73333333333333
3587,38.73333333333333,38.73333333333333
3588,38.73333333333333,38.73333333333333
3589,38.73333333333333,38.73333333333333
3590,38.73333333333333,38.73333333333333
3591,38.73333333333333,38.73333333333333
3592,38.73333333333333,38.73333333333333
3593,38.73333333333333,38.73333333333333
3594,38.73333333333333,38.73333333333333
3595,38.73333333333333,38.73333333333333
3596,38.73333333333333,38.73333333333333
3597,38.73333333333333,38.73333333333333
3598,38.73333333333333,38.73333333333333
3599,38.73333333333333,38.73333333333333
3600,38.73333333333333,38.73333333333333
3601,38.73333333333333,38.73333333333333
3602,38.73333333333333,38.73333333333333
3603,38.73333333333333,38.73333333333333
3604,38.73333333333333,38.73333333333333
3605,38.73333333333333,38.73333333333333
3606,38.73333333333333,38.73333333333333
3607,38.73333333333333,38.73333333333333
3608,38.73333333333333,38.73333333333333
3609,38.73333333333333,38.73333333333333
3610,38.73333333333333,38.73333333333333
3611,38.73333333333333,38.73333333333333
3612,38.73333333333333,38.73333333333333
3613,38.73333333333333,38.73333333333333
3614,38.73333333333333,38.73333333333333
3615,38.73333333333333,38.73333333333333
3616,38.73333333333333,38.73333333333333
3617,38.73333333333333,38.73333333333333
3618,38.73333333333333,38.73333333333333
3619,38.73333333333333,38.73333333333333
3620,38.73333333333333,38.73333333333333
3621,38.73333333333333,38.73333333333333
3622,38.73333333333333,38.73333333333333
3623,38.73333333333333,38.73333333333333
3624,38.73333333333333,38.73333333333333
3625,38.73333333333333,38.73333333333333
3626,38.73333333333333,38.73333333333333
3627,38.73333333333333,38.73333333333333
3628,38.73333333333333,38.73333333333333
3629,38.73333333333333,38.73333333333333
3630,38.73333333333333,38.73333333333333
3631,38.73333333333333,38.73333333333333
3632,38.73333333333333,38.73333333333333
3633,38.73333333333333,38.73333333333333
3634,38.73333333333333,38.73333333333333
3635,38.73333333333333,38.73333333333333
3636,38.73333333333333,38.73333333333333
3637,38.73333333333333,38.73333333333333
3638,38.73333333333333,38.73333333333333
3639,38.73333333333333,38.73333333333333
3640,38.73333333333333,38.73333333333333
3641,38.73333333333333,38.73333333333333
3642,38.73333333333333,38.73333333333333
3643,38.73333333333333,38.73333333333333
3644,38.73333333333333,38.73333333333333
3645,38.73333333333333,38.73333333333333
3646,38.73333333333333,38.73333333333333
3647,38.73333333333333,38.73333333333333
3648,38.73333333333333,38.73333333333333
3649,38.73333333333333,38.73333333333333
3650,38.73333333333333,38.73333333333333
3651,38.73333333333333,38.73333333333333
3652,38.73333333333333,38.73333333333333
3653,38.73333333333333,38.73333333333333
3654,38.73333333333333,38.73333333333333
3655,38.73333333333333,38.73333333333333
3656,38.73333333333333,38.73333333333333
3657,38.73333333333333,38.73333333333333
3658,38.73333333333333,38.73333333333333
3659,38.73333333333333,38.73333333333333
3660,38.73333333333333,38.73333333333333
3661,38.73333333333333,38.73333333333333
3662,38.73333333333333,38.73333333333333
3663,38.73333333333333,38.73333333333333
3664,38.73333333333333,38.73333333333333
3665,38.73333333333333,38.73333333333333
3666,38.73333333333333,38.73333333333333
3667,38.73333333333333,38.73333333333333
3668,38.73333333333333,38.73333333333333
3669,38.73333333333333,38.73333333333333
3670,38.73333333333333,38.73333333333333
3671,38.73333333333333,38.73333333333333
3672,38.73333333333333,38.73333333333333
3673,38.73333333333333,38.73333333333333
3674,38.73333333333333,38.73333333333333
3675,38.73333333333333,38.73333333333333
3676,38.73333333333333,38.73333333333333
3677,38.73333333333333,38.73333333333333
3678,38.73333333333333,38.73333333333333
3679,38.73333333333333,38.73333333333333
3680,38.73333333333333,38.73333333333333
3681,38.73333333333333,38.73333333333333
3682,38.73333333333333,38.73333333333333
3683,38.73333333333333,38.73333333333333
3684,38.73333333333333,38.73333333333333
3685,38.73333333333333,38.73333333333333
3686,38.73333333333333,38.73333333333333
3687,38.73333333333333,38.73333333333333
3688,38.73333333333333,38.73333333333333
3689,38.73333333333333,38.73333333333333
3690,38.73333333333333,38.73333333333333
3691,38.73333333333333,38.73333333333333
3692,38.73333333333333,38.73333333333333
3693,38.73333333333333,38.73333333333333
3694,38.73333333333333,38.73333333333333
3695,38.73333333333333,38.73333333333333
3696,38.73333333333333,38.73333333333333
3697,38.73333333333333,38.73333333333333
3698,38.73333333333333,38.73333333333333
3699,38.73333333333333,38.73333333333333
3700,38.73333333333333,38.73333333333333
3701,38.73333333333333,38.73333333333333
3702,38.73333333333333,38.73333333333333
3703,38.73333333333333,38.73333333333333
3704,38.73333333333333,38.73333333333333
3705,38.73333333333333,38.73333333333333
3706,38.73333333333333,38.73333333333333
3707,38.73333333333333,38.73333333333333
3708,38.73333333333333,38.73333333333333
3709,38.73333333333333,38.73333333333333
3710,38.73333333333333,38.73333333333333
3711,38.73333333333333,38.73333333333333
3712,38.73333333333333,38.73333333333333
3713,38.73333333333333,38.73333333333333
3714,38.73333333333333,38.73333333333333
3715,38.73333333333333,38.73333333333333
3716,38.73333333333333,38.73333333333333
3717,38.73333333333333,38.73333333333333
3718,38.73333333333333,38.73333333333333
3719,38.73333333333333,38.73333333333333
3720,38.73333333333333,38.73333333333333
3721,38.73333333333333,38.73333333333333
3722,38.73333333333333,38.73333333333333
3723,38.73333333333333,38.73333333333333
3724,38.73333333333333,38.73333333333333
3725,38.73333333333333,38.73333333333333
3726,38.73333333333333,38.73333333333333
3727,38.73333333333333,38.73333333333333
3728,38.73333333333333,38.73333333333333
3729,38.73333333333333,38.73333333333333
3730,38.73333333333333,38.73333333333333
3731,38.73333333333333,38.73333333333333
3732,38.73333333333333,38.73333333333333
3733,38.73333333333333,38.73333333333333
3734,38.73333333333333,38.73333333333333
3735,38.73333333333333,38.73333333333333
3736,38.73333333333333,38.73333333333333
3737,38.73333333333333,38.73333333333333
3738,38.73333333333333,38.73333333333333
3739,38.73333333333333,38.73333333333333
3740,38.73333333333333,38.73333333333333
3741,38.73333333333333,38.73333333333333
3742,38.73333333333333,38.73333333333333
3743,38.73333333333333,38.73333333333333
3744,38.73333333333333,38.73333333333333
3745,38.73333333333333,38.73333333333333
3746,38.73333333333333,38.73333333333333
3747,38.73333333333333,38.73333333333333
3748,38.73333333333333,38.73333333333333
3749,38.73333333333333,38.73333333333333
3750,38.73333333333333,38.73333333333333
3751,38.73333333333333,38.73333333333333
3752,38.73333333333333,38.73333333333333
3753,38.73333333333333,38.73333333333333
3754,38.73333333333333,38.73333333333333
3755,38.73333333333333,38.73333333333333
3756,38.73333333333333,38.73333333333333
3757,38.73333333333333,38.73333333333333
3758,38.73333333333333,38.73333333333333
3759,38.73333333333333,38.73333333333333
3760,38.73333333333333,38.73333333333333
3761,38.73333333333333,38.73333333333333
3762,38.73333333333333,38.73333333333333
3763,38.73333333333333,38.73333333333333
3764,38.73333333333333,38.73333333333333
3765,38.73333333333333,38.73333333333333
3766,38.73333333333333,38.73333333333333
3767,38.73333333333333,38.73333333333333
3768,38.73333333333333,38.73333333333333
3769,38.73333333333333,38.73333333333333
3770,38.73333333333333,38.73333333333333
3771,38.73333333333333,38.73333333333333
3772,38.73333333333333,38.73333333333333
3773,38.73333333333333,38.73333333333333
3774,38.73333333333333,38.73333333333333
3775,38.73333333333333,38.73333333333333
3776,38.73333333333333,38.73333333333333
3777,38.73333333333333,38.73333333333333
3778,38.73333333333333,38.73333333333333
3779,38.73333333333333,38.73333333333333
3780,38.73333333333333,38.73333333333333
3781,38.73333333333333,38.73333333333333
3782,38.73333333333333,38.73333333333333
3783,38.73333333333333,38.73333333333333
3784,38.73333333333333,38.73333333333333
3785,38.73333333333333,38.73333333333333
3786,38.73333333333333,38.73333333333333
3787,38.73333333333333,38.73333333333333
3788,38.73333333333333,38.73333333333333
3789,38.73333333333333,38.73333333333333
3790,38.73333333333333,38.73333333333333
3791,38.73333333333333,38.73333333333333
3792,38.73333333333333,38.73333333333333
3793,38.73333333333333,38.73333333333333
3794,38.73333333333333,38.73333333333333
3795,38.73333333333333,38.73333333333333
3796,38.73333333333333,38.73333333333333
3797,38.73333333333333,38.73333333333333
3798,38.73333333333333,38.73333333333333
3799,38.73333333333333,38.73333333333333
3800,38.73333333333333,38.73333333333333
3801,38.73333333333333,38.73333333333333
3802,38.73333333333333,38.73333333333333
3803,38.73333333333333,38.73333333333333
3804,38.73333333333333,38.73333333333333
3805,38.73333333333333,38.73333333333333
3806,38.73333333333333,38.73333333333333
3807,38.73333333333333,38.73333333333333
3808,38.73333333333333,38.73333333333333
3809,38.73333333333333,38.73333333333333
3810,38.73333333333333,38.73333333333333
3811,38.73333333333333,38.73333333333333
3812,38.73333333333333,38.73333333333333
3813,38.73333333333333,38.73333333333333
3814,38.73333333333333,38.73333333333333
3815,38.73333333333333,38.73333333333333
3816,38.73333333333333,38.73333333333333
3817,38.73333333333333,38.73333333333333
3818,38.73333333333333,38.73333333333333
3819,38.73333333333333,38.73333333333333
3820,38.73333333333333,38.73333333333333
3821,38.73333333333333,38.73333333333333
3822,38.73333333333333,38.73333333333333
3823,38.73333333333333,38.73333333333333
3824,38.73333333333333,38.73333333333333
3825,38.73333333333333,38.73333333333333
3826,38.73333333333333,38.73333333333333
3827,38.73333333333333,38.73333333333333
3828,38.73333333333333,38.73333333333333
3829,38.73333333333333,38.73333333333333
3830,38.73333333333333,38.73333333333333
3831,38.73333333333333,38.73333333333333
3832,38.73333333333333,38.73333333333333
3833,38.73333333333333,38.73333333333333
3834,38.73333333333333,38.73333333333333
3835,38.73333333333333,38.73333333333333
3836,38.73333333333333,38.73333333333333
3837,38.73333333333333,38.73333333333333
3838,38.73333333333333,38.73333333333333
3839,38.73333333333333,38.73333333333333
3840,38.73333333333333,38.73333333333333
3841,38.73333333333333,38.73333333333333
3842,38.73333333333333,38.73333333333333
3843,38.73333333333333,38.73333333333333
3844,38.73333333333333,38.73333333333333
3845,38.73333333333333,38.73333333333333
3846,38.73333333333333,38.73333333333333
3847,38.73333333333333,38.73333333333333
3848,38.73333333333333,38.73333333333333
3849,38.73333333333333,38.73333333333333
3850,38.73333333333333,38.73333333333333
3851,38.73333333333333,38.73333333333333
3852,38.73333333333333,38.73333333333333
3853,38.73333333333333,38.73333333333333
3854,38.73333333333333,38.73333333333333
3855,38.73333333333333,38.73333333333333
3856,38.73333333333333,38.73333333333333
3857,38.73333333333333,38.73333333333333
3858,38.73333333333333,38.73333333333333
3859,38.73333333333333,38.73333333333333
3860,38.73333333333333,38.73333333333333
3861,38.73333333333333,38.73333333333333
3862,38.73333333333333,38.73333333333333
3863,38.73333333333333,38.73333333333333
3864,38.73333333333333,38.73333333333333
3865,38.73333333333333,38.73333333333333
3866,38.73333333333333,38.73333333333333
3867,38.73333333333333,38.73333333333333
3868,38.73333333333333,38.73333333333333
3869,38.73333333333333,38.73333333333333
3870,38.73333333333333,38.73333333333333
3871,38.73333333333333,38.73333333333333
3872,38.73333333333333,38.73333333333333
3873,38.73333333333333,38.73333333333333
3874,38.73333333333333,38.73333333333333
3875,38.73333333333333,38.73333333333333
3876,38.73333333333333,38.73333333333333
3877,38.73333333333333,38.73333333333333
3878,38.73333333333333,38.73333333333333
3879,38.73333333333333,38.73333333333333
3880,38.73333333333333,38.73333333333333
3881,38.73333333333333,38.73333333333333
3882,38.73333333333333,38.73333333333333
3883,38.73333333333333,38.73333333333333
3884,38.73333333333333,38.73333333333333
3885,38.73333333333333,38.73333333333333
3886,38.73333333333333,38.73333333333333
3887,38.73333333333333,38.73333333333333
3888,38.73333333333333,38.73333333333333
3889,38.73333333333333,38.73333333333333
3890,38.73333333333333,38.73333333333333
3891,38.73333333333333,38.73333333333333
3892,38.73333333333333,38.73333333333333
3893,38.73333333333333,38.73333333333333
3894,38.73333333333333,38.73333333333333
3895,38.73333333333333,38.73333333333333
3896,38.73333333333333,38.73333333333333
3897,38.73333333333333,38.73333333333333
3898,38.73333333333333,38.73333333333333
3899,38.73333333333333,38.73333333333333
3900,38.73333333333333,38.73333333333333
3901,38.73333333333333,38.73333333333333
3902,38.73333333333333,38.73333333333333
3903,38.73333333333333,38.73333333333333
3904,38.73333333333333,38.73333333333333
3905,38.73333333333333,38.73333333333333
3906,38.73333333333333,38.73333333333333
3907,38.73333333333333,38.73333333333333
3908,38.73333333333333,38.73333333333333
3909,38.73333333333333,38.73333333333333
3910,38.73333333333333,38.73333333333333
3911,38.73333333333333,38.73333333333333
3912,38.73333333333333,38.73333333333333
3913,38.73333333333333,38.73333333333333
3914,38.73333333333333,38.73333333333333
3915,38.73333333333333,38.73333333333333
3916,38.73333333333333,38.73333333333333
3917,38.73333333333333,38.73333333333333
3918,38.73333333333333,38.73333333333333
3919,38.73333333333333,38.73333333333333
3920,38.73333333333333,38.73333333333333
3921,38.73333333333333,38.73333333333333
3922,38.73333333333333,38.73333333333333
3923,38.73333333333333,38.73333333333333
3924,38.73333333333333,38.73333333333333
3925,38.73333333333333,38.73333333333333
3926,38.73333333333333,38.73333333333333
3927,38.73333333333333,38.73333333333333
3928,38.73333333333333,38.73333333333333
3929,38.73333333333333,38.73333333333333
3930,38.73333333333333,38.73333333333333
3931,38.73333333333333,38.73333333333333
3932,38.73333333333333,38.73333333333333
3933,38.73333333333333,38.73333333333333
3934,38.73333333333333,38.73333333333333
3935,38.73333333333333,38.73333333333333
3936,38.73333333333333,38.73333333333333
3937,38.73333333333333,38.73333333333333
3938,38.73333333333333,38.73333333333333
3939,38.73333333333333,38.73333333333333
3940,38.73333333333333,38.73333333333333
3941,38.73333333333333,38.73333333333333
3942,38.73333333333333,38.73333333333333
3943,38.73333333333333,38.73333333333333
3944,38.73333333333333,38.73333333333333
3945,38.73333333333333,38.73333333333333
3946,38.73333333333333,38.73333333333333
3947,38.73333333333333,38.73333333333333
3948,38.73333333333333,38.73333333333333
3949,38.73333333333333,38.73333333333333
3950,38.73333333333333,38.73333333333333
3951,38.73333333333333,38.73333333333333
3952,38.73333333333333,38.73333333333333
3953,38.73333333333333,38.73333333333333
3954,38.73333333333333,38.73333333333333
3955,38.73333333333333,38.73333333333333
3956,38.73333333333333,38.73333333333333
3957,38.73333333333333,38.73333333333333
3958,38.73333333333333,38.73333333333333
3959,38.73333333333333,38.73333333333333
3960,38.73333333333333,38.73333333333333
3961,38.73333333333333,38.73333333333333
3962,38.73333333333333,38.73333333333333
3963,38.73333333333333,38.73333333333333
3964,38.73333333333333,38.73333333333333
3965,38.73333333333333,38.73333333333333
3966,38.73333333333333,38.73333333333333
3967,38.73333333333333,38.73333333333333
3968,38.73333333333333,38.73333333333333
3969,38.73333333333333,38.73333333333333
3970,38.73333333333333,38.73333333333333
3971,38.73333333333333,38.73333333333333
3972,38.73333333333333,38.73333333333333
3973,38.73333333333333,38.73333333333333
3974,38.73333333333333,38.73333333333333
3975,38.73333333333333,38.73333333333333
3976,38.73333333333333,38.73333333333333
3977,38.73333333333333,38.73333333333333
3978,38.73333333333333,38.73333333333333
3979,38.73333333333333,38.73333333333333
3980,38.73333333333333,38.73333333333333
3981,38.73333333333333,38.73333333333333
3982,38.73333333333333,38.73333333333333
3983,38.73333333333333,38.73333333333333
3984,38.73333333333333,38.73333333333333
3985,38.73333333333333,38.73333333333333
3986,38.73333333333333,38.73333333333333
3987,38.73333333333333,38.73333333333333
3988,38.73333333333333,38.73333333333333
3989,38.73333333333333,38.73333333333333
3990,38.73333333333333,38.73333333333333
3991,38.73333333333333,38.73333333333333
3992,38.73333333333333,38.73333333333333
3993,38.73333333333333,38.73333333333333
3994,38.73333333333333,38.73333333333333
3995,38.73333333333333,38.73333333333333
3996,38.73333333333333,38.73333333333333
3997,38.73333333333333,38.73333333333333
3998,38.73333333333333,38.73333333333333
3999,38.73333333333333,38.73333333333333
4000,38.73333333333333,38.73333333333333
4001,38.73333333333333,38.73333333333333
4002,38.73333333333333,38.73333333333333
4003,38.73333333333333,38.73333333333333
4004,38.73333333333333,38.73333333333333
4005,38.73333333333333,38.73333333333333
4006,38.73333333333333,38.73333333333333
4007,38.73333333333333,38.73333333333333
4008,38.73333333333333,38.73333333333333
4009,38.73333333333333,38.73333333333333
4010,38.73333333333333,38.73333333333333
4011,38.73333333333333,38.73333333333333
4012,38.73333333333333,38.73333333333333
4013,38.73333333333333,38.73333333333333
4014,38.73333333333333,38.73333333333333
4015,38.73333333333333,38.73333333333333
4016,38.73333333333333,38.73333333333333
4017,38.73333333333333,38.73333333333333
4018,38.73333333333333,38.73333333333333
4019,38.73333333333333,38.73333333333333
4020,38.73333333333333,38.73333333333333
4021,38.73333333333333,38.73333333333333
4022,38.73333333333333,38.73333333333333
4023,38.73333333333333,38.73333333333333
4024,38.73333333333333,38.73333333333333
4025,38.73333333333333,38.73333333333333
4026,38.73333333333333,38.73333333333333
4027,38.73333333333333,38.73333333333333
4028,38.73333333333333,38.73333333333333
4029,38.73333333333333,38.73333333333333
4030,38.73333333333333,38.73333333333333
4031,38.73333333333333,38.73333333333333
4032,38.73333333333333,38.73333333333333
4033,38.73333333333333,38.73333333333333
4034,38.73333333333333,38.73333333333333
4035,38.73333333333333,38.73333333333333
4036,38.73333333333333,38.73333333333333
4037,38.73333333333333,38.73333333333333
4038,38.73333333333333,38.73333333333333
4039,38.73333333333333,38.73333333333333
4040,38.73333333333333,38.73333333333333
4041,38.73333333333333,38.73333333333333
4042,38.73333333333333,38.73333333333333
4043,38.73333333333333,38.73333333333333
4044,38.73333333333333,38.73333333333333
4045,38.73333333333333,38.73333333333333
4046,38.73333333333333,38.73333333333333
4047,38.73333333333333,38.73333333333333
4048,38.73333333333333,38.73333333333333
4049,38.73333333333333,38.73333333333333
4050,38.73333333333333,38.73333333333333
4051,38.73333333333333,38.73333333333333
4052,38.73333333333333,38.73333333333333
4053,38.73333333333333,38.73333333333333
4054,38.73333333333333,38.73333333333333
4055,38.73333333333333,38.73333333333333
4056,38.73333333333333,38.73333333333333
4057,38.73333333333333,38.73333333333333
4058,38.73333333333333,38.73333333333333
4059,38.73333333333333,38.73333333333333
4060,38.73333333333333,38.73333333333333
4061,38.73333333333333,38.73333333333333
4062,38.73333333333333,38.73333333333333
4063,38.73333333333333,38.73333333333333
4064,38.73333333333333,38.73333333333333
4065,38.73333333333333,38.73333333333333
4066,38.73333333333333,38.73333333333333
4067,38.73333333333333,38.73333333333333
4068,38.73333333333333,38.73333333333333
4069,38.73333333333333,38.73333333333333
4070,38.73333333333333,38.73333333333333
4071,38.73333333333333,38.73333333333333
4072,38.73333333333333,38.73333333333333
4073,38.73333333333333,38.73333333333333
4074,38.73333333333333,38.73333333333333
4075,38.73333333333333,38.73333333333333
4076,38.73333333333333,38.73333333333333
4077,38.73333333333333,38.73333333333333
4078,38.73333333333333,38.73333333333333
4079,38.73333333333333,38.73333333333333
4080,38.73333333333333,38.73333333333333
4081,38.73333333333333,38.73333333333333
4082,38.73333333333333,38.73333333333333
4083,38.73333333333333,38.73333333333333
4084,38.73333333333333,38.73333333333333
4085,38.73333333333333,38.73333333333333
4086,38.73333333333333,38.73333333333333
4087,38.73333333333333,38.73333333333333
4088,38.73333333333333,38.73333333333333
4089,38.73333333333333,38.73333333333333
4090,38.73333333333333,38.73333333333333
4091,38.73333333333333,38.73333333333333
4092,38.73333333333333,38.73333333333333
4093,38.73333333333333,38.73333333333333
4094,38.73333333333333,38.73333333333333
4095,38.73333333333333,38.73333333333333
4096,38.73333333333333,38.73333333333333
4097,38.73333333333333,38.73333333333333
4098,38.73333333333333,38.73333333333333
4099,38.73333333333333,38.73333333333333
4100,38.73333333333333,38.73333333333333
4101,38.73333333333333,38.73333333333333
4102,38.73333333333333,38.73333333333333
4103,38.73333333333333,38.73333333333333
4104,38.73333333333333,38.73333333333333
4105,38.73333333333333,38.73333333333333
4106,38.73333333333333,38.73333333333333
4107,38.73333333333333,38.73333333333333
4108,38.73333333333333,38.73333333333333
4109,38.73333333333333,38.73333333333333
4110,38.73333333333333,38.73333333333333
4111,38.73333333333333,38.73333333333333
4112,38.73333333333333,38.73333333333333
4113,38.73333333333333,38.73333333333333
4114,38.73333333333333,38.73333333333333
4115,38.73333333333333,38.73333333333333
4116,38.73333333333333,38.73333333333333
4117,38.73333333333333,38.73333333333333
4118,38.73333333333333,38.73333333333333
4119,38.73333333333333,38.73333333333333
4120,38.73333333333333,38.73333333333333
4121,38.73333333333333,38.73333333333333
4122,38.73333333333333,38.73333333333333
4123,38.73333333333333,38.73333333333333
4124,38.73333333333333,38.73333333333333
4125,38.73333333333333,38.73333333333333
4126,38.73333333333333,38.73333333333333
4127,38.73333333333333,38.73333333333333
4128,38.73333333333333,38.73333333333333
4129,38.73333333333333,38.73333333333333
4130,38.73333333333333,38.73333333333333
4131,38.73333333333333,38.73333333333333
4132,38.73333333333333,38.73333333333333
4133,38.73333333333333,38.73333333333333
4134,38.73333333333333,38.73333333333333
4135,38.73333333333333,38.73333333333333
4136,38.73333333333333,38.73333333333333
4137,38.73333333333333,38.73333333333333
4138,38.73333333333333,38.73333333333333
4139,38.73333333333333,38.73333333333333
4140,38.73333333333333,38.73333333333333
4141,38.73333333333333,38.73333333333333
4142,38.73333333333333,38.73333333333333
4143,38.73333333333333,38.73333333333333
4144,38.73333333333333,38.73333333333333
4145,38.73333333333333,38.73333333333333
4146,38.73333333333333,38.73333333333333
4147,38.73333333333333,38.73333333333333
4148,38.73333333333333,38.73333333333333
4149,38.73333333333333,38.73333333333333
4150,38.73333333333333,38.73333333333333
4151,38.73333333333333,38.73333333333333
4152,38.73333333333333,38.73333333333333
4153,38.73333333333333,38.73333333333333
4154,38.73333333333333,38.73333333333333
4155,38.73333333333333,38.73333333333333
4156,38.73333333333333,38.73333333333333
4157,38.73333333333333,38.73333333333333
4158,38.73333333333333,38.73333333333333
4159,38.73333333333333,38.73333333333333
4160,38.73333333333333,38.73333333333333
4161,38.73333333333333,38.73333333333333
4162,38.73333333333333,38.73333333333333
4163,38.73333333333333,38.73333333333333
4164,38.73333333333333,38.73333333333333
4165,38.73333333333333,38.73333333333333
4166,38.73333333333333,38.73333333333333
4167,38.73333333333333,38.73333333333333
4168,38.73333333333333,38.73333333333333
4169,38.73333333333333,38.73333333333333
4170,38.73333333333333,38.73333333333333
4171,38.73333333333333,38.73333333333333
4172,38.73333333333333,38.73333333333333
4173,38.73333333333333,38.73333333333333
4174,38.73333333333333,38.73333333333333
4175,38.73333333333333,38.73333333333333
4176,38.73333333333333,38.73333333333333
4177,38.73333333333333,38.73333333333333
4178,38.73333333333333,38.73333333333333
4179,38.73333333333333,38.73333333333333
4180,38.73333333333333,38.73333333333333
4181,38.73333333333333,38.73333333333333
4182,38.73333333333333,38.73333333333333
4183,38.73333333333333,38.73333333333333
4184,38.73333333333333,38.73333333333333
4185,38.73333333333333,38.73333333333333
4186,38.73333333333333,38.73333333333333
4187,38.73333333333333,38.73333333333333
4188,38.73333333333333,38.73333333333333
4189,38.73333333333333,38.73333333333333
4190,38.73333333333333,38.73333333333333
4191,38.73333333333333,38.73333333333333
4192,38.73333333333333,38.73333333333333
4193,38.73333333333333,38.73333333333333
4194,38.73333333333333,38.73333333333333
4195,38.73333333333333,38.73333333333333
4196,38.73333333333333,38.73333333333333
4197,38.73333333333333,38.73333333333333
4198,38.73333333333333,38.73333333333333
4199,38.73333333333333,38.73333333333333
4200,38.73333333333333,38.73333333333333
4201,38.73333333333333,38.73333333333333
4202,38.73333333333333,38.73333333333333
4203,38.73333333333333,38.73333333333333
4204,38.73333333333333,38.73333333333333
4205,38.73333333333333,38.73333333333333
4206,38.73333333333333,38.73333333333333
4207,38.73333333333333,38.73333333333333
4208,38.73333333333333,38.73333333333333
4209,38.73333333333333,38.73333333333333
4210,38.73333333333333,38.73333333333333
4211,38.73333333333333,38.73333333333333
4212,38.73333333333333,38.73333333333333
4213,38.73333333333333,38.73333333333333
4214,38.73333333333333,38.73333333333333
4215,38.73333333333333,38.73333333333333
4216,38.73333333333333,38.73333333333333
4217,38.73333333333333,38.73333333333333
4218,38.73333333333333,38.73333333333333
4219,38.73333333333333,38.73333333333333
4220,38.73333333333333,38.73333333333333
4221,38.73333333333333,38.73333333333333
4222,38.73333333333333,38.73333333333333
4223,38.73333333333333,38.73333333333333
4224,38.73333333333333,38.73333333333333
4225,38.73333333333333,38.73333333333333
4226,38.73333333333333,38.73333333333333
4227,38.73333333333333,38.73333333333333
4228,38.73333333333333,38.73333333333333
4229,38.73333333333333,38.73333333333333
4230,38.73333333333333,38.73333333333333
4231,38.73333333333333,38.73333333333333
4232,38.73333333333333,38.73333333333333
4233,38.73333333333333,38.73333333333333
4234,38.73333333333333,38.73333333333333
4235,38.73333333333333,38.73333333333333
4236,38.73333333333333,38.73333333333333
4237,38.73333333333333,38.73333333333333
4238,38.73333333333333,38.73333333333333
4239,38.73333333333333,38.73333333333333
4240,38.73333333333333,38.73333333333333
4241,38.73333333333333,38.73333333333333
4242,38.73333333333333,38.73333333333333
4243,38.73333333333333,38.73333333333333
4244,38.73333333333333,38.73333333333333
4245,38.73333333333333,38.73333333333333
4246,38.73333333333333,38.73333333333333
4247,38.73333333333333,38.73333333333333
4248,38.73333333333333,38.73333333333333
4249,38.73333333333333,38.73333333333333
4250,38.73333333333333,38.73333333333333
4251,38.73333333333333,38.73333333333333
4252,38.73333333333333,38.73333333333333
4253,38.73333333333333,38.73333333333333
4254,38.73333333333333,38.73333333333333
4255,38.73333333333333,38.73333333333333
4256,38.73333333333333,38.73333333333333
4257,38.73333333333333,38.73333333333333
4258,38.73333333333333,38.73333333333333
4259,38.73333333333333,38.73333333333333
4260,38.73333333333333,38.73333333333333
4261,38.73333333333333,38.73333333333333
4262,38.73333333333333,38.73333333333333
4263,38.73333333333333,38.73333333333333
4264,38.73333333333333,38.73333333333333
4265,38.73333333333333,38.73333333333333
4266,38.73333333333333,38.73333333333333
4267,38.73333333333333,38.73333333333333
4268,38.73333333333333,38.73333333333333
4269,38.73333333333333,38.73333333333333
4270,38.73333333333333,38.73333333333333
4271,38.73333333333333,38.73333333333333
4272,38.73333333333333,38.73333333333333
4273,38.73333333333333,38.73333333333333
4274,38.73333333333333,38.73333333333333
4275,38.73333333333333,38.73333333333333
4276,38.73333333333333,38.73333333333333
4277,38.73333333333333,38.73333333333333
4278,38.73333333333333,38.73333333333333
4279,38.73333333333333,38.73333333333333
4280,38.73333333333333,38.73333333333333
4281,38.73333333333333,38.73333333333333
4282,38.73333333333333,38.73333333333333
4283,38.73333333333333,38.73333333333333
4284,38.73333333333333,38.73333333333333
4285,38.73333333333333,38.73333333333333
4286,38.73333333333333,38.73333333333333
4287,38.73333333333333,38.73333333333333
4288,38.73333333333333,38.73333333333333
4289,38.73333333333333,38.73333333333333
4290,38.73333333333333,38.73333333333333
4291,38.73333333333333,38.73333333333333
4292,38.73333333333333,38.73333333333333
4293,38.73333333333333,38.73333333333333
4294,38.73333333333333,38.73333333333333
4295,38.73333333333333,38.73333333333333
4296,38.73333333333333,38.73333333333333
4297,38.73333333333333,38.73333333333333
4298,38.73333333333333,38.73333333333333
4299,38.73333333333333,38.73333333333333
4300,38.73333333333333,38.73333333333333
4301,38.73333333333333,38.73333333333333
4302,38.73333333333333,38.73333333333333
4303,38.73333333333333,38.73333333333333
4304,38.73333333333333,38.73333333333333
4305,38.73333333333333,38.73333333333333
4306,38.73333333333333,38.73333333333333
4307,38.73333333333333,38.73333333333333
4308,38.73333333333333,38.73333333333333
4309,38.73333333333333,38.73333333333333
4310,38.73333333333333,38.73333333333333
4311,38.73333333333333,38.73333333333333
4312,38.73333333333333,38.73333333333333
4313,38.73333333333333,38.73333333333333
4314,38.73333333333333,38.73333333333333
4315,38.73333333333333,38.73333333333333
4316,38.73333333333333,38.73333333333333
4317,38.73333333333333,38.73333333333333
4318,38.73333333333333,38.73333333333333
4319,38.73333333333333,38.73333333333333
4320,38.73333333333333,38.73333333333333
4321,38.73333333333333,38.73333333333333
4322,38.73333333333333,38.73333333333333
4323,38.73333333333333,38.73333333333333
4324,38.73333333333333,38.73333333333333
4325,38.73333333333333,38.73333333333333
4326,38.73333333333333,38.73333333333333
4327,38.73333333333333,38.73333333333333
4328,38.73333333333333,38.73333333333333
4329,38.73333333333333,38.73333333333333
4330,38.73333333333333,38.73333333333333
4331,38.73333333333333,38.73333333333333
4332,38.73333333333333,38.73333333333333
4333,38.73333333333333,38.73333333333333
4334,38.73333333333333,38.73333333333333
4335,38.73333333333333,38.73333333333333
4336,38.73333333333333,38.73333333333333
4337,38.73333333333333,38.73333333333333
4338,38.73333333333333,38.73333333333333
4339,38.73333333333333,38.73333333333333
4340,38.73333333333333,38.73333333333333
4341,38.73333333333333,38.73333333333333
4342,38.73333333333333,38.73333333333333
4343,38.73333333333333,38.73333333333333
4344,38.73333333333333,38.73333333333333
4345,38.73333333333333,38.73333333333333
4346,38.73333333333333,38.73333333333333
4347,38.73333333333333,38.73333333333333
4348,38.73333333333333,38.73333333333333
4349,38.73333333333333,38.73333333333333
4350,38.73333333333333,38.73333333333333
4351,38.73333333333333,38.73333333333333
4352,38.73333333333333,38.73333333333333
4353,38.73333333333333,38.73333333333333
4354,38.73333333333333,38.73333333333333
4355,38.73333333333333,38.73333333333333
4356,38.73333333333333,38.73333333333333
4357,38.73333333333333,38.73333333333333
4358,38.73333333333333,38.73333333333333
4359,38.73333333333333,38.73333333333333
4360,38.73333333333333,38.73333333333333
4361,38.73333333333333,38.73333333333333
4362,38.73333333333333,38.73333333333333
4363,38.73333333333333,38.73333333333333
4364,38.73333333333333,38.73333333333333
4365,38.73333333333333,38.73333333333333
4366,38.73333333333333,38.73333333333333
4367,38.73333333333333,38.73333333333333
4368,38.73333333333333,38.73333333333333
4369,38.73333333333333,38.73333333333333
4370,38.73333333333333,38.73333333333333
4371,38.73333333333333,38.73333333333333
4372,38.73333333333333,38.73333333333333
4373,38.73333333333333,38.73333333333333
4374,38.73333333333333,38.73333333333333
4375,38.73333333333333,38.73333333333333
4376,38.73333333333333,38.73333333333333
4377,38.73333333333333,38.73333333333333
4378,38.73333333333333,38.73333333333333
4379,38.73333333333333,38.73333333333333
4380,38.73333333333333,38.73333333333333
4381,38.73333333333333,38.73333333333333
4382,38.73333333333333,38.73333333333333
4383,38.73333333333333,38.73333333333333
4384,38.73333333333333,38.73333333333333
4385,38.73333333333333,38.73333333333333
4386,38.73333333333333,38.73333333333333
4387,38.73333333333333,38.73333333333333
4388,38.73333333333333,38.73333333333333
4389,38.73333333333333,38.73333333333333
4390,38.73333333333333,38.73333333333333
4391,38.73333333333333,38.73333333333333
4392,38.73333333333333,38.73333333333333
4393,38.73333333333333,38.73333333333333
4394,38.73333333333333,38.73333333333333
4395,38.73333333333333,38.73333333333333
4396,38.73333333333333,38.73333333333333
4397,38.73333333333333,38.73333333333333
4398,38.73333333333333,38.73333333333333
4399,38.73333333333333,38.73333333333333
4400,38.73333333333333,38.73333333333333
4401,38.73333333333333,38.73333333333333
4402,38.73333333333333,38.73333333333333
4403,38.73333333333333,38.73333333333333
4404,38.73333333333333,38.73333333333333
4405,38.73333333333333,38.73333333333333
4406,38.73333333333333,38.73333333333333
4407,38.73333333333333,38.73333333333333
4408,38.73333333333333,38.73333333333333
4409,38.73333333333333,38.73333333333333
4410,38.73333333333333,38.73333333333333
4411,38.73333333333333,38.73333333333333
4412,38.73333333333333,38.73333333333333
4413,38.73333333333333,38.73333333333333
4414,38.73333333333333,38.73333333333333
4415,38.73333333333333,38.73333333333333
4416,38.73333333333333,38.73333333333333
4417,38.73333333333333,38.73333333333333
4418,38.73333333333333,38.73333333333333
4419,38.73333333333333,38.73333333333333
4420,38.73333333333333,38.73333333333333
4421,38.73333333333333,38.73333333333333
4422,38.73333333333333,38.73333333333333
4423,38.73333333333333,38.73333333333333
4424,38.73333333333333,38.73333333333333
4425,38.73333333333333,38.73333333333333
4426,38.73333333333333,38.73333333333333
4427,38.73333333333333,38.73333333333333
4428,38.73333333333333,38.73333333333333
4429,38.73333333333333,38.73333333333333
4430,38.73333333333333,38.73333333333333
4431,38.73333333333333,38.73333333333333
4432,38.73333333333333,38.73333333333333
4433,38.73333333333333,38.73333333333333
4434,38.73333333333333,38.73333333333333
4435,38.73333333333333,38.73333333333333
4436,38.73333333333333,38.73333333333333
4437,38.73333333333333,38.73333333333333
4438,38.73333333333333,38.73333333333333
4439,38.73333333333333,38.73333333333333
4440,38.73333333333333,38.73333333333333
4441,38.73333333333333,38.73333333333333
4442,38.73333333333333,38.73333333333333
4443,38.73333333333333,38.73333333333333
4444,38.73333333333333,38.73333333333333
4445,38.73333333333333,38.73333333333333
4446,38.73333333333333,38.73333333333333
4447,38.73333333333333,38.73333333333333
4448,38.73333333333333,38.73333333333333
4449,38.73333333333333,38.73333333333333
4450,38.73333333333333,38.73333333333333
4451,38.73333333333333,38.73333333333333
4452,38.73333333333333,38.73333333333333
4453,38.73333333333333,38.73333333333333
4454,38.73333333333333,38.73333333333333
4455,38.73333333333333,38.73333333333333
4456,38.73333333333333,38.73333333333333
4457,38.73333333333333,38.73333333333333
4458,38.73333333333333,38.73333333333333
4459,38.73333333333333,38.73333333333333
4460,38.73333333333333,38.73333333333333
4461,38.73333333333333,38.73333333333333
4462,38.73333333333333,38.73333333333333
4463,38.73333333333333,38.73333333333333
4464,38.73333333333333,38.73333333333333
4465,38.73333333333333,38.73333333333333
4466,38.73333333333333,38.73333333333333
4467,38.73333333333333,38.73333333333333
4468,38.73333333333333,38.73333333333333
4469,38.73333333333333,38.73333333333333
4470,38.73333333333333,38.73333333333333
4471,38.73333333333333,38.73333333333333
4472,38.73333333333333,38.73333333333333
4473,38.73333333333333,38.73333333333333
4474,38.73333333333333,38.73333333333333
4475,38.73333333333333,38.73333333333333
4476,38.73333333333333,38.73333333333333
4477,38.73333333333333,38.73333333333333
4478,38.73333333333333,38.73333333333333
4479,38.73333333333333,38.73333333333333
4480,38.73333333333333,38.73333333333333
4481,38.73333333333333,38.73333333333333
4482,38.73333333333333,38.73333333333333
4483,38.73333333333333,38.73333333333333
4484,38.73333333333333,38.73333333333333
4485,38.73333333333333,38.73333333333333
4486,38.73333333333333,38.73333333333333
4487,38.73333333333333,38.73333333333333
4488,38.73333333333333,38.73333333333333
4489,38.73333333333333,38.73333333333333
4490,38.73333333333333,38.73333333333333
4491,38.73333333333333,38.73333333333333
4492,38.73333333333333,38.73333333333333
4493,38.73333333333333,38.73333333333333
4494,38.73333333333333,38.73333333333333
4495,38.73333333333333,38.73333333333333
4496,38.73333333333333,38.73333333333333
4497,38.73333333333333,38.73333333333333
4498,38.73333333333333,38.73333333333333
4499,38.73333333333333,38.73333333333333
4500,38.73333333333333,38.73333333333333
4501,38.73333333333333,38.73333333333333
4502,38.73333333333333,38.73333333333333
4503,38.73333333333333,38.73333333333333
4504,38.73333333333333,38.73333333333333
4505,38.73333333333333,38.73333333333333
4506,38.73333333333333,38.73333333333333
4507,38.73333333333333,38.73333333333333
4508,38.73333333333333,38.73333333333333
4509,38.73333333333333,38.73333333333333
4510,38.73333333333333,38.73333333333333
4511,38.73333333333333,38.73333333333333
4512,38.73333333333333,38.73333333333333
4513,38.73333333333333,38.73333333333333
4514,38.73333333333333,38.73333333333333
4515,38.73333333333333,38.73333333333333
4516,38.73333333333333,38.73333333333333
4517,38.73333333333333,38.73333333333333
4518,38.73333333333333,38.73333333333333
4519,38.73333333333333,38.73333333333333
4520,38.73333333333333,38.73333333333333
4521,38.73333333333333,38.73333333333333
4522,38.73333333333333,38.73333333333333
4523,38.73333333333333,38.73333333333333
4524,38.73333333333333,38.73333333333333
4525,38.73333333333333,38.73333333333333
4526,38.73333333333333,38.73333333333333
4527,38.73333333333333,38.73333333333333
4528,38.73333333333333,38.73333333333333
4529,38.73333333333333,38.73333333333333
4530,38.73333333333333,38.73333333333333
4531,38.73333333333333,38.73333333333333
4532,38.73333333333333,38.73333333333333
4533,38.73333333333333,38.73333333333333
4534,38.73333333333333,38.73333333333333
4535,38.73333333333333,38.73333333333333
4536,38.73333333333333,38.73333333333333
4537,38.73333333333333,38.73333333333333
4538,38.73333333333333,38.73333333333333
4539,38.73333333333333,38.73333333333333
4540,38.73333333333333,38.73333333333333
4541,38.73333333333333,38.73333333333333
4542,38.73333333333333,38.73333333333333
4543,38.73333333333333,38.73333333333333
4544,38.73333333333333,38.73333333333333
4545,38.73333333333333,38.73333333333333
4546,38.73333333333333,38.73333333333333
4547,38.73333333333333,38.73333333333333
4548,38.73333333333333,38.73333333333333
4549,38.73333333333333,38.73333333333333
4550,38.73333333333333,38.73333333333333
4551,38.73333333333333,38.73333333333333
4552,38.73333333333333,38.73333333333333
4553,38.73333333333333,38.73333333333333
4554,38.73333333333333,38.73333333333333
4555,38.73333333333333,38.73333333333333
4556,38.73333333333333,38.73333333333333
4557,38.73333333333333,38.73333333333333
4558,38.73333333333333,38.73333333333333
4559,38.73333333333333,38.73333333333333
4560,38.73333333333333,38.73333333333333
4561,38.73333333333333,38.73333333333333
4562,38.73333333333333,38.73333333333333
4563,38.73333333333333,38.73333333333333
4564,38.73333333333333,38.73333333333333
4565,38.73333333333333,38.73333333333333
4566,38.73333333333333,38.73333333333333
4567,38.73333333333333,38.73333333333333
4568,38.73333333333333,38.73333333333333
4569,38.73333333333333,38.73333333333333
4570,38.73333333333333,38.73333333333333
4571,38.73333333333333,38.73333333333333
4572,38.73333333333333,38.73333333333333
4573,38.73333333333333,38.73333333333333
4574,38.73333333333333,38.73333333333333
4575,38.73333333333333,38.73333333333333
4576,38.73333333333333,38.73333333333333
4577,38.73333333333333,38.73333333333333
4578,38.73333333333333,38.73333333333333
4579,38.73333333333333,38.73333333333333
4580,38.73333333333333,38.73333333333333
4581,38.73333333333333,38.73333333333333
4582,38.73333333333333,38.73333333333333
4583,38.73333333333333,38.73333333333333
4584,38.73333333333333,38.73333333333333
4585,38.73333333333333,38.73333333333333
4586,38.73333333333333,38.73333333333333
4587,38.73333333333333,38.73333333333333
4588,38.73333333333333,38.73333333333333
4589,38.73333333333333,38.73333333333333
4590,38.73333333333333,38.73333333333333
4591,38.73333333333333,38.73333333333333
4592,38.73333333333333,38.73333333333333
4593,38.73333333333333,38.73333333333333
4594,38.73333333333333,38.73333333333333
4595,38.73333333333333,38.73333333333333
4596,38.73333333333333,38.73333333333333
4597,38.73333333333333,38.73333333333333
4598,38.73333333333333,38.73333333333333
4599,38.73333333333333,38.73333333333333
4600,38.73333333333333,38.73333333333333
4601,38.73333333333333,38.73333333333333
4602,38.73333333333333,38.73333333333333
4603,38.73333333333333,38.73333333333333
4604,38.73333333333333,38.73333333333333
4605,38.73333333333333,38.73333333333333
4606,38.73333333333333,38.73333333333333
4607,38.73333333333333,38.73333333333333
4608,38.73333333333333,38.73333333333333
4609,38.73333333333333,38.73333333333333
4610,38.73333333333333,38.73333333333333
4611,38.73333333333333,38.73333333333333
4612,38.73333333333333,38.73333333333333
4613,38.73333333333333,38.73333333333333
4614,38.73333333333333,38.73333333333333
4615,38.73333333333333,38.73333333333333
4616,38.73333333333333,38.73333333333333
4617,38.73333333333333,38.73333333333333
4618,38.73333333333333,38.73333333333333
4619,38.73333333333333,38.73333333333333
4620,38.73333333333333,38.73333333333333
4621,38.73333333333333,38.73333333333333
4622,38.73333333333333,38.73333333333333
4623,38.73333333333333,38.73333333333333
4624,38.73333333333333,38.73333333333333
4625,38.73333333333333,38.73333333333333
4626,38.73333333333333,38.73333333333333
4627,38.73333333333333,38.73333333333333
4628,38.73333333333333,38.73333333333333
4629,38.73333333333333,38.73333333333333
4630,38.73333333333333,38.73333333333333
4631,38.73333333333333,38.73333333333333
4632,38.73333333333333,38.73333333333333
4633,38.73333333333333,38.73333333333333
4634,38.73333333333333,38.73333333333333
4635,38.73333333333333,38.73333333333333
4636,38.73333333333333,38.73333333333333
4637,38.73333333333333,38.73333333333333
4638,38.73333333333333,38.73333333333333
4639,38.73333333333333,38.73333333333333
4640,38.73333333333333,38.73333333333333
4641,38.73333333333333,38.73333333333333
4642,38.73333333333333,38.73333333333333
4643,38.73333333333333,38.73333333333333
4644,38.73333333333333,38.73333333333333
4645,38.73333333333333,38.73333333333333
4646,38.73333333333333,38.73333333333333
4647,38.73333333333333,38.73333333333333
4648,38.73333333333333,38.73333333333333
4649,38.73333333333333,38.73333333333333
4650,38.73333333333333,38.73333333333333
4651,38.73333333333333,38.73333333333333
4652,38.73333333333333,38.73333333333333
4653,38.73333333333333,38.73333333333333
4654,38.73333333333333,38.73333333333333
4655,38.73333333333333,38.73333333333333
4656,38.73333333333333,38.73333333333333
4657,38.73333333333333,38.73333333333333
4658,38.73333333333333,38.73333333333333
4659,38.73333333333333,38.73333333333333
4660,38.73333333333333,38.73333333333333
4661,38.73333333333333,38.73333333333333
4662,38.73333333333333,38.73333333333333
4663,38.73333333333333,38.73333333333333
4664,38.73333333333333,38.73333333333333
4665,38.73333333333333,38.73333333333333
4666,38.73333333333333,38.73333333333333
4667,38.73333333333333,38.73333333333333
4668,38.73333333333333,38.73333333333333
4669,38.73333333333333,38.73333333333333
4670,38.73333333333333,38.73333333333333
4671,38.73333333333333,38.73333333333333
4672,38.73333333333333,38.73333333333333
4673,38.73333333333333,38.73333333333333
4674,38.73333333333333,38.73333333333333
4675,38.73333333333333,38.73333333333333
4676,38.73333333333333,38.73333333333333
4677,38.73333333333333,38.73333333333333
4678,38.73333333333333,38.73333333333333
4679,38.73333333333333,38.73333333333333
4680,38.73333333333333,38.73333333333333
4681,38.73333333333333,38.73333333333333
4682,38.73333333333333,38.73333333333333
4683,38.73333333333333,38.73333333333333
4684,38.73333333333333,38.73333333333333
4685,38.73333333333333,38.73333333333333
4686,38.73333333333333,38.73333333333333
4687,38.73333333333333,38.73333333333333
4688,38.73333333333333,38.73333333333333
4689,38.73333333333333,38.73333333333333
4690,38.73333333333333,38.73333333333333
4691,38.73333333333333,38.73333333333333
4692,38.73333333333333,38.73333333333333
4693,38.73333333333333,38.73333333333333
4694,38.73333333333333,38.73333333333333
4695,38.73333333333333,38.73333333333333
4696,38.73333333333333,38.73333333333333
4697,38.73333333333333,38.73333333333333
4698,38.73333333333333,38.73333333333333
4699,38.73333333333333,38.73333333333333
4700,38.73333333333333,38.73333333333333
4701,38.73333333333333,38.73333333333333
4702,38.73333333333333,38.73333333333333
4703,38.73333333333333,38.73333333333333
4704,38.73333333333333,38.73333333333333
4705,38.73333333333333,38.73333333333333
4706,38.73333333333333,38.73333333333333
4707,38.73333333333333,38.73333333333333
4708,38.73333333333333,38.73333333333333
4709,38.73333333333333,38.73333333333333
4710,38.73333333333333,38.73333333333333
4711,38.73333333333333,38.73333333333333
4712,38.73333333333333,38.73333333333333
4713,38.73333333333333,38.73333333333333
4714,38.73333333333333,38.73333333333333
4715,38.73333333333333,38.73333333333333
4716,38.73333333333333,38.73333333333333
4717,38.73333333333333,38.73333333333333
4718,38.73333333333333,38.73333333333333
4719,38.73333333333333,38.73333333333333
4720,38.73333333333333,38.73333333333333
4721,38.73333333333333,38.73333333333333
4722,38.73333333333333,38.73333333333333
4723,38.73333333333333,38.73333333333333
4724,38.73333333333333,38.73333333333333
4725,38.73333333333333,38.73333333333333
4726,38.73333333333333,38.73333333333333
4727,38.73333333333333,38.73333333333333
4728,38.73333333333333,38.73333333333333
4729,38.73333333333333,38.73333333333333
4730,38.73333333333333,38.73333333333333
4731,38.73333333333333,38.73333333333333
4732,38.73333333333333,38.73333333333333
4733,38.73333333333333,38.73333333333333
4734,38.73333333333333,38.73333333333333
4735,38.73333333333333,38.73333333333333
4736,38.73333333333333,38.73333333333333
4737,38.73333333333333,38.73333333333333
4738,38.73333333333333,38.73333333333333
4739,38.73333333333333,38.73333333333333
4740,38.73333333333333,38.73333333333333
4741,38.73333333333333,38.73333333333333
4742,38.73333333333333,38.73333333333333
4743,38.73333333333333,38.73333333333333
4744,38.73333333333333,38.73333333333333
4745,38.73333333333333,38.73333333333333
4746,38.73333333333333,38.73333333333333
4747,38.73333333333333,38.73333333333333
4748,38.73333333333333,38.73333333333333
4749,38.73333333333333,38.73333333333333
4750,38.73333333333333,38.73333333333333
4751,38.73333333333333,38.73333333333333
4752,38.73333333333333,38.73333333333333
4753,38.73333333333333,38.73333333333333
4754,38.73333333333333,38.73333333333333
4755,38.73333333333333,38.73333333333333
4756,38.73333333333333,38.73333333333333
4757,38.73333333333333,38.73333333333333
4758,38.73333333333333,38.73333333333333
4759,38.73333333333333,38.73333333333333
4760,38.73333333333333,38.73333333333333
4761,38.73333333333333,38.73333333333333
4762,38.73333333333333,38.73333333333333
4763,38.73333333333333,38.73333333333333
4764,38.73333333333333,38.73333333333333
4765,38.73333333333333,38.73333333333333
4766,38.73333333333333,38.73333333333333
4767,38.73333333333333,38.73333333333333
4768,38.73333333333333,38.73333333333333
4769,38.73333333333333,38.73333333333333
4770,38.73333333333333,38.73333333333333
4771,38.73333333333333,38.73333333333333
4772,38.73333333333333,38.73333333333333
4773,38.73333333333333,38.73333333333333
4774,38.73333333333333,38.73333333333333
4775,38.73333333333333,38.73333333333333
4776,38.73333333333333,38.73333333333333
4777,38.73333333333333,38.73333333333333
4778,38.73333333333333,38.73333333333333
4779,38.73333333333333,38.73333333333333
4780,38.73333333333333,38.73333333333333
4781,38.73333333333333,38.73333333333333
4782,38.73333333333333,38.73333333333333
4783,38.73333333333333,38.73333333333333
4784,38.73333333333333,38.73333333333333
4785,38.73333333333333,38.73333333333333
4786,38.73333333333333,38.73333333333333
4787,38.73333333333333,38.73333333333333
4788,38.73333333333333,38.73333333333333
4789,38.73333333333333,38.73333333333333
4790,38.73333333333333,38.73333333333333
4791,38.73333333333333,38.73333333333333
4792,38.73333333333333,38.73333333333333
4793,38.73333333333333,38.73333333333333
4794,38.73333333333333,38.73333333333333
4795,38.73333333333333,38.73333333333333
4796,38.73333333333333,38.73333333333333
4797,38.73333333333333,38.73333333333333
4798,38.73333333333333,38.73333333333333
4799,38.73333333333333,38.73333333333333
4800,38.73333333333333,38.73333333333333
4801,38.73333333333333,38.73333333333333
4802,38.73333333333333,38.73333333333333
4803,38.73333333333333,38.73333333333333
4804,38.73333333333333,38.73333333333333
4805,38.73333333333333,38.73333333333333
4806,38.73333333333333,38.73333333333333
4807,38.73333333333333,38.73333333333333
4808,38.73333333333333,38.73333333333333
4809,38.73333333333333,38.73333333333333
4810,38.73333333333333,38.73333333333333
4811,38.73333333333333,38.73333333333333
4812,38.73333333333333,38.73333333333333
4813,38.73333333333333,38.73333333333333
4814,38.73333333333333,38.73333333333333
4815,38.73333333333333,38.73333333333333
4816,38.73333333333333,38.73333333333333
4817,38.73333333333333,38.73333333333333
4818,38.73333333333333,38.73333333333333
4819,38.73333333333333,38.73333333333333
4820,38.73333333333333,38.73333333333333
4821,38.73333333333333,38.73333333333333
4822,38.73333333333333,38.73333333333333
4823,38.73333333333333,38.73333333333333
4824,38.73333333333333,38.73333333333333
4825,38.73333333333333,38.73333333333333
4826,38.73333333333333,38.73333333333333
4827,38.73333333333333,38.73333333333333
4828,38.73333333333333,38.73333333333333
4829,38.73333333333333,38.73333333333333
4830,38.73333333333333,38.73333333333333
4831,38.73333333333333,38.73333333333333
4832,38.73333333333333,38.73333333333333
4833,38.73333333333333,38.73333333333333
4834,38.73333333333333,38.73333333333333
4835,38.73333333333333,38.73333333333333
4836,38.73333333333333,38.73333333333333
4837,38.73333333333333,38.73333333333333
4838,38.73333333333333,38.73333333333333
4839,38.73333333333333,38.73333333333333
4840,38.73333333333333,38.73333333333333
4841,38.73333333333333,38.73333333333333
4842,38.73333333333333,38.73333333333333
4843,38.73333333333333,38.73333333333333
4844,38.73333333333333,38.73333333333333
4845,38.73333333333333,38.73333333333333
4846,38.73333333333333,38.73333333333333
4847,38.73333333333333,38.73333333333333
4848,38.73333333333333,38.73333333333333
4849,38.73333333333333,38.73333333333333
4850,38.73333333333333,38.73333333333333
4851,38.73333333333333,38.73333333333333
4852,38.73333333333333,38.73333333333333
4853,38.73333333333333,38.73333333333333
4854,38.73333333333333,38.73333333333333
4855,38.73333333333333,38.73333333333333
4856,38.73333333333333,38.73333333333333
4857,38.73333333333333,38.73333333333333
4858,38.73333333333333,38.73333333333333
4859,38.73333333333333,38.73333333333333
4860,38.73333333333333,38.73333333333333
4861,38.73333333333333,38.73333333333333
4862,38.73333333333333,38.73333333333333
4863,38.73333333333333,38.73333333333333
4864,38.73333333333333,38.73333333333333
4865,38.73333333333333,38.73333333333333
4866,38.73333333333333,38.73333333333333
4867,38.73333333333333,38.73333333333333
4868,38.73333333333333,38.73333333333333
4869,38.73333333333333,38.73333333333333
4870,38.73333333333333,38.73333333333333
4871,38.73333333333333,38.73333333333333
4872,38.73333333333333,38.73333333333333
4873,38.73333333333333,38.73333333333333
4874,38.73333333333333,38.73333333333333
4875,38.73333333333333,38.73333333333333
4876,38.73333333333333,38.73333333333333
4877,38.73333333333333,38.73333333333333
4878,38.73333333333333,38.73333333333333
4879,38.73333333333333,38.73333333333333
4880,38.73333333333333,38.73333333333333
4881,38.73333333333333,38.73333333333333
4882,38.73333333333333,38.73333333333333
4883,38.73333333333333,38.73333333333333
4884,38.73333333333333,38.73333333333333
4885,38.73333333333333,38.73333333333333
4886,38.73333333333333,38.73333333333333
4887,38.73333333333333,38.73333333333333
4888,38.73333333333333,38.73333333333333
4889,38.73333333333333,38.73333333333333
4890,38.73333333333333,38.73333333333333
4891,38.73333333333333,38.73333333333333
4892,38.73333333333333,38.73333333333333
4893,38.73333333333333,38.73333333333333
4894,38.73333333333333,38.73333333333333
4895,38.73333333333333,38.73333333333333
4896,38.73333333333333,38.73333333333333
4897,38.73333333333333,38.73333333333333
4898,38.73333333333333,38.73333333333333
4899,38.73333333333333,38.73333333333333
4900,38.73333333333333,38.73333333333333
4901,38.73333333333333,38.73333333333333
4902,38.73333333333333,38.73333333333333
4903,38.73333333333333,38.73333333333333
4904,38.73333333333333,38.73333333333333
4905,38.73333333333333,38.73333333333333
4906,38.73333333333333,38.73333333333333
4907,38.73333333333333,38.73333333333333
4908,38.73333333333333,38.73333333333333
4909,38.73333333333333,38.73333333333333
4910,38.73333333333333,38.73333333333333
4911,38.73333333333333,38.73333333333333
4912,38.73333333333333,38.73333333333333
4913,38.73333333333333,38.73333333333333
4914,38.73333333333333,38.73333333333333
4915,38.73333333333333,38.73333333333333
4916,38.73333333333333,38.73333333333333
4917,38.73333333333333,38.73333333333333
4918,38.73333333333333,38.73333333333333
4919,38.73333333333333,38.73333333333333
4920,38.73333333333333,38.73333333333333
4921,38.73333333333333,38.73333333333333
4922,38.73333333333333,38.73333333333333
4923,38.73333333333333,38.73333333333333
4924,38.73333333333333,38.73333333333333
4925,38.73333333333333,38.73333333333333
4926,38.73333333333333,38.73333333333333
4927,38.73333333333333,38.73333333333333
4928,38.73333333333333,38.73333333333333
4929,38.73333333333333,38.73333333333333
4930,38.73333333333333,38.73333333333333
4931,38.73333333333333,38.73333333333333
4932,38.73333333333333,38.73333333333333
4933,38.73333333333333,38.73333333333333
4934,38.73333333333333,38.73333333333333
4935,38.73333333333333,38.73333333333333
4936,38.73333333333333,38.73333333333333
4937,38.73333333333333,38.73333333333333
4938,38.73333333333333,38.73333333333333
4939,38.73333333333333,38.73333333333333
4940,38.73333333333333,38.73333333333333
4941,38.73333333333333,38.73333333333333
4942,38.73333333333333,38.73333333333333
4943,38.73333333333333,38.73333333333333
4944,38.73333333333333,38.73333333333333
4945,38.73333333333333,38.73333333333333
4946,38.73333333333333,38.73333333333333
4947,38.73333333333333,38.73333333333333
4948,38.73333333333333,38.73333333333333
4949,38.73333333333333,38.73333333333333
4950,38.73333333333333,38.73333333333333
4951,38.73333333333333,38.73333333333333
4952,38.73333333333333,38.73333333333333
4953,38.73333333333333,38.73333333333333
4954,38.73333333333333,38.73333333333333
4955,38.73333333333333,38.73333333333333
4956,38.73333333333333,38.73333333333333
4957,38.73333333333333,38.73333333333333
4958,38.73333333333333,38.73333333333333
4959,38.73333333333333,38.73333333333333
4960,38.73333333333333,38.73333333333333
4961,38.73333333333333,38.73333333333333
4962,38.73333333333333,38.73333333333333
4963,38.73333333333333,38.73333333333333
4964,38.73333333333333,38.73333333333333
4965,38.73333333333333,38.73333333333333
4966,38.73333333333333,38.73333333333333
4967,38.73333333333333,38.73333333333333
4968,38.73333333333333,38.73333333333333
4969,38.73333333333333,38.73333333333333
4970,38.73333333333333,38.73333333333333
4971,38.73333333333333,38.73333333333333
4972,38.73333333333333,38.73333333333333
4973,38.73333333333333,38.73333333333333
4974,38.73333333333333,38.73333333333333
4975,38.73333333333333,38.73333333333333
4976,38.73333333333333,38.73333333333333
4977,38.73333333333333,38.73333333333333
4978,38.73333333333333,38.73333333333333
4979,38.73333333333333,38.73333333333333
4980,38.73333333333333,38.73333333333333
4981,38.73333333333333,38.73333333333333
4982,38.73333333333333,38.73333333333333
4983,38.73333333333333,38.73333333333333
4984,38.73333333333333,38.73333333333333
4985,38.73333333333333,38.73333333333333
4986,38.73333333333333,38.73333333333333
4987,38.73333333333333,38.73333333333333
4988,38.73333333333333,38.73333333333333
4989,38.73333333333333,38.73333333333333
4990,38.73333333333333,38.73333333333333
4991,38.73333333333333,38.73333333333333
4992,38.73333333333333,38.73333333333333
4993,38.73333333333333,38.73333333333333
4994,38.73333333333333,38.73333333333333
4995,38.73333333333333,38.73333333333333
4996,38.73333333333333,38.73333333333333
4997,38.73333333333333,38.73333333333333
4998,38.73333333333333,38.73333333333333
4999,38.73333333333333,38.73333333333333
